,Tempo 1,Tempo 2,Tempo 3,ID,grupo,Desempenho,Acuracia,Similaridade,Especificidade,Protocolo,Complexidade,Tempo_inicio,Delta_t1,Delta_t2,Delta_t3,d1_s,d2_s,d3_s,Trecho_eeg,idx_ini,idx_fim,n_amostras,_trecho_info,psd_delta_CZ,psd_theta_CZ,psd_alfa_CZ,psd_beta_CZ,psd_gamma_CZ,psd_delta_C3,psd_theta_C3,psd_alfa_C3,psd_beta_C3,psd_gamma_C3,psd_delta_C4,psd_theta_C4,psd_alfa_C4,psd_beta_C4,psd_gamma_C4,psd_trecho,psd_norm_delta_CZ,psd_norm_theta_CZ,psd_norm_alfa_CZ,psd_norm_beta_CZ,psd_norm_gamma_CZ,psd_norm_delta_C3,psd_norm_theta_C3,psd_norm_alfa_C3,psd_norm_beta_C3,psd_norm_gamma_C3,psd_norm_delta_C4,psd_norm_theta_C4,psd_norm_alfa_C4,psd_norm_beta_C4,psd_norm_gamma_C4,CZ,C3,C4,Proporção espacial x,Proporção espacial y
27,2019-01-08 17:56:19.135004,2019-01-08 17:56:28.350001,2019-01-08 17:56:53.349997,ID_05,CF,0.6653993493184877,0.75,0.8461980479554632,0.4,protB_CF,4,2019-01-08 17:55:57,0 days 00:00:22.135004,0 days 00:00:31.350001,0 days 00:00:56.349997,22.135004,31.350001,56.349997,"{'CZ': array([2.0854073, 2.1124382, 2.1624794, ..., 6.4217377, 5.946022 ,
       5.4074936], shape=(9215,), dtype=float32), 'C3': array([-0.33441734, -1.2901249 , -2.2416983 , ...,  0.9048748 ,
        0.38003254, -0.0239172 ], shape=(9215,), dtype=float32), 'C4': array([0.64287853, 0.6033745 , 0.71920395, ..., 2.7137184 , 2.629364  ,
       2.5736198 ], shape=(9215,), dtype=float32)}",22135.0,31350.0,9215.0,ok,4.233905183355091,3.5576799418777227,1.9307267357362434,2.5518142811051803,1.4059379559512308,2.143261895980686,2.2053825086914003,1.3641908808494918,2.6323150523239747,1.4456115311531903,2.2772977645217907,2.382535589276813,1.2892728409497067,1.5464548732779804,0.9597890937129705,"{'CZ': (array([0.00000000e+00, 4.88281250e-01, 9.76562500e-01, ...,
       4.99023438e+02, 4.99511719e+02, 5.00000000e+02], shape=(1025,)), array([9.2696864e-03, 3.5366665e-03, 3.6158734e-03, ..., 1.8571388e-16,
       9.5723683e-17, 7.9851477e-17], shape=(1025,), dtype=float32)), 'C3': (array([0.00000000e+00, 4.88281250e-01, 9.76562500e-01, ...,
       4.99023438e+02, 4.99511719e+02, 5.00000000e+02], shape=(1025,)), array([5.1025711e-03, 2.5145311e-03, 5.1403726e-03, ..., 1.2098259e-16,
       1.6302833e-16, 1.5919541e-16], shape=(1025,), dtype=float32)), 'C4': (array([0.00000000e+00, 4.88281250e-01, 9.76562500e-01, ...,
       4.99023438e+02, 4.99511719e+02, 5.00000000e+02], shape=(1025,)), array([5.2412269e-03, 2.0735865e-03, 4.0517799e-03, ..., 9.2206670e-17,
       1.4309321e-16, 2.8093929e-17], shape=(1025,), dtype=float32))}",9.193548244713806,3.3870062882451792,1.7146025286221802,0.28530354171001165,0.9054689069951323,1.8548982856617902,1.5174343252395583,0.8315829828622903,0.15797520351994285,0.3502087056875269,2.3411484144455357,2.219185266667594,1.0541571045427824,0.13909628293651888,0.396012736173195,"[9.2696864e-03 3.5366665e-03 3.6158734e-03 ... 1.8571388e-16 9.5723683e-17
 7.9851477e-17]","[5.1025711e-03 2.5145311e-03 5.1403726e-03 ... 1.2098259e-16 1.6302833e-16
 1.5919541e-16]","[5.2412269e-03 2.0735865e-03 4.0517799e-03 ... 9.2206670e-17 1.4309321e-16
 2.8093929e-17]",0.7769230769230769,0.9357622243528284
28,2019-01-08 17:58:35.173997,2019-01-08 17:58:43.200004,2019-01-08 17:59:08.200995,ID_05,CF,0.736197249936716,0.76,0.7610917498101478,0.6875,protB_CF,4,2019-01-08 17:55:57,0 days 00:02:38.173997,0 days 00:02:46.200004,0 days 00:03:11.200995,158.173997,166.200004,191.200995,"{'CZ': array([-1.491478  , -1.4667702 , -1.3055611 , ..., -1.511055  ,
       -0.86941147, -0.2132225 ], shape=(8026,), dtype=float32), 'C3': array([3.156067 , 3.1830673, 3.203102 , ..., 5.65012  , 5.225071 ,
       4.8131638], shape=(8026,), dtype=float32), 'C4': array([-3.5559983, -4.116325 , -4.567356 , ..., -2.7192574, -2.2844353,
       -1.8505249], shape=(8026,), dtype=float32)}",158174.0,166200.0,8026.0,ok,1.5285166582543752,1.9091183639829978,1.970715180505067,2.357958042921382,1.0395433965868506,1.883131088106893,1.8171867268392816,1.4677358194603585,2.9961944255774142,1.004641962254027,0.8227371649809356,0.7687832476221956,0.5777852256869664,1.3131237556081032,0.9024701981843464,"{'CZ': (array([0.00000000e+00, 4.88281250e-01, 9.76562500e-01, ...,
       4.99023438e+02, 4.99511719e+02, 5.00000000e+02], shape=(1025,)), array([6.1156577e-03, 2.6875467e-03, 5.2028038e-03, ..., 1.5735560e-16,
       7.5677504e-17, 1.2829244e-17], shape=(1025,), dtype=float32)), 'C3': (array([0.00000000e+00, 4.88281250e-01, 9.76562500e-01, ...,
       4.99023438e+02, 4.99511719e+02, 5.00000000e+02], shape=(1025,)), array([4.8341402e-03, 1.7780574e-03, 3.3603327e-03, ..., 2.1084368e-16,
       1.7475184e-16, 3.8092987e-17], shape=(1025,), dtype=float32)), 'C4': (array([0.00000000e+00, 4.88281250e-01, 9.76562500e-01, ...,
       4.99023438e+02, 4.99511719e+02, 5.00000000e+02], shape=(1025,)), array([5.9228330e-03, 2.2645926e-03, 1.6390277e-03, ..., 5.2920630e-17,
       5.4419819e-17, 1.5987211e-17], shape=(1025,), dtype=float32))}",3.3190378697556593,1.8175316524965262,1.750114694713436,0.26362960103731364,0.6694991191447383,1.629766587814789,1.250332540413514,0.8947018690233663,0.17981298391620312,0.24338098700672056,0.8458049883981703,0.7160742798817528,0.4724185457200134,0.11810925530181761,0.37236273556222305,"[6.1156577e-03 2.6875467e-03 5.2028038e-03 ... 1.5735560e-16 7.5677504e-17
 1.2829244e-17]","[4.8341402e-03 1.7780574e-03 3.3603327e-03 ... 2.1084368e-16 1.7475184e-16
 3.8092987e-17]","[5.9228330e-03 2.2645926e-03 1.6390277e-03 ... 5.2920630e-17 5.4419819e-17
 1.5987211e-17]",0.8403846153846154,0.8370086289549377
29,2019-01-08 18:00:50.125005,2019-01-08 18:00:57.865005,2019-01-08 18:01:22.865000,ID_05,CF,0.6089947022696526,0.75,0.8769841068089578,0.1999999999999999,protB_CF,4,2019-01-08 17:55:57,0 days 00:04:53.125005,0 days 00:05:00.865005,0 days 00:05:25.865000,293.125005,300.865005,325.865,"{'CZ': array([ 5.7170563,  5.5742645,  5.275635 , ..., -3.333826 , -3.1884747,
       -2.92869  ], shape=(7740,), dtype=float32), 'C3': array([ 1.9283981 ,  1.7838173 ,  1.6201439 , ..., -2.5580063 ,
       -1.466774  , -0.36948395], shape=(7740,), dtype=float32), 'C4': array([-1.0964689 , -0.88551426, -0.67911816, ..., -0.21638107,
       -0.41749382, -0.56159973], shape=(7740,), dtype=float32)}",293125.0,300865.0,7740.0,ok,1.2740221618514624,2.03918619081378,2.6881187804974616,2.8456528452807106,0.8882972243782206,1.5580446743115317,1.2211522116558626,1.842833407863509,2.6468158212082926,0.9247447238749373,0.8059127148953849,0.9923176694428548,0.8270282196463086,1.43744679462543,0.7792201531628962,"{'CZ': (array([0.00000000e+00, 4.88281250e-01, 9.76562500e-01, ...,
       4.99023438e+02, 4.99511719e+02, 5.00000000e+02], shape=(1025,)), array([1.3981558e-02, 5.5631506e-03, 2.2345905e-03, ..., 1.8637839e-16,
       7.6949635e-17, 8.6844118e-17], shape=(1025,), dtype=float32)), 'C3': (array([0.00000000e+00, 4.88281250e-01, 9.76562500e-01, ...,
       4.99023438e+02, 4.99511719e+02, 5.00000000e+02], shape=(1025,)), array([4.5465329e-03, 1.6647984e-03, 3.8233090e-03, ..., 7.8461926e-17,
       1.2051570e-16, 6.6181622e-17], shape=(1025,), dtype=float32)), 'C4': (array([0.00000000e+00, 4.88281250e-01, 9.76562500e-01, ...,
       4.99023438e+02, 4.99511719e+02, 5.00000000e+02], shape=(1025,)), array([8.5866153e-03, 3.0692236e-03, 1.7476304e-03, ..., 4.9645471e-17,
       1.0007937e-16, 6.2764605e-17], shape=(1025,), dtype=float32))}",2.7664257234344563,1.9413596962136146,2.387212634997852,0.31815592586312313,0.5720917579896801,1.348418688721458,0.8402253463995808,1.1233537210534177,0.15884544962276909,0.2240253663314842,0.8285088160419056,0.9242828362324429,0.6762088253990713,0.1292915231516558,0.3215092846508394,"[1.3981558e-02 5.5631506e-03 2.2345905e-03 ... 1.8637839e-16 7.6949635e-17
 8.6844118e-17]","[4.5465329e-03 1.6647984e-03 3.8233090e-03 ... 7.8461926e-17 1.2051570e-16
 6.6181622e-17]","[8.5866153e-03 3.0692236e-03 1.7476304e-03 ... 4.9645471e-17 1.0007937e-16
 6.2764605e-17]",0.9346153846153846,0.922339405560882
30,2019-01-08 18:03:04.127999,2019-01-08 18:03:11.894000,2019-01-08 18:03:36.893996,ID_05,CF,0.4790789102516173,0.625,0.8122367307548523,0.0,protB_CF,6,2019-01-08 17:55:57,0 days 00:07:07.127999,0 days 00:07:14.894000,0 days 00:07:39.893996,427.127999,434.894,459.893996,"{'CZ': array([ 0.9698906,  1.209713 ,  1.3936119, ..., -3.5507689, -3.1291718,
       -2.7910202], shape=(7766,), dtype=float32), 'C3': array([ 2.0135827,  2.0167532,  1.9947462, ..., -3.820263 , -3.20401  ,
       -2.5164185], shape=(7766,), dtype=float32), 'C4': array([-2.7215786, -2.3933525, -2.22365  , ..., -4.2579346, -4.3278885,
       -4.3700104], shape=(7766,), dtype=float32)}",427128.0,434894.0,7766.0,ok,1.6241373205048149,1.6984366229735315,2.1768303704448044,2.531847381760599,0.9634175273731671,0.7431759995597531,1.129010401200503,3.0524138419423252,2.831777343089925,1.0278932938945218,1.0438280914968345,1.1292829731246457,3.0918662378098816,4.12519960445934,2.433395262414706,"{'CZ': (array([0.00000000e+00, 4.88281250e-01, 9.76562500e-01, ...,
       4.99023438e+02, 4.99511719e+02, 5.00000000e+02], shape=(1025,)), array([3.0150565e-03, 1.3949345e-03, 1.5241933e-03, ..., 6.1168670e-17,
       9.8011585e-17, 5.3414066e-17], shape=(1025,), dtype=float32)), 'C3': (array([0.00000000e+00, 4.88281250e-01, 9.76562500e-01, ...,
       4.99023438e+02, 4.99511719e+02, 5.00000000e+02], shape=(1025,)), array([2.1861123e-03, 8.5897272e-04, 7.4840343e-04, ..., 6.5688193e-17,
       9.8515040e-17, 2.0354088e-17], shape=(1025,), dtype=float32)), 'C4': (array([0.00000000e+00, 4.88281250e-01, 9.76562500e-01, ...,
       4.99023438e+02, 4.99511719e+02, 5.00000000e+02], shape=(1025,)), array([1.6426127e-03, 6.7965203e-04, 1.3321551e-03, ..., 2.4584192e-16,
       1.8077711e-16, 4.3866142e-17], shape=(1025,), dtype=float32))}",3.526669626613822,1.6169570102365816,1.9331574937366496,0.2830711586004112,0.6204716302010089,0.6431859261406828,0.7768263009171517,1.860689323793091,0.16994569160816994,0.2490137718758572,1.0730948404872682,1.0518575869909588,2.5280240592692307,0.37104214372270894,1.0040284082952118,"[3.0150565e-03 1.3949345e-03 1.5241933e-03 ... 6.1168670e-17 9.8011585e-17
 5.3414066e-17]","[2.1861123e-03 8.5897272e-04 7.4840343e-04 ... 6.5688193e-17 9.8515040e-17
 2.0354088e-17]","[1.6426127e-03 6.7965203e-04 1.3321551e-03 ... 2.4584192e-16 1.8077711e-16
 4.3866142e-17]",0.9057692307692308,0.9376797698945348
31,2019-01-08 18:05:18.322001,2019-01-08 18:05:26.666997,2019-01-08 18:05:51.667002,ID_05,CF,0.4563182191888928,0.625,0.7439546575666784,0.0,protB_CF,6,2019-01-08 17:55:57,0 days 00:09:21.322001,0 days 00:09:29.666997,0 days 00:09:54.667002,561.322001,569.666997,594.667002,"{'CZ': array([-3.4262924, -4.150467 , -4.808998 , ..., -5.3598175, -5.498081 ,
       -5.4707947], shape=(8345,), dtype=float32), 'C3': array([ 0.7918587 ,  0.616333  ,  0.29022217, ..., -0.17981815,
        0.08668852,  0.38004732], shape=(8345,), dtype=float32), 'C4': array([ 0.35046768, -0.53779984, -1.4027443 , ..., -2.3803558 ,
       -3.1367035 , -3.734146  ], shape=(8345,), dtype=float32)}",561322.0,569667.0,8345.0,ok,1.4208994143700693,1.3613278861157596,2.0625314937205985,3.1684517743997276,1.2059596583640086,1.060843188497529,1.4516729133902118,2.831792371580377,4.520296410191804,1.1716871669023021,1.1416603501857026,1.2599442270584404,3.283019905211404,4.53367768204771,1.3460002994634124,"{'CZ': (array([0.00000000e+00, 4.88281250e-01, 9.76562500e-01, ...,
       4.99023438e+02, 4.99511719e+02, 5.00000000e+02], shape=(1025,)), array([8.3993664e-03, 3.5372295e-03, 3.9956323e-03, ..., 8.4847469e-17,
       7.2356142e-17, 9.4062327e-17], shape=(1025,), dtype=float32)), 'C3': (array([0.00000000e+00, 4.88281250e-01, 9.76562500e-01, ...,
       4.99023438e+02, 4.99511719e+02, 5.00000000e+02], shape=(1025,)), array([2.4855759e-03, 9.8915375e-04, 2.6922475e-03, ..., 1.1878462e-16,
       1.0123286e-16, 6.9235626e-17], shape=(1025,), dtype=float32)), 'C4': (array([0.00000000e+00, 4.88281250e-01, 9.76562500e-01, ...,
       4.99023438e+02, 4.99511719e+02, 5.00000000e+02], shape=(1025,)), array([2.9011464e-03, 1.1064856e-03, 3.1458021e-03, ..., 1.1774253e-16,
       6.7665776e-17, 7.3253573e-17], shape=(1025,), dtype=float32))}",3.085356603698237,1.2960204925584249,1.8316531537269454,0.3542462003081616,0.7766765020582174,0.9181128145796076,0.998837298798519,1.7262029678274156,0.27128012079711705,0.2838487638959333,1.173670110387981,1.1735605033961674,2.684318359552706,0.40778280989757254,0.5553649910923576,"[8.3993664e-03 3.5372295e-03 3.9956323e-03 ... 8.4847469e-17 7.2356142e-17
 9.4062327e-17]","[2.4855759e-03 9.8915375e-04 2.6922475e-03 ... 1.1878462e-16 1.0123286e-16
 6.9235626e-17]","[2.9011464e-03 1.1064856e-03 3.1458021e-03 ... 1.1774253e-16 6.7665776e-17
 7.3253573e-17]",0.9153846153846154,0.965484180249281
32,2019-01-08 18:07:34.174000,2019-01-08 18:07:41.949999,2019-01-08 18:08:06.950004,ID_05,CF,0.8128438052134682,0.75,0.7885314156404046,0.9,protB_CF,6,2019-01-08 17:55:57,0 days 00:11:37.174000,0 days 00:11:44.949999,0 days 00:12:09.950004,697.174,704.949999,729.950004,"{'CZ': array([6.144146 , 6.1974945, 5.9708138, ..., 1.4130325, 2.0339508,
       2.551178 ], shape=(7776,), dtype=float32), 'C3': array([4.1850777, 4.199421 , 4.1332436, ..., 5.214714 , 4.9195404,
       4.5769196], shape=(7776,), dtype=float32), 'C4': array([ 2.5491009,  2.1309662,  1.5665874, ..., -4.113125 , -3.9163055,
       -3.7249527], shape=(7776,), dtype=float32)}",697174.0,704950.0,7776.0,ok,1.6862158227013424,2.2570716391783208,1.6975167382042855,2.2976129857852357,1.204315991913063,0.7164554890550789,1.0609117161948234,2.0215909753460437,3.2287375252053607,1.3118675931309554,1.6313160194840748,2.2245994477998465,3.166548995068297,2.602267213660525,1.1130959373986116,"{'CZ': (array([0.00000000e+00, 4.88281250e-01, 9.76562500e-01, ...,
       4.99023438e+02, 4.99511719e+02, 5.00000000e+02], shape=(1025,)), array([5.1506348e-03, 2.2628906e-03, 4.1994471e-03, ..., 1.6594683e-16,
       6.1111607e-17, 6.0198757e-17], shape=(1025,), dtype=float32)), 'C3': (array([0.00000000e+00, 4.88281250e-01, 9.76562500e-01, ...,
       4.99023438e+02, 4.99511719e+02, 5.00000000e+02], shape=(1025,)), array([2.7877567e-03, 1.1541966e-03, 3.0242067e-03, ..., 6.9302588e-17,
       1.3554898e-16, 2.3351691e-17], shape=(1025,), dtype=float32)), 'C4': (array([0.00000000e+00, 4.88281250e-01, 9.76562500e-01, ...,
       4.99023438e+02, 4.99511719e+02, 5.00000000e+02], shape=(1025,)), array([2.17992812e-03, 8.67868948e-04, 1.54682377e-03, ...,
       1.03987800e-16, 1.06683184e-16, 2.92605447e-17],
      shape=(1025,), dtype=float32))}",3.661467568510832,2.148792460201462,1.5074978959120582,0.25688277049673874,0.7756179284145495,0.6200605072546026,0.7299703556450498,1.2323206942703673,0.19376877673000414,0.31780837515685106,1.677054697006971,2.0720774711670873,2.589087440618992,0.23406159654727052,0.4592677398398475,"[5.1506348e-03 2.2628906e-03 4.1994471e-03 ... 1.6594683e-16 6.1111607e-17
 6.0198757e-17]","[2.7877567e-03 1.1541966e-03 3.0242067e-03 ... 6.9302588e-17 1.3554898e-16
 2.3351691e-17]","[2.17992812e-03 8.67868948e-04 1.54682377e-03 ... 1.03987800e-16
 1.06683184e-16 2.92605447e-17]",0.9961538461538462,0.87248322147651
33,2019-01-08 18:09:48.297996,2019-01-08 18:09:56.324003,2019-01-08 18:10:21.323999,ID_05,CF,0.4703851430507793,0.5,0.911155429152338,0.0,protB_CF,8,2019-01-08 17:55:57,0 days 00:13:51.297996,0 days 00:13:59.324003,0 days 00:14:24.323999,831.297996,839.324003,864.323999,"{'CZ': array([2.5122805, 2.5546103, 2.615223 , ..., 3.2970753, 2.7267704,
       2.1656742], shape=(8026,), dtype=float32), 'C3': array([-2.5094223, -2.574173 , -2.6061172, ...,  1.3021889,  1.0962791,
        0.789196 ], shape=(8026,), dtype=float32), 'C4': array([0.36629868, 0.610363  , 0.7744217 , ..., 3.8776398 , 3.3889294 ,
       2.872488  ], shape=(8026,), dtype=float32)}",831298.0,839324.0,8026.0,ok,1.7057385339285247,1.007560480502434,2.834738857927732,2.549516888393555,1.1306219529387818,1.2144883767177816,1.8674320308491588,5.123613897012547,2.964293886179803,1.3090913362248102,2.3256348376889946,1.4793380541959777,2.9173196671763435,3.8249260069278535,1.3122511882102117,"{'CZ': (array([0.00000000e+00, 4.88281250e-01, 9.76562500e-01, ...,
       4.99023438e+02, 4.99511719e+02, 5.00000000e+02], shape=(1025,)), array([8.3831800e-03, 3.6761248e-03, 4.0080920e-03, ..., 1.8762779e-16,
       6.9223390e-17, 2.6546664e-17], shape=(1025,), dtype=float32)), 'C3': (array([0.00000000e+00, 4.88281250e-01, 9.76562500e-01, ...,
       4.99023438e+02, 4.99511719e+02, 5.00000000e+02], shape=(1025,)), array([5.1387404e-03, 1.9287411e-03, 3.5396481e-03, ..., 1.2308673e-16,
       1.8405964e-16, 1.1447633e-16], shape=(1025,), dtype=float32)), 'C4': (array([0.00000000e+00, 4.88281250e-01, 9.76562500e-01, ...,
       4.99023438e+02, 4.99511719e+02, 5.00000000e+02], shape=(1025,)), array([6.0456716e-03, 2.5677525e-03, 3.7660890e-03, ..., 2.0583536e-16,
       1.9773222e-16, 3.5983561e-17], shape=(1025,), dtype=float32))}",3.7038593982193304,0.9592244774688532,2.51742016300044,0.28504668356709006,0.7281566157444946,1.0510859228891383,1.2849042977781466,3.123250702906913,0.17789851163474715,0.31713580903738914,2.3908407576987245,1.3779123506351942,2.3853083348214987,0.34403395744949833,0.5414399757131033,"[8.3831800e-03 3.6761248e-03 4.0080920e-03 ... 1.8762779e-16 6.9223390e-17
 2.6546664e-17]","[5.1387404e-03 1.9287411e-03 3.5396481e-03 ... 1.2308673e-16 1.8405964e-16
 1.1447633e-16]","[6.0456716e-03 2.5677525e-03 3.7660890e-03 ... 2.0583536e-16 1.9773222e-16
 3.5983561e-17]",0.9519230769230768,0.8034515819750719
34,2019-01-08 18:12:03.147003,2019-01-08 18:12:10.909001,2019-01-08 18:12:35.908996,ID_05,CF,0.5314858431944031,0.75,0.8444575295832093,0.0,protB_CF,8,2019-01-08 17:55:57,0 days 00:16:06.147003,0 days 00:16:13.909001,0 days 00:16:38.908996,966.147003,973.909001,998.908996,"{'CZ': array([-6.1593943, -6.0255313, -5.8086996, ...,  1.9197598,  1.5173855,
        1.1510429], shape=(7762,), dtype=float32), 'C3': array([-0.39392853, -1.3302307 , -2.1430168 , ...,  2.9512806 ,
        2.9743443 ,  3.1347237 ], shape=(7762,), dtype=float32), 'C4': array([-6.6158333, -6.623272 , -6.6966743, ..., -9.555811 , -9.427801 ,
       -9.023539 ], shape=(7762,), dtype=float32)}",966147.0,973909.0,7762.0,ok,1.8343220199312782,3.085066331550479,2.6591999776428565,3.1028594203235116,1.2264692388725962,1.387582698953338,2.570187352830544,2.86815689469222,5.400464880949585,2.694992852411815,2.1684097482648212,3.320676274597645,3.640528622781858,5.976331009151181,3.089977034051117,"{'CZ': (array([0.00000000e+00, 4.88281250e-01, 9.76562500e-01, ...,
       4.99023438e+02, 4.99511719e+02, 5.00000000e+02], shape=(1025,)), array([2.7988760e-03, 1.2427076e-03, 2.9058373e-03, ..., 1.1241007e-16,
       1.6459962e-16, 2.8779447e-17], shape=(1025,), dtype=float32)), 'C3': (array([0.00000000e+00, 4.88281250e-01, 9.76562500e-01, ...,
       4.99023438e+02, 4.99511719e+02, 5.00000000e+02], shape=(1025,)), array([1.4596182e-02, 6.3956771e-03, 3.3604887e-03, ..., 1.6036748e-16,
       8.6301719e-17, 1.6776703e-17], shape=(1025,), dtype=float32)), 'C4': (array([0.00000000e+00, 4.88281250e-01, 9.76562500e-01, ...,
       4.99023438e+02, 4.99511719e+02, 5.00000000e+02], shape=(1025,)), array([4.2109587e-03, 1.5068302e-03, 2.8763588e-03, ..., 1.3362151e-16,
       2.6144241e-16, 3.4453922e-17], shape=(1025,), dtype=float32))}",3.983066992826593,2.9370655132906545,2.361530982808826,0.3469126999568207,0.7898853263647457,1.2008913956475717,1.7684417538052597,1.7483700406500107,0.32410236681855725,0.6528793789624684,2.2292074067373693,3.0930055765490367,2.9766306945315937,0.5375426359575108,1.2749366167864176,"[2.7988760e-03 1.2427076e-03 2.9058373e-03 ... 1.1241007e-16 1.6459962e-16
 2.8779447e-17]","[1.4596182e-02 6.3956771e-03 3.3604887e-03 ... 1.6036748e-16 8.6301719e-17
 1.6776703e-17]","[4.2109587e-03 1.5068302e-03 2.8763588e-03 ... 1.3362151e-16 2.6144241e-16
 3.4453922e-17]",1.0057692307692307,0.7833173537871524
35,2019-01-08 18:14:17.280997,2019-01-08 18:14:25.096002,2019-01-08 18:14:50.095001,ID_05,CF,0.894287334470372,0.9375,0.7453620034111159,1.0,protB_CF,8,2019-01-08 17:55:57,0 days 00:18:20.280997,0 days 00:18:28.096002,0 days 00:18:53.095001,1100.280997,1108.096002,1133.095001,"{'CZ': array([10.103416  , 11.376095  , 12.764767  , ..., -2.9810333 ,
       -1.9492111 , -0.74620056], shape=(7815,), dtype=float32), 'C3': array([11.482592 , 12.522053 , 13.843264 , ..., -4.8000717, -4.8468704,
       -4.6661453], shape=(7815,), dtype=float32), 'C4': array([ 9.283565 , 10.136102 , 11.037063 , ..., -5.5312347, -4.6833115,
       -3.8250732], shape=(7815,), dtype=float32)}",1100281.0,1108096.0,7815.0,ok,20.784134918358177,19.78039206005633,8.228133374359459,16.351231970475055,6.792653319280362,21.949499612674117,21.335635567083955,8.332134340889752,20.701917732367292,7.993849083504756,21.345217886846513,21.369437221437693,11.339094024151564,17.853739380370826,9.2421942990768,"{'CZ': (array([0.00000000e+00, 4.88281250e-01, 9.76562500e-01, ...,
       4.99023438e+02, 4.99511719e+02, 5.00000000e+02], shape=(1025,)), array([5.9915375e-02, 1.4600087e-02, 9.4653748e-02, ..., 1.9188602e-15,
       5.7168196e-16, 2.6842726e-16], shape=(1025,), dtype=float32)), 'C3': (array([0.00000000e+00, 4.88281250e-01, 9.76562500e-01, ...,
       4.99023438e+02, 4.99511719e+02, 5.00000000e+02], shape=(1025,)), array([4.8944291e-02, 1.2164469e-02, 7.8703858e-02, ..., 1.0993675e-15,
       5.2688875e-16, 1.9974145e-16], shape=(1025,), dtype=float32)), 'C4': (array([0.00000000e+00, 4.88281250e-01, 9.76562500e-01, ...,
       4.99023438e+02, 4.99511719e+02, 5.00000000e+02], shape=(1025,)), array([6.29826486e-02, 1.48399072e-02, 1.06977455e-01, ...,
       1.25450270e-15, 7.25765146e-16, 4.70537178e-16],
      shape=(1025,), dtype=float32))}",45.130898974253476,18.831461341630842,7.30708185078169,1.8281363291368076,4.37468549061563,18.996320178619104,14.680186150340718,5.079099432545517,1.2424005493326222,1.9365614348430105,21.943692998916582,19.904315575486184,9.271262175842468,1.6058591991520286,3.813365536862681,"[5.9915375e-02 1.4600087e-02 9.4653748e-02 ... 1.9188602e-15 5.7168196e-16
 2.6842726e-16]","[4.8944291e-02 1.2164469e-02 7.8703858e-02 ... 1.0993675e-15 5.2688875e-16
 1.9974145e-16]","[6.29826486e-02 1.48399072e-02 1.06977455e-01 ... 1.25450270e-15
 7.25765146e-16 4.70537178e-16]",0.9346153846153846,0.8887823585810163
36,2019-01-08 17:57:05.379996,2019-01-08 17:57:13.314000,2019-01-08 17:57:38.315001,ID_05,CF,0.6278724462171376,0.6875,0.7961173386514129,0.4,protB_CF,4,2019-01-08 17:55:57,0 days 00:01:08.379996,0 days 00:01:16.314000,0 days 00:01:41.315001,68.379996,76.314,101.315001,"{'CZ': array([-0.88375854, -0.4104309 , -0.07584381, ..., -2.3994637 ,
       -1.9519272 , -1.5449772 ], shape=(7934,), dtype=float32), 'C3': array([-2.239128 , -2.530037 , -2.8095093, ...,  1.3022671,  2.01165  ,
        2.5945702], shape=(7934,), dtype=float32), 'C4': array([ 0.02598572,  0.17128754,  0.25151825, ..., -3.166111  ,
       -3.842907  , -4.3689804 ], shape=(7934,), dtype=float32)}",68380.0,76314.0,7934.0,ok,3.2103044886753196,1.9013164419448003,1.2027521115669515,2.6539439604675863,2.262323254853982,0.9465199491387466,1.1541195708559826,2.2474027500720695,3.169091694871895,2.4113587155625282,1.6246510749624576,0.9616878887754865,1.7136494570877403,1.7711991204123478,1.467348291498638,"{'CZ': (array([0.00000000e+00, 4.88281250e-01, 9.76562500e-01, ...,
       4.99023438e+02, 4.99511719e+02, 5.00000000e+02], shape=(1025,)), array([1.3815348e-02, 4.7303415e-03, 4.3265703e-03, ..., 1.3079662e-16,
       1.1519219e-16, 3.7303493e-17], shape=(1025,), dtype=float32)), 'C3': (array([0.00000000e+00, 4.88281250e-01, 9.76562500e-01, ...,
       4.99023438e+02, 4.99511719e+02, 5.00000000e+02], shape=(1025,)), array([7.5448831e-03, 3.0356434e-03, 6.1520687e-03, ..., 1.8172038e-16,
       1.3588329e-16, 7.1054277e-18], shape=(1025,), dtype=float32)), 'C4': (array([0.00000000e+00, 4.88281250e-01, 9.76562500e-01, ...,
       4.99023438e+02, 4.99511719e+02, 5.00000000e+02], shape=(1025,)), array([7.7672130e-03, 2.7308848e-03, 3.8492654e-03, ..., 8.5191113e-17,
       1.6343031e-16, 1.9145178e-17], shape=(1025,), dtype=float32))}",6.97089044716629,1.8101040144190472,1.068116877250352,0.2967220683056003,1.4570083666717382,0.8191711121700301,0.7941029029412133,1.3699709540896994,0.19018920437686718,0.5841671822110013,1.6702028814287706,0.8957530806710933,1.4011431037004147,0.15931096228341346,0.6054336474979949,"[1.3815348e-02 4.7303415e-03 4.3265703e-03 ... 1.3079662e-16 1.1519219e-16
 3.7303493e-17]","[7.5448831e-03 3.0356434e-03 6.1520687e-03 ... 1.8172038e-16 1.3588329e-16
 7.1054277e-18]","[7.7672130e-03 2.7308848e-03 3.8492654e-03 ... 8.5191113e-17 1.6343031e-16
 1.9145178e-17]",0.8807692307692307,0.9386385426653884
37,2019-01-08 17:59:20.215997,2019-01-08 17:59:28.252003,2019-01-08 17:59:53.253004,ID_05,CF,0.3757930938958776,0.4375,0.6898792816876329,0.0,protB_CF,4,2019-01-08 17:55:57,0 days 00:03:23.215997,0 days 00:03:31.252003,0 days 00:03:56.253004,203.215997,211.252003,236.253004,"{'CZ': array([ 2.2074432 ,  2.4325333 ,  2.6906738 , ...,  0.34239197,
       -0.11078262, -0.4669609 ], shape=(8036,), dtype=float32), 'C3': array([-0.57388306, -0.07588577,  0.504653  , ..., -1.7285948 ,
       -1.7382383 , -1.6628876 ], shape=(8036,), dtype=float32), 'C4': array([-0.9488182 , -0.86081314, -0.81165314, ...,  0.7052059 ,
        0.96253395,  1.1481857 ], shape=(8036,), dtype=float32)}",203216.0,211252.0,8036.0,ok,1.4972569624660537,1.1694508866639808,1.7099373799283057,1.906868474179646,0.8439152869641475,0.9129212412517518,1.8689807038754225,1.661367052292917,1.6120395112011465,0.9086396220254755,0.6539598725794349,0.6945179484318942,0.863637549628038,1.4609025438403478,0.8109996399525699,"{'CZ': (array([0.00000000e+00, 4.88281250e-01, 9.76562500e-01, ...,
       4.99023438e+02, 4.99511719e+02, 5.00000000e+02], shape=(1025,)), array([3.6606335e-03, 1.4604311e-03, 2.4546238e-03, ..., 1.1501911e-16,
       9.5907847e-17, 6.0198757e-17], shape=(1025,), dtype=float32)), 'C3': (array([0.00000000e+00, 4.88281250e-01, 9.76562500e-01, ...,
       4.99023438e+02, 4.99511719e+02, 5.00000000e+02], shape=(1025,)), array([5.1937499e-03, 1.9675663e-03, 2.5338347e-03, ..., 1.0177199e-16,
       9.6218198e-17, 3.0000693e-17], shape=(1025,), dtype=float32)), 'C4': (array([0.00000000e+00, 4.88281250e-01, 9.76562500e-01, ...,
       4.99023438e+02, 4.99511719e+02, 5.00000000e+02], shape=(1025,)), array([3.7182805e-03, 1.4019812e-03, 1.0662092e-03, ..., 6.4226399e-17,
       5.1192941e-17, 3.2369169e-17], shape=(1025,), dtype=float32))}",3.25116022278453,1.1133484663137638,1.518528179645605,0.213195894892084,0.5435083740711076,0.7900929179573152,1.285969876923426,1.0127355257752229,0.09674460115986432,0.22012380166343914,0.6722955349327567,0.6469007243934156,0.706141966055601,0.13140125657205012,0.33462162526837325,"[3.6606335e-03 1.4604311e-03 2.4546238e-03 ... 1.1501911e-16 9.5907847e-17
 6.0198757e-17]","[5.1937499e-03 1.9675663e-03 2.5338347e-03 ... 1.0177199e-16 9.6218198e-17
 3.0000693e-17]","[3.7182805e-03 1.4019812e-03 1.0662092e-03 ... 6.4226399e-17 5.1192941e-17
 3.2369169e-17]",0.8596153846153847,0.8024928092042186
38,2019-01-08 18:01:34.880002,2019-01-08 18:01:42.487002,2019-01-08 18:02:07.486997,ID_05,CF,0.4899122638333068,0.625,0.8447367914999205,0.0,protB_CF,4,2019-01-08 17:55:57,0 days 00:05:37.880002,0 days 00:05:45.487002,0 days 00:06:10.486997,337.880002,345.487002,370.486997,"{'CZ': array([-1.9820938, -1.753418 , -1.525238 , ..., -2.2968216, -3.2737732,
       -4.246811 ], shape=(7607,), dtype=float32), 'C3': array([ 4.4576335,  5.0374513,  5.457636 , ..., -1.7280197, -2.358574 ,
       -2.9359798], shape=(7607,), dtype=float32), 'C4': array([-0.02919006,  0.30762482,  0.6446686 , ..., -0.73872566,
       -0.9590492 , -1.0953722 ], shape=(7607,), dtype=float32)}",337880.0,345487.0,7607.0,ok,2.6819701633939985,1.6027247620513663,1.1804675377788953,2.3738704003335442,0.8895756601532412,1.586410811796668,1.416009254171513,4.65307553531602,2.924572461779462,0.7931911810601378,0.6990606707404368,0.7533182215411216,2.022973436396569,1.1932800925933407,0.616967923519951,"{'CZ': (array([0.00000000e+00, 4.88281250e-01, 9.76562500e-01, ...,
       4.99023438e+02, 4.99511719e+02, 5.00000000e+02], shape=(1025,)), array([1.3771231e-02, 4.9733487e-03, 3.4455389e-03, ..., 1.1055354e-16,
       4.9270772e-17, 3.6131593e-17], shape=(1025,), dtype=float32)), 'C3': (array([0.00000000e+00, 4.88281250e-01, 9.76562500e-01, ...,
       4.99023438e+02, 4.99511719e+02, 5.00000000e+02], shape=(1025,)), array([1.53260864e-03, 6.12844480e-04, 2.27351207e-03, ...,
       2.30323478e-16, 1.07431895e-16, 1.14871075e-16],
      shape=(1025,), dtype=float32)), 'C4': (array([0.00000000e+00, 4.88281250e-01, 9.76562500e-01, ...,
       4.99023438e+02, 4.99511719e+02, 5.00000000e+02], shape=(1025,)), array([2.1760960e-03, 1.0205376e-03, 1.6729198e-03, ..., 7.6714867e-17,
       7.4030289e-17, 2.3141981e-17], shape=(1025,), dtype=float32))}",5.823659486986147,1.52583676330624,1.0483268231432397,0.2654086693497142,0.572915111423572,1.3729683249048374,0.9742985802547636,2.8364200988736474,0.17551467840087726,0.19215567314978427,0.7186608648205811,0.7016695598925891,1.6540578165812443,0.10732988608329287,0.2545633797306906,"[1.3771231e-02 4.9733487e-03 3.4455389e-03 ... 1.1055354e-16 4.9270772e-17
 3.6131593e-17]","[1.53260864e-03 6.12844480e-04 2.27351207e-03 ... 2.30323478e-16
 1.07431895e-16 1.14871075e-16]","[2.1760960e-03 1.0205376e-03 1.6729198e-03 ... 7.6714867e-17 7.4030289e-17
 2.3141981e-17]",0.9903846153846154,0.9050814956855224
39,2019-01-08 18:03:48.908002,2019-01-08 18:03:56.544000,2019-01-08 18:04:21.544005,ID_05,CF,0.5056281779181734,0.75,0.7668845337545204,0.0,protB_CF,6,2019-01-08 17:55:57,0 days 00:07:51.908002,0 days 00:07:59.544000,0 days 00:08:24.544005,471.908002,479.544,504.544005,"{'CZ': array([ 4.299832 ,  4.1027365,  3.9969358, ..., -1.9628124, -1.586853 ,
       -1.231102 ], shape=(7636,), dtype=float32), 'C3': array([-4.5056305, -5.31514  , -5.8193665, ..., -3.8031516, -3.8067765,
       -3.7227385], shape=(7636,), dtype=float32), 'C4': array([-0.14090729, -0.18798065, -0.09503937, ...,  3.7139893 ,
        3.375517  ,  2.9408817 ], shape=(7636,), dtype=float32)}",471908.0,479544.0,7636.0,ok,2.4241331357188756,1.7825636314228177,1.7578425467945635,1.7298524462603382,0.876421681255124,1.2207528543513035,1.7272635886911303,1.5656910836696625,3.049272076168563,1.0072160184790846,1.0726241243901313,1.6258080140687525,2.8789533535018563,3.1441398641618434,1.5322232152357174,"{'CZ': (array([0.00000000e+00, 4.88281250e-01, 9.76562500e-01, ...,
       4.99023438e+02, 4.99511719e+02, 5.00000000e+02], shape=(1025,)), array([6.3884878e-03, 2.1544816e-03, 2.6005975e-03, ..., 7.8159701e-17,
       1.0074136e-16, 4.6974770e-17], shape=(1025,), dtype=float32)), 'C3': (array([0.00000000e+00, 4.88281250e-01, 9.76562500e-01, ...,
       4.99023438e+02, 4.99511719e+02, 5.00000000e+02], shape=(1025,)), array([3.5820259e-03, 1.4471052e-03, 4.4725616e-03, ..., 5.0793088e-17,
       1.4954704e-16, 4.6777398e-17], shape=(1025,), dtype=float32)), 'C4': (array([0.00000000e+00, 4.88281250e-01, 9.76562500e-01, ...,
       4.99023438e+02, 4.99511719e+02, 5.00000000e+02], shape=(1025,)), array([2.3670802e-03, 8.0507091e-04, 2.3887919e-03, ..., 1.6932754e-16,
       2.4292180e-16, 3.0444783e-17], shape=(1025,), dtype=float32))}",5.26378933152687,1.6970481683182719,1.5610708754723301,0.1934047603731001,0.5644435292708185,1.05650755094345,1.1884600734280792,0.9544134034880392,0.18299837490771625,0.24400456870866316,1.1026982537082968,1.5143401036651996,2.3539386193892824,0.2828004720308646,0.6322012949180762,"[6.3884878e-03 2.1544816e-03 2.6005975e-03 ... 7.8159701e-17 1.0074136e-16
 4.6974770e-17]","[3.5820259e-03 1.4471052e-03 4.4725616e-03 ... 5.0793088e-17 1.4954704e-16
 4.6777398e-17]","[2.3670802e-03 8.0507091e-04 2.3887919e-03 ... 1.6932754e-16 2.4292180e-16
 3.0444783e-17]",0.9307692307692308,0.9022051773729626
40,2019-01-08 18:06:03.683996,2019-01-08 18:06:11.946001,2019-01-08 18:06:36.945996,ID_05,CF,0.4835230008582039,0.6875,0.7630690025746119,0.0,protB_CF,6,2019-01-08 17:55:57,0 days 00:10:06.683996,0 days 00:10:14.946001,0 days 00:10:39.945996,606.683996,614.946001,639.945996,"{'CZ': array([-2.5121307 , -2.2551355 , -1.9741802 , ..., -0.24157715,
       -0.58359146, -0.8291931 ], shape=(8262,), dtype=float32), 'C3': array([-2.8339386e-01, -1.2474060e-03,  2.9156494e-01, ...,
       -3.9512711e+00, -4.7374344e+00, -5.4611702e+00],
      shape=(8262,), dtype=float32), 'C4': array([0.2345581 , 0.51335144, 0.7700653 , ..., 1.2898712 , 0.9952316 ,
       0.79188156], shape=(8262,), dtype=float32)}",606684.0,614946.0,8262.0,ok,1.7610287195566343,2.101247606333345,2.3979359539225698,2.483000589563744,1.0971848869303358,0.7582671105410554,1.4454225893132389,2.3511129693361,3.8586645350733306,0.960365415949127,1.2938746049258043,1.3943694793852046,1.6230050678132102,2.7791039428848308,1.1954725196119398,"{'CZ': (array([0.00000000e+00, 4.88281250e-01, 9.76562500e-01, ...,
       4.99023438e+02, 4.99511719e+02, 5.00000000e+02], shape=(1025,)), array([7.5915279e-03, 2.6970808e-03, 3.0244216e-03, ..., 1.0134750e-16,
       1.7076982e-16, 4.3647628e-17], shape=(1025,), dtype=float32)), 'C3': (array([0.00000000e+00, 4.88281250e-01, 9.76562500e-01, ...,
       4.99023438e+02, 4.99511719e+02, 5.00000000e+02], shape=(1025,)), array([3.6978282e-03, 2.0630222e-03, 2.9672936e-03, ..., 7.0166092e-17,
       1.1630709e-16, 1.4566126e-16], shape=(1025,), dtype=float32)), 'C4': (array([0.00000000e+00, 4.88281250e-01, 9.76562500e-01, ...,
       4.99023438e+02, 4.99511719e+02, 5.00000000e+02], shape=(1025,)), array([5.9259860e-03, 1.8657587e-03, 2.1770704e-03, ..., 1.3788970e-16,
       5.4993753e-17, 2.9648241e-17], shape=(1025,), dtype=float32))}",3.823917114917748,2.000443820715051,2.12951267207777,0.2776098823162688,0.7066220782610767,0.6562466145896515,0.9945367041121589,1.4331905919714452,0.23157308419644718,0.23265470844599034,1.3301521333770252,1.2987693526466326,1.3270289023415305,0.24996722182401349,0.49325664003946995,"[7.5915279e-03 2.6970808e-03 3.0244216e-03 ... 1.0134750e-16 1.7076982e-16
 4.3647628e-17]","[3.6978282e-03 2.0630222e-03 2.9672936e-03 ... 7.0166092e-17 1.1630709e-16
 1.4566126e-16]","[5.9259860e-03 1.8657587e-03 2.1770704e-03 ... 1.3788970e-16 5.4993753e-17
 2.9648241e-17]",0.925,0.8830297219558965
41,2019-01-08 18:08:18.964000,2019-01-08 18:08:26.616997,2019-01-08 18:08:51.617002,ID_05,CF,0.822996737099337,0.6875,0.781490211298011,1.0,protB_CF,6,2019-01-08 17:55:57,0 days 00:12:21.964000,0 days 00:12:29.616997,0 days 00:12:54.617002,741.964,749.616997,774.617002,"{'CZ': array([ 6.714859  ,  7.3767166 ,  8.039391  , ..., -0.83461   ,
       -0.10321808,  0.66794586], shape=(7653,), dtype=float32), 'C3': array([2.0371628 , 2.4733276 , 2.8932953 , ..., 1.292244  , 0.6745682 ,
       0.08617401], shape=(7653,), dtype=float32), 'C4': array([-0.6248436 , -0.6325779 , -0.5013542 , ..., -1.4519463 ,
       -0.92728806, -0.35621643], shape=(7653,), dtype=float32)}",741964.0,749617.0,7653.0,ok,1.2550309929793002,1.5664466482121497,2.8609883738681674,3.4063089296978433,1.1138235831822385,1.121830894589948,1.7651766538619995,1.7757082678144798,3.2993513104884187,1.1665933554922958,1.336873045147513,1.253786831512116,2.544480870710686,3.7048881822556723,1.0133986754681246,"{'CZ': (array([0.00000000e+00, 4.88281250e-01, 9.76562500e-01, ...,
       4.99023438e+02, 4.99511719e+02, 5.00000000e+02], shape=(1025,)), array([6.2606409e-03, 1.5985640e-03, 3.8558051e-03, ..., 7.6408017e-17,
       1.4958184e-16, 2.7829588e-17], shape=(1025,), dtype=float32)), 'C3': (array([0.00000000e+00, 4.88281250e-01, 9.76562500e-01, ...,
       4.99023438e+02, 4.99511719e+02, 5.00000000e+02], shape=(1025,)), array([5.2026263e-03, 2.5896057e-03, 2.0736740e-03, ..., 1.4448560e-16,
       1.4365977e-16, 3.3356035e-17], shape=(1025,), dtype=float32)), 'C4': (array([0.00000000e+00, 4.88281250e-01, 9.76562500e-01, ...,
       4.99023438e+02, 4.99511719e+02, 5.00000000e+02], shape=(1025,)), array([4.7260132e-03, 1.6509675e-03, 1.3064435e-03, ..., 1.4297976e-16,
       1.9465294e-16, 7.8949187e-18], shape=(1025,), dtype=float32))}",2.7251880906371686,1.4912990303717115,2.540731326394785,0.3808396281019077,0.7173379295867074,0.9708949741884829,1.2145465170443652,1.0824356025037167,0.19800657763136514,0.2826147552688081,1.3743561596211837,1.1678252684057866,2.080461560996698,0.3332371243105564,0.4181322594049396,"[6.2606409e-03 1.5985640e-03 3.8558051e-03 ... 7.6408017e-17 1.4958184e-16
 2.7829588e-17]","[5.2026263e-03 2.5896057e-03 2.0736740e-03 ... 1.4448560e-16 1.4365977e-16
 3.3356035e-17]","[4.7260132e-03 1.6509675e-03 1.3064435e-03 ... 1.4297976e-16 1.9465294e-16
 7.8949187e-18]",0.9865384615384616,0.8849472674976031
42,2019-01-08 18:10:33.337995,2019-01-08 18:10:41.222000,2019-01-08 18:11:06.222005,ID_05,CF,0.4703851430507793,0.5,0.911155429152338,0.0,protB_CF,8,2019-01-08 17:55:57,0 days 00:14:36.337995,0 days 00:14:44.222000,0 days 00:15:09.222005,876.337995,884.222,909.222005,"{'CZ': array([ 7.536064 ,  7.1250534,  6.568466 , ..., 10.831123 , 10.606195 ,
       10.289848 ], shape=(7884,), dtype=float32), 'C3': array([1.5553131, 1.2928696, 1.0481949, ..., 9.389935 , 8.785328 ,
       8.192181 ], shape=(7884,), dtype=float32), 'C4': array([ 6.06262   ,  6.093899  ,  5.972006  , ...,  0.22377586,
        0.13789368, -0.01038742], shape=(7884,), dtype=float32)}",876338.0,884222.0,7884.0,ok,3.121638459560927,3.9414278289768845,3.13275346707087,2.6749707431008574,1.0397455467909822,2.4092566782201175,1.9181317184120417,2.792003026115708,2.8738579730998026,1.4556074870597513,1.723300583762466,2.5359891005791724,3.6178668960928917,4.077067074831575,1.251930446642291,"{'CZ': (array([0.00000000e+00, 4.88281250e-01, 9.76562500e-01, ...,
       4.99023438e+02, 4.99511719e+02, 5.00000000e+02], shape=(1025,)), array([7.3696934e-03, 4.3693273e-03, 9.4214538e-03, ..., 1.7038839e-16,
       2.3948742e-16, 2.5461116e-17], shape=(1025,), dtype=float32)), 'C3': (array([0.00000000e+00, 4.88281250e-01, 9.76562500e-01, ...,
       4.99023438e+02, 4.99511719e+02, 5.00000000e+02], shape=(1025,)), array([4.9648741e-03, 1.6408783e-03, 1.1991413e-02, ..., 5.5955241e-17,
       1.7999183e-16, 5.3142678e-17], shape=(1025,), dtype=float32)), 'C4': (array([0.00000000e+00, 4.88281250e-01, 9.76562500e-01, ...,
       4.99023438e+02, 4.99511719e+02, 5.00000000e+02], shape=(1025,)), array([3.1556897e-03, 2.1358065e-03, 3.3416145e-03, ..., 1.1398289e-16,
       1.2454852e-16, 7.2633254e-17], shape=(1025,), dtype=float32))}",6.778360057129446,3.7523445221335425,2.782075224198587,0.2990729508131786,0.6696293103267952,2.08510499371561,1.319788698050501,1.701948193035897,0.1724711097127349,0.3526302903973235,1.771618315418567,2.3621177680469216,2.9581016295954368,0.3667128509155011,0.5165514016786789,"[7.3696934e-03 4.3693273e-03 9.4214538e-03 ... 1.7038839e-16 2.3948742e-16
 2.5461116e-17]","[4.9648741e-03 1.6408783e-03 1.1991413e-02 ... 5.5955241e-17 1.7999183e-16
 5.3142678e-17]","[3.1556897e-03 2.1358065e-03 3.3416145e-03 ... 1.1398289e-16 1.2454852e-16
 7.2633254e-17]",0.9692307692307692,0.8149568552253116
43,2019-01-08 18:12:47.923998,2019-01-08 18:12:55.580002,2019-01-08 18:13:20.581003,ID_05,CF,0.5314858431944031,0.75,0.8444575295832093,0.0,protB_CF,8,2019-01-08 17:55:57,0 days 00:16:50.923998,0 days 00:16:58.580002,0 days 00:17:23.581003,1010.923998,1018.580002,1043.581003,"{'CZ': array([ 7.704417 ,  7.5374546,  7.314027 , ..., -2.8354921, -3.047306 ,
       -3.1701422], shape=(7656,), dtype=float32), 'C3': array([11.347923  , 11.822502  , 12.063293  , ...,  1.1526527 ,
        0.83846664,  0.4345932 ], shape=(7656,), dtype=float32), 'C4': array([-6.6032715, -6.4047775, -6.251587 , ...,  0.9981384,  2.3437328,
        3.6217804], shape=(7656,), dtype=float32)}",1010924.0,1018580.0,7656.0,ok,3.0343529215315357,2.4703568196855485,3.6999815347371623,3.1686692127550486,1.2479688838311631,1.7472392864874564,1.6951963916653767,3.8360011822078377,5.227625868428731,2.784335077421929,1.9936605294788023,3.0273287557065487,3.7917987938271835,5.680852249497548,3.422194394261169,"{'CZ': (array([0.00000000e+00, 4.88281250e-01, 9.76562500e-01, ...,
       4.99023438e+02, 4.99511719e+02, 5.00000000e+02], shape=(1025,)), array([1.2794762e-02, 4.7457069e-03, 3.1290369e-03, ..., 8.7652108e-17,
       9.4105281e-17, 8.5265122e-17], shape=(1025,), dtype=float32)), 'C3': (array([0.00000000e+00, 4.88281250e-01, 9.76562500e-01, ...,
       4.99023438e+02, 4.99511719e+02, 5.00000000e+02], shape=(1025,)), array([4.7714482e-03, 1.6561960e-03, 1.4535600e-03, ..., 1.8960923e-16,
       2.2756374e-16, 6.4590312e-17], shape=(1025,), dtype=float32)), 'C4': (array([0.00000000e+00, 4.88281250e-01, 9.76562500e-01, ...,
       4.99023438e+02, 4.99511719e+02, 5.00000000e+02], shape=(1025,)), array([4.05954057e-03, 2.06893147e-03, 4.73236712e-03, ...,
       2.92019505e-16, 3.90773806e-16, 1.09936744e-16],
      shape=(1025,), dtype=float32))}",6.588827280605832,2.3518456463703705,3.2858081767312135,0.3542705108284593,0.8037317837699346,1.512158249640117,1.1663959347630948,2.33834821075571,0.3137296425676885,0.6745231084912972,2.0495585866049724,2.819770416970911,3.1003147747728,0.510965722615452,1.4120107997322418,"[1.2794762e-02 4.7457069e-03 3.1290369e-03 ... 8.7652108e-17 9.4105281e-17
 8.5265122e-17]","[4.7714482e-03 1.6561960e-03 1.4535600e-03 ... 1.8960923e-16 2.2756374e-16
 6.4590312e-17]","[4.05954057e-03 2.06893147e-03 4.73236712e-03 ... 2.92019505e-16
 3.90773806e-16 1.09936744e-16]",0.9884615384615384,0.8197507190795782
44,2019-01-08 18:15:02.110999,2019-01-08 18:15:09.800004,2019-01-08 18:15:34.799999,ID_05,CF,0.9248859634416524,0.9375,0.8371578903249574,1.0,protB_CF,8,2019-01-08 17:55:57,0 days 00:19:05.110999,0 days 00:19:12.800004,0 days 00:19:37.799999,1145.110999,1152.800004,1177.799999,"{'CZ': array([-3.0784607, -4.7472076, -6.20842  , ..., -6.226471 , -3.5993652,
       -1.3205261], shape=(7689,), dtype=float32), 'C3': array([ 0.8223419, -1.8240051, -4.348892 , ...,  2.786316 ,  5.266327 ,
        7.3401184], shape=(7689,), dtype=float32), 'C4': array([ -5.2476807,  -7.6720123,  -9.662125 , ..., -14.456696 ,
       -10.947693 ,  -7.5755005], shape=(7689,), dtype=float32)}",1145111.0,1152800.0,7689.0,ok,53.471531718969345,36.54389129951596,21.520014153793454,32.268930983264,14.703105231092195,53.923731204122305,37.1479329187423,25.11369250714779,32.085056853247806,15.912540828139754,55.123353842645884,42.26367291994393,20.263149868696928,34.93429537047632,18.173526446844335,"{'CZ': (array([0.00000000e+00, 4.88281250e-01, 9.76562500e-01, ...,
       4.99023438e+02, 4.99511719e+02, 5.00000000e+02], shape=(1025,)), array([2.8580642e-01, 7.9060055e-02, 3.3745083e-01, ..., 3.0430965e-15,
       7.8754281e-16, 1.4400332e-15], shape=(1025,), dtype=float32)), 'C3': (array([0.00000000e+00, 4.88281250e-01, 9.76562500e-01, ...,
       4.99023438e+02, 4.99511719e+02, 5.00000000e+02], shape=(1025,)), array([2.5374004e-01, 7.1929581e-02, 3.1307209e-01, ..., 2.0811007e-15,
       1.1636123e-15, 4.5474737e-16], shape=(1025,), dtype=float32)), 'C4': (array([0.00000000e+00, 4.88281250e-01, 9.76562500e-01, ...,
       4.99023438e+02, 4.99511719e+02, 5.00000000e+02], shape=(1025,)), array([3.1785861e-01, 9.3765892e-02, 3.0569664e-01, ..., 1.9946512e-15,
       3.2048932e-15, 8.2107160e-16], shape=(1025,), dtype=float32))}",116.10867161355137,34.79076017250767,19.111078746215714,3.607801854895912,9.469268943681088,46.6686020754577,25.559987122616604,15.30879557908759,1.9255458733428734,3.85491552020016,56.66889699631801,39.366010178956756,16.56789991695425,3.1421742185982513,7.4984681335450025,"[2.8580642e-01 7.9060055e-02 3.3745083e-01 ... 3.0430965e-15 7.8754281e-16
 1.4400332e-15]","[2.5374004e-01 7.1929581e-02 3.1307209e-01 ... 2.0811007e-15 1.1636123e-15
 4.5474737e-16]","[3.1785861e-01 9.3765892e-02 3.0569664e-01 ... 1.9946512e-15 3.2048932e-15
 8.2107160e-16]",0.9634615384615384,0.8897411313518696
45,2019-01-08 17:57:50.333001,2019-01-08 17:57:58.156998,2019-01-08 17:58:23.157003,ID_05,CF,0.6206988897471611,0.6875,0.7745966692414834,0.4,protB_CF,4,2019-01-08 17:55:57,0 days 00:01:53.333001,0 days 00:02:01.156998,0 days 00:02:26.157003,113.333001,121.156998,146.157003,"{'CZ': array([ 0.27372932,  0.76501846,  1.3950233 , ..., -6.07188   ,
       -5.7985344 , -5.5764437 ], shape=(7824,), dtype=float32), 'C3': array([-0.1416359 , -0.42001724, -0.58187866, ...,  1.5376205 ,
        1.0062752 ,  0.39174652], shape=(7824,), dtype=float32), 'C4': array([-5.4357   , -5.7101755, -5.7765937, ..., -5.148777 , -4.8192787,
       -4.4727173], shape=(7824,), dtype=float32)}",113333.0,121157.0,7824.0,ok,3.150253680360038,3.5539373056963086,1.553142246848438,2.267601115818252,1.4387033306775265,3.053982657547749,1.7101739649660885,1.5727731588413008,2.933058734924998,1.6177055638308957,1.0705500271797064,1.2289243459235877,0.7412089180434123,1.4056936888664495,0.9554090358960821,"{'CZ': (array([0.00000000e+00, 4.88281250e-01, 9.76562500e-01, ...,
       4.99023438e+02, 4.99511719e+02, 5.00000000e+02], shape=(1025,)), array([1.4586630e-02, 6.5059890e-03, 5.6859278e-03, ..., 2.0633650e-16,
       1.5702196e-16, 3.1579678e-17], shape=(1025,), dtype=float32)), 'C3': (array([0.00000000e+00, 4.88281250e-01, 9.76562500e-01, ...,
       4.99023438e+02, 4.99511719e+02, 5.00000000e+02], shape=(1025,)), array([2.0054874e-03, 9.1033638e-04, 2.5253242e-03, ..., 1.6866755e-16,
       5.2871674e-17, 4.2842268e-17], shape=(1025,), dtype=float32)), 'C4': (array([0.00000000e+00, 4.88281250e-01, 9.76562500e-01, ...,
       4.99023438e+02, 4.99511719e+02, 5.00000000e+02], shape=(1025,)), array([1.7967415e-03, 8.1371592e-04, 3.8185057e-03, ..., 5.3050150e-17,
       5.3010164e-17, 1.6110570e-17], shape=(1025,), dtype=float32))}",6.840495462046873,3.3834431986789006,1.3792845846415325,0.2535273175320299,0.9265708538592328,2.643086785870431,1.1767013959453263,0.9587304923051251,0.17602397181775312,0.3918995936901486,1.1005660031650255,1.1446673932583498,0.6060397939743862,0.1264354818541802,0.3942055071767156,"[1.4586630e-02 6.5059890e-03 5.6859278e-03 ... 2.0633650e-16 1.5702196e-16
 3.1579678e-17]","[2.0054874e-03 9.1033638e-04 2.5253242e-03 ... 1.6866755e-16 5.2871674e-17
 4.2842268e-17]","[1.7967415e-03 8.1371592e-04 3.8185057e-03 ... 5.3050150e-17 5.3010164e-17
 1.6110570e-17]",0.8865384615384615,0.906040268456376
46,2019-01-08 18:00:05.271003,2019-01-08 18:00:13.111003,2019-01-08 18:00:38.110998,ID_05,CF,0.3995246176427351,0.4375,0.7610738529282056,0.0,protB_CF,4,2019-01-08 17:55:57,0 days 00:04:08.271003,0 days 00:04:16.111003,0 days 00:04:41.110998,248.271003,256.111003,281.110998,"{'CZ': array([2.1777573, 2.5674896, 2.9393463, ..., 5.9862003, 6.1651077,
       6.273158 ], shape=(7840,), dtype=float32), 'C3': array([3.4046073 , 3.641879  , 3.7028027 , ..., 0.70238495, 0.7068939 ,
       0.7541542 ], shape=(7840,), dtype=float32), 'C4': array([-0.3572998 , -0.1324768 ,  0.04865265, ...,  3.147438  ,
        2.8861694 ,  2.6182976 ], shape=(7840,), dtype=float32)}",248271.0,256111.0,7840.0,ok,1.6901396338653285,2.077756042126566,1.7564779263921082,2.3461810069420608,1.174641349734884,0.9863234577096591,1.7054997297236696,3.3095312246587127,2.4824858410283923,1.0773032839779262,0.7305863055080408,0.7664566073799506,1.6308947451761924,1.3458058092510328,0.9591463597189431,"{'CZ': (array([0.00000000e+00, 4.88281250e-01, 9.76562500e-01, ...,
       4.99023438e+02, 4.99511719e+02, 5.00000000e+02], shape=(1025,)), array([9.2094764e-03, 3.5061499e-03, 2.3726767e-03, ..., 8.6845653e-17,
       1.2854262e-16, 4.3422056e-18], shape=(1025,), dtype=float32)), 'C3': (array([0.00000000e+00, 4.88281250e-01, 9.76562500e-01, ...,
       4.99023438e+02, 4.99511719e+02, 5.00000000e+02], shape=(1025,)), array([1.4091004e-03, 5.5737642e-04, 1.9564114e-03, ..., 1.2596993e-16,
       1.3070871e-16, 3.1937414e-17], shape=(1025,), dtype=float32)), 'C4': (array([0.00000000e+00, 4.88281250e-01, 9.76562500e-01, ...,
       4.99023438e+02, 4.99511719e+02, 5.00000000e+02], shape=(1025,)), array([3.4348934e-03, 1.4433075e-03, 3.3473715e-03, ..., 6.4956621e-17,
       5.5388659e-17, 4.9343247e-18], shape=(1025,), dtype=float32))}",3.669987775194031,1.9780792244081997,1.5598590097280216,0.26231287900913713,0.7565065119364531,0.8536192866791594,1.1734852441108314,2.0174228447882574,0.14898338465435707,0.260983660260283,0.7510704122238228,0.7139071576907288,1.3334797940229308,0.12104885105660836,0.39574754161193815,"[9.2094764e-03 3.5061499e-03 2.3726767e-03 ... 8.6845653e-17 1.2854262e-16
 4.3422056e-18]","[1.4091004e-03 5.5737642e-04 1.9564114e-03 ... 1.2596993e-16 1.3070871e-16
 3.1937414e-17]","[3.4348934e-03 1.4433075e-03 3.3473715e-03 ... 6.4956621e-17 5.5388659e-17
 4.9343247e-18]",0.9980769230769232,0.9319271332694152
47,2019-01-08 18:02:19.502995,2019-01-08 18:02:27.113998,2019-01-08 18:02:52.112997,ID_05,CF,0.4916666666666667,0.625,0.85,0.0,protB_CF,4,2019-01-08 17:55:57,0 days 00:06:22.502995,0 days 00:06:30.113998,0 days 00:06:55.112997,382.502995,390.113998,415.112997,"{'CZ': array([ 2.6878471 ,  2.5502892 ,  2.5269852 , ..., -0.8557534 ,
       -0.9047704 , -0.87483644], shape=(7611,), dtype=float32), 'C3': array([ 3.0866838 ,  2.8767624 ,  2.7596164 , ..., -0.40901566,
       -0.42514038, -0.48872757], shape=(7611,), dtype=float32), 'C4': array([2.9283218, 2.7713776, 2.520153 , ..., 2.5367546, 2.230011 ,
       1.8064117], shape=(7611,), dtype=float32)}",382503.0,390114.0,7611.0,ok,1.2557444333651802,1.4676411665277556,2.324309665709734,2.331380082978285,0.9927364774284797,1.2825833182432689,1.395099621731788,2.7656018792185932,3.2906801570788957,0.8803927311191728,0.6432162563214661,0.8141060898196883,1.4315214211819693,1.5881797025940614,0.6339486025126462,"{'CZ': (array([0.00000000e+00, 4.88281250e-01, 9.76562500e-01, ...,
       4.99023438e+02, 4.99511719e+02, 5.00000000e+02], shape=(1025,)), array([5.9012081e-03, 2.4457863e-03, 1.4998796e-03, ..., 1.1766668e-16,
       1.0624525e-16, 5.0182080e-17], shape=(1025,), dtype=float32)), 'C3': (array([0.00000000e+00, 4.88281250e-01, 9.76562500e-01, ...,
       4.99023438e+02, 4.99511719e+02, 5.00000000e+02], shape=(1025,)), array([3.3631725e-03, 1.3891920e-03, 2.3462616e-03, ..., 4.2153008e-17,
       1.6200776e-16, 3.5724511e-17], shape=(1025,), dtype=float32)), 'C4': (array([0.00000000e+00, 4.88281250e-01, 9.76562500e-01, ...,
       4.99023438e+02, 4.99511719e+02, 5.00000000e+02], shape=(1025,)), array([1.3542429e-03, 4.9911055e-04, 2.2978543e-03, ..., 3.4930874e-17,
       9.0701750e-17, 9.7822975e-18], shape=(1025,), dtype=float32))}",2.7267372629316027,1.3972335738816857,2.064128059327455,0.260658073618826,0.6393539696018734,1.1100190801177239,0.9599115095914489,1.6858545914762555,0.1974861888490981,0.21328081038202498,0.661250690222677,0.7582897179641304,1.1704647988493695,0.1428492334844553,0.2615696743364792,"[5.9012081e-03 2.4457863e-03 1.4998796e-03 ... 1.1766668e-16 1.0624525e-16
 5.0182080e-17]","[3.3631725e-03 1.3891920e-03 2.3462616e-03 ... 4.2153008e-17 1.6200776e-16
 3.5724511e-17]","[1.3542429e-03 4.9911055e-04 2.2978543e-03 ... 3.4930874e-17 9.0701750e-17
 9.7822975e-18]",0.946153846153846,0.825503355704698
48,2019-01-08 18:04:33.560999,2019-01-08 18:04:41.307999,2019-01-08 18:05:06.308005,ID_05,CF,0.4995509363515786,0.625,0.8736528090547359,0.0,protB_CF,6,2019-01-08 17:55:57,0 days 00:08:36.560999,0 days 00:08:44.307999,0 days 00:09:09.308005,516.560999,524.307999,549.308005,"{'CZ': array([6.8626347, 6.436531 , 5.951317 , ..., 2.9957695, 3.0530128,
       3.0093575], shape=(7747,), dtype=float32), 'C3': array([-4.9219666, -4.6005974, -4.293499 , ..., -3.662815 , -4.0149174,
       -4.3470173], shape=(7747,), dtype=float32), 'C4': array([-1.8791656, -3.0102081, -4.136524 , ...,  1.7818203,  2.6774464,
        3.514679 ], shape=(7747,), dtype=float32)}",516561.0,524308.0,7747.0,ok,2.3958609363035066,2.955908013973385,2.2607301507377997,1.8442681885062484,0.8175106862040593,1.5205285944830393,1.7165993776870891,3.4130351414205506,2.1353286574594676,0.7880601912120255,1.078239251000923,1.3697050962946378,2.2201975662028417,2.6800443811225705,1.0341179411170742,"{'CZ': (array([0.00000000e+00, 4.88281250e-01, 9.76562500e-01, ...,
       4.99023438e+02, 4.99511719e+02, 5.00000000e+02], shape=(1025,)), array([4.8911856e-03, 1.6513770e-03, 1.9736916e-03, ..., 9.8028943e-17,
       1.7530729e-16, 4.5642499e-17], shape=(1025,), dtype=float32)), 'C3': (array([0.00000000e+00, 4.88281250e-01, 9.76562500e-01, ...,
       4.99023438e+02, 4.99511719e+02, 5.00000000e+02], shape=(1025,)), array([7.7380459e-03, 3.1624378e-03, 2.0048840e-03, ..., 6.6280308e-17,
       1.5006977e-16, 6.1197958e-17], shape=(1025,), dtype=float32)), 'C4': (array([0.00000000e+00, 4.88281250e-01, 9.76562500e-01, ...,
       4.99023438e+02, 4.99511719e+02, 5.00000000e+02], shape=(1025,)), array([1.3530961e-03, 7.7743334e-04, 2.3703352e-03, ..., 1.1300220e-16,
       1.0150070e-16, 4.4408920e-18], shape=(1025,), dtype=float32))}",5.202398767011821,2.814103346665318,2.007665591013481,0.20619692034016493,0.5265029686130098,1.3159501825211086,1.1811224620317091,2.080516724865466,0.1281491662429656,0.1909126578065338,1.1084708166847184,1.2757959977836963,1.8153155511887635,0.24105728395997203,0.42668110949595095,"[4.8911856e-03 1.6513770e-03 1.9736916e-03 ... 9.8028943e-17 1.7530729e-16
 4.5642499e-17]","[7.7380459e-03 3.1624378e-03 2.0048840e-03 ... 6.6280308e-17 1.5006977e-16
 6.1197958e-17]","[1.3530961e-03 7.7743334e-04 2.3703352e-03 ... 1.1300220e-16 1.0150070e-16
 4.4408920e-18]",0.921153846153846,0.8082454458293384
49,2019-01-08 18:06:48.960998,2019-01-08 18:06:57.159003,2019-01-08 18:07:22.158998,ID_05,CF,0.526898012166812,0.8125,0.7681940365004358,0.0,protB_CF,6,2019-01-08 17:55:57,0 days 00:10:51.960998,0 days 00:11:00.159003,0 days 00:11:25.158998,651.960998,660.159003,685.158998,"{'CZ': array([0.5347924 , 0.67182255, 0.7243552 , ..., 6.2983856 , 6.8604126 ,
       7.2220726 ], shape=(8198,), dtype=float32), 'C3': array([2.388811 , 2.2762127, 2.1998482, ..., 5.768631 , 6.1399918,
       6.4072685], shape=(8198,), dtype=float32), 'C4': array([5.813884 , 6.25821  , 6.5999002, ..., 2.05962  , 2.024376 ,
       1.8950768], shape=(8198,), dtype=float32)}",651961.0,660159.0,8198.0,ok,1.0725586225817096,2.4571508110966533,3.3291552390437573,2.9982284941070247,0.9455834212985792,1.1497612504172139,1.6709239280316979,3.1069971446413547,3.356972123583546,0.9380007144272895,1.2240799187566154,1.4571320352843031,3.3196363074239343,3.6375953732203925,0.9260654940135282,"{'CZ': (array([0.00000000e+00, 4.88281250e-01, 9.76562500e-01, ...,
       4.99023438e+02, 4.99511719e+02, 5.00000000e+02], shape=(1025,)), array([3.3352727e-03, 1.6774384e-03, 4.5411536e-03, ..., 8.7887364e-17,
       1.6433786e-16, 7.5801792e-17], shape=(1025,), dtype=float32)), 'C3': (array([0.00000000e+00, 4.88281250e-01, 9.76562500e-01, ...,
       4.99023438e+02, 4.99511719e+02, 5.00000000e+02], shape=(1025,)), array([3.2046991e-03, 1.7860621e-03, 2.5026128e-03, ..., 9.2983823e-17,
       9.0521835e-17, 3.4554368e-17], shape=(1025,), dtype=float32)), 'C4': (array([0.00000000e+00, 4.88281250e-01, 9.76562500e-01, ...,
       4.99023438e+02, 4.99511719e+02, 5.00000000e+02], shape=(1025,)), array([3.0443985e-03, 1.1981233e-03, 1.6373349e-03, ..., 1.6642309e-16,
       1.1376325e-16, 5.3502171e-17], shape=(1025,), dtype=float32))}",2.328965580229372,2.339273173617355,2.956491918502132,0.33521452346999814,0.6089858968041417,0.9950674606396609,1.1496950362428975,1.8939621936752509,0.20146462102463256,0.22723671543454652,1.2584005506866376,1.357228810703231,2.714257282726409,0.32718445522405154,0.38209824696086025,"[3.3352727e-03 1.6774384e-03 4.5411536e-03 ... 8.7887364e-17 1.6433786e-16
 7.5801792e-17]","[3.2046991e-03 1.7860621e-03 2.5026128e-03 ... 9.2983823e-17 9.0521835e-17
 3.4554368e-17]","[3.0443985e-03 1.1981233e-03 1.6373349e-03 ... 1.6642309e-16 1.1376325e-16
 5.3502171e-17]",0.9384615384615383,0.950143815915628
50,2019-01-08 18:09:03.633000,2019-01-08 18:09:11.282003,2019-01-08 18:09:36.281998,ID_05,CF,0.8128438052134682,0.75,0.7885314156404046,0.9,protB_CF,6,2019-01-08 17:55:57,0 days 00:13:06.633000,0 days 00:13:14.282003,0 days 00:13:39.281998,786.633,794.282003,819.281998,"{'CZ': array([3.9948215, 4.3287907, 4.5038147, ..., 6.0813384, 5.418404 ,
       4.6971235], shape=(7649,), dtype=float32), 'C3': array([ 0.08351135, -0.17044449, -0.46424484, ...,  4.266794  ,
        4.7506847 ,  5.174217  ], shape=(7649,), dtype=float32), 'C4': array([-0.4552536 , -0.15161133,  0.05126572, ..., -0.09443665,
       -0.24518204, -0.36795044], shape=(7649,), dtype=float32)}",786633.0,794282.0,7649.0,ok,1.5492485581489746,1.3883974024793133,1.8493942989152856,2.0787148114322918,0.8751945225071722,0.8004141609490034,1.3464129515341483,3.3118316787295043,2.7789157975348644,0.8349507943421486,0.9421142422070261,1.6451775445602834,2.236072141386103,3.147822999380878,1.008442769375506,"{'CZ': (array([0.00000000e+00, 4.88281250e-01, 9.76562500e-01, ...,
       4.99023438e+02, 4.99511719e+02, 5.00000000e+02], shape=(1025,)), array([3.8778856e-03, 1.3728071e-03, 3.9960663e-03, ..., 4.0611031e-17,
       5.6636792e-17, 3.2615884e-17], shape=(1025,), dtype=float32)), 'C3': (array([0.00000000e+00, 4.88281250e-01, 9.76562500e-01, ...,
       4.99023438e+02, 4.99511719e+02, 5.00000000e+02], shape=(1025,)), array([2.4932867e-03, 1.0759272e-03, 1.2554162e-03, ..., 9.5423192e-17,
       4.8276587e-17, 3.2961288e-17], shape=(1025,), dtype=float32)), 'C4': (array([0.00000000e+00, 4.88281250e-01, 9.76562500e-01, ...,
       4.99023438e+02, 4.99511719e+02, 5.00000000e+02], shape=(1025,)), array([2.07702792e-03, 7.59658345e-04, 2.48232274e-03, ...,
       1.11614418e-16, 1.07939824e-16, 5.53662027e-17],
      shape=(1025,), dtype=float32))}",3.364055345025273,1.3217913948433342,1.6423743881758626,0.23240903630723392,0.5636531998786046,0.6927230208067423,0.9264121849852365,2.0188251547472094,0.16677326989897262,0.2022722084722705,0.9685291483315077,1.5323816292073726,1.8282951903151927,0.28313175257928075,0.4160874331563282,"[3.8778856e-03 1.3728071e-03 3.9960663e-03 ... 4.0611031e-17 5.6636792e-17
 3.2615884e-17]","[2.4932867e-03 1.0759272e-03 1.2554162e-03 ... 9.5423192e-17 4.8276587e-17
 3.2961288e-17]","[2.07702792e-03 7.59658345e-04 2.48232274e-03 ... 1.11614418e-16
 1.07939824e-16 5.53662027e-17]",0.9865384615384616,0.9079578139980824
51,2019-01-08 18:11:18.236001,2019-01-08 18:11:26.131000,2019-01-08 18:11:51.132001,ID_05,CF,0.4703851430507793,0.5,0.911155429152338,0.0,protB_CF,8,2019-01-08 17:55:57,0 days 00:15:21.236001,0 days 00:15:29.131000,0 days 00:15:54.132001,921.236001,929.131,954.132001,"{'CZ': array([-2.3349733, -2.4416895, -2.4250221, ..., -3.7618885, -3.5486717,
       -3.355114 ], shape=(7895,), dtype=float32), 'C3': array([ 0.9036865, -0.471138 , -1.8630371, ...,  1.0326805,  2.0014877,
        2.7818832], shape=(7895,), dtype=float32), 'C4': array([-8.519096 , -8.912876 , -9.1735115, ..., -3.5749283, -5.0530357,
       -6.412155 ], shape=(7895,), dtype=float32)}",921236.0,929131.0,7895.0,ok,12.395016645314172,5.664280703058466,4.272971244063228,3.9830488385632634,1.735698394213614,16.63305942201987,6.879308144561946,4.2297826876165345,7.7710795812890865,6.338868866805569,16.917371016461402,5.795568285975605,3.2188978657359257,7.071684354741592,5.322249942764756,"{'CZ': (array([0.00000000e+00, 4.88281250e-01, 9.76562500e-01, ...,
       4.99023438e+02, 4.99511719e+02, 5.00000000e+02], shape=(1025,)), array([4.1946634e-03, 2.0791430e-03, 6.4643823e-02, ..., 3.6671897e-16,
       7.9184684e-16, 1.2168045e-16], shape=(1025,), dtype=float32)), 'C3': (array([0.00000000e+00, 4.88281250e-01, 9.76562500e-01, ...,
       4.99023438e+02, 4.99511719e+02, 5.00000000e+02], shape=(1025,)), array([6.3354261e-03, 6.7067388e-03, 9.1426216e-02, ..., 2.8707903e-16,
       8.0787223e-16, 1.8860221e-16], shape=(1025,), dtype=float32)), 'C4': (array([0.00000000e+00, 4.88281250e-01, 9.76562500e-01, ...,
       4.99023438e+02, 4.99511719e+02, 5.00000000e+02], shape=(1025,)), array([1.52654843e-02, 5.45912376e-03, 1.10920034e-01, ...,
       5.11364908e-16, 2.51872553e-16, 1.30266150e-16],
      shape=(1025,), dtype=float32))}",26.914675361819356,5.392546455294442,3.7946578167660183,0.4453215693870507,1.1178451518641008,14.39517656011805,4.733373132016199,2.578389398144277,0.46637194029642426,1.5356318163815854,17.39169859506376,5.398215166266182,2.63188981120831,0.6360644754928305,2.1959811548579786,"[4.1946634e-03 2.0791430e-03 6.4643823e-02 ... 3.6671897e-16 7.9184684e-16
 1.2168045e-16]","[6.3354261e-03 6.7067388e-03 9.1426216e-02 ... 2.8707903e-16 8.0787223e-16
 1.8860221e-16]","[1.52654843e-02 5.45912376e-03 1.10920034e-01 ... 5.11364908e-16
 2.51872553e-16 1.30266150e-16]",0.8942307692307693,0.8322147651006712
52,2019-01-08 18:13:32.594999,2019-01-08 18:13:40.265004,2019-01-08 18:14:05.264999,ID_05,CF,0.5167701290807313,0.75,0.8003103872421938,0.0,protB_CF,8,2019-01-08 17:55:57,0 days 00:17:35.594999,0 days 00:17:43.265004,0 days 00:18:08.264999,1055.594999,1063.265004,1088.264999,"{'CZ': array([-0.1090889 ,  0.00667572,  0.33531952, ...,  2.0120277 ,
        1.6974754 ,  1.4785938 ], shape=(7670,), dtype=float32), 'C3': array([-1.0251541, -1.6726685, -2.1366425, ..., -4.4130154, -3.9578342,
       -3.3473492], shape=(7670,), dtype=float32), 'C4': array([7.0503235, 7.0553284, 7.1205177, ..., 1.918396 , 1.754425 ,
       1.6335297], shape=(7670,), dtype=float32)}",1055595.0,1063265.0,7670.0,ok,2.6390681487100665,3.286072809714824,3.982361376984045,3.032258482562611,1.2378215884609745,2.128929700120352,2.8854870761279017,3.113833168754354,4.347310303273844,2.552787563217862,2.4006176499824505,3.248021734179929,3.829725814284757,4.722468780528288,3.6933929695806,"{'CZ': (array([0.00000000e+00, 4.88281250e-01, 9.76562500e-01, ...,
       4.99023438e+02, 4.99511719e+02, 5.00000000e+02], shape=(1025,)), array([2.1412492e-02, 7.8355325e-03, 4.0655113e-03, ..., 1.9921410e-16,
       1.7237447e-16, 3.3237607e-16], shape=(1025,), dtype=float32)), 'C3': (array([0.00000000e+00, 4.88281250e-01, 9.76562500e-01, ...,
       4.99023438e+02, 4.99511719e+02, 5.00000000e+02], shape=(1025,)), array([2.0486565e-02, 8.7159164e-03, 1.0756131e-02, ..., 2.0303667e-16,
       1.9942226e-16, 3.5527136e-17], shape=(1025,), dtype=float32)), 'C4': (array([0.00000000e+00, 4.88281250e-01, 9.76562500e-01, ...,
       4.99023438e+02, 4.99511719e+02, 5.00000000e+02], shape=(1025,)), array([1.68073643e-02, 6.35880791e-03, 3.37985344e-03, ...,
       1.08803394e-16, 2.86289910e-16, 2.96454199e-16],
      shape=(1025,), dtype=float32))}",5.730501580818868,3.1284290470101395,3.536578615958497,0.3390192189380887,0.7971966017521869,1.842494404651748,1.9853867150464002,1.898129294777163,0.26089856885394785,0.6184292316045491,2.467925930681518,3.025332343722139,3.131325307841999,0.4247636740041907,1.523908393236923,"[2.1412492e-02 7.8355325e-03 4.0655113e-03 ... 1.9921410e-16 1.7237447e-16
 3.3237607e-16]","[2.0486565e-02 8.7159164e-03 1.0756131e-02 ... 2.0303667e-16 1.9942226e-16
 3.5527136e-17]","[1.68073643e-02 6.35880791e-03 3.37985344e-03 ... 1.08803394e-16
 2.86289910e-16 2.96454199e-16]",0.9884615384615384,0.8053691275167785
53,2019-01-08 18:15:46.815001,2019-01-08 18:15:54.521004,2019-01-08 18:16:19.521995,ID_05,CF,0.9379762479366412,1.0,0.8139287438099234,1.0,protB_CF,8,2019-01-08 17:55:57,0 days 00:19:49.815001,0 days 00:19:57.521004,0 days 00:20:22.521995,1189.815001,1197.521004,1222.521995,"{'CZ': array([10.642265  , 10.855362  , 10.874207  , ...,  1.8269806 ,
        0.8980484 ,  0.01481628], shape=(7706,), dtype=float32), 'C3': array([3.3446121, 3.493145 , 3.61549  , ..., 4.272156 , 3.4383163,
       2.6356812], shape=(7706,), dtype=float32), 'C4': array([ 7.3730545,  6.9080734,  6.5807495, ...,  1.8387764,  0.8229866,
       -0.2952528], shape=(7706,), dtype=float32)}",1189815.0,1197521.0,7706.0,ok,10.450968111399561,5.874214926734567,6.162736157421023,4.917418671539053,1.634657541217166,9.442007401958108,8.031602599658072,7.57302189595066,5.019850181270158,2.6582630550819886,9.125365169893485,6.1979981837794185,8.236658031819388,6.404900595953222,3.860562840145576,"{'CZ': (array([0.00000000e+00, 4.88281250e-01, 9.76562500e-01, ...,
       4.99023438e+02, 4.99511719e+02, 5.00000000e+02], shape=(1025,)), array([6.8913437e-02, 2.5922427e-02, 1.1129777e-02, ..., 2.1015905e-16,
       9.6299513e-17, 2.5263742e-17], shape=(1025,), dtype=float32)), 'C3': (array([0.00000000e+00, 4.88281250e-01, 9.76562500e-01, ...,
       4.99023438e+02, 4.99511719e+02, 5.00000000e+02], shape=(1025,)), array([5.3281836e-02, 1.7417435e-02, 2.0136209e-02, ..., 6.4132025e-16,
       2.1522328e-16, 2.7360829e-16], shape=(1025,), dtype=float32)), 'C4': (array([0.00000000e+00, 4.88281250e-01, 9.76562500e-01, ...,
       4.99023438e+02, 4.99511719e+02, 5.00000000e+02], shape=(1025,)), array([3.03632598e-02, 1.00703044e-02, 1.26329595e-02, ...,
       3.17869204e-16, 2.25358304e-16, 4.24401279e-16],
      shape=(1025,), dtype=float32))}",22.693347010661952,5.59240944109567,5.472883760899519,0.5497880364763135,1.0527716183292233,8.171639395046594,5.526220246770724,4.616359943408012,0.3012602360517804,0.6439813489552073,9.381221257738702,5.773053848253655,6.734595894795929,0.5760904381170687,1.592883336046549,"[6.8913437e-02 2.5922427e-02 1.1129777e-02 ... 2.1015905e-16 9.6299513e-17
 2.5263742e-17]","[5.3281836e-02 1.7417435e-02 2.0136209e-02 ... 6.4132025e-16 2.1522328e-16
 2.7360829e-16]","[3.03632598e-02 1.00703044e-02 1.26329595e-02 ... 3.17869204e-16
 2.25358304e-16 4.24401279e-16]",0.9673076923076924,0.8542665388302972
54,2019-01-11 11:16:53.780996,2019-01-11 11:17:14.546997,2019-01-11 11:17:39.547002,ID_12,CF,0.4442746258674876,0.5625,0.7703238776024629,0.0,protB_CF,4,2019-01-11 11:15:00,0 days 00:01:53.780996,0 days 00:02:14.546997,0 days 00:02:39.547002,113.780996,134.546997,159.547002,"{'CZ': array([ 9.554375 ,  9.842155 , 10.020317 , ...,  1.7580376,  2.098238 ,
        2.1757069], shape=(20766,), dtype=float32), 'C3': array([0.29827595, 0.27515316, 0.26624012, ..., 0.8637943 , 1.232482  ,
       1.3613815 ], shape=(20766,), dtype=float32), 'C4': array([0.6948433 , 0.8632908 , 0.94057846, ..., 4.239668  , 4.0126934 ,
       3.683567  ], shape=(20766,), dtype=float32)}",113781.0,134547.0,20766.0,ok,7.847419634344988,2.9693768883589655,0.6819958434789442,1.1966661641054088,1.2979799330423702,0.8502532982674893,0.7945845572976395,0.38831304300401825,1.1238839879297302,1.5566529839361465,0.35481795475789113,0.3419757886149455,0.1362911107207765,0.6480228739746963,1.4167463900776056,"{'CZ': (array([0.00000000e+00, 4.88281250e-01, 9.76562500e-01, ...,
       4.99023438e+02, 4.99511719e+02, 5.00000000e+02], shape=(1025,)), array([2.1700814e-02, 9.0560373e-03, 2.4181386e-02, ..., 1.3550576e-16,
       1.2581260e-16, 6.5382400e-17], shape=(1025,), dtype=float32)), 'C3': (array([0.00000000e+00, 4.88281250e-01, 9.76562500e-01, ...,
       4.99023438e+02, 4.99511719e+02, 5.00000000e+02], shape=(1025,)), array([2.3369263e-03, 8.7182899e-04, 2.0012155e-03, ..., 1.0789275e-16,
       7.1720106e-17, 5.2831026e-17], shape=(1025,), dtype=float32)), 'C4': (array([0.00000000e+00, 4.88281250e-01, 9.76562500e-01, ...,
       4.99023438e+02, 4.99511719e+02, 5.00000000e+02], shape=(1025,)), array([9.0679200e-04, 3.3412111e-04, 2.2231513e-03, ..., 3.8896312e-17,
       3.0785843e-17, 8.3023258e-18], shape=(1025,), dtype=float32))}",2.0027998194122842,0.618097170652035,0.3927595146999808,0.19157021799240712,0.6842103197524634,5.107248377987183,4.9420722726491935,3.9660585487270925,2.3768052346507194,6.0627157808837255,0.42836546647677004,0.4351417509545136,0.3637250524811967,0.2822470743611271,1.4489256456777295,"[2.1700814e-02 9.0560373e-03 2.4181386e-02 ... 1.3550576e-16 1.2581260e-16
 6.5382400e-17]","[2.3369263e-03 8.7182899e-04 2.0012155e-03 ... 1.0789275e-16 7.1720106e-17
 5.2831026e-17]","[9.0679200e-04 3.3412111e-04 2.2231513e-03 ... 3.8896312e-17 3.0785843e-17
 8.3023258e-18]",0.7365384615384616,0.6768935762224353
55,2019-01-11 11:19:21.614996,2019-01-11 11:19:29.618000,2019-01-11 11:19:54.617000,ID_12,CF,0.4834688645687433,0.5625,0.7450494508490871,0.1428571428571429,protB_CF,4,2019-01-11 11:15:00,0 days 00:04:21.614996,0 days 00:04:29.618000,0 days 00:04:54.617000,261.614996,269.618,294.617,"{'CZ': array([ 2.1732483 ,  1.9827118 ,  1.7575836 , ..., -0.6501694 ,
       -0.43553925, -0.37179184], shape=(8003,), dtype=float32), 'C3': array([-1.9734704, -1.5815433, -1.1551752, ...,  6.443863 ,  6.1698647,
        5.8211365], shape=(8003,), dtype=float32), 'C4': array([ 0.00207642, -0.15022539, -0.26411766, ..., -0.78375626,
       -0.5380478 , -0.33863258], shape=(8003,), dtype=float32)}",261615.0,269618.0,8003.0,ok,7.368506834609434,2.45261361123994,0.46044304326642305,1.242821586856735,0.6540712751075262,0.736506547582394,0.35763319829129614,0.23779450202709995,0.7020757357167895,0.5981378554906769,0.43694339774447144,0.21141561774129514,0.1989866668736795,0.4582367905641149,0.2676184304846174,"{'CZ': (array([0.00000000e+00, 4.88281250e-01, 9.76562500e-01, ...,
       4.99023438e+02, 4.99511719e+02, 5.00000000e+02], shape=(1025,)), array([3.0333027e-02, 1.2115388e-02, 9.0963440e-03, ..., 8.8379921e-17,
       1.6082968e-16, 7.7370206e-17], shape=(1025,), dtype=float32)), 'C3': (array([0.00000000e+00, 4.88281250e-01, 9.76562500e-01, ...,
       4.99023438e+02, 4.99511719e+02, 5.00000000e+02], shape=(1025,)), array([1.8311347e-03, 7.3863985e-04, 2.4455111e-03, ..., 1.9717638e-17,
       2.7974656e-17, 1.1990409e-17], shape=(1025,), dtype=float32)), 'C4': (array([0.00000000e+00, 4.88281250e-01, 9.76562500e-01, ...,
       4.99023438e+02, 4.99511719e+02, 5.00000000e+02], shape=(1025,)), array([8.8079070e-04, 4.0299713e-04, 6.5986725e-04, ..., 2.5800734e-17,
       1.2598814e-17, 5.7854952e-18], shape=(1025,), dtype=float32))}",1.8805728309858323,0.5105291752465524,0.2651678715485983,0.19895908270942136,0.3447836941771991,4.424001504236151,2.2243688186759027,2.428728405074775,1.4847593716917107,2.32957496182465,0.5275140671121652,0.26901250072607263,0.5310429672846908,0.19958553732534481,0.2736969791494895,"[3.0333027e-02 1.2115388e-02 9.0963440e-03 ... 8.8379921e-17 1.6082968e-16
 7.7370206e-17]","[1.8311347e-03 7.3863985e-04 2.4455111e-03 ... 1.9717638e-17 2.7974656e-17
 1.1990409e-17]","[8.8079070e-04 4.0299713e-04 6.5986725e-04 ... 2.5800734e-17 1.2598814e-17
 5.7854952e-18]",0.7788461538461539,0.8763183125599233
56,2019-01-11 11:21:36.548000,2019-01-11 11:21:44.243995,2019-01-11 11:22:09.244000,ID_12,CF,0.491634892917024,0.625,0.8499046787510721,0.0,protB_CF,4,2019-01-11 11:15:00,0 days 00:06:36.548000,0 days 00:06:44.243995,0 days 00:07:09.244000,396.548,404.243995,429.244,"{'CZ': array([ 0.08701694,  0.5403335 ,  0.96583617, ..., -4.7648115 ,
       -5.036665  , -5.289444  ], shape=(7696,), dtype=float32), 'C3': array([-0.8418045 , -0.48207092, -0.07061768, ...,  0.6758194 ,
        0.48166275,  0.2712822 ], shape=(7696,), dtype=float32), 'C4': array([ 0.0849762 , -0.2345066 , -0.5958309 , ..., -0.8356495 ,
       -0.93088055, -1.0156031 ], shape=(7696,), dtype=float32)}",396548.0,404244.0,7696.0,ok,5.362949710615794,2.152439614292234,0.8545298624085262,1.121792999583704,0.8296147057080816,0.4472787250051624,0.7174919956014492,0.3191540381521918,0.7331521092055482,0.47681019896117505,0.35333369805812254,0.29760679899482056,0.08051846771195414,0.39747238315612776,0.3233343383612919,"{'CZ': (array([0.00000000e+00, 4.88281250e-01, 9.76562500e-01, ...,
       4.99023438e+02, 4.99511719e+02, 5.00000000e+02], shape=(1025,)), array([1.38800899e-02, 6.59246743e-03, 1.37274405e-02, ...,
       1.35521235e-16, 7.99388469e-17, 3.79449551e-17],
      shape=(1025,), dtype=float32)), 'C3': (array([0.00000000e+00, 4.88281250e-01, 9.76562500e-01, ...,
       4.99023438e+02, 4.99511719e+02, 5.00000000e+02], shape=(1025,)), array([4.2366534e-03, 1.5656002e-03, 3.2628330e-03, ..., 3.1666413e-17,
       3.2827136e-17, 3.3553407e-18], shape=(1025,), dtype=float32)), 'C4': (array([0.00000000e+00, 4.88281250e-01, 9.76562500e-01, ...,
       4.99023438e+02, 4.99511719e+02, 5.00000000e+02], shape=(1025,)), array([1.6481681e-03, 5.1291217e-04, 5.6172692e-04, ..., 1.7234889e-17,
       3.2551516e-17, 2.0268507e-17], shape=(1025,), dtype=float32))}",1.3687193004092488,0.4480457973553657,0.4921213776672763,0.17958402762499825,0.43731873553190215,2.686685894010059,4.462580180728857,3.259698905764478,1.5504801115325746,1.8570386255378823,0.42657354950909154,0.37868512310498276,0.21488256819798268,0.17311953295269414,0.3306783897675955,"[1.38800899e-02 6.59246743e-03 1.37274405e-02 ... 1.35521235e-16
 7.99388469e-17 3.79449551e-17]","[4.2366534e-03 1.5656002e-03 3.2628330e-03 ... 3.1666413e-17 3.2827136e-17
 3.3553407e-18]","[1.6481681e-03 5.1291217e-04 5.6172692e-04 ... 1.7234889e-17 3.2551516e-17
 2.0268507e-17]",0.7826923076923077,0.725790987535954
57,2019-01-11 11:23:50.523998,2019-01-11 11:23:58.334004,2019-01-11 11:24:23.334995,ID_12,CF,0.8309097708015619,0.75,0.9245474942228676,0.8181818181818181,protB_CF,6,2019-01-11 11:15:00,0 days 00:08:50.523998,0 days 00:08:58.334004,0 days 00:09:23.334995,530.523998,538.334004,563.334995,"{'CZ': array([-0.507164  , -0.43763733, -0.37442017, ..., -0.49583626,
       -0.44538307, -0.53243446], shape=(7810,), dtype=float32), 'C3': array([-1.3239589 , -1.2292862 , -1.0334799 , ...,  0.272501  ,
        0.3897972 ,  0.47237587], shape=(7810,), dtype=float32), 'C4': array([-1.7211823, -1.381902 , -1.0494423, ...,  0.8584385,  0.8310375,
        0.7027912], shape=(7810,), dtype=float32)}",530524.0,538334.0,7810.0,ok,6.887918436405016,3.5288251820020378,1.0858591849682853,1.8714297148108017,1.0755492755833984,0.2667898679646896,0.40367939800489694,0.1968469377970905,0.48044467143881775,0.31487103979088715,0.48403392611362506,0.366516691428842,0.2550697290644166,0.8795465928415069,0.4743418875250427,"{'CZ': (array([0.00000000e+00, 4.88281250e-01, 9.76562500e-01, ...,
       4.99023438e+02, 4.99511719e+02, 5.00000000e+02], shape=(1025,)), array([2.7169364e-02, 1.0009405e-02, 1.3746929e-02, ..., 1.2045301e-16,
       3.1926003e-16, 4.1053579e-17], shape=(1025,), dtype=float32)), 'C3': (array([0.00000000e+00, 4.88281250e-01, 9.76562500e-01, ...,
       4.99023438e+02, 4.99511719e+02, 5.00000000e+02], shape=(1025,)), array([5.1720173e-04, 1.8570818e-04, 3.5351081e-04, ..., 1.2317499e-17,
       2.0250078e-17, 3.1857232e-18], shape=(1025,), dtype=float32)), 'C4': (array([0.00000000e+00, 4.88281250e-01, 9.76562500e-01, ...,
       4.99023438e+02, 4.99511719e+02, 5.00000000e+02], shape=(1025,)), array([1.9668343e-03, 6.3403818e-04, 1.9183672e-03, ..., 2.5091040e-17,
       1.7987372e-17, 5.7238169e-18], shape=(1025,), dtype=float32))}",1.7579182002938687,0.7345503594616224,0.6253432929226167,0.2995908208800947,0.566959392069758,1.6025367066525795,2.5107620599935943,2.0105080025159556,1.0160509646011833,1.226332163676233,0.5843656324881461,0.46636843943937434,0.6807138785477423,0.38308748435245255,0.48511584745705105,"[2.7169364e-02 1.0009405e-02 1.3746929e-02 ... 1.2045301e-16 3.1926003e-16
 4.1053579e-17]","[5.1720173e-04 1.8570818e-04 3.5351081e-04 ... 1.2317499e-17 2.0250078e-17
 3.1857232e-18]","[1.9668343e-03 6.3403818e-04 1.9183672e-03 ... 2.5091040e-17 1.7987372e-17
 5.7238169e-18]",0.8730769230769231,0.7689357622243528
58,2019-01-11 11:26:04.577999,2019-01-11 11:26:12.888998,2019-01-11 11:26:37.889999,ID_12,CF,0.6261701726862824,0.875,0.6701771847255139,0.3333333333333333,protB_CF,6,2019-01-11 11:15:00,0 days 00:11:04.577999,0 days 00:11:12.888998,0 days 00:11:37.889999,664.577999,672.888998,697.889999,"{'CZ': array([ 3.7670212,  3.9830208,  4.221714 , ..., -5.410637 , -4.8985825,
       -4.2712708], shape=(8311,), dtype=float32), 'C3': array([ 0.9374275 ,  0.8780556 ,  0.80189896, ..., -1.0181503 ,
       -0.93035316, -0.7846651 ], shape=(8311,), dtype=float32), 'C4': array([ 1.175612 ,  1.2021756,  1.1266232, ..., -1.1684723, -1.3741417,
       -1.6214046], shape=(8311,), dtype=float32)}",664578.0,672889.0,8311.0,ok,5.493391619893373,4.133237031055614,0.7800822131684981,2.0426628670975333,0.893912882929726,0.39170738364191493,0.3122446723864414,0.16089433984234347,0.46537173011529376,0.3423307430807654,0.44992504444962833,0.5663501833623741,0.2567036481195828,0.7673700738450862,0.40985427676787367,"{'CZ': (array([0.00000000e+00, 4.88281250e-01, 9.76562500e-01, ...,
       4.99023438e+02, 4.99511719e+02, 5.00000000e+02], shape=(1025,)), array([8.6170007e-03, 4.3586115e-03, 1.0267393e-02, ..., 5.9825156e-17,
       1.4109611e-16, 5.5870651e-17], shape=(1025,), dtype=float32)), 'C3': (array([0.00000000e+00, 4.88281250e-01, 9.76562500e-01, ...,
       4.99023438e+02, 4.99511719e+02, 5.00000000e+02], shape=(1025,)), array([2.5971977e-03, 1.1465823e-03, 4.3401710e-04, ..., 1.7171451e-17,
       1.1701748e-17, 6.7670740e-18], shape=(1025,), dtype=float32)), 'C4': (array([0.00000000e+00, 4.88281250e-01, 9.76562500e-01, ...,
       4.99023438e+02, 4.99511719e+02, 5.00000000e+02], shape=(1025,)), array([3.9151115e-03, 1.2312335e-03, 8.3865167e-04, ..., 2.5363311e-17,
       2.1449855e-17, 2.0903915e-17], shape=(1025,), dtype=float32))}",1.402010374994014,0.860363035943739,0.4492471829553102,0.32700295410074015,0.47121253872283775,2.35288343347467,1.9420661067610299,1.6433039875174247,0.9841745020622624,1.3332798123763099,0.5431865805008567,0.7206434450808454,0.685074377856519,0.33422887832122244,0.41916349796885016,"[8.6170007e-03 4.3586115e-03 1.0267393e-02 ... 5.9825156e-17 1.4109611e-16
 5.5870651e-17]","[2.5971977e-03 1.1465823e-03 4.3401710e-04 ... 1.7171451e-17 1.1701748e-17
 6.7670740e-18]","[3.9151115e-03 1.2312335e-03 8.3865167e-04 ... 2.5363311e-17 2.1449855e-17
 2.0903915e-17]",0.8923076923076924,0.9194630872483222
59,2019-01-11 11:28:20.272998,2019-01-11 11:28:27.983004,2019-01-11 11:28:52.982999,ID_12,CF,0.8128438052134682,0.75,0.7885314156404046,0.9,protB_CF,6,2019-01-11 11:15:00,0 days 00:13:20.272998,0 days 00:13:27.983004,0 days 00:13:52.982999,800.272998,807.983004,832.982999,"{'CZ': array([ 3.2415924,  4.0977173,  5.109894 , ..., -1.7654419, -1.7628345,
       -1.7711372], shape=(7710,), dtype=float32), 'C3': array([-1.7375317, -1.8016033, -1.4918766, ..., -1.6068497, -1.4338732,
       -1.2302723], shape=(7710,), dtype=float32), 'C4': array([-2.6843262 ,  0.06885529,  2.7123642 , ...,  2.0981503 ,
        2.098443  ,  2.096777  ], shape=(7710,), dtype=float32)}",800273.0,807983.0,7710.0,ok,6.449575928854756,2.374137577135116,1.2490889494074509,1.8219454741483787,1.202714213377476,0.5017708426748868,0.4498828639043495,0.24671671599207912,0.6474144374806201,0.6991533732616517,1.2582228846440557,0.7624755235156044,0.5518729085451923,1.7244123664568178,2.070286461730575,"{'CZ': (array([0.00000000e+00, 4.88281250e-01, 9.76562500e-01, ...,
       4.99023438e+02, 4.99511719e+02, 5.00000000e+02], shape=(1025,)), array([3.3765674e-02, 1.3155688e-02, 1.3392196e-02, ..., 2.4987416e-16,
       1.8238594e-16, 7.7567591e-17], shape=(1025,), dtype=float32)), 'C3': (array([0.00000000e+00, 4.88281250e-01, 9.76562500e-01, ...,
       4.99023438e+02, 4.99511719e+02, 5.00000000e+02], shape=(1025,)), array([1.6808828e-03, 9.3913189e-04, 1.8636445e-02, ..., 2.3698634e-17,
       1.9282414e-17, 2.2611545e-17], shape=(1025,), dtype=float32)), 'C4': (array([0.00000000e+00, 4.88281250e-01, 9.76562500e-01, ...,
       4.99023438e+02, 4.99511719e+02, 5.00000000e+02], shape=(1025,)), array([2.9007329e-03, 1.4740507e-03, 5.6990199e-03, ..., 5.5363116e-17,
       1.5959246e-16, 3.6427651e-17], shape=(1025,), dtype=float32))}",1.6460454655773358,0.4941938239362002,0.7193468615348324,0.29166905702043394,0.6339924490026557,3.014005741106062,2.79813344875876,2.5198559723993976,1.3691609103061617,2.723001358089054,1.5190303243816083,0.9702000709065385,1.4728033366372077,0.7510696998075248,2.1173098935064307,"[3.3765674e-02 1.3155688e-02 1.3392196e-02 ... 2.4987416e-16 1.8238594e-16
 7.7567591e-17]","[1.6808828e-03 9.3913189e-04 1.8636445e-02 ... 2.3698634e-17 1.9282414e-17
 2.2611545e-17]","[2.9007329e-03 1.4740507e-03 5.6990199e-03 ... 5.5363116e-17 1.5959246e-16
 3.6427651e-17]",1.0076923076923077,0.9980824544582934
60,2019-01-11 11:30:34.214003,2019-01-11 11:30:42.149004,2019-01-11 11:31:07.150005,ID_12,CF,0.4703851430507793,0.5,0.911155429152338,0.0,protB_CF,8,2019-01-11 11:15:00,0 days 00:15:34.214003,0 days 00:15:42.149004,0 days 00:16:07.150005,934.214003,942.149004,967.150005,"{'CZ': array([-2.504898 , -2.8352814, -3.1518555, ..., -1.9763336, -1.9195251,
       -1.8673401], shape=(7935,), dtype=float32), 'C3': array([ 0.30465412,  0.542613  ,  0.69833326, ..., -0.7068219 ,
       -0.7606425 , -0.83166647], shape=(7935,), dtype=float32), 'C4': array([ 0.04233742, -0.32012558, -0.66012764, ...,  0.01292419,
        0.11736298,  0.20786285], shape=(7935,), dtype=float32)}",934214.0,942149.0,7935.0,ok,4.587860817991896,3.216114768292755,0.9948225633706897,1.4582269650418311,0.9393293853463547,0.31664597872804734,0.1494630678280373,0.12667007740674308,0.3306817377506377,0.2969003955399785,0.61656920297537,0.48244236313621514,0.27183338897884823,0.654793853755109,0.5440125592031109,"{'CZ': (array([0.00000000e+00, 4.88281250e-01, 9.76562500e-01, ...,
       4.99023438e+02, 4.99511719e+02, 5.00000000e+02], shape=(1025,)), array([1.6198108e-02, 4.8549031e-03, 9.8832464e-03, ..., 1.9352420e-16,
       1.5983665e-16, 2.3684756e-18], shape=(1025,), dtype=float32)), 'C3': (array([0.00000000e+00, 4.88281250e-01, 9.76562500e-01, ...,
       4.99023438e+02, 4.99511719e+02, 5.00000000e+02], shape=(1025,)), array([1.8661480e-03, 6.7537511e-04, 5.4742472e-04, ..., 2.2590820e-17,
       1.0992129e-17, 9.9179923e-18], shape=(1025,), dtype=float32)), 'C4': (array([0.00000000e+00, 4.88281250e-01, 9.76562500e-01, ...,
       4.99023438e+02, 4.99511719e+02, 5.00000000e+02], shape=(1025,)), array([3.0307940e-04, 1.4182959e-04, 2.9373262e-03, ..., 2.5523181e-17,
       2.2602771e-17, 1.0689752e-17], shape=(1025,), dtype=float32))}",1.1709029522963468,0.6694574361938203,0.5729155550405143,0.23344259740502105,0.4951531550986887,1.9020092771768544,0.9296144463342986,1.2937524309780584,0.6993302633814673,1.1563416715004249,0.7443731375656399,0.6138762497777343,0.7254516684880226,0.2851961820397774,0.5563689832708761,"[1.6198108e-02 4.8549031e-03 9.8832464e-03 ... 1.9352420e-16 1.5983665e-16
 2.3684756e-18]","[1.8661480e-03 6.7537511e-04 5.4742472e-04 ... 2.2590820e-17 1.0992129e-17
 9.9179923e-18]","[3.0307940e-04 1.4182959e-04 2.9373262e-03 ... 2.5523181e-17 2.2602771e-17
 1.0689752e-17]",0.85,0.8801534036433365
61,2019-01-11 11:32:48.832998,2019-01-11 11:32:56.627001,2019-01-11 11:33:21.626996,ID_12,CF,0.5314858431944031,0.75,0.8444575295832093,0.0,protB_CF,8,2019-01-11 11:15:00,0 days 00:17:48.832998,0 days 00:17:56.627001,0 days 00:18:21.626996,1068.832998,1076.627001,1101.626996,"{'CZ': array([-3.5712752 , -3.4782965 , -3.2589955 , ..., -0.5011859 ,
       -0.49807715, -0.52551603], shape=(7794,), dtype=float32), 'C3': array([-1.1379333 , -1.1169724 , -1.0270586 , ...,  0.2596588 ,
        0.1193428 , -0.03948784], shape=(7794,), dtype=float32), 'C4': array([2.4662647, 2.4855156, 2.4728928, ..., 1.6756744, 1.7066307,
       1.7046738], shape=(7794,), dtype=float32)}",1068833.0,1076627.0,7794.0,ok,8.001812275324482,3.0307195556815714,0.7957860216265544,4.192180422251113,0.9697173728113739,0.20129336598984082,0.21459369781950954,0.13036973632551963,0.4288895988793229,0.25128374116434316,1.0110031125805108,0.38467988269985653,0.22376826291292673,0.6994976479290926,0.5202389272085384,"{'CZ': (array([0.00000000e+00, 4.88281250e-01, 9.76562500e-01, ...,
       4.99023438e+02, 4.99511719e+02, 5.00000000e+02], shape=(1025,)), array([1.8703891e-02, 8.4171146e-03, 1.5518780e-02, ..., 1.5055857e-16,
       2.6704101e-16, 3.6427651e-17], shape=(1025,), dtype=float32)), 'C3': (array([0.00000000e+00, 4.88281250e-01, 9.76562500e-01, ...,
       4.99023438e+02, 4.99511719e+02, 5.00000000e+02], shape=(1025,)), array([4.2352747e-04, 1.7671507e-04, 9.6881372e-04, ..., 1.6981786e-17,
       1.8097890e-17, 3.6637360e-18], shape=(1025,), dtype=float32)), 'C4': (array([0.00000000e+00, 4.88281250e-01, 9.76562500e-01, ...,
       4.99023438e+02, 4.99511719e+02, 5.00000000e+02], shape=(1025,)), array([2.9257035e-03, 8.5790636e-04, 1.0941550e-03, ..., 2.3561401e-17,
       5.2168458e-17, 3.7624227e-18], shape=(1025,), dtype=float32))}",2.0422035429138283,0.6308660883535888,0.45829096269077724,0.6711119119462342,0.5111717190924634,1.2091164115987578,1.3347069913942415,1.3315391191837294,0.9070215917760349,0.9786779190724608,1.2205662484738882,0.4894799084840153,0.597178515467357,0.3046669686820119,0.5320553691130495,"[1.8703891e-02 8.4171146e-03 1.5518780e-02 ... 1.5055857e-16 2.6704101e-16
 3.6427651e-17]","[4.2352747e-04 1.7671507e-04 9.6881372e-04 ... 1.6981786e-17 1.8097890e-17
 3.6637360e-18]","[2.9257035e-03 8.5790636e-04 1.0941550e-03 ... 2.3561401e-17 5.2168458e-17
 3.7624227e-18]",0.903846153846154,0.8533077660594439
62,2019-01-11 11:35:02.938003,2019-01-11 11:35:10.707002,2019-01-11 11:35:35.706997,ID_12,CF,0.6648724223121572,0.875,0.7862839336031381,0.3333333333333333,protB_CF,8,2019-01-11 11:15:00,0 days 00:20:02.938003,0 days 00:20:10.707002,0 days 00:20:35.706997,1202.938003,1210.707002,1235.706997,"{'CZ': array([3.1024952, 2.8240547, 2.5547848, ..., 2.9605103, 2.3578644,
       1.855957 ], shape=(7769,), dtype=float32), 'C3': array([-2.674993 , -2.9004493, -3.1082745, ...,  3.6386986,  3.301175 ,
        2.9617252], shape=(7769,), dtype=float32), 'C4': array([ 2.6224327,  2.2258892,  1.8660126, ..., -1.4273218, -1.7402997,
       -1.9811413], shape=(7769,), dtype=float32)}",1202938.0,1210707.0,7769.0,ok,1.946388954820577,1.7961167031899095,0.8567847908125259,4.236189743096475,1.2676293882805112,0.6848083676231909,0.2871349824999925,0.19734819215955213,0.568209296943678,0.524600237042705,1.1506487926453701,0.45430404134094715,0.39448642201023176,1.8923577608802589,4.133372208343644,"{'CZ': (array([0.00000000e+00, 4.88281250e-01, 9.76562500e-01, ...,
       4.99023438e+02, 4.99511719e+02, 5.00000000e+02], shape=(1025,)), array([1.1093829e-02, 4.8551527e-03, 1.9053156e-03, ..., 8.5858787e-17,
       1.2797324e-16, 5.3993847e-17], shape=(1025,), dtype=float32)), 'C3': (array([0.00000000e+00, 4.88281250e-01, 9.76562500e-01, ...,
       4.99023438e+02, 4.99511719e+02, 5.00000000e+02], shape=(1025,)), array([6.7275384e-04, 2.6313472e-04, 2.2497657e-03, ..., 5.8954386e-17,
       2.4677115e-17, 1.5604800e-17], shape=(1025,), dtype=float32)), 'C4': (array([0.00000000e+00, 4.88281250e-01, 9.76562500e-01, ...,
       4.99023438e+02, 4.99511719e+02, 5.00000000e+02], shape=(1025,)), array([1.3754173e-03, 5.4554141e-04, 8.2839822e-04, ..., 6.7426390e-17,
       4.4554254e-17, 3.7599554e-17], shape=(1025,), dtype=float32))}",0.496752770829248,0.37387461886526807,0.4934199846809501,0.6781572145050697,0.6682114931084346,4.113464107580897,1.7858915360083853,2.015627594003144,1.2016567954141715,2.0431670825773547,1.3891580180850591,0.5780720816975752,1.0527802861828022,0.8242185007714438,4.227255518521306,"[1.1093829e-02 4.8551527e-03 1.9053156e-03 ... 8.5858787e-17 1.2797324e-16
 5.3993847e-17]","[6.7275384e-04 2.6313472e-04 2.2497657e-03 ... 5.8954386e-17 2.4677115e-17
 1.5604800e-17]","[1.3754173e-03 5.4554141e-04 8.2839822e-04 ... 6.7426390e-17 4.4554254e-17
 3.7599554e-17]",1.0134615384615384,0.9683604985618408
63,2019-01-11 11:17:51.577997,2019-01-11 11:17:59.769997,2019-01-11 11:18:24.770002,ID_12,CF,0.6451363699593685,0.75,0.7854091098781056,0.4,protB_CF,4,2019-01-11 11:15:00,0 days 00:02:51.577997,0 days 00:02:59.769997,0 days 00:03:24.770002,171.577997,179.769997,204.770002,"{'CZ': array([ 4.1856728,  3.8691978,  3.6632195, ..., -2.71426  , -3.2687035,
       -3.7320404], shape=(8192,), dtype=float32), 'C3': array([-0.82613325, -1.0571427 , -1.2580409 , ...,  1.7460523 ,
        1.795598  ,  1.8372321 ], shape=(8192,), dtype=float32), 'C4': array([ 3.2222443,  2.7622051,  2.2585964, ..., -1.5618649, -1.5143242,
       -1.3807087], shape=(8192,), dtype=float32)}",171578.0,179770.0,8192.0,ok,5.662431416567415,2.6861378573812544,0.7470595010090619,2.454743183989194,1.1146956179572953,1.0926116701739375,0.44424829684430733,0.36275213096814696,0.9318449738202617,0.5951994563702101,0.7040597392915515,0.29263551732583437,0.16384316222683992,0.5084874965177733,0.49972025067290815,"{'CZ': (array([0.00000000e+00, 4.88281250e-01, 9.76562500e-01, ...,
       4.99023438e+02, 4.99511719e+02, 5.00000000e+02], shape=(1025,)), array([1.2487234e-02, 5.1633418e-03, 1.1072426e-02, ..., 8.8669811e-17,
       9.3718690e-17, 1.1581211e-16], shape=(1025,), dtype=float32)), 'C3': (array([0.00000000e+00, 4.88281250e-01, 9.76562500e-01, ...,
       4.99023438e+02, 4.99511719e+02, 5.00000000e+02], shape=(1025,)), array([5.8026239e-03, 2.3042124e-03, 2.0183846e-03, ..., 3.4475068e-17,
       4.3087855e-17, 7.6552513e-18], shape=(1025,), dtype=float32)), 'C4': (array([0.00000000e+00, 4.88281250e-01, 9.76562500e-01, ...,
       4.99023438e+02, 4.99511719e+02, 5.00000000e+02], shape=(1025,)), array([5.2699200e-03, 1.7654228e-03, 1.8685132e-03, ..., 3.4179007e-17,
       6.6294728e-17, 1.0584126e-17], shape=(1025,), dtype=float32))}",1.445152310818441,0.5591389278126425,0.430229494613317,0.392971491112339,0.5875947892364946,6.563031500890654,2.763088169587312,3.7049906409667046,1.970678500134873,2.318130742141762,0.849998920868959,0.3723594933909844,0.4372542161002285,0.22147228748434486,0.5110706418138947,"[1.2487234e-02 5.1633418e-03 1.1072426e-02 ... 8.8669811e-17 9.3718690e-17
 1.1581211e-16]","[5.8026239e-03 2.3042124e-03 2.0183846e-03 ... 3.4475068e-17 4.3087855e-17
 7.6552513e-18]","[5.2699200e-03 1.7654228e-03 1.8685132e-03 ... 3.4179007e-17 6.6294728e-17
 1.0584126e-17]",0.7057692307692308,0.6097794822627037
64,2019-01-11 11:20:06.632002,2019-01-11 11:20:14.705002,2019-01-11 11:20:39.704997,ID_12,CF,0.4600796829519714,0.5625,0.6748819059987713,0.1428571428571429,protB_CF,4,2019-01-11 11:15:00,0 days 00:05:06.632002,0 days 00:05:14.705002,0 days 00:05:39.704997,306.632002,314.705002,339.704997,"{'CZ': array([ 8.273521 ,  8.633102 ,  8.884483 , ..., -3.0761795, -3.797989 ,
       -4.4931717], shape=(8073,), dtype=float32), 'C3': array([-0.2610321 , -0.33192825, -0.4461174 , ..., -1.1930636 ,
       -1.1609536 , -1.0915482 ], shape=(8073,), dtype=float32), 'C4': array([-0.16146278, -0.2562704 , -0.41911697, ..., -0.82941765,
       -0.8339826 , -0.7847643 ], shape=(8073,), dtype=float32)}",306632.0,314705.0,8073.0,ok,6.715796926073381,3.017363662365824,0.6774988614779431,1.8071660342684481,0.8460320839276392,1.6802105674287304,0.6793862194172107,0.42792751446540933,0.8318084410348092,0.5847523406714572,0.3330506006022915,0.28443418523238506,0.16542861703783274,0.3874375065606728,0.32508219544524763,"{'CZ': (array([0.00000000e+00, 4.88281250e-01, 9.76562500e-01, ...,
       4.99023438e+02, 4.99511719e+02, 5.00000000e+02], shape=(1025,)), array([1.9774200e-02, 7.9217860e-03, 1.7328722e-02, ..., 1.5256931e-16,
       4.7943134e-17, 2.8421711e-17], shape=(1025,), dtype=float32)), 'C3': (array([0.00000000e+00, 4.88281250e-01, 9.76562500e-01, ...,
       4.99023438e+02, 4.99511719e+02, 5.00000000e+02], shape=(1025,)), array([1.3323938e-03, 4.5879697e-04, 2.4713252e-03, ..., 5.1613036e-17,
       5.6911264e-17, 3.4342898e-17], shape=(1025,), dtype=float32)), 'C4': (array([0.00000000e+00, 4.88281250e-01, 9.76562500e-01, ...,
       4.99023438e+02, 4.99511719e+02, 5.00000000e+02], shape=(1025,)), array([8.2917575e-04, 3.8897854e-04, 7.1466173e-04, ..., 3.2005259e-17,
       4.2154937e-17, 7.4138221e-18], shape=(1025,), dtype=float32))}",1.713989756821769,0.6280859630342475,0.39016971523827454,0.28930306673464645,0.44597290599721234,10.092583836678807,4.225573938689146,4.370663328358792,1.7591198719006946,2.2774422304020474,0.4020861232479559,0.36192383646405124,0.4414853771149507,0.16874883143212913,0.3324659467867344,"[1.9774200e-02 7.9217860e-03 1.7328722e-02 ... 1.5256931e-16 4.7943134e-17
 2.8421711e-17]","[1.3323938e-03 4.5879697e-04 2.4713252e-03 ... 5.1613036e-17 5.6911264e-17
 3.4342898e-17]","[8.2917575e-04 3.8897854e-04 7.1466173e-04 ... 3.2005259e-17 4.2154937e-17
 7.4138221e-18]",0.8134615384615385,0.8571428571428571
65,2019-01-11 11:22:21.257001,2019-01-11 11:22:28.899003,2019-01-11 11:22:53.898999,ID_12,CF,0.4640647368109619,0.625,0.7671942104328858,0.0,protB_CF,4,2019-01-11 11:15:00,0 days 00:07:21.257001,0 days 00:07:28.899003,0 days 00:07:53.898999,441.257001,448.899003,473.898999,"{'CZ': array([2.1159286 , 2.0919952 , 2.09523   , ..., 0.88972425, 0.690783  ,
       0.49924803], shape=(7642,), dtype=float32), 'C3': array([2.7958488, 2.3849564, 1.8728943, ..., 2.6555405, 2.7691383,
       2.830761 ], shape=(7642,), dtype=float32), 'C4': array([-1.4634132 , -1.8724327 , -2.3030968 , ...,  0.6513175 ,
        0.5418886 ,  0.45973188], shape=(7642,), dtype=float32)}",441257.0,448899.0,7642.0,ok,6.2295443458424415,2.964267070638016,0.6227670310181566,1.2279636539460625,0.726444532460846,0.7687193246965762,0.4756502021336928,0.2892574448196683,0.6427003650060215,0.5601515151738568,0.25599113905627746,0.43136126987519674,0.11692261432472151,0.4112140582037682,0.30054199561391215,"{'CZ': (array([0.00000000e+00, 4.88281250e-01, 9.76562500e-01, ...,
       4.99023438e+02, 4.99511719e+02, 5.00000000e+02], shape=(1025,)), array([1.6807742e-02, 6.6822148e-03, 1.5887182e-02, ..., 2.6023629e-16,
       1.0458300e-16, 5.5659177e-17], shape=(1025,), dtype=float32)), 'C3': (array([0.00000000e+00, 4.88281250e-01, 9.76562500e-01, ...,
       4.99023438e+02, 4.99511719e+02, 5.00000000e+02], shape=(1025,)), array([1.9660473e-03, 6.7441893e-04, 1.3427903e-03, ..., 4.3452896e-17,
       2.7655540e-17, 4.7862949e-18], shape=(1025,), dtype=float32)), 'C4': (array([0.00000000e+00, 4.88281250e-01, 9.76562500e-01, ...,
       4.99023438e+02, 4.99511719e+02, 5.00000000e+02], shape=(1025,)), array([1.7714114e-03, 6.7788892e-04, 6.1409036e-04, ..., 3.1891545e-17,
       1.3800014e-17, 7.4138221e-18], shape=(1025,), dtype=float32))}",1.5898895270324684,0.6170335253167969,0.358649805878752,0.1965805267411895,0.382934152666318,4.6174952007641155,2.958398390524435,2.9543482571048467,1.3591915253389568,2.1816290886766936,0.3090535927658639,0.548878910485689,0.31203564052409655,0.179104734609587,0.30736835336090573,"[1.6807742e-02 6.6822148e-03 1.5887182e-02 ... 2.6023629e-16 1.0458300e-16
 5.5659177e-17]","[1.9660473e-03 6.7441893e-04 1.3427903e-03 ... 4.3452896e-17 2.7655540e-17
 4.7862949e-18]","[1.7714114e-03 6.7788892e-04 6.1409036e-04 ... 3.1891545e-17 1.3800014e-17
 7.4138221e-18]",0.8384615384615385,0.716203259827421
66,2019-01-11 11:24:35.351003,2019-01-11 11:24:42.951002,2019-01-11 11:25:07.950997,ID_12,CF,0.8104701424375594,0.7755102040816326,0.827328794659617,0.8285714285714285,protB_CF,6,2019-01-11 11:15:00,0 days 00:09:35.351003,0 days 00:09:42.951002,0 days 00:10:07.950997,575.351003,582.951002,607.950997,"{'CZ': array([ 4.473688 ,  3.95162  ,  3.3731747, ..., -4.165985 , -4.4153824,
       -4.658539 ], shape=(7600,), dtype=float32), 'C3': array([ 2.662815  ,  2.871851  ,  2.933278  , ..., -0.46847916,
       -0.7782326 , -1.1096039 ], shape=(7600,), dtype=float32), 'C4': array([ 0.8721962,  1.1968708,  1.6112099, ..., -3.031231 , -3.1788716,
       -3.3486693], shape=(7600,), dtype=float32)}",575351.0,582951.0,7600.0,ok,6.532129502375028,3.8363967032637447,1.0925053429673426,1.6356946362066083,0.9501374345290969,0.4265811467121239,0.44377209269441664,0.17151654719782528,0.4341906774243398,0.3875940650459597,0.7008050652075326,0.3604687371989712,0.2829021213983651,0.5601812063105172,0.4055257239201637,"{'CZ': (array([0.00000000e+00, 4.88281250e-01, 9.76562500e-01, ...,
       4.99023438e+02, 4.99511719e+02, 5.00000000e+02], shape=(1025,)), array([4.7621932e-03, 2.4263675e-03, 1.0098795e-02, ..., 1.3362305e-16,
       5.9236568e-17, 3.6514002e-17], shape=(1025,), dtype=float32)), 'C3': (array([0.00000000e+00, 4.88281250e-01, 9.76562500e-01, ...,
       4.99023438e+02, 4.99511719e+02, 5.00000000e+02], shape=(1025,)), array([9.1749203e-04, 3.8510293e-04, 8.3632843e-04, ..., 3.5589201e-17,
       1.6497702e-17, 6.4146215e-18], shape=(1025,), dtype=float32)), 'C4': (array([0.00000000e+00, 4.88281250e-01, 9.76562500e-01, ...,
       4.99023438e+02, 4.99511719e+02, 5.00000000e+02], shape=(1025,)), array([4.8315949e-03, 1.5596921e-03, 1.4997920e-03, ..., 1.8821749e-17,
       2.6388228e-17, 2.6151921e-18], shape=(1025,), dtype=float32))}",1.6671145927353408,0.7985735852805812,0.6291707968807251,0.2618527935578108,0.5008504533380314,2.562360974152908,2.7601263258116173,1.7517945392708574,0.9182323852123755,1.5095674366608893,0.8460696101800962,0.45867281454166564,0.7549911979474108,0.24398753955003788,0.4147366285773744,"[4.7621932e-03 2.4263675e-03 1.0098795e-02 ... 1.3362305e-16 5.9236568e-17
 3.6514002e-17]","[9.1749203e-04 3.8510293e-04 8.3632843e-04 ... 3.5589201e-17 1.6497702e-17
 6.4146215e-18]","[4.8315949e-03 1.5596921e-03 1.4997920e-03 ... 1.8821749e-17 2.6388228e-17
 2.6151921e-18]",0.8461538461538461,0.8533077660594439
67,2019-01-11 11:26:49.904005,2019-01-11 11:26:58.047996,2019-01-11 11:27:23.048001,ID_12,CF,0.5199851944803562,0.8125,0.7474555834410685,0.0,protB_CF,6,2019-01-11 11:15:00,0 days 00:11:49.904005,0 days 00:11:58.047996,0 days 00:12:23.048001,709.904005,718.047996,743.048001,"{'CZ': array([ 2.58535  ,  2.7358627,  2.969551 , ..., -3.084877 , -3.7925186,
       -4.4686813], shape=(8144,), dtype=float32), 'C3': array([ 0.46733093,  0.5528755 ,  0.6171074 , ...,  0.48150826,
        0.12644577, -0.23838425], shape=(8144,), dtype=float32), 'C4': array([3.506427 , 3.809543 , 4.108739 , ..., 1.1114298, 1.112275 ,
       1.2047684], shape=(8144,), dtype=float32)}",709904.0,718048.0,8144.0,ok,10.495889420781168,5.3452017600648105,1.1527160168043338,1.8164608627557755,1.0022881576787768,0.2654599757079268,0.3499926497170236,0.17150971052615205,0.4621013486030279,0.3715861915907226,0.40590065600554226,0.5727757816202939,0.283465024040197,0.8527057270839578,0.43904838480557373,"{'CZ': (array([0.00000000e+00, 4.88281250e-01, 9.76562500e-01, ...,
       4.99023438e+02, 4.99511719e+02, 5.00000000e+02], shape=(1025,)), array([4.1772041e-02, 1.8568287e-02, 1.9710047e-02, ..., 1.5720757e-16,
       1.1889084e-16, 1.3895058e-16], shape=(1025,), dtype=float32)), 'C3': (array([0.00000000e+00, 4.88281250e-01, 9.76562500e-01, ...,
       4.99023438e+02, 4.99511719e+02, 5.00000000e+02], shape=(1025,)), array([6.16669247e-04, 3.22041189e-04, 9.06425761e-04, ...,
       2.61091289e-17, 1.27371115e-17, 5.70222911e-18],
      shape=(1025,), dtype=float32)), 'C4': (array([0.00000000e+00, 4.88281250e-01, 9.76562500e-01, ...,
       4.99023438e+02, 4.99511719e+02, 5.00000000e+02], shape=(1025,)), array([5.70111501e-04, 2.48903089e-04, 9.83595150e-04, ...,
       9.08532502e-18, 2.56515739e-17, 1.16450065e-17],
      shape=(1025,), dtype=float32))}",2.678735994250986,1.112642217097009,0.6638459569452536,0.29079104422822794,0.5283409114361997,1.5945483929523099,2.176846949656496,1.7517247125147828,0.9772582544947738,1.4472213723697636,0.49003671184476366,0.7288195972236796,0.7564934367351007,0.3713969157974854,0.4490207061006407,"[4.1772041e-02 1.8568287e-02 1.9710047e-02 ... 1.5720757e-16 1.1889084e-16
 1.3895058e-16]","[6.16669247e-04 3.22041189e-04 9.06425761e-04 ... 2.61091289e-17
 1.27371115e-17 5.70222911e-18]","[5.70111501e-04 2.48903089e-04 9.83595150e-04 ... 9.08532502e-18
 2.56515739e-17 1.16450065e-17]",0.8346153846153846,0.9041227229146692
68,2019-01-11 11:29:04.996996,2019-01-11 11:29:12.586001,2019-01-11 11:29:37.585996,ID_12,CF,0.822996737099337,0.6875,0.781490211298011,1.0,protB_CF,6,2019-01-11 11:15:00,0 days 00:14:04.996996,0 days 00:14:12.586001,0 days 00:14:37.585996,844.996996,852.586001,877.585996,"{'CZ': array([-0.45495605, -0.7030029 , -0.9608002 , ..., -1.5182495 ,
       -1.3537292 , -1.143219  ], shape=(7589,), dtype=float32), 'C3': array([-0.12269211, -0.45708466, -0.76503944, ...,  0.9346957 ,
        0.99520636,  1.1244407 ], shape=(7589,), dtype=float32), 'C4': array([-1.0809135, -1.2579079, -1.295021 , ..., -1.6863022, -1.9849243,
       -2.1955643], shape=(7589,), dtype=float32)}",844997.0,852586.0,7589.0,ok,8.920226318878122,2.6885900733759627,0.8437303113169037,1.7773373183445074,1.4352783039157657,0.6516523853861145,0.32207133699557744,0.14761253260076046,0.48531748234381666,0.5897981229168181,0.7935955618449952,0.5752445795224048,0.26622513905749656,0.9540189530525822,0.9432709842940312,"{'CZ': (array([0.00000000e+00, 4.88281250e-01, 9.76562500e-01, ...,
       4.99023438e+02, 4.99511719e+02, 5.00000000e+02], shape=(1025,)), array([3.7361644e-02, 1.2577900e-02, 1.4234133e-02, ..., 1.9311095e-16,
       1.3445573e-16, 9.5528528e-17], shape=(1025,), dtype=float32)), 'C3': (array([0.00000000e+00, 4.88281250e-01, 9.76562500e-01, ...,
       4.99023438e+02, 4.99511719e+02, 5.00000000e+02], shape=(1025,)), array([7.3592114e-04, 2.6402579e-04, 1.9965866e-03, ..., 1.9768139e-17,
       2.5227121e-17, 1.0559454e-17], shape=(1025,), dtype=float32)), 'C4': (array([0.00000000e+00, 4.88281250e-01, 9.76562500e-01, ...,
       4.99023438e+02, 4.99511719e+02, 5.00000000e+02], shape=(1025,)), array([2.5289033e-03, 9.0142351e-04, 2.2179144e-03, ..., 6.5517039e-17,
       3.3378005e-17, 2.9605949e-17], shape=(1025,), dtype=float32))}",2.2765989959777406,0.5596493742211462,0.4859019461468637,0.2845278890089064,0.7565850613377108,3.9143048254635255,2.0031849471052214,1.5076494528525135,1.0263560517728574,2.297094101410896,0.9580939422177461,0.7319609805544364,0.7104847276054993,0.41552400262135053,0.9646959607869062,"[3.7361644e-02 1.2577900e-02 1.4234133e-02 ... 1.9311095e-16 1.3445573e-16
 9.5528528e-17]","[7.3592114e-04 2.6402579e-04 1.9965866e-03 ... 1.9768139e-17 2.5227121e-17
 1.0559454e-17]","[2.5289033e-03 9.0142351e-04 2.2179144e-03 ... 6.5517039e-17 3.3378005e-17
 2.9605949e-17]",0.8788461538461538,0.9616490891658676
69,2019-01-11 11:31:19.161999,2019-01-11 11:31:26.966000,2019-01-11 11:31:51.965996,ID_12,CF,0.4703851430507793,0.5,0.911155429152338,0.0,protB_CF,8,2019-01-11 11:15:00,0 days 00:16:19.161999,0 days 00:16:26.966000,0 days 00:16:51.965996,979.161999,986.966,1011.965996,"{'CZ': array([ 0.29212952, -0.03153992, -0.07211304, ..., -2.3259811 ,
       -1.8511124 , -1.2415237 ], shape=(7804,), dtype=float32), 'C3': array([-3.762436 , -3.6574707, -3.3536835, ..., -2.1000671, -2.0929298,
       -2.0093842], shape=(7804,), dtype=float32), 'C4': array([17.860306 , 16.135513 , 13.657257 , ..., -1.9639587, -1.8675537,
       -1.7356567], shape=(7804,), dtype=float32)}",979162.0,986966.0,7804.0,ok,8.71972534514498,3.8406412641052157,1.0507096740184352,2.027247035584878,1.1546522659955372,0.4015451852410479,0.33800291384977754,0.12875841366621898,0.45377234118859633,0.5354622094841943,1.2714025760942604,0.6716461139149033,0.3227638153475709,1.7090234032366425,3.9297970815823646,"{'CZ': (array([0.00000000e+00, 4.88281250e-01, 9.76562500e-01, ...,
       4.99023438e+02, 4.99511719e+02, 5.00000000e+02], shape=(1025,)), array([3.0810021e-02, 1.2622491e-02, 1.6786039e-02, ..., 2.0665567e-16,
       2.2453644e-16, 9.0199453e-17], shape=(1025,), dtype=float32)), 'C3': (array([0.00000000e+00, 4.88281250e-01, 9.76562500e-01, ...,
       4.99023438e+02, 4.99511719e+02, 5.00000000e+02], shape=(1025,)), array([9.5409499e-03, 3.6245042e-03, 6.6500978e-04, ..., 2.3162028e-17,
       1.0878740e-17, 7.7468897e-18], shape=(1025,), dtype=float32)), 'C4': (array([0.00000000e+00, 4.88281250e-01, 9.76562500e-01, ...,
       4.99023438e+02, 4.99511719e+02, 5.00000000e+02], shape=(1025,)), array([1.53164575e-02, 7.64226867e-03, 4.57117194e-03, ...,
       1.40148708e-16, 5.12495134e-17, 3.23691689e-17],
      shape=(1025,), dtype=float32))}",2.2254276131925965,0.7994571211688879,0.6051007870560381,0.3245350860419643,0.6086573266721866,2.4119765253362497,2.102274469431829,1.3150817785849207,0.9596439556572827,2.0854713420443725,1.534941933702335,0.8546256073110577,0.8613715528141942,0.7443670199781781,4.019056490062617,"[3.0810021e-02 1.2622491e-02 1.6786039e-02 ... 2.0665567e-16 2.2453644e-16
 9.0199453e-17]","[9.5409499e-03 3.6245042e-03 6.6500978e-04 ... 2.3162028e-17 1.0878740e-17
 7.7468897e-18]","[1.53164575e-02 7.64226867e-03 4.57117194e-03 ... 1.40148708e-16
 5.12495134e-17 3.23691689e-17]",0.8961538461538462,0.8053691275167785
70,2019-01-11 11:33:33.644000,2019-01-11 11:33:41.265996,2019-01-11 11:34:06.264996,ID_12,CF,0.5314858431944031,0.75,0.8444575295832093,0.0,protB_CF,8,2019-01-11 11:15:00,0 days 00:18:33.644000,0 days 00:18:41.265996,0 days 00:19:06.264996,1113.644,1121.265996,1146.264996,"{'CZ': array([ 2.8796973,  2.7728477,  2.6880333, ..., -4.6808167, -4.7053413,
       -4.677227 ], shape=(7622,), dtype=float32), 'C3': array([ 0.6810105 ,  0.6738746 ,  0.68661356, ..., -1.0570583 ,
       -1.0285339 , -0.9389782 ], shape=(7622,), dtype=float32), 'C4': array([ 0.4319954 ,  0.5379143 ,  0.616621  , ..., -1.0796051 ,
       -0.99162674, -0.74267197], shape=(7622,), dtype=float32)}",1113644.0,1121266.0,7622.0,ok,3.8550518693227787,2.4292066518682986,0.6469159889093135,2.0388211924000643,1.0065997158790196,0.3687380276460317,0.24557989308959804,0.12189047174615553,0.3865678763759206,0.2988056353387947,0.8131457107083406,0.4702942715084646,0.24041967844823375,0.743319304092438,0.669646218852904,"{'CZ': (array([0.00000000e+00, 4.88281250e-01, 9.76562500e-01, ...,
       4.99023438e+02, 4.99511719e+02, 5.00000000e+02], shape=(1025,)), array([3.3447335e-03, 1.9304203e-03, 1.0605414e-02, ..., 1.8878729e-16,
       7.1532667e-17, 2.4128850e-17], shape=(1025,), dtype=float32)), 'C3': (array([0.00000000e+00, 4.88281250e-01, 9.76562500e-01, ...,
       4.99023438e+02, 4.99511719e+02, 5.00000000e+02], shape=(1025,)), array([1.3747944e-03, 6.2875677e-04, 1.3484625e-03, ..., 1.7691095e-17,
       4.8221453e-18, 9.4368958e-18], shape=(1025,), dtype=float32)), 'C4': (array([0.00000000e+00, 4.88281250e-01, 9.76562500e-01, ...,
       4.99023438e+02, 4.99511719e+02, 5.00000000e+02], shape=(1025,)), array([1.4627428e-03, 6.7633373e-04, 1.6046216e-03, ..., 1.8756600e-17,
       4.1730147e-17, 1.4321876e-17], shape=(1025,), dtype=float32))}",0.9838771911614616,0.5056568481876677,0.37255712374957406,0.3263879534586854,0.530613683564429,2.214912541280049,1.527431623496342,1.2449356419691928,0.8175190339801754,1.1637620326945062,0.9816964925544438,0.598418600325225,0.6416167547438273,0.3237535391450268,0.6848562218492369,"[3.3447335e-03 1.9304203e-03 1.0605414e-02 ... 1.8878729e-16 7.1532667e-17
 2.4128850e-17]","[1.3747944e-03 6.2875677e-04 1.3484625e-03 ... 1.7691095e-17 4.8221453e-18
 9.4368958e-18]","[1.4627428e-03 6.7633373e-04 1.6046216e-03 ... 1.8756600e-17 4.1730147e-17
 1.4321876e-17]",0.9403846153846154,0.8456375838926175
71,2019-01-11 11:35:47.721003,2019-01-11 11:35:55.368005,2019-01-11 11:36:20.367004,ID_12,CF,0.6648724223121572,0.875,0.7862839336031381,0.3333333333333333,protB_CF,8,2019-01-11 11:15:00,0 days 00:20:47.721003,0 days 00:20:55.368005,0 days 00:21:20.367004,1247.721003,1255.368005,1280.367004,"{'CZ': array([-0.9998398 , -0.31739616,  0.2028923 , ..., -1.4182682 ,
       -1.9360769 , -2.5785635 ], shape=(7647,), dtype=float32), 'C3': array([-2.7654257 , -2.2408967 , -1.5769105 , ..., -0.14442587,
       -0.09256649, -0.08218956], shape=(7647,), dtype=float32), 'C4': array([4.2561874, 5.23386  , 5.8997307, ..., 3.0825844, 3.21797  ,
       3.252325 ], shape=(7647,), dtype=float32)}",1247721.0,1255368.0,7647.0,ok,4.211295654386049,3.601648146286607,1.1834610922960564,2.845513605279848,1.752342331201362,1.8638708088474232,0.433434484875761,0.15722226544312434,0.7896106781117851,1.580569451334668,1.9327716909174342,0.5878477677470073,0.29535019166360144,1.265699151190347,2.4906590679165674,"{'CZ': (array([0.00000000e+00, 4.88281250e-01, 9.76562500e-01, ...,
       4.99023438e+02, 4.99511719e+02, 5.00000000e+02], shape=(1025,)), array([1.3457105e-02, 4.9822107e-03, 2.8038206e-02, ..., 1.3384355e-16,
       1.3575135e-16, 9.3998879e-17], shape=(1025,), dtype=float32)), 'C3': (array([0.00000000e+00, 4.88281250e-01, 9.76562500e-01, ...,
       4.99023438e+02, 4.99511719e+02, 5.00000000e+02], shape=(1025,)), array([4.4231028e-03, 1.5775682e-03, 2.8613668e-03, ..., 7.1152965e-17,
       2.6391543e-16, 1.6776703e-17], shape=(1025,), dtype=float32)), 'C4': (array([0.00000000e+00, 4.88281250e-01, 9.76562500e-01, ...,
       4.99023438e+02, 4.99511719e+02, 5.00000000e+02], shape=(1025,)), array([1.6069111e-03, 4.5135818e-04, 1.7708462e-03, ..., 8.6190314e-17,
       1.4669011e-16, 2.1365625e-17], shape=(1025,), dtype=float32))}",1.0747968847214735,0.7497089836023465,0.681551960647483,0.4555285993828802,0.923720526200094,11.195782697533163,2.695829575394201,1.6057990354562748,1.6698794655214335,6.155863544589779,2.333401215668129,0.7479977105635244,0.7882118165671289,0.5512766551799014,2.547230628868181,"[1.3457105e-02 4.9822107e-03 2.8038206e-02 ... 1.3384355e-16 1.3575135e-16
 9.3998879e-17]","[4.4231028e-03 1.5775682e-03 2.8613668e-03 ... 7.1152965e-17 2.6391543e-16
 1.6776703e-17]","[1.6069111e-03 4.5135818e-04 1.7708462e-03 ... 8.6190314e-17 1.4669011e-16
 2.1365625e-17]",0.9634615384615384,0.7660594439117929
72,2019-01-11 11:18:36.788997,2019-01-11 11:18:44.599003,2019-01-11 11:19:09.600004,ID_12,CF,0.6391419222978835,0.75,0.7674257668936506,0.4,protB_CF,4,2019-01-11 11:15:00,0 days 00:03:36.788997,0 days 00:03:44.599003,0 days 00:04:09.600004,216.788997,224.599003,249.600004,"{'CZ': array([5.3682404 , 5.51482   , 5.644765  , ..., 0.67687225, 0.47853088,
       0.21948242], shape=(7810,), dtype=float32), 'C3': array([2.1749344, 1.9106903, 1.6044693, ..., 2.0736141, 1.9779177,
       1.7556095], shape=(7810,), dtype=float32), 'C4': array([-0.11944199,  0.12855148,  0.29662514, ..., -0.2774105 ,
       -0.78828526, -1.2644243 ], shape=(7810,), dtype=float32)}",216789.0,224599.0,7810.0,ok,6.449766633522813,2.434424779494293,0.5839444911543978,1.3604379564640112,0.9904691401061427,0.38962684902799083,0.5075519839010667,0.3863113342958968,0.8899392523744609,0.5838693158466413,0.3194519376847893,0.21410035878943745,0.14495909272227436,0.4327694077801425,0.3946802175960329,"{'CZ': (array([0.00000000e+00, 4.88281250e-01, 9.76562500e-01, ...,
       4.99023438e+02, 4.99511719e+02, 5.00000000e+02], shape=(1025,)), array([1.7208602e-02, 7.2478470e-03, 1.2449888e-02, ..., 1.7450239e-16,
       7.3669466e-17, 4.8159011e-17], shape=(1025,), dtype=float32)), 'C3': (array([0.00000000e+00, 4.88281250e-01, 9.76562500e-01, ...,
       4.99023438e+02, 4.99511719e+02, 5.00000000e+02], shape=(1025,)), array([1.2838780e-03, 4.9488706e-04, 2.5066284e-03, ..., 1.0352155e-17,
       2.7547411e-17, 1.5641808e-17], shape=(1025,), dtype=float32)), 'C4': (array([0.00000000e+00, 4.88281250e-01, 9.76562500e-01, ...,
       4.99023438e+02, 4.99511719e+02, 5.00000000e+02], shape=(1025,)), array([7.7271141e-04, 3.5595408e-04, 1.0452223e-03, ..., 2.3180531e-17,
       1.8977972e-17, 4.6783565e-18], shape=(1025,), dtype=float32))}",1.6460941367702302,0.5067430390091738,0.33629201284803645,0.21778788746800293,0.5221106966334351,2.3403862081725615,3.1568176898584728,3.9456139768103458,1.8820557070673543,2.2740031026095533,0.38566869705516077,0.2724286575402134,0.3868576118368838,0.18849319078775667,0.4036447829489325,"[1.7208602e-02 7.2478470e-03 1.2449888e-02 ... 1.7450239e-16 7.3669466e-17
 4.8159011e-17]","[1.2838780e-03 4.9488706e-04 2.5066284e-03 ... 1.0352155e-17 2.7547411e-17
 1.5641808e-17]","[7.7271141e-04 3.5595408e-04 1.0452223e-03 ... 2.3180531e-17 1.8977972e-17
 4.6783565e-18]",0.8192307692307692,0.7766059443911792
73,2019-01-11 11:20:51.720995,2019-01-11 11:20:59.533003,2019-01-11 11:21:24.534004,ID_12,CF,0.3545708952116432,0.4375,0.6262126856349297,0.0,protB_CF,4,2019-01-11 11:15:00,0 days 00:05:51.720995,0 days 00:05:59.533003,0 days 00:06:24.534004,351.720995,359.533003,384.534004,"{'CZ': array([-1.6286011, -1.6718903, -1.6859779, ..., -3.8936005, -3.632286 ,
       -3.3517456], shape=(7812,), dtype=float32), 'C3': array([-0.7199602 , -0.46608925, -0.15733624, ..., -2.3996277 ,
       -2.0666504 , -1.7998962 ], shape=(7812,), dtype=float32), 'C4': array([-1.1341896 , -1.0992794 , -0.99222183, ...,  0.3407116 ,
        0.14036942, -0.08244133], shape=(7812,), dtype=float32)}",351721.0,359533.0,7812.0,ok,6.9274008437787415,3.084814190515317,0.6153241265565157,1.7558737999934237,0.660243263951088,0.23387929559248732,0.4317794373491779,0.32654379356245045,0.7843363337087794,0.5089770632480395,0.38292544786600047,0.298135000775801,0.16497579326824052,0.4402964327709924,0.26453496724343495,"{'CZ': (array([0.00000000e+00, 4.88281250e-01, 9.76562500e-01, ...,
       4.99023438e+02, 4.99511719e+02, 5.00000000e+02], shape=(1025,)), array([1.0345458e-02, 4.7574332e-03, 1.5815442e-02, ..., 1.5676965e-16,
       1.3895058e-16, 9.6318029e-17], shape=(1025,), dtype=float32)), 'C3': (array([0.00000000e+00, 4.88281250e-01, 9.76562500e-01, ...,
       4.99023438e+02, 4.99511719e+02, 5.00000000e+02], shape=(1025,)), array([1.0319169e-03, 3.9251268e-04, 9.5820212e-04, ..., 3.8458432e-17,
       3.6480170e-17, 3.2023765e-17], shape=(1025,), dtype=float32)), 'C4': (array([0.00000000e+00, 4.88281250e-01, 9.76562500e-01, ...,
       4.99023438e+02, 4.99511719e+02, 5.00000000e+02], shape=(1025,)), array([2.2642605e-03, 8.9858891e-04, 5.0939841e-04, ..., 1.3014280e-17,
       8.5255876e-18, 2.8619082e-18], shape=(1025,), dtype=float32))}",1.7679948066234168,0.6421262759267033,0.35436345784266954,0.28109186732404917,0.3480371639363685,1.404851537175376,2.6855356873291463,3.3351746157512663,1.6587252098143948,1.9823193128497039,0.46229914777811093,0.3793572252112869,0.440276909823954,0.19177159478803493,0.2705434796954276,"[1.0345458e-02 4.7574332e-03 1.5815442e-02 ... 1.5676965e-16 1.3895058e-16
 9.6318029e-17]","[1.0319169e-03 3.9251268e-04 9.5820212e-04 ... 3.8458432e-17 3.6480170e-17
 3.2023765e-17]","[2.2642605e-03 8.9858891e-04 5.0939841e-04 ... 1.3014280e-17 8.5255876e-18
 2.8619082e-18]",0.8384615384615385,0.6279961649089166
74,2019-01-11 11:23:05.912995,2019-01-11 11:23:13.507995,2019-01-11 11:23:38.508000,ID_12,CF,0.5722426609655904,0.6875,0.8292279828967711,0.1999999999999999,protB_CF,4,2019-01-11 11:15:00,0 days 00:08:05.912995,0 days 00:08:13.507995,0 days 00:08:38.508000,485.912995,493.507995,518.508,"{'CZ': array([-0.316864  , -0.08856201,  0.17572021, ...,  0.01787567,
        0.6480713 ,  1.3737946 ], shape=(7595,), dtype=float32), 'C3': array([-1.8462582, -1.7492104, -1.6345978, ..., -1.3941939, -1.4009764,
       -1.343631 ], shape=(7595,), dtype=float32), 'C4': array([-0.90919113, -0.69872284, -0.5494938 , ..., -0.86789894,
       -0.8899288 , -0.9731865 ], shape=(7595,), dtype=float32)}",485913.0,493508.0,7595.0,ok,7.282753096660599,4.045917536132038,1.408393269230146,1.6259049316431629,0.9068917388503905,0.39035862073433236,0.3136014493065886,0.17745166951499414,0.45762537820337457,0.30431462488422767,0.5590669638877444,0.7229376860777847,0.3659588419395732,0.5793666100544215,0.47375075627087426,"{'CZ': (array([0.00000000e+00, 4.88281250e-01, 9.76562500e-01, ...,
       4.99023438e+02, 4.99511719e+02, 5.00000000e+02], shape=(1025,)), array([1.1725191e-02, 3.7008487e-03, 8.0793258e-03, ..., 2.3951365e-16,
       5.0740275e-16, 1.9737297e-17], shape=(1025,), dtype=float32)), 'C3': (array([0.00000000e+00, 4.88281250e-01, 9.76562500e-01, ...,
       4.99023438e+02, 4.99511719e+02, 5.00000000e+02], shape=(1025,)), array([7.9331693e-04, 3.5904502e-04, 5.3391588e-04, ..., 1.6915481e-17,
       2.7928274e-17, 1.0476187e-17], shape=(1025,), dtype=float32)), 'C4': (array([0.00000000e+00, 4.88281250e-01, 9.76562500e-01, ...,
       4.99023438e+02, 4.99511719e+02, 5.00000000e+02], shape=(1025,)), array([2.1146589e-03, 7.3345145e-04, 4.9193669e-04, ..., 6.9848448e-17,
       3.9411374e-17, 1.8010285e-17], shape=(1025,), dtype=float32))}",1.8586869654554374,0.8421868546153879,0.8110897774798971,0.26028559303559795,0.47805414461630047,2.3447817687283217,1.9505048431241359,1.812413266938743,0.9677924110533751,1.1852179629490234,0.674951697246936,0.9198907671943403,0.9766476939433872,0.2523437632184102,0.4845112895487868,"[1.1725191e-02 3.7008487e-03 8.0793258e-03 ... 2.3951365e-16 5.0740275e-16
 1.9737297e-17]","[7.9331693e-04 3.5904502e-04 5.3391588e-04 ... 1.6915481e-17 2.7928274e-17
 1.0476187e-17]","[2.1146589e-03 7.3345145e-04 4.9193669e-04 ... 6.9848448e-17 3.9411374e-17
 1.8010285e-17]",0.8384615384615385,0.6845637583892618
75,2019-01-11 11:25:19.965004,2019-01-11 11:25:27.563997,2019-01-11 11:25:52.564002,ID_12,CF,0.5178770463790756,0.6875,0.8661311391372267,0.0,protB_CF,6,2019-01-11 11:15:00,0 days 00:10:19.965004,0 days 00:10:27.563997,0 days 00:10:52.564002,619.965004,627.563997,652.564002,"{'CZ': array([ 5.954685 ,  6.151043 ,  6.172924 , ..., -2.5874863, -2.5100555,
       -2.3498383], shape=(7599,), dtype=float32), 'C3': array([0.48757172, 0.9224739 , 1.3492355 , ..., 1.4971924 , 1.829853  ,
       2.1316795 ], shape=(7599,), dtype=float32), 'C4': array([-1.3619041 , -1.5949287 , -1.8530769 , ..., -0.06782913,
       -0.17710495, -0.20041656], shape=(7599,), dtype=float32)}",619965.0,627564.0,7599.0,ok,7.8615676357003395,4.75429417565465,1.1300551341264509,1.7104786911659176,1.0823356103628612,0.26675063236325514,0.41303331090603024,0.19071140832238598,0.43049621490354184,0.4639841634457298,0.5006786004742025,0.5554310155275743,0.34183654497610405,0.6748081323166844,0.6826870899203641,"{'CZ': (array([0.00000000e+00, 4.88281250e-01, 9.76562500e-01, ...,
       4.99023438e+02, 4.99511719e+02, 5.00000000e+02], shape=(1025,)), array([1.1926628e-02, 5.6795031e-03, 2.3559734e-02, ..., 1.3954271e-16,
       1.1337228e-16, 2.6808182e-16], shape=(1025,), dtype=float32)), 'C3': (array([0.00000000e+00, 4.88281250e-01, 9.76562500e-01, ...,
       4.99023438e+02, 4.99511719e+02, 5.00000000e+02], shape=(1025,)), array([1.4927071e-03, 6.7051570e-04, 1.8023242e-03, ..., 1.5105201e-17,
       1.7340295e-17, 3.3676764e-18], shape=(1025,), dtype=float32)), 'C4': (array([0.00000000e+00, 4.88281250e-01, 9.76562500e-01, ...,
       4.99023438e+02, 4.99511719e+02, 5.00000000e+02], shape=(1025,)), array([3.7889483e-03, 1.3158727e-03, 2.3312124e-03, ..., 4.2677375e-17,
       5.7576244e-17, 1.1842378e-18], shape=(1025,), dtype=float32))}",2.006410638749067,0.989640550493953,0.6507956174624833,0.2738247186783151,0.5705367049165907,1.6023010286937949,2.5689405296918797,1.9478424043277762,0.9104192853257682,1.8070849051338396,0.6044604546390935,0.7067495205143,0.9122716412235577,0.2939134230451834,0.6981932966171385,"[1.1926628e-02 5.6795031e-03 2.3559734e-02 ... 1.3954271e-16 1.1337228e-16
 2.6808182e-16]","[1.4927071e-03 6.7051570e-04 1.8023242e-03 ... 1.5105201e-17 1.7340295e-17
 3.3676764e-18]","[3.7889483e-03 1.3158727e-03 2.3312124e-03 ... 4.2677375e-17 5.7576244e-17
 1.1842378e-18]",0.8615384615384616,0.862895493767977
76,2019-01-11 11:27:35.061998,2019-01-11 11:27:43.260002,2019-01-11 11:28:08.259001,ID_12,CF,0.5122825142324611,0.8125,0.7243475426973831,0.0,protB_CF,6,2019-01-11 11:15:00,0 days 00:12:35.061998,0 days 00:12:43.260002,0 days 00:13:08.259001,755.061998,763.260002,788.259001,"{'CZ': array([-0.22232246, -0.13007069, -0.00693417, ...,  1.4581146 ,
        1.4487076 ,  1.3887024 ], shape=(8198,), dtype=float32), 'C3': array([ 0.7205639 ,  0.6064472 ,  0.4712124 , ..., -0.13186646,
       -0.1025176 , -0.03863668], shape=(8198,), dtype=float32), 'C4': array([ 2.933455  ,  2.7494237 ,  2.5952454 , ..., -0.560379  ,
       -0.7020283 , -0.93059444], shape=(8198,), dtype=float32)}",755062.0,763260.0,8198.0,ok,6.920063900906825,3.4235730418004096,1.1919185417355038,1.8137686020054389,0.9333385658010229,0.4600963420671178,0.42866720468737185,0.24758133804425597,0.3913960908903391,0.3448030892627685,0.5497898819157854,0.5104295123601332,0.3585952526918845,0.8202919070754433,0.4061731896740639,"{'CZ': (array([0.00000000e+00, 4.88281250e-01, 9.76562500e-01, ...,
       4.99023438e+02, 4.99511719e+02, 5.00000000e+02], shape=(1025,)), array([2.8045358e-02, 1.1284626e-02, 1.5598564e-02, ..., 1.4786057e-16,
       1.1883087e-16, 3.4268882e-17], shape=(1025,), dtype=float32)), 'C3': (array([0.00000000e+00, 4.88281250e-01, 9.76562500e-01, ...,
       4.99023438e+02, 4.99511719e+02, 5.00000000e+02], shape=(1025,)), array([1.7337435e-03, 6.9677405e-04, 1.1407861e-03, ..., 1.9050899e-17,
       1.6206902e-17, 8.3848271e-18], shape=(1025,), dtype=float32)), 'C4': (array([0.00000000e+00, 4.88281250e-01, 9.76562500e-01, ...,
       4.99023438e+02, 4.99511719e+02, 5.00000000e+02], shape=(1025,)), array([1.5199763e-03, 8.6528773e-04, 2.2959483e-03, ..., 4.1555383e-17,
       6.4333707e-17, 1.2688262e-17], shape=(1025,), dtype=float32))}",1.7661222894720974,0.7126413689529602,0.6864225823223782,0.2903600493573903,0.49199518597116676,2.763677955179033,2.666178554595212,2.5286868415737267,0.8277298080948824,1.3429088898702137,0.6637516396028039,0.6494880606806209,0.9569962150508813,0.35727904089878454,0.4153988005384921,"[2.8045358e-02 1.1284626e-02 1.5598564e-02 ... 1.4786057e-16 1.1883087e-16
 3.4268882e-17]","[1.7337435e-03 6.9677405e-04 1.1407861e-03 ... 1.9050899e-17 1.6206902e-17
 8.3848271e-18]","[1.5199763e-03 8.6528773e-04 2.2959483e-03 ... 4.1555383e-17 6.4333707e-17
 1.2688262e-17]",0.9096153846153846,0.9683604985618408
77,2019-01-11 11:29:49.600003,2019-01-11 11:29:57.200998,2019-01-11 11:30:22.201003,ID_12,CF,0.822996737099337,0.6875,0.781490211298011,1.0,protB_CF,6,2019-01-11 11:15:00,0 days 00:14:49.600003,0 days 00:14:57.200998,0 days 00:15:22.201003,889.600003,897.200998,922.201003,"{'CZ': array([-3.7915497, -4.3470154, -4.855377 , ..., -1.326416 , -1.9483414,
       -2.4391785], shape=(7601,), dtype=float32), 'C3': array([-2.4485102, -2.2812805, -2.0380478, ..., -0.8448334, -1.1827774,
       -1.4576283], shape=(7601,), dtype=float32), 'C4': array([0.56447124, 0.6721382 , 0.7770853 , ..., 0.32459378, 0.31121874,
       0.4198637 ], shape=(7601,), dtype=float32)}",889600.0,897201.0,7601.0,ok,1.80390713376255,2.0329950202722102,0.5310955602908507,2.0857786930719158,1.111669111082847,0.3081918262068939,0.21221835595497396,0.1848149076977279,0.5031024993513711,0.4544287537555647,0.4485263161768671,0.5939160510024521,0.2823409413394984,0.9404081047250656,0.7787529036704655,"{'CZ': (array([0.00000000e+00, 4.88281250e-01, 9.76562500e-01, ...,
       4.99023438e+02, 4.99511719e+02, 5.00000000e+02], shape=(1025,)), array([1.0946354e-02, 4.9700341e-03, 3.9805095e-03, ..., 7.5344434e-17,
       1.2989647e-16, 3.1295955e-17], shape=(1025,), dtype=float32)), 'C3': (array([0.00000000e+00, 4.88281250e-01, 9.76562500e-01, ...,
       4.99023438e+02, 4.99511719e+02, 5.00000000e+02], shape=(1025,)), array([6.5657898e-04, 2.4403300e-04, 1.1404109e-03, ..., 2.0256943e-17,
       6.8935020e-18, 6.5133082e-18], shape=(1025,), dtype=float32)), 'C4': (array([0.00000000e+00, 4.88281250e-01, 9.76562500e-01, ...,
       4.99023438e+02, 4.99511719e+02, 5.00000000e+02], shape=(1025,)), array([7.4560684e-04, 2.5903681e-04, 1.3707904e-03, ..., 3.6760717e-17,
       6.7209761e-17, 2.2500522e-17], shape=(1025,), dtype=float32))}",0.46038889852711784,0.42318254543780287,0.30585646014364454,0.33390522010323037,0.5859994123099456,1.851227402129857,1.3199330934384237,1.8876181416321816,1.0639680490749759,1.7698693319012704,0.5414979204964765,0.7557192028123088,0.7534935562796362,0.40959578268606994,0.7964411003103581,"[1.0946354e-02 4.9700341e-03 3.9805095e-03 ... 7.5344434e-17 1.2989647e-16
 3.1295955e-17]","[6.5657898e-04 2.4403300e-04 1.1404109e-03 ... 2.0256943e-17 6.8935020e-18
 6.5133082e-18]","[7.4560684e-04 2.5903681e-04 1.3707904e-03 ... 3.6760717e-17 6.7209761e-17
 2.2500522e-17]",0.8480769230769231,1.0047938638542666
78,2019-01-11 11:32:03.980002,2019-01-11 11:32:11.818000,2019-01-11 11:32:36.817995,ID_12,CF,0.4896089890583219,0.5625,0.9063269671749656,0.0,protB_CF,8,2019-01-11 11:15:00,0 days 00:17:03.980002,0 days 00:17:11.818000,0 days 00:17:36.817995,1023.980002,1031.818,1056.817995,"{'CZ': array([-0.27832794,  0.565773  ,  1.3699722 , ..., -1.8776855 ,
       -1.8345261 , -1.8448792 ], shape=(7838,), dtype=float32), 'C3': array([-1.7009331, -1.3886511, -0.9791906, ...,  1.3290381,  1.203938 ,
        1.0334344], shape=(7838,), dtype=float32), 'C4': array([ 3.9915237 ,  3.7851453 ,  3.5727186 , ...,  0.3568244 ,
        0.05691719, -0.21664   ], shape=(7838,), dtype=float32)}",1023980.0,1031818.0,7838.0,ok,3.8603214670729358,2.1453070803545415,0.7213758799480274,1.4492150621663313,0.9553958075230184,1.3366044477152172,0.441759006207576,0.2074918902508216,0.37581414107989985,0.3353919803998906,1.3499982233042829,0.9778079984243959,0.40625035398988985,0.6743716194250737,0.6411124776377619,"{'CZ': (array([0.00000000e+00, 4.88281250e-01, 9.76562500e-01, ...,
       4.99023438e+02, 4.99511719e+02, 5.00000000e+02], shape=(1025,)), array([6.5674689e-03, 2.9990030e-03, 6.3249678e-03, ..., 1.4151643e-16,
       9.3087578e-17, 4.4717318e-17], shape=(1025,), dtype=float32)), 'C3': (array([0.00000000e+00, 4.88281250e-01, 9.76562500e-01, ...,
       4.99023438e+02, 4.99511719e+02, 5.00000000e+02], shape=(1025,)), array([6.3359248e-03, 1.8162198e-03, 1.4928192e-03, ..., 2.5911371e-17,
       3.5244568e-17, 2.8622166e-17], shape=(1025,), dtype=float32)), 'C4': (array([0.00000000e+00, 4.88281250e-01, 9.76562500e-01, ...,
       4.99023438e+02, 4.99511719e+02, 5.00000000e+02], shape=(1025,)), array([1.6673674e-03, 8.0924545e-04, 5.5154175e-03, ..., 4.8455072e-17,
       6.5673892e-17, 7.7098825e-18], shape=(1025,), dtype=float32))}",0.9852220853960199,0.44656110908162355,0.41543836847945,0.23199991251079535,0.5036223244401644,8.028632069424122,2.747605545212891,2.119230862694198,0.7947768874435808,1.3062553268684518,1.6298290740758765,1.244196515358587,1.0841751200355583,0.2937232993759026,0.6556743797755216,"[6.5674689e-03 2.9990030e-03 6.3249678e-03 ... 1.4151643e-16 9.3087578e-17
 4.4717318e-17]","[6.3359248e-03 1.8162198e-03 1.4928192e-03 ... 2.5911371e-17 3.5244568e-17
 2.8622166e-17]","[1.6673674e-03 8.0924545e-04 5.5154175e-03 ... 4.8455072e-17 6.5673892e-17
 7.7098825e-18]",0.8442307692307692,0.8609779482262704
79,2019-01-11 11:34:18.279002,2019-01-11 11:34:25.924002,2019-01-11 11:34:50.923997,ID_12,CF,0.5167701290807313,0.75,0.8003103872421938,0.0,protB_CF,8,2019-01-11 11:15:00,0 days 00:19:18.279002,0 days 00:19:25.924002,0 days 00:19:50.923997,1158.279002,1165.924002,1190.923997,"{'CZ': array([ 4.0855865,  3.728012 ,  3.4232483, ..., -7.0173836, -7.769043 ,
       -8.450903 ], shape=(7645,), dtype=float32), 'C3': array([ 1.1951599,  0.8860669,  0.5802636, ..., -3.362831 , -4.366539 ,
       -5.08947  ], shape=(7645,), dtype=float32), 'C4': array([ 0.6437588 ,  0.5185261 ,  0.32927132, ...,  5.0905085 ,
        8.796111  , 11.810063  ], shape=(7645,), dtype=float32)}",1158279.0,1165924.0,7645.0,ok,5.141366244060919,2.9718043806497008,1.045609897118993,1.8044172356894705,1.4324175049296173,0.5692338818334974,0.6493546716228593,0.1912933048515697,0.67343612863624,0.7997319362402777,1.5573394994135015,0.8131309223244898,0.28364952049741987,2.3384329924738267,4.840796927055635,"{'CZ': (array([0.00000000e+00, 4.88281250e-01, 9.76562500e-01, ...,
       4.99023438e+02, 4.99511719e+02, 5.00000000e+02], shape=(1025,)), array([6.8262920e-02, 2.9573128e-02, 2.6313884e-02, ..., 1.2059489e-16,
       2.5836472e-16, 4.5001037e-17], shape=(1025,), dtype=float32)), 'C3': (array([0.00000000e+00, 4.88281250e-01, 9.76562500e-01, ...,
       4.99023438e+02, 4.99511719e+02, 5.00000000e+02], shape=(1025,)), array([1.9241084e-03, 7.2668772e-04, 2.5699432e-03, ..., 6.4294248e-17,
       2.9357788e-17, 9.1284997e-18], shape=(1025,), dtype=float32)), 'C4': (array([0.00000000e+00, 4.88281250e-01, 9.76562500e-01, ...,
       4.99023438e+02, 4.99511719e+02, 5.00000000e+02], shape=(1025,)), array([7.2078430e-03, 2.6669085e-03, 1.6332750e-03, ..., 8.5814066e-17,
       6.1273510e-17, 3.1579677e-18], shape=(1025,), dtype=float32))}",1.3121672938288216,0.6186024706436141,0.6021638396842102,0.28886302091502924,0.7550770347964436,3.4192385088224237,4.038786921126196,1.9537856394202422,1.4241919387907573,3.1147259410768684,1.8801485442983423,1.0346557419418247,0.7569858091519891,1.0185070577324176,4.950748321825369,"[6.8262920e-02 2.9573128e-02 2.6313884e-02 ... 1.2059489e-16 2.5836472e-16
 4.5001037e-17]","[1.9241084e-03 7.2668772e-04 2.5699432e-03 ... 6.4294248e-17 2.9357788e-17
 9.1284997e-18]","[7.2078430e-03 2.6669085e-03 1.6332750e-03 ... 8.5814066e-17 6.1273510e-17
 3.1579677e-18]",0.975,0.9156279961649088
80,2019-01-11 11:36:32.381001,2019-01-11 11:36:40.023999,2019-01-11 11:37:05.024004,ID_12,CF,0.6324206923810857,0.75,0.8139287438099234,0.3333333333333333,protB_CF,8,2019-01-11 11:15:00,0 days 00:21:32.381001,0 days 00:21:40.023999,0 days 00:22:05.024004,1292.381001,1300.023999,1325.024004,"{'CZ': array([ 3.5010376,  2.3894043,  1.2154846, ..., -1.4298096, -1.8487282,
       -2.143425 ], shape=(7643,), dtype=float32), 'C3': array([-1.7643852, -1.8119087, -1.8033295, ..., -0.8275907, -0.7289835,
       -0.5993624], shape=(7643,), dtype=float32), 'C4': array([ 2.2338505,  1.7277737,  1.1917038, ..., -1.0984716, -1.5198774,
       -1.8172264], shape=(7643,), dtype=float32)}",1292381.0,1300024.0,7643.0,ok,6.474385376350256,2.7977849094895646,0.8838937792461365,1.9460212479316397,1.178689711196057,1.270224602194503,0.4034804878756404,0.20386451615195256,0.5535449708986562,0.5651195800737696,1.057005591064808,0.5341578071238473,0.3552140806277748,1.106201811126084,1.1787717207880632,"{'CZ': (array([0.00000000e+00, 4.88281250e-01, 9.76562500e-01, ...,
       4.99023438e+02, 4.99511719e+02, 5.00000000e+02], shape=(1025,)), array([5.7081845e-02, 2.3888942e-02, 2.4264125e-02, ..., 1.7865423e-16,
       8.7141717e-17, 1.1131835e-16], shape=(1025,), dtype=float32)), 'C3': (array([0.00000000e+00, 4.88281250e-01, 9.76562500e-01, ...,
       4.99023438e+02, 4.99511719e+02, 5.00000000e+02], shape=(1025,)), array([2.6215049e-03, 1.1844265e-03, 4.6486682e-03, ..., 2.0281615e-17,
       2.1412654e-17, 1.5987213e-17], shape=(1025,), dtype=float32)), 'C4': (array([0.00000000e+00, 4.88281250e-01, 9.76562500e-01, ...,
       4.99023438e+02, 4.99511719e+02, 5.00000000e+02], shape=(1025,)), array([6.0908902e-03, 2.5801493e-03, 3.5379778e-03, ..., 7.1751248e-17,
       4.4694183e-17, 2.2380243e-17], shape=(1025,), dtype=float32))}",1.6523772739014682,0.5823790652604438,0.5090319759313352,0.31153192583398065,0.6213282991949515,7.629905761560917,2.509524899989011,2.0821824598309906,1.1706444780568999,2.2009782729714455,1.2761042303904453,0.6796807587440303,0.9479727579819472,0.4818074135690291,1.2055457410101011,"[5.7081845e-02 2.3888942e-02 2.4264125e-02 ... 1.7865423e-16 8.7141717e-17
 1.1131835e-16]","[2.6215049e-03 1.1844265e-03 4.6486682e-03 ... 2.0281615e-17 2.1412654e-17
 1.5987213e-17]","[6.0908902e-03 2.5801493e-03 3.5379778e-03 ... 7.1751248e-17 4.4694183e-17
 2.2380243e-17]",0.9346153846153846,0.9587727708533078
81,2019-01-16 10:27:24.697000,2019-01-16 10:27:46.204005,2019-01-16 10:28:11.206001,ID_18,CF,0.5444405648362717,0.6875,0.7458216945088149,0.1999999999999999,protB_CF,4,2019-01-16 10:27:13,0 days 00:00:11.697000,0 days 00:00:33.204005,0 days 00:00:58.206001,11.697,33.204005,58.206001,"{'CZ': array([0.7482605 , 0.75748825, 0.8440666 , ..., 4.4522705 , 3.92865   ,
       3.353386  ], shape=(21507,), dtype=float32), 'C3': array([-9.502832  , -9.061737  , -8.34049   , ..., -0.39616203,
       -0.29152012, -0.21108246], shape=(21507,), dtype=float32), 'C4': array([2.9546776 , 2.680397  , 2.402237  , ..., 0.5959892 , 0.6839981 ,
       0.84376144], shape=(21507,), dtype=float32)}",11697.0,33204.0,21507.0,ok,1.4512409397866577,2.2796757984906435,3.7707738229073584,3.638131332991179,1.6049867788296979,1.2582274484884692,1.4846713747829199,5.147114454302937,2.657357370480895,1.1131520800518047,1.3479320314218057,2.225991280283779,9.934260160662234,3.8084155894466676,1.2533911349237314,"{'CZ': (array([0.00000000e+00, 4.88281250e-01, 9.76562500e-01, ...,
       4.99023438e+02, 4.99511719e+02, 5.00000000e+02], shape=(1025,)), array([6.3091526e-03, 2.5063844e-03, 1.4391835e-03, ..., 1.1982951e-16,
       1.7794291e-16, 6.2675793e-17], shape=(1025,), dtype=float32)), 'C3': (array([0.00000000e+00, 4.88281250e-01, 9.76562500e-01, ...,
       4.99023438e+02, 4.99511719e+02, 5.00000000e+02], shape=(1025,)), array([3.9256657e-03, 1.4379723e-03, 2.7513348e-03, ..., 9.0238920e-17,
       9.6725511e-17, 7.7304826e-17], shape=(1025,), dtype=float32)), 'C4': (array([0.00000000e+00, 4.88281250e-01, 9.76562500e-01, ...,
       4.99023438e+02, 4.99511719e+02, 5.00000000e+02], shape=(1025,)), array([1.02762198e-02, 4.32259589e-03, 4.39822907e-03, ...,
       2.52668261e-16, 1.92904766e-16, 1.06940365e-16],
      shape=(1025,), dtype=float32))}",0.9148664677942345,1.1083417031842713,1.3841740639658555,0.10402974574242463,0.5792900944107625,1.0268690848371957,0.7966662371224482,2.769531473155449,0.09572759098460307,0.3676387094936583,1.075086057912383,1.393234183844685,4.971811319135734,0.15462816663381565,0.46440209385332654,"[6.3091526e-03 2.5063844e-03 1.4391835e-03 ... 1.1982951e-16 1.7794291e-16
 6.2675793e-17]","[3.9256657e-03 1.4379723e-03 2.7513348e-03 ... 9.0238920e-17 9.6725511e-17
 7.7304826e-17]","[1.02762198e-02 4.32259589e-03 4.39822907e-03 ... 2.52668261e-16
 1.92904766e-16 1.06940365e-16]",0.5403846153846154,0.8763183125599233
82,2019-01-16 10:29:54.488000,2019-01-16 10:30:02.349997,2019-01-16 10:30:27.350003,ID_18,CF,0.600361334897365,0.5,0.8725125761206665,0.4285714285714286,protB_CF,4,2019-01-16 10:27:13,0 days 00:02:41.488000,0 days 00:02:49.349997,0 days 00:03:14.350003,161.488,169.349997,194.350003,"{'CZ': array([0.90774536, 0.97278595, 0.9623871 , ..., 2.2085037 , 2.469902  ,
       2.6784897 ], shape=(7862,), dtype=float32), 'C3': array([-0.9818859, -1.2845287, -1.6753731, ...,  2.199154 ,  2.2217407,
        2.3515244], shape=(7862,), dtype=float32), 'C4': array([ 4.4075203,  4.568783 ,  4.5771217, ..., -4.5541058, -4.6064224,
       -4.8117027], shape=(7862,), dtype=float32)}",161488.0,169350.0,7862.0,ok,3.655514215097355,2.007422619499266,2.757353999186307,2.5341108012071345,1.4055935988608326,2.230350608442677,1.8016386893577874,1.8517559801694006,1.9518761146173347,1.2898013512767648,1.6003631981220678,1.6627021977910772,8.69164606774575,2.7590588233579183,1.1577271567375647,"{'CZ': (array([0.00000000e+00, 4.88281250e-01, 9.76562500e-01, ...,
       4.99023438e+02, 4.99511719e+02, 5.00000000e+02], shape=(1025,)), array([1.8039217e-02, 6.7591886e-03, 3.0464770e-03, ..., 1.3964138e-16,
       1.4117449e-16, 7.9936054e-17], shape=(1025,), dtype=float32)), 'C3': (array([0.00000000e+00, 4.88281250e-01, 9.76562500e-01, ...,
       4.99023438e+02, 4.99511719e+02, 5.00000000e+02], shape=(1025,)), array([7.7299024e-03, 3.1435965e-03, 1.4009610e-03, ..., 1.2637421e-16,
       8.4960508e-17, 2.5374765e-17], shape=(1025,), dtype=float32)), 'C4': (array([0.00000000e+00, 4.88281250e-01, 9.76562500e-01, ...,
       4.99023438e+02, 4.99511719e+02, 5.00000000e+02], shape=(1025,)), array([9.8069981e-03, 3.8618203e-03, 1.1568072e-03, ..., 2.9460113e-16,
       2.0010423e-16, 8.3932859e-17], shape=(1025,), dtype=float32))}",2.304446688521182,0.9759765869250113,1.0121683426516097,0.07246107361274562,0.5073228386223693,1.8202417145715315,0.966749099958063,0.9963828302663057,0.0703136132265458,0.42598034247440714,1.276420562602319,1.0406750287094089,4.349918725971763,0.11202249267986879,0.42895701167736383,"[1.8039217e-02 6.7591886e-03 3.0464770e-03 ... 1.3964138e-16 1.4117449e-16
 7.9936054e-17]","[7.7299024e-03 3.1435965e-03 1.4009610e-03 ... 1.2637421e-16 8.4960508e-17
 2.5374765e-17]","[9.8069981e-03 3.8618203e-03 1.1568072e-03 ... 2.9460113e-16 2.0010423e-16
 8.3932859e-17]",0.903846153846154,0.8149568552253116
83,2019-01-16 10:32:08.969005,2019-01-16 10:32:16.891995,2019-01-16 10:32:41.892001,ID_18,CF,0.4801516895156554,0.4375,0.8029550685469662,0.1999999999999999,protB_CF,4,2019-01-16 10:27:13,0 days 00:04:55.969005,0 days 00:05:03.891995,0 days 00:05:28.892001,295.969005,303.891995,328.892001,"{'CZ': array([-2.0955963, -1.882698 , -1.5112686, ..., -3.1401596, -2.6914368,
       -2.1651611], shape=(7923,), dtype=float32), 'C3': array([-0.14300537,  0.35061455,  0.9864712 , ...,  2.5707455 ,
        2.8878636 ,  3.1342735 ], shape=(7923,), dtype=float32), 'C4': array([-4.436981 , -4.5242424, -4.3675613, ..., -4.391205 , -4.0006943,
       -3.6363602], shape=(7923,), dtype=float32)}",295969.0,303892.0,7923.0,ok,2.881695174437482,2.671672365977429,4.468633851502091,2.6636194161255844,1.5089613938243929,1.433187582733808,1.4131199714029208,2.8827438945882022,1.7791189948184183,1.2010747574322522,1.187342877528863,1.8733266333583742,6.611521865124814,2.6968882484652568,1.417127637523663,"{'CZ': (array([0.00000000e+00, 4.88281250e-01, 9.76562500e-01, ...,
       4.99023438e+02, 4.99511719e+02, 5.00000000e+02], shape=(1025,)), array([5.5435398e-03, 1.7636198e-03, 4.8729633e-03, ..., 1.4330549e-16,
       1.7727485e-16, 4.6974770e-17], shape=(1025,), dtype=float32)), 'C3': (array([0.00000000e+00, 4.88281250e-01, 9.76562500e-01, ...,
       4.99023438e+02, 4.99511719e+02, 5.00000000e+02], shape=(1025,)), array([9.5144520e-03, 3.6859766e-03, 4.6858196e-03, ..., 8.3729703e-17,
       1.7321830e-16, 3.2381504e-17], shape=(1025,), dtype=float32)), 'C4': (array([0.00000000e+00, 4.88281250e-01, 9.76562500e-01, ...,
       4.99023438e+02, 4.99511719e+02, 5.00000000e+02], shape=(1025,)), array([1.0898318e-02, 4.0765260e-03, 1.7455025e-03, ..., 2.4307757e-16,
       1.5902403e-16, 3.5527136e-17], shape=(1025,), dtype=float32))}",1.816628936808297,1.2989241287810815,1.640344228824622,0.07616427920052822,0.5446315195992528,1.1696581752765547,0.758272159982038,1.5511312242987563,0.06409027906475936,0.39667677197104295,0.9470030712501109,1.1725035610960857,3.3088764250311016,0.10949826133262254,0.5250691693805967,"[5.5435398e-03 1.7636198e-03 4.8729633e-03 ... 1.4330549e-16 1.7727485e-16
 4.6974770e-17]","[9.5144520e-03 3.6859766e-03 4.6858196e-03 ... 8.3729703e-17 1.7321830e-16
 3.2381504e-17]","[1.0898318e-02 4.0765260e-03 1.7455025e-03 ... 2.4307757e-16 1.5902403e-16
 3.5527136e-17]",0.9403846153846154,0.5474592521572388
84,2019-01-16 10:34:23.551005,2019-01-16 10:34:31.291005,2019-01-16 10:34:56.291000,ID_18,CF,0.4851606221250789,0.625,0.8304818663752367,0.0,protB_CF,6,2019-01-16 10:27:13,0 days 00:07:10.551005,0 days 00:07:18.291005,0 days 00:07:43.291000,430.551005,438.291005,463.291,"{'CZ': array([0.25974083, 0.20518684, 0.14905739, ..., 5.086151  , 4.6250763 ,
       4.052246  ], shape=(7740,), dtype=float32), 'C3': array([-0.8994875 , -1.8098392 , -2.5613842 , ..., -2.5252056 ,
       -1.4960155 , -0.51465225], shape=(7740,), dtype=float32), 'C4': array([-0.70648575, -0.3252182 ,  0.05899429, ...,  3.0853882 ,
        2.801834  ,  2.597168  ], shape=(7740,), dtype=float32)}",430551.0,438291.0,7740.0,ok,1.551136880152626,2.515078231226653,2.8054540016455576,1.9281130498711718,1.543934877531683,2.0418264139152598,1.3799413427477702,2.4642197822686285,2.329205712158,1.5643481012830307,0.8335615475516533,1.2997896410524845,8.714776777196676,2.8871451795566827,1.5603730626025936,"{'CZ': (array([0.00000000e+00, 4.88281250e-01, 9.76562500e-01, ...,
       4.99023438e+02, 4.99511719e+02, 5.00000000e+02], shape=(1025,)), array([3.8365591e-03, 1.4321594e-03, 2.0768859e-03, ..., 9.5553198e-17,
       1.4386023e-16, 1.7874591e-17], shape=(1025,), dtype=float32)), 'C3': (array([0.00000000e+00, 4.88281250e-01, 9.76562500e-01, ...,
       4.99023438e+02, 4.99511719e+02, 5.00000000e+02], shape=(1025,)), array([1.3312091e-02, 4.9567842e-03, 4.6853577e-03, ..., 1.3579262e-16,
       2.0572433e-16, 5.8422403e-17], shape=(1025,), dtype=float32)), 'C4': (array([0.00000000e+00, 4.88281250e-01, 9.76562500e-01, ...,
       4.99023438e+02, 4.99511719e+02, 5.00000000e+02], shape=(1025,)), array([3.3600780e-03, 1.4551518e-03, 2.0995168e-03, ..., 2.1528612e-16,
       1.5477050e-16, 5.2303838e-17], shape=(1025,), dtype=float32))}",0.9778411562860242,1.2227905793819718,1.0298248712602267,0.055133004276631266,0.5572545473686418,1.6663826747480073,0.7404686960690582,1.325934036314235,0.08390638542233858,0.5166543974187093,0.6648335207520727,0.8135303025493754,4.361494980389091,0.11722301714067176,0.5781439626258936,"[3.8365591e-03 1.4321594e-03 2.0768859e-03 ... 9.5553198e-17 1.4386023e-16
 1.7874591e-17]","[1.3312091e-02 4.9567842e-03 4.6853577e-03 ... 1.3579262e-16 2.0572433e-16
 5.8422403e-17]","[3.3600780e-03 1.4551518e-03 2.0995168e-03 ... 2.1528612e-16 1.5477050e-16
 5.2303838e-17]",0.8365384615384616,0.7775647171620326
85,2019-01-16 10:36:37.530000,2019-01-16 10:36:45.289996,2019-01-16 10:37:10.290002,ID_18,CF,0.8089378876605421,0.88,0.7134803296482928,0.8333333333333334,protB_CF,6,2019-01-16 10:27:13,0 days 00:09:24.530000,0 days 00:09:32.289996,0 days 00:09:57.290002,564.53,572.289996,597.290002,"{'CZ': array([2.8313103, 3.160736 , 3.3695374, ..., 2.0460434, 1.5966835,
       1.1674118], shape=(7760,), dtype=float32), 'C3': array([-3.326374 , -2.795761 , -2.2291183, ..., -5.5798664, -5.710861 ,
       -5.886484 ], shape=(7760,), dtype=float32), 'C4': array([3.1817627, 3.1233044, 3.1046047, ..., 9.42883  , 9.08229  ,
       8.588655 ], shape=(7760,), dtype=float32)}",564530.0,572290.0,7760.0,ok,2.0842105259362143,2.240929999970831,3.3866235316963866,2.5653332377260085,1.9123647346077632,1.465283055040345,1.4545086596626788,1.6001618350856006,2.1847051375516457,1.4030817853836197,1.0117791025550105,1.2535492642200552,6.6945276921615005,2.505190896044951,1.3231328982783452,"{'CZ': (array([0.00000000e+00, 4.88281250e-01, 9.76562500e-01, ...,
       4.99023438e+02, 4.99511719e+02, 5.00000000e+02], shape=(1025,)), array([1.43976165e-02, 4.85636061e-03, 4.18708054e-03, ...,
       9.75515934e-17, 1.75165924e-16, 1.23950235e-16],
      shape=(1025,), dtype=float32)), 'C3': (array([0.00000000e+00, 4.88281250e-01, 9.76562500e-01, ...,
       4.99023438e+02, 4.99511719e+02, 5.00000000e+02], shape=(1025,)), array([2.3449878e-03, 9.6150750e-04, 2.3102465e-03, ..., 6.1025647e-17,
       8.9425477e-17, 3.8302694e-17], shape=(1025,), dtype=float32)), 'C4': (array([0.00000000e+00, 4.88281250e-01, 9.76562500e-01, ...,
       4.99023438e+02, 4.99511719e+02, 5.00000000e+02], shape=(1025,)), array([2.4900076e-03, 8.3409488e-04, 4.9768984e-03, ..., 9.1926454e-17,
       9.4202816e-17, 4.1497666e-17], shape=(1025,), dtype=float32))}",1.3138923177588533,1.0895041191948653,1.243160337146998,0.07335385670253225,0.6902324444482493,1.1958520469127394,0.7804810953029312,0.86100641510058,0.07870095386969274,0.4633932650680454,0.8069765993294418,0.7845887364940999,3.3504184526950627,0.10171502196256864,0.4902425677712122,"[1.43976165e-02 4.85636061e-03 4.18708054e-03 ... 9.75515934e-17
 1.75165924e-16 1.23950235e-16]","[2.3449878e-03 9.6150750e-04 2.3102465e-03 ... 6.1025647e-17 8.9425477e-17
 3.8302694e-17]","[2.4900076e-03 8.3409488e-04 4.9768984e-03 ... 9.1926454e-17 9.4202816e-17
 4.1497666e-17]",0.8461538461538461,0.8053691275167785
86,2019-01-16 10:38:51.531999,2019-01-16 10:38:59.281002,2019-01-16 10:39:24.282003,ID_18,CF,0.765637495908614,0.5625,0.7344124877258417,1.0,protB_CF,6,2019-01-16 10:27:13,0 days 00:11:38.531999,0 days 00:11:46.281002,0 days 00:12:11.282003,698.531999,706.281002,731.282003,"{'CZ': array([2.373745 , 1.7293243, 1.2036896, ..., 3.1378918, 2.8879342,
       2.6029768], shape=(7749,), dtype=float32), 'C3': array([7.859253 , 8.310875 , 8.65979  , ..., 2.0021224, 2.4013848,
       2.6861053], shape=(7749,), dtype=float32), 'C4': array([ 3.1550388,  2.1028328,  1.0334072, ..., -1.4580674, -1.1472719,
       -0.9123137], shape=(7749,), dtype=float32)}",698532.0,706281.0,7749.0,ok,1.4509780057778698,1.9768034107983112,3.6082925216760486,2.609383282106137,1.4322119566259062,1.5522145749855554,1.7934187490027398,3.9136367850005627,2.086383698042482,1.2052489489633444,0.5229248599789571,0.9996785956900567,15.551356227661017,3.618462371377973,1.0806885463807703,"{'CZ': (array([0.00000000e+00, 4.88281250e-01, 9.76562500e-01, ...,
       4.99023438e+02, 4.99511719e+02, 5.00000000e+02], shape=(1025,)), array([5.1053129e-03, 2.3234219e-03, 2.3566831e-03, ..., 9.7058164e-17,
       2.5976134e-16, 6.9129886e-17], shape=(1025,), dtype=float32)), 'C3': (array([0.00000000e+00, 4.88281250e-01, 9.76562500e-01, ...,
       4.99023438e+02, 4.99511719e+02, 5.00000000e+02], shape=(1025,)), array([2.6504386e-03, 1.1280519e-03, 1.8462678e-03, ..., 1.1294668e-16,
       1.2285582e-16, 9.4788367e-17], shape=(1025,), dtype=float32)), 'C4': (array([0.00000000e+00, 4.88281250e-01, 9.76562500e-01, ...,
       4.99023438e+02, 4.99511719e+02, 5.00000000e+02], shape=(1025,)), array([3.0602757e-03, 1.2949686e-03, 1.1860408e-03, ..., 2.6222234e-16,
       1.4125189e-16, 5.3389390e-17], shape=(1025,), dtype=float32))}",0.9147007134378848,0.961090020184144,1.3245304964632052,0.07461343600228218,0.5169302392478327,1.2667989098482786,0.9623383265955172,2.1058284883283904,0.07515906121690012,0.3980553746033075,0.41707535186782513,0.6256926541939007,7.783006250104372,0.1469157420923482,0.40041293556227076,"[5.1053129e-03 2.3234219e-03 2.3566831e-03 ... 9.7058164e-17 2.5976134e-16
 6.9129886e-17]","[2.6504386e-03 1.1280519e-03 1.8462678e-03 ... 1.1294668e-16 1.2285582e-16
 9.4788367e-17]","[3.0602757e-03 1.2949686e-03 1.1860408e-03 ... 2.6222234e-16 1.4125189e-16
 5.3389390e-17]",0.9307692307692308,0.9395973154362416
87,2019-01-16 10:41:05.535004,2019-01-16 10:41:13.490000,2019-01-16 10:41:38.489995,ID_18,CF,0.4703851430507793,0.5,0.911155429152338,0.0,protB_CF,8,2019-01-16 10:27:13,0 days 00:13:52.535004,0 days 00:14:00.490000,0 days 00:14:25.489995,832.535004,840.49,865.489995,"{'CZ': array([-3.1914368, -3.393303 , -3.6036682, ..., -3.2435503, -3.6230836,
       -3.9793615], shape=(7955,), dtype=float32), 'C3': array([-1.3232813, -2.128522 , -2.948308 , ...,  0.8739414,  1.3595905,
        1.5757084], shape=(7955,), dtype=float32), 'C4': array([ 2.3382607,  2.3779774,  2.416603 , ..., -6.1913605, -6.05628  ,
       -5.835143 ], shape=(7955,), dtype=float32)}",832535.0,840490.0,7955.0,ok,2.44371274675359,2.3635549878235906,3.9325973630184308,3.136912469926756,1.3662299513725884,0.9580579953762935,1.0416306322440505,3.6991997476434335,1.826277870350168,1.105069272171022,1.710130023639067,1.9384743500268087,11.972165870247409,2.605703160043049,1.1614830431199152,"{'CZ': (array([0.00000000e+00, 4.88281250e-01, 9.76562500e-01, ...,
       4.99023438e+02, 4.99511719e+02, 5.00000000e+02], shape=(1025,)), array([1.09397182e-02, 4.90675168e-03, 7.35938968e-03, ...,
       1.19381353e-16, 2.28805410e-16, 1.06630754e-16],
      shape=(1025,), dtype=float32)), 'C3': (array([0.00000000e+00, 4.88281250e-01, 9.76562500e-01, ...,
       4.99023438e+02, 4.99511719e+02, 5.00000000e+02], shape=(1025,)), array([7.6838164e-04, 4.1143349e-04, 3.5235416e-03, ..., 2.0045695e-16,
       1.2689116e-16, 2.6151917e-17], shape=(1025,), dtype=float32)), 'C4': (array([0.00000000e+00, 4.88281250e-01, 9.76562500e-01, ...,
       4.99023438e+02, 4.99511719e+02, 5.00000000e+02], shape=(1025,)), array([5.0943126e-03, 2.2070482e-03, 3.3704247e-03, ..., 5.8841817e-17,
       3.0571812e-16, 6.7106814e-17], shape=(1025,), dtype=float32))}",1.540523553073732,1.149122415787593,1.4435761807940088,0.08969775326786227,0.4931152629771393,0.7818937173202423,0.5589330880597585,1.9904453684767827,0.06578911174656014,0.3649692152604554,1.3639685850424053,1.2132791142915682,5.99172447928912,0.10579599126363647,0.43034862954638997,"[1.09397182e-02 4.90675168e-03 7.35938968e-03 ... 1.19381353e-16
 2.28805410e-16 1.06630754e-16]","[7.6838164e-04 4.1143349e-04 3.5235416e-03 ... 2.0045695e-16 1.2689116e-16
 2.6151917e-17]","[5.0943126e-03 2.2070482e-03 3.3704247e-03 ... 5.8841817e-17 3.0571812e-16
 6.7106814e-17]",0.7615384615384615,0.7794822627037392
88,2019-01-16 10:43:20.222998,2019-01-16 10:43:28.000999,2019-01-16 10:43:53.002000,ID_18,CF,0.5314858431944031,0.75,0.8444575295832093,0.0,protB_CF,8,2019-01-16 10:27:13,0 days 00:16:07.222998,0 days 00:16:15.000999,0 days 00:16:40.002000,967.222998,975.000999,1000.002,"{'CZ': array([0.9668884 , 2.399887  , 3.6836853 , ..., 0.98765564, 1.154007  ,
       1.3373413 ], shape=(7778,), dtype=float32), 'C3': array([5.1742706, 5.2080307, 5.2635956, ..., 4.1567574, 4.0110493,
       3.8708954], shape=(7778,), dtype=float32), 'C4': array([-0.1737957 , -0.49560547, -0.77763367, ..., -9.52961   ,
       -9.684402  , -9.740498  ], shape=(7778,), dtype=float32)}",967223.0,975001.0,7778.0,ok,1.8775218522932846,2.4900616554077715,4.824947707675165,2.745052915997803,1.7449235583626432,0.9520937032903021,1.0954296158161014,3.0381979959202,1.7274209840252297,1.082660190718343,1.3389289488259237,2.0327512320363894,14.965491180191748,2.762085925496649,1.088231890435054,"{'CZ': (array([0.00000000e+00, 4.88281250e-01, 9.76562500e-01, ...,
       4.99023438e+02, 4.99511719e+02, 5.00000000e+02], shape=(1025,)), array([2.8956518e-02, 1.1589900e-02, 7.0324205e-03, ..., 1.1299602e-16,
       4.2330990e-16, 3.5527136e-17], shape=(1025,), dtype=float32)), 'C3': (array([0.00000000e+00, 4.88281250e-01, 9.76562500e-01, ...,
       4.99023438e+02, 4.99511719e+02, 5.00000000e+02], shape=(1025,)), array([1.2192439e-02, 4.8293280e-03, 1.2894912e-03, ..., 9.4085237e-17,
       8.7787798e-17, 6.5725204e-17], shape=(1025,), dtype=float32)), 'C4': (array([0.00000000e+00, 4.88281250e-01, 9.76562500e-01, ...,
       4.99023438e+02, 4.99511719e+02, 5.00000000e+02], shape=(1025,)), array([2.2554912e-02, 9.9711390e-03, 3.8204147e-03, ..., 2.5664037e-16,
       5.5608142e-16, 3.9129193e-17], shape=(1025,), dtype=float32))}",1.1835951826624715,1.2106279226264387,1.7711397688143846,0.07849281149121319,0.6297976694864196,0.7770261179339776,0.5878013174412435,1.6347771253356258,0.06222793036943414,0.3575682087548414,1.0679053630765636,1.2722864320315077,7.489797654055329,0.11214539818819154,0.4032078689839744,"[2.8956518e-02 1.1589900e-02 7.0324205e-03 ... 1.1299602e-16 4.2330990e-16
 3.5527136e-17]","[1.2192439e-02 4.8293280e-03 1.2894912e-03 ... 9.4085237e-17 8.7787798e-17
 6.5725204e-17]","[2.2554912e-02 9.9711390e-03 3.8204147e-03 ... 2.5664037e-16 5.5608142e-16
 3.9129193e-17]",0.8153846153846154,0.7526366251198466
89,2019-01-16 10:45:34.338002,2019-01-16 10:45:42.135002,2019-01-16 10:46:07.134998,ID_18,CF,0.8170381537492103,0.8333333333333334,0.791694171392558,0.8260869565217391,protB_CF,8,2019-01-16 10:27:13,0 days 00:18:21.338002,0 days 00:18:29.135002,0 days 00:18:54.134998,1101.338002,1109.135002,1134.134998,"{'CZ': array([ 4.953949 ,  5.78043  ,  6.602622 , ..., -5.5574703, -5.163746 ,
       -4.637104 ], shape=(7797,), dtype=float32), 'C3': array([-0.7868748 , -0.9736862 , -1.1491833 , ...,  0.33919525,
       -0.03001022, -0.55506516], shape=(7797,), dtype=float32), 'C4': array([-0.15262604,  0.39484406,  0.9598236 , ..., -1.2207375 ,
       -1.4869804 , -1.5950603 ], shape=(7797,), dtype=float32)}",1101338.0,1109135.0,7797.0,ok,2.8371418302413076,3.9126405608840287,10.691547824535519,5.324352910974994,1.2515757121036586,1.2803036479454022,3.3102864981628954,9.080976335098967,3.880402704453445,1.07709419648927,1.6645117138978094,8.378037920920178,18.327521785977297,5.633828324789647,1.246310742658352,"{'CZ': (array([0.00000000e+00, 4.88281250e-01, 9.76562500e-01, ...,
       4.99023438e+02, 4.99511719e+02, 5.00000000e+02], shape=(1025,)), array([1.1531056e-02, 4.7106137e-03, 1.9900138e-03, ..., 4.6987109e-16,
       2.3035005e-16, 3.2566541e-17], shape=(1025,), dtype=float32)), 'C3': (array([0.00000000e+00, 4.88281250e-01, 9.76562500e-01, ...,
       4.99023438e+02, 4.99511719e+02, 5.00000000e+02], shape=(1025,)), array([9.5276153e-03, 4.1099051e-03, 1.3605297e-03, ..., 4.7771202e-16,
       2.0437662e-16, 3.1629021e-17], shape=(1025,), dtype=float32)), 'C4': (array([0.00000000e+00, 4.88281250e-01, 9.76562500e-01, ...,
       4.99023438e+02, 4.99511719e+02, 5.00000000e+02], shape=(1025,)), array([2.0133801e-02, 9.3816342e-03, 2.3496982e-03, ..., 3.2354364e-16,
       6.7081521e-16, 2.0842589e-16], shape=(1025,), dtype=float32))}",1.7885423803201876,1.902262903378305,3.9246488645034328,0.15224603756024166,0.45173295007165715,1.0448859916852042,1.7762809555577748,4.886242571507462,0.13978609240662446,0.3557299379811567,1.3275842513778782,5.243762151433485,9.17239721867264,0.22874303618698685,0.4617786917071599,"[1.1531056e-02 4.7106137e-03 1.9900138e-03 ... 4.6987109e-16 2.3035005e-16
 3.2566541e-17]","[9.5276153e-03 4.1099051e-03 1.3605297e-03 ... 4.7771202e-16 2.0437662e-16
 3.1629021e-17]","[2.0133801e-02 9.3816342e-03 2.3496982e-03 ... 3.2354364e-16 6.7081521e-16
 2.0842589e-16]",0.7807692307692308,0.8475551294343241
90,2019-01-16 10:28:23.238002,2019-01-16 10:28:32.063000,2019-01-16 10:28:57.064001,ID_18,CF,0.4896634037660036,0.6875,0.781490211298011,0.0,protB_CF,4,2019-01-16 10:27:13,0 days 00:01:10.238002,0 days 00:01:19.063000,0 days 00:01:44.064001,70.238002,79.063,104.064001,"{'CZ': array([ 5.021309 ,  5.0472794,  4.946747 , ..., -4.4542885, -5.4872627,
       -6.454811 ], shape=(8825,), dtype=float32), 'C3': array([ 3.360649  ,  3.0227585 ,  2.6700287 , ...,  0.8219576 ,
       -0.00758171, -0.8108063 ], shape=(8825,), dtype=float32), 'C4': array([ 0.53704834, -0.07992935, -0.6360512 , ..., -0.45650864,
       -0.6201954 , -0.8341999 ], shape=(8825,), dtype=float32)}",70238.0,79063.0,8825.0,ok,1.5079538916324964,2.237635795609094,2.068285561108496,2.7985353735857643,1.6425640724264667,0.8447161926596891,1.657756874919869,1.877541362773627,1.8909395912487525,1.2449873329387628,1.1080021376983495,1.8586544611025602,2.338959078770131,2.7251562496530823,1.193188174511306,"{'CZ': (array([0.00000000e+00, 4.88281250e-01, 9.76562500e-01, ...,
       4.99023438e+02, 4.99511719e+02, 5.00000000e+02], shape=(1025,)), array([1.6626988e-02, 7.1330448e-03, 5.2082986e-03, ..., 1.2612662e-16,
       7.0394599e-17, 1.0154840e-16], shape=(1025,), dtype=float32)), 'C3': (array([0.00000000e+00, 4.88281250e-01, 9.76562500e-01, ...,
       4.99023438e+02, 4.99511719e+02, 5.00000000e+02], shape=(1025,)), array([5.7567656e-03, 2.1861133e-03, 2.2736154e-03, ..., 1.5321607e-16,
       7.5696721e-17, 3.6806536e-17], shape=(1025,), dtype=float32)), 'C4': (array([0.00000000e+00, 4.88281250e-01, 9.76562500e-01, ...,
       4.99023438e+02, 4.99511719e+02, 5.00000000e+02], shape=(1025,)), array([2.6929905e-03, 1.2933461e-03, 1.6872621e-03, ..., 5.6705964e-17,
       7.0236144e-17, 3.7599554e-17], shape=(1025,), dtype=float32))}",0.950618475962509,1.087902530023571,0.7592253911304886,0.08002210385460382,0.5928529188791646,0.6893927999628793,0.889542934576605,1.0102572893061779,0.06811846000784429,0.4111796982818891,0.8837223410442518,1.1633203391674483,1.1705817076215392,0.11064599038041563,0.44209590379606195,"[1.6626988e-02 7.1330448e-03 5.2082986e-03 ... 1.2612662e-16 7.0394599e-17
 1.0154840e-16]","[5.7567656e-03 2.1861133e-03 2.2736154e-03 ... 1.5321607e-16 7.5696721e-17
 3.6806536e-17]","[2.6929905e-03 1.2933461e-03 1.6872621e-03 ... 5.6705964e-17 7.0236144e-17
 3.7599554e-17]",0.7230769230769231,0.7833173537871524
91,2019-01-16 10:30:39.366996,2019-01-16 10:30:47.291999,2019-01-16 10:31:12.293000,ID_18,CF,0.4627740374501374,0.4375,0.6651078266361264,0.2857142857142857,protB_CF,4,2019-01-16 10:27:13,0 days 00:03:26.366996,0 days 00:03:34.291999,0 days 00:03:59.293000,206.366996,214.291999,239.293,"{'CZ': array([-0.7747116 , -0.6556778 , -0.42212677, ...,  3.599503  ,
        3.9297054 ,  4.0100064 ], shape=(7925,), dtype=float32), 'C3': array([-2.4680233 , -2.4622364 , -2.5592308 , ..., -0.9487848 ,
       -0.74009323, -0.606802  ], shape=(7925,), dtype=float32), 'C4': array([1.5082512, 1.9794807, 2.3924751, ..., 6.9580936, 7.3096333,
       7.4335957], shape=(7925,), dtype=float32)}",206367.0,214292.0,7925.0,ok,3.295232028904138,2.4794336641207337,2.2464859939645976,2.469794846547302,1.5256481919436737,2.4690820500836708,1.0680755804060027,0.8862739778123796,1.9153646535414737,1.5423325864958315,2.633227370097302,1.168850518297404,3.7970258272252977,2.837206677213544,2.622846143822244,"{'CZ': (array([0.00000000e+00, 4.88281250e-01, 9.76562500e-01, ...,
       4.99023438e+02, 4.99511719e+02, 5.00000000e+02], shape=(1025,)), array([3.0094751e-03, 2.3138027e-03, 7.9899961e-03, ..., 1.0372566e-16,
       8.1682345e-17, 6.0840226e-17], shape=(1025,), dtype=float32)), 'C3': (array([0.00000000e+00, 4.88281250e-01, 9.76562500e-01, ...,
       4.99023438e+02, 4.99511719e+02, 5.00000000e+02], shape=(1025,)), array([1.5435324e-02, 4.3935790e-03, 7.8859217e-03, ..., 9.2870148e-17,
       1.0545307e-16, 2.1316281e-17], shape=(1025,), dtype=float32)), 'C4': (array([0.00000000e+00, 4.88281250e-01, 9.76562500e-01, ...,
       4.99023438e+02, 4.99511719e+02, 5.00000000e+02], shape=(1025,)), array([1.5550823e-02, 6.4609102e-03, 6.6612368e-03, ..., 8.8423093e-17,
       2.0908274e-16, 8.6498707e-17], shape=(1025,), dtype=float32))}",2.0773237607871917,1.2054607642207118,0.8246391308378264,0.0706220052015064,0.5506543086872602,2.015076072456705,0.5731232972204632,0.4768815026714761,0.06899833879227286,0.5093833734586879,2.1002142295845614,0.7315763149300903,1.9003021545180685,0.11519542879575588,0.9718077678284295,"[3.0094751e-03 2.3138027e-03 7.9899961e-03 ... 1.0372566e-16 8.1682345e-17
 6.0840226e-17]","[1.5435324e-02 4.3935790e-03 7.8859217e-03 ... 9.2870148e-17 1.0545307e-16
 2.1316281e-17]","[1.5550823e-02 6.4609102e-03 6.6612368e-03 ... 8.8423093e-17 2.0908274e-16
 8.6498707e-17]",0.8173076923076923,0.8600191754554171
92,2019-01-16 10:32:53.907003,2019-01-16 10:33:01.704003,2019-01-16 10:33:26.703999,ID_18,CF,0.7714781694372533,0.6,0.7144345083117603,1.0,protB_CF,4,2019-01-16 10:27:13,0 days 00:05:40.907003,0 days 00:05:48.704003,0 days 00:06:13.703999,340.907003,348.704003,373.703999,"{'CZ': array([-0.58564377, -0.632473  , -0.61021805, ...,  0.5454521 ,
        0.53412247,  0.6063194 ], shape=(7797,), dtype=float32), 'C3': array([-0.788599 , -0.9997902, -1.111784 , ..., -2.337532 , -2.044119 ,
       -1.7518253], shape=(7797,), dtype=float32), 'C4': array([-2.3601131, -2.9144964, -3.3202438, ...,  3.4141197,  3.9314384,
        4.4106064], shape=(7797,), dtype=float32)}",340907.0,348704.0,7797.0,ok,2.557860418164637,2.667862136149779,3.017526207258925,2.3959116279002046,1.755893168365219,1.5401789169118274,1.4403846871573478,2.1499855938600376,2.0832384034292772,1.136231393502385,1.214105282087985,1.411535413353704,8.506839483743533,2.846544772182824,1.3948825740044413,"{'CZ': (array([0.00000000e+00, 4.88281250e-01, 9.76562500e-01, ...,
       4.99023438e+02, 4.99511719e+02, 5.00000000e+02], shape=(1025,)), array([5.2667339e-03, 2.5593576e-03, 3.3862509e-03, ..., 1.4041237e-16,
       1.3370596e-16, 3.7944955e-17], shape=(1025,), dtype=float32)), 'C3': (array([0.00000000e+00, 4.88281250e-01, 9.76562500e-01, ...,
       4.99023438e+02, 4.99511719e+02, 5.00000000e+02], shape=(1025,)), array([1.1939823e-03, 6.3890737e-04, 6.0874787e-03, ..., 4.2171610e-17,
       1.7663801e-16, 1.2545520e-17], shape=(1025,), dtype=float32)), 'C4': (array([0.00000000e+00, 4.88281250e-01, 9.76562500e-01, ...,
       4.99023438e+02, 4.99511719e+02, 5.00000000e+02], shape=(1025,)), array([1.4149206e-03, 6.6361512e-04, 1.3142958e-03, ..., 1.7072067e-16,
       9.5830456e-17, 2.9026165e-17], shape=(1025,), dtype=float32))}",1.6124825738591526,1.2970716563288596,1.1076722470202842,0.06850936776569118,0.6337569459725941,1.2569763255401476,0.7729022517822981,1.156852605841768,0.07504575636765266,0.37526107230016365,0.9683482780906769,0.8834712907505222,4.257428349100882,0.11557457137382783,0.5168270063491377,"[5.2667339e-03 2.5593576e-03 3.3862509e-03 ... 1.4041237e-16 1.3370596e-16
 3.7944955e-17]","[1.1939823e-03 6.3890737e-04 6.0874787e-03 ... 4.2171610e-17 1.7663801e-16
 1.2545520e-17]","[1.4149206e-03 6.6361512e-04 1.3142958e-03 ... 1.7072067e-16 9.5830456e-17
 2.9026165e-17]",0.946153846153846,0.6931927133269415
93,2019-01-16 10:35:08.306002,2019-01-16 10:35:15.898005,2019-01-16 10:35:40.898996,ID_18,CF,0.9215501190053796,0.8333333333333334,0.9313170236828052,1.0,protB_CF,6,2019-01-16 10:27:13,0 days 00:07:55.306002,0 days 00:08:02.898005,0 days 00:08:27.898996,475.306002,482.898005,507.898996,"{'CZ': array([0.13780594, 0.5194397 , 0.9057617 , ..., 5.632103  , 5.0246506 ,
       4.2758026 ], shape=(7592,), dtype=float32), 'C3': array([-1.8234634, -1.6693993, -1.3811274, ...,  5.322605 ,  4.8362236,
        4.3535576], shape=(7592,), dtype=float32), 'C4': array([-2.2198792, -2.724949 , -3.278185 , ...,  3.2980623,  3.513373 ,
        3.6957054], shape=(7592,), dtype=float32)}",475306.0,482898.0,7592.0,ok,2.0907820799038745,2.3298875166801736,3.997704159701243,2.564193342550425,1.3024160599002244,0.992695715467562,1.8276999180670828,1.981672045076266,2.0531783211481525,1.1074283706875576,1.1308646990073612,1.8064823234453797,7.838263132725842,2.221460672444664,1.06292601185487,"{'CZ': (array([0.00000000e+00, 4.88281250e-01, 9.76562500e-01, ...,
       4.99023438e+02, 4.99511719e+02, 5.00000000e+02], shape=(1025,)), array([5.4510157e-03, 2.2633628e-03, 4.5724777e-03, ..., 1.0168564e-16,
       1.9636684e-16, 3.2023765e-17], shape=(1025,), dtype=float32)), 'C3': (array([0.00000000e+00, 4.88281250e-01, 9.76562500e-01, ...,
       4.99023438e+02, 4.99511719e+02, 5.00000000e+02], shape=(1025,)), array([1.76247500e-03, 8.71133700e-04, 3.44924745e-03, ...,
       1.24967932e-16, 1.04064516e-16, 5.56591835e-17],
      shape=(1025,), dtype=float32)), 'C4': (array([0.00000000e+00, 4.88281250e-01, 9.76562500e-01, ...,
       4.99023438e+02, 4.99511719e+02, 5.00000000e+02], shape=(1025,)), array([5.6158868e-03, 2.5513759e-03, 1.1357537e-03, ..., 2.7494674e-16,
       2.1563769e-16, 3.1431646e-17], shape=(1025,), dtype=float32))}",1.3180350443051403,1.1327538328804496,1.467475556250785,0.07332126222079553,0.47008282700735593,0.8101623773098942,0.9807334074373243,1.0662873629559324,0.0739628838516951,0.36574835042961146,0.9019571038798521,1.1306661206751962,3.922825125917865,0.09019509109801473,0.39383162347530437,"[5.4510157e-03 2.2633628e-03 4.5724777e-03 ... 1.0168564e-16 1.9636684e-16
 3.2023765e-17]","[1.76247500e-03 8.71133700e-04 3.44924745e-03 ... 1.24967932e-16
 1.04064516e-16 5.56591835e-17]","[5.6158868e-03 2.5513759e-03 1.1357537e-03 ... 2.7494674e-16 2.1563769e-16
 3.1431646e-17]",0.8884615384615384,0.775647171620326
94,2019-01-16 10:37:22.303998,2019-01-16 10:37:29.905999,2019-01-16 10:37:54.907000,ID_18,CF,0.8160326254627887,0.8571428571428571,0.7576216859121756,0.8333333333333334,protB_CF,6,2019-01-16 10:27:13,0 days 00:10:09.303998,0 days 00:10:16.905999,0 days 00:10:41.907000,609.303998,616.905999,641.907,"{'CZ': array([-1.312748  , -1.8597775 , -2.4135895 , ...,  0.9615083 ,
        0.6136236 ,  0.14417839], shape=(7602,), dtype=float32), 'C3': array([2.6482964, 2.8774185, 3.224659 , ..., 1.9635696, 2.3898697,
       2.8611374], shape=(7602,), dtype=float32), 'C4': array([-3.63584  , -3.8972125, -4.4445124, ..., -3.4798355, -3.7966347,
       -4.0468903], shape=(7602,), dtype=float32)}",609304.0,616906.0,7602.0,ok,1.6852549524628557,2.1572673867922276,2.431727771181613,3.5063660143350717,1.7778082103632187,1.4310995475170785,0.9767117371666245,3.7349346675910056,2.8798310631827917,1.2671262454659882,0.7774459099891828,1.8443287553964183,9.155456951702945,5.164439760847017,2.465273796588008,"{'CZ': (array([0.00000000e+00, 4.88281250e-01, 9.76562500e-01, ...,
       4.99023438e+02, 4.99511719e+02, 5.00000000e+02], shape=(1025,)), array([1.8842351e-02, 6.9114598e-03, 4.0357937e-03, ..., 1.1714704e-16,
       1.4019535e-16, 6.0790880e-17], shape=(1025,), dtype=float32)), 'C3': (array([0.00000000e+00, 4.88281250e-01, 9.76562500e-01, ...,
       4.99023438e+02, 4.99511719e+02, 5.00000000e+02], shape=(1025,)), array([9.2754243e-03, 4.0151444e-03, 1.8565143e-03, ..., 8.1539713e-17,
       2.0470431e-16, 2.0526790e-17], shape=(1025,), dtype=float32)), 'C4': (array([0.00000000e+00, 4.88281250e-01, 9.76562500e-01, ...,
       4.99023438e+02, 4.99511719e+02, 5.00000000e+02], shape=(1025,)), array([4.2594466e-03, 2.0931130e-03, 9.4423111e-04, ..., 1.6326601e-16,
       7.3573858e-17, 1.2513447e-16], shape=(1025,), dtype=float32))}",1.0623895753100006,1.04882870243402,0.8926376042623178,0.10026201133625781,0.6416667723434343,1.1679540805084054,0.5240979772480867,2.009673420692088,0.10374189530677536,0.41849147658869806,0.6200767094530334,1.1543539685107982,4.58204272569627,0.2096850601398208,0.9134246135599772,"[1.8842351e-02 6.9114598e-03 4.0357937e-03 ... 1.1714704e-16 1.4019535e-16
 6.0790880e-17]","[9.2754243e-03 4.0151444e-03 1.8565143e-03 ... 8.1539713e-17 2.0470431e-16
 2.0526790e-17]","[4.2594466e-03 2.0931130e-03 9.4423111e-04 ... 1.6326601e-16 7.3573858e-17
 1.2513447e-16]",0.9403846153846154,0.8044103547459253
95,2019-01-16 10:39:36.295999,2019-01-16 10:39:43.895002,2019-01-16 10:40:08.894997,ID_18,CF,0.822996737099337,0.6875,0.781490211298011,1.0,protB_CF,6,2019-01-16 10:27:13,0 days 00:12:23.295999,0 days 00:12:30.895002,0 days 00:12:55.894997,743.295999,750.895002,775.894997,"{'CZ': array([ 4.6606255,  4.7070656,  4.655628 , ..., -6.491726 , -6.4603424,
       -6.512474 ], shape=(7599,), dtype=float32), 'C3': array([ 5.93668  ,  6.0638123,  6.164917 , ..., -2.9178076, -3.0301266,
       -3.0762877], shape=(7599,), dtype=float32), 'C4': array([-1.5335617 , -1.7873955 , -2.0148582 , ..., -0.6768036 ,
       -0.79637146, -1.0027695 ], shape=(7599,), dtype=float32)}",743296.0,750895.0,7599.0,ok,1.7580293970240746,2.330772433197126,6.066398287657648,2.798426870867843,1.649907250225624,1.0081214168167207,2.0164237066637725,2.9616551983053796,2.369511215874809,1.0288154285262863,0.9338129666502937,1.7242696922039613,12.69180333474651,2.66252307301329,1.2177821746490736,"{'CZ': (array([0.00000000e+00, 4.88281250e-01, 9.76562500e-01, ...,
       4.99023438e+02, 4.99511719e+02, 5.00000000e+02], shape=(1025,)), array([5.6141280e-03, 2.3962236e-03, 5.1950826e-03, ..., 3.6810673e-16,
       8.4462625e-17, 6.0198757e-17], shape=(1025,), dtype=float32)), 'C3': (array([0.00000000e+00, 4.88281250e-01, 9.76562500e-01, ...,
       4.99023438e+02, 4.99511719e+02, 5.00000000e+02], shape=(1025,)), array([3.3915462e-03, 1.4147529e-03, 3.6949248e-03, ..., 8.0059423e-17,
       6.7774494e-17, 1.8405030e-17], shape=(1025,), dtype=float32)), 'C4': (array([0.00000000e+00, 4.88281250e-01, 9.76562500e-01, ...,
       4.99023438e+02, 4.99511719e+02, 5.00000000e+02], shape=(1025,)), array([5.1574633e-03, 2.4688523e-03, 2.3534691e-03, ..., 8.2271496e-17,
       1.7761603e-16, 9.9475979e-17], shape=(1025,), dtype=float32))}",1.1082667947407019,1.1331840650565441,2.2268509239274237,0.08001900129751487,0.5955033021824155,0.8227516558591832,1.0820015217624896,1.5935913912860569,0.08535833494824402,0.33978499724221556,0.74479222819906,1.0792097429239054,6.3518823203167365,0.10810297661345691,0.45120838659729323,"[5.6141280e-03 2.3962236e-03 5.1950826e-03 ... 3.6810673e-16 8.4462625e-17
 6.0198757e-17]","[3.3915462e-03 1.4147529e-03 3.6949248e-03 ... 8.0059423e-17 6.7774494e-17
 1.8405030e-17]","[5.1574633e-03 2.4688523e-03 2.3534691e-03 ... 8.2271496e-17 1.7761603e-16
 9.9475979e-17]",0.7903846153846154,0.7948226270373921
96,2019-01-16 10:41:50.504002,2019-01-16 10:41:58.353999,2019-01-16 10:42:23.354005,ID_18,CF,0.4703851430507793,0.5,0.911155429152338,0.0,protB_CF,8,2019-01-16 10:27:13,0 days 00:14:37.504002,0 days 00:14:45.353999,0 days 00:15:10.354005,877.504002,885.353999,910.354005,"{'CZ': array([ 3.5513687,  2.5425186,  1.5772705, ..., -1.5570889, -1.2303867,
       -0.8590927], shape=(7850,), dtype=float32), 'C3': array([ 2.2085762,  2.291895 ,  2.3868294, ..., -2.6203308, -3.0532708,
       -3.38072  ], shape=(7850,), dtype=float32), 'C4': array([ 2.0642052,  2.1960602,  2.319954 , ..., -2.6954536, -1.8683395,
       -0.92733  ], shape=(7850,), dtype=float32)}",877504.0,885354.0,7850.0,ok,2.6943928605760448,2.698501804843545,6.257468485273421,2.553580819949275,1.8257107240060577,1.1801854607256246,0.9361434786114842,1.8023600641754456,2.0349979185994016,1.6306501715916966,0.8802264137557358,2.0455323974601924,11.91178175213281,5.951463605015306,8.594335482484894,"{'CZ': (array([0.00000000e+00, 4.88281250e-01, 9.76562500e-01, ...,
       4.99023438e+02, 4.99511719e+02, 5.00000000e+02], shape=(1025,)), array([1.1572093e-03, 6.3675182e-04, 5.4001543e-03, ..., 2.5582007e-16,
       1.9062877e-16, 1.1250259e-17], shape=(1025,), dtype=float32)), 'C3': (array([0.00000000e+00, 4.88281250e-01, 9.76562500e-01, ...,
       4.99023438e+02, 4.99511719e+02, 5.00000000e+02], shape=(1025,)), array([8.3883433e-03, 3.5061287e-03, 1.5629422e-03, ..., 4.6112897e-17,
       4.9620801e-17, 4.2681907e-17], shape=(1025,), dtype=float32)), 'C4': (array([0.00000000e+00, 4.88281250e-01, 9.76562500e-01, ...,
       4.99023438e+02, 4.99511719e+02, 5.00000000e+02], shape=(1025,)), array([6.8372238e-04, 5.7997106e-04, 4.0141568e-03, ..., 4.0750737e-16,
       2.2683987e-16, 4.3668774e-17], shape=(1025,), dtype=float32))}",1.6985530187479294,1.3119681703891195,2.2969888914527914,0.07301780477881922,0.6589562927411705,0.9631771786963941,0.5023292798523686,0.9698041432747556,0.07330796022025018,0.5385518613877848,0.7020525688055844,1.2802860844719908,5.961503965925981,0.2416395701618013,3.1843430850392838,"[1.1572093e-03 6.3675182e-04 5.4001543e-03 ... 2.5582007e-16 1.9062877e-16
 1.1250259e-17]","[8.3883433e-03 3.5061287e-03 1.5629422e-03 ... 4.6112897e-17 4.9620801e-17
 4.2681907e-17]","[6.8372238e-04 5.7997106e-04 4.0141568e-03 ... 4.0750737e-16 2.2683987e-16
 4.3668774e-17]",0.8096153846153846,0.8302972195589645
97,2019-01-16 10:44:05.017002,2019-01-16 10:44:12.662002,2019-01-16 10:44:37.661997,ID_18,CF,0.5038410210535559,0.6875,0.8240230631606676,0.0,protB_CF,8,2019-01-16 10:27:13,0 days 00:16:52.017002,0 days 00:16:59.662002,0 days 00:17:24.661997,1012.017002,1019.662002,1044.661997,"{'CZ': array([  3.4553223,   3.8579712,   4.1300964, ...,  -7.9467773,
        -9.239174 , -10.490585 ], shape=(7645,), dtype=float32), 'C3': array([ -3.0067606,  -3.190936 ,  -3.388752 , ...,  -9.504852 ,
        -9.885841 , -10.196068 ], shape=(7645,), dtype=float32), 'C4': array([-3.8352127, -3.4261322, -2.9602242, ...,  1.4079971,  1.6411629,
        1.9391632], shape=(7645,), dtype=float32)}",1012017.0,1019662.0,7645.0,ok,1.9747341775655514,2.2446371731348336,4.592253535520285,2.1810493872180814,1.4269630049739135,0.9568636069161585,1.2799838004866615,2.949928108137101,1.450795878554345,0.9796159986308339,1.715604288619943,1.136209182732273,8.867235839716159,2.6475204267626395,1.0648674473259234,"{'CZ': (array([0.00000000e+00, 4.88281250e-01, 9.76562500e-01, ...,
       4.99023438e+02, 4.99511719e+02, 5.00000000e+02], shape=(1025,)), array([2.8210254e-03, 9.8679645e-04, 1.8365997e-03, ..., 9.2100718e-17,
       8.8184574e-17, 2.1400166e-16], shape=(1025,), dtype=float32)), 'C3': (array([0.00000000e+00, 4.88281250e-01, 9.76562500e-01, ...,
       4.99023438e+02, 4.99511719e+02, 5.00000000e+02], shape=(1025,)), array([2.7777106e-03, 1.1528686e-03, 1.5009166e-03, ..., 1.3232558e-16,
       1.1344012e-16, 2.2858258e-17], shape=(1025,), dtype=float32)), 'C4': (array([0.00000000e+00, 4.88281250e-01, 9.76562500e-01, ...,
       4.99023438e+02, 4.99511719e+02, 5.00000000e+02], shape=(1025,)), array([4.22764104e-03, 2.01712805e-03, 6.59871800e-03, ...,
       1.50552417e-16, 1.07770655e-16, 9.51337709e-17],
      shape=(1025,), dtype=float32))}",1.2448781124707893,1.0913064871549543,1.6857224902769912,0.062365536710138926,0.5150357278797967,0.7809189487388761,0.6868320459539382,1.5872813421123053,0.052262896969429914,0.3235359911641367,1.3683347591677057,0.7111463047505857,4.4377963536650515,0.10749384359477532,0.39455095734700374,"[2.8210254e-03 9.8679645e-04 1.8365997e-03 ... 9.2100718e-17 8.8184574e-17
 2.1400166e-16]","[2.7777106e-03 1.1528686e-03 1.5009166e-03 ... 1.3232558e-16 1.1344012e-16
 2.2858258e-17]","[4.22764104e-03 2.01712805e-03 6.59871800e-03 ... 1.50552417e-16
 1.07770655e-16 9.51337709e-17]",0.8653846153846154,0.8159156279961649
98,2019-01-16 10:46:19.149004,2019-01-16 10:46:26.826995,2019-01-16 10:46:51.827000,ID_18,CF,0.8537475507330922,0.8571428571428571,0.842988683945308,0.8611111111111112,protB_CF,8,2019-01-16 10:27:13,0 days 00:19:06.149004,0 days 00:19:13.826995,0 days 00:19:38.827000,1146.149004,1153.826995,1178.827,"{'CZ': array([-0.43527222, -0.6680832 , -0.8234253 , ...,  2.969018  ,
        2.9146984 ,  2.7846727 ], shape=(7678,), dtype=float32), 'C3': array([-3.724533 , -3.1162415, -2.3942642, ..., -3.1703405, -3.2398942,
       -3.285219 ], shape=(7678,), dtype=float32), 'C4': array([ 0.22641754,  0.1669693 ,  0.11130524, ...,  0.43674088,
        0.10025406, -0.25766754], shape=(7678,), dtype=float32)}",1146149.0,1153827.0,7678.0,ok,1.5229585987981409,2.351228380575776,3.806488501140848,2.038052538409829,1.451022132982871,1.2641826060644235,1.3939705095253885,3.270353947300464,1.6849493367772084,1.0488570754887405,0.9758869991856045,1.746390902553685,10.506113882001955,2.277314853927237,1.0727544533324362,"{'CZ': (array([0.00000000e+00, 4.88281250e-01, 9.76562500e-01, ...,
       4.99023438e+02, 4.99511719e+02, 5.00000000e+02], shape=(1025,)), array([6.6598654e-03, 3.7760816e-03, 2.6938759e-03, ..., 7.9077811e-17,
       5.4223598e-17, 3.3405378e-17], shape=(1025,), dtype=float32)), 'C3': (array([0.00000000e+00, 4.88281250e-01, 9.76562500e-01, ...,
       4.99023438e+02, 4.99511719e+02, 5.00000000e+02], shape=(1025,)), array([7.38447160e-03, 2.86163948e-03, 1.08515832e-03, ...,
       1.00222295e-16, 3.52730956e-17, 2.38944669e-17],
      shape=(1025,), dtype=float32)), 'C4': (array([0.00000000e+00, 4.88281250e-01, 9.76562500e-01, ...,
       4.99023438e+02, 4.99511719e+02, 5.00000000e+02], shape=(1025,)), array([1.0806548e-02, 5.3731971e-03, 1.2566114e-03, ..., 1.3005185e-16,
       2.2723798e-16, 2.8236674e-17], shape=(1025,), dtype=float32))}",0.9600774865710011,1.1431294176250595,1.3972841929832376,0.058276644786806456,0.5237194221753423,1.0317292293344626,0.7479966673740365,1.7596943424941593,0.06069794854562503,0.34640411547183003,0.7783497108646751,1.0930552717542452,5.258007649679304,0.09246286610277399,0.3974732231917204,"[6.6598654e-03 3.7760816e-03 2.6938759e-03 ... 7.9077811e-17 5.4223598e-17
 3.3405378e-17]","[7.38447160e-03 2.86163948e-03 1.08515832e-03 ... 1.00222295e-16
 3.52730956e-17 2.38944669e-17]","[1.0806548e-02 5.3731971e-03 1.2566114e-03 ... 1.3005185e-16 2.2723798e-16
 2.8236674e-17]",0.8423076923076923,0.8897411313518696
99,2019-01-16 10:29:09.084998,2019-01-16 10:29:17.471997,2019-01-16 10:29:42.472998,ID_18,CF,0.574628995875627,0.5625,0.761386987626881,0.4,protB_CF,4,2019-01-16 10:27:13,0 days 00:01:56.084998,0 days 00:02:04.471997,0 days 00:02:29.472998,116.084998,124.471997,149.472998,"{'CZ': array([-2.3990288, -2.6289406, -2.790924 , ...,  5.2390814,  5.0333576,
        4.714984 ], shape=(8387,), dtype=float32), 'C3': array([ 1.2992935 ,  0.61569595, -0.09389114, ...,  5.1951447 ,
        4.4715347 ,  3.5499115 ], shape=(8387,), dtype=float32), 'C4': array([-2.6986284, -2.8570938, -3.0262241, ...,  5.095787 ,  5.290245 ,
        5.4107895], shape=(8387,), dtype=float32)}",116085.0,124472.0,8387.0,ok,2.7809060557046905,3.218053694581613,4.236434440826997,2.7841202427225653,1.6066663704350503,1.6230132532655261,1.880941228591837,2.2915593726793304,1.9825605613732478,1.1194169492227957,1.177782418380957,2.1478830312844366,8.814169457764365,3.1795741742826067,1.1152643834293485,"{'CZ': (array([0.00000000e+00, 4.88281250e-01, 9.76562500e-01, ...,
       4.99023438e+02, 4.99511719e+02, 5.00000000e+02], shape=(1025,)), array([1.0438507e-02, 4.0591573e-03, 1.5232752e-03, ..., 7.5262543e-17,
       1.1475498e-16, 2.4107699e-17], shape=(1025,), dtype=float32)), 'C3': (array([0.00000000e+00, 4.88281250e-01, 9.76562500e-01, ...,
       4.99023438e+02, 4.99511719e+02, 5.00000000e+02], shape=(1025,)), array([6.8389289e-03, 2.7660299e-03, 1.0909765e-03, ..., 1.4992371e-16,
       8.5935556e-17, 4.8765225e-17], shape=(1025,), dtype=float32)), 'C4': (array([0.00000000e+00, 4.88281250e-01, 9.76562500e-01, ...,
       4.99023438e+02, 4.99511719e+02, 5.00000000e+02], shape=(1025,)), array([9.91501380e-03, 3.76494532e-03, 6.21743873e-03, ...,
       1.81423975e-16, 1.09924654e-16, 8.47575975e-17],
      shape=(1025,), dtype=float32))}",1.7530911861018443,1.5645659418556401,1.555108567122481,0.07960991356753426,0.579896311728232,1.3245793803509478,1.0093023926253262,1.2330298581050811,0.07141897760141996,0.36970779642117185,0.9393778230198178,1.3443467135701999,4.411238156659274,0.1290961329451392,0.4132238536186429,"[1.0438507e-02 4.0591573e-03 1.5232752e-03 ... 7.5262543e-17 1.1475498e-16
 2.4107699e-17]","[6.8389289e-03 2.7660299e-03 1.0909765e-03 ... 1.4992371e-16 8.5935556e-17
 4.8765225e-17]","[9.91501380e-03 3.76494532e-03 6.21743873e-03 ... 1.81423975e-16
 1.09924654e-16 8.47575975e-17]",0.8538461538461538,0.8053691275167785
100,2019-01-16 10:31:24.308002,2019-01-16 10:31:31.955003,2019-01-16 10:31:56.954998,ID_18,CF,0.6246233189901389,0.6111111111111112,0.6701662532667129,0.5925925925925926,protB_CF,4,2019-01-16 10:27:13,0 days 00:04:11.308002,0 days 00:04:18.955003,0 days 00:04:43.954998,251.308002,258.955003,283.954998,"{'CZ': array([-1.4843903, -1.930954 , -2.3820496, ..., -2.3697262, -2.8687649,
       -3.2726116], shape=(7647,), dtype=float32), 'C3': array([ 3.85755   ,  3.2803633 ,  2.534729  , ..., -1.0377998 ,
       -0.5777817 ,  0.02270126], shape=(7647,), dtype=float32), 'C4': array([-5.010742 , -4.6596785, -4.2202787, ..., -3.954811 , -3.96846  ,
       -4.0221863], shape=(7647,), dtype=float32)}",251308.0,258955.0,7647.0,ok,8.681092731421813,1.7033034382620826,4.9057904980145395,3.7073158637213055,1.418887545241887,4.262218717485666,0.7924370438558981,6.613783247303218,2.937732671853155,1.3870930963548744,3.076938864978729,2.176184207201004,8.215915382606909,5.579423872404732,5.065722444669518,"{'CZ': (array([0.00000000e+00, 4.88281250e-01, 9.76562500e-01, ...,
       4.99023438e+02, 4.99511719e+02, 5.00000000e+02], shape=(1025,)), array([1.5046872e-02, 9.8142950e-03, 2.7507119e-02, ..., 2.2184723e-16,
       1.9318496e-16, 6.2813945e-17], shape=(1025,), dtype=float32)), 'C3': (array([0.00000000e+00, 4.88281250e-01, 9.76562500e-01, ...,
       4.99023438e+02, 4.99511719e+02, 5.00000000e+02], shape=(1025,)), array([2.2881348e-03, 1.9503870e-03, 2.5217472e-02, ..., 9.0575688e-17,
       1.7143077e-16, 3.9079850e-17], shape=(1025,), dtype=float32)), 'C4': (array([0.00000000e+00, 4.88281250e-01, 9.76562500e-01, ...,
       4.99023438e+02, 4.99511719e+02, 5.00000000e+02], shape=(1025,)), array([6.11557299e-03, 3.23503208e-03, 1.23479776e-02, ...,
       3.23691708e-16, 6.07476942e-17, 1.02633957e-16],
      shape=(1025,), dtype=float32))}",5.472585858112308,0.8281187329588481,1.8008155061833562,0.10600802758065794,0.5121210410473064,3.4784971819350528,0.42521722221351577,3.5587086750561006,0.10582771995863391,0.4581127098713558,2.454110443015525,1.3620602446514793,4.111829208787645,0.22653412265551526,1.8769337397040609,"[1.5046872e-02 9.8142950e-03 2.7507119e-02 ... 2.2184723e-16 1.9318496e-16
 6.2813945e-17]","[2.2881348e-03 1.9503870e-03 2.5217472e-02 ... 9.0575688e-17 1.7143077e-16
 3.9079850e-17]","[6.11557299e-03 3.23503208e-03 1.23479776e-02 ... 3.23691708e-16
 6.07476942e-17 1.02633957e-16]",0.8846153846153846,0.8245445829338447
101,2019-01-16 10:33:38.719001,2019-01-16 10:33:46.537003,2019-01-16 10:34:11.536998,ID_18,CF,0.6366666666666666,0.75,0.76,0.4,protB_CF,4,2019-01-16 10:27:13,0 days 00:06:25.719001,0 days 00:06:33.537003,0 days 00:06:58.536998,385.719001,393.537003,418.536998,"{'CZ': array([-1.9888763, -2.4404526, -2.8868942, ..., -7.953205 , -7.5032425,
       -6.8825912], shape=(7818,), dtype=float32), 'C3': array([ 4.7503147,  5.09478  ,  5.3821373, ..., -3.0804176, -2.8633575,
       -2.521244 ], shape=(7818,), dtype=float32), 'C4': array([ 0.8466301 ,  0.95104504,  0.9392834 , ..., -0.6787834 ,
       -0.8052826 , -0.9785576 ], shape=(7818,), dtype=float32)}",385719.0,393537.0,7818.0,ok,1.3225336333562154,4.436051240190864,21.903089713305235,3.883845743985148,1.5257949982014907,1.1327721622365061,1.8039232527371496,9.771636221557856,3.475721943686949,1.2179943203136645,1.8155280649807537,4.577351035550237,21.197301990468986,3.9554927207063884,1.1465710659877004,"{'CZ': (array([0.00000000e+00, 4.88281250e-01, 9.76562500e-01, ...,
       4.99023438e+02, 4.99511719e+02, 5.00000000e+02], shape=(1025,)), array([7.3140585e-03, 2.8724354e-03, 3.5015680e-03, ..., 5.5159733e-16,
       2.1823126e-16, 1.6906231e-16], shape=(1025,), dtype=float32)), 'C3': (array([0.00000000e+00, 4.88281250e-01, 9.76562500e-01, ...,
       4.99023438e+02, 4.99511719e+02, 5.00000000e+02], shape=(1025,)), array([3.6486182e-03, 1.9819674e-03, 5.4881698e-03, ..., 2.6255541e-16,
       2.8272525e-16, 1.2789769e-16], shape=(1025,), dtype=float32)), 'C4': (array([0.00000000e+00, 4.88281250e-01, 9.76562500e-01, ...,
       4.99023438e+02, 4.99511719e+02, 5.00000000e+02], shape=(1025,)), array([1.4293504e-02, 6.0328306e-03, 3.9496529e-03, ..., 2.2367911e-16,
       1.9606538e-16, 2.0526790e-16], shape=(1025,), dtype=float32))}",0.8337290111630573,2.156736756262064,8.040176930712528,0.11105577239219268,0.550707295672619,0.9244820679776423,0.967974983707031,5.257869103183822,0.12520803272360087,0.40226476517914955,1.4480321447296087,2.864935721299164,10.608639623579853,0.16059974894312867,0.42482349600209146,"[7.3140585e-03 2.8724354e-03 3.5015680e-03 ... 5.5159733e-16 2.1823126e-16
 1.6906231e-16]","[3.6486182e-03 1.9819674e-03 5.4881698e-03 ... 2.6255541e-16 2.8272525e-16
 1.2789769e-16]","[1.4293504e-02 6.0328306e-03 3.9496529e-03 ... 2.2367911e-16 1.9606538e-16
 2.0526790e-16]",0.8307692307692308,0.6347075743048898
102,2019-01-16 10:35:52.913998,2019-01-16 10:36:00.515003,2019-01-16 10:36:25.514998,ID_18,CF,0.499824877398402,0.625,0.8744746321952062,0.0,protB_CF,6,2019-01-16 10:27:13,0 days 00:08:39.913998,0 days 00:08:47.515003,0 days 00:09:12.514998,519.913998,527.515003,552.514998,"{'CZ': array([ 3.0863342,  3.4819298,  3.9758987, ..., -6.226471 , -5.579006 ,
       -4.899105 ], shape=(7601,), dtype=float32), 'C3': array([0.8972969, 1.2833443, 1.6084862, ..., 2.1237335, 2.745636 ,
       3.338379 ], shape=(7601,), dtype=float32), 'C4': array([-2.0373363, -2.174511 , -2.2245064, ...,  5.943985 ,  6.603157 ,
        7.0642204], shape=(7601,), dtype=float32)}",519914.0,527515.0,7601.0,ok,1.6669447804815718,2.6013028400484473,2.800243179081008,2.7448982691566925,1.3392442117492465,1.410607160323707,2.0403673697728664,2.2621094685746357,2.288845738803502,1.1530603163123487,0.959218015850638,2.590097617940046,8.695159325725399,3.1044531242514495,1.152269613498902,"{'CZ': (array([0.00000000e+00, 4.88281250e-01, 9.76562500e-01, ...,
       4.99023438e+02, 4.99511719e+02, 5.00000000e+02], shape=(1025,)), array([4.7347858e-03, 2.2125954e-03, 5.7851118e-03, ..., 8.2625258e-17,
       1.2973457e-16, 3.9338900e-17], shape=(1025,), dtype=float32)), 'C3': (array([0.00000000e+00, 4.88281250e-01, 9.76562500e-01, ...,
       4.99023438e+02, 4.99511719e+02, 5.00000000e+02], shape=(1025,)), array([2.6215327e-03, 1.2090403e-03, 4.1355230e-03, ..., 9.5721268e-17,
       9.6451397e-17, 5.1872083e-17], shape=(1025,), dtype=float32)), 'C4': (array([0.00000000e+00, 4.88281250e-01, 9.76562500e-01, ...,
       4.99023438e+02, 4.99511719e+02, 5.00000000e+02], shape=(1025,)), array([4.0637907e-03, 1.7155907e-03, 2.8642889e-03, ..., 6.3084665e-17,
       6.3956037e-17, 8.4179584e-17], shape=(1025,), dtype=float32))}",1.0508467901624945,1.2647115972131997,1.0279120847117573,0.07848838947614882,0.48337526271025316,1.151229760188843,1.0948495555536972,1.217183613180184,0.08245247370374663,0.3808191299770047,0.7650548331073052,1.6211260901025277,4.35167701048493,0.12604609022550717,0.4269349018692517,"[4.7347858e-03 2.2125954e-03 5.7851118e-03 ... 8.2625258e-17 1.2973457e-16
 3.9338900e-17]","[2.6215327e-03 1.2090403e-03 4.1355230e-03 ... 9.5721268e-17 9.6451397e-17
 5.1872083e-17]","[4.0637907e-03 1.7155907e-03 2.8642889e-03 ... 6.3084665e-17 6.3956037e-17
 8.4179584e-17]",0.8711538461538462,0.7948226270373921
103,2019-01-16 10:38:06.920000,2019-01-16 10:38:14.517998,2019-01-16 10:38:39.518003,ID_18,CF,0.9209440781520494,1.0,0.7628322344561482,1.0,protB_CF,6,2019-01-16 10:27:13,0 days 00:10:53.920000,0 days 00:11:01.517998,0 days 00:11:26.518003,653.92,661.517998,686.518003,"{'CZ': array([ 3.640808 ,  3.2680779,  2.8932304, ..., -3.3548126, -3.6164627,
       -3.7303772], shape=(7598,), dtype=float32), 'C3': array([ 4.6256866,  4.744713 ,  4.8936195, ..., -2.7364407, -2.7397528,
       -2.842124 ], shape=(7598,), dtype=float32), 'C4': array([-7.7211914, -8.031792 , -8.287514 , ...,  5.8401203,  6.7183275,
        7.5630083], shape=(7598,), dtype=float32)}",653920.0,661518.0,7598.0,ok,1.3803833189740544,6.276327359955758,16.527540632523596,5.352965355996275,1.6125833116120702,1.5031235307105817,4.842098947847262,11.401271971408278,4.412133781443117,1.0341400904962939,1.980919925699709,5.205075984122232,17.26130853057839,4.414298982737819,1.238589185049932,"{'CZ': (array([0.00000000e+00, 4.88281250e-01, 9.76562500e-01, ...,
       4.99023438e+02, 4.99511719e+02, 5.00000000e+02], shape=(1025,)), array([6.1161513e-03, 2.8681571e-03, 4.6000485e-03, ..., 1.9724963e-16,
       4.1453348e-16, 6.7896308e-17], shape=(1025,), dtype=float32)), 'C3': (array([0.00000000e+00, 4.88281250e-01, 9.76562500e-01, ...,
       4.99023438e+02, 4.99511719e+02, 5.00000000e+02], shape=(1025,)), array([5.6974273e-03, 2.8018469e-03, 4.3101870e-03, ..., 2.6739422e-16,
       2.6992296e-16, 7.3422748e-17], shape=(1025,), dtype=float32)), 'C4': (array([0.00000000e+00, 4.88281250e-01, 9.76562500e-01, ...,
       4.99023438e+02, 4.99511719e+02, 5.00000000e+02], shape=(1025,)), array([4.7949594e-03, 2.4060702e-03, 3.6603243e-03, ..., 2.1946025e-16,
       3.0611509e-16, 5.9211891e-17], shape=(1025,), dtype=float32))}",0.8701976195748208,3.0514494036744746,6.066922642165336,0.1530641898225421,0.5820319214779635,1.2267345512389485,2.598242826039581,6.134734682735279,0.15894096243551273,0.3415435636503675,1.579945682954218,3.25782488674601,8.638788168167213,0.17922806548889245,0.45891772722349333,"[6.1161513e-03 2.8681571e-03 4.6000485e-03 ... 1.9724963e-16 4.1453348e-16
 6.7896308e-17]","[5.6974273e-03 2.8018469e-03 4.3101870e-03 ... 2.6739422e-16 2.6992296e-16
 7.3422748e-17]","[4.7949594e-03 2.4060702e-03 3.6603243e-03 ... 2.1946025e-16 3.0611509e-16
 5.9211891e-17]",0.926923076923077,0.87248322147651
104,2019-01-16 10:40:20.909004,2019-01-16 10:40:28.519997,2019-01-16 10:40:53.520002,ID_18,CF,0.7864708292419472,0.625,0.7344124877258417,1.0,protB_CF,6,2019-01-16 10:27:13,0 days 00:13:07.909004,0 days 00:13:15.519997,0 days 00:13:40.520002,787.909004,795.519997,820.520002,"{'CZ': array([-2.676712 , -2.3631973, -2.0779   , ..., -6.2338524, -5.5664597,
       -4.902199 ], shape=(7611,), dtype=float32), 'C3': array([-3.8969574, -3.2152405, -2.5725098, ..., -7.02205  , -6.7558804,
       -6.5219126], shape=(7611,), dtype=float32), 'C4': array([-1.1201582, -1.2257547, -1.4074535, ...,  2.5095878,  3.042575 ,
        3.5034103], shape=(7611,), dtype=float32)}",787909.0,795520.0,7611.0,ok,1.6347871896869037,1.8305951671209186,4.792720079421997,2.706099574425025,1.4553575679201458,0.8009987868717872,1.4981128479121253,3.029176627023844,1.8612954881973565,1.0850157042909814,1.3208849359216401,2.274468482937664,13.94757122034207,3.563111400580965,1.4029144780351999,"{'CZ': (array([0.00000000e+00, 4.88281250e-01, 9.76562500e-01, ...,
       4.99023438e+02, 4.99511719e+02, 5.00000000e+02], shape=(1025,)), array([6.4607579e-03, 2.9839270e-03, 4.4866535e-03, ..., 6.5231768e-17,
       1.0879337e-16, 7.3422748e-17], shape=(1025,), dtype=float32)), 'C3': (array([0.00000000e+00, 4.88281250e-01, 9.76562500e-01, ...,
       4.99023438e+02, 4.99511719e+02, 5.00000000e+02], shape=(1025,)), array([3.5384719e-03, 1.3262347e-03, 2.7676008e-03, ..., 7.7869803e-17,
       6.3053444e-17, 1.3236326e-17], shape=(1025,), dtype=float32)), 'C4': (array([0.00000000e+00, 4.88281250e-01, 9.76562500e-01, ...,
       4.99023438e+02, 4.99511719e+02, 5.00000000e+02], shape=(1025,)), array([6.3033593e-03, 2.4724249e-03, 3.6788732e-03, ..., 2.0584151e-16,
       2.4050399e-16, 1.9274705e-16], shape=(1025,), dtype=float32))}",1.0305745523165755,0.890005923961219,1.7593096646325397,0.07737896873823531,0.5252842166940591,0.6537139944124132,0.8038788553496922,1.6299229560119737,0.06705057256314732,0.3583461599311077,1.0535137867581907,1.423575765356158,6.980358008172585,0.14466839829944383,0.5198029593023554,"[6.4607579e-03 2.9839270e-03 4.4866535e-03 ... 6.5231768e-17 1.0879337e-16
 7.3422748e-17]","[3.5384719e-03 1.3262347e-03 2.7676008e-03 ... 7.7869803e-17 6.3053444e-17
 1.3236326e-17]","[6.3033593e-03 2.4724249e-03 3.6788732e-03 ... 2.0584151e-16 2.4050399e-16
 1.9274705e-16]",0.9442307692307692,0.8341323106423778
105,2019-01-16 10:42:35.366995,2019-01-16 10:42:43.208001,2019-01-16 10:43:08.209002,ID_18,CF,0.4896089890583219,0.5625,0.9063269671749656,0.0,protB_CF,8,2019-01-16 10:27:13,0 days 00:15:22.366995,0 days 00:15:30.208001,0 days 00:15:55.209002,922.366995,930.208001,955.209002,"{'CZ': array([-9.049224 , -8.8525715, -8.566012 , ..., -5.2087336, -4.6614437,
       -4.074656 ], shape=(7841,), dtype=float32), 'C3': array([-2.2374601, -2.3739862, -2.4464407, ..., -1.5949514, -1.082931 ,
       -0.6177149], shape=(7841,), dtype=float32), 'C4': array([-0.6378021 , -0.5136566 , -0.45612335, ..., -1.8429451 ,
       -1.957016  , -2.0861244 ], shape=(7841,), dtype=float32)}",922367.0,930208.0,7841.0,ok,1.8678421110962518,2.79042636975646,8.03168211132288,3.646766850579297,1.5240407021792635,0.4932831525366055,1.5797516389284283,4.584794893162325,2.1035449481132673,0.9266115905575134,1.5786100339028053,2.0161146530881524,12.491398229030892,3.0529441210092045,0.9930189781925947,"{'CZ': (array([0.00000000e+00, 4.88281250e-01, 9.76562500e-01, ...,
       4.99023438e+02, 4.99511719e+02, 5.00000000e+02], shape=(1025,)), array([1.4132622e-02, 5.4961317e-03, 2.8561156e-03, ..., 2.0609441e-16,
       1.3208503e-16, 1.0184446e-16], shape=(1025,), dtype=float32)), 'C3': (array([0.00000000e+00, 4.88281250e-01, 9.76562500e-01, ...,
       4.99023438e+02, 4.99511719e+02, 5.00000000e+02], shape=(1025,)), array([3.7594288e-04, 1.6936749e-04, 3.1999147e-03, ..., 1.2737496e-16,
       3.5358315e-17, 1.8923133e-17], shape=(1025,), dtype=float32)), 'C4': (array([0.00000000e+00, 4.88281250e-01, 9.76562500e-01, ...,
       4.99023438e+02, 4.99511719e+02, 5.00000000e+02], shape=(1025,)), array([3.7664797e-03, 1.6245008e-03, 5.3957799e-03, ..., 2.2757258e-16,
       1.9765362e-16, 8.6054610e-17], shape=(1025,), dtype=float32))}",1.1774930459356825,1.3566604151844146,2.9482664807352426,0.10427667214964356,0.5500741151868075,0.4025800104896638,0.8476857674696848,2.46696160874376,0.07577727130253242,0.3060303218753151,1.259070634696133,1.2618737000957565,6.2515853322274815,0.12395473686623766,0.3679299141818114,"[1.4132622e-02 5.4961317e-03 2.8561156e-03 ... 2.0609441e-16 1.3208503e-16
 1.0184446e-16]","[3.7594288e-04 1.6936749e-04 3.1999147e-03 ... 1.2737496e-16 3.5358315e-17
 1.8923133e-17]","[3.7664797e-03 1.6245008e-03 5.3957799e-03 ... 2.2757258e-16 1.9765362e-16
 8.6054610e-17]",0.8596153846153847,0.8533077660594439
106,2019-01-16 10:44:49.676003,2019-01-16 10:44:57.324000,2019-01-16 10:45:22.323995,ID_18,CF,0.5167701290807313,0.75,0.8003103872421938,0.0,protB_CF,8,2019-01-16 10:27:13,0 days 00:17:36.676003,0 days 00:17:44.324000,0 days 00:18:09.323995,1056.676003,1064.324,1089.323995,"{'CZ': array([ 1.7814293,  2.0325584,  2.3148499, ..., -1.8691502, -1.5691891,
       -1.2674332], shape=(7648,), dtype=float32), 'C3': array([ 0.7850628 ,  0.58621407,  0.37278557, ..., -0.3267212 ,
       -0.74461365, -1.2000885 ], shape=(7648,), dtype=float32), 'C4': array([ 2.7545624,  3.8974152,  5.0860977, ..., -8.097229 , -7.6055145,
       -7.068527 ], shape=(7648,), dtype=float32)}",1056676.0,1064324.0,7648.0,ok,1.082621529349126,3.0378414667211473,4.529226091108285,3.0148569640005007,1.690163342118467,0.7141802516343887,1.1332245485391468,3.088417652179487,2.5752892997843446,1.0631533973537444,1.9763483869610354,2.2596884082304314,8.808070546365343,3.414367889490677,1.4453649580445926,"{'CZ': (array([0.00000000e+00, 4.88281250e-01, 9.76562500e-01, ...,
       4.99023438e+02, 4.99511719e+02, 5.00000000e+02], shape=(1025,)), array([2.7412490e-03, 1.4407152e-03, 2.0172645e-03, ..., 1.1791339e-16,
       1.6782296e-16, 3.9671969e-17], shape=(1025,), dtype=float32)), 'C3': (array([0.00000000e+00, 4.88281250e-01, 9.76562500e-01, ...,
       4.99023438e+02, 4.99511719e+02, 5.00000000e+02], shape=(1025,)), array([5.9878775e-03, 2.7000245e-03, 2.5288051e-03, ..., 6.4670489e-17,
       7.1492228e-17, 2.3092639e-17], shape=(1025,), dtype=float32)), 'C4': (array([0.00000000e+00, 4.88281250e-01, 9.76562500e-01, ...,
       4.99023438e+02, 4.99511719e+02, 5.00000000e+02], shape=(1025,)), array([1.1895213e-02, 4.6749157e-03, 9.6597467e-03, ..., 2.4210264e-16,
       1.2770763e-16, 9.9673351e-17], shape=(1025,), dtype=float32))}",0.682487729886693,1.4769496554987183,1.6625864025744739,0.08620766396492008,0.6100329890189746,0.5828593409606607,0.6080818639286217,1.6617990460284657,0.09277120326204652,0.35112573564857297,1.5762995068514287,1.414325007950105,4.408185827020462,0.1386291581276774,0.5355315624910484,"[2.7412490e-03 1.4407152e-03 2.0172645e-03 ... 1.1791339e-16 1.6782296e-16
 3.9671969e-17]","[5.9878775e-03 2.7000245e-03 2.5288051e-03 ... 6.4670489e-17 7.1492228e-17
 2.3092639e-17]","[1.1895213e-02 4.6749157e-03 9.6597467e-03 ... 2.4210264e-16 1.2770763e-16
 9.9673351e-17]",0.9173076923076924,0.8657718120805369
107,2019-01-16 10:47:03.840997,2019-01-16 10:47:11.509000,2019-01-16 10:47:36.509005,ID_18,CF,0.790266106919462,0.84,0.7807983207583857,0.75,protB_CF,8,2019-01-16 10:27:13,0 days 00:19:50.840997,0 days 00:19:58.509000,0 days 00:20:23.509005,1190.840997,1198.509,1223.509005,"{'CZ': array([1.750761 , 1.7673016, 1.8163948, ..., 3.325882 , 4.0829964,
       4.7859764], shape=(7668,), dtype=float32), 'C3': array([-0.45171666, -0.27505636, -0.0681138 , ...,  3.2346077 ,
        3.026432  ,  2.8699875 ], shape=(7668,), dtype=float32), 'C4': array([1.5608046, 1.7303549, 1.9794607, ..., 3.3517685, 2.6424637,
       1.8636894], shape=(7668,), dtype=float32)}",1190841.0,1198509.0,7668.0,ok,0.9914195015880978,3.6858745152130723,7.529742098995484,2.5385072112840135,1.390489470168177,1.1313577142573195,1.431872689863667,2.7583864430198446,2.0621255971491337,1.1240491219268733,2.03055708334432,1.5824935981072485,14.1928502562223,2.5919223626260646,0.9493807560829737,"{'CZ': (array([0.00000000e+00, 4.88281250e-01, 9.76562500e-01, ...,
       4.99023438e+02, 4.99511719e+02, 5.00000000e+02], shape=(1025,)), array([8.7592518e-03, 4.0319990e-03, 1.4687134e-03, ..., 2.1249051e-16,
       8.8120854e-17, 1.1018347e-16], shape=(1025,), dtype=float32)), 'C3': (array([0.00000000e+00, 4.88281250e-01, 9.76562500e-01, ...,
       4.99023438e+02, 4.99511719e+02, 5.00000000e+02], shape=(1025,)), array([7.3745102e-03, 3.0091603e-03, 1.9090138e-03, ..., 6.2493217e-17,
       2.1040114e-16, 1.8997149e-17], shape=(1025,), dtype=float32)), 'C4': (array([0.00000000e+00, 4.88281250e-01, 9.76562500e-01, ...,
       4.99023438e+02, 4.99511719e+02, 5.00000000e+02], shape=(1025,)), array([1.3252434e-02, 6.6224295e-03, 1.9033448e-03, ..., 1.6521352e-16,
       2.1249823e-16, 5.7040793e-17], shape=(1025,), dtype=float32))}",0.6249937089382009,1.7920128996498288,2.7640145527862474,0.07258678579315256,0.5018712845960235,0.9233277036346278,0.7683347623233296,1.4842176401735683,0.07428519698389278,0.3712376556610698,1.6195353765694303,0.9904729619234249,7.1031131069130975,0.10523646739096743,0.35176123294969336,"[8.7592518e-03 4.0319990e-03 1.4687134e-03 ... 2.1249051e-16 8.8120854e-17
 1.1018347e-16]","[7.3745102e-03 3.0091603e-03 1.9090138e-03 ... 6.2493217e-17 2.1040114e-16
 1.8997149e-17]","[1.3252434e-02 6.6224295e-03 1.9033448e-03 ... 1.6521352e-16 2.1249823e-16
 5.7040793e-17]",0.948076923076923,0.840843720038351
108,2019-01-21 17:48:14.084004,2019-01-21 17:48:34.097997,2019-01-21 17:48:59.098998,ID_25,CF,0.7003696707777145,0.72,0.7382518694760007,0.6428571428571428,protB_CF,4,2019-01-21 17:48:01,0 days 00:00:13.084004,0 days 00:00:33.097997,0 days 00:00:58.098998,13.084004,33.097997,58.098998,"{'CZ': array([ 1.5850725,  1.634968 ,  1.7363062, ..., -7.5704346, -8.185059 ,
       -8.809723 ], shape=(20014,), dtype=float32), 'C3': array([-1.6116295 , -0.9957123 , -0.28476334, ..., -0.20567322,
       -0.49549866, -0.7905426 ], shape=(20014,), dtype=float32), 'C4': array([-0.8972702 , -1.1089783 , -1.2809143 , ..., -0.227602  ,
       -0.43151188, -0.8089762 ], shape=(20014,), dtype=float32)}",13084.0,33098.0,20014.0,ok,21.818212640937418,16.062688664533198,8.077766629867256,7.918100556707941,2.476215552633221,15.171895327512175,14.008602360263467,7.173769525252283,6.661384366452694,1.6673791217272083,2.1758610164397396,3.5392659483477473,7.171466815634631,5.0992566139029805,1.3740839237925684,"{'CZ': (array([0.00000000e+00, 4.88281250e-01, 9.76562500e-01, ...,
       4.99023438e+02, 4.99511719e+02, 5.00000000e+02], shape=(1025,)), array([2.8999345e-02, 1.4982809e-02, 8.5832328e-02, ..., 2.1576225e-15,
       1.0541603e-15, 3.0529076e-16], shape=(1025,), dtype=float32)), 'C3': (array([0.00000000e+00, 4.88281250e-01, 9.76562500e-01, ...,
       4.99023438e+02, 4.99511719e+02, 5.00000000e+02], shape=(1025,)), array([6.7592755e-02, 4.1840851e-02, 2.4846268e-01, ..., 6.3654801e-16,
       4.4934161e-16, 3.1017574e-16], shape=(1025,), dtype=float32)), 'C4': (array([0.00000000e+00, 4.88281250e-01, 9.76562500e-01, ...,
       4.99023438e+02, 4.99511719e+02, 5.00000000e+02], shape=(1025,)), array([1.2568559e-02, 6.3613029e-03, 2.1150738e-02, ..., 2.6838281e-16,
       1.3140328e-16, 9.7913435e-17], shape=(1025,), dtype=float32))}",26.93608092773531,7.746053579144563,3.3496325643675373,0.2327665198426523,0.7967392164191454,34.06762807389668,16.718934604513347,9.872215419247032,0.6775794807650499,0.9660679863538286,2.321670974263279,2.2020601282962464,3.938330409110533,0.20315111299217856,0.31686974704505433,"[2.8999345e-02 1.4982809e-02 8.5832328e-02 ... 2.1576225e-15 1.0541603e-15
 3.0529076e-16]","[6.7592755e-02 4.1840851e-02 2.4846268e-01 ... 6.3654801e-16 4.4934161e-16
 3.1017574e-16]","[1.2568559e-02 6.3613029e-03 2.1150738e-02 ... 2.6838281e-16 1.3140328e-16
 9.7913435e-17]",0.8692307692307693,0.3068072866730585
109,2019-01-21 17:50:41.236998,2019-01-21 17:50:49.050997,2019-01-21 17:51:14.049996,ID_25,CF,0.495632072266723,0.5625,0.7815390739430262,0.1428571428571429,protB_CF,4,2019-01-21 17:48:01,0 days 00:02:40.236998,0 days 00:02:48.050997,0 days 00:03:13.049996,160.236998,168.050997,193.049996,"{'CZ': array([-1.271656 , -1.1513481, -1.2803726, ...,  3.8041592,  3.3019056,
        2.6973886], shape=(7814,), dtype=float32), 'C3': array([-2.1885872, -2.0743294, -1.9776554, ...,  2.2932682,  2.391861 ,
        2.3120575], shape=(7814,), dtype=float32), 'C4': array([0.70666885, 0.95469093, 1.0731926 , ..., 3.91257   , 4.051206  ,
       4.039258  ], shape=(7814,), dtype=float32)}",160237.0,168051.0,7814.0,ok,1.4066240669308172,2.3550991172669455,0.8257997033069842,2.2299080537777627,1.0975562890962465,1.3341553785721771,1.4851629384793341,2.05069720686879,3.061821284063626,1.2158862963360662,1.4887125216773711,2.2606922721024603,4.118857439607382,3.035634375009977,1.1421620706641988,"{'CZ': (array([0.00000000e+00, 4.88281250e-01, 9.76562500e-01, ...,
       4.99023438e+02, 4.99511719e+02, 5.00000000e+02], shape=(1025,)), array([7.2268895e-03, 3.1364167e-03, 1.6496662e-03, ..., 3.8938088e-17,
       3.6279275e-17, 2.4128847e-17], shape=(1025,), dtype=float32)), 'C3': (array([0.00000000e+00, 4.88281250e-01, 9.76562500e-01, ...,
       4.99023438e+02, 4.99511719e+02, 5.00000000e+02], shape=(1025,)), array([3.2800913e-03, 1.1149200e-03, 3.0881669e-03, ..., 6.0753868e-17,
       7.0791387e-17, 4.7283166e-17], shape=(1025,), dtype=float32)), 'C4': (array([0.00000000e+00, 4.88281250e-01, 9.76562500e-01, ...,
       4.99023438e+02, 4.99511719e+02, 5.00000000e+02], shape=(1025,)), array([3.1013966e-03, 7.7408733e-04, 3.9136694e-03, ..., 7.8930686e-17,
       1.3376544e-16, 2.9223537e-17], shape=(1025,), dtype=float32))}",1.736573949722069,1.1357204467783901,0.3424369265156131,0.06555207698230509,0.3531462100787375,2.995770024036852,1.772506735997885,2.8220762480022565,0.31144085999589094,0.7044761510026711,1.5884749184283975,1.406557288261501,2.26193914330501,0.12093772653825624,0.2633875559921441,"[7.2268895e-03 3.1364167e-03 1.6496662e-03 ... 3.8938088e-17 3.6279275e-17
 2.4128847e-17]","[3.2800913e-03 1.1149200e-03 3.0881669e-03 ... 6.0753868e-17 7.0791387e-17
 4.7283166e-17]","[3.1013966e-03 7.7408733e-04 3.9136694e-03 ... 7.8930686e-17 1.3376544e-16
 2.9223537e-17]",0.7480769230769231,0.7718120805369127
110,2019-01-21 17:52:55.661002,2019-01-21 17:53:03.429005,2019-01-21 17:53:28.429000,ID_25,CF,0.7384110700658685,0.875,0.7402332101976052,0.6,protB_CF,4,2019-01-21 17:48:01,0 days 00:04:54.661002,0 days 00:05:02.429005,0 days 00:05:27.429000,294.661002,302.429005,327.429,"{'CZ': array([-3.9331512, -4.3285522, -4.6419983, ...,  4.8525944,  4.5532417,
        4.305813 ], shape=(7768,), dtype=float32), 'C3': array([ 0.26559448, -0.00695801, -0.1151123 , ...,  1.2299957 ,
        1.3405418 ,  1.4220695 ], shape=(7768,), dtype=float32), 'C4': array([-6.316208 , -6.1102066, -5.6943054, ..., -1.7148399, -2.4873924,
       -3.0765839], shape=(7768,), dtype=float32)}",294661.0,302429.0,7768.0,ok,4.1314113477710634,5.563800019444898,1.5336700162151828,2.421961222353275,1.4576278756521788,6.2208412564359605,5.454594240291044,1.6720046842237934,3.0412921514653135,1.384469719369008,2.341279323445633,3.0407453887164593,2.2856714203953743,3.5575472174969036,1.4408426660565965,"{'CZ': (array([0.00000000e+00, 4.88281250e-01, 9.76562500e-01, ...,
       4.99023438e+02, 4.99511719e+02, 5.00000000e+02], shape=(1025,)), array([1.6018370e-02, 4.8568542e-03, 1.3674196e-02, ..., 2.7980087e-16,
       1.1837946e-16, 9.4739027e-17], shape=(1025,), dtype=float32)), 'C3': (array([0.00000000e+00, 4.88281250e-01, 9.76562500e-01, ...,
       4.99023438e+02, 4.99511719e+02, 5.00000000e+02], shape=(1025,)), array([2.67591551e-02, 7.60621252e-03, 2.08547842e-02, ...,
       1.50250158e-16, 1.01036466e-16, 1.39740068e-16],
      shape=(1025,), dtype=float32)), 'C4': (array([0.00000000e+00, 4.88281250e-01, 9.76562500e-01, ...,
       4.99023438e+02, 4.99511719e+02, 5.00000000e+02], shape=(1025,)), array([1.12151923e-02, 4.85170214e-03, 1.15121575e-02, ...,
       1.12724640e-16, 7.78836803e-17, 1.75661944e-17],
      shape=(1025,), dtype=float32))}",5.100510854886602,2.6830808935135524,0.6359717066241721,0.07119781832568887,0.46900169504340417,13.968545238161994,6.509928831748635,2.3009368180206367,0.3093526875918822,0.8021522259275886,2.498174381000054,1.8918906571344456,1.2552145176985485,0.14173039944415602,0.3322646042353361,"[1.6018370e-02 4.8568542e-03 1.3674196e-02 ... 2.7980087e-16 1.1837946e-16
 9.4739027e-17]","[2.67591551e-02 7.60621252e-03 2.08547842e-02 ... 1.50250158e-16
 1.01036466e-16 1.39740068e-16]","[1.12151923e-02 4.85170214e-03 1.15121575e-02 ... 1.12724640e-16
 7.78836803e-17 1.75661944e-17]",0.7403846153846154,0.588686481303931
111,2019-01-21 17:55:09.732997,2019-01-21 17:55:17.552005,2019-01-21 17:55:42.552996,ID_25,CF,0.5029611588277282,0.625,0.8838834764831844,0.0,protB_CF,6,2019-01-21 17:48:01,0 days 00:07:08.732997,0 days 00:07:16.552005,0 days 00:07:41.552996,428.732997,436.552005,461.552996,"{'CZ': array([-0.29478836,  0.34427643,  0.9805641 , ..., -3.2930908 ,
       -3.2615738 , -2.9189606 ], shape=(7819,), dtype=float32), 'C3': array([-2.4586334 , -1.3287067 , -0.34843445, ..., -3.3451948 ,
       -2.9595942 , -2.2806158 ], shape=(7819,), dtype=float32), 'C4': array([ 9.357504 ,  8.759604 ,  8.07431  , ..., -6.2272224, -4.72295  ,
       -3.1515121], shape=(7819,), dtype=float32)}",428733.0,436552.0,7819.0,ok,1.3321287860890152,2.095369913149625,1.081878253899049,1.8312556858290918,1.1942515004648158,1.4627404143539025,1.8197280733147636,2.68254047841765,3.7777824254590087,1.2483975928034852,1.6866558025867562,2.9965981957502663,6.262301802053116,4.228083336784039,1.1242335609722431,"{'CZ': (array([0.00000000e+00, 4.88281250e-01, 9.76562500e-01, ...,
       4.99023438e+02, 4.99511719e+02, 5.00000000e+02], shape=(1025,)), array([6.0355864e-03, 2.6771035e-03, 2.0797909e-03, ..., 8.3383915e-17,
       8.1751061e-17, 6.3356714e-17], shape=(1025,), dtype=float32)), 'C3': (array([0.00000000e+00, 4.88281250e-01, 9.76562500e-01, ...,
       4.99023438e+02, 4.99511719e+02, 5.00000000e+02], shape=(1025,)), array([2.6225559e-03, 1.1646698e-03, 3.7214865e-03, ..., 5.7733137e-17,
       1.9961847e-16, 2.9322226e-17], shape=(1025,), dtype=float32)), 'C4': (array([0.00000000e+00, 4.88281250e-01, 9.76562500e-01, ...,
       4.99023438e+02, 4.99511719e+02, 5.00000000e+02], shape=(1025,)), array([7.81401899e-03, 3.50036216e-03, 1.61811383e-03, ...,
       1.01514854e-16, 3.75008406e-16, 3.17770498e-17],
      shape=(1025,), dtype=float32))}",1.644604412780067,1.0104689167774625,0.44862581403900964,0.05383298808593667,0.38425855280485915,3.284500408759248,2.1718022878603858,3.6915902275042365,0.38426664991393633,0.7233129723966543,1.7996828799505526,1.8644231610983149,3.4390473040027523,0.16844412837539616,0.25925316344696037,"[6.0355864e-03 2.6771035e-03 2.0797909e-03 ... 8.3383915e-17 8.1751061e-17
 6.3356714e-17]","[2.6225559e-03 1.1646698e-03 3.7214865e-03 ... 5.7733137e-17 1.9961847e-16
 2.9322226e-17]","[7.81401899e-03 3.50036216e-03 1.61811383e-03 ... 1.01514854e-16
 3.75008406e-16 3.17770498e-17]",0.8423076923076923,0.6529242569511026
112,2019-01-21 17:57:23.998995,2019-01-21 17:57:32.025003,2019-01-21 17:57:57.026004,ID_25,CF,0.8246008113209022,0.88,0.7604691006293736,0.8333333333333334,protB_CF,6,2019-01-21 17:48:01,0 days 00:09:22.998995,0 days 00:09:31.025003,0 days 00:09:56.026004,562.998995,571.025003,596.026004,"{'CZ': array([3.3139267 , 3.0686684 , 2.850891  , ..., 0.95773125, 0.6232624 ,
       0.29296494], shape=(8026,), dtype=float32), 'C3': array([1.1969452 , 1.5428181 , 1.8550644 , ..., 0.75216484, 0.8355274 ,
       0.94247055], shape=(8026,), dtype=float32), 'C4': array([-3.7884636 , -3.7159233 , -3.4344006 , ..., -0.37498474,
       -0.3154297 , -0.30280304], shape=(8026,), dtype=float32)}",562999.0,571025.0,8026.0,ok,1.8093446851707995,2.0380371570354328,0.691938756062882,1.6156417586898897,1.0831115523615154,1.439403728909383,2.851720026228577,1.2946598144480959,2.1453050303534837,1.1216949626486894,2.496861128747696,1.2035932959406637,1.805849518859759,2.344884444028139,0.9543849881765709,"{'CZ': (array([0.00000000e+00, 4.88281250e-01, 9.76562500e-01, ...,
       4.99023438e+02, 4.99511719e+02, 5.00000000e+02], shape=(1025,)), array([5.7597808e-03, 2.4113089e-03, 2.6172958e-03, ..., 1.0866617e-16,
       1.1456344e-16, 1.5000346e-17], shape=(1025,), dtype=float32)), 'C3': (array([0.00000000e+00, 4.88281250e-01, 9.76562500e-01, ...,
       4.99023438e+02, 4.99511719e+02, 5.00000000e+02], shape=(1025,)), array([6.4099352e-03, 2.8455295e-03, 2.4670551e-03, ..., 9.3308084e-17,
       1.4791139e-16, 2.5707832e-17], shape=(1025,), dtype=float32)), 'C4': (array([0.00000000e+00, 4.88281250e-01, 9.76562500e-01, ...,
       4.99023438e+02, 4.99511719e+02, 5.00000000e+02], shape=(1025,)), array([1.5576263e-03, 6.1455020e-04, 5.7242676e-03, ..., 9.1901804e-17,
       3.4241283e-16, 4.6740390e-17], shape=(1025,), dtype=float32))}",2.233760192367181,0.9828208305837015,0.28692839197488473,0.047494636723717364,0.34849851766958023,3.2320992088406237,3.403460202720749,1.7816519666380715,0.21821510193438048,0.6499023405947028,2.6641821171395206,0.7488515546317993,0.9917123312762123,0.09341869231361372,0.22008534162339846,"[5.7597808e-03 2.4113089e-03 2.6172958e-03 ... 1.0866617e-16 1.1456344e-16
 1.5000346e-17]","[6.4099352e-03 2.8455295e-03 2.4670551e-03 ... 9.3308084e-17 1.4791139e-16
 2.5707832e-17]","[1.5576263e-03 6.1455020e-04 5.7242676e-03 ... 9.1901804e-17 3.4241283e-16
 4.6740390e-17]",0.6596153846153846,0.713326941514861
113,2019-01-21 17:59:38.824003,2019-01-21 17:59:46.726998,2019-01-21 18:00:11.727003,ID_25,CF,0.8854745413128672,0.875,0.7814236239386015,1.0,protB_CF,6,2019-01-21 17:48:01,0 days 00:11:37.824003,0 days 00:11:45.726998,0 days 00:12:10.727003,697.824003,705.726998,730.727003,"{'CZ': array([2.3289118 , 2.045435  , 1.7393379 , ..., 0.13103485, 0.48142242,
       0.80013275], shape=(7903,), dtype=float32), 'C3': array([-2.199669  , -2.237053  , -2.3182297 , ...,  0.33639717,
       -0.21673965, -0.6962528 ], shape=(7903,), dtype=float32), 'C4': array([3.8965263, 4.2711334, 4.539364 , ..., 6.6231537, 6.4065247,
       5.952286 ], shape=(7903,), dtype=float32)}",697824.0,705727.0,7903.0,ok,1.630892471439438,2.394820883637294,1.4859935763524845,1.616416944671073,1.1130411887734226,0.9567419183440506,1.7684095510048792,3.532771341269836,4.324052071751794,1.0546464435492453,1.6320125323545653,2.5496940361335874,12.039203822496347,5.053989400039427,1.174180003431502,"{'CZ': (array([0.00000000e+00, 4.88281250e-01, 9.76562500e-01, ...,
       4.99023438e+02, 4.99511719e+02, 5.00000000e+02], shape=(1025,)), array([2.6538072e-03, 1.0067779e-03, 4.9842787e-03, ..., 1.4546581e-16,
       8.0012724e-17, 4.6185275e-17], shape=(1025,), dtype=float32)), 'C3': (array([0.00000000e+00, 4.88281250e-01, 9.76562500e-01, ...,
       4.99023438e+02, 4.99511719e+02, 5.00000000e+02], shape=(1025,)), array([1.4045908e-02, 5.2631814e-03, 3.5206496e-03, ..., 1.5294440e-16,
       4.6310176e-17, 1.6298689e-17], shape=(1025,), dtype=float32)), 'C4': (array([0.00000000e+00, 4.88281250e-01, 9.76562500e-01, ...,
       4.99023438e+02, 4.99511719e+02, 5.00000000e+02], shape=(1025,)), array([2.0137275e-02, 9.0144640e-03, 2.4457313e-03, ..., 1.9885676e-16,
       1.0856615e-16, 1.2079226e-16], shape=(1025,), dtype=float32))}",2.0134486870249657,1.154875828357961,0.6162015693034522,0.04751742468173565,0.35812858199785524,2.1483095640494483,2.1105548488629755,4.861639279766461,0.439831842211927,0.6110548901316619,1.7413778257773393,1.5863683764554577,6.6115292358668265,0.2013476962248476,0.2707710309613284,"[2.6538072e-03 1.0067779e-03 4.9842787e-03 ... 1.4546581e-16 8.0012724e-17
 4.6185275e-17]","[1.4045908e-02 5.2631814e-03 3.5206496e-03 ... 1.5294440e-16 4.6310176e-17
 1.6298689e-17]","[2.0137275e-02 9.0144640e-03 2.4457313e-03 ... 1.9885676e-16 1.0856615e-16
 1.2079226e-16]",0.7288461538461538,0.8092042186001918
114,2019-01-21 18:01:53.409996,2019-01-21 18:02:01.722001,2019-01-21 18:02:26.723002,ID_25,CF,0.7156019502484638,0.8125,0.8343058507453917,0.5,protB_CF,8,2019-01-21 17:48:01,0 days 00:13:52.409996,0 days 00:14:00.722001,0 days 00:14:25.723002,832.409996,840.722001,865.723002,"{'CZ': array([4.8257675, 4.860901 , 4.7742844, ..., 4.1473317, 4.0138545,
       3.910954 ], shape=(8312,), dtype=float32), 'C3': array([0.982399 , 1.499382 , 1.9263153, ..., 9.173979 , 9.356882 ,
       9.433277 ], shape=(8312,), dtype=float32), 'C4': array([5.4826736 , 4.7118607 , 4.0168304 , ..., 0.58926153, 0.51454306,
       0.44530153], shape=(8312,), dtype=float32)}",832410.0,840722.0,8312.0,ok,2.143240682926262,2.1587607479887083,1.1521365231601521,2.1267149022605736,1.0436704668563834,1.1286329299764475,1.6328293277183548,1.2420384664437734,5.224213397013955,3.462391407083487,1.7290128125750925,1.455118675949052,1.283874677028507,5.655616863805335,4.757989388963324,"{'CZ': (array([0.00000000e+00, 4.88281250e-01, 9.76562500e-01, ...,
       4.99023438e+02, 4.99511719e+02, 5.00000000e+02], shape=(1025,)), array([3.3440166e-03, 1.2128066e-03, 4.6415464e-03, ..., 8.5989415e-17,
       8.8085398e-17, 7.6256457e-17], shape=(1025,), dtype=float32)), 'C3': (array([0.00000000e+00, 4.88281250e-01, 9.76562500e-01, ...,
       4.99023438e+02, 4.99511719e+02, 5.00000000e+02], shape=(1025,)), array([2.4762619e-03, 1.1563228e-03, 3.7221131e-03, ..., 1.0362546e-16,
       1.3202268e-16, 5.6166708e-17], shape=(1025,), dtype=float32)), 'C4': (array([0.00000000e+00, 4.88281250e-01, 9.76562500e-01, ...,
       4.99023438e+02, 4.99511719e+02, 5.00000000e+02], shape=(1025,)), array([8.5711842e-03, 3.5014341e-03, 3.7645143e-03, ..., 1.7926401e-16,
       1.2506530e-16, 6.9024146e-17], shape=(1025,), dtype=float32))}",2.6459777174687993,1.041038444292146,0.4777600286575572,0.0625185324373444,0.3358080798251597,2.534281054567144,1.9487430686083973,1.7092368602813381,0.5313940175530736,2.006085749199628,1.8448783404618163,0.9053455900205786,0.7050611558300686,0.22531614851600568,1.097213109052761,"[3.3440166e-03 1.2128066e-03 4.6415464e-03 ... 8.5989415e-17 8.8085398e-17
 7.6256457e-17]","[2.4762619e-03 1.1563228e-03 3.7221131e-03 ... 1.0362546e-16 1.3202268e-16
 5.6166708e-17]","[8.5711842e-03 3.5014341e-03 3.7645143e-03 ... 1.7926401e-16 1.2506530e-16
 6.9024146e-17]",0.75,0.7181208053691275
115,2019-01-21 18:04:09.135000,2019-01-21 18:04:16.905004,2019-01-21 18:04:41.904003,ID_25,CF,0.5880098488710038,0.52,0.7894840920675568,0.4545454545454546,protB_CF,8,2019-01-21 17:48:01,0 days 00:16:08.135000,0 days 00:16:15.905004,0 days 00:16:40.904003,968.135,975.905004,1000.904003,"{'CZ': array([ 3.8800278,  3.4404984,  2.9488068, ..., -2.9444084, -3.097065 ,
       -3.2088737], shape=(7770,), dtype=float32), 'C3': array([3.534958 , 3.197235 , 2.9931412, ..., 0.6196871, 0.8663759,
       1.0133219], shape=(7770,), dtype=float32), 'C4': array([ 2.1106234,  1.8337469,  1.5838852, ..., -1.3021164, -1.2663784,
       -1.2683887], shape=(7770,), dtype=float32)}",968135.0,975905.0,7770.0,ok,1.2822792978113284,3.0576524513890035,1.588017024914734,1.7332761253783247,0.9792845796710026,1.2243397522979649,1.362716306175571,1.6259931289823726,2.972841124574188,1.0196244111284614,2.1826209140272113,2.1293300087563694,7.102132170984987,3.0333583872561576,0.853863821134837,"{'CZ': (array([0.00000000e+00, 4.88281250e-01, 9.76562500e-01, ...,
       4.99023438e+02, 4.99511719e+02, 5.00000000e+02], shape=(1025,)), array([4.3508857e-03, 2.2541755e-03, 1.1377144e-03, ..., 5.1415664e-17,
       1.8646908e-16, 3.0198065e-17], shape=(1025,), dtype=float32)), 'C3': (array([0.00000000e+00, 4.88281250e-01, 9.76562500e-01, ...,
       4.99023438e+02, 4.99511719e+02, 5.00000000e+02], shape=(1025,)), array([4.8528323e-03, 1.7226631e-03, 3.7704867e-03, ..., 1.5487082e-16,
       5.5406298e-17, 1.1447633e-17], shape=(1025,), dtype=float32)), 'C4': (array([0.00000000e+00, 4.88281250e-01, 9.76562500e-01, ...,
       4.99023438e+02, 4.99511719e+02, 5.00000000e+02], shape=(1025,)), array([5.49517386e-03, 1.73289713e-03, 3.91372899e-03, ...,
       8.20578189e-17, 8.52409423e-17, 1.09936744e-16],
      shape=(1025,), dtype=float32))}",1.5830617982427713,1.474519005473748,0.6585079494320402,0.050952706238225474,0.315091482172754,2.7491852808750785,1.6263695850258157,2.237617807907621,0.30239001906725815,0.5907633656080026,2.328883869709839,1.3248263285939408,3.9002541345563158,0.12084705264589234,0.19690472199626988,"[4.3508857e-03 2.2541755e-03 1.1377144e-03 ... 5.1415664e-17 1.8646908e-16
 3.0198065e-17]","[4.8528323e-03 1.7226631e-03 3.7704867e-03 ... 1.5487082e-16 5.5406298e-17
 1.1447633e-17]","[5.49517386e-03 1.73289713e-03 3.91372899e-03 ... 8.20578189e-17
 8.52409423e-17 1.09936744e-16]",0.7980769230769231,0.7622243528283796
116,2019-01-21 18:06:23.203001,2019-01-21 18:06:30.959004,2019-01-21 18:06:55.958999,ID_25,CF,0.8021974704874301,0.7755102040816326,0.825526651825102,0.8055555555555556,protB_CF,8,2019-01-21 17:48:01,0 days 00:18:22.203001,0 days 00:18:29.959004,0 days 00:18:54.958999,1102.203001,1109.959004,1134.958999,"{'CZ': array([0.07498741, 0.15431976, 0.1320343 , ..., 0.5545969 , 1.1519783 ,
       1.8109672 ], shape=(7756,), dtype=float32), 'C3': array([3.1326218, 3.5783997, 3.8225555, ..., 1.2104111, 1.5442657,
       1.8277435], shape=(7756,), dtype=float32), 'C4': array([ 1.3455982 ,  1.2499006 ,  1.2173272 , ..., -0.6016846 ,
       -0.25672913,  0.14051819], shape=(7756,), dtype=float32)}",1102203.0,1109959.0,7756.0,ok,1.4017447138030548,2.188048092648387,1.1632089590420946,1.621926039661048,0.8733461579595314,1.4623196075262967,1.7407738268957473,1.2258432761882432,2.16795437518158,0.7982288099128709,2.227060698714922,1.5364892751676962,4.092631941603031,2.5081376788875787,0.9463441704156139,"{'CZ': (array([0.00000000e+00, 4.88281250e-01, 9.76562500e-01, ...,
       4.99023438e+02, 4.99511719e+02, 5.00000000e+02], shape=(1025,)), array([4.5361854e-03, 2.0594446e-03, 1.6525037e-03, ..., 6.2789275e-17,
       1.3958097e-16, 5.4437934e-17], shape=(1025,), dtype=float32)), 'C3': (array([0.00000000e+00, 4.88281250e-01, 9.76562500e-01, ...,
       4.99023438e+02, 4.99511719e+02, 5.00000000e+02], shape=(1025,)), array([3.3878298e-03, 1.3613779e-03, 1.4571087e-03, ..., 1.8012753e-16,
       5.8771758e-17, 2.9655289e-17], shape=(1025,), dtype=float32)), 'C4': (array([0.00000000e+00, 4.88281250e-01, 9.76562500e-01, ...,
       4.99023438e+02, 4.99511719e+02, 5.00000000e+02], shape=(1025,)), array([1.6466744e-02, 7.5680260e-03, 4.8184763e-03, ..., 2.1551684e-16,
       1.1643843e-16, 9.4146911e-17], shape=(1025,), dtype=float32))}",1.7305500534072167,1.0551619416506959,0.48235147001708994,0.047679374237581174,0.2810050735750366,3.283555510960762,2.077572267714155,1.6869497758697907,0.22051893706294287,0.4624882781567558,2.3763016769284215,0.9559727411784616,2.2475369744126668,0.09992259648483055,0.21823109397095705,"[4.5361854e-03 2.0594446e-03 1.6525037e-03 ... 6.2789275e-17 1.3958097e-16
 5.4437934e-17]","[3.3878298e-03 1.3613779e-03 1.4571087e-03 ... 1.8012753e-16 5.8771758e-17
 2.9655289e-17]","[1.6466744e-02 7.5680260e-03 4.8184763e-03 ... 2.1551684e-16 1.1643843e-16
 9.4146911e-17]",0.8346153846153846,0.4870565675934803
117,2019-01-21 17:49:11.128997,2019-01-21 17:49:19.408001,2019-01-21 17:49:44.409002,ID_25,CF,0.6324697728945532,0.75,0.7474093186836597,0.4,protB_CF,4,2019-01-21 17:48:01,0 days 00:01:10.128997,0 days 00:01:18.408001,0 days 00:01:43.409002,70.128997,78.408001,103.409002,"{'CZ': array([-1.568306  , -1.0150871 , -0.41081238, ...,  1.97435   ,
        2.4284325 ,  2.8574677 ], shape=(8279,), dtype=float32), 'C3': array([-0.1707573 ,  0.18198395,  0.5925598 , ...,  2.7696948 ,
        3.0985465 ,  3.3904932 ], shape=(8279,), dtype=float32), 'C4': array([-0.2636261 , -0.08388519,  0.02944374, ...,  0.6704254 ,
        1.1004639 ,  1.598671  ], shape=(8279,), dtype=float32)}",70129.0,78408.0,8279.0,ok,1.5912299313640688,3.0464123119600117,1.281773620576132,2.2752841305191396,1.0796210185617383,0.9409807717020158,1.7311471310677007,1.6245657971012406,2.489117856384837,1.1995115567060566,0.9562586737956735,1.674051585723646,5.131275866006035,3.1792535410204437,1.1207338550320856,"{'CZ': (array([0.00000000e+00, 4.88281250e-01, 9.76562500e-01, ...,
       4.99023438e+02, 4.99511719e+02, 5.00000000e+02], shape=(1025,)), array([9.4556687e-03, 3.4388674e-03, 2.8840250e-03, ..., 1.0175590e-16,
       1.7953701e-16, 7.1054272e-17], shape=(1025,), dtype=float32)), 'C3': (array([0.00000000e+00, 4.88281250e-01, 9.76562500e-01, ...,
       4.99023438e+02, 4.99511719e+02, 5.00000000e+02], shape=(1025,)), array([6.9487384e-03, 2.4326292e-03, 5.1293606e-03, ..., 8.2114292e-17,
       4.6812093e-17, 3.7398652e-17], shape=(1025,), dtype=float32)), 'C4': (array([0.00000000e+00, 4.88281250e-01, 9.76562500e-01, ...,
       4.99023438e+02, 4.99511719e+02, 5.00000000e+02], shape=(1025,)), array([1.8242506e-03, 7.7026349e-04, 2.6589024e-03, ..., 1.2682447e-16,
       1.3871575e-16, 2.4023110e-17], shape=(1025,), dtype=float32))}",1.964482559191692,1.4690985728131642,0.5315170462778829,0.06688598672385991,0.3473754146499091,2.112918805661779,2.066083034608132,2.235653578675598,0.25318688907759024,0.6949887395703841,1.020339989578741,1.0415612455893768,2.817925579264946,0.12665942199921543,0.2584461159902599,"[9.4556687e-03 3.4388674e-03 2.8840250e-03 ... 1.0175590e-16 1.7953701e-16
 7.1054272e-17]","[6.9487384e-03 2.4326292e-03 5.1293606e-03 ... 8.2114292e-17 4.6812093e-17
 3.7398652e-17]","[1.8242506e-03 7.7026349e-04 2.6589024e-03 ... 1.2682447e-16 1.3871575e-16
 2.4023110e-17]",0.7923076923076923,0.5292425695110259
118,2019-01-21 17:51:26.067000,2019-01-21 17:51:33.959997,2019-01-21 17:51:58.960998,ID_25,CF,0.7105390303659013,0.76,0.6841170910977037,0.6875,protB_CF,4,2019-01-21 17:48:01,0 days 00:03:25.067000,0 days 00:03:32.959997,0 days 00:03:57.960998,205.067,212.959997,237.960998,"{'CZ': array([-6.1876373 , -6.289383  , -6.4798584 , ..., -0.30501556,
        0.1532898 ,  0.57225037], shape=(7893,), dtype=float32), 'C3': array([-3.1963959, -2.909607 , -2.6325989, ...,  2.3974   ,  3.4514732,
        4.31604  ], shape=(7893,), dtype=float32), 'C4': array([4.041676 , 4.1679645, 4.1763477, ..., 4.0294647, 4.9192963,
       5.6270065], shape=(7893,), dtype=float32)}",205067.0,212960.0,7893.0,ok,2.927329091107822,3.0247911636251956,1.3703527365578339,2.557670552050695,1.2583427674144332,1.8103116344718728,2.4551024253014475,3.095569249126129,3.9763045861036517,1.6935158155320096,1.7989703901548637,1.5918692370178178,3.2963128032861277,4.903722343442496,2.492141621587507,"{'CZ': (array([0.00000000e+00, 4.88281250e-01, 9.76562500e-01, ...,
       4.99023438e+02, 4.99511719e+02, 5.00000000e+02], shape=(1025,)), array([8.6687515e-03, 2.8808462e-03, 3.4166460e-03, ..., 1.4009820e-16,
       9.9512984e-17, 3.0198065e-17], shape=(1025,), dtype=float32)), 'C3': (array([0.00000000e+00, 4.88281250e-01, 9.76562500e-01, ...,
       4.99023438e+02, 4.99511719e+02, 5.00000000e+02], shape=(1025,)), array([1.7063331e-02, 7.9345908e-03, 5.4742191e-03, ..., 8.0256789e-17,
       2.5903970e-16, 1.0105497e-16], shape=(1025,), dtype=float32)), 'C4': (array([0.00000000e+00, 4.88281250e-01, 9.76562500e-01, ...,
       4.99023438e+02, 4.99511719e+02, 5.00000000e+02], shape=(1025,)), array([3.8468409e-03, 1.5080211e-03, 2.6374655e-03, ..., 9.7872321e-17,
       1.4951312e-16, 4.0905550e-17], shape=(1025,), dtype=float32))}",3.613988670742295,1.4586720136647002,0.5682484232798046,0.07518723323114708,0.40488035439012365,4.064951815822252,2.9301065045881582,4.2599816407532565,0.40445983126035134,0.9812114068422627,1.9195239525066905,0.9904290402179986,1.8102250606277566,0.1953611530666754,0.5746987295021257,"[8.6687515e-03 2.8808462e-03 3.4166460e-03 ... 1.4009820e-16 9.9512984e-17
 3.0198065e-17]","[1.7063331e-02 7.9345908e-03 5.4742191e-03 ... 8.0256789e-17 2.5903970e-16
 1.0105497e-16]","[3.8468409e-03 1.5080211e-03 2.6374655e-03 ... 9.7872321e-17 1.4951312e-16
 4.0905550e-17]",0.7634615384615384,0.6922339405560882
119,2019-01-21 17:53:40.444002,2019-01-21 17:53:48.056996,2019-01-21 17:54:13.057002,ID_25,CF,0.6185568962156982,0.6875,0.7681706886470947,0.4,protB_CF,4,2019-01-21 17:48:01,0 days 00:05:39.444002,0 days 00:05:47.056996,0 days 00:06:12.057002,339.444002,347.056996,372.057002,"{'CZ': array([ 1.7683811 ,  2.0940933 ,  2.4232445 , ..., -1.1353874 ,
       -0.5850067 , -0.04508209], shape=(7613,), dtype=float32), 'C3': array([ 2.2739525,  2.3768272,  2.5013962, ..., -1.8020477, -1.9813957,
       -2.1559868], shape=(7613,), dtype=float32), 'C4': array([-1.21982  , -1.19104  , -1.0192108, ...,  2.063469 ,  2.1965103,
        2.2979279], shape=(7613,), dtype=float32)}",339444.0,347057.0,7613.0,ok,1.9978634627477732,2.7229365368839353,0.9587827444192953,1.8297460683243116,1.0992778395575442,1.432151685548888,1.22990230738651,1.4774842638871633,2.527774291593232,1.4725695111792447,1.5585613036819268,2.014521334785968,1.5446920733666047,3.2956743707472924,1.4513476210140652,"{'CZ': (array([0.00000000e+00, 4.88281250e-01, 9.76562500e-01, ...,
       4.99023438e+02, 4.99511719e+02, 5.00000000e+02], shape=(1025,)), array([5.3261183e-03, 1.7705887e-03, 3.4532954e-03, ..., 7.0659528e-17,
       2.5795414e-16, 4.9145874e-17], shape=(1025,), dtype=float32)), 'C3': (array([0.00000000e+00, 4.88281250e-01, 9.76562500e-01, ...,
       4.99023438e+02, 4.99511719e+02, 5.00000000e+02], shape=(1025,)), array([7.1466528e-03, 3.0283073e-03, 4.7322134e-03, ..., 5.2821944e-17,
       7.9640764e-17, 6.5725204e-17], shape=(1025,), dtype=float32)), 'C4': (array([0.00000000e+00, 4.88281250e-01, 9.76562500e-01, ...,
       4.99023438e+02, 4.99511719e+02, 5.00000000e+02], shape=(1025,)), array([2.8974542e-03, 1.3665663e-03, 4.2635160e-03, ..., 1.6159336e-16,
       6.2009039e-17, 3.6711374e-17], shape=(1025,), dtype=float32))}",2.466499561662874,1.3131059654966095,0.3975814169953714,0.05378861021900196,0.3537001306629539,3.2158151579262264,1.4678592280885043,2.033246660670877,0.25711892570178524,0.8531966389007717,1.6630044442309988,1.25339467948297,0.8482933717254251,0.13129755318680822,0.3346870926746924,"[5.3261183e-03 1.7705887e-03 3.4532954e-03 ... 7.0659528e-17 2.5795414e-16
 4.9145874e-17]","[7.1466528e-03 3.0283073e-03 4.7322134e-03 ... 5.2821944e-17 7.9640764e-17
 6.5725204e-17]","[2.8974542e-03 1.3665663e-03 4.2635160e-03 ... 1.6159336e-16 6.2009039e-17
 3.6711374e-17]",0.7403846153846154,0.5100671140939598
120,2019-01-21 17:55:54.567998,2019-01-21 17:56:02.266005,2019-01-21 17:56:27.266996,ID_25,CF,0.8148420726677239,0.7777777777777778,0.8485666220435755,0.8181818181818181,protB_CF,6,2019-01-21 17:48:01,0 days 00:07:53.567998,0 days 00:08:01.266005,0 days 00:08:26.266996,473.567998,481.266005,506.266996,"{'CZ': array([ 2.049408  ,  2.3004608 ,  2.543621  , ..., -0.50346375,
       -0.28578186, -0.05409241], shape=(7698,), dtype=float32), 'C3': array([ 0.03147125, -0.1666832 , -0.27623558, ...,  1.5250244 ,
        1.8293991 ,  1.9695053 ], shape=(7698,), dtype=float32), 'C4': array([-1.5412064 , -0.8434448 , -0.05996323, ..., -2.0714111 ,
       -2.0175133 , -2.0346909 ], shape=(7698,), dtype=float32)}",473568.0,481266.0,7698.0,ok,2.173527449485846,3.0390438332688063,1.5322252147598192,2.1155147478566505,1.5133324679936777,1.9607040103437612,2.3828597040846944,1.7477083019912243,3.864704951411113,1.477628858310709,3.3444953842263203,1.9016205187654123,4.825943076866679,4.129731676584925,1.363264568226441,"{'CZ': (array([0.00000000e+00, 4.88281250e-01, 9.76562500e-01, ...,
       4.99023438e+02, 4.99511719e+02, 5.00000000e+02], shape=(1025,)), array([9.6019236e-03, 2.7769452e-03, 3.9333836e-03, ..., 2.5686711e-16,
       8.6825609e-17, 4.1843074e-17], shape=(1025,), dtype=float32)), 'C3': (array([0.00000000e+00, 4.88281250e-01, 9.76562500e-01, ...,
       4.99023438e+02, 4.99511719e+02, 5.00000000e+02], shape=(1025,)), array([1.4645502e-02, 5.5782027e-03, 2.7065377e-03, ..., 1.8660103e-16,
       2.0923821e-16, 4.6234622e-17], shape=(1025,), dtype=float32)), 'C4': (array([0.00000000e+00, 4.88281250e-01, 9.76562500e-01, ...,
       4.99023438e+02, 4.99511719e+02, 5.00000000e+02], shape=(1025,)), array([1.13516515e-02, 4.67717275e-03, 3.95858334e-03, ...,
       1.62673882e-16, 1.31838309e-16, 5.72381646e-18],
      shape=(1025,), dtype=float32))}",2.683368809420928,1.4655452056321836,0.6353725863195525,0.062189284160736824,0.48692502696251666,4.402649342449816,2.843886530559838,2.40511669444204,0.3931081934672589,0.8561279898046354,3.5686184910013106,1.1831500612374726,2.6502469942167006,0.164525861312781,0.3143747564538197,"[9.6019236e-03 2.7769452e-03 3.9333836e-03 ... 2.5686711e-16 8.6825609e-17
 4.1843074e-17]","[1.4645502e-02 5.5782027e-03 2.7065377e-03 ... 1.8660103e-16 2.0923821e-16
 4.6234622e-17]","[1.13516515e-02 4.67717275e-03 3.95858334e-03 ... 1.62673882e-16
 1.31838309e-16 5.72381646e-18]",0.7576923076923077,0.6490891658676894
121,2019-01-21 17:58:09.040996,2019-01-21 17:58:16.898004,2019-01-21 17:58:41.898995,ID_25,CF,0.8202102832510273,0.8571428571428571,0.7145991037213356,0.8888888888888888,protB_CF,6,2019-01-21 17:48:01,0 days 00:10:08.040996,0 days 00:10:15.898004,0 days 00:10:40.898995,608.040996,615.898004,640.898995,"{'CZ': array([-3.1170864, -2.6519432, -2.3202171, ..., -3.3341446, -3.2469244,
       -3.1118326], shape=(7857,), dtype=float32), 'C3': array([ 1.2133422,  1.5413809,  1.6991796, ..., -1.5517159, -1.6631317,
       -1.8385239], shape=(7857,), dtype=float32), 'C4': array([-2.8926544, -2.2167368, -1.6110716, ..., -2.2042007, -2.124733 ,
       -2.0726814], shape=(7857,), dtype=float32)}",608041.0,615898.0,7857.0,ok,3.30410769674927,2.267865478643216,1.1535720841493458,2.4300180302816443,1.6596754766169397,2.731844324443955,3.229091438697651,1.7645051702857018,2.731805190705927,2.3734338105896313,2.52170447492972,3.0784830887569115,2.6790827250806615,2.7593875202001072,1.5351287639759903,"{'CZ': (array([0.00000000e+00, 4.88281250e-01, 9.76562500e-01, ...,
       4.99023438e+02, 4.99511719e+02, 5.00000000e+02], shape=(1025,)), array([2.20997557e-02, 1.08540235e-02, 1.33601725e-02, ...,
       2.23450891e-16, 1.26289158e-16, 1.20792272e-16],
      shape=(1025,), dtype=float32)), 'C3': (array([0.00000000e+00, 4.88281250e-01, 9.76562500e-01, ...,
       4.99023438e+02, 4.99511719e+02, 5.00000000e+02], shape=(1025,)), array([7.39412615e-03, 5.12392353e-03, 1.52515993e-02, ...,
       1.04436515e-16, 1.93673779e-16, 7.26826002e-17],
      shape=(1025,), dtype=float32)), 'C4': (array([0.00000000e+00, 4.88281250e-01, 9.76562500e-01, ...,
       4.99023438e+02, 4.99511719e+02, 5.00000000e+02], shape=(1025,)), array([1.1547011e-02, 4.6584308e-03, 2.5687704e-03, ..., 1.3281351e-16,
       1.6735977e-16, 8.6054623e-17], shape=(1025,), dtype=float32))}",4.079147718388338,1.093652991398075,0.4783553171893846,0.07143466239316394,0.5340118865434316,6.134201060046662,3.853844031487277,2.4282317808116387,0.27787244224964136,1.3751512132197308,2.6906902788734697,1.915370295512985,1.4712628860953845,0.10993222901883261,0.3540073897233742,"[2.20997557e-02 1.08540235e-02 1.33601725e-02 ... 2.23450891e-16
 1.26289158e-16 1.20792272e-16]","[7.39412615e-03 5.12392353e-03 1.52515993e-02 ... 1.04436515e-16
 1.93673779e-16 7.26826002e-17]","[1.1547011e-02 4.6584308e-03 2.5687704e-03 ... 1.3281351e-16 1.6735977e-16
 8.6054623e-17]",0.6326923076923077,0.6212847555129435
122,2019-01-21 18:00:23.741996,2019-01-21 18:00:31.562995,2019-01-21 18:00:56.563000,ID_25,CF,0.798419494237281,0.72,0.7863695938229543,0.8888888888888888,protB_CF,6,2019-01-21 17:48:01,0 days 00:12:22.741996,0 days 00:12:30.562995,0 days 00:12:55.563000,742.741996,750.562995,775.563,"{'CZ': array([ 2.9468665,  3.6345139,  4.184    , ..., -4.121437 , -4.4162064,
       -4.5248566], shape=(7821,), dtype=float32), 'C3': array([-4.6225777, -4.1850243, -3.862049 , ..., -6.7513943, -7.1635437,
       -7.539772 ], shape=(7821,), dtype=float32), 'C4': array([-1.2229309, -0.9198675, -0.6515331, ...,  6.040291 ,  6.403782 ,
        6.79517  ], shape=(7821,), dtype=float32)}",742742.0,750563.0,7821.0,ok,1.5564533969154581,3.4543893416412175,1.746249537973199,2.527767601350206,1.2996246800867084,2.7188386156922206,2.5365767651237547,2.0517283264780417,4.243357350787846,1.4017824787515565,1.4044023337191902,3.0613472627010196,8.020359906367958,5.0687344519246835,1.6917073269269167,"{'CZ': (array([0.00000000e+00, 4.88281250e-01, 9.76562500e-01, ...,
       4.99023438e+02, 4.99511719e+02, 5.00000000e+02], shape=(1025,)), array([3.6792618e-03, 1.7893167e-03, 3.8719017e-03, ..., 1.6798146e-16,
       6.5279671e-17, 7.3188365e-17], shape=(1025,), dtype=float32)), 'C3': (array([0.00000000e+00, 4.88281250e-01, 9.76562500e-01, ...,
       4.99023438e+02, 4.99511719e+02, 5.00000000e+02], shape=(1025,)), array([4.0554674e-03, 1.9664804e-03, 4.2729406e-03, ..., 7.7000132e-17,
       1.1607691e-16, 5.1329313e-17], shape=(1025,), dtype=float32)), 'C4': (array([0.00000000e+00, 4.88281250e-01, 9.76562500e-01, ...,
       4.99023438e+02, 4.99511719e+02, 5.00000000e+02], shape=(1025,)), array([6.80300547e-03, 2.64209905e-03, 1.09383585e-02, ...,
       1.96879534e-16, 2.27860942e-16, 9.57258867e-17],
      shape=(1025,), dtype=float32))}",1.9215485406398543,1.66584097360119,0.7241227168261133,0.07430818329767755,0.4181630909111086,6.104997480729313,3.0273441964294903,2.8234952279220478,0.4316237755213768,0.8121831195479918,1.4985148912307638,1.9047087289978393,4.404514184238695,0.20193512963493532,0.39011508938846984,"[3.6792618e-03 1.7893167e-03 3.8719017e-03 ... 1.6798146e-16 6.5279671e-17
 7.3188365e-17]","[4.0554674e-03 1.9664804e-03 4.2729406e-03 ... 7.7000132e-17 1.1607691e-16
 5.1329313e-17]","[6.80300547e-03 2.64209905e-03 1.09383585e-02 ... 1.96879534e-16
 2.27860942e-16 9.57258867e-17]",0.7365384615384616,0.7152444870565676
123,2019-01-21 18:02:38.736999,2019-01-21 18:02:46.893995,2019-01-21 18:03:11.894000,ID_25,CF,0.4871835813759811,0.625,0.8365507441279434,0.0,protB_CF,8,2019-01-21 17:48:01,0 days 00:14:37.736999,0 days 00:14:45.893995,0 days 00:15:10.894000,877.736999,885.893995,910.894,"{'CZ': array([ 4.5127869e-03,  4.9337769e-01,  1.0193748e+00, ...,
       -5.3619232e+00, -5.1759338e+00, -4.9549484e+00],
      shape=(8157,), dtype=float32), 'C3': array([ -0.6518097 ,  -0.37586594,  -0.08328247, ..., -12.250082  ,
       -12.388035  , -12.352566  ], shape=(8157,), dtype=float32), 'C4': array([-0.8358307 , -0.728508  , -0.64512634, ...,  1.9944401 ,
        2.5061665 ,  2.932064  ], shape=(8157,), dtype=float32)}",877737.0,885894.0,8157.0,ok,1.0437324726808583,1.9308887276565656,1.3515290920622647,2.1113524126121774,0.918562510605625,2.3589683914906345,2.048273425316438,1.7253547739528585,3.937997782486491,0.9662858933552343,1.841518746005022,2.9908149081165902,1.808690227335319,2.1101128768350463,0.9064974472607901,"{'CZ': (array([0.00000000e+00, 4.88281250e-01, 9.76562500e-01, ...,
       4.99023438e+02, 4.99511719e+02, 5.00000000e+02], shape=(1025,)), array([3.9944248e-03, 1.8696822e-03, 4.1570668e-03, ..., 7.8702470e-17,
       1.1543737e-16, 5.6300639e-17], shape=(1025,), dtype=float32)), 'C3': (array([0.00000000e+00, 4.88281250e-01, 9.76562500e-01, ...,
       4.99023438e+02, 4.99511719e+02, 5.00000000e+02], shape=(1025,)), array([2.1868298e-02, 8.8396082e-03, 4.9432614e-03, ..., 1.2506046e-16,
       1.3493527e-16, 4.7369514e-17], shape=(1025,), dtype=float32)), 'C4': (array([0.00000000e+00, 4.88281250e-01, 9.76562500e-01, ...,
       4.99023438e+02, 4.99511719e+02, 5.00000000e+02], shape=(1025,)), array([1.6040081e-02, 6.1182040e-03, 6.6936314e-03, ..., 1.1223122e-16,
       1.1425929e-16, 7.6691739e-17], shape=(1025,), dtype=float32))}",1.2885593707289567,0.9311496880854656,0.5604427641822389,0.06206692498098965,0.29555374295007164,5.296929359488209,2.444565743915085,2.3743547856020477,0.4005633582936508,0.5598593955457519,1.9649235814506256,1.8608249157857433,0.9932723536343058,0.08406554365187385,0.2090422657865809,"[3.9944248e-03 1.8696822e-03 4.1570668e-03 ... 7.8702470e-17 1.1543737e-16
 5.6300639e-17]","[2.1868298e-02 8.8396082e-03 4.9432614e-03 ... 1.2506046e-16 1.3493527e-16
 4.7369514e-17]","[1.6040081e-02 6.1182040e-03 6.6936314e-03 ... 1.1223122e-16 1.1425929e-16
 7.6691739e-17]",0.7403846153846154,0.7334611697027804
124,2019-01-21 18:04:53.918995,2019-01-21 18:05:01.546001,2019-01-21 18:05:26.545996,ID_25,CF,0.7308305665928833,0.6666666666666666,0.7530977603847103,0.7727272727272727,protB_CF,8,2019-01-21 17:48:01,0 days 00:16:52.918995,0 days 00:17:00.546001,0 days 00:17:25.545996,1012.918995,1020.546001,1045.545996,"{'CZ': array([ 0.76578236,  0.53815174,  0.33238888, ...,  1.2051468 ,
        0.55029297, -0.10743713], shape=(7627,), dtype=float32), 'C3': array([0.3232956 , 0.42965698, 0.5743561 , ..., 1.9179764 , 1.4986172 ,
       1.2390461 ], shape=(7627,), dtype=float32), 'C4': array([-4.2270203 , -3.8640747 , -3.520752  , ...,  0.12444305,
       -0.0744915 , -0.23620605], shape=(7627,), dtype=float32)}",1012919.0,1020546.0,7627.0,ok,1.6509131837665336,2.3075647186487913,1.848625804996118,2.0680270699813263,1.096308334922469,1.5545227288384922,2.0635332039091736,1.4356585670611821,2.892088690714445,1.1437802791078866,1.4903744449838996,2.190009006881155,2.4412768179900013,1.9584596375352703,0.820118992010066,"{'CZ': (array([0.00000000e+00, 4.88281250e-01, 9.76562500e-01, ...,
       4.99023438e+02, 4.99511719e+02, 5.00000000e+02], shape=(1025,)), array([3.5435113e-03, 1.4953562e-03, 2.4289566e-03, ..., 6.0793963e-17,
       3.4766583e-17, 4.2361176e-17], shape=(1025,), dtype=float32)), 'C3': (array([0.00000000e+00, 4.88281250e-01, 9.76562500e-01, ...,
       4.99023438e+02, 4.99511719e+02, 5.00000000e+02], shape=(1025,)), array([1.4023033e-02, 5.4472690e-03, 3.1704158e-03, ..., 1.4543623e-16,
       6.3738455e-17, 3.5588814e-17], shape=(1025,), dtype=float32)), 'C4': (array([0.00000000e+00, 4.88281250e-01, 9.76562500e-01, ...,
       4.99023438e+02, 4.99511719e+02, 5.00000000e+02], shape=(1025,)), array([4.6336963e-03, 1.8274020e-03, 5.2106176e-03, ..., 1.0296701e-16,
       1.3459604e-16, 3.2369166e-17], shape=(1025,), dtype=float32))}",2.03816563044964,1.1127975098879028,0.766575401281048,0.06079330018259905,0.35274467232509354,3.490592375921214,2.462777927672616,1.975688038572311,0.2941760819642208,0.6626984209352207,1.5902482114250853,1.3625795814846797,1.3406678126691984,0.07802377586387509,0.18912301719374797,"[3.5435113e-03 1.4953562e-03 2.4289566e-03 ... 6.0793963e-17 3.4766583e-17
 4.2361176e-17]","[1.4023033e-02 5.4472690e-03 3.1704158e-03 ... 1.4543623e-16 6.3738455e-17
 3.5588814e-17]","[4.6336963e-03 1.8274020e-03 5.2106176e-03 ... 1.0296701e-16 1.3459604e-16
 3.2369166e-17]",0.5884615384615385,0.8897411313518696
125,2019-01-21 18:07:07.974001,2019-01-21 18:07:15.619001,2019-01-21 18:07:40.618996,ID_25,CF,0.8021292707650067,0.8055555555555556,0.8182235610872907,0.782608695652174,protB_CF,8,2019-01-21 17:48:01,0 days 00:19:06.974001,0 days 00:19:14.619001,0 days 00:19:39.618996,1146.974001,1154.619001,1179.618996,"{'CZ': array([ 4.400131  ,  3.6691628 ,  3.0385246 , ...,  0.9058647 ,
        0.26901245, -0.39908218], shape=(7645,), dtype=float32), 'C3': array([-1.1634483 , -1.4335632 , -1.5856247 , ...,  0.80784607,
       -0.3285904 , -1.5260391 ], shape=(7645,), dtype=float32), 'C4': array([5.416191 , 5.3526764, 5.296444 , ..., 6.008581 , 6.4110336,
       6.704241 ], shape=(7645,), dtype=float32)}",1146974.0,1154619.0,7645.0,ok,11.091976819443516,5.02072399831377,1.5020818646007683,2.7488364503369667,1.514781915830099,4.323437773564365,3.8387587410397828,1.780350983608514,5.371585102693643,3.8436325385191594,2.803812771162484,2.234642321127467,1.4638904249295592,4.1276892334281,3.139149720482237,"{'CZ': (array([0.00000000e+00, 4.88281250e-01, 9.76562500e-01, ...,
       4.99023438e+02, 4.99511719e+02, 5.00000000e+02], shape=(1025,)), array([5.4654766e-02, 2.1458410e-02, 1.7816043e-02, ..., 1.9431370e-16,
       9.5039552e-17, 8.6054610e-17], shape=(1025,), dtype=float32)), 'C3': (array([0.00000000e+00, 4.88281250e-01, 9.76562500e-01, ...,
       4.99023438e+02, 4.99511719e+02, 5.00000000e+02], shape=(1025,)), array([6.3686264e-03, 3.4106143e-03, 1.3928857e-02, ..., 3.7132029e-16,
       4.1683942e-16, 9.4936386e-17], shape=(1025,), dtype=float32)), 'C4': (array([0.00000000e+00, 4.88281250e-01, 9.76562500e-01, ...,
       4.99023438e+02, 4.99511719e+02, 5.00000000e+02], shape=(1025,)), array([5.6506367e-03, 2.0408244e-03, 1.3959815e-02, ..., 1.9628743e-16,
       1.8601939e-16, 1.6036555e-17], shape=(1025,), dtype=float32))}",13.69380664557763,2.421188501455998,0.622872949734539,0.08080689170075235,0.4873913966742337,9.7080336300065,4.581467494287635,2.4500380685750414,0.5463843016022552,2.226974236624008,2.991703366572499,1.3903495324095045,0.8039198011119335,0.16444449168737307,0.7239016195752536,"[5.4654766e-02 2.1458410e-02 1.7816043e-02 ... 1.9431370e-16 9.5039552e-17
 8.6054610e-17]","[6.3686264e-03 3.4106143e-03 1.3928857e-02 ... 3.7132029e-16 4.1683942e-16
 9.4936386e-17]","[5.6506367e-03 2.0408244e-03 1.3959815e-02 ... 1.9628743e-16 1.8601939e-16
 1.6036555e-17]",0.6865384615384615,0.638542665388303
126,2019-01-21 17:49:56.429003,2019-01-21 17:50:04.222000,2019-01-21 17:50:29.221996,ID_25,CF,0.73083038975695,0.875,0.7174911692708499,0.6,protB_CF,4,2019-01-21 17:48:01,0 days 00:01:55.429003,0 days 00:02:03.222000,0 days 00:02:28.221996,115.429003,123.222,148.221996,"{'CZ': array([3.9192076 , 4.2950897 , 4.5669928 , ..., 0.43123245, 0.7994156 ,
       1.1976814 ], shape=(7793,), dtype=float32), 'C3': array([ 2.157215 ,  2.4509182,  2.6431866, ..., -1.4523296, -1.6588078,
       -1.7307358], shape=(7793,), dtype=float32), 'C4': array([ 0.9176178,  1.1279793,  1.3418732, ..., -6.1765823, -5.0866814,
       -3.866825 ], shape=(7793,), dtype=float32)}",115429.0,123222.0,7793.0,ok,2.2356918307195883,2.6930437015835196,1.442073640646413,2.1890455591346836,1.0822439310231857,1.9533384747774107,2.2152926394483075,1.3072737929178402,2.736642702075187,0.9043275344993162,0.8617131825303659,2.565794304246083,1.8114247868652456,3.8781188195571303,1.0601890617181198,"{'CZ': (array([0.00000000e+00, 4.88281250e-01, 9.76562500e-01, ...,
       4.99023438e+02, 4.99511719e+02, 5.00000000e+02], shape=(1025,)), array([5.3369030e-03, 2.5808553e-03, 2.7502801e-03, ..., 7.1257811e-17,
       8.6962841e-17, 3.3948154e-17], shape=(1025,), dtype=float32)), 'C3': (array([0.00000000e+00, 4.88281250e-01, 9.76562500e-01, ...,
       4.99023438e+02, 4.99511719e+02, 5.00000000e+02], shape=(1025,)), array([1.1541779e-02, 4.4263974e-03, 1.3921637e-03, ..., 1.3366005e-16,
       5.8862741e-17, 5.6843422e-17], shape=(1025,), dtype=float32)), 'C4': (array([0.00000000e+00, 4.88281250e-01, 9.76562500e-01, ...,
       4.99023438e+02, 4.99511719e+02, 5.00000000e+02], shape=(1025,)), array([6.9539570e-03, 3.0081826e-03, 2.3410311e-03, ..., 1.4973654e-16,
       2.1231705e-16, 6.3961185e-17], shape=(1025,), dtype=float32))}",2.760115004505345,1.2986904769874636,0.597989153222746,0.06435085194076394,0.3482193545957056,4.386110451241909,2.6438992139469533,1.7990107502327648,0.27836450189692513,0.5239611488916132,0.919458765474965,1.596385639634552,0.9947740825314896,0.15450176646550984,0.24448422253520805,"[5.3369030e-03 2.5808553e-03 2.7502801e-03 ... 7.1257811e-17 8.6962841e-17
 3.3948154e-17]","[1.1541779e-02 4.4263974e-03 1.3921637e-03 ... 1.3366005e-16 5.8862741e-17
 5.6843422e-17]","[6.9539570e-03 3.0081826e-03 2.3410311e-03 ... 1.4973654e-16 2.1231705e-16
 6.3961185e-17]",0.7538461538461538,0.5023969319271333
127,2019-01-21 17:52:10.976996,2019-01-21 17:52:18.644999,2019-01-21 17:52:43.643998,ID_25,CF,0.5030187277238493,0.625,0.7411990403144051,0.1428571428571429,protB_CF,4,2019-01-21 17:48:01,0 days 00:04:09.976996,0 days 00:04:17.644999,0 days 00:04:42.643998,249.976996,257.644999,282.643998,"{'CZ': array([1.9938126, 2.0013695, 1.9152069, ..., 1.3418188, 1.9212132,
       2.5630732], shape=(7668,), dtype=float32), 'C3': array([ 1.1724777 ,  1.6640797 ,  2.1315804 , ..., -0.97253704,
       -0.5270786 ,  0.02889347], shape=(7668,), dtype=float32), 'C4': array([2.9371567, 2.8520641, 2.7459126, ..., 5.2429647, 5.347791 ,
       5.4455147], shape=(7668,), dtype=float32)}",249977.0,257645.0,7668.0,ok,1.7281799919146579,2.7509380597621202,1.3580263912444934,2.1012242450524354,1.2135046990806586,2.3594053054694086,1.5914185059955344,1.9748098784475587,3.2938390195340617,1.1647467051716376,2.010461386817042,2.601522166514769,1.7085211002267897,3.3568596372788306,1.4663258568816673,"{'CZ': (array([0.00000000e+00, 4.88281250e-01, 9.76562500e-01, ...,
       4.99023438e+02, 4.99511719e+02, 5.00000000e+02], shape=(1025,)), array([8.42346530e-03, 3.12896259e-03, 5.99377975e-03, ...,
       1.02954684e-16, 4.10443314e-17, 3.55271360e-17],
      shape=(1025,), dtype=float32)), 'C3': (array([0.00000000e+00, 4.88281250e-01, 9.76562500e-01, ...,
       4.99023438e+02, 4.99511719e+02, 5.00000000e+02], shape=(1025,)), array([6.5906704e-03, 2.2721188e-03, 4.6337652e-03, ..., 1.2809506e-16,
       1.1223160e-16, 8.0725555e-17], shape=(1025,), dtype=float32)), 'C4': (array([0.00000000e+00, 4.88281250e-01, 9.76562500e-01, ...,
       4.99023438e+02, 4.99511719e+02, 5.00000000e+02], shape=(1025,)), array([1.4686458e-03, 6.9065782e-04, 2.5875166e-03, ..., 9.8988717e-17,
       9.8629919e-17, 8.4919718e-17], shape=(1025,), dtype=float32))}",2.1335568080661145,1.326609389552321,0.5631370194038199,0.06176918964681696,0.39045340056859135,5.297910424978569,1.8993202352308942,2.717643557332675,0.33504112806029895,0.6748462238820769,2.145187496528455,1.6186147973523726,0.9382628096334154,0.13373513496308428,0.3381411392058886,"[8.42346530e-03 3.12896259e-03 5.99377975e-03 ... 1.02954684e-16
 4.10443314e-17 3.55271360e-17]","[6.5906704e-03 2.2721188e-03 4.6337652e-03 ... 1.2809506e-16 1.1223160e-16
 8.0725555e-17]","[1.4686458e-03 6.9065782e-04 2.5875166e-03 ... 9.8988717e-17 9.8629919e-17
 8.4919718e-17]",0.8653846153846154,0.7497603068072867
128,2019-01-21 17:54:25.073000,2019-01-21 17:54:32.717999,2019-01-21 17:54:57.718005,ID_25,CF,0.7527004356102834,0.76,0.7838155925451363,0.7142857142857143,protB_CF,4,2019-01-21 17:48:01,0 days 00:06:24.073000,0 days 00:06:31.717999,0 days 00:06:56.718005,384.073,391.717999,416.718005,"{'CZ': array([-1.2803383 , -0.82975006, -0.39968872, ...,  1.0070477 ,
        0.30002308, -0.2842455 ], shape=(7645,), dtype=float32), 'C3': array([-2.6876707, -2.399745 , -2.0193129, ..., -2.4315186, -2.9360237,
       -3.3348083], shape=(7645,), dtype=float32), 'C4': array([-0.4863186 , -0.19015694,  0.17212868, ...,  0.7185211 ,
        1.1692963 ,  1.6555748 ], shape=(7645,), dtype=float32)}",384073.0,391718.0,7645.0,ok,1.2849963823100552,2.5409451336599886,1.2641491775866598,2.4781224092293996,1.1454103268988547,1.4399446663446724,2.3335880832746625,1.1943098616029602,3.1921285117277876,1.0453221224224762,1.8751405023067491,1.2181948259240016,2.7760010852944106,3.287119157903362,1.178046841005198,"{'CZ': (array([0.00000000e+00, 4.88281250e-01, 9.76562500e-01, ...,
       4.99023438e+02, 4.99511719e+02, 5.00000000e+02], shape=(1025,)), array([6.4656115e-03, 2.9878579e-03, 2.9254153e-03, ..., 1.2209987e-16,
       1.4551824e-16, 5.5264436e-17], shape=(1025,), dtype=float32)), 'C3': (array([0.00000000e+00, 4.88281250e-01, 9.76562500e-01, ...,
       4.99023438e+02, 4.99511719e+02, 5.00000000e+02], shape=(1025,)), array([1.0348619e-02, 3.8628802e-03, 2.7543672e-03, ..., 6.9080546e-17,
       5.8303759e-17, 1.2631871e-16], shape=(1025,), dtype=float32)), 'C4': (array([0.00000000e+00, 4.88281250e-01, 9.76562500e-01, ...,
       4.99023438e+02, 4.99511719e+02, 5.00000000e+02], shape=(1025,)), array([9.34201945e-03, 3.43327294e-03, 4.53622872e-03, ...,
       1.90020830e-16, 2.13231068e-16, 1.22864685e-17],
      shape=(1025,), dtype=float32))}",1.5864162255347611,1.2253426283767737,0.5242086637915537,0.07284877538613109,0.3685435726148049,3.233313853086374,2.7850820199458464,1.6435549245863028,0.3246953877041657,0.6056524426512574,2.000798416800724,0.7579363330739056,1.5244872173296578,0.13095671899415534,0.2716627405742751,"[6.4656115e-03 2.9878579e-03 2.9254153e-03 ... 1.2209987e-16 1.4551824e-16
 5.5264436e-17]","[1.0348619e-02 3.8628802e-03 2.7543672e-03 ... 6.9080546e-17 5.8303759e-17
 1.2631871e-16]","[9.34201945e-03 3.43327294e-03 4.53622872e-03 ... 1.90020830e-16
 2.13231068e-16 1.22864685e-17]",0.7326923076923076,0.4458293384467881
129,2019-01-21 17:56:39.281002,2019-01-21 17:56:46.983002,2019-01-21 17:57:11.982997,ID_25,CF,0.4761751345948129,0.5625,0.8660254037844387,0.0,protB_CF,6,2019-01-21 17:48:01,0 days 00:08:38.281002,0 days 00:08:45.983002,0 days 00:09:10.982997,518.281002,525.983002,550.982997,"{'CZ': array([2.9017143, 3.3912468, 3.8300972, ..., 2.3738508, 2.211769 ,
       2.0887127], shape=(7702,), dtype=float32), 'C3': array([3.1283865, 2.717904 , 2.237504 , ..., 3.248455 , 3.458191 ,
       3.544407 ], shape=(7702,), dtype=float32), 'C4': array([4.611124  , 5.2330036 , 5.748185  , ..., 0.3202095 , 0.25659752,
       0.34989357], shape=(7702,), dtype=float32)}",518281.0,525983.0,7702.0,ok,2.7527191687113373,4.360161197837442,1.0460285193403251,1.8925797194242477,1.1201427446394518,1.7667677857389208,2.5141745136352256,1.4097199164098129,3.791520397498971,1.232254133810784,1.429399429980549,2.842901652911678,1.9852527475450188,2.8853273834101856,1.0720463100142297,"{'CZ': (array([0.00000000e+00, 4.88281250e-01, 9.76562500e-01, ...,
       4.99023438e+02, 4.99511719e+02, 5.00000000e+02], shape=(1025,)), array([9.2506222e-03, 3.7131601e-03, 1.5006145e-03, ..., 7.9458434e-17,
       1.8830825e-16, 5.3216688e-17], shape=(1025,), dtype=float32)), 'C3': (array([0.00000000e+00, 4.88281250e-01, 9.76562500e-01, ...,
       4.99023438e+02, 4.99511719e+02, 5.00000000e+02], shape=(1025,)), array([4.0907594e-03, 1.6469407e-03, 1.6000347e-03, ..., 1.0936930e-16,
       1.3514501e-16, 5.9409270e-17], shape=(1025,), dtype=float32)), 'C4': (array([0.00000000e+00, 4.88281250e-01, 9.76562500e-01, ...,
       4.99023438e+02, 4.99511719e+02, 5.00000000e+02], shape=(1025,)), array([3.0387938e-03, 9.8417595e-04, 3.3143258e-03, ..., 1.1682014e-16,
       2.0027393e-16, 8.3883519e-17], shape=(1025,), dtype=float32))}",3.3984207377562305,2.102639412213091,0.433759893320549,0.05563571612411065,0.36041355595742836,3.9671765799985366,3.0006076407047737,1.9399924470128787,0.3856640423251116,0.7139595633736906,1.5251871062262885,1.7687962616843753,1.0902346014320765,0.11494959239518317,0.24721855571761556,"[9.2506222e-03 3.7131601e-03 1.5006145e-03 ... 7.9458434e-17 1.8830825e-16
 5.3216688e-17]","[4.0907594e-03 1.6469407e-03 1.6000347e-03 ... 1.0936930e-16 1.3514501e-16
 5.9409270e-17]","[3.0387938e-03 9.8417595e-04 3.3143258e-03 ... 1.1682014e-16 2.0027393e-16
 8.3883519e-17]",0.8826923076923077,0.6615532118887824
130,2019-01-21 17:58:53.911996,2019-01-21 17:59:01.807004,2019-01-21 17:59:26.807995,ID_25,CF,0.7109140581512942,0.6875,0.7785755077872157,0.6666666666666667,protB_CF,6,2019-01-21 17:48:01,0 days 00:10:52.911996,0 days 00:11:00.807004,0 days 00:11:25.807995,652.911996,660.807004,685.807995,"{'CZ': array([ 2.4130402 ,  3.2113419 ,  3.7996712 , ...,  0.08530426,
       -0.06203842, -0.24303818], shape=(7895,), dtype=float32), 'C3': array([0.7757163 , 0.90520334, 1.0419188 , ..., 2.641388  , 2.9684677 ,
       3.2547607 ], shape=(7895,), dtype=float32), 'C4': array([ 1.2224655 ,  2.118229  ,  2.9302807 , ..., -0.4291153 ,
       -0.40836716, -0.31453705], shape=(7895,), dtype=float32)}",652912.0,660807.0,7895.0,ok,1.2612952641575248,2.6110004546353593,1.2086057977285236,2.1238143326627323,1.131680142748337,1.7121987712016562,1.503942912677303,0.9096663925447501,3.517663080856437,0.968315364616501,2.5675305660115555,2.100932309986092,2.1224513766355813,3.156484912324231,1.0829184853946572,"{'CZ': (array([0.00000000e+00, 4.88281250e-01, 9.76562500e-01, ...,
       4.99023438e+02, 4.99511719e+02, 5.00000000e+02], shape=(1025,)), array([2.1679378e-03, 8.5208990e-04, 2.0246236e-03, ..., 9.4684387e-17,
       1.5111970e-16, 2.2697894e-17], shape=(1025,), dtype=float32)), 'C3': (array([0.00000000e+00, 4.88281250e-01, 9.76562500e-01, ...,
       4.99023438e+02, 4.99511719e+02, 5.00000000e+02], shape=(1025,)), array([3.25453933e-04, 1.93284548e-04, 1.80359173e-03, ...,
       1.00850754e-16, 7.09401674e-17, 6.45903055e-17],
      shape=(1025,), dtype=float32)), 'C4': (array([0.00000000e+00, 4.88281250e-01, 9.76562500e-01, ...,
       4.99023438e+02, 4.99511719e+02, 5.00000000e+02], shape=(1025,)), array([7.6883142e-03, 3.7916750e-03, 5.3127217e-03, ..., 2.1879412e-16,
       2.0539215e-16, 2.7237469e-17], shape=(1025,), dtype=float32))}",1.557155568525831,1.259126030465465,0.5011763180414381,0.062433265082375164,0.3641257923655285,3.8446449614048146,1.794920189704082,1.251841525607876,0.35780795593129006,0.5610352572254305,2.7395872923889417,1.3071578512571114,1.1655795129999094,0.12575233443505363,0.24972572678844573,"[2.1679378e-03 8.5208990e-04 2.0246236e-03 ... 9.4684387e-17 1.5111970e-16
 2.2697894e-17]","[3.25453933e-04 1.93284548e-04 1.80359173e-03 ... 1.00850754e-16
 7.09401674e-17 6.45903055e-17]","[7.6883142e-03 3.7916750e-03 5.3127217e-03 ... 2.1879412e-16 2.0539215e-16
 2.7237469e-17]",0.6423076923076924,0.6807286673058485
131,2019-01-21 18:01:08.576997,2019-01-21 18:01:16.396005,2019-01-21 18:01:41.396000,ID_25,CF,0.8206795112654657,0.6875,0.7745385337963969,1.0,protB_CF,6,2019-01-21 17:48:01,0 days 00:13:07.576997,0 days 00:13:15.396005,0 days 00:13:40.396000,787.576997,795.396005,820.396,"{'CZ': array([-6.193302 , -6.45726  , -6.738556 , ...,  3.9636784,  4.1196003,
        4.282379 ], shape=(7819,), dtype=float32), 'C3': array([-4.19989  , -4.6366425, -5.150627 , ...,  2.6982746,  3.0884397,
        3.358748 ], shape=(7819,), dtype=float32), 'C4': array([-0.45339966, -0.3055725 , -0.22786713, ...,  1.6444244 ,
        1.218895  ,  1.0138245 ], shape=(7819,), dtype=float32)}",787577.0,795396.0,7819.0,ok,4.152176930801943,2.380465070018545,11.83566017425619,3.5207178625569213,1.5692443253101374,3.0873537543811835,2.9131025075912476,5.60898581170477,7.823976138752187,1.8866925313432148,2.0939188834745437,2.7983897016383708,13.392930370173417,6.215065121068619,2.6978569123912166,"{'CZ': (array([0.00000000e+00, 4.88281250e-01, 9.76562500e-01, ...,
       4.99023438e+02, 4.99511719e+02, 5.00000000e+02], shape=(1025,)), array([3.9693400e-02, 1.7513113e-02, 1.5071859e-02, ..., 2.5256341e-16,
       2.7645850e-16, 3.0198065e-17], shape=(1025,), dtype=float32)), 'C3': (array([0.00000000e+00, 4.88281250e-01, 9.76562500e-01, ...,
       4.99023438e+02, 4.99511719e+02, 5.00000000e+02], shape=(1025,)), array([2.6880091e-02, 9.7101657e-03, 5.0344723e-03, ..., 2.0374442e-16,
       1.2549991e-16, 1.5789838e-16], shape=(1025,), dtype=float32)), 'C4': (array([0.00000000e+00, 4.88281250e-01, 9.76562500e-01, ...,
       4.99023438e+02, 4.99511719e+02, 5.00000000e+02], shape=(1025,)), array([6.4684041e-03, 3.3980869e-03, 6.9288327e-03, ..., 1.9088434e-16,
       3.3550358e-16, 9.6318002e-17], shape=(1025,), dtype=float32))}",5.1261473923168905,1.1479528963516539,4.907929946117792,0.10349770609075928,0.5049150477987413,6.932477265782291,3.4767187381101388,7.718831225582527,0.7958354296911587,1.0931366663242565,2.2342376914216193,1.741101820361769,7.354950709520404,0.24760420827253965,0.6221375729610873,"[3.9693400e-02 1.7513113e-02 1.5071859e-02 ... 2.5256341e-16 2.7645850e-16
 3.0198065e-17]","[2.6880091e-02 9.7101657e-03 5.0344723e-03 ... 2.0374442e-16 1.2549991e-16
 1.5789838e-16]","[6.4684041e-03 3.3980869e-03 6.9288327e-03 ... 1.9088434e-16 3.3550358e-16
 9.6318002e-17]",0.8807692307692307,0.7727708533077661
132,2019-01-21 18:03:23.907997,2019-01-21 18:03:32.120002,2019-01-21 18:03:57.119002,ID_25,CF,0.4764738156210035,0.5625,0.8669214468630108,0.0,protB_CF,8,2019-01-21 17:48:01,0 days 00:15:22.907997,0 days 00:15:31.120002,0 days 00:15:56.119002,922.907997,931.120002,956.119002,"{'CZ': array([-2.3092842 , -2.5150032 , -2.6805878 , ...,  0.05771065,
        0.15264893,  0.2972355 ], shape=(8212,), dtype=float32), 'C3': array([-6.79517  , -6.772331 , -6.615597 , ...,  6.863739 ,  7.179199 ,
        7.4797363], shape=(8212,), dtype=float32), 'C4': array([ 1.4089127 ,  1.1605635 ,  0.91331387, ..., -3.3244247 ,
       -3.1845398 , -3.0595703 ], shape=(8212,), dtype=float32)}",922908.0,931120.0,8212.0,ok,2.048878322057135,2.0545144070638344,1.0850927646970376,2.0634841202991083,0.8963288847780859,2.030144587479299,1.8829488544724882,0.7964076430653222,2.889757877710508,1.0609642390591034,1.0988774738507345,1.9805811461992562,1.6489097106386907,2.5284925832238514,0.8579231455314584,"{'CZ': (array([0.00000000e+00, 4.88281250e-01, 9.76562500e-01, ...,
       4.99023438e+02, 4.99511719e+02, 5.00000000e+02], shape=(1025,)), array([4.9407734e-03, 1.9478333e-03, 9.2524232e-04, ..., 1.0383434e-16,
       1.4847831e-16, 5.0795345e-17], shape=(1025,), dtype=float32)), 'C3': (array([0.00000000e+00, 4.88281250e-01, 9.76562500e-01, ...,
       4.99023438e+02, 4.99511719e+02, 5.00000000e+02], shape=(1025,)), array([7.1508032e-03, 2.2795110e-03, 2.8704114e-03, ..., 9.4733753e-17,
       1.4975983e-16, 8.4485329e-17], shape=(1025,), dtype=float32)), 'C4': (array([0.00000000e+00, 4.88281250e-01, 9.76562500e-01, ...,
       4.99023438e+02, 4.99511719e+02, 5.00000000e+02], shape=(1025,)), array([4.6824650e-03, 1.7513493e-03, 3.2958766e-03, ..., 1.6013784e-16,
       1.1971277e-16, 6.4287200e-17], shape=(1025,), dtype=float32))}",2.5294809067202464,0.990766801785819,0.449958785210477,0.06065975217070188,0.2883999224350715,4.558574209055005,2.247254790446973,1.0959799846091605,0.29393899745173996,0.6147153773639127,1.1725160366563616,1.2322777763950445,0.9055262224916718,0.10073352281858063,0.19784081991027574,"[4.9407734e-03 1.9478333e-03 9.2524232e-04 ... 1.0383434e-16 1.4847831e-16
 5.0795345e-17]","[7.1508032e-03 2.2795110e-03 2.8704114e-03 ... 9.4733753e-17 1.4975983e-16
 8.4485329e-17]","[4.6824650e-03 1.7513493e-03 3.2958766e-03 ... 1.6013784e-16 1.1971277e-16
 6.4287200e-17]",0.7769230769230769,0.738255033557047
133,2019-01-21 18:05:38.560998,2019-01-21 18:05:46.186998,2019-01-21 18:06:11.187003,ID_25,CF,0.5361503434057037,0.48,0.7648146665807475,0.3636363636363636,protB_CF,8,2019-01-21 17:48:01,0 days 00:17:37.560998,0 days 00:17:45.186998,0 days 00:18:10.187003,1057.560998,1065.186998,1090.187003,"{'CZ': array([-2.5606632, -3.2226562, -3.85363  , ..., -4.9287567, -5.0809174,
       -5.157337 ], shape=(7626,), dtype=float32), 'C3': array([ 1.079195  ,  0.73121166,  0.45058727, ...,  0.1400032 ,
       -0.00959015, -0.21093369], shape=(7626,), dtype=float32), 'C4': array([-1.4539108, -1.1080227, -0.822155 , ...,  3.0120678,  2.6073265,
        2.0555515], shape=(7626,), dtype=float32)}",1057561.0,1065187.0,7626.0,ok,1.669596100327908,2.0694022823590785,1.1802731096395291,1.8550640379544348,0.9009051780139998,1.9573092058635666,1.9517739492584951,1.0715471908042673,2.597783262899611,1.0836721719442721,2.526847591070691,1.943146256962791,1.7007176647894084,2.151942728232825,0.8647185625250131,"{'CZ': (array([0.00000000e+00, 4.88281250e-01, 9.76562500e-01, ...,
       4.99023438e+02, 4.99511719e+02, 5.00000000e+02], shape=(1025,)), array([3.0576941e-03, 1.1898010e-03, 1.2788317e-03, ..., 5.0385623e-17,
       9.9585849e-17, 2.2352490e-17], shape=(1025,), dtype=float32)), 'C3': (array([0.00000000e+00, 4.88281250e-01, 9.76562500e-01, ...,
       4.99023438e+02, 4.99511719e+02, 5.00000000e+02], shape=(1025,)), array([1.9085477e-03, 8.3961198e-04, 2.2620040e-03, ..., 5.6676880e-17,
       1.6706544e-16, 5.1477339e-17], shape=(1025,), dtype=float32)), 'C4': (array([0.00000000e+00, 4.88281250e-01, 9.76562500e-01, ...,
       4.99023438e+02, 4.99511719e+02, 5.00000000e+02], shape=(1025,)), array([6.7352471e-03, 2.9083572e-03, 3.3792180e-03, ..., 9.4936406e-17,
       7.0506096e-17, 3.6514002e-17], shape=(1025,), dtype=float32))}",2.061230973186243,0.9979463146385594,0.48942751431788667,0.054532876553848295,0.2898723759470483,4.395026502065125,2.3293959084032285,1.4746145192247042,0.26424006446470766,0.6278721973760933,2.696178048253747,1.2089865408117766,0.9339774231331852,0.08573201810318647,0.1994078727128951,"[3.0576941e-03 1.1898010e-03 1.2788317e-03 ... 5.0385623e-17 9.9585849e-17
 2.2352490e-17]","[1.9085477e-03 8.3961198e-04 2.2620040e-03 ... 5.6676880e-17 1.6706544e-16
 5.1477339e-17]","[6.7352471e-03 2.9083572e-03 3.3792180e-03 ... 9.4936406e-17 7.0506096e-17
 3.6514002e-17]",0.6346153846153846,0.763183125599233
134,2019-01-21 18:07:52.633998,2019-01-21 18:08:00.281996,2019-01-21 18:08:25.282001,ID_25,CF,0.7700664628047879,0.8125,0.8310327217476967,0.6666666666666667,protB_CF,8,2019-01-21 17:48:01,0 days 00:19:51.633998,0 days 00:19:59.281996,0 days 00:20:24.282001,1191.633998,1199.281996,1224.282001,"{'CZ': array([2.3730316, 2.2275925, 1.991333 , ..., 6.3188725, 6.0785007,
       5.7708244], shape=(7648,), dtype=float32), 'C3': array([-1.0856562, -1.6466008, -2.1426353, ...,  3.5534992,  3.3071308,
        3.0898037], shape=(7648,), dtype=float32), 'C4': array([-3.5257602, -3.0184622, -2.6127644, ...,  2.752698 ,  2.7577667,
        2.7154741], shape=(7648,), dtype=float32)}",1191634.0,1199282.0,7648.0,ok,1.8680412031244487,2.381729573244229,1.2142951236455701,1.5809456217539264,1.0106347783676028,1.0760069490061142,2.3499649978475645,1.3522767258109525,2.9282397681527073,1.169756513718312,1.9600691084633581,2.140246404451318,1.3937337353127077,2.742480384767987,1.0260891652933424,"{'CZ': (array([0.00000000e+00, 4.88281250e-01, 9.76562500e-01, ...,
       4.99023438e+02, 4.99511719e+02, 5.00000000e+02], shape=(1025,)), array([1.3050095e-02, 5.3996574e-03, 2.4215369e-03, ..., 7.2121322e-17,
       5.9875257e-17, 3.2566541e-17], shape=(1025,), dtype=float32)), 'C3': (array([0.00000000e+00, 4.88281250e-01, 9.76562500e-01, ...,
       4.99023438e+02, 4.99511719e+02, 5.00000000e+02], shape=(1025,)), array([1.4924364e-03, 4.2302310e-04, 2.3557844e-03, ..., 1.5318543e-16,
       7.5053002e-17, 2.0637812e-17], shape=(1025,), dtype=float32)), 'C4': (array([0.00000000e+00, 4.88281250e-01, 9.76562500e-01, ...,
       4.99023438e+02, 4.99511719e+02, 5.00000000e+02], shape=(1025,)), array([1.3489492e-03, 4.4784180e-04, 5.7051834e-03, ..., 7.4705679e-17,
       5.5790639e-17, 7.5445814e-17], shape=(1025,), dtype=float32))}",2.3062250722267366,1.1485626890172351,0.5035355284809396,0.04647468263387867,0.3251786220897746,2.416112407340176,2.8046274789949743,1.8609417401335169,0.2978532798156276,0.6777488724708937,2.091418303966618,1.3316182905587584,0.765392086876652,0.10925865958693147,0.2366206376643811,"[1.3050095e-02 5.3996574e-03 2.4215369e-03 ... 7.2121322e-17 5.9875257e-17
 3.2566541e-17]","[1.4924364e-03 4.2302310e-04 2.3557844e-03 ... 1.5318543e-16 7.5053002e-17
 2.0637812e-17]","[1.3489492e-03 4.4784180e-04 5.7051834e-03 ... 7.4705679e-17 5.5790639e-17
 7.5445814e-17]",0.6884615384615385,0.7861936720997124
189,2019-02-01 09:06:05.910005,2019-02-01 09:06:27.050003,2019-02-01 09:06:52.052000,ID_38,CF,0.711610047510582,0.875,0.6598301425317459,0.6,protB_CF,4,2019-02-01 09:05:36,0 days 00:00:29.910005,0 days 00:00:51.050003,0 days 00:01:16.052000,29.910005,51.050003,76.052,"{'CZ': array([-2.5446053, -3.073738 , -3.509861 , ...,  2.9641018,  3.7748814,
        4.5827713], shape=(21140,), dtype=float32), 'C3': array([ 0.17980194,  0.8164215 ,  1.4722977 , ..., -0.332119  ,
       -0.3511505 , -0.237957  ], shape=(21140,), dtype=float32), 'C4': array([-1.6715393 , -1.7452736 , -1.5511093 , ..., -0.38396454,
        0.37158012,  1.0925465 ], shape=(21140,), dtype=float32)}",29910.0,51050.0,21140.0,ok,1.9793302981270244,1.9972137233708054,1.9383567705517635,6.6612079717742745,1.7174930919736653,1.276906021303148,1.8474946700735018,2.1024069283157587,8.434762508841231,1.7524231802781287,5.1024015847360715,4.671544709708542,3.673609666293487,9.06473230861593,2.4011018076635082,"{'CZ': (array([0.00000000e+00, 4.88281250e-01, 9.76562500e-01, ...,
       4.99023438e+02, 4.99511719e+02, 5.00000000e+02], shape=(1025,)), array([1.1347551e-02, 4.6139606e-03, 2.6589730e-03, ..., 2.0916016e-16,
       2.0620600e-16, 6.6056321e-17], shape=(1025,), dtype=float32)), 'C3': (array([0.00000000e+00, 4.88281250e-01, 9.76562500e-01, ...,
       4.99023438e+02, 4.99511719e+02, 5.00000000e+02], shape=(1025,)), array([4.4329083e-03, 1.7433232e-03, 1.9754129e-03, ..., 2.1434314e-16,
       1.5908181e-16, 1.1350764e-16], shape=(1025,), dtype=float32)), 'C4': (array([0.00000000e+00, 4.88281250e-01, 9.76562500e-01, ...,
       4.99023438e+02, 4.99511719e+02, 5.00000000e+02], shape=(1025,)), array([5.78401890e-03, 1.94128894e-03, 1.47469165e-02, ...,
       2.74806605e-16, 2.83319312e-16, 6.29087399e-17],
      shape=(1025,), dtype=float32))}",6.397030845478689,5.531193790037976,6.919549267547427,5.918785111785633,2.6247936877976445,1.4792562064977843,1.4238386017439217,1.4854317550539335,1.2867006652945359,0.3300871949955887,2.932663012295372,2.7894452569575705,3.6692142236545493,1.8469728971262556,0.8376148682254261,"[1.1347551e-02 4.6139606e-03 2.6589730e-03 ... 2.0916016e-16 2.0620600e-16
 6.6056321e-17]","[4.4329083e-03 1.7433232e-03 1.9754129e-03 ... 2.1434314e-16 1.5908181e-16
 1.1350764e-16]","[5.78401890e-03 1.94128894e-03 1.47469165e-02 ... 2.74806605e-16
 2.83319312e-16 6.29087399e-17]",0.7307692307692307,0.675934803451582
190,2019-02-01 09:08:35.250997,2019-02-01 09:08:43.040001,2019-02-01 09:09:08.039997,ID_38,CF,0.4929058079897752,0.5625,0.7733602811121825,0.1428571428571429,protB_CF,4,2019-02-01 09:05:36,0 days 00:02:59.250997,0 days 00:03:07.040001,0 days 00:03:32.039997,179.250997,187.040001,212.039997,"{'CZ': array([-0.2987671 ,  0.12179565,  0.5597534 , ...,  4.502428  ,
        3.8876677 ,  3.233262  ], shape=(7789,), dtype=float32), 'C3': array([-6.46297  , -5.66496  , -4.5871067, ..., -0.8730774, -1.6252193,
       -2.2061806], shape=(7789,), dtype=float32), 'C4': array([-1.4454861 , -0.3253708 ,  0.69719124, ..., -1.739646  ,
       -0.9819565 , -0.30000114], shape=(7789,), dtype=float32)}",179251.0,187040.0,7789.0,ok,2.4555470154155046,2.5465234357398003,1.495793774665799,9.188902615278494,2.278627837995373,1.5734519856778206,1.8116920546162874,1.213985713548027,5.50676419516094,2.0994124637354616,2.042582636931911,1.9260088593000546,2.4958863796200603,12.60624967108015,3.1288307875456667,"{'CZ': (array([0.00000000e+00, 4.88281250e-01, 9.76562500e-01, ...,
       4.99023438e+02, 4.99511719e+02, 5.00000000e+02], shape=(1025,)), array([1.1815253e-02, 3.9764042e-03, 7.7059423e-03, ..., 1.8607957e-16,
       5.3172066e-17, 1.0707485e-17], shape=(1025,), dtype=float32)), 'C3': (array([0.00000000e+00, 4.88281250e-01, 9.76562500e-01, ...,
       4.99023438e+02, 4.99511719e+02, 5.00000000e+02], shape=(1025,)), array([7.4077179e-03, 3.1757734e-03, 5.8674845e-03, ..., 4.7961636e-17,
       9.6282930e-17, 5.1316975e-17], shape=(1025,), dtype=float32)), 'C4': (array([0.00000000e+00, 4.88281250e-01, 9.76562500e-01, ...,
       4.99023438e+02, 4.99511719e+02, 5.00000000e+02], shape=(1025,)), array([1.6895815e-03, 7.3367357e-04, 5.1104850e-03, ..., 1.7045624e-16,
       1.9974425e-16, 1.4329279e-16], shape=(1025,), dtype=float32))}",7.936123655056603,7.052482390406175,5.339687138681124,8.164756336000105,3.4823592560347576,1.822795551598078,1.3962460209602665,0.8577278284231437,0.8400422828866495,0.3954462478539183,1.1739974695066684,1.1500470639331608,2.4929000728505675,2.568570221843307,1.0914802443799558,"[1.1815253e-02 3.9764042e-03 7.7059423e-03 ... 1.8607957e-16 5.3172066e-17
 1.0707485e-17]","[7.4077179e-03 3.1757734e-03 5.8674845e-03 ... 4.7961636e-17 9.6282930e-17
 5.1316975e-17]","[1.6895815e-03 7.3367357e-04 5.1104850e-03 ... 1.7045624e-16 1.9974425e-16
 1.4329279e-16]",0.8730769230769231,0.922339405560882
191,2019-02-01 09:10:49.582003,2019-02-01 09:10:57.444000,2019-02-01 09:11:22.445001,ID_38,CF,0.7991787483763556,0.88,0.7318219594147815,0.7857142857142857,protB_CF,4,2019-02-01 09:05:36,0 days 00:05:13.582003,0 days 00:05:21.444000,0 days 00:05:46.445001,313.582003,321.444,346.445001,"{'CZ': array([2.9647827, 3.0502777, 3.118084 , ..., 7.5189953, 7.055109 ,
       6.4133167], shape=(7862,), dtype=float32), 'C3': array([-1.3386803, -1.0297737, -0.7167549, ..., -4.0125136, -4.251499 ,
       -4.4016004], shape=(7862,), dtype=float32), 'C4': array([ 0.50699997,  0.6500664 ,  0.7523804 , ..., -1.7607479 ,
       -1.243     , -0.9314308 ], shape=(7862,), dtype=float32)}",313582.0,321444.0,7862.0,ok,2.596186735900119,2.173490764107555,1.2805644582840614,8.188197050913004,1.7712899202706467,1.5672544204790029,1.1801132641267031,1.6274871813948266,6.537579709402053,1.4185041868586268,1.3842816551914439,1.9927854591514915,5.483315733727068,11.29247788048815,1.5861229196616478,"{'CZ': (array([0.00000000e+00, 4.88281250e-01, 9.76562500e-01, ...,
       4.99023438e+02, 4.99511719e+02, 5.00000000e+02], shape=(1025,)), array([7.5539313e-03, 2.5800529e-03, 4.5962930e-03, ..., 2.4062234e-16,
       2.0085021e-16, 5.5264430e-17], shape=(1025,), dtype=float32)), 'C3': (array([0.00000000e+00, 4.88281250e-01, 9.76562500e-01, ...,
       4.99023438e+02, 4.99511719e+02, 5.00000000e+02], shape=(1025,)), array([7.3558190e-03, 3.4424195e-03, 2.3245325e-03, ..., 1.8804866e-16,
       8.4175335e-17, 4.6345643e-17], shape=(1025,), dtype=float32)), 'C4': (array([0.00000000e+00, 4.88281250e-01, 9.76562500e-01, ...,
       4.99023438e+02, 4.99511719e+02, 5.00000000e+02], shape=(1025,)), array([4.3101367e-03, 1.3159210e-03, 8.5666007e-04, ..., 1.8341039e-16,
       2.8229424e-16, 6.4146222e-17], shape=(1025,), dtype=float32))}",8.390659530595372,6.019385144643623,4.571361162189164,7.275584098660416,2.707009782870949,1.8156158636393906,0.9094969783197105,1.1498825977156462,0.9972904575186798,0.2671900676726664,0.7956315357308265,1.1899203138550192,5.4767549932107515,2.300884336852959,0.5533127067338014,"[7.5539313e-03 2.5800529e-03 4.5962930e-03 ... 2.4062234e-16 2.0085021e-16
 5.5264430e-17]","[7.3558190e-03 3.4424195e-03 2.3245325e-03 ... 1.8804866e-16 8.4175335e-17
 4.6345643e-17]","[4.3101367e-03 1.3159210e-03 8.5666007e-04 ... 1.8341039e-16 2.8229424e-16
 6.4146222e-17]",0.9865384615384616,0.900287631831256
192,2019-02-01 09:13:04.034995,2019-02-01 09:13:11.699005,2019-02-01 09:13:36.699000,ID_38,CF,0.498418021136974,0.44,0.7825267906836493,0.2727272727272727,protB_CF,6,2019-02-01 09:05:36,0 days 00:07:28.034995,0 days 00:07:35.699005,0 days 00:08:00.699000,448.034995,455.699005,480.699,"{'CZ': array([ 2.2005463 ,  1.623703  ,  1.2550049 , ...,  0.6706276 ,
        0.18577766, -0.34269333], shape=(7664,), dtype=float32), 'C3': array([-1.9500694 , -1.6487885 , -1.1281929 , ..., -0.45424652,
        0.18323517,  0.8158035 ], shape=(7664,), dtype=float32), 'C4': array([ -2.4640522,  -2.5139256,  -2.4415417, ..., -11.265911 ,
       -12.116433 , -13.01371  ], shape=(7664,), dtype=float32)}",448035.0,455699.0,7664.0,ok,5.752033081080299,4.297523002605885,2.8992202132940292,10.346338971430669,2.25062622803307,5.578601558227092,4.0587185067124665,2.387207612628117,9.217550221364945,1.6172025918876898,6.224991215276532,3.1807964551262558,3.2066920248325914,9.330860069894698,1.80329185127448,"{'CZ': (array([0.00000000e+00, 4.88281250e-01, 9.76562500e-01, ...,
       4.99023438e+02, 4.99511719e+02, 5.00000000e+02], shape=(1025,)), array([7.1411426e-03, 3.0465138e-03, 1.9920832e-02, ..., 3.7385528e-16,
       1.7589952e-16, 9.2617276e-17], shape=(1025,), dtype=float32)), 'C3': (array([0.00000000e+00, 4.88281250e-01, 9.76562500e-01, ...,
       4.99023438e+02, 4.99511719e+02, 5.00000000e+02], shape=(1025,)), array([7.6105893e-03, 4.0093609e-03, 2.2075281e-02, ..., 2.8180545e-16,
       1.7143742e-16, 4.8159008e-17], shape=(1025,), dtype=float32)), 'C4': (array([0.00000000e+00, 4.88281250e-01, 9.76562500e-01, ...,
       4.99023438e+02, 4.99511719e+02, 5.00000000e+02], shape=(1025,)), array([8.8484054e-03, 4.0642689e-03, 1.7322505e-02, ..., 1.3256062e-16,
       1.5950357e-16, 1.1921328e-16], shape=(1025,), dtype=float32))}",18.590092355330125,11.901797121862545,10.349641205445808,9.193190983538692,3.4395652270976385,6.462637689000686,3.127998243827,1.6866544463611657,1.4061128561455407,0.3046169859560295,3.5778840974645485,1.8992984411901208,3.202855245170012,1.9011974175555655,0.6290712295315283,"[7.1411426e-03 3.0465138e-03 1.9920832e-02 ... 3.7385528e-16 1.7589952e-16
 9.2617276e-17]","[7.6105893e-03 4.0093609e-03 2.2075281e-02 ... 2.8180545e-16 1.7143742e-16
 4.8159008e-17]","[8.8484054e-03 4.0642689e-03 1.7322505e-02 ... 1.3256062e-16 1.5950357e-16
 1.1921328e-16]",0.953846153846154,0.9424736337488016
193,2019-02-01 09:15:17.909002,2019-02-01 09:15:25.623002,2019-02-01 09:15:50.622997,ID_38,CF,0.9188909830712918,1.0,0.7566729492138756,1.0,protB_CF,6,2019-02-01 09:05:36,0 days 00:09:41.909002,0 days 00:09:49.623002,0 days 00:10:14.622997,581.909002,589.623002,614.622997,"{'CZ': array([ 2.6701174,  2.8280525,  2.9077163, ..., -3.1013117, -3.3647537,
       -3.4933786], shape=(7714,), dtype=float32), 'C3': array([ 5.7027245 ,  6.738247  ,  7.686432  , ...,  0.88492584,
        0.21434021, -0.49803925], shape=(7714,), dtype=float32), 'C4': array([-4.6592636, -4.3852825, -4.1657333, ..., -3.7934594, -3.953189 ,
       -4.0545034], shape=(7714,), dtype=float32)}",581909.0,589623.0,7714.0,ok,3.5077141292276792,2.5937455793609843,2.048727488727309,8.7654774360999,1.766508551327206,1.5690639847889543,1.8719789804890752,1.4232044923119247,6.628406285017263,1.5062725725556447,1.2798524821846513,1.8129398085875437,1.9146582635585219,6.3106418965617195,1.6999998001665517,"{'CZ': (array([0.00000000e+00, 4.88281250e-01, 9.76562500e-01, ...,
       4.99023438e+02, 4.99511719e+02, 5.00000000e+02], shape=(1025,)), array([7.4922214e-03, 2.9678263e-03, 4.4749733e-03, ..., 2.0840890e-16,
       4.6080620e-16, 8.5906591e-17], shape=(1025,), dtype=float32)), 'C3': (array([0.00000000e+00, 4.88281250e-01, 9.76562500e-01, ...,
       4.99023438e+02, 4.99511719e+02, 5.00000000e+02], shape=(1025,)), array([3.2790285e-03, 1.1679409e-03, 4.3872646e-03, ..., 2.1081900e-16,
       1.7377160e-16, 6.4738338e-17], shape=(1025,), dtype=float32)), 'C4': (array([0.00000000e+00, 4.88281250e-01, 9.76562500e-01, ...,
       4.99023438e+02, 4.99511719e+02, 5.00000000e+02], shape=(1025,)), array([4.0819980e-03, 1.4850454e-03, 2.8083976e-03, ..., 1.9927269e-16,
       9.7503425e-17, 2.5313085e-17], shape=(1025,), dtype=float32))}",11.336640227770037,7.183261998263536,7.313550843373369,7.78852387829921,2.6997025587077634,1.81771218802967,1.442708321300616,1.0055489821416883,1.011145810902728,0.28372215910472653,0.7356096875882217,1.0825319384623,1.912367391273462,1.2858167400421103,0.5930382060664832,"[7.4922214e-03 2.9678263e-03 4.4749733e-03 ... 2.0840890e-16 4.6080620e-16
 8.5906591e-17]","[3.2790285e-03 1.1679409e-03 4.3872646e-03 ... 2.1081900e-16 1.7377160e-16
 6.4738338e-17]","[4.0819980e-03 1.4850454e-03 2.8083976e-03 ... 1.9927269e-16 9.7503425e-17
 2.5313085e-17]",0.9615384615384616,0.9424736337488016
194,2019-02-01 09:17:31.873001,2019-02-01 09:17:39.577003,2019-02-01 09:18:04.576998,ID_38,CF,0.7314695753749927,0.64,0.7766309483472004,0.7777777777777778,protB_CF,6,2019-02-01 09:05:36,0 days 00:11:55.873001,0 days 00:12:03.577003,0 days 00:12:28.576998,715.873001,723.577003,748.576998,"{'CZ': array([ 3.9253693,  4.193802 ,  4.4403687, ..., -7.3078156, -7.1893654,
       -7.095993 ], shape=(7704,), dtype=float32), 'C3': array([ 3.6642265 ,  4.001766  ,  4.547943  , ..., -1.1026611 ,
       -0.85910416, -0.7813225 ], shape=(7704,), dtype=float32), 'C4': array([-6.6587257, -7.243086 , -7.6641655, ..., -7.6045265, -7.7672997,
       -7.9047127], shape=(7704,), dtype=float32)}",715873.0,723577.0,7704.0,ok,2.5861137510219123,2.6087891892530024,3.253803704865277,9.883008126053028,2.0257052631222905,1.5283544853446074,1.8450533098075539,1.7217796703334898,8.703029587195488,1.327841579040978,1.3593564690381754,1.7208276694873348,13.269541930640116,9.590891160769388,1.558029179705045,"{'CZ': (array([0.00000000e+00, 4.88281250e-01, 9.76562500e-01, ...,
       4.99023438e+02, 4.99511719e+02, 5.00000000e+02], shape=(1025,)), array([1.2347388e-02, 5.3000865e-03, 3.0922331e-03, ..., 3.0866418e-16,
       1.6428988e-16, 1.5715823e-16], shape=(1025,), dtype=float32)), 'C3': (array([0.00000000e+00, 4.88281250e-01, 9.76562500e-01, ...,
       4.99023438e+02, 4.99511719e+02, 5.00000000e+02], shape=(1025,)), array([5.3232126e-03, 2.0413981e-03, 2.7436251e-03, ..., 2.1234867e-16,
       7.0535233e-17, 1.0500242e-16], shape=(1025,), dtype=float32)), 'C4': (array([0.00000000e+00, 4.88281250e-01, 9.76562500e-01, ...,
       4.99023438e+02, 4.99511719e+02, 5.00000000e+02], shape=(1025,)), array([1.7936128e-03, 6.9490325e-04, 4.3818862e-03, ..., 1.0362082e-16,
       2.7632372e-16, 6.5922576e-17], shape=(1025,), dtype=float32))}",8.358104481530088,7.224924600838712,11.615433951477703,8.78150053323711,3.095825195938187,1.7705514896604895,1.4219570791372655,1.2165038856528811,1.327624097084492,0.25011281929892426,0.7813055031180782,1.0275304805960592,13.253665036876399,1.954179718731656,0.5435123166726203,"[1.2347388e-02 5.3000865e-03 3.0922331e-03 ... 3.0866418e-16 1.6428988e-16
 1.5715823e-16]","[5.3232126e-03 2.0413981e-03 2.7436251e-03 ... 2.1234867e-16 7.0535233e-17
 1.0500242e-16]","[1.7936128e-03 6.9490325e-04 4.3818862e-03 ... 1.0362082e-16 2.7632372e-16
 6.5922576e-17]",0.9423076923076924,0.9443911792905082
195,2019-02-01 09:19:45.787996,2019-02-01 09:19:53.688999,2019-02-01 09:20:18.689004,ID_38,CF,0.7640952559216769,0.68,0.8850130404923038,0.7272727272727273,protB_CF,8,2019-02-01 09:05:36,0 days 00:14:09.787996,0 days 00:14:17.688999,0 days 00:14:42.689004,849.787996,857.688999,882.689004,"{'CZ': array([ 3.480278 ,  4.101181 ,  4.688385 , ..., -1.7193613, -2.304613 ,
       -2.7954197], shape=(7901,), dtype=float32), 'C3': array([  5.327629,   5.853668,   6.442993, ..., -11.677383, -11.678803,
       -11.437843], shape=(7901,), dtype=float32), 'C4': array([-0.9160309, -0.7246666, -0.4794693, ..., -6.755413 , -7.2969894,
       -7.614319 ], shape=(7901,), dtype=float32)}",849788.0,857689.0,7901.0,ok,2.5827578338066814,1.7352057184325531,2.4882488360162824,7.052797362121055,1.8033301080322417,1.9197733236069325,1.6433603159384802,1.5482991584576666,6.836409655079478,1.3179614543332718,1.665182011493016,1.0579248337307945,3.2390015112468973,9.680607523478102,2.213355870480882,"{'CZ': (array([0.00000000e+00, 4.88281250e-01, 9.76562500e-01, ...,
       4.99023438e+02, 4.99511719e+02, 5.00000000e+02], shape=(1025,)), array([8.6689750e-03, 4.0879501e-03, 3.8269460e-03, ..., 1.4835394e-16,
       3.7003886e-16, 2.2895266e-17], shape=(1025,), dtype=float32)), 'C3': (array([0.00000000e+00, 4.88281250e-01, 9.76562500e-01, ...,
       4.99023438e+02, 4.99511719e+02, 5.00000000e+02], shape=(1025,)), array([1.4138364e-02, 5.1453239e-03, 3.4895986e-03, ..., 2.2862647e-16,
       7.4433517e-17, 1.1447633e-16], shape=(1025,), dtype=float32)), 'C4': (array([0.00000000e+00, 4.88281250e-01, 9.76562500e-01, ...,
       4.99023438e+02, 4.99511719e+02, 5.00000000e+02], shape=(1025,)), array([6.1605913e-03, 2.6159361e-03, 9.7755389e-03, ..., 2.1573484e-16,
       8.0559398e-17, 1.1309471e-16], shape=(1025,), dtype=float32))}",8.347258436299022,4.8055743769043735,8.882554889949974,6.266730028584318,2.755975850324439,2.2239981303528005,1.2665150770444193,1.0939331988116818,1.0428761737151988,0.24825179469728906,0.9570821921296844,0.6317018444745027,3.235126073559343,1.9724597610660826,0.7721204406542305,"[8.6689750e-03 4.0879501e-03 3.8269460e-03 ... 1.4835394e-16 3.7003886e-16
 2.2895266e-17]","[1.4138364e-02 5.1453239e-03 3.4895986e-03 ... 2.2862647e-16 7.4433517e-17
 1.1447633e-16]","[6.1605913e-03 2.6159361e-03 9.7755389e-03 ... 2.1573484e-16 8.0559398e-17
 1.1309471e-16]",0.8192307692307692,0.9395973154362416
196,2019-02-01 09:22:00.388000,2019-02-01 09:22:08.075999,2019-02-01 09:22:33.076004,ID_38,CF,0.5314858431944031,0.75,0.8444575295832093,0.0,protB_CF,8,2019-02-01 09:05:36,0 days 00:16:24.388000,0 days 00:16:32.075999,0 days 00:16:57.076004,984.388,992.075999,1017.076004,"{'CZ': array([9.302822 , 9.039642 , 8.764931 , ..., 2.1756222, 2.1011207,
       1.9423432], shape=(7688,), dtype=float32), 'C3': array([2.5378418, 2.2934875, 2.060135 , ..., 1.7673683, 1.5080948,
       1.2116776], shape=(7688,), dtype=float32), 'C4': array([ 5.145561 ,  5.530571 ,  5.940628 , ..., -2.297123 , -2.7078133,
       -3.0673943], shape=(7688,), dtype=float32)}",984388.0,992076.0,7688.0,ok,4.693733055319171,2.1139189339010045,2.5897847444866784,5.5756049368937965,1.7887383742163365,5.090823658974841,1.5963990881573409,0.787726112321252,4.977815100573935,1.3856863063210767,2.4921553194872104,1.3636234070872888,2.8371924126986414,4.965732641721843,2.113173873794949,"{'CZ': (array([0.00000000e+00, 4.88281250e-01, 9.76562500e-01, ...,
       4.99023438e+02, 4.99511719e+02, 5.00000000e+02], shape=(1025,)), array([7.5274338e-03, 2.9841231e-03, 7.4981232e-03, ..., 8.4908938e-17,
       6.8945623e-17, 7.4409614e-17], shape=(1025,), dtype=float32)), 'C3': (array([0.00000000e+00, 4.88281250e-01, 9.76562500e-01, ...,
       4.99023438e+02, 4.99511719e+02, 5.00000000e+02], shape=(1025,)), array([2.8098444e-03, 2.0217621e-03, 4.9505453e-03, ..., 5.0437877e-17,
       8.1035483e-17, 7.3274723e-17], shape=(1025,), dtype=float32)), 'C4': (array([0.00000000e+00, 4.88281250e-01, 9.76562500e-01, ...,
       4.99023438e+02, 4.99511719e+02, 5.00000000e+02], shape=(1025,)), array([4.9893903e-03, 2.1610132e-03, 1.2152855e-02, ..., 1.6120440e-16,
       8.9577751e-17, 1.2118700e-16], shape=(1025,), dtype=float32))}",15.169754721449092,5.854403633930013,9.245017947195155,4.954177625067516,2.733675736866633,5.897562050838242,1.230322708003693,0.5565589447826587,0.7593525004299834,0.2610084773728731,1.4323944528825923,0.8142387757246311,2.8337977361710642,1.0117864809882942,0.7371723473727115,"[7.5274338e-03 2.9841231e-03 7.4981232e-03 ... 8.4908938e-17 6.8945623e-17
 7.4409614e-17]","[2.8098444e-03 2.0217621e-03 4.9505453e-03 ... 5.0437877e-17 8.1035483e-17
 7.3274723e-17]","[4.9893903e-03 2.1610132e-03 1.2152855e-02 ... 1.6120440e-16 8.9577751e-17
 1.2118700e-16]",0.9634615384615384,0.950143815915628
197,2019-02-01 09:24:14.335000,2019-02-01 09:24:22.103003,2019-02-01 09:24:47.104004,ID_38,CF,0.7730877590316635,0.875,0.7775966104283237,0.6666666666666667,protB_CF,8,2019-02-01 09:05:36,0 days 00:18:38.335000,0 days 00:18:46.103003,0 days 00:19:11.104004,1118.335,1126.103003,1151.104004,"{'CZ': array([-7.3741226 , -7.65329   , -7.814453  , ...,  0.7917023 ,
       -0.20122528, -1.2622452 ], shape=(7768,), dtype=float32), 'C3': array([-2.1571655 , -1.24823   , -0.41314697, ...,  6.3979416 ,
        6.310684  ,  6.160576  ], shape=(7768,), dtype=float32), 'C4': array([-8.771545  , -9.130142  , -9.306931  , ...,  0.5614166 ,
       -0.20881653, -0.9704056 ], shape=(7768,), dtype=float32)}",1118335.0,1126103.0,7768.0,ok,3.1039892928674817,2.130898821633309,1.831443194532767,8.64850736252265,2.0016600919916527,3.3273520384682342,1.8990214739460498,1.3244711080915295,5.309729025611887,1.5549862632724398,4.251454000041122,2.3766000667819753,4.2176937276963145,8.369852817850187,1.8919420572274248,"{'CZ': (array([0.00000000e+00, 4.88281250e-01, 9.76562500e-01, ...,
       4.99023438e+02, 4.99511719e+02, 5.00000000e+02], shape=(1025,)), array([3.8297803e-03, 1.3699797e-03, 5.1827128e-03, ..., 1.1850744e-16,
       2.0538548e-16, 9.3554789e-17], shape=(1025,), dtype=float32)), 'C3': (array([0.00000000e+00, 4.88281250e-01, 9.76562500e-01, ...,
       4.99023438e+02, 4.99511719e+02, 5.00000000e+02], shape=(1025,)), array([2.6697515e-02, 8.1648342e-03, 1.5834322e-02, ..., 1.8306342e-16,
       2.1756056e-16, 1.1704218e-16], shape=(1025,), dtype=float32)), 'C4': (array([0.00000000e+00, 4.88281250e-01, 9.76562500e-01, ...,
       4.99023438e+02, 4.99511719e+02, 5.00000000e+02], shape=(1025,)), array([6.9194976e-03, 1.8907079e-03, 2.6982741e-03, ..., 4.0518512e-16,
       4.7810060e-16, 4.1843074e-17], shape=(1025,), dtype=float32))}",10.031835146108886,5.901428671101274,6.537889003620608,7.684590667844427,3.0590776749725075,3.8546346183597993,1.463549597162005,0.935790030042721,0.809985089992428,0.2928978911468224,2.443571264891086,1.4191014313087107,4.2126472931175964,1.7053886183502194,0.659996503228977,"[3.8297803e-03 1.3699797e-03 5.1827128e-03 ... 1.1850744e-16 2.0538548e-16
 9.3554789e-17]","[2.6697515e-02 8.1648342e-03 1.5834322e-02 ... 1.8306342e-16 2.1756056e-16
 1.1704218e-16]","[6.9194976e-03 1.8907079e-03 2.6982741e-03 ... 4.0518512e-16 4.7810060e-16
 4.1843074e-17]",0.9403846153846154,0.9415148609779482
198,2019-02-01 09:07:04.081999,2019-02-01 09:07:12.851002,2019-02-01 09:07:37.852003,ID_38,CF,0.6238800400037653,0.75,0.7216401200112957,0.4,protB_CF,4,2019-02-01 09:05:36,0 days 00:01:28.081999,0 days 00:01:36.851002,0 days 00:02:01.852003,88.081999,96.851002,121.852003,"{'CZ': array([ 1.9884205,  2.1580982,  2.1459618, ..., -6.7464237, -7.0067425,
       -7.3396225], shape=(8769,), dtype=float32), 'C3': array([-7.6057167 , -7.163704  , -6.7874975 , ..., -2.2146225 ,
       -1.0513287 ,  0.26667213], shape=(8769,), dtype=float32), 'C4': array([ 7.2763443,  7.186098 ,  6.922638 , ..., -2.352848 , -1.6597099,
       -1.1815758], shape=(8769,), dtype=float32)}",88082.0,96851.0,8769.0,ok,2.3533802159363404,2.6093956839758903,1.5373205606010742,7.0330187227227725,2.531756026655785,1.3590660428235424,1.2713211181107908,1.2806312151951715,6.534476684464607,3.1751118431202485,1.331869204477698,1.4360939094331115,1.0025680894614197,7.836885699362028,3.895032654327224,"{'CZ': (array([0.00000000e+00, 4.88281250e-01, 9.76562500e-01, ...,
       4.99023438e+02, 4.99511719e+02, 5.00000000e+02], shape=(1025,)), array([6.4982162e-03, 1.9341537e-03, 4.2564790e-03, ..., 1.6334395e-16,
       3.6439646e-16, 6.6486495e-17], shape=(1025,), dtype=float32)), 'C3': (array([0.00000000e+00, 4.88281250e-01, 9.76562500e-01, ...,
       4.99023438e+02, 4.99511719e+02, 5.00000000e+02], shape=(1025,)), array([1.7200356e-03, 7.0860412e-04, 2.3038171e-03, ..., 1.2146897e-16,
       1.2771265e-16, 2.6264705e-17], shape=(1025,), dtype=float32)), 'C4': (array([0.00000000e+00, 4.88281250e-01, 9.76562500e-01, ...,
       4.99023438e+02, 4.99511719e+02, 5.00000000e+02], shape=(1025,)), array([3.6936863e-03, 1.6528555e-03, 2.6130048e-03, ..., 1.6708327e-16,
       1.7006178e-16, 2.7681561e-17], shape=(1025,), dtype=float32))}",7.605929059303436,7.226604260759768,5.487929529126222,6.249155811280493,3.869207549576359,1.5744360550789676,0.979789610492555,0.9048154512543121,0.9968170992887059,0.5980654523906134,0.765506886967041,0.8575119351611166,1.0013685252917992,1.5967945871760754,1.3587667349527244,"[6.4982162e-03 1.9341537e-03 4.2564790e-03 ... 1.6334395e-16 3.6439646e-16
 6.6486495e-17]","[1.7200356e-03 7.0860412e-04 2.3038171e-03 ... 1.2146897e-16 1.2771265e-16
 2.6264705e-17]","[3.6936863e-03 1.6528555e-03 2.6130048e-03 ... 1.6708327e-16 1.7006178e-16
 2.7681561e-17]",0.6307692307692307,0.7871524448705657
199,2019-02-01 09:09:20.054999,2019-02-01 09:09:27.927004,2019-02-01 09:09:52.928005,ID_38,CF,0.6678516267861054,0.72,0.6585548803583164,0.625,protB_CF,4,2019-02-01 09:05:36,0 days 00:03:44.054999,0 days 00:03:51.927004,0 days 00:04:16.928005,224.054999,231.927004,256.928005,"{'CZ': array([ 0.25934982, -0.10887909, -0.57907677, ..., -5.151908  ,
       -5.2258434 , -5.1578903 ], shape=(7872,), dtype=float32), 'C3': array([-6.9250016, -5.741309 , -4.5254207, ...,  7.4838715,  7.6111164,
        7.7022667], shape=(7872,), dtype=float32), 'C4': array([-0.37082672, -0.41645432, -0.3010254 , ..., -0.00717926,
       -0.22909164, -0.381958  ], shape=(7872,), dtype=float32)}",224055.0,231927.0,7872.0,ok,2.351162467675749,2.5166627019643784,2.685773026314564,13.811434553645086,2.2056426039398502,1.2280860946702887,1.1672780092339963,2.016977552557364,8.939830418967176,2.374985165261023,0.8898030519048916,1.621182294911705,4.854091908782721,13.251286407466978,3.037025913272373,"{'CZ': (array([0.00000000e+00, 4.88281250e-01, 9.76562500e-01, ...,
       4.99023438e+02, 4.99511719e+02, 5.00000000e+02], shape=(1025,)), array([3.9365622e-03, 2.2319593e-03, 6.6659809e-03, ..., 1.8474727e-16,
       3.2992624e-16, 1.1289734e-16], shape=(1025,), dtype=float32)), 'C3': (array([0.00000000e+00, 4.88281250e-01, 9.76562500e-01, ...,
       4.99023438e+02, 4.99511719e+02, 5.00000000e+02], shape=(1025,)), array([3.2399481e-03, 1.2529530e-03, 6.1032618e-03, ..., 9.8995751e-17,
       2.7781482e-16, 4.6049578e-17], shape=(1025,), dtype=float32)), 'C4': (array([0.00000000e+00, 4.88281250e-01, 9.76562500e-01, ...,
       4.99023438e+02, 4.99511719e+02, 5.00000000e+02], shape=(1025,)), array([6.6642645e-03, 2.6569453e-03, 4.1150879e-03, ..., 1.5989678e-16,
       4.8294081e-16, 8.5462501e-17], shape=(1025,), dtype=float32))}",7.5987614814393805,6.9697844280940435,9.587677077498714,12.272085416774958,3.370818090281815,1.422699828606542,0.8996050248134352,1.4250725991470352,1.3637474363561735,0.4473532421733454,0.5114243665875614,0.9680308215410799,4.848284029207231,2.6999988541731184,1.0594544771170074,"[3.9365622e-03 2.2319593e-03 6.6659809e-03 ... 1.8474727e-16 3.2992624e-16
 1.1289734e-16]","[3.2399481e-03 1.2529530e-03 6.1032618e-03 ... 9.8995751e-17 2.7781482e-16
 4.6049578e-17]","[6.6642645e-03 2.6569453e-03 4.1150879e-03 ... 1.5989678e-16 4.8294081e-16
 8.5462501e-17]",0.946153846153846,0.9520613614573348
200,2019-02-01 09:11:34.458997,2019-02-01 09:11:42.241001,2019-02-01 09:12:07.240996,ID_38,CF,0.6504696053715853,0.8125,0.7389088161147559,0.4,protB_CF,4,2019-02-01 09:05:36,0 days 00:05:58.458997,0 days 00:06:06.241001,0 days 00:06:31.240996,358.458997,366.241001,391.240996,"{'CZ': array([5.5195923 , 5.054058  , 4.5288734 , ..., 0.704689  , 0.78835297,
       0.82121277], shape=(7782,), dtype=float32), 'C3': array([-1.8056326, -1.9328308, -1.9961529, ..., -2.7149696, -3.1812859,
       -3.632244 ], shape=(7782,), dtype=float32), 'C4': array([ 4.9124184 ,  4.690935  ,  4.4348516 , ..., -0.3835373 ,
        0.40491486,  1.133461  ], shape=(7782,), dtype=float32)}",358459.0,366241.0,7782.0,ok,1.7314160559180891,1.9862047920469195,2.784681841148995,7.229764880321454,1.9211398370089228,0.6499545879705693,1.4422160893445835,1.5120970347197726,6.793293567170622,1.2978765402067438,2.1598608000203967,1.6568276478210464,3.280954697402194,8.472554447507719,1.889957055936975,"{'CZ': (array([0.00000000e+00, 4.88281250e-01, 9.76562500e-01, ...,
       4.99023438e+02, 4.99511719e+02, 5.00000000e+02], shape=(1025,)), array([5.6727561e-03, 2.3187816e-03, 6.6292291e-03, ..., 2.4072102e-16,
       1.7354329e-16, 3.5379107e-17], shape=(1025,), dtype=float32)), 'C3': (array([0.00000000e+00, 4.88281250e-01, 9.76562500e-01, ...,
       4.99023438e+02, 4.99511719e+02, 5.00000000e+02], shape=(1025,)), array([2.1941561e-04, 1.7946200e-04, 2.2221163e-03, ..., 3.0099379e-16,
       3.4102658e-16, 4.9047188e-17], shape=(1025,), dtype=float32)), 'C4': (array([0.00000000e+00, 4.88281250e-01, 9.76562500e-01, ...,
       4.99023438e+02, 4.99511719e+02, 5.00000000e+02], shape=(1025,)), array([5.0259023e-03, 1.5674117e-03, 9.4570342e-04, ..., 2.4078820e-16,
       9.6475676e-17, 6.9524630e-17], shape=(1025,), dtype=float32))}",5.595792640847186,5.500705048717462,9.940761931453,6.42397368715683,2.936020960505229,0.7529523255094109,1.1114960023041809,1.0683549991413928,1.036298928779248,0.24446859150734912,1.241404420003948,0.9893151646832746,3.2770290630851613,1.7263144570854527,0.6593040433803271,"[5.6727561e-03 2.3187816e-03 6.6292291e-03 ... 2.4072102e-16 1.7354329e-16
 3.5379107e-17]","[2.1941561e-04 1.7946200e-04 2.2221163e-03 ... 3.0099379e-16 3.4102658e-16
 4.9047188e-17]","[5.0259023e-03 1.5674117e-03 9.4570342e-04 ... 2.4078820e-16 9.6475676e-17
 6.9524630e-17]",1.0,0.8494726749760306
201,2019-02-01 09:13:48.714002,2019-02-01 09:13:56.302998,2019-02-01 09:14:21.303003,ID_38,CF,0.5074085680392407,0.6875,0.8347257041177223,0.0,protB_CF,6,2019-02-01 09:05:36,0 days 00:08:12.714002,0 days 00:08:20.302998,0 days 00:08:45.303003,492.714002,500.302998,525.303003,"{'CZ': array([4.5116577, 5.109192 , 5.787575 , ..., 2.0467224, 2.1222076,
       2.0823822], shape=(7589,), dtype=float32), 'C3': array([-0.80025864, -1.5559387 , -2.4337044 , ..., -5.2736387 ,
       -4.144725  , -2.9991798 ], shape=(7589,), dtype=float32), 'C4': array([-3.1847954, -0.9756088,  2.045761 , ...,  2.1380527,  1.424602 ,
        0.6970625], shape=(7589,), dtype=float32)}",492714.0,500303.0,7589.0,ok,2.0072472616448067,2.604650624562055,1.46715732262237,6.9317506640800275,2.2346475852828007,1.1594216430239612,1.8324719640077092,1.1941721313633025,6.0260557947913185,2.626329793201876,2.411518620647257,1.8074569088639691,2.2261007834458724,14.147319947369397,3.731453355612757,"{'CZ': (array([0.00000000e+00, 4.88281250e-01, 9.76562500e-01, ...,
       4.99023438e+02, 4.99511719e+02, 5.00000000e+02], shape=(1025,)), array([3.4445280e-03, 1.1616814e-03, 7.3697604e-03, ..., 4.1786941e-16,
       1.6375942e-16, 2.4079501e-17], shape=(1025,), dtype=float32)), 'C3': (array([0.00000000e+00, 4.88281250e-01, 9.76562500e-01, ...,
       4.99023438e+02, 4.99511719e+02, 5.00000000e+02], shape=(1025,)), array([8.3290515e-03, 3.9232369e-03, 3.2625671e-03, ..., 8.0565175e-17,
       1.9535079e-16, 6.8340398e-17], shape=(1025,), dtype=float32)), 'C4': (array([0.00000000e+00, 4.88281250e-01, 9.76562500e-01, ...,
       4.99023438e+02, 4.99511719e+02, 5.00000000e+02], shape=(1025,)), array([6.8594548e-03, 2.5331948e-03, 5.1899278e-03, ..., 2.9520530e-16,
       5.8911846e-16, 1.0204183e-16], shape=(1025,), dtype=float32))}",6.487256148908009,7.21346303162838,5.237460683895991,6.159174552575781,3.4151455419026986,1.3431541811046708,1.4122608098587213,0.8437287667942236,0.919258840083832,0.4946966259792126,1.386047598329049,1.079258021679161,2.2234372728415996,2.882569018053507,1.3017027436218214,"[3.4445280e-03 1.1616814e-03 7.3697604e-03 ... 4.1786941e-16 1.6375942e-16
 2.4079501e-17]","[8.3290515e-03 3.9232369e-03 3.2625671e-03 ... 8.0565175e-17 1.9535079e-16
 6.8340398e-17]","[6.8594548e-03 2.5331948e-03 5.1899278e-03 ... 2.9520530e-16 5.8911846e-16
 1.0204183e-16]",0.9596153846153846,0.9434324065196548
202,2019-02-01 09:16:02.637004,2019-02-01 09:16:10.252995,2019-02-01 09:16:35.253000,ID_38,CF,0.931160992405862,1.0,0.7934829772175864,1.0,protB_CF,6,2019-02-01 09:05:36,0 days 00:10:26.637004,0 days 00:10:34.252995,0 days 00:10:59.253000,626.637004,634.252995,659.253,"{'CZ': array([-0.13265228,  0.739357  ,  1.5985565 , ...,  1.3158073 ,
        1.739605  ,  2.3211365 ], shape=(7616,), dtype=float32), 'C3': array([4.5363007, 4.6441574, 4.7295914, ..., 4.127384 , 3.9719524,
       3.8826056], shape=(7616,), dtype=float32), 'C4': array([4.3430824, 4.7561874, 4.996975 , ..., 6.8716507, 7.4418793,
       7.969906 ], shape=(7616,), dtype=float32)}",626637.0,634253.0,7616.0,ok,1.7694824600766879,2.0276220748201013,3.0239105690270662,6.227272853720933,1.9743158579785813,1.9973521966676344,1.5449335623998195,1.8066365155391395,7.083116506692022,1.5099528256996564,1.9642831175588071,2.6578901743050665,4.728865955257788,9.461712528718635,1.6206297967755745,"{'CZ': (array([0.00000000e+00, 4.88281250e-01, 9.76562500e-01, ...,
       4.99023438e+02, 4.99511719e+02, 5.00000000e+02], shape=(1025,)), array([1.5436501e-02, 5.0453176e-03, 4.8193205e-03, ..., 2.8439594e-16,
       2.3321970e-16, 1.4373687e-16], shape=(1025,), dtype=float32)), 'C3': (array([0.00000000e+00, 4.88281250e-01, 9.76562500e-01, ...,
       4.99023438e+02, 4.99511719e+02, 5.00000000e+02], shape=(1025,)), array([5.1363483e-03, 1.5273351e-03, 7.7100348e-04, ..., 1.0786010e-16,
       1.7468165e-16, 1.5552991e-16], shape=(1025,), dtype=float32)), 'C4': (array([0.00000000e+00, 4.88281250e-01, 9.76562500e-01, ...,
       4.99023438e+02, 4.99511719e+02, 5.00000000e+02], shape=(1025,)), array([7.8461235e-03, 3.6451512e-03, 6.0707848e-03, ..., 2.0953609e-16,
       3.9724704e-16, 3.8685103e-17], shape=(1025,), dtype=float32))}",5.718820092005511,5.615408354925787,10.794761047567112,5.533214097174157,3.0172882941764,2.3138708598674045,1.1906589387817283,1.276458526595368,1.0805106500587645,0.284415373192997,1.1289939352821303,1.5870637232308458,4.723207907467825,1.927859092356533,0.5653502943256322,"[1.5436501e-02 5.0453176e-03 4.8193205e-03 ... 2.8439594e-16 2.3321970e-16
 1.4373687e-16]","[5.1363483e-03 1.5273351e-03 7.7100348e-04 ... 1.0786010e-16 1.7468165e-16
 1.5552991e-16]","[7.8461235e-03 3.6451512e-03 6.0707848e-03 ... 2.0953609e-16 3.9724704e-16
 3.8685103e-17]",0.9557692307692308,0.9520613614573348
203,2019-02-01 09:18:16.592000,2019-02-01 09:18:24.194997,2019-02-01 09:18:49.193996,ID_38,CF,0.8512763226250705,0.75,0.8038289678752113,1.0,protB_CF,6,2019-02-01 09:05:36,0 days 00:12:40.592000,0 days 00:12:48.194997,0 days 00:13:13.193996,760.592,768.194997,793.193996,"{'CZ': array([3.6511383, 3.5781403, 3.3467102, ..., 3.185155 , 4.396944 ,
       5.419924 ], shape=(7603,), dtype=float32), 'C3': array([-2.4361267, -2.7021484, -2.8995209, ...,  9.422859 ,  9.199749 ,
        8.830888 ], shape=(7603,), dtype=float32), 'C4': array([-0.17230606, -0.37997055, -0.6236992 , ..., -4.6261063 ,
       -3.9386444 , -3.345522  ], shape=(7603,), dtype=float32)}",760592.0,768195.0,7603.0,ok,2.2941316310607363,2.1332222677301615,2.8952554566785693,9.803661323530832,2.000845478505653,2.7477742660266813,1.4990347408456728,1.8055016407743096,8.715942392882425,1.7887732469716866,2.5217914298991673,1.6696536040399224,13.713204098166898,11.276602770522004,3.069691519385742,"{'CZ': (array([0.00000000e+00, 4.88281250e-01, 9.76562500e-01, ...,
       4.99023438e+02, 4.99511719e+02, 5.00000000e+02], shape=(1025,)), array([1.4927822e-02, 4.6131331e-03, 1.8372020e-03, ..., 3.0547788e-16,
       7.1891941e-17, 5.7053128e-17], shape=(1025,), dtype=float32)), 'C3': (array([0.00000000e+00, 4.88281250e-01, 9.76562500e-01, ...,
       4.99023438e+02, 4.99511719e+02, 5.00000000e+02], shape=(1025,)), array([9.90714040e-03, 3.06217442e-03, 4.46737790e-03, ...,
       3.51873236e-16, 9.36435488e-17, 1.09936744e-16],
      shape=(1025,), dtype=float32)), 'C4': (array([0.00000000e+00, 4.88281250e-01, 9.76562500e-01, ...,
       4.99023438e+02, 4.99511719e+02, 5.00000000e+02], shape=(1025,)), array([8.4274104e-03, 4.4874162e-03, 1.9295769e-03, ..., 3.2680032e-16,
       3.5432767e-16, 2.2544928e-16], shape=(1025,), dtype=float32))}",7.4144425624015025,5.907863350811319,10.335487810595437,8.710997303878987,3.05783272537356,3.1832116610482157,1.1552853515330301,1.2756566937099343,1.3295939113680342,0.3369341094211755,1.4494281424873952,0.9969737241028892,13.696796366403072,2.2976497241972162,1.0708497446033027,"[1.4927822e-02 4.6131331e-03 1.8372020e-03 ... 3.0547788e-16 7.1891941e-17
 5.7053128e-17]","[9.90714040e-03 3.06217442e-03 4.46737790e-03 ... 3.51873236e-16
 9.36435488e-17 1.09936744e-16]","[8.4274104e-03 4.4874162e-03 1.9295769e-03 ... 3.2680032e-16 3.5432767e-16
 2.2544928e-16]",0.8442307692307692,0.9319271332694152
204,2019-02-01 09:20:30.703001,2019-02-01 09:20:38.514998,2019-02-01 09:21:03.515003,ID_38,CF,0.5635872751226979,0.44,0.8871254617317299,0.3636363636363636,protB_CF,8,2019-02-01 09:05:36,0 days 00:14:54.703001,0 days 00:15:02.514998,0 days 00:15:27.515003,894.703001,902.514998,927.515003,"{'CZ': array([6.0527344 , 6.707367  , 7.323578  , ..., 0.93634033, 0.7284317 ,
       0.44571686], shape=(7812,), dtype=float32), 'C3': array([ 5.0058594,  4.9674187,  4.9527473, ..., -0.5756016, -0.4713421,
       -0.4374771], shape=(7812,), dtype=float32), 'C4': array([0.40975952, 0.8166275 , 1.2383881 , ..., 3.9332352 , 3.8509216 ,
       3.5459633 ], shape=(7812,), dtype=float32)}",894703.0,902515.0,7812.0,ok,4.059328661242034,3.018908901140094,1.7300380059168674,7.972295359650161,1.8919788575431085,2.1127092877577525,1.7457829671911895,1.7765565571608022,9.330766843049787,1.8511443407760453,1.83304981328547,3.7362348521128297,8.367482965695672,10.84687977709109,2.7905980846298917,"{'CZ': (array([0.00000000e+00, 4.88281250e-01, 9.76562500e-01, ...,
       4.99023438e+02, 4.99511719e+02, 5.00000000e+02], shape=(1025,)), array([4.1538581e-02, 1.2386880e-02, 5.7030283e-03, ..., 1.5731860e-16,
       2.7980243e-16, 1.0978872e-18], shape=(1025,), dtype=float32)), 'C3': (array([0.00000000e+00, 4.88281250e-01, 9.76562500e-01, ...,
       4.99023438e+02, 4.99511719e+02, 5.00000000e+02], shape=(1025,)), array([2.1921564e-03, 1.1130008e-03, 9.0259667e-03, ..., 2.5552557e-16,
       1.6451201e-16, 1.1255194e-16], shape=(1025,), dtype=float32)), 'C4': (array([0.00000000e+00, 4.88281250e-01, 9.76562500e-01, ...,
       4.99023438e+02, 4.99511719e+02, 5.00000000e+02], shape=(1025,)), array([9.8737096e-03, 3.1128563e-03, 1.2079157e-02, ..., 3.1409599e-16,
       3.8138318e-16, 7.9343932e-17], shape=(1025,), dtype=float32))}",13.119412501528089,8.360732740457067,6.175892590332397,7.083745663158832,2.8914551015858736,2.4475084887231584,1.3454507984344903,1.2552058733796192,1.4233837517151067,0.34868235586894275,1.0535661095745175,2.230958544707139,8.3574713436811,2.2100920672121918,0.9734891038218585,"[4.1538581e-02 1.2386880e-02 5.7030283e-03 ... 1.5731860e-16 2.7980243e-16
 1.0978872e-18]","[2.1921564e-03 1.1130008e-03 9.0259667e-03 ... 2.5552557e-16 1.6451201e-16
 1.1255194e-16]","[9.8737096e-03 3.1128563e-03 1.2079157e-02 ... 3.1409599e-16 3.8138318e-16
 7.9343932e-17]",0.953846153846154,0.9395973154362416
205,2019-02-01 09:22:45.090001,2019-02-01 09:22:52.699002,2019-02-01 09:23:17.700003,ID_38,CF,0.5314858431944031,0.75,0.8444575295832093,0.0,protB_CF,8,2019-02-01 09:05:36,0 days 00:17:09.090001,0 days 00:17:16.699002,0 days 00:17:41.700003,1029.090001,1036.699002,1061.700003,"{'CZ': array([-7.940155 , -7.2296753, -6.638794 , ..., -1.1365662, -1.4574814,
       -1.5845108], shape=(7609,), dtype=float32), 'C3': array([-1.3817596e+01, -1.3463684e+01, -1.3234924e+01, ...,
       -3.4846115e-01, -1.3355255e-02,  2.9861069e-01],
      shape=(7609,), dtype=float32), 'C4': array([ 8.082848  ,  8.305298  ,  8.3524475 , ...,  0.528183  ,
        0.08959198, -0.19356537], shape=(7609,), dtype=float32)}",1029090.0,1036699.0,7609.0,ok,3.3479913836345077,2.7138846344314516,2.23557953722775,6.591374396521132,2.106351974134668,3.7791443755850196,2.198378904722631,1.7964111029868945,7.318169446079992,1.9197159509758421,3.6354074472910725,3.3106852788478136,3.415348124690354,12.329859062447213,1.9920157815249695,"{'CZ': (array([0.00000000e+00, 4.88281250e-01, 9.76562500e-01, ...,
       4.99023438e+02, 4.99511719e+02, 5.00000000e+02], shape=(1025,)), array([3.7346158e-02, 1.2412212e-02, 7.2668842e-03, ..., 1.6463990e-16,
       2.0924042e-16, 7.5051070e-17], shape=(1025,), dtype=float32)), 'C3': (array([0.00000000e+00, 4.88281250e-01, 9.76562500e-01, ...,
       4.99023438e+02, 4.99511719e+02, 5.00000000e+02], shape=(1025,)), array([5.2152198e-02, 1.4760514e-02, 1.8927095e-02, ..., 2.3709429e-16,
       2.0720039e-16, 9.4850055e-17], shape=(1025,), dtype=float32)), 'C4': (array([0.00000000e+00, 4.88281250e-01, 9.76562500e-01, ...,
       4.99023438e+02, 4.99511719e+02, 5.00000000e+02], shape=(1025,)), array([1.4111146e-02, 6.0020736e-03, 1.5431509e-02, ..., 4.2048463e-16,
       3.7634711e-16, 4.5001044e-17], shape=(1025,), dtype=float32))}",10.820429602766763,7.515981720530047,7.980575601139155,5.856734815914002,3.2190751694001913,4.378022093693413,1.6942602306284726,1.2692338774044525,1.11636735297991,0.36159853429086336,2.089491542019647,1.9768568904347397,3.4112616897836134,2.512254608123522,0.6949068261160698,"[3.7346158e-02 1.2412212e-02 7.2668842e-03 ... 1.6463990e-16 2.0924042e-16
 7.5051070e-17]","[5.2152198e-02 1.4760514e-02 1.8927095e-02 ... 2.3709429e-16 2.0720039e-16
 9.4850055e-17]","[1.4111146e-02 6.0020736e-03 1.5431509e-02 ... 4.2048463e-16 3.7634711e-16
 4.5001044e-17]",0.9173076923076924,0.9578139980824544
206,2019-02-01 09:24:59.118000,2019-02-01 09:25:06.760998,2019-02-01 09:25:31.761004,ID_38,CF,0.8799242424242424,0.8125,0.8272727272727273,1.0,protB_CF,8,2019-02-01 09:05:36,0 days 00:19:23.118000,0 days 00:19:30.760998,0 days 00:19:55.761004,1163.118,1170.760998,1195.761004,"{'CZ': array([2.3133621, 2.6926727, 3.1206055, ..., 1.923996 , 1.8223915,
       1.685955 ], shape=(7643,), dtype=float32), 'C3': array([8.942207 , 9.137764 , 9.0648575, ..., 2.5199127, 2.7334442,
       2.858036 ], shape=(7643,), dtype=float32), 'C4': array([ 2.858942 ,  2.8750858,  2.8300667, ..., -3.9264698, -3.7650433,
       -3.6107807], shape=(7643,), dtype=float32)}",1163118.0,1170761.0,7643.0,ok,2.6819315571628977,2.604831548524089,1.9652055780170485,4.476728288864251,1.8662931399830995,1.6127361814142205,2.3349652328761294,1.9560094078769907,6.538505826028995,1.6942976163818457,1.859034840890672,2.1823744755238295,2.8885957435704768,7.433060083712917,2.0191184632949444,"{'CZ': (array([0.00000000e+00, 4.88281250e-01, 9.76562500e-01, ...,
       4.99023438e+02, 4.99511719e+02, 5.00000000e+02], shape=(1025,)), array([1.1941679e-02, 4.5724805e-03, 5.1753116e-03, ..., 1.7992511e-16,
       1.0424994e-16, 2.8619083e-17], shape=(1025,), dtype=float32)), 'C3': (array([0.00000000e+00, 4.88281250e-01, 9.76562500e-01, ...,
       4.99023438e+02, 4.99511719e+02, 5.00000000e+02], shape=(1025,)), array([3.2701229e-03, 1.0983562e-03, 1.5984514e-03, ..., 3.1879438e-16,
       1.1560778e-16, 3.5527139e-17], shape=(1025,), dtype=float32)), 'C4': (array([0.00000000e+00, 4.88281250e-01, 9.76562500e-01, ...,
       4.99023438e+02, 4.99511719e+02, 5.00000000e+02], shape=(1025,)), array([6.4408467e-03, 2.6559688e-03, 3.4545856e-03, ..., 1.3542293e-16,
       2.5967772e-16, 6.8204701e-17], shape=(1025,), dtype=float32))}",8.667779659043408,7.213964092423007,7.015394185703568,3.9777759316200476,2.8522003822317545,1.8683050796219476,1.7995254255140831,1.3819962484486001,0.9974317341555476,0.3191386384140581,1.068501298047181,1.303126590441006,2.8851395633958545,1.514513617162178,0.704361489448902,"[1.1941679e-02 4.5724805e-03 5.1753116e-03 ... 1.7992511e-16 1.0424994e-16
 2.8619083e-17]","[3.2701229e-03 1.0983562e-03 1.5984514e-03 ... 3.1879438e-16 1.1560778e-16
 3.5527139e-17]","[6.4408467e-03 2.6559688e-03 3.4545856e-03 ... 1.3542293e-16 2.5967772e-16
 6.8204701e-17]",0.925,0.9300095877277086
207,2019-02-01 09:07:49.870002,2019-02-01 09:07:58.235004,2019-02-01 09:08:23.234999,ID_38,CF,0.6572522007884322,0.8125,0.7592566023652966,0.4,protB_CF,4,2019-02-01 09:05:36,0 days 00:02:13.870002,0 days 00:02:22.235004,0 days 00:02:47.234999,133.870002,142.235004,167.234999,"{'CZ': array([-5.455353  , -4.729645  , -3.9870453 , ..., -0.91851807,
        0.13941956,  1.1681595 ], shape=(8365,), dtype=float32), 'C3': array([ 0.9778061 ,  0.80476   ,  0.53586197, ..., -3.115776  ,
       -2.7960281 , -2.2893753 ], shape=(8365,), dtype=float32), 'C4': array([ 3.5768585 ,  3.5351067 ,  3.4273643 , ..., -0.63103104,
       -1.2710762 , -2.1416817 ], shape=(8365,), dtype=float32)}",133870.0,142235.0,8365.0,ok,1.2968190712854266,2.86244458402507,1.4180820144247264,5.82407672482077,2.20041229204071,0.9214741012328886,1.3238305255072191,1.029347869916819,5.202302651014179,2.4242403370635657,1.8914667234639637,2.3933612392283976,2.105882886098698,12.240798692801036,3.6353626860545774,"{'CZ': (array([0.00000000e+00, 4.88281250e-01, 9.76562500e-01, ...,
       4.99023438e+02, 4.99511719e+02, 5.00000000e+02], shape=(1025,)), array([1.4190639e-02, 4.6952860e-03, 2.2883918e-03, ..., 1.2948372e-16,
       3.0835287e-16, 6.7839914e-17], shape=(1025,), dtype=float32)), 'C3': (array([0.00000000e+00, 4.88281250e-01, 9.76562500e-01, ...,
       4.99023438e+02, 4.99511719e+02, 5.00000000e+02], shape=(1025,)), array([3.1172731e-03, 1.4151604e-03, 2.0334872e-03, ..., 1.1468076e-16,
       2.1286225e-16, 4.7538695e-17], shape=(1025,), dtype=float32)), 'C4': (array([0.00000000e+00, 4.88281250e-01, 9.76562500e-01, ...,
       4.99023438e+02, 4.99511719e+02, 5.00000000e+02], shape=(1025,)), array([2.6256815e-03, 1.3225990e-03, 8.0249626e-03, ..., 4.4628456e-16,
       1.7211811e-16, 1.6054884e-16], shape=(1025,), dtype=float32))}",4.19121134449765,7.927411834906453,5.06227156595203,5.174956067252861,3.362824759931763,1.067499299584012,1.0202578848626012,0.7272740554543708,0.7935974812695784,0.4566309678290552,1.0871418893182263,1.4291097638597305,2.1033632151834407,2.4941082268135983,1.2681818936258817,"[1.4190639e-02 4.6952860e-03 2.2883918e-03 ... 1.2948372e-16 3.0835287e-16
 6.7839914e-17]","[3.1172731e-03 1.4151604e-03 2.0334872e-03 ... 1.1468076e-16 2.1286225e-16
 4.7538695e-17]","[2.6256815e-03 1.3225990e-03 8.0249626e-03 ... 4.4628456e-16 1.7211811e-16
 1.6054884e-16]",0.8557692307692307,0.8887823585810163
208,2019-02-01 09:10:04.942997,2019-02-01 09:10:12.566995,2019-02-01 09:10:37.567000,ID_38,CF,0.4051636501707798,0.5,0.7154909505123395,0.0,protB_CF,4,2019-02-01 09:05:36,0 days 00:04:28.942997,0 days 00:04:36.566995,0 days 00:05:01.567000,268.942997,276.566995,301.567,"{'CZ': array([ 0.13707733, -0.48736954, -1.1649971 , ..., -1.2561321 ,
       -1.282692  , -1.2015457 ], shape=(7624,), dtype=float32), 'C3': array([ 3.7024841,  3.2217178,  2.7494965, ..., -1.5888028, -1.7182045,
       -1.8975139], shape=(7624,), dtype=float32), 'C4': array([-0.3617134 , -0.2821312 , -0.22241783, ..., -1.6213989 ,
       -2.1620216 , -2.4570656 ], shape=(7624,), dtype=float32)}",268943.0,276567.0,7624.0,ok,87.07292517647147,21.08272712212056,4.366091758129187,7.7841527163400315,1.8488918112780084,82.63896219432354,22.99892733572051,4.680034588091075,6.758516003174009,1.6286396494251676,78.51491821929812,22.41324749775231,5.9792194224428385,12.203567282995209,2.2376532701855467,"{'CZ': (array([0.00000000e+00, 4.88281250e-01, 9.76562500e-01, ...,
       4.99023438e+02, 4.99511719e+02, 5.00000000e+02], shape=(1025,)), array([3.1284532e-01, 8.2821168e-02, 6.7469591e-01, ..., 2.7284839e-15,
       2.8269977e-15, 8.7179654e-16], shape=(1025,), dtype=float32)), 'C3': (array([0.00000000e+00, 4.88281250e-01, 9.76562500e-01, ...,
       4.99023438e+02, 4.99511719e+02, 5.00000000e+02], shape=(1025,)), array([2.1393321e-01, 5.3998578e-02, 6.8032360e-01, ..., 3.1895475e-15,
       1.3575375e-15, 2.6546666e-16], shape=(1025,), dtype=float32)), 'C4': (array([0.00000000e+00, 4.88281250e-01, 9.76562500e-01, ...,
       4.99023438e+02, 4.99511719e+02, 5.00000000e+02], shape=(1025,)), array([2.3755032e-01, 5.8442656e-02, 6.6968268e-01, ..., 1.6737228e-15,
       6.5836255e-16, 6.9085474e-16], shape=(1025,), dtype=float32))}",281.4124498003312,58.38766676313689,15.586081719315192,6.916572399565416,2.8256064483417918,95.7346865666217,17.724955351562414,3.306625324656057,1.0309937035657508,0.30677127510492674,45.12733714726651,13.38326630925512,5.972065337391803,2.486522188694436,0.7805964924346618,"[3.1284532e-01 8.2821168e-02 6.7469591e-01 ... 2.7284839e-15 2.8269977e-15
 8.7179654e-16]","[2.1393321e-01 5.3998578e-02 6.8032360e-01 ... 3.1895475e-15 1.3575375e-15
 2.6546666e-16]","[2.3755032e-01 5.8442656e-02 6.6968268e-01 ... 1.6737228e-15 6.5836255e-16
 6.9085474e-16]",0.8980769230769231,0.9271332694151486
209,2019-02-01 09:12:19.255998,2019-02-01 09:12:27.019998,2019-02-01 09:12:52.020003,ID_38,CF,0.5876982108242368,0.75,0.8130946324727105,0.1999999999999999,protB_CF,4,2019-02-01 09:05:36,0 days 00:06:43.255998,0 days 00:06:51.019998,0 days 00:07:16.020003,403.255998,411.019998,436.020003,"{'CZ': array([-12.936401 , -13.938904 , -14.867004 , ...,   4.595146 ,
         4.2232666,   3.7023163], shape=(7764,), dtype=float32), 'C3': array([ -9.314026 , -10.182556 , -11.13446  , ...,  -3.5329285,
        -3.289444 ,  -3.1085892], shape=(7764,), dtype=float32), 'C4': array([-10.003479 , -10.196838 , -10.333618 , ...,  -1.9321308,
        -1.9200897,  -1.931118 ], shape=(7764,), dtype=float32)}",403256.0,411020.0,7764.0,ok,10.81519146100618,8.057834231294692,4.257164633600041,9.239273029379547,2.484933944288059,8.64188774721697,7.885477039963007,3.244766849093139,9.388750702783,2.5034037471414194,9.593243230483495,7.659710827283561,5.359570845030248,16.684338232153095,3.286586882154552,"{'CZ': (array([0.00000000e+00, 4.88281250e-01, 9.76562500e-01, ...,
       4.99023438e+02, 4.99511719e+02, 5.00000000e+02], shape=(1025,)), array([2.2504203e-01, 7.8150071e-02, 4.5246433e-02, ..., 5.6421537e-16,
       3.1550686e-16, 1.7926400e-16], shape=(1025,), dtype=float32)), 'C3': (array([0.00000000e+00, 4.88281250e-01, 9.76562500e-01, ...,
       4.99023438e+02, 4.99511719e+02, 5.00000000e+02], shape=(1025,)), array([1.3191603e-01, 4.3986443e-02, 3.4744989e-02, ..., 2.7061223e-16,
       6.4521221e-16, 3.4737645e-17], shape=(1025,), dtype=float32)), 'C4': (array([0.00000000e+00, 4.88281250e-01, 9.76562500e-01, ...,
       4.99023438e+02, 4.99511719e+02, 5.00000000e+02], shape=(1025,)), array([1.1972894e-01, 4.0322069e-02, 3.8021024e-02, ..., 6.8093677e-16,
       1.0005082e-15, 2.2105775e-16], shape=(1025,), dtype=float32))}",34.953798990134125,22.315810341053723,15.19723348652204,8.209512731284423,3.797650751576596,10.011360172678623,6.077228142811389,2.29255319247376,1.4322290358374357,0.4715422222982737,5.513825033716386,4.573721405775806,5.353158164218021,3.3994959224536982,1.1465128339918733,"[2.2504203e-01 7.8150071e-02 4.5246433e-02 ... 5.6421537e-16 3.1550686e-16
 1.7926400e-16]","[1.3191603e-01 4.3986443e-02 3.4744989e-02 ... 2.7061223e-16 6.4521221e-16
 3.4737645e-17]","[1.1972894e-01 4.0322069e-02 3.8021024e-02 ... 6.8093677e-16 1.0005082e-15
 2.2105775e-16]",0.9673076923076924,0.8906999041227229
210,2019-02-01 09:14:33.318005,2019-02-01 09:14:40.894005,2019-02-01 09:15:05.894000,ID_38,CF,0.512294891823294,0.6875,0.8493846754698822,0.0,protB_CF,6,2019-02-01 09:05:36,0 days 00:08:57.318005,0 days 00:09:04.894005,0 days 00:09:29.894000,537.318005,544.894005,569.894,"{'CZ': array([5.8440514, 6.569954 , 7.144082 , ..., 2.8926268, 3.2807837,
       3.449894 ], shape=(7576,), dtype=float32), 'C3': array([6.0181465, 6.2189217, 6.334675 , ..., 3.825758 , 3.0631618,
       2.2956085], shape=(7576,), dtype=float32), 'C4': array([ 0.04608774,  1.0298343 ,  1.8503094 , ..., -2.0165482 ,
       -1.0289192 , -0.21736145], shape=(7576,), dtype=float32)}",537318.0,544894.0,7576.0,ok,1.7236821786354994,3.05680901510641,2.287025039549917,8.410068610828603,1.8116102771728038,1.4320748286991147,2.208553545642644,2.1181523479754105,6.596952916879673,1.6803709413579782,2.2790769289713353,2.6549637550488114,5.982569535262883,14.176635006151628,2.402470430070025,"{'CZ': (array([0.00000000e+00, 4.88281250e-01, 9.76562500e-01, ...,
       4.99023438e+02, 4.99511719e+02, 5.00000000e+02], shape=(1025,)), array([5.0358684e-03, 2.3840310e-03, 3.2628428e-03, ..., 3.4206009e-16,
       2.8216470e-16, 3.9474594e-17], shape=(1025,), dtype=float32)), 'C3': (array([0.00000000e+00, 4.88281250e-01, 9.76562500e-01, ...,
       4.99023438e+02, 4.99511719e+02, 5.00000000e+02], shape=(1025,)), array([6.8599847e-04, 2.7631011e-04, 5.0019915e-03, ..., 1.1234223e-16,
       1.4692653e-16, 1.2594863e-17], shape=(1025,), dtype=float32)), 'C4': (array([0.00000000e+00, 4.88281250e-01, 9.76562500e-01, ...,
       4.99023438e+02, 4.99511719e+02, 5.00000000e+02], shape=(1025,)), array([2.2615934e-02, 8.6195683e-03, 3.9860536e-03, ..., 4.7862947e-16,
       3.9618156e-16, 1.4289804e-16], shape=(1025,), dtype=float32))}",5.5707973929198,8.465695405473413,8.164225842064942,7.472727032963263,2.7686301869244594,1.6590144796721025,1.7021016857273508,1.496556502620207,1.0063476829571016,0.31651540382895405,1.3099252382965243,1.5853163170041076,5.975411441830426,2.888542070230346,0.8380923067384562,"[5.0358684e-03 2.3840310e-03 3.2628428e-03 ... 3.4206009e-16 2.8216470e-16
 3.9474594e-17]","[6.8599847e-04 2.7631011e-04 5.0019915e-03 ... 1.1234223e-16 1.4692653e-16
 1.2594863e-17]","[2.2615934e-02 8.6195683e-03 3.9860536e-03 ... 4.7862947e-16 3.9618156e-16
 1.4289804e-16]",0.9576923076923076,0.9424736337488016
211,2019-02-01 09:16:47.266997,2019-02-01 09:16:54.858999,2019-02-01 09:17:19.859005,ID_38,CF,0.918087028584798,1.0,0.7542610857543938,1.0,protB_CF,6,2019-02-01 09:05:36,0 days 00:11:11.266997,0 days 00:11:18.858999,0 days 00:11:43.859005,671.266997,678.858999,703.859005,"{'CZ': array([-6.651972 , -6.6168156, -6.5602684, ...,  9.683928 ,  9.805908 ,
        9.669639 ], shape=(7592,), dtype=float32), 'C3': array([-0.05367279, -0.16373444, -0.22670746, ..., -1.3566418 ,
       -1.6470165 , -1.9404621 ], shape=(7592,), dtype=float32), 'C4': array([-0.58323574, -0.7159519 , -0.9000921 , ..., -1.0537491 ,
       -0.35542297,  0.26753235], shape=(7592,), dtype=float32)}",671267.0,678859.0,7592.0,ok,5.068824117188342,3.4441627794876695,3.208940732292831,12.577855966810603,1.8992243926732044,1.1888944573001936,2.074516305583529,1.2678703860729001,6.17301920283353,1.5348295657986455,7.429804740240797,4.204828233923763,4.246417025569826,9.548400325002149,2.2796782463956333,"{'CZ': (array([0.00000000e+00, 4.88281250e-01, 9.76562500e-01, ...,
       4.99023438e+02, 4.99511719e+02, 5.00000000e+02], shape=(1025,)), array([3.0878814e-02, 1.1345382e-02, 8.1203319e-03, ..., 5.2442001e-16,
       1.5627391e-16, 1.3737159e-16], shape=(1025,), dtype=float32)), 'C3': (array([0.00000000e+00, 4.88281250e-01, 9.76562500e-01, ...,
       4.99023438e+02, 4.99511719e+02, 5.00000000e+02], shape=(1025,)), array([9.2798304e-03, 4.0947865e-03, 3.5483132e-03, ..., 8.0731716e-17,
       2.0027962e-16, 2.5263744e-17], shape=(1025,), dtype=float32)), 'C4': (array([0.00000000e+00, 4.88281250e-01, 9.76562500e-01, ...,
       4.99023438e+02, 4.99511719e+02, 5.00000000e+02], shape=(1025,)), array([7.40404194e-03, 4.70125582e-03, 1.38186775e-02, ...,
       3.00401691e-16, 8.51884130e-17, 1.99741473e-16],
      shape=(1025,), dtype=float32))}",16.382017826253268,9.538454275003609,11.45528203635049,11.175994947161723,2.902528237753389,1.3772975265926806,1.5988010377965007,0.8957994322602041,0.9416777184699934,0.28910116681426506,4.2703642957981875,2.51076226436709,4.241336223810141,1.9455220530261017,0.7952567391589113,"[3.0878814e-02 1.1345382e-02 8.1203319e-03 ... 5.2442001e-16 1.5627391e-16
 1.3737159e-16]","[9.2798304e-03 4.0947865e-03 3.5483132e-03 ... 8.0731716e-17 2.0027962e-16
 2.5263744e-17]","[7.40404194e-03 4.70125582e-03 1.38186775e-02 ... 3.00401691e-16
 8.51884130e-17 1.99741473e-16]",0.9019230769230768,0.9319271332694152
212,2019-02-01 09:19:01.208998,2019-02-01 09:19:08.774004,2019-02-01 09:19:33.774000,ID_38,CF,0.8075189324907986,0.625,0.7975567974723957,1.0,protB_CF,6,2019-02-01 09:05:36,0 days 00:13:25.208998,0 days 00:13:32.774004,0 days 00:13:57.774000,805.208998,812.774004,837.774,"{'CZ': array([-3.3981028 , -4.1373425 , -4.739192  , ..., -1.4642639 ,
       -0.99942017, -0.6414337 ], shape=(7565,), dtype=float32), 'C3': array([-4.848913 , -4.2481956, -3.5899982, ...,  6.529396 ,  7.626976 ,
        8.519852 ], shape=(7565,), dtype=float32), 'C4': array([0.5869179, 0.6554756, 0.9501114, ..., 6.771648 , 5.6056805,
       4.246005 ], shape=(7565,), dtype=float32)}",805209.0,812774.0,7565.0,ok,6.852326721855206,2.7616521110758185,2.8946343809366226,7.947837140818592,2.3654303665807674,3.4950790795846842,2.6574815274216235,1.8893619344453327,4.969182722561527,2.3264928786375094,2.1588645704468945,1.8220418714918196,2.2440910834120587,9.317064585047774,3.631985049651121,"{'CZ': (array([0.00000000e+00, 4.88281250e-01, 9.76562500e-01, ...,
       4.99023438e+02, 4.99511719e+02, 5.00000000e+02], shape=(1025,)), array([1.6202006e-02, 5.6436756e-03, 6.7465226e-03, ..., 2.9932231e-16,
       1.4038500e-16, 4.0708178e-17], shape=(1025,), dtype=float32)), 'C3': (array([0.00000000e+00, 4.88281250e-01, 9.76562500e-01, ...,
       4.99023438e+02, 4.99511719e+02, 5.00000000e+02], shape=(1025,)), array([5.9244172e-03, 1.3503297e-03, 1.9710135e-02, ..., 2.0670040e-16,
       2.1308891e-16, 1.8355689e-17], shape=(1025,), dtype=float32)), 'C4': (array([0.00000000e+00, 4.88281250e-01, 9.76562500e-01, ...,
       4.99023438e+02, 4.99511719e+02, 5.00000000e+02], shape=(1025,)), array([1.4016955e-02, 5.4371273e-03, 3.6574032e-03, ..., 2.0539126e-16,
       2.1138953e-16, 4.5001037e-17], shape=(1025,), dtype=float32))}",22.146149859113873,7.648271603725513,10.333270693364714,7.0620134274900925,3.6150169826833096,4.048941217615873,2.0480842751301513,1.3349072324754616,0.7580356540433784,0.4382192139028809,1.2408318257905282,1.087966908643383,2.2414060475672892,1.8983865362468295,1.2670036185265232,"[1.6202006e-02 5.6436756e-03 6.7465226e-03 ... 2.9932231e-16 1.4038500e-16
 4.0708178e-17]","[5.9244172e-03 1.3503297e-03 1.9710135e-02 ... 2.0670040e-16 2.1308891e-16
 1.8355689e-17]","[1.4016955e-02 5.4371273e-03 3.6574032e-03 ... 2.0539126e-16 2.1138953e-16
 4.5001037e-17]",0.8923076923076924,0.9319271332694152
213,2019-02-01 09:21:15.531001,2019-02-01 09:21:23.373003,2019-02-01 09:21:48.374004,ID_38,CF,0.4510048415500681,0.5,0.8530145246502043,0.0,protB_CF,8,2019-02-01 09:05:36,0 days 00:15:39.531001,0 days 00:15:47.373003,0 days 00:16:12.374004,939.531001,947.373003,972.374004,"{'CZ': array([ 2.3064747,  2.2431984,  2.1117344, ..., -0.9387245, -1.668087 ,
       -2.3222942], shape=(7842,), dtype=float32), 'C3': array([-0.6602936 , -0.89092255, -1.0057755 , ...,  2.7110624 ,
        2.1205692 ,  1.496604  ], shape=(7842,), dtype=float32), 'C4': array([ 7.6372414,  7.1391563,  6.5914764, ..., -9.463394 , -9.360905 ,
       -9.244072 ], shape=(7842,), dtype=float32)}",939531.0,947373.0,7842.0,ok,1.8442833261360647,2.5111297727562487,1.6911677303141914,6.284420407610014,2.157518637886824,1.6365774918085663,2.0044587072334252,1.7367081309203058,6.083113476051949,1.3697898486952909,3.1426539208041504,2.324643894098699,2.4627771344967186,5.714648592402227,1.8873025383072672,"{'CZ': (array([0.00000000e+00, 4.88281250e-01, 9.76562500e-01, ...,
       4.99023438e+02, 4.99511719e+02, 5.00000000e+02], shape=(1025,)), array([6.0192118e-03, 2.4692914e-03, 3.0210044e-03, ..., 2.0335625e-16,
       1.2130151e-16, 5.6103274e-17], shape=(1025,), dtype=float32)), 'C3': (array([0.00000000e+00, 4.88281250e-01, 9.76562500e-01, ...,
       4.99023438e+02, 4.99511719e+02, 5.00000000e+02], shape=(1025,)), array([5.7664798e-03, 2.3125180e-03, 9.2255999e-04, ..., 1.4786125e-16,
       2.1368862e-16, 1.7368821e-17], shape=(1025,), dtype=float32)), 'C4': (array([0.00000000e+00, 4.88281250e-01, 9.76562500e-01, ...,
       4.99023438e+02, 4.99511719e+02, 5.00000000e+02], shape=(1025,)), array([4.7987779e-03, 1.9550601e-03, 7.8463471e-03, ..., 1.3611334e-16,
       9.7947105e-17, 1.0268329e-16], shape=(1025,), dtype=float32))}",5.96057026776099,6.954461228919808,6.0371334149514375,5.58399228824204,3.2972716621080536,1.8959245017121371,1.5448086152514438,1.2270514200578844,0.9279628381349049,0.2580142136772576,1.806275880275325,1.3880776675502609,2.4598304426566764,1.164380889299444,0.6583780254049488,"[6.0192118e-03 2.4692914e-03 3.0210044e-03 ... 2.0335625e-16 1.2130151e-16
 5.6103274e-17]","[5.7664798e-03 2.3125180e-03 9.2255999e-04 ... 1.4786125e-16 2.1368862e-16
 1.7368821e-17]","[4.7987779e-03 1.9550601e-03 7.8463471e-03 ... 1.3611334e-16 9.7947105e-17
 1.0268329e-16]",0.8288461538461539,0.9415148609779482
214,2019-02-01 09:23:29.716001,2019-02-01 09:23:37.318001,2019-02-01 09:24:02.317997,ID_38,CF,0.5663214237683324,0.875,0.823964271304997,0.0,protB_CF,8,2019-02-01 09:05:36,0 days 00:17:53.716001,0 days 00:18:01.318001,0 days 00:18:26.317997,1073.716001,1081.318001,1106.317997,"{'CZ': array([ 2.4727516,  2.7884407,  3.155796 , ..., -2.5545692, -3.0190678,
       -3.338955 ], shape=(7602,), dtype=float32), 'C3': array([ 1.8633347 ,  1.9271011 ,  2.033081  , ...,  0.08272552,
       -0.4218483 , -0.9020462 ], shape=(7602,), dtype=float32), 'C4': array([0.29005432, 0.9378357 , 1.6519012 , ..., 1.4394817 , 1.8761845 ,
       2.4817924 ], shape=(7602,), dtype=float32)}",1073716.0,1081318.0,7602.0,ok,2.996832270582672,2.0375857275212184,1.9422519399086013,7.831924576748861,2.1055212412193214,3.481563981040381,0.9143613133346662,1.3606459251604974,5.369943355617579,1.3947050822480378,2.0093771836400265,2.8473194397520274,3.1399478612001985,10.523036577069433,2.1267743754833646,"{'CZ': (array([0.00000000e+00, 4.88281250e-01, 9.76562500e-01, ...,
       4.99023438e+02, 4.99511719e+02, 5.00000000e+02], shape=(1025,)), array([1.2551223e-02, 4.6099885e-03, 1.0013937e-02, ..., 1.2620808e-16,
       2.1301181e-16, 6.7106814e-17], shape=(1025,), dtype=float32)), 'C3': (array([0.00000000e+00, 4.88281250e-01, 9.76562500e-01, ...,
       4.99023438e+02, 4.99511719e+02, 5.00000000e+02], shape=(1025,)), array([1.02142645e-02, 3.73652112e-03, 4.63520875e-03, ...,
       1.27347592e-16, 7.45221771e-17, 1.44082273e-17],
      shape=(1025,), dtype=float32)), 'C4': (array([0.00000000e+00, 4.88281250e-01, 9.76562500e-01, ...,
       4.99023438e+02, 4.99511719e+02, 5.00000000e+02], shape=(1025,)), array([2.1878490e-02, 8.9211585e-03, 8.3348257e-03, ..., 1.6768840e-16,
       2.8623649e-16, 7.3422748e-17], shape=(1025,), dtype=float32))}",9.685512565428832,5.643002244003167,6.9334542496846465,6.959019862150009,3.2178055849560745,4.0332843931749585,0.7046856237021628,0.9613489364959829,0.8191706264432027,0.26270725794227406,1.1549122597170416,1.7001746102853654,3.1361909403602426,2.1441078116385195,0.7419168285909516,"[1.2551223e-02 4.6099885e-03 1.0013937e-02 ... 1.2620808e-16 2.1301181e-16
 6.7106814e-17]","[1.02142645e-02 3.73652112e-03 4.63520875e-03 ... 1.27347592e-16
 7.45221771e-17 1.44082273e-17]","[2.1878490e-02 8.9211585e-03 8.3348257e-03 ... 1.6768840e-16 2.8623649e-16
 7.3422748e-17]",0.9903846153846154,0.9453499520613614
215,2019-02-01 09:25:43.775996,2019-02-01 09:25:51.412999,2019-02-01 09:26:16.413004,ID_38,CF,0.9257804182804182,0.9375,0.8398412548412547,1.0,protB_CF,8,2019-02-01 09:05:36,0 days 00:20:07.775996,0 days 00:20:15.412999,0 days 00:20:40.413004,1207.775996,1215.412999,1240.413004,"{'CZ': array([-2.4243164, -2.2304993, -2.1327515, ..., -4.2478104, -4.3556213,
       -4.4602356], shape=(7637,), dtype=float32), 'C3': array([4.8761597, 5.335449 , 5.6815186, ..., 5.433655 , 5.5190516,
       5.458165 ], shape=(7637,), dtype=float32), 'C4': array([2.145752 , 2.6978455, 3.0655518, ..., 1.0775566, 1.8184166,
       2.367653 ], shape=(7637,), dtype=float32)}",1207776.0,1215413.0,7637.0,ok,2.87284378282493,2.2821325110271573,2.0464929257286713,11.526556645549135,2.0562196530136134,2.5501457203063183,1.495384582085535,1.0964293687720783,6.476986818597652,1.502743884202573,2.1846448435098864,2.3920584353618324,2.2124323731986806,9.095977769902674,2.152043696696637,"{'CZ': (array([0.00000000e+00, 4.88281250e-01, 9.76562500e-01, ...,
       4.99023438e+02, 4.99511719e+02, 5.00000000e+02], shape=(1025,)), array([3.1464271e-02, 1.0513674e-02, 4.6354583e-03, ..., 1.4936816e-16,
       3.6388546e-16, 2.6921674e-16], shape=(1025,), dtype=float32)), 'C3': (array([0.00000000e+00, 4.88281250e-01, 9.76562500e-01, ...,
       4.99023438e+02, 4.99511719e+02, 5.00000000e+02], shape=(1025,)), array([7.9768069e-02, 2.8133767e-02, 1.0279856e-02, ..., 1.3949334e-16,
       3.3351255e-16, 5.5560491e-17], shape=(1025,), dtype=float32)), 'C4': (array([0.00000000e+00, 4.88281250e-01, 9.76562500e-01, ...,
       4.99023438e+02, 4.99511719e+02, 5.00000000e+02], shape=(1025,)), array([1.3992620e-02, 6.2991171e-03, 3.9656349e-03, ..., 7.1078948e-17,
       2.8817379e-16, 4.7566892e-17], shape=(1025,), dtype=float32))}",9.284792088699367,6.320263587881224,7.305573896613403,10.241867864344442,3.1424594318184025,2.9542650917935522,1.1524722246378,0.7746697271648146,0.9880471726213969,0.2830574938266205,1.2556493292745512,1.428331841289754,2.2097852167307113,1.8533392759877663,0.7507319313452984,"[3.1464271e-02 1.0513674e-02 4.6354583e-03 ... 1.4936816e-16 3.6388546e-16
 2.6921674e-16]","[7.9768069e-02 2.8133767e-02 1.0279856e-02 ... 1.3949334e-16 3.3351255e-16
 5.5560491e-17]","[1.3992620e-02 6.2991171e-03 3.9656349e-03 ... 7.1078948e-17 2.8817379e-16
 4.7566892e-17]",0.9365384615384617,0.9175455417066156
243,2019-01-08 08:55:07.138995,2019-01-08 08:55:32.353001,2019-01-08 08:55:57.354997,ID_02,SF,0.4433408596267325,0.5625,0.7675225788801975,0.0,protB_SF,4,2019-01-08 08:54:32,0 days 00:00:35.138995,0 days 00:01:00.353001,0 days 00:01:25.354997,35.138995,60.353001,85.354997,"{'CZ': array([3.5063744, 4.2171097, 4.975666 , ..., 5.1208115, 4.6505604,
       3.8286667], shape=(25214,), dtype=float32), 'C3': array([-3.135274 , -3.8889818, -4.633276 , ..., -3.8385468, -3.3286438,
       -2.7140808], shape=(25214,), dtype=float32), 'C4': array([-2.7566276, -2.168376 , -1.4441452, ...,  1.7286682,  1.9990921,
        2.2282028], shape=(25214,), dtype=float32)}",35139.0,60353.0,25214.0,ok,169.70714088529348,60.606240294873714,9.097611415199935,11.332434209180064,7.081070903041109,39.08193635288626,17.5799346761778,5.866467778105289,8.97978238936048,6.117322263889946,39.72142020938918,18.548158463090658,5.044250603532419,8.322210982441902,5.4348614230548264,"{'CZ': (array([0.00000000e+00, 4.88281250e-01, 9.76562500e-01, ...,
       4.99023438e+02, 4.99511719e+02, 5.00000000e+02], shape=(1025,)), array([1.8075562e-01, 1.4133173e-01, 1.0576124e+00, ..., 3.2982309e-15,
       1.2557289e-15, 4.3116555e-16], shape=(1025,), dtype=float32)), 'C3': (array([0.00000000e+00, 4.88281250e-01, 9.76562500e-01, ...,
       4.99023438e+02, 4.99511719e+02, 5.00000000e+02], shape=(1025,)), array([8.8684432e-02, 4.0311158e-02, 2.0557870e-01, ..., 1.1141720e-15,
       7.0038052e-16, 1.6095337e-16], shape=(1025,), dtype=float32)), 'C4': (array([0.00000000e+00, 4.88281250e-01, 9.76562500e-01, ...,
       4.99023438e+02, 4.99511719e+02, 5.00000000e+02], shape=(1025,)), array([6.0193732e-02, 3.2825891e-02, 1.3957633e-01, ..., 8.4283172e-16,
       6.6054477e-16, 5.5330940e-16], shape=(1025,), dtype=float32))}",1053.1979531314148,260.54395693347607,48.47145141750169,8.142571989752684,12.472483369908096,86.14590061816924,23.7475198318069,8.593988929963517,0.6742643102949225,1.068883193006659,66.10568976100122,25.995234743061804,7.395424947527827,0.9506865819445788,1.2260391507236876,"[1.8075562e-01 1.4133173e-01 1.0576124e+00 ... 3.2982309e-15 1.2557289e-15
 4.3116555e-16]","[8.8684432e-02 4.0311158e-02 2.0557870e-01 ... 1.1141720e-15 7.0038052e-16
 1.6095337e-16]","[6.0193732e-02 3.2825891e-02 1.3957633e-01 ... 8.4283172e-16 6.6054477e-16
 5.5330940e-16]",0.5615384615384615,0.7603068072866731
244,2019-01-08 08:57:40.595003,2019-01-08 08:57:48.373003,2019-01-08 08:58:13.374004,ID_02,SF,0.4507182768278854,0.375,0.8342976876265135,0.1428571428571429,protB_SF,4,2019-01-08 08:54:32,0 days 00:03:08.595003,0 days 00:03:16.373003,0 days 00:03:41.374004,188.595003,196.373003,221.374004,"{'CZ': array([ 6.6439404 ,  6.0978465 ,  5.343075  , ...,  0.01239491,
       -0.23706007, -0.39535832], shape=(7778,), dtype=float32), 'C3': array([ 3.1764603 ,  2.7064972 ,  2.2421188 , ...,  0.07451248,
       -0.34223557, -0.8454628 ], shape=(7778,), dtype=float32), 'C4': array([ 0.05879211, -0.67321396, -1.3746328 , ..., -2.4325829 ,
       -1.9172554 , -1.560009  ], shape=(7778,), dtype=float32)}",188595.0,196373.0,7778.0,ok,4.067677589773666,2.720349555602297,1.738495659083128,5.976348038529977,4.224489319312852,4.619270835974021,2.8338911943137646,2.0655822299886495,7.2030110022751614,4.806943666153529,4.318000916100573,2.0204724569339305,1.5311685274355114,12.752075999742374,11.01842704883893,"{'CZ': (array([0.00000000e+00, 4.88281250e-01, 9.76562500e-01, ...,
       4.99023438e+02, 4.99511719e+02, 5.00000000e+02], shape=(1025,)), array([3.2325786e-02, 1.3046267e-02, 9.6558258e-03, ..., 1.7891861e-16,
       3.5467072e-16, 1.0051219e-16], shape=(1025,), dtype=float32)), 'C3': (array([0.00000000e+00, 4.88281250e-01, 9.76562500e-01, ...,
       4.99023438e+02, 4.99511719e+02, 5.00000000e+02], shape=(1025,)), array([2.9598271e-02, 1.2914460e-02, 1.2532260e-02, ..., 2.0904420e-16,
       3.2351058e-16, 2.0694555e-16], shape=(1025,), dtype=float32)), 'C4': (array([0.00000000e+00, 4.88281250e-01, 9.76562500e-01, ...,
       4.99023438e+02, 4.99511719e+02, 5.00000000e+02], shape=(1025,)), array([1.6480539e-02, 6.1526578e-03, 9.1464361e-03, ..., 4.9707086e-16,
       2.1065864e-16, 2.8500658e-16], shape=(1025,), dtype=float32))}",25.243897747613293,11.694680844916162,9.262585972620759,4.2941210371313945,7.440946927795228,10.181973655838005,3.8281079297378175,3.0259419279014765,0.5408519978446478,0.8399199965008997,7.1861586882533315,2.8316911306534402,2.244861093684806,1.4567315789602078,2.4856241750642907,"[3.2325786e-02 1.3046267e-02 9.6558258e-03 ... 1.7891861e-16 3.5467072e-16
 1.0051219e-16]","[2.9598271e-02 1.2914460e-02 1.2532260e-02 ... 2.0904420e-16 3.2351058e-16
 2.0694555e-16]","[1.6480539e-02 6.1526578e-03 9.1464361e-03 ... 4.9707086e-16 2.1065864e-16
 2.8500658e-16]",0.675,0.6701821668264621
245,2019-01-08 08:59:55.008999,2019-01-08 09:00:02.860003,2019-01-08 09:00:27.861004,ID_02,SF,0.5586368791730955,0.625,0.8509106375192863,0.1999999999999999,protB_SF,4,2019-01-08 08:54:32,0 days 00:05:23.008999,0 days 00:05:30.860003,0 days 00:05:55.861004,323.008999,330.860003,355.861004,"{'CZ': array([1.3109055, 1.638649 , 1.9180603, ..., 1.320961 , 2.0063782,
       2.5227509], shape=(7851,), dtype=float32), 'C3': array([0.5014725, 0.8234863, 1.2013931, ..., 8.087452 , 8.106607 ,
       7.797001 ], shape=(7851,), dtype=float32), 'C4': array([1.3889389 , 2.3029327 , 3.0514755 , ..., 1.136972  , 0.9424801 ,
       0.81154466], shape=(7851,), dtype=float32)}",323009.0,330860.0,7851.0,ok,51.768339704722166,7.774555997457355,1.9349644862813875,7.767895520373713,6.362206338963006,50.21522147580981,38.28527987934649,13.132217922247946,12.37235807639081,6.338268705349037,10.871054604649544,5.414734332589433,2.098285942338407,5.93158918491099,3.3892937588007044,"{'CZ': (array([0.00000000e+00, 4.88281250e-01, 9.76562500e-01, ...,
       4.99023438e+02, 4.99511719e+02, 5.00000000e+02], shape=(1025,)), array([9.9133916e-02, 4.4591665e-02, 3.0644003e-01, ..., 6.5614798e-16,
       4.6252853e-16, 5.8817147e-16], shape=(1025,), dtype=float32)), 'C3': (array([0.00000000e+00, 4.88281250e-01, 9.76562500e-01, ...,
       4.99023438e+02, 4.99511719e+02, 5.00000000e+02], shape=(1025,)), array([3.6128994e-02, 2.6845774e-02, 2.8601652e-01, ..., 6.9381533e-16,
       4.9242742e-16, 5.6251299e-16], shape=(1025,), dtype=float32)), 'C4': (array([0.00000000e+00, 4.88281250e-01, 9.76562500e-01, ...,
       4.99023438e+02, 4.99511719e+02, 5.00000000e+02], shape=(1025,)), array([3.6240730e-03, 5.8906232e-03, 1.2131703e-01, ..., 5.4198621e-16,
       4.5767710e-16, 3.0198065e-17], shape=(1025,), dtype=float32))}",321.2729242246632,33.42252502585547,10.309358447062028,5.581382368166135,11.206286993194832,110.68631399720807,51.71694092999502,19.237834369579968,0.9290024104574742,1.1074892901914222,18.091965475594897,7.588747439648743,3.076317460149492,0.6775942426357281,0.7645837709800225,"[9.9133916e-02 4.4591665e-02 3.0644003e-01 ... 6.5614798e-16 4.6252853e-16
 5.8817147e-16]","[3.6128994e-02 2.6845774e-02 2.8601652e-01 ... 6.9381533e-16 4.9242742e-16
 5.6251299e-16]","[3.6240730e-03 5.8906232e-03 1.2131703e-01 ... 5.4198621e-16 4.5767710e-16
 3.0198065e-17]",0.7961538461538461,0.7027804410354745
246,2019-01-08 09:02:09.424001,2019-01-08 09:02:17.086995,2019-01-08 09:02:42.087001,ID_02,SF,0.5527027572983406,0.75,0.9081082718950216,0.0,protB_SF,6,2019-01-08 08:54:32,0 days 00:07:37.424001,0 days 00:07:45.086995,0 days 00:08:10.087001,457.424001,465.086995,490.087001,"{'CZ': array([-1.0090027 , -1.4768524 , -1.8903122 , ..., -1.6994295 ,
       -1.3651028 , -0.98519087], shape=(7663,), dtype=float32), 'C3': array([ 6.630661 ,  3.2662964, -0.3744812, ..., -7.782566 , -7.1923294,
       -6.213526 ], shape=(7663,), dtype=float32), 'C4': array([2.5989304, 2.8303795, 3.061596 , ..., 5.8855247, 6.871605 ,
       7.812372 ], shape=(7663,), dtype=float32)}",457424.0,465087.0,7663.0,ok,1.7115802147600334,1.69474926951807,1.0315087783965282,3.3431584561185446,1.819137257143666,2.2373800220520934,1.4751971029909328,3.401344525627792,5.139812652487308,3.2034897985795396,3.51129712544207,1.2905280018458143,2.234167914139107,4.5504065237764735,3.7146310778553016,"{'CZ': (array([0.00000000e+00, 4.88281250e-01, 9.76562500e-01, ...,
       4.99023438e+02, 4.99511719e+02, 5.00000000e+02], shape=(1025,)), array([6.1967424e-03, 2.3640762e-03, 2.0183076e-03, ..., 9.1835491e-17,
       1.5383065e-16, 1.6776703e-17], shape=(1025,), dtype=float32)), 'C3': (array([0.00000000e+00, 4.88281250e-01, 9.76562500e-01, ...,
       4.99023438e+02, 4.99511719e+02, 5.00000000e+02], shape=(1025,)), array([6.0317419e-03, 1.8826701e-03, 6.8837549e-03, ..., 1.3898768e-16,
       1.7182112e-16, 7.3866838e-17], shape=(1025,), dtype=float32)), 'C4': (array([0.00000000e+00, 4.88281250e-01, 9.76562500e-01, ...,
       4.99023438e+02, 4.99511719e+02, 5.00000000e+02], shape=(1025,)), array([1.8489495e-02, 7.2061219e-03, 5.1185018e-03, ..., 6.1267391e-16,
       2.2789795e-16, 5.1761062e-17], shape=(1025,), dtype=float32))}",10.622020790650815,7.285663630378742,5.495808224479439,2.40212366554434,3.204198841952039,4.931718717425901,1.9927419017416919,4.982745717846271,0.3859327635022214,0.5597475916680853,5.8436157924258225,1.8086743445303974,3.2755353426770664,0.5198150387768745,0.8379759440831629,"[6.1967424e-03 2.3640762e-03 2.0183076e-03 ... 9.1835491e-17 1.5383065e-16
 1.6776703e-17]","[6.0317419e-03 1.8826701e-03 6.8837549e-03 ... 1.3898768e-16 1.7182112e-16
 7.3866838e-17]","[1.8489495e-02 7.2061219e-03 5.1185018e-03 ... 6.1267391e-16 2.2789795e-16
 5.1761062e-17]",0.5615384615384615,0.713326941514861
247,2019-01-08 09:04:23.361999,2019-01-08 09:04:31.068003,2019-01-08 09:04:56.069004,ID_02,SF,1.0,1.0,1.0,1.0,protB_SF,6,2019-01-08 08:54:32,0 days 00:09:51.361999,0 days 00:09:59.068003,0 days 00:10:24.069004,591.361999,599.068003,624.069004,"{'CZ': array([-4.1892896, -4.292551 , -4.4136667, ...,  2.6797485,  2.219563 ,
        1.6624048], shape=(7706,), dtype=float32), 'C3': array([-1.0230389, -1.187191 , -1.4557819, ...,  3.529767 ,  3.5275183,
        3.3525915], shape=(7706,), dtype=float32), 'C4': array([9.165267 , 8.869626 , 8.306799 , ..., 2.8440876, 2.7657337,
       2.495947 ], shape=(7706,), dtype=float32)}",591362.0,599068.0,7706.0,ok,1.7789782577892765,1.7594193195691332,0.7065114587021526,2.9015403779339977,1.9400121811941062,1.705811380816158,1.5067426866153255,1.131428660301026,3.802043829637114,1.6812301314530487,1.889185223262757,1.094324528821744,0.7280771096702665,4.088752179086441,2.204155170602462,"{'CZ': (array([0.00000000e+00, 4.88281250e-01, 9.76562500e-01, ...,
       4.99023438e+02, 4.99511719e+02, 5.00000000e+02], shape=(1025,)), array([2.8104782e-03, 1.2274238e-03, 5.0867186e-03, ..., 9.5849249e-17,
       7.9530517e-17, 2.4671623e-17], shape=(1025,), dtype=float32)), 'C3': (array([0.00000000e+00, 4.88281250e-01, 9.76562500e-01, ...,
       4.99023438e+02, 4.99511719e+02, 5.00000000e+02], shape=(1025,)), array([4.7759572e-03, 1.6848873e-03, 4.2557223e-03, ..., 1.1384875e-16,
       1.1199838e-16, 7.7037144e-17], shape=(1025,), dtype=float32)), 'C4': (array([0.00000000e+00, 4.88281250e-01, 9.76562500e-01, ...,
       4.99023438e+02, 4.99511719e+02, 5.00000000e+02], shape=(1025,)), array([6.5006330e-03, 2.3427652e-03, 3.6158049e-03, ..., 5.6288304e-17,
       1.5684870e-16, 3.1431646e-17], shape=(1025,), dtype=float32))}",11.040291233445208,7.563677753238219,3.764244732323186,2.0848125806336535,3.4171059714951917,3.7600147638098895,2.035354652387536,1.65746847156653,0.2854838067722827,0.2937622955871251,3.144043984624589,1.5336952759175215,1.0674409429239686,0.46707802070328885,0.4972308073882247,"[2.8104782e-03 1.2274238e-03 5.0867186e-03 ... 9.5849249e-17 7.9530517e-17
 2.4671623e-17]","[4.7759572e-03 1.6848873e-03 4.2557223e-03 ... 1.1384875e-16 1.1199838e-16
 7.7037144e-17]","[6.5006330e-03 2.3427652e-03 3.6158049e-03 ... 5.6288304e-17 1.5684870e-16
 3.1431646e-17]",0.8211538461538461,0.6481303930968361
248,2019-01-08 09:06:37.330001,2019-01-08 09:06:45.013001,2019-01-08 09:07:10.012996,ID_02,SF,0.822996737099337,0.6875,0.781490211298011,1.0,protB_SF,6,2019-01-08 08:54:32,0 days 00:12:05.330001,0 days 00:12:13.013001,0 days 00:12:38.012996,725.330001,733.013001,758.012996,"{'CZ': array([2.3512602 , 1.5274782 , 0.78156567, ..., 3.1685448 , 3.3913631 ,
       3.5004969 ], shape=(7683,), dtype=float32), 'C3': array([ 0.9793587,  0.1893959, -0.7377205, ..., -1.2858734, -1.6744614,
       -2.0572891], shape=(7683,), dtype=float32), 'C4': array([1.5116501, 2.202238 , 2.8985376, ..., 2.3004913, 1.7875538,
       1.199564 ], shape=(7683,), dtype=float32)}",725330.0,733013.0,7683.0,ok,2.4627919556223787,1.1019118537660688,0.7320059376070276,2.591210686659906,2.433665951457442,1.5027695280878106,1.9793250394286588,1.0080447027576156,3.3932508995349053,2.1612411346723093,1.6689607218722813,2.161306401831098,0.9505725465714931,3.5426131216809154,2.4429541981589864,"{'CZ': (array([0.00000000e+00, 4.88281250e-01, 9.76562500e-01, ...,
       4.99023438e+02, 4.99511719e+02, 5.00000000e+02], shape=(1025,)), array([4.0671187e-03, 1.9081666e-03, 7.9896329e-03, ..., 1.2665216e-16,
       1.4617668e-16, 3.9178533e-17], shape=(1025,), dtype=float32)), 'C3': (array([0.00000000e+00, 4.88281250e-01, 9.76562500e-01, ...,
       4.99023438e+02, 4.99511719e+02, 5.00000000e+02], shape=(1025,)), array([5.2627190e-03, 2.0447283e-03, 7.2480752e-03, ..., 1.1931196e-16,
       1.5120082e-16, 1.6776703e-17], shape=(1025,), dtype=float32)), 'C4': (array([0.00000000e+00, 4.88281250e-01, 9.76562500e-01, ...,
       4.99023438e+02, 4.99511719e+02, 5.00000000e+02], shape=(1025,)), array([2.9984477e-03, 8.6774054e-04, 1.6498007e-03, ..., 1.7406601e-16,
       3.0941068e-16, 5.0724859e-17], shape=(1025,), dtype=float32))}",15.284020655342843,4.7370777856417705,3.9000775723131986,1.8618347274103748,4.286619710929378,3.3124621372324863,2.673733520245571,1.4767190998201083,0.2547887997980172,0.377634890762955,2.7775391494513295,3.029069833486846,1.3936436703654147,0.4046899035494808,0.5511009862481817,"[4.0671187e-03 1.9081666e-03 7.9896329e-03 ... 1.2665216e-16 1.4617668e-16
 3.9178533e-17]","[5.2627190e-03 2.0447283e-03 7.2480752e-03 ... 1.1931196e-16 1.5120082e-16
 1.6776703e-17]","[2.9984477e-03 8.6774054e-04 1.6498007e-03 ... 1.7406601e-16 3.0941068e-16
 5.0724859e-17]",0.7346153846153847,0.7909875359539789
249,2019-01-08 09:08:51.298003,2019-01-08 09:08:59.217001,2019-01-08 09:09:24.216996,ID_02,SF,0.6078579509760685,0.5625,0.7610738529282056,0.5,protB_SF,8,2019-01-08 08:54:32,0 days 00:14:19.298003,0 days 00:14:27.217001,0 days 00:14:52.216996,859.298003,867.217001,892.216996,"{'CZ': array([-0.19728374,  0.09209251,  0.34690475, ..., -1.439209  ,
       -1.2757568 , -1.1412201 ], shape=(7919,), dtype=float32), 'C3': array([-2.3886433, -2.6271753, -2.8834696, ..., -3.3816452, -3.2680054,
       -3.066246 ], shape=(7919,), dtype=float32), 'C4': array([ 1.8403106 ,  1.5615321 ,  1.086911  , ..., -2.5437775 ,
       -1.3367462 ,  0.10987091], shape=(7919,), dtype=float32)}",859298.0,867217.0,7919.0,ok,1.8632851642905734,0.833319456432946,0.734737503080396,2.5459571625106037,2.2525158537973766,1.332900475972565,1.4572092186426744,1.2680002982961014,4.4982012987020425,2.553430287662195,1.1413103384256829,1.175082172267139,0.7980721420608461,3.6916652315994725,3.1138448239289573,"{'CZ': (array([0.00000000e+00, 4.88281250e-01, 9.76562500e-01, ...,
       4.99023438e+02, 4.99511719e+02, 5.00000000e+02], shape=(1025,)), array([3.4184034e-03, 7.9588685e-04, 1.7944528e-02, ..., 9.8883864e-17,
       6.0430461e-17, 4.3829138e-17], shape=(1025,), dtype=float32)), 'C3': (array([0.00000000e+00, 4.88281250e-01, 9.76562500e-01, ...,
       4.99023438e+02, 4.99511719e+02, 5.00000000e+02], shape=(1025,)), array([4.8961383e-03, 1.4577905e-03, 5.9803012e-03, ..., 2.8273679e-16,
       9.6944052e-17, 3.7106121e-17], shape=(1025,), dtype=float32)), 'C4': (array([0.00000000e+00, 4.88281250e-01, 9.76562500e-01, ...,
       4.99023438e+02, 4.99511719e+02, 5.00000000e+02], shape=(1025,)), array([2.1306686e-03, 9.4691990e-04, 3.3498358e-03, ..., 1.1627736e-16,
       1.2881670e-16, 4.3533076e-17], shape=(1025,), dtype=float32))}",11.563497628289975,3.5824091300225005,3.914631166338427,1.8293191997334337,3.9675448687960997,2.9380302680054675,1.9684433108674402,1.8575369266353712,0.33775613536366095,0.44616232417690727,1.8994060825437866,1.646877072527519,1.1700613417562178,0.4217168500194828,0.7024458153101095,"[3.4184034e-03 7.9588685e-04 1.7944528e-02 ... 9.8883864e-17 6.0430461e-17
 4.3829138e-17]","[4.8961383e-03 1.4577905e-03 5.9803012e-03 ... 2.8273679e-16 9.6944052e-17
 3.7106121e-17]","[2.1306686e-03 9.4691990e-04 3.3498358e-03 ... 1.1627736e-16 1.2881670e-16
 4.3533076e-17]",0.7634615384615384,0.7334611697027804
250,2019-01-08 09:11:05.892999,2019-01-08 09:11:13.575003,2019-01-08 09:11:38.574002,ID_02,SF,0.5499026512907877,0.375,0.774707953872363,0.5,protB_SF,8,2019-01-08 08:54:32,0 days 00:16:33.892999,0 days 00:16:41.575003,0 days 00:17:06.574002,993.892999,1001.575003,1026.574002,"{'CZ': array([-5.5146484, -5.128067 , -4.818405 , ...,  2.0410523,  1.467423 ,
        0.8905449], shape=(7682,), dtype=float32), 'C3': array([-2.2113495 , -2.2242584 , -2.202591  , ...,  0.10457802,
        0.38453484,  0.72665405], shape=(7682,), dtype=float32), 'C4': array([ 0.5901642 ,  0.5569153 ,  0.47999573, ..., -2.6958122 ,
       -3.367363  , -3.9965382 ], shape=(7682,), dtype=float32)}",993893.0,1001575.0,7682.0,ok,2.9460468140314333,1.4308889803942293,0.7227203896036372,3.1805954495212063,2.266725689651139,2.317044898518361,1.5433980734087527,2.85008831997402,5.358919101126958,5.180827300137025,1.3225037819211138,1.4942476555006579,1.29890585958492,5.470051692100242,3.6917945308232447,"{'CZ': (array([0.00000000e+00, 4.88281250e-01, 9.76562500e-01, ...,
       4.99023438e+02, 4.99511719e+02, 5.00000000e+02], shape=(1025,)), array([4.1290224e-03, 1.7661372e-03, 8.0178240e-03, ..., 2.4237400e-16,
       2.1444729e-16, 2.8619083e-17], shape=(1025,), dtype=float32)), 'C3': (array([0.00000000e+00, 4.88281250e-01, 9.76562500e-01, ...,
       4.99023438e+02, 4.99511719e+02, 5.00000000e+02], shape=(1025,)), array([2.2940771e-03, 1.6584567e-03, 5.7392474e-03, ..., 2.0688543e-16,
       5.2178357e-16, 9.3863195e-17], shape=(1025,), dtype=float32)), 'C4': (array([0.00000000e+00, 4.88281250e-01, 9.76562500e-01, ...,
       4.99023438e+02, 4.99511719e+02, 5.00000000e+02], shape=(1025,)), array([1.4349942e-02, 6.1446629e-03, 1.3260447e-02, ..., 5.8249701e-17,
       1.5838718e-16, 2.4572937e-16], shape=(1025,), dtype=float32))}",18.283087312539315,6.151338130703235,3.8506048076071533,2.285319017958811,3.992573843057473,5.10731908862693,2.084869883294453,4.175191682240149,0.4023847945278535,0.9052488961837303,2.200954151552789,2.0941873365113,1.9043385338027168,0.6248705731198688,0.8328242946574987,"[4.1290224e-03 1.7661372e-03 8.0178240e-03 ... 2.4237400e-16 2.1444729e-16
 2.8619083e-17]","[2.2940771e-03 1.6584567e-03 5.7392474e-03 ... 2.0688543e-16 5.2178357e-16
 9.3863195e-17]","[1.4349942e-02 6.1446629e-03 1.3260447e-02 ... 5.8249701e-17 1.5838718e-16
 2.4572937e-16]",0.675,0.7315436241610739
251,2019-01-08 09:13:19.865999,2019-01-08 09:13:27.591999,2019-01-08 09:13:52.592004,ID_02,SF,0.8613144840791426,0.8125,0.7714434522374274,1.0,protB_SF,8,2019-01-08 08:54:32,0 days 00:18:47.865999,0 days 00:18:55.591999,0 days 00:19:20.592004,1127.865999,1135.591999,1160.592004,"{'CZ': array([0.22639757, 1.1763719 , 2.1004806 , ..., 3.0744476 , 3.0257168 ,
       2.886654  ], shape=(7726,), dtype=float32), 'C3': array([-5.4725647 , -5.278618  , -4.978737  , ..., -0.43266678,
       -0.6600113 , -0.8662796 ], shape=(7726,), dtype=float32), 'C4': array([ 0.02926254,  0.4349022 ,  0.80903244, ..., -3.7086487 ,
       -3.5235481 , -3.322445  ], shape=(7726,), dtype=float32)}",1127866.0,1135592.0,7726.0,ok,2.5223740667570382,1.1856031705974601,0.4987834890926024,2.651774086189107,2.013567291214713,1.3238479905339773,1.3334656541701406,0.8965250417531934,2.8934207730344497,1.8809432965554151,1.4229842827262473,1.4936755469534546,1.1537757309270091,3.278182583017042,2.21073278203221,"{'CZ': (array([0.00000000e+00, 4.88281250e-01, 9.76562500e-01, ...,
       4.99023438e+02, 4.99511719e+02, 5.00000000e+02], shape=(1025,)), array([7.5595025e-03, 1.8952056e-03, 1.0626790e-02, ..., 1.9216726e-16,
       4.2673139e-17, 3.8339702e-17], shape=(1025,), dtype=float32)), 'C3': (array([0.00000000e+00, 4.88281250e-01, 9.76562500e-01, ...,
       4.99023438e+02, 4.99511719e+02, 5.00000000e+02], shape=(1025,)), array([4.4510267e-03, 1.9369795e-03, 3.2140971e-03, ..., 6.4081457e-17,
       2.0140061e-16, 1.2103898e-16], shape=(1025,), dtype=float32)), 'C4': (array([0.00000000e+00, 4.88281250e-01, 9.76562500e-01, ...,
       4.99023438e+02, 4.99511719e+02, 5.00000000e+02], shape=(1025,)), array([1.0670517e-02, 4.2755716e-03, 3.8082239e-03, ..., 3.4689847e-17,
       9.7420912e-17, 3.0198065e-17], shape=(1025,), dtype=float32))}",15.653785634959618,5.096863621920882,2.6574843171483966,1.9053506950752206,3.546664748559516,2.918076432967752,1.801286674309967,1.313350141121962,0.21725808904173408,0.32865829033636035,2.3681770951998065,2.0933855266705734,1.6915618384174753,0.3744827187647521,0.4987146371500856,"[7.5595025e-03 1.8952056e-03 1.0626790e-02 ... 1.9216726e-16 4.2673139e-17
 3.8339702e-17]","[4.4510267e-03 1.9369795e-03 3.2140971e-03 ... 6.4081457e-17 2.0140061e-16
 1.2103898e-16]","[1.0670517e-02 4.2755716e-03 3.8082239e-03 ... 3.4689847e-17 9.7420912e-17
 3.0198065e-17]",0.7846153846153846,0.7459252157238735
252,2019-01-08 08:56:09.389000,2019-01-08 08:56:18.239998,2019-01-08 08:56:43.240999,ID_02,SF,0.4600157067606695,0.625,0.7550471202820085,0.0,protB_SF,4,2019-01-08 08:54:32,0 days 00:01:37.389000,0 days 00:01:46.239998,0 days 00:02:11.240999,97.389,106.239998,131.240999,"{'CZ': array([ 27.74292 ,  27.902588,  28.036438, ..., -19.37561 , -19.599304,
       -19.716858], shape=(8851,), dtype=float32), 'C3': array([-10.683563, -10.228027, -10.071777, ..., -14.213377, -13.817157,
       -13.446071], shape=(8851,), dtype=float32), 'C4': array([-15.477631, -15.383408, -15.343796, ...,  15.844055,  16.226624,
        16.446838], shape=(8851,), dtype=float32)}",97389.0,106240.0,8851.0,ok,340.15446715056896,26.695822598412633,5.040528572862968,8.769015577854589,4.86606256754385,55.54689827840775,17.330637900158763,2.740665469900705,6.961694634810556,2.846028771273268,64.03233879245818,6.803364347433671,2.161815486033447,4.799294281838229,2.6791952327585022,"{'CZ': (array([0.00000000e+00, 4.88281250e-01, 9.76562500e-01, ...,
       4.99023438e+02, 4.99511719e+02, 5.00000000e+02], shape=(1025,)), array([7.1261868e+00, 2.3911417e+00, 2.8201025e+00, ..., 2.8015682e-15,
       8.7106158e-15, 9.1220154e-16], shape=(1025,), dtype=float32)), 'C3': (array([0.00000000e+00, 4.88281250e-01, 9.76562500e-01, ...,
       4.99023438e+02, 4.99511719e+02, 5.00000000e+02], shape=(1025,)), array([4.2205018e-01, 1.4529058e-01, 3.9269337e-01, ..., 2.4779542e-15,
       7.8483775e-16, 3.9016410e-16], shape=(1025,), dtype=float32)), 'C4': (array([0.00000000e+00, 4.88281250e-01, 9.76562500e-01, ...,
       4.99023438e+02, 4.99511719e+02, 5.00000000e+02], shape=(1025,)), array([1.2046957e+00, 3.9856973e-01, 6.2478197e-01, ..., 1.5799054e-15,
       3.7642446e-16, 7.4302466e-16], shape=(1025,), dtype=float32))}",2110.9894768283825,114.76434142001797,26.855591505024407,6.300706388756516,8.571003635136261,122.4386001638294,23.410762031418717,4.014894413460323,0.5227322921528724,0.49728822337585404,106.56471748925554,9.534911705981115,3.169458743022778,0.5482466962413134,0.6043941127661481,"[7.1261868e+00 2.3911417e+00 2.8201025e+00 ... 2.8015682e-15 8.7106158e-15
 9.1220154e-16]","[4.2205018e-01 1.4529058e-01 3.9269337e-01 ... 2.4779542e-15 7.8483775e-16
 3.9016410e-16]","[1.2046957e+00 3.9856973e-01 6.2478197e-01 ... 1.5799054e-15 3.7642446e-16
 7.4302466e-16]",0.5826923076923077,0.800575263662512
253,2019-01-08 08:58:25.387005,2019-01-08 08:58:33.316996,2019-01-08 08:58:58.317997,ID_02,SF,0.515821449443266,0.5,0.7617500626155123,0.2857142857142857,protB_SF,4,2019-01-08 08:54:32,0 days 00:03:53.387005,0 days 00:04:01.316996,0 days 00:04:26.317997,233.387005,241.316996,266.317997,"{'CZ': array([-8.97142  , -7.919876 , -7.0869293, ...,  7.3102875,  7.613266 ,
        7.811184 ], shape=(7930,), dtype=float32), 'C3': array([ 4.583934 ,  5.11265  ,  5.5720577, ..., -2.9615402, -3.433134 ,
       -3.9848614], shape=(7930,), dtype=float32), 'C4': array([7.217949 , 6.9951706, 6.454338 , ..., 1.7344971, 2.2184372,
       2.6818924], shape=(7930,), dtype=float32)}",233387.0,241317.0,7930.0,ok,41.69668769463897,17.735661007463932,7.611920416820794,9.622677927836776,5.092059636808699,200.64454735256732,154.15466763079166,55.2670294418931,36.85440856497735,6.0222004331080825,51.35870911180973,27.998452074825764,8.860301226377487,10.186782565142494,3.3730241855209897,"{'CZ': (array([0.00000000e+00, 4.88281250e-01, 9.76562500e-01, ...,
       4.99023438e+02, 4.99511719e+02, 5.00000000e+02], shape=(1025,)), array([1.3695961e-01, 1.1295596e-01, 6.6973406e-01, ..., 9.8096993e-16,
       7.0583049e-16, 4.2948361e-16], shape=(1025,), dtype=float32)), 'C3': (array([0.00000000e+00, 4.88281250e-01, 9.76562500e-01, ...,
       4.99023438e+02, 4.99511719e+02, 5.00000000e+02], shape=(1025,)), array([9.0467548e-01, 6.3634884e-01, 1.2105275e+00, ..., 8.3805838e-15,
       1.1524362e-15, 1.1617867e-15], shape=(1025,), dtype=float32)), 'C4': (array([0.00000000e+00, 4.88281250e-01, 9.76562500e-01, ...,
       4.99023438e+02, 4.99511719e+02, 5.00000000e+02], shape=(1025,)), array([2.0986114e-01, 1.5139960e-01, 3.6757419e-01, ..., 1.0163969e-15,
       1.8754353e-15, 3.0158590e-16], shape=(1025,), dtype=float32))}",258.7685226636164,76.24494235631155,40.555791387327545,6.914079209755609,8.969071205232648,442.26839427149605,208.2368958792826,80.96255825153408,2.7672844724872525,1.0522625014974127,85.47284747558649,39.2398164796671,12.990173939073673,1.1636856501595612,0.760913551584569,"[1.3695961e-01 1.1295596e-01 6.6973406e-01 ... 9.8096993e-16 7.0583049e-16
 4.2948361e-16]","[9.0467548e-01 6.3634884e-01 1.2105275e+00 ... 8.3805838e-15 1.1524362e-15
 1.1617867e-15]","[2.0986114e-01 1.5139960e-01 3.6757419e-01 ... 1.0163969e-15 1.8754353e-15
 3.0158590e-16]",0.6596153846153846,0.697986577181208
254,2019-01-08 09:00:39.874004,2019-01-08 09:00:47.633005,2019-01-08 09:01:12.633000,ID_02,SF,0.6655897321957776,0.75,0.8467691965873326,0.4,protB_SF,4,2019-01-08 08:54:32,0 days 00:06:07.874004,0 days 00:06:15.633005,0 days 00:06:40.633000,367.874004,375.633005,400.633,"{'CZ': array([-0.42947388, -0.24308777, -0.12112427, ...,  0.19468284,
       -0.13817573, -0.5157038 ], shape=(7759,), dtype=float32), 'C3': array([-7.1896286 , -6.859192  , -6.4076996 , ...,  1.8586903 ,
        1.3638439 ,  0.71601295], shape=(7759,), dtype=float32), 'C4': array([ 7.8076057,  8.629662 ,  9.257591 , ..., -2.485775 , -2.6109543,
       -2.5120544], shape=(7759,), dtype=float32)}",367874.0,375633.0,7759.0,ok,3.999425382062327,3.563172649592161,2.6306935324100778,5.939007583947387,4.656497942050919,3.2600471895420924,3.2876728218980134,2.1376154109020717,5.289511485898402,4.298908309465332,3.930057409888832,2.324902161490172,1.219109988596756,4.1502960229991,3.748276231362979,"{'CZ': (array([0.00000000e+00, 4.88281250e-01, 9.76562500e-01, ...,
       4.99023438e+02, 4.99511719e+02, 5.00000000e+02], shape=(1025,)), array([2.00514290e-02, 6.89739501e-03, 1.32281715e-02, ...,
       2.88164553e-16, 4.29384930e-16, 1.19213270e-16],
      shape=(1025,), dtype=float32)), 'C3': (array([0.00000000e+00, 4.88281250e-01, 9.76562500e-01, ...,
       4.99023438e+02, 4.99511719e+02, 5.00000000e+02], shape=(1025,)), array([1.4752516e-02, 4.6352716e-03, 1.2177060e-02, ..., 1.4622755e-16,
       2.2609885e-16, 1.1230523e-16], shape=(1025,), dtype=float32)), 'C4': (array([0.00000000e+00, 4.88281250e-01, 9.76562500e-01, ...,
       4.99023438e+02, 4.99511719e+02, 5.00000000e+02], shape=(1025,)), array([2.3618847e-02, 9.4287032e-03, 9.4340201e-03, ..., 2.7987485e-16,
       3.4312677e-16, 9.5528515e-17], shape=(1025,), dtype=float32))}",24.82032638176918,15.317945756823393,14.016155222623196,4.267291202167734,8.201879904817583,7.18592084755019,4.441090196103639,3.1314657938418002,0.397173189637879,0.7511506901292833,6.540530386665905,3.258349208243629,1.7873490300293862,0.47410847291514674,0.8455658846946266,"[2.00514290e-02 6.89739501e-03 1.32281715e-02 ... 2.88164553e-16
 4.29384930e-16 1.19213270e-16]","[1.4752516e-02 4.6352716e-03 1.2177060e-02 ... 1.4622755e-16 2.2609885e-16
 1.1230523e-16]","[2.3618847e-02 9.4287032e-03 9.4340201e-03 ... 2.7987485e-16 3.4312677e-16
 9.5528515e-17]",0.7942307692307692,0.5896452540747843
255,2019-01-08 09:02:54.100997,2019-01-08 09:03:01.723003,2019-01-08 09:03:26.722999,ID_02,SF,0.5318694239650072,0.6875,0.9081082718950216,0.0,protB_SF,6,2019-01-08 08:54:32,0 days 00:08:22.100997,0 days 00:08:29.723003,0 days 00:08:54.722999,502.100997,509.723003,534.722999,"{'CZ': array([-0.6139116, -1.3901682, -2.1446333, ...,  2.0089264,  1.9651966,
        1.855547 ], shape=(7622,), dtype=float32), 'C3': array([-0.7961788, -1.315485 , -1.7198982, ...,  5.263296 ,  5.276701 ,
        5.2075253], shape=(7622,), dtype=float32), 'C4': array([ 1.0144615 ,  0.85858536,  0.6323509 , ..., -0.57143784,
       -0.20931625,  0.23192596], shape=(7622,), dtype=float32)}",502101.0,509723.0,7622.0,ok,1.5505154015045264,1.3296320976223797,0.4957630517310463,2.2731313147232868,1.5881004362654494,0.743726846849313,1.3170101010473445,1.6369356599170715,4.151703818934038,1.96251884335652,1.4255758742365288,1.5310123708331957,1.2343721318757161,3.9926052231749054,2.4191724733100273,"{'CZ': (array([0.00000000e+00, 4.88281250e-01, 9.76562500e-01, ...,
       4.99023438e+02, 4.99511719e+02, 5.00000000e+02], shape=(1025,)), array([1.8658377e-03, 9.3035150e-04, 3.4987240e-03, ..., 1.1312247e-16,
       4.7192292e-17, 3.4786981e-17], shape=(1025,), dtype=float32)), 'C3': (array([0.00000000e+00, 4.88281250e-01, 9.76562500e-01, ...,
       4.99023438e+02, 4.99511719e+02, 5.00000000e+02], shape=(1025,)), array([2.4440093e-03, 8.4437273e-04, 2.5222509e-03, ..., 6.9179616e-17,
       1.2068318e-16, 3.4589613e-17], shape=(1025,), dtype=float32)), 'C4': (array([0.00000000e+00, 4.88281250e-01, 9.76562500e-01, ...,
       4.99023438e+02, 4.99511719e+02, 5.00000000e+02], shape=(1025,)), array([6.8179118e-03, 2.2502404e-03, 1.6855364e-03, ..., 1.8827532e-16,
       8.2244709e-17, 1.9194521e-17], shape=(1025,), dtype=float32))}",9.622456890408987,5.716038584389713,2.641391633459394,1.633288579544705,2.7972543351540025,1.639351194302165,1.7790580038783022,2.398002933365358,0.31173870263706005,0.3429120319531348,2.372490106755355,2.1457130665309645,1.809725006964181,0.45609468693864863,0.5457361161131538,"[1.8658377e-03 9.3035150e-04 3.4987240e-03 ... 1.1312247e-16 4.7192292e-17
 3.4786981e-17]","[2.4440093e-03 8.4437273e-04 2.5222509e-03 ... 6.9179616e-17 1.2068318e-16
 3.4589613e-17]","[6.8179118e-03 2.2502404e-03 1.6855364e-03 ... 1.8827532e-16 8.2244709e-17
 1.9194521e-17]",0.6519230769230769,0.7219558964525408
256,2019-01-08 09:05:08.083996,2019-01-08 09:05:15.678996,2019-01-08 09:05:40.679001,ID_02,SF,0.8988423152599347,0.875,0.8215269457798041,1.0,protB_SF,6,2019-01-08 08:54:32,0 days 00:10:36.083996,0 days 00:10:43.678996,0 days 00:11:08.679001,636.083996,643.678996,668.679001,"{'CZ': array([-0.9697876 , -1.0528183 , -0.9566803 , ..., -0.10386276,
        0.05705452,  0.17914295], shape=(7595,), dtype=float32), 'C3': array([ 5.0653076,  5.6673737,  6.1397705, ..., -5.817856 , -6.21439  ,
       -6.4865913], shape=(7595,), dtype=float32), 'C4': array([-0.09072113,  0.9529953 ,  1.9853668 , ...,  1.1922398 ,
        1.3203506 ,  1.4864502 ], shape=(7595,), dtype=float32)}",636084.0,643679.0,7595.0,ok,1.0548107002250617,0.9479729123995639,0.5743204565078486,3.7571908251265995,2.1268952161790367,1.2893962884845678,1.7735641667968594,2.1268836717354134,5.581889716268051,2.1750957707808993,1.0420926846563816,1.0277397741447203,3.7115287268534303,4.467608861887129,2.817328774199268,"{'CZ': (array([0.00000000e+00, 4.88281250e-01, 9.76562500e-01, ...,
       4.99023438e+02, 4.99511719e+02, 5.00000000e+02], shape=(1025,)), array([4.6816310e-03, 2.0765399e-03, 3.0469450e-03, ..., 1.1758495e-16,
       1.1612625e-16, 9.2025158e-18], shape=(1025,), dtype=float32)), 'C3': (array([0.00000000e+00, 4.88281250e-01, 9.76562500e-01, ...,
       4.99023438e+02, 4.99511719e+02, 5.00000000e+02], shape=(1025,)), array([1.5069992e-02, 6.9398396e-03, 5.3042904e-03, ..., 8.3396250e-17,
       1.7693763e-16, 5.0774199e-17], shape=(1025,), dtype=float32)), 'C4': (array([0.00000000e+00, 4.88281250e-01, 9.76562500e-01, ...,
       4.99023438e+02, 4.99511719e+02, 5.00000000e+02], shape=(1025,)), array([4.7532585e-03, 2.0266250e-03, 2.1352223e-03, ..., 1.6354549e-16,
       4.8205264e-17, 8.5561187e-17], shape=(1025,), dtype=float32))}",6.546126843118715,4.075300042712351,3.059940113422154,2.6996138877249334,3.74627871639264,2.842136672100299,2.3957853655203496,3.1157445027538766,0.419126973961096,0.38005571919782616,1.7342848103356618,1.4403767757773196,5.441508421650655,0.5103566597066184,0.6355553727600228,"[4.6816310e-03 2.0765399e-03 3.0469450e-03 ... 1.1758495e-16 1.1612625e-16
 9.2025158e-18]","[1.5069992e-02 6.9398396e-03 5.3042904e-03 ... 8.3396250e-17 1.7693763e-16
 5.0774199e-17]","[4.7532585e-03 2.0266250e-03 2.1352223e-03 ... 1.6354549e-16 4.8205264e-17
 8.5561187e-17]",0.7076923076923077,0.6682646212847555
257,2019-01-08 09:07:22.027003,2019-01-08 09:07:29.615002,2019-01-08 09:07:54.614998,ID_02,SF,0.822996737099337,0.6875,0.781490211298011,1.0,protB_SF,6,2019-01-08 08:54:32,0 days 00:12:50.027003,0 days 00:12:57.615002,0 days 00:13:22.614998,770.027003,777.615002,802.614998,"{'CZ': array([-1.190815 , -1.4155655, -1.7278519, ...,  6.4280543,  7.1912346,
        7.749498 ], shape=(7588,), dtype=float32), 'C3': array([-3.4249115, -2.88237  , -1.9653778, ...,  0.6055832,  1.5632   ,
        2.6534863], shape=(7588,), dtype=float32), 'C4': array([ 5.5305557,  4.535941 ,  3.0694487, ..., 10.3130455,  9.072578 ,
        7.507843 ], shape=(7588,), dtype=float32)}",770027.0,777615.0,7588.0,ok,2.692748748813756,1.9732627552002668,1.1797478000517003,5.058104979980271,1.9897903264336492,10.557877976680174,5.260921374429017,1.8161800689995289,5.667172292305622,3.2121256203936355,3.115396510111168,1.5564627392450348,1.3262613720144145,4.531674145255238,3.615017035372148,"{'CZ': (array([0.00000000e+00, 4.88281250e-01, 9.76562500e-01, ...,
       4.99023438e+02, 4.99511719e+02, 5.00000000e+02], shape=(1025,)), array([2.3120174e-03, 1.3478980e-03, 1.8702967e-02, ..., 2.1881879e-16,
       2.0975968e-16, 2.8137985e-17], shape=(1025,), dtype=float32)), 'C3': (array([0.00000000e+00, 4.88281250e-01, 9.76562500e-01, ...,
       4.99023438e+02, 4.99511719e+02, 5.00000000e+02], shape=(1025,)), array([6.6018917e-02, 2.4438962e-02, 2.5534442e-02, ..., 3.2867533e-16,
       2.0846594e-16, 2.4711098e-16], shape=(1025,), dtype=float32)), 'C4': (array([0.00000000e+00, 4.88281250e-01, 9.76562500e-01, ...,
       4.99023438e+02, 4.99511719e+02, 5.00000000e+02], shape=(1025,)), array([1.5217098e-02, 5.1512378e-03, 5.7529123e-03, ..., 8.0295335e-17,
       1.4968745e-16, 4.1053579e-17], shape=(1025,), dtype=float32))}",16.711126330651584,8.482982673202,6.285615593513868,3.6343457346394645,3.5047843886705414,23.272078914039753,7.10661540979018,2.6605841876529266,0.4255305809549891,0.561256533717677,5.184745008972118,2.18138174504046,1.9444447170545598,0.5176751481942375,0.8155042182120823,"[2.3120174e-03 1.3478980e-03 1.8702967e-02 ... 2.1881879e-16 2.0975968e-16
 2.8137985e-17]","[6.6018917e-02 2.4438962e-02 2.5534442e-02 ... 3.2867533e-16 2.0846594e-16
 2.4711098e-16]","[1.5217098e-02 5.1512378e-03 5.7529123e-03 ... 8.0295335e-17 1.4968745e-16
 4.1053579e-17]",0.6903846153846154,0.7861936720997124
258,2019-01-08 09:09:36.229997,2019-01-08 09:09:44.050000,2019-01-08 09:10:09.049996,ID_02,SF,0.440149683803976,0.5,0.8204490514119283,0.0,protB_SF,8,2019-01-08 08:54:32,0 days 00:15:04.229997,0 days 00:15:12.050000,0 days 00:15:37.049996,904.229997,912.05,937.049996,"{'CZ': array([-4.453598  , -4.995117  , -5.5444794 , ..., -0.7265587 ,
       -0.3548298 , -0.05293274], shape=(7820,), dtype=float32), 'C3': array([ 2.2327194,  2.1491776,  2.1163712, ..., -1.7253656, -1.8599682,
       -1.9625187], shape=(7820,), dtype=float32), 'C4': array([-1.271862  , -1.1845474 , -0.98711014, ...,  4.898468  ,
        5.5134907 ,  5.9018335 ], shape=(7820,), dtype=float32)}",904230.0,912050.0,7820.0,ok,1.5667682600906119,1.2785471335519105,0.7173659214458894,2.6022770725830924,1.9159572209446196,3.1648301919631194,1.971005491213873,1.342675466730725,4.759719504363602,4.2558454670142964,3.6121142366027925,2.013712713960558,0.9867892003967427,4.65217020973796,5.418766630100436,"{'CZ': (array([0.00000000e+00, 4.88281250e-01, 9.76562500e-01, ...,
       4.99023438e+02, 4.99511719e+02, 5.00000000e+02], shape=(1025,)), array([8.9127803e-03, 4.0719705e-03, 1.4851995e-02, ..., 4.7499040e-17,
       1.1482327e-16, 3.6514002e-17], shape=(1025,), dtype=float32)), 'C3': (array([0.00000000e+00, 4.88281250e-01, 9.76562500e-01, ...,
       4.99023438e+02, 4.99511719e+02, 5.00000000e+02], shape=(1025,)), array([1.4498844e-02, 5.6389091e-03, 5.0661494e-03, ..., 1.8190542e-16,
       2.0380157e-16, 8.0725555e-17], shape=(1025,), dtype=float32)), 'C4': (array([0.00000000e+00, 4.88281250e-01, 9.76562500e-01, ...,
       4.99023438e+02, 4.99511719e+02, 5.00000000e+02], shape=(1025,)), array([1.9630095e-02, 8.4622102e-03, 5.6185783e-03, ..., 5.9019451e-16,
       1.4550090e-16, 7.6778084e-17], shape=(1025,), dtype=float32))}",9.723321693776155,5.496426237311812,3.822076567464779,1.8697861385884724,3.3747359548997258,6.9760398954772285,2.6624952170401546,1.96693113029323,0.35739273510786873,0.743626295213764,6.011398934062227,2.822217354281233,1.44674125933684,0.5314399988958765,1.2224083596604294,"[8.9127803e-03 4.0719705e-03 1.4851995e-02 ... 4.7499040e-17 1.1482327e-16
 3.6514002e-17]","[1.4498844e-02 5.6389091e-03 5.0661494e-03 ... 1.8190542e-16 2.0380157e-16
 8.0725555e-17]","[1.9630095e-02 8.4622102e-03 5.6185783e-03 ... 5.9019451e-16 1.4550090e-16
 7.6778084e-17]",0.75,0.7679769894534996
259,2019-01-08 09:11:50.587998,2019-01-08 09:11:58.192996,2019-01-08 09:12:23.193997,ID_02,SF,0.511804986334174,0.75,0.7854149590025222,0.0,protB_SF,8,2019-01-08 08:54:32,0 days 00:17:18.587998,0 days 00:17:26.192996,0 days 00:17:51.193997,1038.587998,1046.192996,1071.193997,"{'CZ': array([66.33258  , 65.84793  , 65.23941  , ..., -3.0972977, -2.965271 ,
       -2.7630615], shape=(7605,), dtype=float32), 'C3': array([7.256531 , 7.4663696, 7.748413 , ..., 2.0669174, 1.9555054,
       1.7103424], shape=(7605,), dtype=float32), 'C4': array([-17.271492  , -16.878677  , -16.53231   , ...,   0.3981781 ,
         0.95589066,   1.5616722 ], shape=(7605,), dtype=float32)}",1038588.0,1046193.0,7605.0,ok,16.081971436506137,1.4221486781025305,0.4751040069095325,2.116370502335485,1.794782295519326,6.29434033180587,2.1043315646238625,0.8232922082243022,3.7086392785568023,2.234584385405469,3.056589819607325,1.6345336771337315,1.2629139600903727,3.7243289552861825,2.49866804733756,"{'CZ': (array([0.00000000e+00, 4.88281250e-01, 9.76562500e-01, ...,
       4.99023438e+02, 4.99511719e+02, 5.00000000e+02], shape=(1025,)), array([4.8281968e-02, 4.0932525e-02, 2.5433069e-01, ..., 6.3387572e-17,
       2.5169809e-16, 4.8318137e-16], shape=(1025,), dtype=float32)), 'C3': (array([0.00000000e+00, 4.88281250e-01, 9.76562500e-01, ...,
       4.99023438e+02, 4.99511719e+02, 5.00000000e+02], shape=(1025,)), array([7.3709562e-02, 2.1852570e-02, 6.7541212e-02, ..., 9.2789971e-17,
       1.5956845e-16, 2.8668426e-17], shape=(1025,), dtype=float32)), 'C4': (array([0.00000000e+00, 4.88281250e-01, 9.76562500e-01, ...,
       4.99023438e+02, 4.99511719e+02, 5.00000000e+02], shape=(1025,)), array([6.4738626e-03, 3.8911442e-03, 5.6148399e-02, ..., 2.9120535e-16,
       1.2940883e-16, 3.4145523e-17], shape=(1025,), dtype=float32))}",99.80428231181116,6.1137638985318565,2.5313216555611358,1.520652920119849,3.1613004078036293,13.874225979610097,2.842596203233867,1.2060688631089735,0.2784703455900615,0.3904501986129124,5.086876986685257,2.290798125166075,1.8515704593449387,0.42544818582565447,0.5636693582844372,"[4.8281968e-02 4.0932525e-02 2.5433069e-01 ... 6.3387572e-17 2.5169809e-16
 4.8318137e-16]","[7.3709562e-02 2.1852570e-02 6.7541212e-02 ... 9.2789971e-17 1.5956845e-16
 2.8668426e-17]","[6.4738626e-03 3.8911442e-03 5.6148399e-02 ... 2.9120535e-16 1.2940883e-16
 3.4145523e-17]",0.7769230769230769,0.710450623202301
260,2019-01-08 09:14:04.606000,2019-01-08 09:14:12.255003,2019-01-08 09:14:37.254998,ID_02,SF,0.6682794728493354,0.5625,0.7756717518813396,0.6666666666666667,protB_SF,8,2019-01-08 08:54:32,0 days 00:19:32.606000,0 days 00:19:40.255003,0 days 00:20:05.254998,1172.606,1180.255003,1205.254998,"{'CZ': array([1.9213123 , 1.3071194 , 0.64125824, ..., 1.3364105 , 1.24083   ,
       1.2245889 ], shape=(7649,), dtype=float32), 'C3': array([-4.512451  , -4.6830215 , -4.887001  , ...,  0.23580551,
        0.17725372,  0.13537216], shape=(7649,), dtype=float32), 'C4': array([ 4.039974 ,  3.8637123,  3.7222366, ..., -2.8405724, -2.8273106,
       -2.71776  ], shape=(7649,), dtype=float32)}",1172606.0,1180255.0,7649.0,ok,6.471149550634436,1.7254832055186853,0.7610288812429644,2.026947146077873,1.61854036036857,1.560616226925049,2.2263292921707034,1.6418132436228916,3.5273515786684584,1.8394514952433383,1.9199321686755866,1.8001627759076655,1.3949299027444795,4.0834938117768615,2.0816278054098802,"{'CZ': (array([0.00000000e+00, 4.88281250e-01, 9.76562500e-01, ...,
       4.99023438e+02, 4.99511719e+02, 5.00000000e+02], shape=(1025,)), array([2.7682154e-02, 1.0414313e-02, 7.3070116e-03, ..., 3.9326562e-17,
       8.5820630e-17, 1.6591666e-17], shape=(1025,), dtype=float32)), 'C3': (array([0.00000000e+00, 4.88281250e-01, 9.76562500e-01, ...,
       4.99023438e+02, 4.99511719e+02, 5.00000000e+02], shape=(1025,)), array([3.76400352e-03, 2.05543078e-03, 1.55244609e-02, ...,
       1.01104394e-16, 7.15060714e-17, 9.55778544e-17],
      shape=(1025,), dtype=float32)), 'C4': (array([0.00000000e+00, 4.88281250e-01, 9.76562500e-01, ...,
       4.99023438e+02, 4.99511719e+02, 5.00000000e+02], shape=(1025,)), array([7.4205021e-03, 2.4940919e-03, 8.0710752e-03, ..., 2.2342620e-16,
       1.5376323e-16, 3.1777050e-17], shape=(1025,), dtype=float32))}",40.159780110502545,7.417787670061465,4.054709831071998,1.4564005183452098,2.850870723459673,3.43997004585109,3.0073945092412173,2.4051482722572266,0.26485800838298224,0.3214084043311969,3.1952140592051173,2.522927223668113,2.0451203188804437,0.4664773318653466,0.46959011242517146,"[2.7682154e-02 1.0414313e-02 7.3070116e-03 ... 3.9326562e-17 8.5820630e-17
 1.6591666e-17]","[3.76400352e-03 2.05543078e-03 1.55244609e-02 ... 1.01104394e-16
 7.15060714e-17 9.55778544e-17]","[7.4205021e-03 2.4940919e-03 8.0710752e-03 ... 2.2342620e-16 1.5376323e-16
 3.1777050e-17]",0.698076923076923,0.6270373921380633
261,2019-01-08 08:56:55.258998,2019-01-08 08:57:03.581001,2019-01-08 08:57:28.580996,ID_02,SF,0.7741330080996827,0.875,0.8473990242990481,0.6,protB_SF,4,2019-01-08 08:54:32,0 days 00:02:23.258998,0 days 00:02:31.581001,0 days 00:02:56.580996,143.258998,151.581001,176.580996,"{'CZ': array([-0.831604 , -1.6279297, -2.4015503, ..., -0.5664673, -1.0887146,
       -1.715271 ], shape=(8322,), dtype=float32), 'C3': array([ 4.3185425 ,  3.4664917 ,  2.7097778 , ..., -0.9057312 ,
       -0.49934387, -0.07740784], shape=(8322,), dtype=float32), 'C4': array([-14.129913  , -14.66803   , -15.114014  , ...,   0.66903687,
        -0.17677307,  -1.086853  ], shape=(8322,), dtype=float32)}",143259.0,151581.0,8322.0,ok,25.14050924219191,9.480281616561115,3.182589600328356,7.532837400503922,5.038844441060064,75.18173707649112,16.976430371869355,3.0147622746881098,6.421598649467342,2.9645928370882757,31.91042342223227,27.670198323903605,2.4242688668891788,4.410387540701777,4.0275649148497905,"{'CZ': (array([0.00000000e+00, 4.88281250e-01, 9.76562500e-01, ...,
       4.99023438e+02, 4.99511719e+02, 5.00000000e+02], shape=(1025,)), array([6.52189031e-02, 2.35865954e-02, 1.07996814e-01, ...,
       5.86874454e-16, 6.11368053e-16, 6.74000580e-16],
      shape=(1025,), dtype=float32)), 'C3': (array([0.00000000e+00, 4.88281250e-01, 9.76562500e-01, ...,
       4.99023438e+02, 4.99511719e+02, 5.00000000e+02], shape=(1025,)), array([7.4890032e-02, 3.6005557e-02, 3.1505233e-01, ..., 6.4465364e-16,
       1.1238738e-15, 2.3955439e-16], shape=(1025,), dtype=float32)), 'C4': (array([0.00000000e+00, 4.88281250e-01, 9.76562500e-01, ...,
       4.99023438e+02, 4.99511719e+02, 5.00000000e+02], shape=(1025,)), array([2.0807335e-02, 9.3635470e-03, 1.4677356e-01, ..., 1.5176856e-15,
       3.9773475e-16, 2.6865280e-16], shape=(1025,), dtype=float32))}",156.0213243616814,40.75537557196808,16.956619727286053,5.412488587051992,8.87533882307048,165.71846369158794,22.932287540041546,4.416428180486675,0.4821781415888259,0.518004989924558,53.10637282786903,38.779769013095574,3.5542442013392774,0.503819990260623,0.9085700413151353,"[6.52189031e-02 2.35865954e-02 1.07996814e-01 ... 5.86874454e-16
 6.11368053e-16 6.74000580e-16]","[7.4890032e-02 3.6005557e-02 3.1505233e-01 ... 6.4465364e-16 1.1238738e-15
 2.3955439e-16]","[2.0807335e-02 9.3635470e-03 1.4677356e-01 ... 1.5176856e-15 3.9773475e-16
 2.6865280e-16]",0.7442307692307693,0.710450623202301
262,2019-01-08 08:59:10.332999,2019-01-08 08:59:17.994998,2019-01-08 08:59:42.995998,ID_02,SF,0.515821449443266,0.5,0.7617500626155123,0.2857142857142857,protB_SF,4,2019-01-08 08:54:32,0 days 00:04:38.332999,0 days 00:04:45.994998,0 days 00:05:10.995998,278.332999,285.994998,310.995998,"{'CZ': array([0.8160553, 1.502037 , 2.2755127, ..., 3.3035774, 4.469845 ,
       5.392523 ], shape=(7662,), dtype=float32), 'C3': array([ 4.290556 ,  3.9014244,  3.4504023, ..., -3.3839874, -2.8321724,
       -2.0960426], shape=(7662,), dtype=float32), 'C4': array([-1.7279115 , -0.99921465, -0.3036585 , ..., -6.4923096 ,
       -6.562683  , -6.4330063 ], shape=(7662,), dtype=float32)}",278333.0,285995.0,7662.0,ok,48.35964227095246,15.468757832422853,4.894052544841543,9.302121790824458,4.826730257263989,81.08972269110382,50.715803634375334,21.06780163012445,15.585576635203324,3.985602541888511,12.640995613764971,5.23141206940636,2.8622387908399105,4.089366273547057,2.6517586293266504,"{'CZ': (array([0.00000000e+00, 4.88281250e-01, 9.76562500e-01, ...,
       4.99023438e+02, 4.99511719e+02, 5.00000000e+02], shape=(1025,)), array([3.5321346e-01, 8.2080312e-02, 5.7616299e-01, ..., 1.3614788e-15,
       3.3438885e-15, 2.8469080e-15], shape=(1025,), dtype=float32)), 'C3': (array([0.00000000e+00, 4.88281250e-01, 9.76562500e-01, ...,
       4.99023438e+02, 4.99511719e+02, 5.00000000e+02], shape=(1025,)), array([3.5602686e-01, 6.8699628e-02, 6.8019074e-01, ..., 1.8650018e-15,
       2.6749430e-15, 8.2284799e-16], shape=(1025,), dtype=float32)), 'C4': (array([0.00000000e+00, 4.88281250e-01, 9.76562500e-01, ...,
       4.99023438e+02, 4.99511719e+02, 5.00000000e+02], shape=(1025,)), array([5.40964454e-02, 1.33677348e-02, 1.09877534e-01, ...,
       5.83119980e-16, 2.00557166e-16, 1.98359830e-16],
      shape=(1025,), dtype=float32))}",300.1186396060973,66.49961051693955,26.075177245496146,6.68375345853568,8.501724342133429,178.74107180942786,68.50847712337494,30.862941864897316,1.1702731341168326,0.6964065954439783,21.037559329668653,7.331821380139585,4.1963561732512,0.4671481716962144,0.5982047461288249,"[3.5321346e-01 8.2080312e-02 5.7616299e-01 ... 1.3614788e-15 3.3438885e-15
 2.8469080e-15]","[3.5602686e-01 6.8699628e-02 6.8019074e-01 ... 1.8650018e-15 2.6749430e-15
 8.2284799e-16]","[5.40964454e-02 1.33677348e-02 1.09877534e-01 ... 5.83119980e-16
 2.00557166e-16 1.98359830e-16]",0.6903846153846154,0.7027804410354745
263,2019-01-08 09:01:24.646996,2019-01-08 09:01:32.410995,2019-01-08 09:01:57.411001,ID_02,SF,0.8569524219849048,0.875,0.8958572659547143,0.8,protB_SF,4,2019-01-08 08:54:32,0 days 00:06:52.646996,0 days 00:07:00.410995,0 days 00:07:25.411001,412.646996,420.410995,445.411001,"{'CZ': array([ 4.546364 ,  5.9016266,  6.9817657, ..., -0.7994938, -1.2116394,
       -1.7239518], shape=(7764,), dtype=float32), 'C3': array([ 7.0708923,  6.567322 ,  5.948242 , ..., -5.085018 , -5.3304214,
       -5.468418 ], shape=(7764,), dtype=float32), 'C4': array([-4.1707516 , -4.41805   , -4.645932  , ...,  0.13554144,
        0.52858305,  0.81658936], shape=(7764,), dtype=float32)}",412647.0,420411.0,7764.0,ok,2.3859866778366268,3.2297555881086737,2.848479460226372,5.30459693618468,5.610394673112751,2.558553876951919,3.565236649592407,1.8478479178156704,5.2621953436755575,2.3754289704811526,1.5490923269680934,1.4418028149520978,1.5984962446964346,4.730285410914803,3.0791226045039366,"{'CZ': (array([0.00000000e+00, 4.88281250e-01, 9.76562500e-01, ...,
       4.99023438e+02, 4.99511719e+02, 5.00000000e+02], shape=(1025,)), array([7.8671798e-03, 3.4914333e-03, 2.2289529e-02, ..., 2.0831638e-16,
       1.7001832e-16, 1.1378552e-16], shape=(1025,), dtype=float32)), 'C3': (array([0.00000000e+00, 4.88281250e-01, 9.76562500e-01, ...,
       4.99023438e+02, 4.99511719e+02, 5.00000000e+02], shape=(1025,)), array([3.6669251e-02, 1.4750164e-02, 5.2839355e-03, ..., 1.3756898e-16,
       1.0761900e-16, 2.9492456e-16], shape=(1025,), dtype=float32)), 'C4': (array([0.00000000e+00, 4.88281250e-01, 9.76562500e-01, ...,
       4.99023438e+02, 4.99511719e+02, 5.00000000e+02], shape=(1025,)), array([4.9513630e-03, 1.4920295e-03, 4.3191691e-03, ..., 1.4983076e-16,
       1.1885130e-16, 2.2414168e-17], shape=(1025,), dtype=float32))}",14.807369166597777,13.884598298123045,15.176503751240917,3.8114549471212356,9.882058126118654,5.639662426650824,4.816032004715521,2.706975500527328,0.3951221043223121,0.41506005294444853,2.5780502368214533,2.0206859188996726,2.34357091582228,0.5403634777359834,0.6946129016254096,"[7.8671798e-03 3.4914333e-03 2.2289529e-02 ... 2.0831638e-16 1.7001832e-16
 1.1378552e-16]","[3.6669251e-02 1.4750164e-02 5.2839355e-03 ... 1.3756898e-16 1.0761900e-16
 2.9492456e-16]","[4.9513630e-03 1.4920295e-03 4.3191691e-03 ... 1.4983076e-16 1.1885130e-16
 2.2414168e-17]",0.8576923076923076,0.5848513902205177
264,2019-01-08 09:03:38.736995,2019-01-08 09:03:46.349004,2019-01-08 09:04:11.348003,ID_02,SF,0.8443694239650071,0.625,0.9081082718950216,1.0,protB_SF,6,2019-01-08 08:54:32,0 days 00:09:06.736995,0 days 00:09:14.349004,0 days 00:09:39.348003,546.736995,554.349004,579.348003,"{'CZ': array([ 1.9364929,  2.0150146,  2.1142578, ..., -3.4491158, -3.2889671,
       -3.0546083], shape=(7612,), dtype=float32), 'C3': array([-2.2531395 , -1.5554237 , -0.83833313, ..., -3.741539  ,
       -4.1698303 , -4.478735  ], shape=(7612,), dtype=float32), 'C4': array([1.4109154 , 1.0914764 , 0.74811935, ..., 7.680401  , 7.4453583 ,
       6.9550266 ], shape=(7612,), dtype=float32)}",546737.0,554349.0,7612.0,ok,1.70205966787762,1.2516029346443247,0.5333332810550928,2.7807325077446876,1.7725967421711175,1.3169723497412633,1.7782249342417344,0.7075338398863096,3.9448965835617855,2.0433759355000802,1.8738066682999488,1.978080443223007,1.0994365875376388,4.127838965359842,1.935871433261127,"{'CZ': (array([0.00000000e+00, 4.88281250e-01, 9.76562500e-01, ...,
       4.99023438e+02, 4.99511719e+02, 5.00000000e+02], shape=(1025,)), array([6.5595531e-03, 2.7357608e-03, 4.9667177e-03, ..., 3.5994453e-17,
       1.3991277e-16, 5.6448678e-17], shape=(1025,), dtype=float32)), 'C3': (array([0.00000000e+00, 4.88281250e-01, 9.76562500e-01, ...,
       4.99023438e+02, 4.99511719e+02, 5.00000000e+02], shape=(1025,)), array([3.6836741e-03, 1.6219375e-03, 1.8454514e-03, ..., 6.2007497e-17,
       9.1957689e-17, 5.0971574e-17], shape=(1025,), dtype=float32)), 'C4': (array([0.00000000e+00, 4.88281250e-01, 9.76562500e-01, ...,
       4.99023438e+02, 4.99511719e+02, 5.00000000e+02], shape=(1025,)), array([2.8387222e-03, 7.6998206e-04, 4.6984567e-03, ..., 2.5147784e-16,
       4.4876524e-17, 2.9408574e-17], shape=(1025,), dtype=float32))}",10.562936532693593,5.380594135441951,2.841563245799565,1.998009801831876,3.1222231341854676,2.9029208822532944,2.4020812744282813,1.036490477327973,0.296210181802581,0.3570402375796084,3.1184504892766154,2.7722787447910147,1.6118946909590157,0.471543094145894,0.43670923381366533,"[6.5595531e-03 2.7357608e-03 4.9667177e-03 ... 3.5994453e-17 1.3991277e-16
 5.6448678e-17]","[3.6836741e-03 1.6219375e-03 1.8454514e-03 ... 6.2007497e-17 9.1957689e-17
 5.0971574e-17]","[2.8387222e-03 7.6998206e-04 4.6984567e-03 ... 2.5147784e-16 4.4876524e-17
 2.9408574e-17]",0.45,0.5503355704697986
265,2019-01-08 09:05:52.692997,2019-01-08 09:06:00.316000,2019-01-08 09:06:25.316005,ID_02,SF,0.9430220883534136,0.9375,0.891566265060241,1.0,protB_SF,6,2019-01-08 08:54:32,0 days 00:11:20.692997,0 days 00:11:28.316000,0 days 00:11:53.316005,680.692997,688.316,713.316005,"{'CZ': array([-0.8508644 , -0.25159836,  0.29538727, ...,  1.0922346 ,
        1.5701094 ,  1.978775  ], shape=(7623,), dtype=float32), 'C3': array([-1.347095 , -1.7353392, -2.0921738, ...,  0.6348648,  1.4351883,
        2.0357285], shape=(7623,), dtype=float32), 'C4': array([-0.15209961, -0.3544922 , -0.5235138 , ..., -7.95739   ,
       -7.436577  , -6.7507877 ], shape=(7623,), dtype=float32)}",680693.0,688316.0,7623.0,ok,1.6214220340771135,0.8096265519270673,0.6195658606884535,2.6456924206286203,1.93982980704277,1.3182932179915952,1.432666918844916,0.9257451893063262,4.273293598089367,1.8134272036149923,1.4136514364508912,1.1465210991445929,0.822259702545125,3.232872797525488,2.4733767647830973,"{'CZ': (array([0.00000000e+00, 4.88281250e-01, 9.76562500e-01, ...,
       4.99023438e+02, 4.99511719e+02, 5.00000000e+02], shape=(1025,)), array([3.8983711e-04, 2.0137674e-04, 3.0277146e-03, ..., 1.6668765e-16,
       5.9656372e-17, 2.9778648e-17], shape=(1025,), dtype=float32)), 'C3': (array([0.00000000e+00, 4.88281250e-01, 9.76562500e-01, ...,
       4.99023438e+02, 4.99511719e+02, 5.00000000e+02], shape=(1025,)), array([5.74608427e-03, 2.05429737e-03, 1.72414386e-03, ...,
       1.05273814e-16, 1.27828693e-16, 4.50503837e-17],
      shape=(1025,), dtype=float32)), 'C4': (array([0.00000000e+00, 4.88281250e-01, 9.76562500e-01, ...,
       4.99023438e+02, 4.99511719e+02, 5.00000000e+02], shape=(1025,)), array([1.2366369e-02, 4.6957270e-03, 3.3162257e-03, ..., 1.3840935e-16,
       1.5372463e-16, 3.2369169e-17], shape=(1025,), dtype=float32))}",10.062501545567994,3.4805542210036555,3.301004532478485,1.9009809013724919,3.416784740624778,2.90583239062881,1.9352908127551927,1.3561557328514078,0.32086850612519535,0.3168611650765897,2.352645066455276,1.6068487429328717,1.2055229598011281,0.36930676189602,0.5579639501479483,"[3.8983711e-04 2.0137674e-04 3.0277146e-03 ... 1.6668765e-16 5.9656372e-17
 2.9778648e-17]","[5.74608427e-03 2.05429737e-03 1.72414386e-03 ... 1.05273814e-16
 1.27828693e-16 4.50503837e-17]","[1.2366369e-02 4.6957270e-03 3.3162257e-03 ... 1.3840935e-16 1.5372463e-16
 3.2369169e-17]",0.85,0.6960690316395014
266,2019-01-08 09:08:06.629004,2019-01-08 09:08:14.284002,2019-01-08 09:08:39.285003,ID_02,SF,0.8084404335756262,0.625,0.8003213007268788,1.0,protB_SF,6,2019-01-08 08:54:32,0 days 00:13:34.629004,0 days 00:13:42.284002,0 days 00:14:07.285003,814.629004,822.284002,847.285003,"{'CZ': array([6.959648 , 6.38031  , 5.7361298, ..., 3.4073677, 3.056839 ,
       2.6653214], shape=(7655,), dtype=float32), 'C3': array([4.5948772 , 2.420618  , 0.54696274, ..., 0.56264496, 0.61727524,
       0.6800041 ], shape=(7655,), dtype=float32), 'C4': array([12.437927 , 10.853172 ,  8.964485 , ...,  2.6926174,  3.3710423,
        3.8947124], shape=(7655,), dtype=float32)}",814629.0,822284.0,7655.0,ok,9.721520444145426,1.6428635572083294,1.0657725579221733,3.1905219693726394,2.215941838130675,9.772236982826144,2.912167925387621,1.5236587714753114,6.065052148187533,2.579253641442847,2.59141079368419,1.6794089751783758,1.2991673065698706,5.301802098983899,3.0230259262680192,"{'CZ': (array([0.00000000e+00, 4.88281250e-01, 9.76562500e-01, ...,
       4.99023438e+02, 4.99511719e+02, 5.00000000e+02], shape=(1025,)), array([1.0709133e-02, 6.0030515e-03, 3.0803971e-02, ..., 1.9944540e-16,
       1.4830112e-16, 8.6103970e-17], shape=(1025,), dtype=float32)), 'C3': (array([0.00000000e+00, 4.88281250e-01, 9.76562500e-01, ...,
       4.99023438e+02, 4.99511719e+02, 5.00000000e+02], shape=(1025,)), array([4.3668165e-03, 8.5948332e-04, 5.2284494e-02, ..., 1.1788101e-16,
       2.1942940e-16, 3.2566540e-16], shape=(1025,), dtype=float32)), 'C4': (array([0.00000000e+00, 4.88281250e-01, 9.76562500e-01, ...,
       4.99023438e+02, 4.99511719e+02, 5.00000000e+02], shape=(1025,)), array([1.2117941e-02, 4.7030402e-03, 9.5822038e-03, ..., 9.0748390e-17,
       9.6362730e-17, 3.5527139e-17], shape=(1025,), dtype=float32))}",60.33149447741613,7.062608896613394,5.678363298428021,2.2924514134359035,3.9031239911605176,21.540338951950826,3.933846560613639,2.232059752202329,0.4554061586665739,0.4506744534472805,4.312710801063054,2.353690832771346,1.9047218437741928,0.6056506049009894,0.6819581679736864,"[1.0709133e-02 6.0030515e-03 3.0803971e-02 ... 1.9944540e-16 1.4830112e-16
 8.6103970e-17]","[4.3668165e-03 8.5948332e-04 5.2284494e-02 ... 1.1788101e-16 2.1942940e-16
 3.2566540e-16]","[1.2117941e-02 4.7030402e-03 9.5822038e-03 ... 9.0748390e-17 9.6362730e-17
 3.5527139e-17]",0.7942307692307692,0.8322147651006712
267,2019-01-08 09:10:21.064998,2019-01-08 09:10:28.878997,2019-01-08 09:10:53.879998,ID_02,SF,0.6078579509760685,0.5625,0.7610738529282056,0.5,protB_SF,8,2019-01-08 08:54:32,0 days 00:15:49.064998,0 days 00:15:56.878997,0 days 00:16:21.879998,949.064998,956.878997,981.879998,"{'CZ': array([ 0.3932495 ,  0.30467987,  0.265213  , ..., -2.0348682 ,
       -2.0070553 , -1.9219933 ], shape=(7814,), dtype=float32), 'C3': array([ 1.8836365,  1.662262 ,  1.4535217, ..., -1.8920135, -1.565218 ,
       -1.1410007], shape=(7814,), dtype=float32), 'C4': array([-6.0979004, -5.8546677, -5.2680054, ..., -0.5440159, -1.6234856,
       -2.649046 ], shape=(7814,), dtype=float32)}",949065.0,956879.0,7814.0,ok,2.1648986148647964,1.1772867947001942,0.6484677505795844,2.335980188945541,1.6052647758897365,1.421509892679751,1.865606231149286,1.4090727090660948,3.23563988058595,1.9005282867965434,1.8522029640735127,1.7448335129301995,0.9739526140037924,3.5700106418516953,2.3722762136912934,"{'CZ': (array([0.00000000e+00, 4.88281250e-01, 9.76562500e-01, ...,
       4.99023438e+02, 4.99511719e+02, 5.00000000e+02], shape=(1025,)), array([3.5681587e-03, 1.7300666e-03, 1.5005796e-02, ..., 1.3137640e-16,
       6.5657355e-17, 6.1642048e-17], shape=(1025,), dtype=float32)), 'C3': (array([0.00000000e+00, 4.88281250e-01, 9.76562500e-01, ...,
       4.99023438e+02, 4.99511719e+02, 5.00000000e+02], shape=(1025,)), array([4.8004906e-03, 1.9618815e-03, 7.1136137e-03, ..., 1.7463192e-16,
       1.2124869e-16, 1.1289733e-16], shape=(1025,), dtype=float32)), 'C4': (array([0.00000000e+00, 4.88281250e-01, 9.76562500e-01, ...,
       4.99023438e+02, 4.99511719e+02, 5.00000000e+02], shape=(1025,)), array([1.18224854e-02, 5.49497036e-03, 6.44169189e-03, ...,
       1.99975161e-16, 1.07590635e-16, 3.38618030e-17],
      shape=(1025,), dtype=float32))}",13.435302592563005,5.061111833440395,3.4549918251640506,1.6784467047438845,2.8274873244081324,3.1333465373061173,2.520118634604198,2.064198717399038,0.2429542719243339,0.33208038680289986,3.08249689643545,2.445383289475297,1.4279214149807644,0.4078196553497979,0.5351568858735072,"[3.5681587e-03 1.7300666e-03 1.5005796e-02 ... 1.3137640e-16 6.5657355e-17
 6.1642048e-17]","[4.8004906e-03 1.9618815e-03 7.1136137e-03 ... 1.7463192e-16 1.2124869e-16
 1.1289733e-16]","[1.18224854e-02 5.49497036e-03 6.44169189e-03 ... 1.99975161e-16
 1.07590635e-16 3.38618030e-17]",0.8442307692307692,0.8705656759348035
268,2019-01-08 09:12:35.206998,2019-01-08 09:12:42.851998,2019-01-08 09:13:07.852003,ID_02,SF,0.511804986334174,0.75,0.7854149590025222,0.0,protB_SF,8,2019-01-08 08:54:32,0 days 00:18:03.206998,0 days 00:18:10.851998,0 days 00:18:35.852003,1083.206998,1090.851998,1115.852003,"{'CZ': array([18.53653  , 18.766663 , 19.050537 , ..., -1.6245995, -0.9935341,
       -0.3453827], shape=(7645,), dtype=float32), 'C3': array([11.647301  , 11.829353  , 12.123306  , ...,  0.01741791,
       -0.39604378, -0.82590866], shape=(7645,), dtype=float32), 'C4': array([-15.587311 , -15.174332 , -14.644363 , ...,  -1.8787374,
        -1.5961533,  -1.2312732], shape=(7645,), dtype=float32)}",1083207.0,1090852.0,7645.0,ok,7.005755891441368,1.8195968732470647,0.48536201211391017,1.746485722833313,1.6451014873837266,3.0298908095574006,2.2113790619187057,0.9525352361379191,2.3923248445498757,1.8679334625630872,2.68993029021658,1.4501029072562233,0.8484700992994476,3.221317660063505,2.5888475900046615,"{'CZ': (array([0.00000000e+00, 4.88281250e-01, 9.76562500e-01, ...,
       4.99023438e+02, 4.99511719e+02, 5.00000000e+02], shape=(1025,)), array([4.5394015e-02, 1.8546963e-02, 3.0228881e-02, ..., 5.6319241e-17,
       1.4745148e-16, 7.8949188e-17], shape=(1025,), dtype=float32)), 'C3': (array([0.00000000e+00, 4.88281250e-01, 9.76562500e-01, ...,
       4.99023438e+02, 4.99511719e+02, 5.00000000e+02], shape=(1025,)), array([4.77037206e-03, 2.74683326e-03, 8.87547806e-03, ...,
       1.02919314e-16, 1.18059135e-16, 3.96719693e-17],
      shape=(1025,), dtype=float32)), 'C4': (array([0.00000000e+00, 4.88281250e-01, 9.76562500e-01, ...,
       4.99023438e+02, 4.99511719e+02, 5.00000000e+02], shape=(1025,)), array([1.6686255e-02, 7.5331256e-03, 5.5913390e-03, ..., 1.1620951e-16,
       1.3441958e-16, 1.7368824e-16], shape=(1025,), dtype=float32))}",43.477532686686146,7.822378802462535,2.585975605725872,1.2548835902992133,2.8976550615236065,6.678601341736231,2.9871992755307937,1.3954013870699797,0.1796323330978523,0.32638507465500055,4.476670177108747,2.032318494083035,1.2439502778066567,0.36798676241982203,0.5840127748497997,"[4.5394015e-02 1.8546963e-02 3.0228881e-02 ... 5.6319241e-17 1.4745148e-16
 7.8949188e-17]","[4.77037206e-03 2.74683326e-03 8.87547806e-03 ... 1.02919314e-16
 1.18059135e-16 3.96719693e-17]","[1.6686255e-02 7.5331256e-03 5.5913390e-03 ... 1.1620951e-16 1.3441958e-16
 1.7368824e-16]",0.8673076923076923,0.5714285714285714
269,2019-01-08 09:14:49.270001,2019-01-08 09:14:56.905002,2019-01-08 09:15:21.904998,ID_02,SF,0.7033652042283737,0.6875,0.7559289460184545,0.6666666666666667,protB_SF,8,2019-01-08 08:54:32,0 days 00:20:17.270001,0 days 00:20:24.905002,0 days 00:20:49.904998,1217.270001,1224.905002,1249.904998,"{'CZ': array([ 2.6468163 ,  2.5383224 ,  2.4814034 , ...,  0.9272499 ,
        0.3048935 , -0.40278625], shape=(7635,), dtype=float32), 'C3': array([-1.6756477, -1.5649223, -1.3111649, ..., -1.5912781, -1.7083778,
       -1.8135166], shape=(7635,), dtype=float32), 'C4': array([3.03125  , 3.191986 , 3.3663254, ..., 1.7210388, 1.3948975,
       1.0335999], shape=(7635,), dtype=float32)}",1217270.0,1224905.0,7635.0,ok,3.7631703235092573,1.4882900577504188,0.4388721408759011,1.99355297445436,1.8349797514929378,1.353225257844315,1.404808775987476,0.823677568405401,3.4848361792683136,1.71872082205482,1.63629492817563,2.1187727979850024,1.2436359684215859,2.8454841958591715,1.8351973160406487,"{'CZ': (array([0.00000000e+00, 4.88281250e-01, 9.76562500e-01, ...,
       4.99023438e+02, 4.99511719e+02, 5.00000000e+02], shape=(1025,)), array([5.0932937e-03, 1.9066519e-03, 5.6921407e-03, ..., 4.2342674e-17,
       3.1770975e-17, 5.2155806e-17], shape=(1025,), dtype=float32)), 'C3': (array([0.00000000e+00, 4.88281250e-01, 9.76562500e-01, ...,
       4.99023438e+02, 4.99511719e+02, 5.00000000e+02], shape=(1025,)), array([4.3521742e-03, 2.4838629e-03, 1.8993123e-02, ..., 1.2799638e-16,
       7.5212979e-17, 4.3668774e-17], shape=(1025,), dtype=float32)), 'C4': (array([0.00000000e+00, 4.88281250e-01, 9.76562500e-01, ...,
       4.99023438e+02, 4.99511719e+02, 5.00000000e+02], shape=(1025,)), array([2.7450947e-03, 1.6751651e-03, 6.4357482e-03, ..., 1.8829382e-16,
       9.7544658e-17, 4.8356380e-17], shape=(1025,), dtype=float32))}",23.354133840977884,6.39810321221731,2.3382807512991244,1.4324061636052243,3.232103554390986,2.982830930475213,1.8976591712178192,1.2066333903945017,0.2616656574761922,0.30031306524577045,2.7231756646483043,2.969459009121298,1.8233068079661312,0.32505348036068715,0.41399836787451605,"[5.0932937e-03 1.9066519e-03 5.6921407e-03 ... 4.2342674e-17 3.1770975e-17
 5.2155806e-17]","[4.3521742e-03 2.4838629e-03 1.8993123e-02 ... 1.2799638e-16 7.5212979e-17
 4.3668774e-17]","[2.7450947e-03 1.6751651e-03 6.4357482e-03 ... 1.8829382e-16 9.7544658e-17
 4.8356380e-17]",0.5846153846153846,0.7698945349952061
270,2019-01-08 13:59:14.242004,2019-01-08 13:59:23.623003,2019-01-08 13:59:48.622998,ID_03,SF,0.7685546572168943,0.7551020408163265,0.7610882466238301,0.7894736842105263,protB_SF,4,2019-01-08 13:58:17,0 days 00:00:57.242004,0 days 00:01:06.623003,0 days 00:01:31.622998,57.242004,66.623003,91.622998,"{'CZ': array([-4.2130547 , -4.285515  , -4.213135  , ...,  1.0191793 ,
        0.42488384, -0.1792965 ], shape=(9381,), dtype=float32), 'C3': array([-0.58260727, -0.60611725, -0.60920715, ..., -1.1268482 ,
       -1.4906559 , -1.9330473 ], shape=(9381,), dtype=float32), 'C4': array([-0.21285248, -0.1886158 , -0.06356621, ...,  3.5855236 ,
        3.761406  ,  3.8718204 ], shape=(9381,), dtype=float32)}",57242.0,66623.0,9381.0,ok,0.6385638048413966,1.28999947628472,0.6507103098556399,1.0842284300451865,0.6470969840393082,0.781130056566326,1.0272128274664283,1.059422102116514,1.2662932849707431,0.9645323005997852,0.783670808232273,0.7843829152989201,0.6742147124896292,1.270140433916822,0.820450552055263,"{'CZ': (array([0.00000000e+00, 4.88281250e-01, 9.76562500e-01, ...,
       4.99023438e+02, 4.99511719e+02, 5.00000000e+02], shape=(1025,)), array([4.2628869e-03, 1.8186644e-03, 1.4633150e-03, ..., 3.7596083e-17,
       2.7407261e-17, 1.8635557e-17], shape=(1025,), dtype=float32)), 'C3': (array([0.00000000e+00, 4.88281250e-01, 9.76562500e-01, ...,
       4.99023438e+02, 4.99511719e+02, 5.00000000e+02], shape=(1025,)), array([2.93257763e-03, 1.05973228e-03, 2.01483862e-03, ...,
       2.66826645e-17, 4.93295412e-17, 1.20736755e-17],
      shape=(1025,), dtype=float32)), 'C4': (array([0.00000000e+00, 4.88281250e-01, 9.76562500e-01, ...,
       4.99023438e+02, 4.99511719e+02, 5.00000000e+02], shape=(1025,)), array([5.3369761e-03, 2.1765660e-03, 2.0560999e-03, ..., 3.7567172e-17,
       6.2735694e-17, 1.4442152e-17], shape=(1025,), dtype=float32))}",1.643157506761211,1.7223040639208709,1.0580221393930165,0.3720476644520879,0.9314699479230243,1.8716854125604547,1.4451451606224894,1.6109799015671182,0.3230279513131287,0.8169897387772974,2.044728590366237,1.1720640748010833,1.117925202540882,0.5600153175057686,0.8719922010360985,"[4.2628869e-03 1.8186644e-03 1.4633150e-03 ... 3.7596083e-17 2.7407261e-17
 1.8635557e-17]","[2.93257763e-03 1.05973228e-03 2.01483862e-03 ... 2.66826645e-17
 4.93295412e-17 1.20736755e-17]","[5.3369761e-03 2.1765660e-03 2.0560999e-03 ... 3.7567172e-17 6.2735694e-17
 1.4442152e-17]",0.8653846153846154,0.9300095877277086
271,2019-01-08 14:01:30.639997,2019-01-08 14:01:38.642005,2019-01-08 14:02:03.642000,ID_03,SF,0.74523459319014,0.5625,0.8160609224275623,0.8571428571428572,protB_SF,4,2019-01-08 13:58:17,0 days 00:03:13.639997,0 days 00:03:21.642005,0 days 00:03:46.642000,193.639997,201.642005,226.642,"{'CZ': array([-0.00957298, -0.08920479, -0.25832367, ..., -2.9140606 ,
       -3.101534  , -3.366375  ], shape=(8002,), dtype=float32), 'C3': array([ 0.6842022 ,  0.37595558,  0.12481689, ..., -0.32168388,
       -0.74544144, -1.2559528 ], shape=(8002,), dtype=float32), 'C4': array([ 1.3907242 ,  1.2863979 ,  1.1253128 , ..., -0.72609997,
       -0.7367592 , -0.86169815], shape=(8002,), dtype=float32)}",193640.0,201642.0,8002.0,ok,1.1282767318334663,0.7182047629612498,1.5324125197366811,1.596714100742247,1.1227166892240348,0.8335846046065853,0.586653666687198,1.605383433343377,2.1068642436148366,1.6534587462047057,1.1455292697064579,0.8285200747195631,0.6441105979320128,1.8724530182225863,1.8269741269705264,"{'CZ': (array([0.00000000e+00, 4.88281250e-01, 9.76562500e-01, ...,
       4.99023438e+02, 4.99511719e+02, 5.00000000e+02], shape=(1025,)), array([2.4256129e-03, 8.8025600e-04, 2.4034418e-03, ..., 7.6827424e-17,
       8.2756330e-17, 2.0539126e-17], shape=(1025,), dtype=float32)), 'C3': (array([0.00000000e+00, 4.88281250e-01, 9.76562500e-01, ...,
       4.99023438e+02, 4.99511719e+02, 5.00000000e+02], shape=(1025,)), array([1.9005379e-03, 5.4491166e-04, 1.9832924e-03, ..., 4.0880881e-17,
       1.0791872e-16, 3.3010631e-17], shape=(1025,), dtype=float32)), 'C4': (array([0.00000000e+00, 4.88281250e-01, 9.76562500e-01, ...,
       4.99023438e+02, 4.99511719e+02, 5.00000000e+02], shape=(1025,)), array([4.7540157e-03, 1.9799343e-03, 1.8659942e-03, ..., 1.1796273e-16,
       1.1114937e-16, 1.8158313e-17], shape=(1025,), dtype=float32))}",2.903290740189444,0.9588895226051015,2.4916254560714393,0.5479046071076654,1.6161052853559519,1.9973730769437401,0.8253398757349057,2.4411803758466086,0.5374553023279354,1.4005324946617146,2.98887801391208,1.2380160198418413,1.0680091331631243,0.8255798677953325,1.941746746616519,"[2.4256129e-03 8.8025600e-04 2.4034418e-03 ... 7.6827424e-17 8.2756330e-17
 2.0539126e-17]","[1.9005379e-03 5.4491166e-04 1.9832924e-03 ... 4.0880881e-17 1.0791872e-16
 3.3010631e-17]","[4.7540157e-03 1.9799343e-03 1.8659942e-03 ... 1.1796273e-16 1.1114937e-16
 1.8158313e-17]",0.2634615384615384,0.0278044103547459
272,2019-01-08 14:03:45.568001,2019-01-08 14:03:53.244001,2019-01-08 14:04:18.243996,ID_03,SF,0.3958401750702753,0.3125,0.8750205252108261,0.0,protB_SF,4,2019-01-08 13:58:17,0 days 00:05:28.568001,0 days 00:05:36.244001,0 days 00:06:01.243996,328.568001,336.244001,361.243996,"{'CZ': array([-1.3464584, -1.7636185, -2.0725403, ...,  4.089653 ,  4.1264076,
        4.177231 ], shape=(7676,), dtype=float32), 'C3': array([-0.1486969 , -0.3683586 , -0.55768204, ...,  1.5798918 ,
        1.6245093 ,  1.7941353 ], shape=(7676,), dtype=float32), 'C4': array([-0.07095337, -0.57419586, -0.94693756, ..., -1.8862176 ,
       -1.5440521 , -1.1134367 ], shape=(7676,), dtype=float32)}",328568.0,336244.0,7676.0,ok,0.7753742193017388,1.4195655385265127,1.5696519294579048,1.0513363595237024,0.782181886052058,0.8676649558765348,0.9509319133940153,1.6597776921116747,1.6909522200876381,1.0791560241614206,1.273205692996271,0.9095803980017081,1.055921249644598,1.3596654334833147,0.9308450496519072,"{'CZ': (array([0.00000000e+00, 4.88281250e-01, 9.76562500e-01, ...,
       4.99023438e+02, 4.99511719e+02, 5.00000000e+02], shape=(1025,)), array([4.42861626e-03, 2.02206941e-03, 1.76637422e-03, ...,
       6.10499328e-17, 1.02906906e-16, 1.97372970e-17],
      shape=(1025,), dtype=float32)), 'C3': (array([0.00000000e+00, 4.88281250e-01, 9.76562500e-01, ...,
       4.99023438e+02, 4.99511719e+02, 5.00000000e+02], shape=(1025,)), array([2.3706246e-03, 6.8364223e-04, 2.0733716e-03, ..., 7.5620064e-17,
       1.4328970e-16, 2.4338554e-17], shape=(1025,), dtype=float32)), 'C4': (array([0.00000000e+00, 4.88281250e-01, 9.76562500e-01, ...,
       4.99023438e+02, 4.99511719e+02, 5.00000000e+02], shape=(1025,)), array([4.5180633e-03, 1.8450295e-03, 1.6439649e-03, ..., 4.5790919e-17,
       4.1392141e-17, 2.2895267e-17], shape=(1025,), dtype=float32))}",1.9951991630831798,1.89529030123932,2.5521748577732857,0.36076091188464093,1.1259192032070815,2.0790338654266427,1.3378285550739566,2.5238934488146967,0.4313572834242082,0.9140797023918581,3.322007218514283,1.3591403979455603,1.750838353137119,0.599487622865206,0.9893218081652897,"[4.42861626e-03 2.02206941e-03 1.76637422e-03 ... 6.10499328e-17
 1.02906906e-16 1.97372970e-17]","[2.3706246e-03 6.8364223e-04 2.0733716e-03 ... 7.5620064e-17 1.4328970e-16
 2.4338554e-17]","[4.5180633e-03 1.8450295e-03 1.6439649e-03 ... 4.5790919e-17 4.1392141e-17
 2.2895267e-17]",0.9961538461538462,0.99712368168744
273,2019-01-08 14:05:59.458001,2019-01-08 14:06:07.138004,2019-01-08 14:06:32.137999,ID_03,SF,0.520666583436905,0.6875,0.8744997503107149,0.0,protB_SF,6,2019-01-08 13:58:17,0 days 00:07:42.458001,0 days 00:07:50.138004,0 days 00:08:15.137999,462.458001,470.138004,495.137999,"{'CZ': array([ 0.7992313 ,  0.4845376 ,  0.25367117, ..., -3.5097637 ,
       -3.4008389 , -3.2668343 ], shape=(7680,), dtype=float32), 'C3': array([-0.11244392,  0.02768803,  0.25550175, ...,  2.550293  ,
        2.6057663 ,  2.550377  ], shape=(7680,), dtype=float32), 'C4': array([-1.0247526 , -1.2770157 , -1.4818068 , ...,  0.57198334,
        0.6588516 ,  0.7068558 ], shape=(7680,), dtype=float32)}",462458.0,470138.0,7680.0,ok,0.5470066957968811,0.5650768398481887,0.40877389983506873,0.8155992227329989,0.6354245902002731,0.9527006332064047,0.7238050020532683,1.4582351432181895,1.4170068679959513,0.8947035645405776,0.8582665532230749,1.0168523658649065,0.8660411003802437,1.267209123398061,0.896622909067446,"{'CZ': (array([0.00000000e+00, 4.88281250e-01, 9.76562500e-01, ...,
       4.99023438e+02, 4.99511719e+02, 5.00000000e+02], shape=(1025,)), array([1.3720338e-03, 4.9514510e-04, 4.4931876e-04, ..., 5.6405492e-17,
       7.0421320e-17, 9.5725898e-18], shape=(1025,), dtype=float32)), 'C3': (array([0.00000000e+00, 4.88281250e-01, 9.76562500e-01, ...,
       4.99023438e+02, 4.99511719e+02, 5.00000000e+02], shape=(1025,)), array([2.5663138e-03, 1.0172203e-03, 3.0695514e-03, ..., 8.2452576e-17,
       3.1871110e-17, 1.5789839e-17], shape=(1025,), dtype=float32)), 'C4': (array([0.00000000e+00, 4.88281250e-01, 9.76562500e-01, ...,
       4.99023438e+02, 4.99511719e+02, 5.00000000e+02], shape=(1025,)), array([1.4988281e-03, 4.8173519e-04, 2.7458363e-03, ..., 4.0880877e-17,
       7.8175126e-17, 1.6986414e-17], shape=(1025,), dtype=float32))}",1.4075620190695517,0.7544453742733866,0.6646457409403492,0.27986887037642444,0.9146680088790269,2.282789994726221,1.0182926731274853,2.2174235394845394,0.3614745738590415,0.7578425637198263,2.239361401618221,1.5194315227436532,1.4359953210991443,0.5587228786958255,0.9529497932794968,"[1.3720338e-03 4.9514510e-04 4.4931876e-04 ... 5.6405492e-17 7.0421320e-17
 9.5725898e-18]","[2.5663138e-03 1.0172203e-03 3.0695514e-03 ... 8.2452576e-17 3.1871110e-17
 1.5789839e-17]","[1.4988281e-03 4.8173519e-04 2.7458363e-03 ... 4.0880877e-17 7.8175126e-17
 1.6986414e-17]",0.9846153846153848,0.9520613614573348
274,2019-01-08 14:08:13.376999,2019-01-08 14:08:21.685001,2019-01-08 14:08:46.684996,ID_03,SF,0.623540170974025,0.8125,0.7247871795887415,0.3333333333333333,protB_SF,6,2019-01-08 13:58:17,0 days 00:09:56.376999,0 days 00:10:04.685001,0 days 00:10:29.684996,596.376999,604.685001,629.684996,"{'CZ': array([-0.8358247, -0.6080284, -0.4009266, ..., -2.4810295, -2.2186956,
       -1.9561043], shape=(8308,), dtype=float32), 'C3': array([ 3.2974625 ,  3.4432888 ,  3.4264107 , ..., -0.30267143,
       -0.76062393, -1.3357067 ], shape=(8308,), dtype=float32), 'C4': array([-3.077526 , -3.2924194, -3.481224 , ..., -2.192665 , -1.9133453,
       -1.6510353], shape=(8308,), dtype=float32)}",596377.0,604685.0,8308.0,ok,0.8300745794258546,0.734763489163015,0.28301806923991535,0.7029864818832721,0.5444012759880934,0.8513710945408093,1.0664930159691721,0.8010443489183672,1.3343919017643202,0.697120507766158,1.003843379294267,1.1518461105879396,0.5426944990176708,1.2365705842967145,0.7406711748672024,"{'CZ': (array([0.00000000e+00, 4.88281250e-01, 9.76562500e-01, ...,
       4.99023438e+02, 4.99511719e+02, 5.00000000e+02], shape=(1025,)), array([3.2959227e-03, 1.1922669e-03, 1.0851566e-03, ..., 2.1739223e-17,
       3.9581105e-17, 7.8244288e-18], shape=(1025,), dtype=float32)), 'C3': (array([0.00000000e+00, 4.88281250e-01, 9.76562500e-01, ...,
       4.99023438e+02, 4.99511719e+02, 5.00000000e+02], shape=(1025,)), array([5.1989179e-04, 3.5490043e-04, 2.6598016e-03, ..., 5.5184690e-17,
       4.0608057e-17, 2.9161855e-17], shape=(1025,), dtype=float32)), 'C4': (array([0.00000000e+00, 4.88281250e-01, 9.76562500e-01, ...,
       4.99023438e+02, 4.99511719e+02, 5.00000000e+02], shape=(1025,)), array([9.6390600e-04, 4.9087871e-04, 4.5786453e-03, ..., 4.6951860e-17,
       4.9368664e-17, 4.4485578e-17], shape=(1025,), dtype=float32))}",2.1359545686965733,0.9809974086585055,0.4601731040200158,0.24122636104936043,0.7836436279280414,2.0399917336843076,1.500406906587139,1.2180851652927698,0.34039972207995806,0.5904833888735578,2.6191957596619804,1.7211459092081252,0.8998496272676403,0.545214095930882,0.7872009914534639,"[3.2959227e-03 1.1922669e-03 1.0851566e-03 ... 2.1739223e-17 3.9581105e-17
 7.8244288e-18]","[5.1989179e-04 3.5490043e-04 2.6598016e-03 ... 5.5184690e-17 4.0608057e-17
 2.9161855e-17]","[9.6390600e-04 4.9087871e-04 4.5786453e-03 ... 4.6951860e-17 4.9368664e-17
 4.4485578e-17]",0.8711538461538462,0.6922339405560882
275,2019-01-08 14:10:29.055000,2019-01-08 14:10:36.819995,2019-01-08 14:11:01.819005,ID_03,SF,0.9030346227496896,0.875,0.8341038682490691,1.0,protB_SF,6,2019-01-08 13:58:17,0 days 00:12:12.055000,0 days 00:12:19.819995,0 days 00:12:44.819005,732.055,739.819995,764.819005,"{'CZ': array([ 0.55088043,  0.88267136,  1.2496605 , ..., -2.4836655 ,
       -2.3423748 , -2.151497  ], shape=(7765,), dtype=float32), 'C3': array([ 0.00222969,  0.34781265,  0.5854063 , ...,  1.1835594 ,
        0.546751  , -0.17169571], shape=(7765,), dtype=float32), 'C4': array([0.21945   , 0.30195045, 0.42647552, ..., 1.611949  , 1.7741709 ,
       1.7892656 ], shape=(7765,), dtype=float32)}",732055.0,739820.0,7765.0,ok,0.8972037394414656,0.47290876682382077,0.31606997072231025,0.7297340707737021,0.7085462975737755,1.038954558680416,1.1800371285062283,1.8078730681736488,1.9531401248968905,1.1691471561334765,2.1851977180631366,1.1035916395485401,1.7784671726985835,1.660746020206716,1.2513901663169236,"{'CZ': (array([0.00000000e+00, 4.88281250e-01, 9.76562500e-01, ...,
       4.99023438e+02, 4.99511719e+02, 5.00000000e+02], shape=(1025,)), array([3.5797360e-03, 1.3879454e-03, 1.2170722e-03, ..., 4.2814521e-17,
       4.7698728e-17, 1.5839184e-17], shape=(1025,), dtype=float32)), 'C3': (array([0.00000000e+00, 4.88281250e-01, 9.76562500e-01, ...,
       4.99023438e+02, 4.99511719e+02, 5.00000000e+02], shape=(1025,)), array([4.5502889e-03, 2.0531875e-03, 1.9090058e-03, ..., 4.6407324e-17,
       8.2269167e-17, 2.7940613e-17], shape=(1025,), dtype=float32)), 'C4': (array([0.00000000e+00, 4.88281250e-01, 9.76562500e-01, ...,
       4.99023438e+02, 4.99511719e+02, 5.00000000e+02], shape=(1025,)), array([1.0176589e-02, 3.5229328e-03, 5.4066996e-03, ..., 1.0749425e-16,
       8.1789521e-17, 5.1366318e-17], shape=(1025,), dtype=float32))}",2.3086918619254346,0.631389939250413,0.5139138285602013,0.2504046649018008,1.019923750505388,2.48946519910312,1.6601476344700032,2.749090444303305,0.4982407003662567,0.9903050723005737,5.701547387997691,1.6490416717869723,2.948902237552338,0.732236518866237,1.3300039383825335,"[3.5797360e-03 1.3879454e-03 1.2170722e-03 ... 4.2814521e-17 4.7698728e-17
 1.5839184e-17]","[4.5502889e-03 2.0531875e-03 1.9090058e-03 ... 4.6407324e-17 8.2269167e-17
 2.7940613e-17]","[1.0176589e-02 3.5229328e-03 5.4066996e-03 ... 1.0749425e-16 8.1789521e-17
 5.1366318e-17]",0.8115384615384615,0.7027804410354745
276,2019-01-08 14:12:43.175003,2019-01-08 14:12:50.908003,2019-01-08 14:13:15.909004,ID_03,SF,0.6898445479250288,0.6875,0.8820336437750866,0.5,protB_SF,8,2019-01-08 13:58:17,0 days 00:14:26.175003,0 days 00:14:33.908003,0 days 00:14:58.909004,866.175003,873.908003,898.909004,"{'CZ': array([ 1.9208622 ,  1.8439274 ,  1.7272453 , ..., -0.19250107,
        0.47533417,  1.1158638 ], shape=(7733,), dtype=float32), 'C3': array([-1.1664906, -1.2023716, -1.3198605, ...,  2.1167278,  3.1180897,
        3.9792995], shape=(7733,), dtype=float32), 'C4': array([-0.5908108, -0.8745556, -1.2180691, ...,  3.408677 ,  3.34507  ,
        3.155467 ], shape=(7733,), dtype=float32)}",866175.0,873908.0,7733.0,ok,0.830199288429867,1.2631853460334241,0.6299622182268649,1.2236310340085765,0.9627204290154623,0.9453340892378037,0.7501318686990999,0.6723068727296777,2.1600713171210373,1.3453995733243573,0.6943396883798414,1.0975354234687984,0.6812019782955758,2.4200787520385347,1.877865921414923,"{'CZ': (array([0.00000000e+00, 4.88281250e-01, 9.76562500e-01, ...,
       4.99023438e+02, 4.99511719e+02, 5.00000000e+02], shape=(1025,)), array([4.7515715e-03, 1.8935455e-03, 2.1742582e-03, ..., 3.9832333e-17,
       4.4464531e-17, 2.9408574e-17], shape=(1025,), dtype=float32)), 'C3': (array([0.00000000e+00, 4.88281250e-01, 9.76562500e-01, ...,
       4.99023438e+02, 4.99511719e+02, 5.00000000e+02], shape=(1025,)), array([4.0937737e-03, 1.7818004e-03, 4.8812947e-04, ..., 4.3263230e-17,
       8.1855047e-17, 4.7566892e-17], shape=(1025,), dtype=float32)), 'C4': (array([0.00000000e+00, 4.88281250e-01, 9.76562500e-01, ...,
       4.99023438e+02, 4.99511719e+02, 5.00000000e+02], shape=(1025,)), array([5.9361015e-03, 2.2451028e-03, 3.0056702e-03, ..., 5.2495426e-17,
       8.8947777e-17, 6.7304186e-17], shape=(1025,), dtype=float32))}",2.136275470906423,1.6865039831058632,1.0242867890214067,0.41988298382381584,1.3857971370563382,2.2651388330904445,1.0553309021198316,1.0223242062716926,0.5510282811584061,1.139596512504393,1.8116487144120448,1.639992171654001,1.1295108894097963,1.0670325379158645,1.9958356222240485,"[4.7515715e-03 1.8935455e-03 2.1742582e-03 ... 3.9832333e-17 4.4464531e-17
 2.9408574e-17]","[4.0937737e-03 1.7818004e-03 4.8812947e-04 ... 4.3263230e-17 8.1855047e-17
 4.7566892e-17]","[5.9361015e-03 2.2451028e-03 3.0056702e-03 ... 5.2495426e-17 8.8947777e-17
 6.7304186e-17]",0.7269230769230769,0.9798657718120806
277,2019-01-08 14:14:57.206996,2019-01-08 14:15:04.924003,2019-01-08 14:15:29.925004,ID_03,SF,0.6435531648369203,0.625,0.8056594945107608,0.5,protB_SF,8,2019-01-08 13:58:17,0 days 00:16:40.206996,0 days 00:16:47.924003,0 days 00:17:12.925004,1000.206996,1007.924003,1032.925004,"{'CZ': array([0.8291416, 0.9930649, 1.1507092, ..., 3.8113823, 3.4780197,
       3.1088333], shape=(7717,), dtype=float32), 'C3': array([ 4.977035 ,  5.060207 ,  4.931691 , ..., -1.5654869, -1.3754768,
       -1.2712669], shape=(7717,), dtype=float32), 'C4': array([1.2753525, 1.5687675, 1.935585 , ..., 1.4004867, 1.6104482,
       1.72995  ], shape=(7717,), dtype=float32)}",1000207.0,1007924.0,7717.0,ok,0.7942995653138496,0.8405117150687147,0.7014599614194594,1.1231218732064008,0.7823393358421527,0.5417161628429312,1.4128338880254887,0.7623652127222158,1.8226237407361623,1.280830124642307,0.6440380866479245,0.8872277903719805,0.9136089392995927,1.7272337627218803,0.9947962512342201,"{'CZ': (array([0.00000000e+00, 4.88281250e-01, 9.76562500e-01, ...,
       4.99023438e+02, 4.99511719e+02, 5.00000000e+02], shape=(1025,)), array([3.9399872e-03, 1.6031287e-03, 2.4962428e-03, ..., 4.2780590e-17,
       8.1148827e-17, 1.4062825e-17], shape=(1025,), dtype=float32)), 'C3': (array([0.00000000e+00, 4.88281250e-01, 9.76562500e-01, ...,
       4.99023438e+02, 4.99511719e+02, 5.00000000e+02], shape=(1025,)), array([2.1397935e-03, 1.1341179e-03, 9.9894358e-04, ..., 4.6236164e-17,
       6.9431827e-17, 1.4963340e-17], shape=(1025,), dtype=float32)), 'C4': (array([0.00000000e+00, 4.88281250e-01, 9.76562500e-01, ...,
       4.99023438e+02, 4.99511719e+02, 5.00000000e+02], shape=(1025,)), array([2.2355395e-03, 8.6760818e-04, 2.4274492e-03, ..., 1.3110847e-16,
       7.8031719e-17, 1.8997149e-17], shape=(1025,), dtype=float32))}",2.043898015307629,1.1221839770084063,1.1405385128202556,0.38539375858653774,1.1261458458145999,1.2980197487193297,1.9876602019071068,1.1592688437364311,0.46494632797352037,1.0849041222351001,1.6804033979832342,1.32574001674151,1.514868245366817,0.7615515089575688,1.0572904979138318,"[3.9399872e-03 1.6031287e-03 2.4962428e-03 ... 4.2780590e-17 8.1148827e-17
 1.4062825e-17]","[2.1397935e-03 1.1341179e-03 9.9894358e-04 ... 4.6236164e-17 6.9431827e-17
 1.4963340e-17]","[2.2355395e-03 8.6760818e-04 2.4274492e-03 ... 1.3110847e-16 7.8031719e-17
 1.8997149e-17]",1.0076923076923077,0.9837008628954936
278,2019-01-08 14:17:11.165000,2019-01-08 14:17:18.898995,2019-01-08 14:17:43.899000,ID_03,SF,0.903394087533942,0.875,0.8351822626018263,1.0,protB_SF,8,2019-01-08 13:58:17,0 days 00:18:54.165000,0 days 00:19:01.898995,0 days 00:19:26.899000,1134.165,1141.898995,1166.899,"{'CZ': array([-4.0228825, -3.7802181, -3.530147 , ..., -6.4067345, -6.5659294,
       -6.6843033], shape=(7734,), dtype=float32), 'C3': array([-2.09733  , -1.2939291, -0.3708067, ..., -5.7213664, -5.5999365,
       -5.451334 ], shape=(7734,), dtype=float32), 'C4': array([0.98397887, 1.534431  , 2.0168097 , ..., 0.2772417 , 0.49849796,
       0.6334839 ], shape=(7734,), dtype=float32)}",1134165.0,1141899.0,7734.0,ok,0.9507212871540105,1.1766382231144235,0.8394850883632898,0.9391878447786439,0.8247092879969387,0.7715642168477643,0.9513676341157407,0.7502684202336241,1.5760520273033762,0.8478224249302002,0.6278157459291833,0.7697643377468921,0.869583323947154,1.2656802482524654,0.8588308537582634,"{'CZ': (array([0.00000000e+00, 4.88281250e-01, 9.76562500e-01, ...,
       4.99023438e+02, 4.99511719e+02, 5.00000000e+02], shape=(1025,)), array([2.2636633e-03, 1.0162949e-03, 1.2509325e-03, ..., 3.9305363e-17,
       2.5777219e-17, 9.7008824e-17], shape=(1025,), dtype=float32)), 'C3': (array([0.00000000e+00, 4.88281250e-01, 9.76562500e-01, ...,
       4.99023438e+02, 4.99511719e+02, 5.00000000e+02], shape=(1025,)), array([1.6970686e-03, 5.9280335e-04, 2.0560457e-03, ..., 8.2392423e-17,
       7.5235366e-17, 1.8664081e-17], shape=(1025,), dtype=float32)), 'C4': (array([0.00000000e+00, 4.88281250e-01, 9.76562500e-01, ...,
       4.99023438e+02, 4.99511719e+02, 5.00000000e+02], shape=(1025,)), array([3.9442154e-04, 2.5413081e-04, 1.9260120e-03, ..., 5.4248275e-17,
       7.0233993e-17, 1.1743692e-17], shape=(1025,), dtype=float32))}",2.4464036451499176,1.570953190826972,1.3649604066911267,0.32227769946700435,1.187135679024396,1.848764462957227,1.3384415533500174,1.1408742024186627,0.40204655871208816,0.7181327375376996,1.638076589938547,1.1502202670902841,1.4418687334188793,0.5580487851253633,0.9127835975128171,"[2.2636633e-03 1.0162949e-03 1.2509325e-03 ... 3.9305363e-17 2.5777219e-17
 9.7008824e-17]","[1.6970686e-03 5.9280335e-04 2.0560457e-03 ... 8.2392423e-17 7.5235366e-17
 1.8664081e-17]","[3.9442154e-04 2.5413081e-04 1.9260120e-03 ... 5.4248275e-17 7.0233993e-17
 1.1743692e-17]",0.9826923076923076,0.9261744966442952
279,2019-01-08 14:00:00.652001,2019-01-08 14:00:08.672004,2019-01-08 14:00:33.671999,ID_03,SF,0.5381979378112962,0.6875,0.7270938134338887,0.1999999999999999,protB_SF,4,2019-01-08 13:58:17,0 days 00:01:43.652001,0 days 00:01:51.672004,0 days 00:02:16.671999,103.652001,111.672004,136.671999,"{'CZ': array([0.35800552, 0.81814957, 1.1921844 , ..., 3.509081  , 3.577155  ,
       3.6429996 ], shape=(8020,), dtype=float32), 'C3': array([ 0.44438553,  1.1405754 ,  1.7347832 , ..., -3.1799965 ,
       -3.3995657 , -3.356103  ], shape=(8020,), dtype=float32), 'C4': array([ 0.02318954,  0.5258732 ,  0.8825207 , ..., -0.66223145,
        0.04119873,  0.8450165 ], shape=(8020,), dtype=float32)}",103652.0,111672.0,8020.0,ok,1.0386479607404908,1.3935734459664673,0.6933711956662592,1.4921896472515073,0.7997075117600616,0.981096434770734,0.8282866328954697,1.1057013180106878,1.6252278510364704,1.2492867085711623,1.3532827906601597,0.9752344340085983,0.674479226290714,1.6255143618764123,1.308539745878079,"{'CZ': (array([0.00000000e+00, 4.88281250e-01, 9.76562500e-01, ...,
       4.99023438e+02, 4.99511719e+02, 5.00000000e+02], shape=(1025,)), array([4.1493648e-03, 1.5378847e-03, 3.0335495e-03, ..., 9.8439780e-17,
       5.3306506e-17, 2.2895267e-17], shape=(1025,), dtype=float32)), 'C3': (array([0.00000000e+00, 4.88281250e-01, 9.76562500e-01, ...,
       4.99023438e+02, 4.99511719e+02, 5.00000000e+02], shape=(1025,)), array([2.9973295e-03, 1.0473755e-03, 1.4967350e-03, ..., 4.4390416e-17,
       1.8277045e-16, 4.1164600e-17], shape=(1025,), dtype=float32)), 'C4': (array([0.00000000e+00, 4.88281250e-01, 9.76562500e-01, ...,
       4.99023438e+02, 4.99511719e+02, 5.00000000e+02], shape=(1025,)), array([3.08595574e-03, 9.81491175e-04, 3.59074143e-03, ...,
       1.04010934e-16, 7.50877966e-17, 1.84050284e-17],
      shape=(1025,), dtype=float32))}",2.6726572671885993,1.8605877393631687,1.127386587735269,0.5120375538910846,1.1511466328941296,2.3508298904121503,1.1652837534063065,1.6813530668209427,0.41459117675845486,1.0581858389385397,3.5309417983236826,1.457243933181342,1.1183637967144808,0.7167025922237663,1.3907437203779058,"[4.1493648e-03 1.5378847e-03 3.0335495e-03 ... 9.8439780e-17 5.3306506e-17
 2.2895267e-17]","[2.9973295e-03 1.0473755e-03 1.4967350e-03 ... 4.4390416e-17 1.8277045e-16
 4.1164600e-17]","[3.08595574e-03 9.81491175e-04 3.59074143e-03 ... 1.04010934e-16
 7.50877966e-17 1.84050284e-17]",0.7884615384615384,0.8302972195589645
280,2019-01-08 14:02:15.657002,2019-01-08 14:02:23.694999,2019-01-08 14:02:48.695005,ID_03,SF,0.830991691094957,0.84,0.8404750732848711,0.8125,protB_SF,4,2019-01-08 13:58:17,0 days 00:03:58.657002,0 days 00:04:06.694999,0 days 00:04:31.695005,238.657002,246.694999,271.695005,"{'CZ': array([8.050343  , 7.8557396 , 7.535763  , ..., 0.29817963, 0.53930664,
       0.7765274 ], shape=(8038,), dtype=float32), 'C3': array([ 3.1464767,  2.8509102,  2.5403442, ..., -2.6555634, -2.621502 ,
       -2.6661491], shape=(8038,), dtype=float32), 'C4': array([ 4.923546 ,  4.534546 ,  3.9829407, ..., -1.709938 , -1.4928589,
       -1.2173691], shape=(8038,), dtype=float32)}",238657.0,246695.0,8038.0,ok,1.1248201262787916,1.2459737044991925,0.9189149641315453,1.196615941807977,0.8784447919651939,1.411638189892983,1.204049345687963,1.0567288190941326,2.074844374874374,1.943709703255081,1.7847588314907625,1.0057397448690608,1.0688600013963878,1.9958267985202838,1.564357219649537,"{'CZ': (array([0.00000000e+00, 4.88281250e-01, 9.76562500e-01, ...,
       4.99023438e+02, 4.99511719e+02, 5.00000000e+02], shape=(1025,)), array([1.6074426e-03, 7.5938791e-04, 4.9705477e-03, ..., 1.1774879e-16,
       7.9454198e-17, 7.9072552e-18], shape=(1025,), dtype=float32)), 'C3': (array([0.00000000e+00, 4.88281250e-01, 9.76562500e-01, ...,
       4.99023438e+02, 4.99511719e+02, 5.00000000e+02], shape=(1025,)), array([4.65942314e-03, 1.80649105e-03, 2.31391424e-03, ...,
       2.31271785e-16, 1.09301555e-16, 3.17770498e-17],
      shape=(1025,), dtype=float32)), 'C4': (array([0.00000000e+00, 4.88281250e-01, 9.76562500e-01, ...,
       4.99023438e+02, 4.99511719e+02, 5.00000000e+02], shape=(1025,)), array([6.0355421e-03, 2.5670873e-03, 2.8904418e-03, ..., 9.3042857e-17,
       1.3434469e-16, 8.6844113e-18], shape=(1025,), dtype=float32))}",2.894396175038688,1.6635243767524313,1.494109377929488,0.41061288752337843,1.2644857645872856,3.382461839261714,1.6939294745406621,1.606884437814172,0.5292871214465324,1.6463843478686921,4.656735163951859,1.5028264901861206,1.7722922852522065,0.8799763777404892,1.662631942597595,"[1.6074426e-03 7.5938791e-04 4.9705477e-03 ... 1.1774879e-16 7.9454198e-17
 7.9072552e-18]","[4.65942314e-03 1.80649105e-03 2.31391424e-03 ... 2.31271785e-16
 1.09301555e-16 3.17770498e-17]","[6.0355421e-03 2.5670873e-03 2.8904418e-03 ... 9.3042857e-17 1.3434469e-16
 8.6844113e-18]",0.9653846153846154,0.8935762224352828
281,2019-01-08 14:04:30.258998,2019-01-08 14:04:37.829999,2019-01-08 14:05:02.830004,ID_03,SF,0.5330041578459618,0.6875,0.7115124735378854,0.1999999999999999,protB_SF,4,2019-01-08 13:58:17,0 days 00:06:13.258998,0 days 00:06:20.829999,0 days 00:06:45.830004,373.258998,380.829999,405.830004,"{'CZ': array([ 0.51959896,  0.5023689 ,  0.5080862 , ..., -1.0630436 ,
       -0.7886238 , -0.3248024 ], shape=(7571,), dtype=float32), 'C3': array([-2.3693142, -1.8879242, -1.4406357, ..., -0.8183222, -1.0469198,
       -1.3450079], shape=(7571,), dtype=float32), 'C4': array([ 1.4100523 ,  0.73586273,  0.17736435, ..., -0.66015244,
       -0.5995178 , -0.4309349 ], shape=(7571,), dtype=float32)}",373259.0,380830.0,7571.0,ok,0.906187626242172,1.2521953176474199,2.070768765406683,1.3133237189322244,0.771350425793571,1.2917173326059128,1.160061699920334,1.2463235179893672,1.7486293691035826,1.0130097256251247,1.5045606596686412,0.9693367319414392,1.5324204141506925,1.299947920415434,0.9419641820613833,"{'CZ': (array([0.00000000e+00, 4.88281250e-01, 9.76562500e-01, ...,
       4.99023438e+02, 4.99511719e+02, 5.00000000e+02], shape=(1025,)), array([7.4004959e-03, 2.7185949e-03, 2.6540831e-03, ..., 5.2038617e-17,
       6.0722693e-17, 2.4474249e-17], shape=(1025,), dtype=float32)), 'C3': (array([0.00000000e+00, 4.88281250e-01, 9.76562500e-01, ...,
       4.99023438e+02, 4.99511719e+02, 5.00000000e+02], shape=(1025,)), array([5.9589795e-03, 2.5269873e-03, 2.6654683e-03, ..., 7.1388883e-17,
       1.5647744e-16, 2.4671623e-17], shape=(1025,), dtype=float32)), 'C4': (array([0.00000000e+00, 4.88281250e-01, 9.76562500e-01, ...,
       4.99023438e+02, 4.99511719e+02, 5.00000000e+02], shape=(1025,)), array([3.1738384e-03, 1.3564256e-03, 2.2467345e-03, ..., 2.1317822e-17,
       4.9335540e-17, 3.7106118e-17], shape=(1025,), dtype=float32))}",2.331809271532044,1.6718309767211357,3.366965554687261,0.4506605884498903,1.1103277540553262,3.0951164511804974,1.6320449928553482,1.8951861909621361,0.4460705662831891,0.8580516698120795,3.925651133674656,1.4484312925921945,2.5409285352750985,0.5731576823733232,1.0011394572838899,"[7.4004959e-03 2.7185949e-03 2.6540831e-03 ... 5.2038617e-17 6.0722693e-17
 2.4474249e-17]","[5.9589795e-03 2.5269873e-03 2.6654683e-03 ... 7.1388883e-17 1.5647744e-16
 2.4671623e-17]","[3.1738384e-03 1.3564256e-03 2.2467345e-03 ... 2.1317822e-17 4.9335540e-17
 3.7106118e-17]",0.6288461538461538,0.9702780441035476
282,2019-01-08 14:06:44.153001,2019-01-08 14:06:51.755998,2019-01-08 14:07:16.756003,ID_03,SF,0.4918572325323304,0.6875,0.7880716975969911,0.0,protB_SF,6,2019-01-08 13:58:17,0 days 00:08:27.153001,0 days 00:08:34.755998,0 days 00:08:59.756003,507.153001,514.755998,539.756003,"{'CZ': array([ 2.0698395 ,  2.0136833 ,  1.8666716 , ..., -0.35574722,
       -0.7287216 , -1.1375537 ], shape=(7603,), dtype=float32), 'C3': array([-3.7646675 , -3.2929964 , -2.824665  , ...,  0.37720013,
        0.3404808 ,  0.2558527 ], shape=(7603,), dtype=float32), 'C4': array([ 3.4978337 ,  3.4500356 ,  3.3198862 , ...,  1.9191259 ,
        0.82212085, -0.25659287], shape=(7603,), dtype=float32)}",507153.0,514756.0,7603.0,ok,0.9945950091605482,0.501644015457714,0.3394972845853772,0.8493346986142569,0.6195927099952314,0.9485001555731287,0.7917182228993624,1.2575845321407542,1.5905583140920498,0.8481403312998737,1.649114434258081,0.8767590697971173,0.9995054715545848,1.5839758634683676,0.8369363783344852,"{'CZ': (array([0.00000000e+00, 4.88281250e-01, 9.76562500e-01, ...,
       4.99023438e+02, 4.99511719e+02, 5.00000000e+02], shape=(1025,)), array([4.3591033e-03, 1.8499157e-03, 1.9784174e-03, ..., 3.2395384e-17,
       5.0942272e-17, 2.3943808e-17], shape=(1025,), dtype=float32)), 'C3': (array([0.00000000e+00, 4.88281250e-01, 9.76562500e-01, ...,
       4.99023438e+02, 4.99511719e+02, 5.00000000e+02], shape=(1025,)), array([5.6540463e-03, 1.9638713e-03, 3.6112694e-03, ..., 8.6597393e-17,
       1.1230099e-16, 2.1131244e-17], shape=(1025,), dtype=float32)), 'C4': (array([0.00000000e+00, 4.88281250e-01, 9.76562500e-01, ...,
       4.99023438e+02, 4.99511719e+02, 5.00000000e+02], shape=(1025,)), array([3.9512697e-03, 1.3832854e-03, 7.1417312e-03, ..., 5.8922001e-17,
       5.5049809e-17, 3.0987559e-17], shape=(1025,), dtype=float32))}",2.5592998586810034,0.669754943585506,0.5520054591340778,0.29144503335370286,0.8918786573693652,2.2727251244195417,1.1138371015300084,1.912309929869324,0.40574707277002553,0.7184020144108054,4.302816178797504,1.3100971323089083,1.6572945324825827,0.698387928149213,0.8895136859167003,"[4.3591033e-03 1.8499157e-03 1.9784174e-03 ... 3.2395384e-17 5.0942272e-17
 2.3943808e-17]","[5.6540463e-03 1.9638713e-03 3.6112694e-03 ... 8.6597393e-17 1.1230099e-16
 2.1131244e-17]","[3.9512697e-03 1.3832854e-03 7.1417312e-03 ... 5.8922001e-17 5.5049809e-17
 3.0987559e-17]",0.971153846153846,0.87535953978907
283,2019-01-08 14:08:58.699998,2019-01-08 14:09:06.858001,2019-01-08 14:09:31.857996,ID_03,SF,0.7602785704349482,0.8125,0.8016690446381777,0.6666666666666667,protB_SF,6,2019-01-08 13:58:17,0 days 00:10:41.699998,0 days 00:10:49.858001,0 days 00:11:14.857996,641.699998,649.858001,674.857996,"{'CZ': array([ 0.24038696, -0.01950073, -0.3618164 , ..., -5.89023   ,
       -5.773096  , -5.541895  ], shape=(8158,), dtype=float32), 'C3': array([4.752617 , 5.241127 , 5.496704 , ..., 1.3930149, 1.4902439,
       1.5895729], shape=(8158,), dtype=float32), 'C4': array([0.72770405, 0.3718891 , 0.02970505, ..., 1.9999104 , 2.159212  ,
       2.3576174 ], shape=(8158,), dtype=float32)}",641700.0,649858.0,8158.0,ok,0.8275397540273843,0.6312628611340187,0.5413492690422572,1.3302764236868825,1.5213318220048677,1.1978480033576488,1.2108197552151978,1.4017914072610438,3.0815277314104605,3.805105171068135,1.6433253076684196,1.285582096897997,1.2784072168869898,6.717972704791464,9.679003465862479,"{'CZ': (array([0.00000000e+00, 4.88281250e-01, 9.76562500e-01, ...,
       4.99023438e+02, 4.99511719e+02, 5.00000000e+02], shape=(1025,)), array([1.2139388e-02, 4.5427931e-03, 1.2312055e-03, ..., 4.1575153e-17,
       7.2375743e-17, 1.1645006e-17], shape=(1025,), dtype=float32)), 'C3': (array([0.00000000e+00, 4.88281250e-01, 9.76562500e-01, ...,
       4.99023438e+02, 4.99511719e+02, 5.00000000e+02], shape=(1025,)), array([3.88181768e-03, 1.38157466e-03, 2.43883347e-03, ...,
       1.22124535e-16, 2.07245391e-16, 1.01252327e-16],
      shape=(1025,), dtype=float32)), 'C4': (array([0.00000000e+00, 4.88281250e-01, 9.76562500e-01, ...,
       4.99023438e+02, 4.99511719e+02, 5.00000000e+02], shape=(1025,)), array([3.4087196e-03, 1.1974155e-03, 7.1403496e-03, ..., 4.8299634e-16,
       1.1614869e-16, 8.1527371e-17], shape=(1025,), dtype=float32))}",2.12943193564057,0.842811653121533,0.8802066036390316,0.45647782588375235,2.1898956539263255,2.8701937859163786,1.7034544963298155,2.131593987680151,0.7860892905351803,3.2230459029707594,4.28771137646624,1.9209808903185601,2.119745565312173,2.9620091737944407,10.28704961547147,"[1.2139388e-02 4.5427931e-03 1.2312055e-03 ... 4.1575153e-17 7.2375743e-17
 1.1645006e-17]","[3.88181768e-03 1.38157466e-03 2.43883347e-03 ... 1.22124535e-16
 2.07245391e-16 1.01252327e-16]","[3.4087196e-03 1.1974155e-03 7.1403496e-03 ... 4.8299634e-16 1.1614869e-16
 8.1527371e-17]",0.5211538461538462,0.763183125599233
284,2019-01-08 14:11:13.833997,2019-01-08 14:11:21.495995,2019-01-08 14:11:46.495005,ID_03,SF,0.8933413013117506,0.8125,0.8675239039352518,1.0,protB_SF,6,2019-01-08 13:58:17,0 days 00:12:56.833997,0 days 00:13:04.495995,0 days 00:13:29.495005,776.833997,784.495995,809.495005,"{'CZ': array([ 2.141407 ,  2.2529106,  2.2635841, ..., -1.8469992, -1.6725578,
       -1.3904839], shape=(7662,), dtype=float32), 'C3': array([ 1.3954096 ,  1.4517012 ,  1.3949966 , ..., -0.29291344,
       -0.28661728, -0.30430222], shape=(7662,), dtype=float32), 'C4': array([1.5440409 , 1.7284061 , 1.7302293 , ..., 0.29592896, 0.5144806 ,
       0.7738991 ], shape=(7662,), dtype=float32)}",776834.0,784496.0,7662.0,ok,0.8452884467260446,0.661983936879551,0.4233364488754887,0.8240022571044392,0.7026466399793208,0.654380144624156,1.065657488652505,1.6108307318063453,1.8130700354959117,1.1531663441246565,1.3586806617240654,1.5969534433679655,1.4881787938065827,1.7148597435152624,1.315612053986115,"{'CZ': (array([0.00000000e+00, 4.88281250e-01, 9.76562500e-01, ...,
       4.99023438e+02, 4.99511719e+02, 5.00000000e+02], shape=(1025,)), array([7.7264789e-03, 2.9826928e-03, 2.1437835e-03, ..., 1.9398062e-17,
       3.4549200e-17, 2.0785843e-17], shape=(1025,), dtype=float32)), 'C3': (array([0.00000000e+00, 4.88281250e-01, 9.76562500e-01, ...,
       4.99023438e+02, 4.99511719e+02, 5.00000000e+02], shape=(1025,)), array([2.7997794e-03, 1.2692343e-03, 2.4710128e-03, ..., 8.7585801e-17,
       1.1043983e-16, 9.6712766e-18], shape=(1025,), dtype=float32)), 'C4': (array([0.00000000e+00, 4.88281250e-01, 9.76562500e-01, ...,
       4.99023438e+02, 4.99511719e+02, 5.00000000e+02], shape=(1025,)), array([1.6025590e-02, 6.2639690e-03, 2.4921352e-03, ..., 4.8381050e-17,
       8.5814463e-17, 3.2813259e-17], shape=(1025,), dtype=float32))}",2.175103014116816,0.8838279748931809,0.6883237110868173,0.28275233037947445,1.0114314319073823,1.567976754531959,1.4992314362016812,2.449463654366235,0.46250920391400285,0.9767688128923444,3.5450257493596737,2.3862474865202556,2.467570862314667,0.7560957025681547,1.3982603190298089,"[7.7264789e-03 2.9826928e-03 2.1437835e-03 ... 1.9398062e-17 3.4549200e-17
 2.0785843e-17]","[2.7997794e-03 1.2692343e-03 2.4710128e-03 ... 8.7585801e-17 1.1043983e-16
 9.6712766e-18]","[1.6025590e-02 6.2639690e-03 2.4921352e-03 ... 4.8381050e-17 8.5814463e-17
 3.2813259e-17]",0.8692307692307693,0.785234899328859
285,2019-01-08 14:13:27.922004,2019-01-08 14:13:35.527998,2019-01-08 14:14:00.528003,ID_03,SF,0.5383112794424839,0.8125,0.8024338383274515,0.0,protB_SF,8,2019-01-08 13:58:17,0 days 00:15:10.922004,0 days 00:15:18.527998,0 days 00:15:43.528003,910.922004,918.527998,943.528003,"{'CZ': array([-1.1945839, -1.6737709, -2.1405945, ..., -1.1590004, -1.3771248,
       -1.4383984], shape=(7606,), dtype=float32), 'C3': array([ 0.0688324 , -0.1044693 , -0.37675858, ...,  3.153851  ,
        3.1521664 ,  3.184391  ], shape=(7606,), dtype=float32), 'C4': array([ 0.94654083,  0.94646645,  0.97268486, ..., -5.917572  ,
       -6.0867043 , -6.1423035 ], shape=(7606,), dtype=float32)}",910922.0,918528.0,7606.0,ok,1.2691114370682044,0.9837940669967793,1.5477194901905023,1.2836249770771246,0.7853807002220492,0.6998177314017084,0.9608941763872281,1.6652732592774555,1.8135526534024393,1.1727911314665107,0.8254992908405256,0.9593950017006136,0.8229841987485997,1.8753778349491768,1.1745996623631072,"{'CZ': (array([0.00000000e+00, 4.88281250e-01, 9.76562500e-01, ...,
       4.99023438e+02, 4.99511719e+02, 5.00000000e+02], shape=(1025,)), array([3.0468933e-03, 1.3149983e-03, 1.0332243e-03, ..., 5.8510290e-17,
       9.6751313e-17, 1.8799777e-17], shape=(1025,), dtype=float32)), 'C3': (array([0.00000000e+00, 4.88281250e-01, 9.76562500e-01, ...,
       4.99023438e+02, 4.99511719e+02, 5.00000000e+02], shape=(1025,)), array([2.6517201e-03, 9.2892000e-04, 1.0263317e-03, ..., 3.2746955e-17,
       1.4207309e-16, 4.0473798e-17], shape=(1025,), dtype=float32)), 'C4': (array([0.00000000e+00, 4.88281250e-01, 9.76562500e-01, ...,
       4.99023438e+02, 4.99511719e+02, 5.00000000e+02], shape=(1025,)), array([2.4519227e-03, 9.6960919e-04, 1.5636730e-03, ..., 1.2778049e-16,
       1.1607536e-16, 5.1168943e-17], shape=(1025,), dtype=float32))}",3.2656877338249344,1.313483106620905,2.5165138178845026,0.4404696109416775,1.1305237668842878,1.6768509012103407,1.351844069452802,2.5322501257559256,0.4626323184210945,0.9933916360720465,2.153866117733955,1.4335758634014724,1.364602047434742,0.8268694434391349,1.2483893664944166,"[3.0468933e-03 1.3149983e-03 1.0332243e-03 ... 5.8510290e-17 9.6751313e-17
 1.8799777e-17]","[2.6517201e-03 9.2892000e-04 1.0263317e-03 ... 3.2746955e-17 1.4207309e-16
 4.0473798e-17]","[2.4519227e-03 9.6960919e-04 1.5636730e-03 ... 1.2778049e-16 1.1607536e-16
 5.1168943e-17]",0.9846153846153848,0.9904122722914668
286,2019-01-08 14:15:41.939996,2019-01-08 14:15:49.548001,2019-01-08 14:16:14.547996,ID_03,SF,0.5928998234524586,0.52,0.8041540158119213,0.4545454545454546,protB_SF,8,2019-01-08 13:58:17,0 days 00:17:24.939996,0 days 00:17:32.548001,0 days 00:17:57.547996,1044.939996,1052.548001,1077.547996,"{'CZ': array([ 0.59241104,  0.4991188 ,  0.48062515, ..., -2.9765215 ,
       -3.645217  , -4.278363  ], shape=(7608,), dtype=float32), 'C3': array([-0.6233263 , -0.6934118 , -0.649559  , ...,  0.18574524,
        0.35068607,  0.5292549 ], shape=(7608,), dtype=float32), 'C4': array([-0.7066574 , -0.69340897, -0.7269478 , ..., -4.18474   ,
       -3.9771538 , -3.6450386 ], shape=(7608,), dtype=float32)}",1044940.0,1052548.0,7608.0,ok,1.2295040314711514,0.6967398658161983,0.7436550367856398,1.2805380629288265,0.820226479277153,0.9077565127881826,0.523446811712347,1.2908248172607273,1.6231279514613561,1.3657869135386136,0.9526779476800584,1.024020093609579,0.6009279968566261,1.3915424451624858,0.985157271998105,"{'CZ': (array([0.00000000e+00, 4.88281250e-01, 9.76562500e-01, ...,
       4.99023438e+02, 4.99511719e+02, 5.00000000e+02], shape=(1025,)), array([4.0116678e-03, 1.4286134e-03, 1.8721503e-03, ..., 1.0793372e-16,
       3.3810627e-17, 3.2369169e-17], shape=(1025,), dtype=float32)), 'C3': (array([0.00000000e+00, 4.88281250e-01, 9.76562500e-01, ...,
       4.99023438e+02, 4.99511719e+02, 5.00000000e+02], shape=(1025,)), array([7.3973282e-04, 3.3721680e-04, 1.4578492e-03, ..., 8.3013940e-17,
       1.1138929e-16, 1.1496977e-17], shape=(1025,), dtype=float32)), 'C4': (array([0.00000000e+00, 4.88281250e-01, 9.76562500e-01, ...,
       4.99023438e+02, 4.99511719e+02, 5.00000000e+02], shape=(1025,)), array([4.6523525e-03, 1.6681697e-03, 2.1866797e-03, ..., 4.7000981e-17,
       8.7805785e-17, 2.9408574e-17], shape=(1025,), dtype=float32))}",3.163769639913711,0.9302313097420708,1.2091455768771935,0.43941035150204955,1.1806828571016255,2.1750982552264952,0.7364166476144325,1.9628558181830151,0.414055498124,1.1568652423806776,2.485696566172828,1.5301418990453657,0.9964074354262387,0.6135424583306008,1.0470459868963353,"[4.0116678e-03 1.4286134e-03 1.8721503e-03 ... 1.0793372e-16 3.3810627e-17
 3.2369169e-17]","[7.3973282e-04 3.3721680e-04 1.4578492e-03 ... 8.3013940e-17 1.1138929e-16
 1.1496977e-17]","[4.6523525e-03 1.6681697e-03 2.1866797e-03 ... 4.7000981e-17 8.7805785e-17
 2.9408574e-17]",1.0096153846153846,0.9942473633748802
287,2019-01-08 14:17:55.912997,2019-01-08 14:18:03.533002,2019-01-08 14:18:28.534003,ID_03,SF,0.7256432596721983,0.75,0.7602631123499285,0.6666666666666667,protB_SF,8,2019-01-08 13:58:17,0 days 00:19:38.912997,0 days 00:19:46.533002,0 days 00:20:11.534003,1178.912997,1186.533002,1211.534003,"{'CZ': array([-1.4971886 , -1.233841  , -0.94929886, ..., -0.97356224,
       -0.97835255, -0.86656284], shape=(7620,), dtype=float32), 'C3': array([0.02717018, 0.06848907, 0.14378548, ..., 2.2221336 , 2.2430344 ,
       2.115921  ], shape=(7620,), dtype=float32), 'C4': array([-3.1133842 , -3.2399216 , -3.311306  , ..., -0.54198074,
       -0.11154366,  0.2776718 ], shape=(7620,), dtype=float32)}",1178913.0,1186533.0,7620.0,ok,0.9237149697582936,1.3568246795330197,2.8082327262382023,1.9781760129262693,1.4409789437195286,1.507074574874423,1.7843375535449013,2.6422045775689185,4.838458677113522,5.974557747322251,0.6612735141970916,0.7965294789755717,2.14380442048423,4.1784674394875765,4.6259575278781995,"{'CZ': (array([0.00000000e+00, 4.88281250e-01, 9.76562500e-01, ...,
       4.99023438e+02, 4.99511719e+02, 5.00000000e+02], shape=(1025,)), array([8.2478775e-03, 3.0213774e-03, 3.2596190e-03, ..., 1.0554118e-16,
       7.6971704e-17, 5.7040787e-17], shape=(1025,), dtype=float32)), 'C3': (array([0.00000000e+00, 4.88281250e-01, 9.76562500e-01, ...,
       4.99023438e+02, 4.99511719e+02, 5.00000000e+02], shape=(1025,)), array([6.1306059e-03, 2.1328346e-03, 2.2834379e-03, ..., 2.2739836e-16,
       2.8794919e-16, 1.5789838e-16], shape=(1025,), dtype=float32)), 'C4': (array([0.00000000e+00, 4.88281250e-01, 9.76562500e-01, ...,
       4.99023438e+02, 4.99511719e+02, 5.00000000e+02], shape=(1025,)), array([5.5649667e-03, 2.3068583e-03, 8.0533518e-04, ..., 1.1852864e-16,
       1.2084511e-16, 3.3208003e-17], shape=(1025,), dtype=float32))}",2.376910772515569,1.8115237273724876,4.566044754365703,0.6788013900850111,2.0742309341115237,3.6111393662569866,2.510314037629813,4.017792777579825,1.234277566288542,5.060641691583979,1.7253735195020679,1.19021407608236,3.5546732318077914,1.842320508289079,4.916565509681461,"[8.2478775e-03 3.0213774e-03 3.2596190e-03 ... 1.0554118e-16 7.6971704e-17
 5.7040787e-17]","[6.1306059e-03 2.1328346e-03 2.2834379e-03 ... 2.2739836e-16 2.8794919e-16
 1.5789838e-16]","[5.5649667e-03 2.3068583e-03 8.0533518e-04 ... 1.1852864e-16 1.2084511e-16
 3.3208003e-17]",0.9865384615384616,0.8859060402684564
288,2019-01-08 14:00:45.689003,2019-01-08 14:00:53.624003,2019-01-08 14:01:18.625004,ID_03,SF,0.573634774990739,0.75,0.770904324972217,0.1999999999999999,protB_SF,4,2019-01-08 13:58:17,0 days 00:02:28.689003,0 days 00:02:36.624003,0 days 00:03:01.625004,148.689003,156.624003,181.625004,"{'CZ': array([ 0.24128532,  0.39326668,  0.7121835 , ..., -4.9660416 ,
       -4.8536797 , -4.4863663 ], shape=(7935,), dtype=float32), 'C3': array([ 2.7488194 ,  2.7911587 ,  2.8433666 , ..., -0.46182895,
       -0.8416333 , -1.1443491 ], shape=(7935,), dtype=float32), 'C4': array([-2.3912163, -2.935093 , -3.2587357, ..., -0.278162 , -0.228405 ,
       -0.08041  ], shape=(7935,), dtype=float32)}",148689.0,156624.0,7935.0,ok,1.3281301612551033,1.3425857468973845,0.45069962288835086,1.2796499740943545,0.8254840632844207,1.4980209689383628,1.4051023754291236,0.5878309457330033,1.4959157942939783,0.9151175257215982,1.2226118305989075,1.2573046842589974,0.6379336336976849,1.233741948453826,0.7387418186795003,"{'CZ': (array([0.00000000e+00, 4.88281250e-01, 9.76562500e-01, ...,
       4.99023438e+02, 4.99511719e+02, 5.00000000e+02], shape=(1025,)), array([3.9374158e-03, 1.4284832e-03, 1.2984608e-03, ..., 8.3089399e-17,
       6.2702256e-17, 5.0814291e-17], shape=(1025,), dtype=float32)), 'C3': (array([0.00000000e+00, 4.88281250e-01, 9.76562500e-01, ...,
       4.99023438e+02, 4.99511719e+02, 5.00000000e+02], shape=(1025,)), array([2.9583555e-03, 9.0256048e-04, 2.7767529e-03, ..., 1.2356166e-16,
       8.9581119e-17, 1.8405030e-17], shape=(1025,), dtype=float32)), 'C4': (array([0.00000000e+00, 4.88281250e-01, 9.76562500e-01, ...,
       4.99023438e+02, 4.99511719e+02, 5.00000000e+02], shape=(1025,)), array([5.9742518e-03, 2.3187974e-03, 1.7282107e-03, ..., 7.3700304e-17,
       7.4482089e-17, 1.1250259e-17], shape=(1025,), dtype=float32))}",3.417555188497313,1.7925130440388168,0.7328148517237232,0.43910560817717886,1.1882509367283929,3.589445792928003,1.97678304216555,0.8938683053743876,0.3816040249940203,0.775133842407249,3.189999344985986,1.8787273699574405,1.0577670190934836,0.5439669272262542,0.7851504308870988,"[3.9374158e-03 1.4284832e-03 1.2984608e-03 ... 8.3089399e-17 6.2702256e-17
 5.0814291e-17]","[2.9583555e-03 9.0256048e-04 2.7767529e-03 ... 1.2356166e-16 8.9581119e-17
 1.8405030e-17]","[5.9742518e-03 2.3187974e-03 1.7282107e-03 ... 7.3700304e-17 7.4482089e-17
 1.1250259e-17]",1.001923076923077,0.969319271332694
289,2019-01-08 14:03:00.711998,2019-01-08 14:03:08.554000,2019-01-08 14:03:33.554005,ID_03,SF,0.830991691094957,0.84,0.8404750732848711,0.8125,protB_SF,4,2019-01-08 13:58:17,0 days 00:04:43.711998,0 days 00:04:51.554000,0 days 00:05:16.554005,283.711998,291.554,316.554005,"{'CZ': array([ 1.3888779,  1.8942909,  2.3510437, ..., -2.0490742, -2.357769 ,
       -2.6421413], shape=(7842,), dtype=float32), 'C3': array([ 3.8300934,  4.4333115,  4.7979813, ..., -3.3962836, -2.9999943,
       -2.564065 ], shape=(7842,), dtype=float32), 'C4': array([-3.5868263, -3.4080086, -3.0862389, ...,  5.2480946,  4.9474354,
        4.5659847], shape=(7842,), dtype=float32)}",283712.0,291554.0,7842.0,ok,1.3066440660622902,1.397436804836616,1.0706483299145475,1.5542546598226181,1.0858098989956488,1.3577569534390932,1.818832846765872,0.8235366112785414,2.6535862944001565,2.2550749913534673,1.979727156140143,1.881644784589298,1.5271247320924886,2.9747350308753084,3.764006240089657,"{'CZ': (array([0.00000000e+00, 4.88281250e-01, 9.76562500e-01, ...,
       4.99023438e+02, 4.99511719e+02, 5.00000000e+02], shape=(1025,)), array([2.2065216e-03, 1.0460255e-03, 2.5886500e-03, ..., 1.0591681e-16,
       8.1757135e-17, 5.0724859e-17], shape=(1025,), dtype=float32)), 'C3': (array([0.00000000e+00, 4.88281250e-01, 9.76562500e-01, ...,
       4.99023438e+02, 4.99511719e+02, 5.00000000e+02], shape=(1025,)), array([6.2096789e-03, 2.7678011e-03, 3.2926127e-03, ..., 4.5890763e-17,
       1.4201721e-16, 6.5379800e-17], shape=(1025,), dtype=float32)), 'C4': (array([0.00000000e+00, 4.88281250e-01, 9.76562500e-01, ...,
       4.99023438e+02, 4.99511719e+02, 5.00000000e+02], shape=(1025,)), array([5.7519278e-03, 1.9364842e-03, 4.5265732e-03, ..., 5.5369290e-17,
       9.6313383e-17, 4.9145871e-17], shape=(1025,), dtype=float32))}",3.3622669959323965,1.865745786947502,1.7408201766544233,0.5333348583440852,1.5629794528764849,3.2533556508188126,2.5588441033859954,1.252287380378358,0.6769226011748803,1.9101207154632593,5.165440226637103,2.8116474881575937,2.5321476879755065,1.311585032903742,4.0004654488773035,"[2.2065216e-03 1.0460255e-03 2.5886500e-03 ... 1.0591681e-16 8.1757135e-17
 5.0724859e-17]","[6.2096789e-03 2.7678011e-03 3.2926127e-03 ... 4.5890763e-17 1.4201721e-16
 6.5379800e-17]","[5.7519278e-03 1.9364842e-03 4.5265732e-03 ... 5.5369290e-17 9.6313383e-17
 4.9145871e-17]",1.0134615384615384,0.925215723873442
290,2019-01-08 14:05:14.846002,2019-01-08 14:05:22.441998,2019-01-08 14:05:47.442003,ID_03,SF,0.4670380000387551,0.625,0.7761140001162655,0.0,protB_SF,4,2019-01-08 13:58:17,0 days 00:06:57.846002,0 days 00:07:05.441998,0 days 00:07:30.442003,417.846002,425.441998,450.442003,"{'CZ': array([-2.68145  , -2.1469822, -1.525177 , ...,  4.294964 ,  4.027355 ,
        3.7557793], shape=(7596,), dtype=float32), 'C3': array([-2.6703663 , -2.7596102 , -2.738656  , ..., -0.78279305,
       -1.2712021 , -1.6115532 ], shape=(7596,), dtype=float32), 'C4': array([-4.79125  , -4.4658947, -3.989418 , ..., -2.625187 , -2.9670696,
       -3.2471676], shape=(7596,), dtype=float32)}",417846.0,425442.0,7596.0,ok,5.568399159528781,2.256806707009673,1.1097358583356254,1.4970615175116109,1.01499055676868,1.021786534693092,1.5072790120029822,1.1615895782597363,2.179944218369201,1.2254896332706267,0.6302454066826613,1.4080363980610855,1.1743016293621622,1.8166322806791868,1.6603843738494106,"{'CZ': (array([0.00000000e+00, 4.88281250e-01, 9.76562500e-01, ...,
       4.99023438e+02, 4.99511719e+02, 5.00000000e+02], shape=(1025,)), array([9.8270727e-03, 3.4593299e-03, 1.7189393e-02, ..., 8.4080884e-17,
       7.1635304e-17, 2.2118110e-17], shape=(1025,), dtype=float32)), 'C3': (array([0.00000000e+00, 4.88281250e-01, 9.76562500e-01, ...,
       4.99023438e+02, 4.99511719e+02, 5.00000000e+02], shape=(1025,)), array([3.2706810e-03, 1.1225931e-03, 1.9235499e-03, ..., 4.8633932e-17,
       7.3189907e-17, 1.1842378e-17], shape=(1025,), dtype=float32)), 'C4': (array([0.00000000e+00, 4.88281250e-01, 9.76562500e-01, ...,
       4.99023438e+02, 4.99511719e+02, 5.00000000e+02], shape=(1025,)), array([5.2933162e-04, 1.7977768e-04, 1.0261458e-03, ..., 1.9501220e-16,
       9.0096360e-17, 6.1876432e-17], shape=(1025,), dtype=float32))}",14.328649400814546,3.0131077061838636,1.8043745261357291,0.5137093122600379,1.461037872799378,2.4483284642029,2.1205313170362903,1.7663379503861412,0.5560978038772213,1.0380289542791472,1.6444159823917806,2.1039582147844214,1.9471265793075916,0.8009680475398566,1.7646916332641698,"[9.8270727e-03 3.4593299e-03 1.7189393e-02 ... 8.4080884e-17 7.1635304e-17
 2.2118110e-17]","[3.2706810e-03 1.1225931e-03 1.9235499e-03 ... 4.8633932e-17 7.3189907e-17
 1.1842378e-17]","[5.2933162e-04 1.7977768e-04 1.0261458e-03 ... 1.9501220e-16 9.0096360e-17
 6.1876432e-17]",0.8596153846153847,0.8398849472674976
291,2019-01-08 14:07:28.769999,2019-01-08 14:07:36.362002,2019-01-08 14:08:01.363003,ID_03,SF,0.5516065242115539,0.8125,0.8423195726346616,0.0,protB_SF,6,2019-01-08 13:58:17,0 days 00:09:11.769999,0 days 00:09:19.362002,0 days 00:09:44.363003,551.769999,559.362002,584.363003,"{'CZ': array([-1.2501945, -1.0664635, -0.9832115, ..., -2.3373055, -2.1688128,
       -1.9664183], shape=(7592,), dtype=float32), 'C3': array([ 1.0091801 ,  0.83708   ,  0.5257187 , ...,  0.32809448,
       -0.46477127, -1.1543198 ], shape=(7592,), dtype=float32), 'C4': array([-0.7597761, -1.4368882, -2.1706924, ..., -2.3408718, -1.8312035,
       -1.310524 ], shape=(7592,), dtype=float32)}",551770.0,559362.0,7592.0,ok,1.0681688754630159,0.5552943439397495,0.5381865157687571,1.2123911747039529,0.8663294722737191,1.2171149373898515,1.1414995387895033,2.0677747525041923,2.599104112960049,2.1627209143844084,1.3649921811520471,1.6639018576825038,1.449532966944389,2.9380580126598943,3.6064863907085964,"{'CZ': (array([0.00000000e+00, 4.88281250e-01, 9.76562500e-01, ...,
       4.99023438e+02, 4.99511719e+02, 5.00000000e+02], shape=(1025,)), array([4.4099553e-03, 1.9618303e-03, 1.2691928e-03, ..., 5.2496971e-17,
       4.8781193e-17, 7.3028004e-18], shape=(1025,), dtype=float32)), 'C3': (array([0.00000000e+00, 4.88281250e-01, 9.76562500e-01, ...,
       4.99023438e+02, 4.99511719e+02, 5.00000000e+02], shape=(1025,)), array([4.3516033e-03, 1.7039366e-03, 3.4916876e-03, ..., 4.0640333e-17,
       5.5509996e-17, 2.2500522e-17], shape=(1025,), dtype=float32)), 'C4': (array([0.00000000e+00, 4.88281250e-01, 9.76562500e-01, ...,
       4.99023438e+02, 4.99511719e+02, 5.00000000e+02], shape=(1025,)), array([1.1334808e-03, 4.1132062e-04, 1.5678065e-03, ..., 1.3112389e-16,
       2.7564572e-16, 2.7484186e-17], shape=(1025,), dtype=float32))}",2.7486207218426295,0.7413845686156056,0.8750641263582531,0.41602608126788393,1.2470462516851466,2.916359772066441,1.6059306214109443,3.144302502843027,0.6630243458002775,1.8318938554907622,3.5614935622314543,2.4862851463831883,2.403491655762285,1.2954138352529985,3.833050021068056,"[4.4099553e-03 1.9618303e-03 1.2691928e-03 ... 5.2496971e-17 4.8781193e-17
 7.3028004e-18]","[4.3516033e-03 1.7039366e-03 3.4916876e-03 ... 4.0640333e-17 5.5509996e-17
 2.2500522e-17]","[1.1334808e-03 4.1132062e-04 1.5678065e-03 ... 1.3112389e-16 2.7564572e-16
 2.7484186e-17]",0.9942307692307693,0.8983700862895494
292,2019-01-08 14:09:43.872002,2019-01-08 14:09:52.040998,2019-01-08 14:10:17.041004,ID_03,SF,0.6371763624102106,0.8125,0.7656957538972985,0.3333333333333333,protB_SF,6,2019-01-08 13:58:17,0 days 00:11:26.872002,0 days 00:11:35.040998,0 days 00:12:00.041004,686.872002,695.040998,720.041004,"{'CZ': array([-2.0072017, -1.5418406, -1.0167456, ..., -0.6934471, -0.6160984,
       -0.5348625], shape=(8169,), dtype=float32), 'C3': array([1.1539254 , 1.0482059 , 0.86439276, ..., 3.298561  , 3.0304832 ,
       2.728016  ], shape=(8169,), dtype=float32), 'C4': array([0.32635307, 0.37452888, 0.45825005, ..., 1.5427628 , 1.3787003 ,
       1.1362209 ], shape=(8169,), dtype=float32)}",686872.0,695041.0,8169.0,ok,0.622953933543613,0.6091382238082588,0.3548844179022126,0.7623911669725203,0.6063187369136358,0.8592089525336633,0.9452316626266111,0.8221272364608012,1.5700818730692845,1.0353785698953288,0.8819795675663045,1.2351133555057459,0.674005234031938,1.540791477964376,1.2114313747133565,"{'CZ': (array([0.00000000e+00, 4.88281250e-01, 9.76562500e-01, ...,
       4.99023438e+02, 4.99511719e+02, 5.00000000e+02], shape=(1025,)), array([1.9514911e-03, 7.3414668e-04, 8.2467630e-04, ..., 3.9698383e-17,
       2.5583024e-17, 2.2500519e-17], shape=(1025,), dtype=float32)), 'C3': (array([0.00000000e+00, 4.88281250e-01, 9.76562500e-01, ...,
       4.99023438e+02, 4.99511719e+02, 5.00000000e+02], shape=(1025,)), array([1.2535781e-03, 5.4136774e-04, 1.3246695e-03, ..., 7.0864993e-17,
       5.0776631e-17, 3.3405378e-17], shape=(1025,), dtype=float32)), 'C4': (array([0.00000000e+00, 4.88281250e-01, 9.76562500e-01, ...,
       4.99023438e+02, 4.99511719e+02, 5.00000000e+02], shape=(1025,)), array([1.4371425e-03, 5.5827602e-04, 4.9697915e-03, ..., 6.0582715e-17,
       8.3632268e-17, 3.7303490e-17], shape=(1025,), dtype=float32))}",1.6029900606766332,0.8132726079672842,0.5770241617186663,0.26161078718366265,0.8727713097537652,2.0587722227304353,1.3298090973816625,1.2501442548945512,0.4005235887065206,0.876998797062976,2.3012326336228144,1.8455679796947464,1.1175778632691276,0.6793475789771678,1.2875348894510017,"[1.9514911e-03 7.3414668e-04 8.2467630e-04 ... 3.9698383e-17 2.5583024e-17
 2.2500519e-17]","[1.2535781e-03 5.4136774e-04 1.3246695e-03 ... 7.0864993e-17 5.0776631e-17
 3.3405378e-17]","[1.4371425e-03 5.5827602e-04 4.9697915e-03 ... 6.0582715e-17 8.3632268e-17
 3.7303490e-17]",0.7980769230769231,0.7641418983700863
293,2019-01-08 14:11:58.509997,2019-01-08 14:12:06.159995,2019-01-08 14:12:31.160001,ID_03,SF,0.9300308161067546,0.875,0.915092448320264,1.0,protB_SF,6,2019-01-08 13:58:17,0 days 00:13:41.509997,0 days 00:13:49.159995,0 days 00:14:14.160001,821.509997,829.159995,854.160001,"{'CZ': array([-0.13100767, -0.3072877 , -0.35692143, ...,  0.60868645,
        0.13167953, -0.35282135], shape=(7650,), dtype=float32), 'C3': array([-1.897049  , -1.9653778 , -1.9250946 , ..., -0.00949478,
       -0.16842651, -0.15650368], shape=(7650,), dtype=float32), 'C4': array([-1.0204773 , -1.058815  , -0.9876976 , ..., -0.85212326,
       -1.0022392 , -1.223629  ], shape=(7650,), dtype=float32)}",821510.0,829160.0,7650.0,ok,0.8137889199133497,0.49567475434741937,0.5960238886473235,1.2418319474818418,1.047124715796599,1.7486438828200335,0.8035996870603412,1.2273723623366095,3.2265608570014592,2.4877221940187155,2.641473987750942,1.3660180702572688,0.9145261501544155,11.80567717528902,6.222769263331429,"{'CZ': (array([0.00000000e+00, 4.88281250e-01, 9.76562500e-01, ...,
       4.99023438e+02, 4.99511719e+02, 5.00000000e+02], shape=(1025,)), array([9.5772330e-04, 3.5197253e-04, 1.7404514e-03, ..., 7.2460552e-17,
       5.4946786e-17, 2.0785843e-17], shape=(1025,), dtype=float32)), 'C3': (array([0.00000000e+00, 4.88281250e-01, 9.76562500e-01, ...,
       4.99023438e+02, 4.99511719e+02, 5.00000000e+02], shape=(1025,)), array([1.1867862e-02, 4.3057655e-03, 2.7265095e-03, ..., 5.8521089e-17,
       5.5469514e-17, 1.5237195e-16], shape=(1025,), dtype=float32)), 'C4': (array([0.00000000e+00, 4.88281250e-01, 9.76562500e-01, ...,
       4.99023438e+02, 4.99511719e+02, 5.00000000e+02], shape=(1025,)), array([1.1920698e-02, 4.8854365e-03, 8.3686076e-03, ..., 2.3658390e-16,
       3.4347988e-16, 2.1789976e-16], shape=(1025,), dtype=float32))}",2.094048178955025,0.6617852638624763,0.9691047771102417,0.42612853795334615,1.5072936956119716,4.189969672431144,1.1305526642393429,1.8663686584535448,0.8230868439363123,2.1071803444819626,6.89204871066504,2.0411723336267458,1.5163890860006028,5.205219734090479,6.613690798158744,"[9.5772330e-04 3.5197253e-04 1.7404514e-03 ... 7.2460552e-17 5.4946786e-17
 2.0785843e-17]","[1.1867862e-02 4.3057655e-03 2.7265095e-03 ... 5.8521089e-17 5.5469514e-17
 1.5237195e-16]","[1.1920698e-02 4.8854365e-03 8.3686076e-03 ... 2.3658390e-16 3.4347988e-16
 2.1789976e-16]",0.9384615384615383,0.8619367209971237
294,2019-01-08 14:14:12.542995,2019-01-08 14:14:20.191998,2019-01-08 14:14:45.192003,ID_03,SF,0.5412949277328069,0.75,0.8738847831984206,0.0,protB_SF,8,2019-01-08 13:58:17,0 days 00:15:55.542995,0 days 00:16:03.191998,0 days 00:16:28.192003,955.542995,963.191998,988.192003,"{'CZ': array([-1.0112343, -1.8159943, -2.6003819, ...,  4.6932297,  4.1499443,
        3.5422783], shape=(7649,), dtype=float32), 'C3': array([-3.011425 , -3.6694832, -4.1592255, ..., -2.1078796, -1.6009598,
       -1.1569138], shape=(7649,), dtype=float32), 'C4': array([-0.64364433, -0.7330246 , -0.9218674 , ...,  0.64912796,
        0.6741276 ,  0.7639313 ], shape=(7649,), dtype=float32)}",955543.0,963192.0,7649.0,ok,1.2339811846686644,0.7909977939561941,0.7203296408988535,1.192012568935752,0.8010409883354441,0.8319088301504962,0.9175417508231476,0.5433596015791409,1.9475881126709282,1.6105592726489704,1.1968843864451628,0.9829674017964862,0.9483953908784315,1.7775745363906026,2.162079764275404,"{'CZ': (array([0.00000000e+00, 4.88281250e-01, 9.76562500e-01, ...,
       4.99023438e+02, 4.99511719e+02, 5.00000000e+02], shape=(1025,)), array([1.8050139e-03, 6.5788935e-04, 5.7073706e-04, ..., 7.5162494e-17,
       4.1708921e-17, 5.8027653e-17], shape=(1025,), dtype=float32)), 'C3': (array([0.00000000e+00, 4.88281250e-01, 9.76562500e-01, ...,
       4.99023438e+02, 4.99511719e+02, 5.00000000e+02], shape=(1025,)), array([1.8795427e-03, 7.9513411e-04, 2.7019975e-03, ..., 1.4428583e-16,
       1.2229145e-16, 2.0970881e-17], shape=(1025,), dtype=float32)), 'C4': (array([0.00000000e+00, 4.88281250e-01, 9.76562500e-01, ...,
       4.99023438e+02, 4.99511719e+02, 5.00000000e+02], shape=(1025,)), array([1.9216539e-03, 4.9840909e-04, 3.2983795e-03, ..., 9.0717553e-17,
       1.1261131e-16, 4.7862947e-17], shape=(1025,), dtype=float32))}",3.1752902864483836,1.0560769520673126,1.1712196597915987,0.40903326271530915,1.1530661185150868,1.993357711540966,1.2908532539859603,0.8262442285456906,0.4968243972425617,1.3641952671036648,3.122872127708523,1.468798919348173,1.5725481657342477,0.7837471682695388,2.2979041061564547,"[1.8050139e-03 6.5788935e-04 5.7073706e-04 ... 7.5162494e-17 4.1708921e-17
 5.8027653e-17]","[1.8795427e-03 7.9513411e-04 2.7019975e-03 ... 1.4428583e-16 1.2229145e-16
 2.0970881e-17]","[1.9216539e-03 4.9840909e-04 3.2983795e-03 ... 9.0717553e-17 1.1261131e-16
 4.7862947e-17]",0.8826923076923077,0.9434324065196548
295,2019-01-08 14:16:26.562003,2019-01-08 14:16:34.150002,2019-01-08 14:16:59.149002,ID_03,SF,0.6733277748706813,0.6875,0.8324833246120438,0.5,protB_SF,8,2019-01-08 13:58:17,0 days 00:18:09.562003,0 days 00:18:17.150002,0 days 00:18:42.149002,1089.562003,1097.150002,1122.149002,"{'CZ': array([2.6941533 , 2.772117  , 2.7480714 , ..., 0.71694887, 0.5388721 ,
       0.36519086], shape=(7588,), dtype=float32), 'C3': array([ 0.42961216,  0.23513842, -0.07297468, ...,  4.204606  ,
        3.911006  ,  3.5465565 ], shape=(7588,), dtype=float32), 'C4': array([ 1.3031578 ,  1.6756516 ,  2.2099228 , ...,  0.6535263 ,
        0.20030212, -0.26713943], shape=(7588,), dtype=float32)}",1089562.0,1097150.0,7588.0,ok,0.8108700585580664,1.0692368232412264,1.3211513505666517,1.7249156117031816,0.9919995575273788,1.452056235393684,1.154054727521725,1.265820043045096,2.972111595227034,2.95743808737825,1.213407068462402,1.062397175701335,1.8319268492632546,2.3801406314305495,3.9230459412920027,"{'CZ': (array([0.00000000e+00, 4.88281250e-01, 9.76562500e-01, ...,
       4.99023438e+02, 4.99511719e+02, 5.00000000e+02], shape=(1025,)), array([2.8209807e-03, 9.2391507e-04, 2.0571782e-03, ..., 8.4799453e-17,
       8.0281842e-17, 1.7322563e-17], shape=(1025,), dtype=float32)), 'C3': (array([0.00000000e+00, 4.88281250e-01, 9.76562500e-01, ...,
       4.99023438e+02, 4.99511719e+02, 5.00000000e+02], shape=(1025,)), array([2.3459734e-03, 1.0665869e-03, 2.1976759e-03, ..., 1.0518129e-16,
       1.4446005e-16, 9.7304875e-17], shape=(1025,), dtype=float32)), 'C4': (array([0.00000000e+00, 4.88281250e-01, 9.76562500e-01, ...,
       4.99023438e+02, 4.99511719e+02, 5.00000000e+02], shape=(1025,)), array([8.5051003e-04, 4.2800303e-04, 2.1670589e-03, ..., 8.9533315e-17,
       1.2084047e-16, 3.0654490e-17], shape=(1025,), dtype=float32))}",2.0865373414932615,1.4275594368968187,2.1481254518598383,0.5918963263897882,1.4279432588632817,3.479308536597119,1.6235940206130586,1.9248330238462443,0.7581775336527711,2.505044744436965,3.1659825765797613,1.5874868492452279,3.037544503353159,1.049423493517606,4.169496207350382,"[2.8209807e-03 9.2391507e-04 2.0571782e-03 ... 8.4799453e-17 8.0281842e-17
 1.7322563e-17]","[2.3459734e-03 1.0665869e-03 2.1976759e-03 ... 1.0518129e-16 1.4446005e-16
 9.7304875e-17]","[8.5051003e-04 4.2800303e-04 2.1670589e-03 ... 8.9533315e-17 1.2084047e-16
 3.0654490e-17]",1.0057692307692307,0.8791946308724832
296,2019-01-08 14:18:40.549005,2019-01-08 14:18:48.183001,2019-01-08 14:19:13.182996,ID_03,SF,0.7389100744166992,0.8125,0.737563556583431,0.6666666666666667,protB_SF,8,2019-01-08 13:58:17,0 days 00:20:23.549005,0 days 00:20:31.183001,0 days 00:20:56.182996,1223.549005,1231.183001,1256.182996,"{'CZ': array([-0.7775526 , -0.02927589,  0.7542515 , ..., -2.4474869 ,
       -3.4792862 , -4.650406  ], shape=(7634,), dtype=float32), 'C3': array([-2.7102928, -2.8344955, -2.8987808, ...,  6.4665294,  6.412639 ,
        6.3504934], shape=(7634,), dtype=float32), 'C4': array([ 0.00585508,  0.5692673 ,  1.1096482 , ..., -3.7309685 ,
       -3.9104671 , -4.095421  ], shape=(7634,), dtype=float32)}",1223549.0,1231183.0,7634.0,ok,0.9795478813430236,0.7191570584836882,2.3536162334494293,1.4781355694140075,0.7894980938090157,0.7063300868139777,0.9596144736860879,1.2923199465149082,1.4242115521483356,1.1316223994981556,1.010956113532302,0.8274970459751785,0.8507610036758706,1.7350694506603759,0.8807408983102505,"{'CZ': (array([0.00000000e+00, 4.88281250e-01, 9.76562500e-01, ...,
       4.99023438e+02, 4.99511719e+02, 5.00000000e+02], shape=(1025,)), array([1.4337096e-03, 8.4671361e-04, 1.9848098e-03, ..., 8.6165638e-17,
       5.7170310e-17, 2.4486584e-17], shape=(1025,), dtype=float32)), 'C3': (array([0.00000000e+00, 4.88281250e-01, 9.76562500e-01, ...,
       4.99023438e+02, 4.99511719e+02, 5.00000000e+02], shape=(1025,)), array([1.5202137e-03, 5.5458560e-04, 2.4650816e-03, ..., 6.9203909e-17,
       7.6813944e-17, 5.7645251e-17], shape=(1025,), dtype=float32)), 'C4': (array([0.00000000e+00, 4.88281250e-01, 9.76562500e-01, ...,
       4.99023438e+02, 4.99511719e+02, 5.00000000e+02], shape=(1025,)), array([1.2331067e-03, 3.4211195e-04, 2.1055848e-03, ..., 1.7196120e-17,
       4.7355451e-17, 5.0724856e-17], shape=(1025,), dtype=float32))}",2.520580468635553,0.9601609513758116,3.826861269766487,0.5072149660575855,1.1364505884962355,1.6924553201212376,1.350043706260152,1.9651293436965178,0.3633124690680149,0.9585204020493976,2.637754076367681,1.2364873592662533,1.4106591709282248,0.7650063279300039,0.9360700563077151,"[1.4337096e-03 8.4671361e-04 1.9848098e-03 ... 8.6165638e-17 5.7170310e-17
 2.4486584e-17]","[1.5202137e-03 5.5458560e-04 2.4650816e-03 ... 6.9203909e-17 7.6813944e-17
 5.7645251e-17]","[1.2331067e-03 3.4211195e-04 2.1055848e-03 ... 1.7196120e-17 4.7355451e-17
 5.0724856e-17]",0.9923076923076924,0.9578139980824544
324,2019-01-14 21:19:17.734004,2019-01-14 21:19:38.317004,2019-01-14 21:20:03.317000,ID_15,SF,0.4699540876769324,0.625,0.7848622630307973,0.0,protB_SF,4,2019-01-14 21:19:06,0 days 00:00:11.734004,0 days 00:00:32.317004,0 days 00:00:57.317000,11.734004,32.317004,57.317,"{'CZ': array([ 2.654955  ,  2.2747002 ,  1.8522072 , ..., -0.96279144,
       -1.3305187 , -1.686449  ], shape=(20583,), dtype=float32), 'C3': array([-3.3912735 , -2.1937256 , -0.94607544, ..., -4.728834  ,
       -4.185837  , -3.6772785 ], shape=(20583,), dtype=float32), 'C4': array([3.473322 , 3.1605797, 2.7858353, ..., 2.7615175, 2.6962643,
       2.4368   ], shape=(20583,), dtype=float32)}",11734.0,32317.0,20583.0,ok,2.4136357260431396,2.627377980388701,1.4576090761693195,1.5503383310715435,1.0856648473236419,2.0573980909830425,2.4288401182275265,1.242383754288312,4.039762388856616,5.619033959192166,0.8226187073887559,0.8992324947030284,0.5442943729576655,1.0452352626089123,0.4945145167312148,"{'CZ': (array([0.00000000e+00, 4.88281250e-01, 9.76562500e-01, ...,
       4.99023438e+02, 4.99511719e+02, 5.00000000e+02], shape=(1025,)), array([8.1025632e-03, 3.6077939e-03, 4.7323429e-03, ..., 6.4828990e-17,
       8.4819596e-17, 7.0793273e-17], shape=(1025,), dtype=float32)), 'C3': (array([0.00000000e+00, 4.88281250e-01, 9.76562500e-01, ...,
       4.99023438e+02, 4.99511719e+02, 5.00000000e+02], shape=(1025,)), array([4.8954803e-03, 1.9112544e-03, 3.6658924e-03, ..., 2.5185360e-16,
       1.9112908e-16, 1.0304428e-16], shape=(1025,), dtype=float32)), 'C4': (array([0.00000000e+00, 4.88281250e-01, 9.76562500e-01, ...,
       4.99023438e+02, 4.99511719e+02, 5.00000000e+02], shape=(1025,)), array([2.9978300e-03, 1.1463863e-03, 2.1755740e-03, ..., 3.3245583e-17,
       7.3733186e-17, 1.6922137e-17], shape=(1025,), dtype=float32))}",2.2835095852558562,1.516835329344537,1.093323255786285,0.21979885468305682,0.9584135249646186,2.6207296751362867,2.1362735967164164,1.1825657721823744,0.9452250533060568,1.9703630943512322,0.7881843563738752,0.6670349539181366,0.5296922432247031,0.2960422743718677,0.13059866169747208,"[8.1025632e-03 3.6077939e-03 4.7323429e-03 ... 6.4828990e-17 8.4819596e-17
 7.0793273e-17]","[4.8954803e-03 1.9112544e-03 3.6658924e-03 ... 2.5185360e-16 1.9112908e-16
 1.0304428e-16]","[2.9978300e-03 1.1463863e-03 2.1755740e-03 ... 3.3245583e-17 7.3733186e-17
 1.6922137e-17]",0.5557692307692308,0.4976030680728667
325,2019-01-14 21:21:45.426997,2019-01-14 21:21:53.227005,2019-01-14 21:22:18.227996,ID_15,SF,0.7252151335950572,0.7346938775510204,0.6909515232341512,0.75,protB_SF,4,2019-01-14 21:19:06,0 days 00:02:39.426997,0 days 00:02:47.227005,0 days 00:03:12.227996,159.426997,167.227005,192.227996,"{'CZ': array([8.24942  , 8.571243 , 8.685455 , ..., 4.012198 , 3.906077 ,
       3.7274299], shape=(7800,), dtype=float32), 'C3': array([ 0.2096138,  2.1925888,  3.9302597, ...,  8.6358795,  9.690338 ,
       10.677315 ], shape=(7800,), dtype=float32), 'C4': array([ 1.2136917,  1.2673645,  1.2552643, ..., -2.2523117, -2.350853 ,
       -2.4509888], shape=(7800,), dtype=float32)}",159427.0,167227.0,7800.0,ok,1.9950457972299773,1.732401506160386,1.79310731618898,1.878228889836464,0.9649218800404924,1.7807216609071475,1.5012802177807316,1.3078223200864159,3.677729171613464,4.743840676383115,1.1028893404727569,0.6600585911655799,0.5908659368287772,0.8940948373492574,0.5399760299269474,"{'CZ': (array([0.00000000e+00, 4.88281250e-01, 9.76562500e-01, ...,
       4.99023438e+02, 4.99511719e+02, 5.00000000e+02], shape=(1025,)), array([1.0141446e-02, 4.0010139e-03, 6.4206333e-03, ..., 1.2789770e-16,
       6.8890877e-17, 2.0526790e-17], shape=(1025,), dtype=float32)), 'C3': (array([0.00000000e+00, 4.88281250e-01, 9.76562500e-01, ...,
       4.99023438e+02, 4.99511719e+02, 5.00000000e+02], shape=(1025,)), array([7.6148952e-03, 2.9140478e-03, 3.9830753e-03, ..., 1.8333520e-16,
       1.5667713e-16, 1.0598929e-16], shape=(1025,), dtype=float32)), 'C4': (array([0.00000000e+00, 4.88281250e-01, 9.76562500e-01, ...,
       4.99023438e+02, 4.99511719e+02, 5.00000000e+02], shape=(1025,)), array([6.9498955e-03, 2.4651517e-03, 1.0973295e-03, ..., 4.5895385e-17,
       5.4659688e-17, 6.1956610e-18], shape=(1025,), dtype=float32))}",1.8874870602232872,1.0001483717866138,1.3449737388176175,0.26628546204707954,0.8518229015564779,2.268297088614243,1.320443147512772,1.2448536182898529,0.8605163912295043,1.663468963190122,1.0567230202331397,0.48961993092432227,0.5750144022676562,0.25323472965536203,0.14260480627205432,"[1.0141446e-02 4.0010139e-03 6.4206333e-03 ... 1.2789770e-16 6.8890877e-17
 2.0526790e-17]","[7.6148952e-03 2.9140478e-03 3.9830753e-03 ... 1.8333520e-16 1.5667713e-16
 1.0598929e-16]","[6.9498955e-03 2.4651517e-03 1.0973295e-03 ... 4.5895385e-17 5.4659688e-17
 6.1956610e-18]",0.6653846153846154,0.6845637583892618
326,2019-01-14 21:23:59.789998,2019-01-14 21:24:07.677996,2019-01-14 21:24:32.676995,ID_15,SF,0.7772078702738047,0.8,0.8173378965356997,0.7142857142857143,protB_SF,4,2019-01-14 21:19:06,0 days 00:04:53.789998,0 days 00:05:01.677996,0 days 00:05:26.676995,293.789998,301.677996,326.676995,"{'CZ': array([-2.680149 , -3.3727837, -3.9544106, ..., -3.6714554, -4.6628227,
       -5.484329 ], shape=(7888,), dtype=float32), 'C3': array([-0.64871025, -0.5246258 , -0.47319984, ..., -2.8396645 ,
       -4.2799683 , -5.580559  ], shape=(7888,), dtype=float32), 'C4': array([1.344799 , 1.3850784, 1.391407 , ..., 1.03018  , 0.8037243,
       0.6062832], shape=(7888,), dtype=float32)}",293790.0,301678.0,7888.0,ok,3.4914299758384004,1.9336695404490456,1.304865196289029,1.8553470490587642,1.0751964814517123,1.2964176676177885,2.08666936669033,1.0642633133102208,4.048195965879131,6.049764298950322,0.6858782871859148,0.631750859611202,0.4591912802425213,1.0382565906184027,0.6936541478239633,"{'CZ': (array([0.00000000e+00, 4.88281250e-01, 9.76562500e-01, ...,
       4.99023438e+02, 4.99511719e+02, 5.00000000e+02], shape=(1025,)), array([5.7957801e-03, 2.2443999e-03, 1.1301021e-02, ..., 6.2468548e-17,
       6.3860951e-17, 1.5346984e-16], shape=(1025,), dtype=float32)), 'C3': (array([0.00000000e+00, 4.88281250e-01, 9.76562500e-01, ...,
       4.99023438e+02, 4.99511719e+02, 5.00000000e+02], shape=(1025,)), array([7.7017136e-03, 2.6556328e-03, 6.5461737e-03, ..., 1.2186008e-16,
       2.2628220e-16, 1.0835777e-16], shape=(1025,), dtype=float32)), 'C4': (array([0.00000000e+00, 4.88281250e-01, 9.76562500e-01, ...,
       4.99023438e+02, 4.99511719e+02, 5.00000000e+02], shape=(1025,)), array([1.98537926e-03, 4.68702870e-04, 3.61930951e-03, ...,
       1.15164676e-17, 2.41461962e-17, 1.58021755e-17],
      shape=(1025,), dtype=float32))}",3.303196803913281,1.1163442398176007,0.978753143139189,0.26304139441669183,0.9491721615174475,1.6513868987180433,1.8353191054792741,1.0130214296234328,0.9471983446839498,2.1214024315825832,0.6571678123543674,0.4686217502267517,0.4468722650561051,0.2940657031614695,0.18319038232794474,"[5.7957801e-03 2.2443999e-03 1.1301021e-02 ... 6.2468548e-17 6.3860951e-17
 1.5346984e-16]","[7.7017136e-03 2.6556328e-03 6.5461737e-03 ... 1.2186008e-16 2.2628220e-16
 1.0835777e-16]","[1.98537926e-03 4.68702870e-04 3.61930951e-03 ... 1.15164676e-17
 2.41461962e-17 1.58021755e-17]",0.5923076923076923,0.5934803451581975
327,2019-01-14 21:26:14.271002,2019-01-14 21:26:22.089005,2019-01-14 21:26:47.089996,ID_15,SF,0.5075353142891498,0.6875,0.8351059428674495,0.0,protB_SF,6,2019-01-14 21:19:06,0 days 00:07:08.271002,0 days 00:07:16.089005,0 days 00:07:41.089996,428.271002,436.089005,461.089996,"{'CZ': array([-1.7416191, -1.7891979, -1.895319 , ..., -1.3586636, -1.2312164,
       -0.9571419], shape=(7818,), dtype=float32), 'C3': array([-4.469898 , -3.8680687, -3.4318275, ..., -3.6608353, -3.2400742,
       -2.60561  ], shape=(7818,), dtype=float32), 'C4': array([ 1.9397125,  1.6842804,  1.3799286, ..., -1.5591888, -1.7467651,
       -1.8630371], shape=(7818,), dtype=float32)}",428271.0,436089.0,7818.0,ok,5.319527939718682,1.5846880560275167,1.4884911943227053,1.3711161136598093,1.0173299879170372,2.071898488793522,2.086553882691078,1.39157642115606,3.608727642131271,5.284102247060218,1.2702170279226266,0.778615809394978,0.6340967884170823,1.0981566920236219,0.6054140928881679,"{'CZ': (array([0.00000000e+00, 4.88281250e-01, 9.76562500e-01, ...,
       4.99023438e+02, 4.99511719e+02, 5.00000000e+02], shape=(1025,)), array([1.43837025e-02, 4.76342300e-03, 4.94146114e-03, ...,
       1.10750914e-16, 1.33993108e-16, 7.22878564e-17],
      shape=(1025,), dtype=float32)), 'C3': (array([0.00000000e+00, 4.88281250e-01, 9.76562500e-01, ...,
       4.99023438e+02, 4.99511719e+02, 5.00000000e+02], shape=(1025,)), array([4.2563234e-03, 1.9882631e-03, 1.0708820e-02, ..., 5.9565310e-16,
       1.1590430e-16, 6.4195562e-17], shape=(1025,), dtype=float32)), 'C4': (array([0.00000000e+00, 4.88281250e-01, 9.76562500e-01, ...,
       4.99023438e+02, 4.99511719e+02, 5.00000000e+02], shape=(1025,)), array([1.4142873e-03, 6.4356771e-04, 1.5085927e-03, ..., 2.9934869e-17,
       5.2407639e-17, 1.7072763e-17], shape=(1025,), dtype=float32))}",5.032736675346526,0.9148705847862976,1.1164873115794682,0.194389666681087,0.8980882287709566,2.63920039454142,1.83521753213297,1.324575147859918,0.8443713886018954,1.8529163785090776,1.2170464658971074,0.5775636040724171,0.617085472431199,0.31103122555577245,0.159886651713723,"[1.43837025e-02 4.76342300e-03 4.94146114e-03 ... 1.10750914e-16
 1.33993108e-16 7.22878564e-17]","[4.2563234e-03 1.9882631e-03 1.0708820e-02 ... 5.9565310e-16 1.1590430e-16
 6.4195562e-17]","[1.4142873e-03 6.4356771e-04 1.5085927e-03 ... 2.9934869e-17 5.2407639e-17
 1.7072763e-17]",1.0173076923076922,0.7027804410354745
328,2019-01-14 21:28:28.494002,2019-01-14 21:28:36.253002,2019-01-14 21:29:01.252998,ID_15,SF,0.4559695779349595,0.5625,0.8054087338048787,0.0,protB_SF,6,2019-01-14 21:19:06,0 days 00:09:22.494002,0 days 00:09:30.253002,0 days 00:09:55.252998,562.494002,570.253002,595.252998,"{'CZ': array([-4.434105 , -4.841835 , -5.2192497, ..., -6.703659 , -6.814167 ,
       -6.9582405], shape=(7759,), dtype=float32), 'C3': array([-4.7323074, -4.856308 , -4.90493  , ..., -6.282484 , -6.359297 ,
       -6.1957703], shape=(7759,), dtype=float32), 'C4': array([3.5816689, 3.6006317, 3.542366 , ..., 1.4086914, 1.2302208,
       1.0114822], shape=(7759,), dtype=float32)}",562494.0,570253.0,7759.0,ok,2.0256327097740723,2.392642287304625,1.2457827178877778,1.7041372411767952,0.8619607815489871,1.5587791604048107,2.115560506354086,1.0520370487938635,3.3451800991315395,4.811293576494791,0.6725097514390654,0.6753031339030713,0.4528092104010284,0.9635861624701647,0.5713760848493621,"{'CZ': (array([0.00000000e+00, 4.88281250e-01, 9.76562500e-01, ...,
       4.99023438e+02, 4.99511719e+02, 5.00000000e+02], shape=(1025,)), array([5.5917092e-03, 2.2077162e-03, 3.0452004e-03, ..., 6.8126059e-17,
       9.8282484e-17, 2.7237471e-17], shape=(1025,), dtype=float32)), 'C3': (array([0.00000000e+00, 4.88281250e-01, 9.76562500e-01, ...,
       4.99023438e+02, 4.99511719e+02, 5.00000000e+02], shape=(1025,)), array([4.9821944e-03, 1.9789175e-03, 3.9198659e-03, ..., 1.4642608e-16,
       2.3146917e-16, 5.7040793e-17], shape=(1025,), dtype=float32)), 'C4': (array([0.00000000e+00, 4.88281250e-01, 9.76562500e-01, ...,
       4.99023438e+02, 4.99511719e+02, 5.00000000e+02], shape=(1025,)), array([1.4025815e-03, 4.4189524e-04, 5.9708697e-04, ..., 2.8653391e-17,
       2.3018261e-17, 2.5954544e-17], shape=(1025,), dtype=float32))}",1.916424943112652,1.3813179447178199,0.934436564228099,0.24160365923128208,0.7609299251625797,1.9855850068884815,1.8607301559554037,1.0013838322314945,0.7827064399237856,1.6871219088658789,0.6443588759070809,0.5009280663868467,0.4406614110427015,0.272916777012394,0.15089739427776377,"[5.5917092e-03 2.2077162e-03 3.0452004e-03 ... 6.8126059e-17 9.8282484e-17
 2.7237471e-17]","[4.9821944e-03 1.9789175e-03 3.9198659e-03 ... 1.4642608e-16 2.3146917e-16
 5.7040793e-17]","[1.4025815e-03 4.4189524e-04 5.9708697e-04 ... 2.8653391e-17 2.3018261e-17
 2.5954544e-17]",0.8730769230769231,0.6778523489932886
329,2019-01-14 21:30:42.482996,2019-01-14 21:30:50.207999,2019-01-14 21:31:15.209000,ID_15,SF,0.8676675137413534,0.8125,0.7905025412240602,1.0,protB_SF,6,2019-01-14 21:19:06,0 days 00:11:36.482996,0 days 00:11:44.207999,0 days 00:12:09.209000,696.482996,704.207999,729.209,"{'CZ': array([2.2385712, 2.292759 , 2.352253 , ..., 5.988991 , 5.490448 ,
       4.8067017], shape=(7725,), dtype=float32), 'C3': array([ 0.0987587 ,  0.8069    ,  1.3035393 , ...,  0.5612755 ,
        0.10193634, -0.32241058], shape=(7725,), dtype=float32), 'C4': array([-3.3677368, -3.2032127, -2.9345741, ...,  4.6779976,  4.7011147,
        4.601837 ], shape=(7725,), dtype=float32)}",696483.0,704208.0,7725.0,ok,1.9358872978045838,2.454358516843058,1.0992348688887432,1.1824799094029004,0.9196212931783521,1.508813705186185,1.6476152813993394,1.2427898327587172,3.521197988447966,5.921988411500934,0.38022496255507576,0.48111397518368904,0.45770152064505965,1.0911797007793211,0.4297529062569083,"{'CZ': (array([0.00000000e+00, 4.88281250e-01, 9.76562500e-01, ...,
       4.99023438e+02, 4.99511719e+02, 5.00000000e+02], shape=(1025,)), array([8.8503109e-03, 3.4302357e-03, 2.1176194e-03, ..., 1.5823916e-16,
       7.4879248e-17, 2.7829588e-17], shape=(1025,), dtype=float32)), 'C3': (array([0.00000000e+00, 4.88281250e-01, 9.76562500e-01, ...,
       4.99023438e+02, 4.99511719e+02, 5.00000000e+02], shape=(1025,)), array([8.7756541e-04, 5.9964944e-04, 2.4244883e-03, ..., 1.9613101e-16,
       1.3008702e-16, 1.2084160e-16], shape=(1025,), dtype=float32)), 'C4': (array([0.00000000e+00, 4.88281250e-01, 9.76562500e-01, ...,
       4.99023438e+02, 4.99511719e+02, 5.00000000e+02], shape=(1025,)), array([6.8005169e-04, 3.0841437e-04, 1.3342135e-03, ..., 5.1964601e-17,
       4.3189148e-17, 4.3915486e-18], shape=(1025,), dtype=float32))}",1.831517968023653,1.41694789901316,0.8245139697440006,0.16764581289352662,0.8118320192463988,1.9219386217785495,1.4491513857933471,1.182952298888204,0.8238911688253854,2.076596706113281,0.3643089619734674,0.3568819411625103,0.44542247218252273,0.3090551303835909,0.11349546377069715,"[8.8503109e-03 3.4302357e-03 2.1176194e-03 ... 1.5823916e-16 7.4879248e-17
 2.7829588e-17]","[8.7756541e-04 5.9964944e-04 2.4244883e-03 ... 1.9613101e-16 1.3008702e-16
 1.2084160e-16]","[6.8005169e-04 3.0841437e-04 1.3342135e-03 ... 5.1964601e-17 4.3189148e-17
 4.3915486e-18]",0.8557692307692307,0.6433365292425696
330,2019-01-14 21:32:56.517996,2019-01-14 21:33:04.238000,2019-01-14 21:33:29.237995,ID_15,SF,0.5108360150191666,0.75,0.7825080450574998,0.0,protB_SF,8,2019-01-14 21:19:06,0 days 00:13:50.517996,0 days 00:13:58.238000,0 days 00:14:23.237995,830.517996,838.238,863.237995,"{'CZ': array([-1.2219048, -1.2010193, -1.1605377, ..., -4.1966095, -3.9871292,
       -3.7752151], shape=(7720,), dtype=float32), 'C3': array([ 3.8444862,  2.3900604,  0.9464264, ..., -1.1060448, -1.4769402,
       -1.8639946], shape=(7720,), dtype=float32), 'C4': array([-2.5232964, -2.6453695, -2.784587 , ...,  1.51795  ,  1.6074743,
        1.744667 ], shape=(7720,), dtype=float32)}",830518.0,838238.0,7720.0,ok,2.5107097535510547,3.336505586048588,1.216319898958318,1.7400776541762752,1.0383464959886624,1.3858983911632095,1.4852807580609806,0.9128055826295167,2.846897070412524,3.368114045315451,1.1007828325091396,1.337766894721426,0.5027094484830741,0.8051601535044028,0.4464059108499896,"{'CZ': (array([0.00000000e+00, 4.88281250e-01, 9.76562500e-01, ...,
       4.99023438e+02, 4.99511719e+02, 5.00000000e+02], shape=(1025,)), array([1.2773902e-02, 5.5228542e-03, 2.7836673e-03, ..., 1.2012613e-16,
       1.3285091e-16, 5.6498017e-17], shape=(1025,), dtype=float32)), 'C3': (array([0.00000000e+00, 4.88281250e-01, 9.76562500e-01, ...,
       4.99023438e+02, 4.99511719e+02, 5.00000000e+02], shape=(1025,)), array([7.3740706e-03, 3.0710862e-03, 2.4264699e-03, ..., 8.4802537e-17,
       1.6100369e-16, 8.6498707e-17], shape=(1025,), dtype=float32)), 'C4': (array([0.00000000e+00, 4.88281250e-01, 9.76562500e-01, ...,
       4.99023438e+02, 4.99511719e+02, 5.00000000e+02], shape=(1025,)), array([1.6230535e-03, 6.5891305e-04, 2.0571270e-03, ..., 6.8932514e-17,
       5.5089868e-17, 2.4128845e-17], shape=(1025,), dtype=float32))}",2.375350068847436,1.9262281967991415,0.9123370962409382,0.2466991028875463,0.9166413813695956,1.7653681396727787,1.306370906567586,0.8688560478585869,0.6661179980684863,1.1810584631899428,1.0547046894942602,0.992332110138446,0.4892229438461674,0.22804573439485212,0.11789343398090309,"[1.2773902e-02 5.5228542e-03 2.7836673e-03 ... 1.2012613e-16 1.3285091e-16
 5.6498017e-17]","[7.3740706e-03 3.0710862e-03 2.4264699e-03 ... 8.4802537e-17 1.6100369e-16
 8.6498707e-17]","[1.6230535e-03 6.5891305e-04 2.0571270e-03 ... 6.8932514e-17 5.5089868e-17
 2.4128845e-17]",0.9,0.6673058485139022
331,2019-01-14 21:35:10.502996,2019-01-14 21:35:18.791002,2019-01-14 21:35:43.790997,ID_15,SF,0.4864577631379088,0.75,0.7093732894137263,0.0,protB_SF,8,2019-01-14 21:19:06,0 days 00:16:04.502996,0 days 00:16:12.791002,0 days 00:16:37.790997,964.502996,972.791002,997.790997,"{'CZ': array([-7.2597656, -7.223198 , -7.01754  , ...,  5.9613075,  6.634056 ,
        7.211895 ], shape=(8288,), dtype=float32), 'C3': array([-3.328331 , -2.6012344, -1.7704849, ...,  4.5310764,  4.637911 ,
        4.689452 ], shape=(8288,), dtype=float32), 'C4': array([-3.5957718, -3.3915198, -3.0175514, ...,  2.7768536,  3.0720177,
        3.3332253], shape=(8288,), dtype=float32)}",964503.0,972791.0,8288.0,ok,2.048862268566154,2.410720961051993,0.8944306791818235,1.7669157296040794,1.127572712903202,1.120998827900621,1.1068818857893348,1.4876046916469932,3.3807861182140186,4.906750521513459,2.1785695862490684,0.7657761198061053,0.6058797334844712,0.681157001054089,0.5686087149570085,"{'CZ': (array([0.00000000e+00, 4.88281250e-01, 9.76562500e-01, ...,
       4.99023438e+02, 4.99511719e+02, 5.00000000e+02], shape=(1025,)), array([3.9297631e-03, 2.1173446e-03, 4.5478344e-03, ..., 6.1220868e-17,
       8.5066877e-17, 5.7012597e-17], shape=(1025,), dtype=float32)), 'C3': (array([0.00000000e+00, 4.88281250e-01, 9.76562500e-01, ...,
       4.99023438e+02, 4.99511719e+02, 5.00000000e+02], shape=(1025,)), array([5.8209142e-03, 2.2298093e-03, 1.6059288e-03, ..., 1.8935645e-16,
       3.1381147e-16, 2.5926352e-17], shape=(1025,), dtype=float32)), 'C4': (array([0.00000000e+00, 4.88281250e-01, 9.76562500e-01, ...,
       4.99023438e+02, 4.99511719e+02, 5.00000000e+02], shape=(1025,)), array([6.6245566e-03, 2.2575040e-03, 3.4074821e-03, ..., 9.2979852e-17,
       8.6088544e-17, 2.9775124e-17], shape=(1025,), dtype=float32))}",1.9384021286467523,1.3917551072625272,0.67089446561913,0.25050406476115983,0.9954093485586715,1.4279370176086972,0.9735521616058562,1.4159798732134783,0.7910375490449779,1.720594716279084,2.0873759029916417,0.5680393466599163,0.5896254142953199,0.19292428700984565,0.15016654656321693,"[3.9297631e-03 2.1173446e-03 4.5478344e-03 ... 6.1220868e-17 8.5066877e-17
 5.7012597e-17]","[5.8209142e-03 2.2298093e-03 1.6059288e-03 ... 1.8935645e-16 3.1381147e-16
 2.5926352e-17]","[6.6245566e-03 2.2575040e-03 3.4074821e-03 ... 9.2979852e-17 8.6088544e-17
 2.9775124e-17]",0.8653846153846154,0.8111217641418984
332,2019-01-14 21:37:26.184004,2019-01-14 21:37:34.141998,2019-01-14 21:37:59.140997,ID_15,SF,0.8284456282114805,0.8125,0.790483943457971,0.8823529411764706,protB_SF,8,2019-01-14 21:19:06,0 days 00:18:20.184004,0 days 00:18:28.141998,0 days 00:18:53.140997,1100.184004,1108.141998,1133.140997,"{'CZ': array([ 3.1977618,  3.3881164,  3.6789308, ..., -2.883532 , -2.7322319,
       -2.4389834], shape=(7958,), dtype=float32), 'C3': array([-6.335028 , -6.2673454, -6.054676 , ..., -3.390499 , -2.979351 ,
       -2.4176178], shape=(7958,), dtype=float32), 'C4': array([1.4916077, 1.4721031, 1.5187111, ..., 2.48491  , 2.1784334,
       1.8199644], shape=(7958,), dtype=float32)}",1100184.0,1108142.0,7958.0,ok,3.0642663077742327,2.0639855065383017,0.9765024005901068,1.61331430899736,1.0434663256546628,1.3338286016733036,1.4966260641813278,0.9392310385010205,2.3756977880111663,2.034346372965956,0.7547066452389117,0.8097367826849222,0.34622578823473305,0.5517969866559724,0.4109203339908163,"{'CZ': (array([0.00000000e+00, 4.88281250e-01, 9.76562500e-01, ...,
       4.99023438e+02, 4.99511719e+02, 5.00000000e+02], shape=(1025,)), array([6.4404854e-03, 3.1674157e-03, 3.1169637e-03, ..., 1.2311293e-16,
       2.0148853e-16, 2.0378761e-17], shape=(1025,), dtype=float32)), 'C3': (array([0.00000000e+00, 4.88281250e-01, 9.76562500e-01, ...,
       4.99023438e+02, 4.99511719e+02, 5.00000000e+02], shape=(1025,)), array([4.9686250e-03, 2.4109711e-03, 2.3911314e-03, ..., 1.8615284e-16,
       9.1168194e-17, 9.7896998e-17], shape=(1025,), dtype=float32)), 'C4': (array([0.00000000e+00, 4.88281250e-01, 9.76562500e-01, ...,
       4.99023438e+02, 4.99511719e+02, 5.00000000e+02], shape=(1025,)), array([1.9904070e-03, 8.3466968e-04, 1.8449003e-03, ..., 4.6758892e-17,
       1.8092409e-17, 1.7418165e-17], shape=(1025,), dtype=float32))}",2.899062774916006,1.1915781280579996,0.7324548134003797,0.22872725924044965,0.9211611132274579,1.6990412372165344,1.316349611106298,0.8940091774935259,0.5558666208948752,0.7133612367410723,0.7231150545031344,0.6006485983387788,0.336937369820211,0.15628561412427067,0.10852188129524198,"[6.4404854e-03 3.1674157e-03 3.1169637e-03 ... 1.2311293e-16 2.0148853e-16
 2.0378761e-17]","[4.9686250e-03 2.4109711e-03 2.3911314e-03 ... 1.8615284e-16 9.1168194e-17
 9.7896998e-17]","[1.9904070e-03 8.3466968e-04 1.8449003e-03 ... 4.6758892e-17 1.8092409e-17
 1.7418165e-17]",0.5596153846153846,0.6318312559923298
333,2019-01-14 21:20:15.346999,2019-01-14 21:20:23.571999,2019-01-14 21:20:48.572005,ID_15,SF,0.7190653405309457,0.75,0.6871960215928373,0.72,protB_SF,4,2019-01-14 21:19:06,0 days 00:01:09.346999,0 days 00:01:17.571999,0 days 00:01:42.572005,69.346999,77.571999,102.572005,"{'CZ': array([-2.2616434 , -2.6932526 , -3.0163689 , ..., -0.75025177,
       -1.2438812 , -1.685997  ], shape=(8225,), dtype=float32), 'C3': array([ 0.2895279 , -0.12773132, -0.53964996, ..., -0.25306702,
       -0.4858322 , -0.6899719 ], shape=(8225,), dtype=float32), 'C4': array([1.1612701 , 0.63085175, 0.17225647, ..., 0.9964752 , 0.69830704,
       0.5269165 ], shape=(8225,), dtype=float32)}",69347.0,77572.0,8225.0,ok,11.690564482705668,3.0922080914024264,1.4304776123026386,1.9512773578753695,1.5001211959315697,8.460057215415873,2.5061887281481177,1.8402846762910485,2.9055108607281,1.9286653132439824,0.9911325169014162,0.6876650295453146,0.810226280009374,1.1547007561603095,0.6783486096537672,"{'CZ': (array([0.00000000e+00, 4.88281250e-01, 9.76562500e-01, ...,
       4.99023438e+02, 4.99511719e+02, 5.00000000e+02], shape=(1025,)), array([3.2987002e-02, 1.4275417e-02, 1.6230226e-02, ..., 2.7013082e-16,
       1.5931304e-16, 1.1165672e-16], shape=(1025,), dtype=float32)), 'C3': (array([0.00000000e+00, 4.88281250e-01, 9.76562500e-01, ...,
       4.99023438e+02, 4.99511719e+02, 5.00000000e+02], shape=(1025,)), array([1.8280348e-02, 9.6640941e-03, 2.4347557e-02, ..., 4.2066348e-16,
       9.0684075e-17, 2.0301221e-17], shape=(1025,), dtype=float32)), 'C4': (array([0.00000000e+00, 4.88281250e-01, 9.76562500e-01, ...,
       4.99023438e+02, 4.99511719e+02, 5.00000000e+02], shape=(1025,)), array([8.3503630e-03, 3.8684220e-03, 2.3128076e-03, ..., 3.3370130e-17,
       5.6049408e-17, 2.8844652e-17], shape=(1025,), dtype=float32))}",11.060292058683643,1.7851906020885264,1.0729724903485967,0.27664189153702573,1.3242912366658943,10.776486619173197,2.204305161196939,1.7516791102119358,0.6798324737585258,0.6763032546465768,0.9496442737059977,0.5100979045973617,0.7884898266459796,0.3270462165803501,0.17914827085506022,"[3.2987002e-02 1.4275417e-02 1.6230226e-02 ... 2.7013082e-16 1.5931304e-16
 1.1165672e-16]","[1.8280348e-02 9.6640941e-03 2.4347557e-02 ... 4.2066348e-16 9.0684075e-17
 2.0301221e-17]","[8.3503630e-03 3.8684220e-03 2.3128076e-03 ... 3.3370130e-17 5.6049408e-17
 2.8844652e-17]",0.7173076923076923,0.4276126558005753
334,2019-01-14 21:22:30.242998,2019-01-14 21:22:38.101002,2019-01-14 21:23:03.102003,ID_15,SF,0.5378490029599794,0.5,0.8278327231656524,0.2857142857142857,protB_SF,4,2019-01-14 21:19:06,0 days 00:03:24.242998,0 days 00:03:32.101002,0 days 00:03:57.102003,204.242998,212.101002,237.102003,"{'CZ': array([1.9810715, 2.1814842, 2.2945786, ..., 5.723938 , 6.063431 ,
       6.3027496], shape=(7858,), dtype=float32), 'C3': array([-2.5020056, -2.255187 , -1.9253597, ...,  8.128174 ,  8.127274 ,
        7.790926 ], shape=(7858,), dtype=float32), 'C4': array([-1.3657608 , -1.4808235 , -1.5479698 , ...,  0.06953049,
       -0.03759003, -0.17414474], shape=(7858,), dtype=float32)}",204243.0,212101.0,7858.0,ok,3.093345891102217,2.5123349187197164,1.38717946538236,1.7462742907810025,0.9787967054535329,2.6454000471858308,2.2937776084290817,0.9333536945632659,4.025255097076297,5.520794131371076,1.1496424831420882,0.78207809565356,0.6375144766934682,1.178486469143536,0.5127781646478979,"{'CZ': (array([0.00000000e+00, 4.88281250e-01, 9.76562500e-01, ...,
       4.99023438e+02, 4.99511719e+02, 5.00000000e+02], shape=(1025,)), array([3.8473653e-03, 1.6276576e-03, 4.9566007e-03, ..., 1.5523116e-16,
       6.5241019e-17, 1.3877787e-17], shape=(1025,), dtype=float32)), 'C3': (array([0.00000000e+00, 4.88281250e-01, 9.76562500e-01, ...,
       4.99023438e+02, 4.99511719e+02, 5.00000000e+02], shape=(1025,)), array([1.2703304e-02, 5.0448808e-03, 1.2667109e-03, ..., 1.6509016e-16,
       1.0613886e-16, 9.6515388e-17], shape=(1025,), dtype=float32)), 'C4': (array([0.00000000e+00, 4.88281250e-01, 9.76562500e-01, ...,
       4.99023438e+02, 4.99511719e+02, 5.00000000e+02], shape=(1025,)), array([8.6931540e-03, 3.8045608e-03, 1.5665516e-03, ..., 8.1070953e-17,
       4.3072026e-17, 2.6250605e-17], shape=(1025,), dtype=float32))}",2.926574593103069,1.4504187795987475,1.040495421061404,0.24757762959446503,0.8640714517100196,3.369731135968076,2.0174800740702126,0.8884148144409331,0.9418306319697415,1.9359144448965628,1.101519102953233,0.5801318675288076,0.6204114722204757,0.33378305068938596,0.13542199426897894,"[3.8473653e-03 1.6276576e-03 4.9566007e-03 ... 1.5523116e-16 6.5241019e-17
 1.3877787e-17]","[1.2703304e-02 5.0448808e-03 1.2667109e-03 ... 1.6509016e-16 1.0613886e-16
 9.6515388e-17]","[8.6931540e-03 3.8045608e-03 1.5665516e-03 ... 8.1070953e-17 4.3072026e-17
 2.6250605e-17]",0.7192307692307692,0.7603068072866731
335,2019-01-14 21:24:44.691997,2019-01-14 21:24:52.478004,2019-01-14 21:25:17.477999,ID_15,SF,0.7663830773066768,0.8333333333333334,0.665815898586697,0.8,protB_SF,4,2019-01-14 21:19:06,0 days 00:05:38.691997,0 days 00:05:46.478004,0 days 00:06:11.477999,338.691997,346.478004,371.477999,"{'CZ': array([ 3.2735062,  2.2789078,  1.3068008, ..., -6.746353 , -6.543289 ,
       -6.431343 ], shape=(7786,), dtype=float32), 'C3': array([-3.9894905, -4.9328804, -5.4734955, ..., -8.498742 , -8.278332 ,
       -7.8834953], shape=(7786,), dtype=float32), 'C4': array([-0.5782757 , -0.7347832 , -0.86787605, ...,  0.21867633,
        0.31594563,  0.45672154], shape=(7786,), dtype=float32)}",338692.0,346478.0,7786.0,ok,2.211330080172047,1.795665913959965,1.2108658702345565,1.5928954926494043,1.205653942747631,1.4857751339150127,2.0722085173474625,1.1525848240125924,3.9793017858755775,5.73128524592903,0.7038265694063739,0.5857813921466004,0.6113464769441634,1.1062401727031101,0.4420579599582197,"{'CZ': (array([0.00000000e+00, 4.88281250e-01, 9.76562500e-01, ...,
       4.99023438e+02, 4.99511719e+02, 5.00000000e+02], shape=(1025,)), array([5.9869052e-03, 2.4046865e-03, 4.3576583e-03, ..., 3.6736047e-17,
       2.3389083e-17, 3.1234274e-17], shape=(1025,), dtype=float32)), 'C3': (array([0.00000000e+00, 4.88281250e-01, 9.76562500e-01, ...,
       4.99023438e+02, 4.99511719e+02, 5.00000000e+02], shape=(1025,)), array([2.3035798e-03, 1.4692802e-03, 4.3865377e-03, ..., 1.5999547e-16,
       2.7003090e-16, 1.1516714e-16], shape=(1025,), dtype=float32)), 'C4': (array([0.00000000e+00, 4.88281250e-01, 9.76562500e-01, ...,
       4.99023438e+02, 4.99511719e+02, 5.00000000e+02], shape=(1025,)), array([1.5324457e-03, 6.7697401e-04, 1.2456701e-03, ..., 5.4709319e-17,
       4.7887620e-17, 1.1413709e-17], shape=(1025,), dtype=float32))}",2.092110826730122,1.0366721188670642,0.9082461389747513,0.225832386323154,1.0643386382130717,1.8925919106740134,1.8226001412273964,1.0970904583301828,0.9310784597258726,2.0097249836521387,0.6743647896937895,0.4345224024023402,0.5949454979672552,0.31332071203867556,0.11674516320546675,"[5.9869052e-03 2.4046865e-03 4.3576583e-03 ... 3.6736047e-17 2.3389083e-17
 3.1234274e-17]","[2.3035798e-03 1.4692802e-03 4.3865377e-03 ... 1.5999547e-16 2.7003090e-16
 1.1516714e-16]","[1.5324457e-03 6.7697401e-04 1.2456701e-03 ... 5.4709319e-17 4.7887620e-17
 1.1413709e-17]",0.5230769230769231,0.663470757430489
336,2019-01-14 21:26:59.104998,2019-01-14 21:27:06.787998,2019-01-14 21:27:31.788003,ID_15,SF,0.7672212972145794,0.7551020408163265,0.7751332793988405,0.7714285714285715,protB_SF,6,2019-01-14 21:19:06,0 days 00:07:53.104998,0 days 00:08:00.787998,0 days 00:08:25.788003,473.104998,480.787998,505.788003,"{'CZ': array([-4.957641 , -4.863266 , -4.671273 , ...,  3.188459 ,  3.3853986,
        3.59826  ], shape=(7683,), dtype=float32), 'C3': array([ 2.4992027 ,  0.37922478, -1.7124596 , ...,  2.8528438 ,
        3.3743882 ,  3.8943868 ], shape=(7683,), dtype=float32), 'C4': array([-0.53714705, -0.40262914, -0.30611873, ..., -1.344677  ,
       -1.0595493 , -0.7498455 ], shape=(7683,), dtype=float32)}",473105.0,480788.0,7683.0,ok,2.519833444239339,1.5507940552197397,1.3952923400211148,1.773874904756667,1.046567516596042,2.943985877209343,1.8258125055581331,1.2728897490887903,4.040817460918333,6.200729703778052,0.7797118641974521,0.9870726426015608,0.6003595299262088,1.100706107536098,0.6217726881914132,"{'CZ': (array([0.00000000e+00, 4.88281250e-01, 9.76562500e-01, ...,
       4.99023438e+02, 4.99511719e+02, 5.00000000e+02], shape=(1025,)), array([1.07675185e-02, 4.42352798e-03, 3.88083328e-03, ...,
       1.07272216e-16, 8.66933788e-17, 9.96733514e-17],
      shape=(1025,), dtype=float32)), 'C3': (array([0.00000000e+00, 4.88281250e-01, 9.76562500e-01, ...,
       4.99023438e+02, 4.99511719e+02, 5.00000000e+02], shape=(1025,)), array([8.6507117e-03, 3.6332784e-03, 4.5064050e-03, ..., 2.7501458e-16,
       1.0296364e-16, 1.1763429e-16], shape=(1025,), dtype=float32)), 'C4': (array([0.00000000e+00, 4.88281250e-01, 9.76562500e-01, ...,
       4.99023438e+02, 4.99511719e+02, 5.00000000e+02], shape=(1025,)), array([3.9364896e-03, 1.6711717e-03, 9.9564414e-04, ..., 3.4645127e-17,
       1.6133994e-17, 1.1102230e-17], shape=(1025,), dtype=float32))}",2.383981874763634,0.8953029328299306,1.0465807251795287,0.25149070019255004,0.923898812020085,3.750072086388579,1.6058838203911385,1.2116029719790542,0.945471919445642,2.1743397628670373,0.7470735692242334,0.732193240958253,0.584253304732724,0.31175329722100553,0.16420686999159326,"[1.07675185e-02 4.42352798e-03 3.88083328e-03 ... 1.07272216e-16
 8.66933788e-17 9.96733514e-17]","[8.6507117e-03 3.6332784e-03 4.5064050e-03 ... 2.7501458e-16 1.0296364e-16
 1.1763429e-16]","[3.9364896e-03 1.6711717e-03 9.9564414e-04 ... 3.4645127e-17 1.6133994e-17
 1.1102230e-17]",0.9557692307692308,0.775647171620326
337,2019-01-14 21:29:13.267004,2019-01-14 21:29:20.865997,2019-01-14 21:29:45.866998,ID_15,SF,0.5165969695258489,0.6875,0.8622909085775465,0.0,protB_SF,6,2019-01-14 21:19:06,0 days 00:10:07.267004,0 days 00:10:14.865997,0 days 00:10:39.866998,607.267004,614.865997,639.866998,"{'CZ': array([-0.8129959, -1.3269043, -1.8605576, ...,  2.3475952,  1.7352371,
        1.2287788], shape=(7599,), dtype=float32), 'C3': array([13.233879  , 12.99012   , 12.265327  , ..., -0.57844925,
       -1.2189751 , -1.6176147 ], shape=(7599,), dtype=float32), 'C4': array([-1.8164978, -1.9857149, -2.1757479, ..., -1.6643696, -1.5387363,
       -1.3882985], shape=(7599,), dtype=float32)}",607267.0,614866.0,7599.0,ok,3.7558095646090806,3.0958334682509303,1.5455428438144736,4.430163200595416,3.390950432731188,2.0788568726857193,1.7072596383513883,1.3424069620668888,10.096138103108387,14.558060614945134,1.3389590676524676,1.1503054629429244,0.8222709147958085,1.7241196710529039,1.8840107700270892,"{'CZ': (array([0.00000000e+00, 4.88281250e-01, 9.76562500e-01, ...,
       4.99023438e+02, 4.99511719e+02, 5.00000000e+02], shape=(1025,)), array([1.4649644e-02, 5.2879215e-03, 1.2339131e-02, ..., 1.0719820e-16,
       3.0277052e-16, 7.3422742e-17], shape=(1025,), dtype=float32)), 'C3': (array([0.00000000e+00, 4.88281250e-01, 9.76562500e-01, ...,
       4.99023438e+02, 4.99511719e+02, 5.00000000e+02], shape=(1025,)), array([1.2647136e-02, 3.9342190e-03, 6.7678941e-03, ..., 3.4689983e-16,
       1.8062713e-16, 2.6053230e-16], shape=(1025,), dtype=float32)), 'C4': (array([0.00000000e+00, 4.88281250e-01, 9.76562500e-01, ...,
       4.99023438e+02, 4.99511719e+02, 5.00000000e+02], shape=(1025,)), array([2.8556536e-03, 1.6208704e-03, 2.8308348e-03, ..., 1.2500532e-16,
       7.2923945e-17, 2.0243067e-17], shape=(1025,), dtype=float32))}",3.55332291805295,1.7872836011648088,1.1592806065651482,0.6280853527480528,2.9934954283781616,2.6480640380128486,1.501611267361334,1.2777730875827504,2.362298016096177,5.10491048271579,1.2829110029586102,0.853276495217528,0.8002113323896095,0.4883228943441751,0.49755725436650367,"[1.4649644e-02 5.2879215e-03 1.2339131e-02 ... 1.0719820e-16 3.0277052e-16
 7.3422742e-17]","[1.2647136e-02 3.9342190e-03 6.7678941e-03 ... 3.4689983e-16 1.8062713e-16
 2.6053230e-16]","[2.8556536e-03 1.6208704e-03 2.8308348e-03 ... 1.2500532e-16 7.2923945e-17
 2.0243067e-17]",0.7057692307692308,0.6586768935762224
338,2019-01-14 21:31:27.222996,2019-01-14 21:31:34.860996,2019-01-14 21:31:59.861001,ID_15,SF,0.7931786554785006,0.7222222222222222,0.90731374421328,0.75,protB_SF,6,2019-01-14 21:19:06,0 days 00:12:21.222996,0 days 00:12:28.860996,0 days 00:12:53.861001,741.222996,748.860996,773.861001,"{'CZ': array([-3.377161  , -3.0676785 , -2.6979141 , ..., -0.31924438,
       -0.24837494, -0.01925659], shape=(7638,), dtype=float32), 'C3': array([-2.8090343 , -2.864153  , -2.8633118 , ..., -2.0475845 ,
       -0.97312164, -0.04357147], shape=(7638,), dtype=float32), 'C4': array([1.3650093, 1.4884567, 1.6251793, ..., 3.876171 , 3.5525827,
       3.2467527], shape=(7638,), dtype=float32)}",741223.0,748861.0,7638.0,ok,3.04949489509454,1.9551627774490044,1.3039360783295706,1.788678091543261,1.2018617348985572,1.381005105940858,1.5241719374898821,1.078221590432804,3.0086973965808284,4.734298806397419,0.6198910568855354,0.963532344030682,0.7086493606038857,1.193814128782833,0.5206768455536803,"{'CZ': (array([0.00000000e+00, 4.88281250e-01, 9.76562500e-01, ...,
       4.99023438e+02, 4.99511719e+02, 5.00000000e+02], shape=(1025,)), array([1.8125046e-03, 6.5839640e-04, 8.9849654e-04, ..., 9.3859264e-17,
       1.4343275e-16, 4.4717314e-17], shape=(1025,), dtype=float32)), 'C3': (array([0.00000000e+00, 4.88281250e-01, 9.76562500e-01, ...,
       4.99023438e+02, 4.99511719e+02, 5.00000000e+02], shape=(1025,)), array([7.6385075e-03, 3.2965422e-03, 1.5274511e-03, ..., 2.5726569e-16,
       1.7235655e-16, 6.0396136e-17], shape=(1025,), dtype=float32)), 'C4': (array([0.00000000e+00, 4.88281250e-01, 9.76562500e-01, ...,
       4.99023438e+02, 4.99511719e+02, 5.00000000e+02], shape=(1025,)), array([1.0861182e-03, 4.1804873e-04, 6.6828914e-04, ..., 3.5251122e-17,
       1.8455146e-17, 5.0527484e-17], shape=(1025,), dtype=float32))}",2.885087732171198,1.1287526947361006,0.9780562304421893,0.2535894185407598,1.0609909169517737,1.7591350349336783,1.3405774396100956,1.0263076471120531,0.7039760964430937,1.6601230235486366,0.5939427699671169,0.7147314587551633,0.6896379755651438,0.33812430799550613,0.1375079940133125,"[1.8125046e-03 6.5839640e-04 8.9849654e-04 ... 9.3859264e-17 1.4343275e-16
 4.4717314e-17]","[7.6385075e-03 3.2965422e-03 1.5274511e-03 ... 2.5726569e-16 1.7235655e-16
 6.0396136e-17]","[1.0861182e-03 4.1804873e-04 6.6828914e-04 ... 3.5251122e-17 1.8455146e-17
 5.0527484e-17]",0.6211538461538462,0.6951102588686481
339,2019-01-14 21:33:41.252002,2019-01-14 21:33:48.852997,2019-01-14 21:34:13.853002,ID_15,SF,0.6742204632022148,0.68,0.797206844152099,0.5454545454545454,protB_SF,8,2019-01-14 21:19:06,0 days 00:14:35.252002,0 days 00:14:42.852997,0 days 00:15:07.853002,875.252002,882.852997,907.853002,"{'CZ': array([-0.27214432,  0.01161957,  0.26349258, ..., -5.1727166 ,
       -5.043765  , -4.9776516 ], shape=(7601,), dtype=float32), 'C3': array([ 1.1594219,  1.4794731,  1.770833 , ..., -6.0484333, -5.7752495,
       -5.3465424], shape=(7601,), dtype=float32), 'C4': array([ 2.1216145 ,  2.2599812 ,  2.3830605 , ..., -0.43799973,
       -0.5307369 , -0.5891695 ], shape=(7601,), dtype=float32)}",875252.0,882853.0,7601.0,ok,4.299349275243003,1.6678167303325608,1.371122409182135,2.5227709775208496,1.5529151191913115,3.3205453801201656,1.8552960100350901,1.2683519889833406,4.768116436025593,5.685333222572808,3.374879313923884,1.5294010954676196,0.5987481563352048,1.5927458080113865,1.3076467433847938,"{'CZ': (array([0.00000000e+00, 4.88281250e-01, 9.76562500e-01, ...,
       4.99023438e+02, 4.99511719e+02, 5.00000000e+02], shape=(1025,)), array([3.0253626e-02, 1.1788980e-02, 1.8538296e-02, ..., 1.9875459e-16,
       1.5193403e-16, 2.6053233e-17], shape=(1025,), dtype=float32)), 'C3': (array([0.00000000e+00, 4.88281250e-01, 9.76562500e-01, ...,
       4.99023438e+02, 4.99511719e+02, 5.00000000e+02], shape=(1025,)), array([1.8957002e-02, 7.0912912e-03, 7.9829367e-03, ..., 3.5388973e-16,
       3.6020455e-16, 8.2501909e-17], shape=(1025,), dtype=float32)), 'C4': (array([0.00000000e+00, 4.88281250e-01, 9.76562500e-01, ...,
       4.99023438e+02, 4.99511719e+02, 5.00000000e+02], shape=(1025,)), array([3.3951567e-03, 1.7010352e-03, 8.7860981e-03, ..., 8.1465690e-17,
       1.4780769e-16, 1.2237125e-17], shape=(1025,), dtype=float32))}",4.067558817781911,0.9628623511056651,1.0284513461100389,0.3576652659445532,1.3708971576486129,4.229736507220928,1.6318158822342035,1.2072836948116275,1.1156455946131496,1.9936115072806804,3.233608786175486,1.1344830121764011,0.5826851604811972,0.4511138385467713,0.34534257110986843,"[3.0253626e-02 1.1788980e-02 1.8538296e-02 ... 1.9875459e-16 1.5193403e-16
 2.6053233e-17]","[1.8957002e-02 7.0912912e-03 7.9829367e-03 ... 3.5388973e-16 3.6020455e-16
 8.2501909e-17]","[3.3951567e-03 1.7010352e-03 8.7860981e-03 ... 8.1465690e-17 1.4780769e-16
 1.2237125e-17]",1.001923076923077,0.5781399808245445
340,2019-01-14 21:35:55.805999,2019-01-14 21:36:03.971998,2019-01-14 21:36:28.972003,ID_15,SF,0.7004773528701765,0.8125,0.7889320586105297,0.5,protB_SF,8,2019-01-14 21:19:06,0 days 00:16:49.805999,0 days 00:16:57.971998,0 days 00:17:22.972003,1009.805999,1017.971998,1042.972003,"{'CZ': array([-0.84477997, -1.0929031 , -1.4600449 , ..., -6.205658  ,
       -5.770527  , -5.2431946 ], shape=(8166,), dtype=float32), 'C3': array([0.6337242 , 0.69501114, 0.8075638 , ..., 3.0466385 , 3.6772156 ,
       4.261997  ], shape=(8166,), dtype=float32), 'C4': array([-3.1431687, -3.3620076, -3.5286279, ..., -1.6044846, -1.406105 ,
       -1.1982651], shape=(8166,), dtype=float32)}",1009806.0,1017972.0,8166.0,ok,3.245774238166632,1.5639618795830756,1.580385105626192,1.7798670287447749,1.3482011851237985,2.28717582194804,1.3345103652682155,1.3212723861215636,2.5320030472357757,2.834115441146423,2.4253560659417417,1.251317429705523,0.6474567162513267,0.9575042313372251,1.4618601255733665,"{'CZ': (array([0.00000000e+00, 4.88281250e-01, 9.76562500e-01, ...,
       4.99023438e+02, 4.99511719e+02, 5.00000000e+02], shape=(1025,)), array([1.16605265e-02, 4.15594922e-03, 7.93584716e-03, ...,
       5.55003615e-17, 9.28829662e-17, 4.48160004e-17],
      shape=(1025,), dtype=float32)), 'C3': (array([0.00000000e+00, 4.88281250e-01, 9.76562500e-01, ...,
       4.99023438e+02, 4.99511719e+02, 5.00000000e+02], shape=(1025,)), array([3.8886229e-03, 1.5230722e-03, 2.9213957e-03, ..., 1.9552261e-16,
       1.1038547e-16, 8.5758559e-17], shape=(1025,), dtype=float32)), 'C4': (array([0.00000000e+00, 4.88281250e-01, 9.76562500e-01, ...,
       4.99023438e+02, 4.99511719e+02, 5.00000000e+02], shape=(1025,)), array([1.9952616e-02, 7.8645470e-03, 3.5329734e-03, ..., 9.7835323e-17,
       6.8639540e-17, 2.6102578e-17], shape=(1025,), dtype=float32))}",3.0707850834561095,0.9029049685301601,1.1854150864786919,0.2523402321710277,1.1901778466727722,2.913422334308397,1.1737615977569287,1.2576560939113002,0.5924389815342381,0.993807211510198,2.323832041067797,0.9282054073637934,0.630086985023341,0.2711941899646948,0.3860695076269114,"[1.16605265e-02 4.15594922e-03 7.93584716e-03 ... 5.55003615e-17
 9.28829662e-17 4.48160004e-17]","[3.8886229e-03 1.5230722e-03 2.9213957e-03 ... 1.9552261e-16 1.1038547e-16
 8.5758559e-17]","[1.9952616e-02 7.8645470e-03 3.5329734e-03 ... 9.7835323e-17 6.8639540e-17
 2.6102578e-17]",0.6942307692307692,0.725790987535954
341,2019-01-14 21:38:11.156000,2019-01-14 21:38:19.053000,2019-01-14 21:38:44.054001,ID_15,SF,0.7655468853662498,0.7222222222222222,0.7483314773547882,0.8260869565217391,protB_SF,8,2019-01-14 21:19:06,0 days 00:19:05.156000,0 days 00:19:13.053000,0 days 00:19:38.054001,1145.156,1153.053,1178.054001,"{'CZ': array([1.6472456, 1.833189 , 1.7982285, ..., 0.8586197, 0.946579 ,
       1.1625023], shape=(7897,), dtype=float32), 'C3': array([-0.8682585, -1.0233011, -1.152813 , ..., -6.1884117, -5.803192 ,
       -5.4197464], shape=(7897,), dtype=float32), 'C4': array([1.1125221, 1.1807518, 1.1322021, ..., 2.3982506, 2.3482437,
       2.260189 ], shape=(7897,), dtype=float32)}",1145156.0,1153053.0,7897.0,ok,2.828099168254994,2.0822996157221496,1.4343089569592848,1.808953169529559,1.3805730563944962,1.5566282509098528,2.01673005358316,1.0187023581238464,3.316160087706521,3.606938380471547,2.012248973187525,1.4491001202259213,0.5384708529163618,0.9920363718265435,1.0130498835678736,"{'CZ': (array([0.00000000e+00, 4.88281250e-01, 9.76562500e-01, ...,
       4.99023438e+02, 4.99511719e+02, 5.00000000e+02], shape=(1025,)), array([6.2370626e-03, 2.5237512e-03, 4.0836013e-03, ..., 1.1410201e-16,
       1.1898440e-16, 3.5971229e-17], shape=(1025,), dtype=float32)), 'C3': (array([0.00000000e+00, 4.88281250e-01, 9.76562500e-01, ...,
       4.99023438e+02, 4.99511719e+02, 5.00000000e+02], shape=(1025,)), array([1.5177570e-02, 5.6746192e-03, 7.2820485e-03, ..., 1.2513793e-16,
       1.4880071e-16, 2.9211202e-17], shape=(1025,), dtype=float32)), 'C4': (array([0.00000000e+00, 4.88281250e-01, 9.76562500e-01, ...,
       4.99023438e+02, 4.99511719e+02, 5.00000000e+02], shape=(1025,)), array([8.1897834e-03, 2.6889741e-03, 1.0535286e-02, ..., 3.9974198e-17,
       4.1301839e-17, 1.8997149e-17], shape=(1025,), dtype=float32))}",2.675628094613714,1.202151211962518,1.075846304927916,0.25646391298541293,1.2187553946432477,1.9828451616603393,1.7738043491797268,0.9696541319061461,0.7759163272374999,1.2648042920000242,1.928017376155138,1.0749171516948834,0.5240249544423844,0.28097473772756887,0.2675411025368448,"[6.2370626e-03 2.5237512e-03 4.0836013e-03 ... 1.1410201e-16 1.1898440e-16
 3.5971229e-17]","[1.5177570e-02 5.6746192e-03 7.2820485e-03 ... 1.2513793e-16 1.4880071e-16
 2.9211202e-17]","[8.1897834e-03 2.6889741e-03 1.0535286e-02 ... 3.9974198e-17 4.1301839e-17
 1.8997149e-17]",0.921153846153846,0.7679769894534996
342,2019-01-14 21:21:00.590004,2019-01-14 21:21:08.412995,2019-01-14 21:21:33.412005,ID_15,SF,0.54428533083331,0.6875,0.7453559924999299,0.1999999999999999,protB_SF,4,2019-01-14 21:19:06,0 days 00:01:54.590004,0 days 00:02:02.412995,0 days 00:02:27.412005,114.590004,122.412995,147.412005,"{'CZ': array([ 2.1760788,  2.498001 ,  2.7369385, ..., -1.5195065, -1.4123707,
       -1.2662811], shape=(7823,), dtype=float32), 'C3': array([-0.88456726, -0.36274338,  0.14501953, ...,  5.6517296 ,
        5.692871  ,  5.6698    ], shape=(7823,), dtype=float32), 'C4': array([ 0.97284317,  1.0652313 ,  1.1305847 , ..., -1.7353573 ,
       -1.3941746 , -1.1361599 ], shape=(7823,), dtype=float32)}",114590.0,122413.0,7823.0,ok,3.386386235433747,3.280594275565818,1.1405455516069196,1.7010880710586207,0.9742519632709445,1.6685123300703708,1.672940605203621,1.345527773082722,3.4089603050233563,4.368717228317109,0.8662007840030128,0.7409912504954264,0.5114845371281262,0.9587239787833823,0.4998941242320143,"{'CZ': (array([0.00000000e+00, 4.88281250e-01, 9.76562500e-01, ...,
       4.99023438e+02, 4.99511719e+02, 5.00000000e+02], shape=(1025,)), array([1.88232791e-02, 8.84765480e-03, 6.36528246e-03, ...,
       1.01192194e-16, 4.62161161e-17, 7.12516439e-17],
      shape=(1025,), dtype=float32)), 'C3': (array([0.00000000e+00, 4.88281250e-01, 9.76562500e-01, ...,
       4.99023438e+02, 4.99511719e+02, 5.00000000e+02], shape=(1025,)), array([9.3180453e-03, 4.4108764e-03, 1.8602045e-03, ..., 1.0020379e-16,
       3.9956813e-16, 2.6694695e-17], shape=(1025,), dtype=float32)), 'C4': (array([0.00000000e+00, 4.88281250e-01, 9.76562500e-01, ...,
       4.99023438e+02, 4.99511719e+02, 5.00000000e+02], shape=(1025,)), array([3.5342833e-03, 1.3945444e-03, 1.7569565e-03, ..., 4.3793671e-17,
       3.1126333e-17, 1.5000346e-17], shape=(1025,), dtype=float32))}",3.2038162778890045,1.8939495327914333,0.855500282100733,0.24117136385015367,0.8600594010426267,2.1253639710810117,1.4714261416183052,1.2807436385707487,0.797629755384185,1.5319286658253233,0.8299421120595982,0.5496543636261619,0.4977626176326807,0.27153965937338886,0.13201938751297723,"[1.88232791e-02 8.84765480e-03 6.36528246e-03 ... 1.01192194e-16
 4.62161161e-17 7.12516439e-17]","[9.3180453e-03 4.4108764e-03 1.8602045e-03 ... 1.0020379e-16 3.9956813e-16
 2.6694695e-17]","[3.5342833e-03 1.3945444e-03 1.7569565e-03 ... 4.3793671e-17 3.1126333e-17
 1.5000346e-17]",0.7826923076923077,0.5234899328859061
343,2019-01-14 21:23:15.116995,2019-01-14 21:23:22.775996,2019-01-14 21:23:47.776001,ID_15,SF,0.515821449443266,0.5,0.7617500626155123,0.2857142857142857,protB_SF,4,2019-01-14 21:19:06,0 days 00:04:09.116995,0 days 00:04:16.775996,0 days 00:04:41.776001,249.116995,256.775996,281.776001,"{'CZ': array([ 0.9502754 ,  0.86003876,  0.6756172 , ..., -5.0387955 ,
       -4.4279823 , -3.766182  ], shape=(7659,), dtype=float32), 'C3': array([ 2.3653488 ,  1.7290363 ,  1.0236015 , ..., -0.9610977 ,
        0.14911842,  1.2095509 ], shape=(7659,), dtype=float32), 'C4': array([-0.42648315, -0.15248871,  0.09589767, ..., -1.698987  ,
       -1.5404091 , -1.3622522 ], shape=(7659,), dtype=float32)}",249117.0,256776.0,7659.0,ok,1.9213101604691474,3.511410322971642,1.5228713527903892,1.3992295353091322,0.8550627328531846,1.9756654928642092,1.2973787015653215,1.1827007183455862,3.36173868709011,5.5950893756744335,0.7895657699918956,0.6712308240821585,0.5916714544582646,0.9266115748687298,0.4576536260856301,"{'CZ': (array([0.00000000e+00, 4.88281250e-01, 9.76562500e-01, ...,
       4.99023438e+02, 4.99511719e+02, 5.00000000e+02], shape=(1025,)), array([4.2501339e-03, 2.1493013e-03, 5.2993619e-03, ..., 1.4636450e-16,
       9.9933953e-17, 3.6069912e-17], shape=(1025,), dtype=float32)), 'C3': (array([0.00000000e+00, 4.88281250e-01, 9.76562500e-01, ...,
       4.99023438e+02, 4.99511719e+02, 5.00000000e+02], shape=(1025,)), array([6.1855218e-03, 2.4716754e-03, 4.1292668e-03, ..., 2.0778439e-16,
       2.7238549e-16, 9.0002075e-17], shape=(1025,), dtype=float32)), 'C4': (array([0.00000000e+00, 4.88281250e-01, 9.76562500e-01, ...,
       4.99023438e+02, 4.99511719e+02, 5.00000000e+02], shape=(1025,)), array([2.6680774e-03, 1.0428547e-03, 1.8778783e-03, ..., 9.5213961e-17,
       4.0569401e-17, 1.0374417e-17], shape=(1025,), dtype=float32))}",1.8177267266727348,2.027204031344025,1.1422751770674644,0.19837544046729796,0.7548404002210479,2.5166180565561076,1.1411026375498103,1.1257563401190676,0.7865808242759412,1.9619667180318172,0.7565149961290702,0.4979072981097506,0.5757983097657288,0.2624444542740955,0.12086389593344336,"[4.2501339e-03 2.1493013e-03 5.2993619e-03 ... 1.4636450e-16 9.9933953e-17
 3.6069912e-17]","[6.1855218e-03 2.4716754e-03 4.1292668e-03 ... 2.0778439e-16 2.7238549e-16
 9.0002075e-17]","[2.6680774e-03 1.0428547e-03 1.8778783e-03 ... 9.5213961e-17 4.0569401e-17
 1.0374417e-17]",0.5942307692307692,0.8485139022051774
344,2019-01-14 21:25:29.491996,2019-01-14 21:25:37.255995,2019-01-14 21:26:02.256000,ID_15,SF,0.6498342287778464,0.75,0.799502686333539,0.4,protB_SF,4,2019-01-14 21:19:06,0 days 00:06:23.491996,0 days 00:06:31.255995,0 days 00:06:56.256000,383.491996,391.255995,416.256,"{'CZ': array([-0.17287064, -0.20703888, -0.17861557, ..., -3.5261154 ,
       -2.9289856 , -2.292389  ], shape=(7764,), dtype=float32), 'C3': array([0.9574337 , 0.68593884, 0.5370636 , ..., 2.4681244 , 2.9562168 ,
       3.3497753 ], shape=(7764,), dtype=float32), 'C4': array([-2.736374  , -2.0024796 , -1.2156601 , ..., -0.40392637,
       -0.30372357, -0.17136526], shape=(7764,), dtype=float32)}",383492.0,391256.0,7764.0,ok,6.986300857533934,2.693780552363023,1.0374277553637512,1.4945643579267198,1.3225850536855432,1.825693660066463,1.9007903756573796,1.4572706058970653,5.45118505397113,9.828929272771347,0.5256174536043545,0.5941643903497607,0.3723723675648216,1.1385519874238526,1.0204257775967562,"{'CZ': (array([0.00000000e+00, 4.88281250e-01, 9.76562500e-01, ...,
       4.99023438e+02, 4.99511719e+02, 5.00000000e+02], shape=(1025,)), array([2.3718497e-02, 7.8584924e-03, 8.3611039e-03, ..., 1.1997964e-16,
       1.8831581e-16, 6.6317326e-17], shape=(1025,), dtype=float32)), 'C3': (array([0.00000000e+00, 4.88281250e-01, 9.76562500e-01, ...,
       4.99023438e+02, 4.99511719e+02, 5.00000000e+02], shape=(1025,)), array([7.8984490e-03, 2.7003752e-03, 6.7369770e-03, ..., 2.5039228e-16,
       3.5363723e-16, 2.5130517e-16], shape=(1025,), dtype=float32)), 'C4': (array([0.00000000e+00, 4.88281250e-01, 9.76562500e-01, ...,
       4.99023438e+02, 4.99511719e+02, 5.00000000e+02], shape=(1025,)), array([4.3734112e-03, 1.3963712e-03, 4.6081706e-03, ..., 5.8348387e-17,
       6.4067408e-17, 1.1052887e-17], shape=(1025,), dtype=float32))}",6.609649004414351,1.5551707983489222,0.7781536968184997,0.21189151267088924,1.1675641948738609,2.325582770594588,1.6718302130865712,1.3871063054334016,1.275470234941069,3.4465994754090152,0.5036154060768763,0.4407407640085758,0.3623824983133628,0.3224723963160841,0.26948903703907506,"[2.3718497e-02 7.8584924e-03 8.3611039e-03 ... 1.1997964e-16 1.8831581e-16
 6.6317326e-17]","[7.8984490e-03 2.7003752e-03 6.7369770e-03 ... 2.5039228e-16 3.5363723e-16
 2.5130517e-16]","[4.3734112e-03 1.3963712e-03 4.6081706e-03 ... 5.8348387e-17 6.4067408e-17
 1.1052887e-17]",0.7134615384615385,0.7708533077660594
345,2019-01-14 21:27:43.802995,2019-01-14 21:27:51.477003,2019-01-14 21:28:16.476998,ID_15,SF,0.7075298037311638,0.68,0.806225774829855,0.6363636363636364,protB_SF,6,2019-01-14 21:19:06,0 days 00:08:37.802995,0 days 00:08:45.477003,0 days 00:09:10.476998,517.802995,525.477003,550.476998,"{'CZ': array([-4.6346283, -4.663372 , -4.5502205, ...,  2.7738495,  2.2579727,
        1.6797485], shape=(7674,), dtype=float32), 'C3': array([-2.5387077, -3.6722336, -4.5603867, ...,  6.502838 ,  5.548687 ,
        4.4270554], shape=(7674,), dtype=float32), 'C4': array([-1.5237255 , -1.5107365 , -1.4205208 , ...,  0.02085495,
       -0.03300095, -0.11642838], shape=(7674,), dtype=float32)}",517803.0,525477.0,7674.0,ok,1.099236589652719,2.6662470772862434,1.8253523157909513,1.6382640296797035,1.0614946943405812,1.5290583887690445,2.03216136287665,1.050267048412934,3.670310245070141,4.905568089270673,0.7594973858431331,0.9075012530956883,0.433634555520257,1.0377163143857615,0.6842725921387682,"{'CZ': (array([0.00000000e+00, 4.88281250e-01, 9.76562500e-01, ...,
       4.99023438e+02, 4.99511719e+02, 5.00000000e+02], shape=(1025,)), array([1.18449284e-03, 5.49744582e-04, 2.93799955e-03, ...,
       1.12996035e-16, 1.48925611e-16, 1.06630754e-16],
      shape=(1025,), dtype=float32)), 'C3': (array([0.00000000e+00, 4.88281250e-01, 9.76562500e-01, ...,
       4.99023438e+02, 4.99511719e+02, 5.00000000e+02], shape=(1025,)), array([1.8439548e-03, 8.4063661e-04, 3.6833584e-03, ..., 2.0068515e-16,
       1.4779006e-16, 1.5335881e-16], shape=(1025,), dtype=float32)), 'C4': (array([0.00000000e+00, 4.88281250e-01, 9.76562500e-01, ...,
       4.99023438e+02, 4.99511719e+02, 5.00000000e+02], shape=(1025,)), array([9.7233005e-04, 4.3822499e-04, 1.1202485e-03, ..., 4.1353975e-17,
       7.7531817e-17, 6.0445469e-17], shape=(1025,), dtype=float32))}",1.0399735394416674,1.5392751989917608,1.3691600645780915,0.23226450006120067,0.9370763677594874,1.947726457036039,1.7873768763951057,0.9996990533859791,0.8587805081348129,1.7201800861363092,0.7277052574316315,0.6731685744288474,0.42200116676777993,0.29391268057371167,0.18071276321733584,"[1.18449284e-03 5.49744582e-04 2.93799955e-03 ... 1.12996035e-16
 1.48925611e-16 1.06630754e-16]","[1.8439548e-03 8.4063661e-04 3.6833584e-03 ... 2.0068515e-16 1.4779006e-16
 1.5335881e-16]","[9.7233005e-04 4.3822499e-04 1.1202485e-03 ... 4.1353975e-17 7.7531817e-17
 6.0445469e-17]",0.8307692307692308,0.7353787152444871
346,2019-01-14 21:29:57.882000,2019-01-14 21:30:05.467002,2019-01-14 21:30:30.466998,ID_15,SF,0.6851145362492407,0.875,0.8470102754143884,0.3333333333333333,protB_SF,6,2019-01-14 21:19:06,0 days 00:10:51.882000,0 days 00:10:59.467002,0 days 00:11:24.466998,651.882,659.467002,684.466998,"{'CZ': array([-2.5762367, -2.520691 , -2.2953339, ..., -2.3070478, -1.7078409,
       -1.1192942], shape=(7585,), dtype=float32), 'C3': array([6.888525  , 7.182638  , 7.0924244 , ..., 0.06557846, 0.7900162 ,
       1.3993607 ], shape=(7585,), dtype=float32), 'C4': array([-3.0811195, -3.023302 , -2.8697777, ..., -0.9530976, -1.4936757,
       -1.9033628], shape=(7585,), dtype=float32)}",651882.0,659467.0,7585.0,ok,2.662918639543932,2.6348633982706815,1.4897410219418816,1.7797641776269302,1.0077340891712083,1.7611921666684793,1.5502003661822528,1.607995931408368,3.8597579004999716,5.447666193504119,0.5739409025409259,0.8429058361798525,0.8436138305114582,1.350815260593663,0.6179778063142294,"{'CZ': (array([0.00000000e+00, 4.88281250e-01, 9.76562500e-01, ...,
       4.99023438e+02, 4.99511719e+02, 5.00000000e+02], shape=(1025,)), array([9.8638795e-03, 4.2332751e-03, 2.8927429e-03, ..., 1.4102916e-16,
       2.1794487e-16, 4.3076655e-17], shape=(1025,), dtype=float32)), 'C3': (array([0.00000000e+00, 4.88281250e-01, 9.76562500e-01, ...,
       4.99023438e+02, 4.99511719e+02, 5.00000000e+02], shape=(1025,)), array([3.4734376e-03, 1.1436036e-03, 2.3372842e-03, ..., 1.6905612e-16,
       3.6534672e-16, 8.8423093e-17], shape=(1025,), dtype=float32)), 'C4': (array([0.00000000e+00, 4.88281250e-01, 9.76562500e-01, ...,
       4.99023438e+02, 4.99511719e+02, 5.00000000e+02], shape=(1025,)), array([3.5558080e-03, 1.5364396e-03, 2.5177125e-03, ..., 7.1868436e-17,
       2.1154112e-17, 1.7075847e-17], shape=(1025,), dtype=float32))}",2.5193529299153115,1.5211568035987346,1.1174247821428107,0.2523256504778243,0.8896170701395748,2.243420267100704,1.363470607654481,1.5305745456896644,0.9031075385305417,1.9102714979086117,0.5499160629373793,0.6252528227188217,0.8209816681932787,0.3825917822598395,0.1632046618102517,"[9.8638795e-03 4.2332751e-03 2.8927429e-03 ... 1.4102916e-16 2.1794487e-16
 4.3076655e-17]","[3.4734376e-03 1.1436036e-03 2.3372842e-03 ... 1.6905612e-16 3.6534672e-16
 8.8423093e-17]","[3.5558080e-03 1.5364396e-03 2.5177125e-03 ... 7.1868436e-17 2.1154112e-17
 1.7075847e-17]",0.6038461538461538,0.675934803451582
347,2019-01-14 21:32:11.874997,2019-01-14 21:32:19.502998,2019-01-14 21:32:44.503004,ID_15,SF,0.8953900709219859,0.75,0.9361702127659576,1.0,protB_SF,6,2019-01-14 21:19:06,0 days 00:13:05.874997,0 days 00:13:13.502998,0 days 00:13:38.503004,785.874997,793.502998,818.503004,"{'CZ': array([ 1.206131  ,  0.95423126,  0.76618195, ..., -7.292673  ,
       -7.4835052 , -7.5749855 ], shape=(7628,), dtype=float32), 'C3': array([ 0.59812164,  3.0338974 ,  5.789879  , ..., -6.203972  ,
       -6.8580265 , -7.3390217 ], shape=(7628,), dtype=float32), 'C4': array([-0.30019283, -0.62521076, -0.9738922 , ...,  3.3612041 ,
        3.3922043 ,  3.4204102 ], shape=(7628,), dtype=float32)}",785875.0,793503.0,7628.0,ok,1.55756310596189,1.5931103844195604,2.0112106867600232,1.6128422521433095,1.111049274186371,1.5411860549647827,1.6688813775544986,0.7007964377407916,4.53336679856875,6.072635529562831,0.9715718952065799,0.9808994582272135,0.737570364435669,1.2555906778288772,0.7053323449781601,"{'CZ': (array([0.00000000e+00, 4.88281250e-01, 9.76562500e-01, ...,
       4.99023438e+02, 4.99511719e+02, 5.00000000e+02], shape=(1025,)), array([1.7982852e-03, 4.4623201e-04, 2.5272665e-03, ..., 1.1318876e-16,
       7.1254728e-17, 5.1514347e-17], shape=(1025,), dtype=float32)), 'C3': (array([0.00000000e+00, 4.88281250e-01, 9.76562500e-01, ...,
       4.99023438e+02, 4.99511719e+02, 5.00000000e+02], shape=(1025,)), array([7.0671043e-03, 2.5663574e-03, 7.6283864e-03, ..., 1.1756645e-16,
       2.4022921e-16, 1.0051219e-16], shape=(1025,), dtype=float32)), 'C4': (array([0.00000000e+00, 4.88281250e-01, 9.76562500e-01, ...,
       4.99023438e+02, 4.99511719e+02, 5.00000000e+02], shape=(1025,)), array([6.7262258e-04, 4.7112152e-04, 2.7332858e-03, ..., 8.8362960e-17,
       2.6202805e-17, 2.5945294e-17], shape=(1025,), dtype=float32))}",1.473590336656,0.9197329553153006,1.5085686910646052,0.22866033349025297,0.9808226303977452,1.9631747724731998,1.4678558692134631,0.6670546662245525,1.0607187902073278,2.129422427376978,0.930902448505162,0.7276140806421761,0.7177830973174113,0.35562129717743257,0.18627453227253837,"[1.7982852e-03 4.4623201e-04 2.5272665e-03 ... 1.1318876e-16 7.1254728e-17
 5.1514347e-17]","[7.0671043e-03 2.5663574e-03 7.6283864e-03 ... 1.1756645e-16 2.4022921e-16
 1.0051219e-16]","[6.7262258e-04 4.7112152e-04 2.7332858e-03 ... 8.8362960e-17 2.6202805e-17
 2.5945294e-17]",0.971153846153846,0.716203259827421
348,2019-01-14 21:34:25.866998,2019-01-14 21:34:33.489005,2019-01-14 21:34:58.488004,ID_15,SF,0.6833341075177662,0.75,0.800002322553299,0.5,protB_SF,8,2019-01-14 21:19:06,0 days 00:15:19.866998,0 days 00:15:27.489005,0 days 00:15:52.488004,919.866998,927.489005,952.488004,"{'CZ': array([-6.3050117, -6.0068817, -5.6964836, ..., -3.9389572, -4.22052  ,
       -4.3606186], shape=(7622,), dtype=float32), 'C3': array([-3.2419968, -3.4573936, -3.6086807, ..., -3.330696 , -2.731247 ,
       -2.0145721], shape=(7622,), dtype=float32), 'C4': array([-4.181432 , -4.260573 , -4.35307  , ...,  1.8834343,  1.6713562,
        1.4389496], shape=(7622,), dtype=float32)}",919867.0,927489.0,7622.0,ok,3.49036292755045,2.6376075111329556,1.3531474105548114,1.7183422396556125,1.037178963997576,1.159378622105578,1.532152105937712,1.493873176514171,3.1338571243395563,3.7640009977621958,2.0895056732115336,1.5997257141862065,0.4790930324816145,0.85159069931251,0.5154858104106097,"{'CZ': (array([0.00000000e+00, 4.88281250e-01, 9.76562500e-01, ...,
       4.99023438e+02, 4.99511719e+02, 5.00000000e+02], shape=(1025,)), array([8.7394100e-03, 3.7039525e-03, 1.1540100e-02, ..., 6.0155585e-17,
       1.4147327e-16, 1.8947808e-17], shape=(1025,), dtype=float32)), 'C3': (array([0.00000000e+00, 4.88281250e-01, 9.76562500e-01, ...,
       4.99023438e+02, 4.99511719e+02, 5.00000000e+02], shape=(1025,)), array([2.8976100e-03, 1.0953015e-03, 4.5691212e-03, ..., 1.3184514e-16,
       3.5443503e-16, 7.6247649e-17], shape=(1025,), dtype=float32)), 'C4': (array([0.00000000e+00, 4.88281250e-01, 9.76562500e-01, ...,
       4.99023438e+02, 4.99511719e+02, 5.00000000e+02], shape=(1025,)), array([4.2892988e-03, 2.2220693e-03, 6.3399598e-03, ..., 4.3125994e-17,
       2.6355845e-17, 2.8865798e-17], shape=(1025,), dtype=float32))}",3.302187283310327,1.5227410321978454,1.0149686611135738,0.24361756957191116,0.9156106963899312,1.476825497693995,1.3475963549452428,1.4219465446399042,0.7332610144543233,1.3198796638271413,2.0020401546758024,1.186648585687793,0.46624010038819563,0.24119627080810957,0.13613706915757556,"[8.7394100e-03 3.7039525e-03 1.1540100e-02 ... 6.0155585e-17 1.4147327e-16
 1.8947808e-17]","[2.8976100e-03 1.0953015e-03 4.5691212e-03 ... 1.3184514e-16 3.5443503e-16
 7.6247649e-17]","[4.2892988e-03 2.2220693e-03 6.3399598e-03 ... 4.3125994e-17 2.6355845e-17
 2.8865798e-17]",0.9692307692307692,0.6567593480345159
349,2019-01-14 21:36:40.985004,2019-01-14 21:36:49.170003,2019-01-14 21:37:14.169998,ID_15,SF,0.5327650464645511,0.8125,0.7857951393936532,0.0,protB_SF,8,2019-01-14 21:19:06,0 days 00:17:34.985004,0 days 00:17:43.170003,0 days 00:18:08.169998,1054.985004,1063.170003,1088.169998,"{'CZ': array([-2.8675537, -2.5417786, -2.1371155, ..., -3.013492 , -2.949644 ,
       -2.7887344], shape=(8185,), dtype=float32), 'C3': array([-5.5675507, -4.9838104, -4.1953354, ...,  3.0413437,  3.1287498,
        3.226574 ], shape=(8185,), dtype=float32), 'C4': array([-1.2438488 , -1.6309037 , -1.9005995 , ..., -0.72961044,
       -0.27205276,  0.18806839], shape=(8185,), dtype=float32)}",1054985.0,1063170.0,8185.0,ok,3.2854974233487155,2.1406974410638213,1.6841351898619905,1.5493217688344885,1.0486733420975725,2.1356316392484587,1.6870454273885116,1.193032061564736,2.6809691262315027,2.6119806084352604,1.353147265035659,0.9005959364003502,0.459139311715262,0.6673004995718657,0.41077289233726333,"{'CZ': (array([0.00000000e+00, 4.88281250e-01, 9.76562500e-01, ...,
       4.99023438e+02, 4.99511719e+02, 5.00000000e+02], shape=(1025,)), array([1.2271498e-02, 5.3182542e-03, 6.3249450e-03, ..., 9.2870155e-17,
       9.2068140e-17, 1.1605531e-16], shape=(1025,), dtype=float32)), 'C3': (array([0.00000000e+00, 4.88281250e-01, 9.76562500e-01, ...,
       4.99023438e+02, 4.99511719e+02, 5.00000000e+02], shape=(1025,)), array([1.7924778e-02, 6.2222425e-03, 6.2178788e-03, ..., 1.3291220e-16,
       2.0291331e-16, 7.8949195e-17], shape=(1025,), dtype=float32)), 'C4': (array([0.00000000e+00, 4.88281250e-01, 9.76562500e-01, ...,
       4.99023438e+02, 4.99511719e+02, 5.00000000e+02], shape=(1025,)), array([2.8719390e-03, 1.0329634e-03, 3.4455461e-03, ..., 6.3190193e-17,
       3.7784588e-17, 2.9211202e-17], shape=(1025,), dtype=float32))}",3.1083666758817756,1.235865388337717,1.2632359382690028,0.21965473180939718,0.925757812656292,2.7203841768241044,1.4838319640492814,1.1355902524102288,0.6272941181501773,0.9159137017854615,1.2965052904725352,0.6680463311482749,0.4468216907214276,0.188999706238053,0.10848294273635041,"[1.2271498e-02 5.3182542e-03 6.3249450e-03 ... 9.2870155e-17 9.2068140e-17
 1.1605531e-16]","[1.7924778e-02 6.2222425e-03 6.2178788e-03 ... 1.3291220e-16 2.0291331e-16
 7.8949195e-17]","[2.8719390e-03 1.0329634e-03 3.4455461e-03 ... 6.3190193e-17 3.7784588e-17
 2.9211202e-17]",0.8134615384615385,0.7440076701821668
350,2019-01-14 21:38:56.067001,2019-01-14 21:39:03.914997,2019-01-14 21:39:28.915002,ID_15,SF,0.7942397666996612,0.75,0.8066323435772447,0.8260869565217391,protB_SF,8,2019-01-14 21:19:06,0 days 00:19:50.067001,0 days 00:19:57.914997,0 days 00:20:22.915002,1190.067001,1197.914997,1222.915002,"{'CZ': array([ 1.3291779,  1.2589493,  1.1876373, ..., -4.6284857, -4.8832264,
       -5.1594687], shape=(7848,), dtype=float32), 'C3': array([ 4.0926275,  4.742049 ,  5.323077 , ..., -1.2334137, -0.7923565,
       -0.3466015], shape=(7848,), dtype=float32), 'C4': array([-2.370348 , -2.4376078, -2.4587142, ..., -2.5126877, -2.4548416,
       -2.3979263], shape=(7848,), dtype=float32)}",1190067.0,1197915.0,7848.0,ok,2.522063998185331,3.7770151684526354,1.1001097955158912,1.486200189901865,0.994084270928397,6.605369970202446,5.441255925688893,1.7896468634717166,3.0573917283618357,3.1931634071042936,1.8687096489884425,1.061917075276142,0.441382457211148,0.8732951173442416,0.5257698250034082,"{'CZ': (array([0.00000000e+00, 4.88281250e-01, 9.76562500e-01, ...,
       4.99023438e+02, 4.99511719e+02, 5.00000000e+02], shape=(1025,)), array([1.43033285e-02, 7.11628841e-03, 3.40569043e-03, ...,
       9.55100124e-17, 2.74740510e-16, 7.97386824e-17],
      shape=(1025,), dtype=float32)), 'C3': (array([0.00000000e+00, 4.88281250e-01, 9.76562500e-01, ...,
       4.99023438e+02, 4.99511719e+02, 5.00000000e+02], shape=(1025,)), array([2.7513297e-02, 9.2255780e-03, 1.4245965e-02, ..., 5.0002594e-16,
       1.1688181e-16, 5.7349186e-17], shape=(1025,), dtype=float32)), 'C4': (array([0.00000000e+00, 4.88281250e-01, 9.76562500e-01, ...,
       4.99023438e+02, 4.99511719e+02, 5.00000000e+02], shape=(1025,)), array([1.2452561e-02, 5.4463390e-03, 4.5521916e-03, ..., 4.6465554e-17,
       6.9938286e-17, 7.6460447e-17], shape=(1025,), dtype=float32))}",2.386092173041516,2.1805427653510234,0.8251702346124119,0.210705684703281,0.8775671539527617,8.413971594526146,4.785828132445654,1.7034793941325646,0.7153696136658808,1.1197105013573687,1.7904865263920426,0.7877115334957193,0.42954121059485756,0.24734361916870135,0.13885302288037954,"[1.43033285e-02 7.11628841e-03 3.40569043e-03 ... 9.55100124e-17
 2.74740510e-16 7.97386824e-17]","[2.7513297e-02 9.2255780e-03 1.4245965e-02 ... 5.0002594e-16 1.1688181e-16
 5.7349186e-17]","[1.2452561e-02 5.4463390e-03 4.5521916e-03 ... 4.6465554e-17 6.9938286e-17
 7.6460447e-17]",0.7538461538461538,0.6893576222435283
351,2019-01-22 16:33:06.931002,2019-01-22 16:33:17.160005,2019-01-22 16:33:42.160996,ID_28,SF,0.7496580226825861,0.76,0.7746883537620438,0.7142857142857143,protB_SF,4,2019-01-22 16:32:53,0 days 00:00:13.931002,0 days 00:00:24.160005,0 days 00:00:49.160996,13.931002,24.160005,49.160996,"{'CZ': array([0.6457424 , 0.74186134, 0.87002945, ..., 1.4662018 , 1.8361664 ,
       2.1217194 ], shape=(10229,), dtype=float32), 'C3': array([9.027916 , 8.663246 , 8.157959 , ..., 1.4456415, 1.9826078,
       2.523457 ], shape=(10229,), dtype=float32), 'C4': array([-2.5732918, -1.8823891, -1.2075977, ...,  1.2564402,  1.0471315,
        0.724946 ], shape=(10229,), dtype=float32)}",13931.0,24160.0,10229.0,ok,2.1865325870749075,1.4860929077258334,0.8580751236877404,1.612460062460741,0.7769751782689127,1.7056133219739422,1.757393780280836,1.369080193398986,1.6595697452430613,0.8773605603664691,1.4166853943606839,1.6451709670946002,1.9191106548532844,2.560036864451831,1.1766266982249363,"{'CZ': (array([0.00000000e+00, 4.88281250e-01, 9.76562500e-01, ...,
       4.99023438e+02, 4.99511719e+02, 5.00000000e+02], shape=(1025,)), array([9.6966298e-03, 3.6863110e-03, 1.0778247e-03, ..., 1.1377480e-16,
       7.2284766e-17, 5.0034048e-17], shape=(1025,), dtype=float32)), 'C3': (array([0.00000000e+00, 4.88281250e-01, 9.76562500e-01, ...,
       4.99023438e+02, 4.99511719e+02, 5.00000000e+02], shape=(1025,)), array([9.7919125e-03, 3.8142293e-03, 3.5962313e-03, ..., 6.2378630e-17,
       7.7581620e-17, 3.7451525e-17], shape=(1025,), dtype=float32)), 'C4': (array([0.00000000e+00, 4.88281250e-01, 9.76562500e-01, ...,
       4.99023438e+02, 4.99511719e+02, 5.00000000e+02], shape=(1025,)), array([5.1028440e-03, 2.1481540e-03, 2.3184393e-03, ..., 1.4560576e-16,
       1.3447172e-16, 5.7000705e-17], shape=(1025,), dtype=float32))}",2.212492469221079,1.14662213887405,0.7329540621318327,0.22723807892966819,0.41778307851525615,1.9216268962748242,1.2025948154675408,0.9236986515159462,0.13638310254655533,0.1791798203140664,1.5175419042230796,1.181880298552521,1.7092375604856325,0.275589459040716,0.3445631816941733,"[9.6966298e-03 3.6863110e-03 1.0778247e-03 ... 1.1377480e-16 7.2284766e-17
 5.0034048e-17]","[9.7919125e-03 3.8142293e-03 3.5962313e-03 ... 6.2378630e-17 7.7581620e-17
 3.7451525e-17]","[5.1028440e-03 2.1481540e-03 2.3184393e-03 ... 1.4560576e-16 1.3447172e-16
 5.7000705e-17]",0.6153846153846154,0.5934803451581975
352,2019-01-22 16:35:23.905002,2019-01-22 16:35:32.271000,2019-01-22 16:35:57.270995,ID_28,SF,0.4731657097190653,0.5625,0.7141399863000529,0.1428571428571429,protB_SF,4,2019-01-22 16:32:53,0 days 00:02:30.905002,0 days 00:02:39.271000,0 days 00:03:04.270995,150.905002,159.271,184.270995,"{'CZ': array([-0.32021713,  0.10419846,  0.5079689 , ...,  0.29590607,
        0.05080414, -0.21898651], shape=(8366,), dtype=float32), 'C3': array([1.338541 , 0.9006281, 0.4172163, ..., 1.8067632, 1.436743 ,
       1.0647869], shape=(8366,), dtype=float32), 'C4': array([-1.5637898, -1.2185173, -0.8109093, ..., -3.0704918, -3.5035934,
       -3.949442 ], shape=(8366,), dtype=float32)}",150905.0,159271.0,8366.0,ok,1.537354693027737,1.4493592752842233,1.0269118429278024,1.4786458214075537,0.7499177190766204,2.423232914225082,1.176972800749354,1.146223905379884,2.2208848495210987,0.793730635450629,2.024848481596564,1.259404030861333,1.6428773815277964,3.247060827561654,1.2517584605120646,"{'CZ': (array([0.00000000e+00, 4.88281250e-01, 9.76562500e-01, ...,
       4.99023438e+02, 4.99511719e+02, 5.00000000e+02], shape=(1025,)), array([2.4347729e-03, 7.1619690e-04, 2.4652702e-03, ..., 4.1469472e-17,
       3.3707825e-17, 3.4512073e-17], shape=(1025,), dtype=float32)), 'C3': (array([0.00000000e+00, 4.88281250e-01, 9.76562500e-01, ...,
       4.99023438e+02, 4.99511719e+02, 5.00000000e+02], shape=(1025,)), array([4.5232540e-03, 1.5034053e-03, 3.3997803e-03, ..., 1.5502944e-16,
       6.0164836e-17, 2.0311794e-17], shape=(1025,), dtype=float32)), 'C4': (array([0.00000000e+00, 4.88281250e-01, 9.76562500e-01, ...,
       4.99023438e+02, 4.99511719e+02, 5.00000000e+02], shape=(1025,)), array([8.7733837e-03, 3.8507322e-03, 3.8582399e-03, ..., 1.1296023e-16,
       1.3205078e-16, 3.8276258e-17], shape=(1025,), dtype=float32))}",1.5556071292748703,1.1182796335166512,0.877171690388177,0.20838012903170092,0.40323415994704365,2.730132019914232,0.805409353333034,0.7733407296662191,0.18251186311664508,0.16210041693509528,2.169001270682217,0.9047477993252547,1.4632130360373985,0.3495479886894626,0.36656475542949435,"[2.4347729e-03 7.1619690e-04 2.4652702e-03 ... 4.1469472e-17 3.3707825e-17
 3.4512073e-17]","[4.5232540e-03 1.5034053e-03 3.3997803e-03 ... 1.5502944e-16 6.0164836e-17
 2.0311794e-17]","[8.7733837e-03 3.8507322e-03 3.8582399e-03 ... 1.1296023e-16 1.3205078e-16
 3.8276258e-17]",0.7230769230769231,0.9108341323106424
353,2019-01-22 16:37:39.916998,2019-01-22 16:37:47.713003,2019-01-22 16:38:12.712998,ID_28,SF,0.6123725465122362,0.6875,0.7496176395367088,0.4,protB_SF,4,2019-01-22 16:32:53,0 days 00:04:46.916998,0 days 00:04:54.713003,0 days 00:05:19.712998,286.916998,294.713003,319.712998,"{'CZ': array([-5.0886545, -5.2916174, -5.4124804, ..., -2.9762383, -3.2540436,
       -3.5662575], shape=(7796,), dtype=float32), 'C3': array([-7.3469377, -7.9725595, -8.455151 , ..., -3.4217043, -3.3442726,
       -3.2721796], shape=(7796,), dtype=float32), 'C4': array([-0.405478 ,  0.0831356,  0.5829444, ...,  2.3259678,  1.9248619,
        1.5787144], shape=(7796,), dtype=float32)}",286917.0,294713.0,7796.0,ok,1.4843179415038321,1.1750977573683485,0.6984396459301934,1.4098859483056003,0.6180279534646616,1.2776267212757375,1.7172993393614888,1.3199462773627602,1.702818462945288,0.8559608514815409,1.0143433446501149,1.2434531599865295,1.552403686218895,2.9036127616564045,0.9905063377573242,"{'CZ': (array([0.00000000e+00, 4.88281250e-01, 9.76562500e-01, ...,
       4.99023438e+02, 4.99511719e+02, 5.00000000e+02], shape=(1025,)), array([7.1154502e-03, 3.4196295e-03, 2.5405586e-03, ..., 1.5234728e-16,
       4.5885360e-17, 3.0839527e-17], shape=(1025,), dtype=float32)), 'C3': (array([0.00000000e+00, 4.88281250e-01, 9.76562500e-01, ...,
       4.99023438e+02, 4.99511719e+02, 5.00000000e+02], shape=(1025,)), array([6.3504651e-03, 2.2186369e-03, 3.2905685e-03, ..., 9.7403568e-17,
       6.9037367e-17, 8.6844113e-18], shape=(1025,), dtype=float32)), 'C4': (array([0.00000000e+00, 4.88281250e-01, 9.76562500e-01, ...,
       4.99023438e+02, 4.99511719e+02, 5.00000000e+02], shape=(1025,)), array([1.4864717e-03, 4.6145733e-04, 2.3146442e-03, ..., 7.8832000e-17,
       9.7219312e-17, 9.4405958e-17], shape=(1025,), dtype=float32))}",1.5019406922721779,0.9066681476878251,0.5965959873517404,0.19869005246181,0.3323164345896075,1.4394363830141237,1.175157955658596,0.8905487073379624,0.1399372733298543,0.17480944379386681,1.0865563638220437,0.8932887957269975,1.3826335041240971,0.3125756044219903,0.2900597239046009,"[7.1154502e-03 3.4196295e-03 2.5405586e-03 ... 1.5234728e-16 4.5885360e-17
 3.0839527e-17]","[6.3504651e-03 2.2186369e-03 3.2905685e-03 ... 9.7403568e-17 6.9037367e-17
 8.6844113e-18]","[1.4864717e-03 4.6145733e-04 2.3146442e-03 ... 7.8832000e-17 9.7219312e-17
 9.4405958e-17]",0.7538461538461538,0.7737296260786194
354,2019-01-22 16:39:54.129004,2019-01-22 16:40:02.022001,2019-01-22 16:40:27.021996,ID_28,SF,0.7594136052572841,0.76,0.790968088499125,0.7272727272727273,protB_SF,6,2019-01-22 16:32:53,0 days 00:07:01.129004,0 days 00:07:09.022001,0 days 00:07:34.021996,421.129004,429.022001,454.021996,"{'CZ': array([-0.28061214, -0.04107505,  0.21206799, ...,  1.2720222 ,
        1.5625477 ,  1.7083206 ], shape=(7893,), dtype=float32), 'C3': array([ 3.1447248,  2.9691925,  2.7447522, ..., -1.0087814, -1.2381916,
       -1.4770222], shape=(7893,), dtype=float32), 'C4': array([-0.19841194,  0.5634403 ,  1.2763214 , ...,  5.117693  ,
        4.976637  ,  4.757078  ], shape=(7893,), dtype=float32)}",421129.0,429022.0,7893.0,ok,1.7503354665677762,1.6300775605486706,1.4763925937586464,1.3899950554332463,0.913825155748782,2.0605575355148176,2.310615629539825,1.2622180220205337,2.42429140052991,1.0722255476594,1.8453655720804818,1.5202089853119105,2.0508642483036965,3.0968661958468147,1.1215072393042647,"{'CZ': (array([0.00000000e+00, 4.88281250e-01, 9.76562500e-01, ...,
       4.99023438e+02, 4.99511719e+02, 5.00000000e+02], shape=(1025,)), array([8.3232240e-04, 1.5270691e-04, 2.6449987e-03, ..., 7.6802767e-17,
       1.1349602e-16, 1.5493778e-17], shape=(1025,), dtype=float32)), 'C3': (array([0.00000000e+00, 4.88281250e-01, 9.76562500e-01, ...,
       4.99023438e+02, 4.99511719e+02, 5.00000000e+02], shape=(1025,)), array([8.3520906e-03, 3.4510186e-03, 4.2205667e-03, ..., 1.1799358e-16,
       7.5626232e-17, 3.3158663e-17], shape=(1025,), dtype=float32)), 'C4': (array([0.00000000e+00, 4.88281250e-01, 9.76562500e-01, ...,
       4.99023438e+02, 4.99511719e+02, 5.00000000e+02], shape=(1025,)), array([4.6800673e-03, 1.7414605e-03, 4.7025406e-03, ..., 1.6418388e-16,
       9.8005319e-17, 1.6789040e-17], shape=(1025,), dtype=float32))}",1.7711165437385263,1.2577161288436312,1.2611109668884266,0.1958869019282013,0.4913679322987001,2.321524304808129,1.5811677540925475,0.8516002864411575,0.19922777191432736,0.21897631332495124,1.9767406337286968,1.0921084102253988,1.8265826390952942,0.3333794491344764,0.328422007804766,"[8.3232240e-04 1.5270691e-04 2.6449987e-03 ... 7.6802767e-17 1.1349602e-16
 1.5493778e-17]","[8.3520906e-03 3.4510186e-03 4.2205667e-03 ... 1.1799358e-16 7.5626232e-17
 3.3158663e-17]","[4.6800673e-03 1.7414605e-03 4.7025406e-03 ... 1.6418388e-16 9.8005319e-17
 1.6789040e-17]",0.8346153846153846,0.8360498561840843
355,2019-01-22 16:42:08.624996,2019-01-22 16:42:16.397997,2019-01-22 16:42:41.398003,ID_28,SF,0.4840122153064471,0.6875,0.7645366459193415,0.0,protB_SF,6,2019-01-22 16:32:53,0 days 00:09:15.624996,0 days 00:09:23.397997,0 days 00:09:48.398003,555.624996,563.397997,588.398003,"{'CZ': array([1.429369 , 1.7757549, 2.078228 , ..., 1.1290779, 1.3458519,
       1.5312538], shape=(7773,), dtype=float32), 'C3': array([-2.9559212, -3.2413692, -3.4450321, ...,  1.2337217,  1.0150547,
        0.7453718], shape=(7773,), dtype=float32), 'C4': array([5.2303305, 5.914011 , 6.4071903, ..., 2.7172623, 2.877182 ,
       2.9412155], shape=(7773,), dtype=float32)}",555625.0,563398.0,7773.0,ok,3.768330674574827,1.4201375961420126,1.0076641265186481,1.6221679416048573,0.6791556097027751,2.180611385483644,1.9753999658860266,1.4777012838749215,2.630355393193895,0.912384095897778,1.2688415590673685,1.6238328535109758,1.2504444748628885,3.0589067664550385,1.1043042011351645,"{'CZ': (array([0.00000000e+00, 4.88281250e-01, 9.76562500e-01, ...,
       4.99023438e+02, 4.99511719e+02, 5.00000000e+02], shape=(1025,)), array([6.8760444e-03, 2.4567570e-03, 8.2826754e-03, ..., 5.2599899e-17,
       5.5407840e-17, 9.0988934e-17], shape=(1025,), dtype=float32)), 'C3': (array([0.00000000e+00, 4.88281250e-01, 9.76562500e-01, ...,
       4.99023438e+02, 4.99511719e+02, 5.00000000e+02], shape=(1025,)), array([1.0365839e-03, 8.1833993e-04, 3.3404839e-03, ..., 1.5282874e-16,
       9.6299890e-17, 3.9918687e-17], shape=(1025,), dtype=float32)), 'C4': (array([0.00000000e+00, 4.88281250e-01, 9.76562500e-01, ...,
       4.99023438e+02, 4.99511719e+02, 5.00000000e+02], shape=(1025,)), array([1.1092803e-03, 3.6551757e-04, 2.7824270e-03, ..., 1.1283666e-16,
       2.9740110e-16, 3.6230276e-17], shape=(1025,), dtype=float32))}",3.8130706527384426,1.0957331129960683,0.860730598531067,0.22860617470986622,0.36518505268688034,2.4567828092588604,1.3517777199994783,0.9969837339257049,0.21616206872420854,0.18633253618340295,1.3591727869640504,1.1665511342546007,1.1136964188762621,0.3292930944585589,0.3233842727480197,"[6.8760444e-03 2.4567570e-03 8.2826754e-03 ... 5.2599899e-17 5.5407840e-17
 9.0988934e-17]","[1.0365839e-03 8.1833993e-04 3.3404839e-03 ... 1.5282874e-16 9.6299890e-17
 3.9918687e-17]","[1.1092803e-03 3.6551757e-04 2.7824270e-03 ... 1.1283666e-16 2.9740110e-16
 3.6230276e-17]",0.948076923076923,0.6241610738255033
356,2019-01-22 16:44:22.728996,2019-01-22 16:44:30.463001,2019-01-22 16:44:55.462997,ID_28,SF,0.8570883036319633,0.75,0.82126491089589,1.0,protB_SF,6,2019-01-22 16:32:53,0 days 00:11:29.728996,0 days 00:11:37.463001,0 days 00:12:02.462997,689.728996,697.463001,722.462997,"{'CZ': array([-0.37241745, -0.20435333,  0.0898056 , ..., -0.3185501 ,
       -0.38292122, -0.4203682 ], shape=(7734,), dtype=float32), 'C3': array([1.8483236, 1.8520743, 1.7845222, ..., 5.382469 , 5.8721924,
       6.185814 ], shape=(7734,), dtype=float32), 'C4': array([ 0.04905748,  0.4435959 ,  0.86660767, ...,  0.6532726 ,
        0.07971668, -0.4454546 ], shape=(7734,), dtype=float32)}",689729.0,697463.0,7734.0,ok,2.026695183303673,1.9236103944422211,1.5295471821445972,1.9644232343125623,0.9235519297590145,1.2528003098850604,1.5854124649195,1.3642161356983706,4.181169548246544,0.964021125923864,1.7512108461232856,1.3675244699697942,1.999947737203911,3.355513617862016,1.37111077060581,"{'CZ': (array([0.00000000e+00, 4.88281250e-01, 9.76562500e-01, ...,
       4.99023438e+02, 4.99511719e+02, 5.00000000e+02], shape=(1025,)), array([1.0722999e-02, 4.0234909e-03, 4.4580512e-03, ..., 1.3239410e-16,
       1.4597582e-16, 3.5527139e-17], shape=(1025,), dtype=float32)), 'C3': (array([0.00000000e+00, 4.88281250e-01, 9.76562500e-01, ...,
       4.99023438e+02, 4.99511719e+02, 5.00000000e+02], shape=(1025,)), array([3.4379214e-03, 1.1747674e-03, 4.1054972e-03, ..., 2.2786708e-16,
       1.1463216e-16, 6.0198760e-18], shape=(1025,), dtype=float32)), 'C4': (array([0.00000000e+00, 4.88281250e-01, 9.76562500e-01, ...,
       4.99023438e+02, 4.99511719e+02, 5.00000000e+02], shape=(1025,)), array([2.9555392e-03, 1.1733739e-03, 2.5510865e-03, ..., 8.4673013e-17,
       1.9803429e-16, 6.5934904e-17], shape=(1025,), dtype=float32))}",2.0507573758434883,1.4841967506668243,1.3065147670953254,0.2768389570460202,0.4965980628146722,1.41146574086934,1.0849069981260113,0.9204169419706494,0.3436076590921011,0.19687815924829374,1.875882854937827,0.9824208311310669,1.781234335181422,0.36122299471197655,0.4015158675965827,"[1.0722999e-02 4.0234909e-03 4.4580512e-03 ... 1.3239410e-16 1.4597582e-16
 3.5527139e-17]","[3.4379214e-03 1.1747674e-03 4.1054972e-03 ... 2.2786708e-16 1.1463216e-16
 6.0198760e-18]","[2.9555392e-03 1.1733739e-03 2.5510865e-03 ... 8.4673013e-17 1.9803429e-16
 6.5934904e-17]",0.8057692307692308,0.9271332694151486
357,2019-01-22 16:46:36.725996,2019-01-22 16:46:44.420995,2019-01-22 16:47:09.421001,ID_28,SF,0.5255361496495913,0.6875,0.889108448948774,0.0,protB_SF,8,2019-01-22 16:32:53,0 days 00:13:43.725996,0 days 00:13:51.420995,0 days 00:14:16.421001,823.725996,831.420995,856.421001,"{'CZ': array([ 0.6499176,  0.6450958,  0.6314087, ..., -1.7489767, -1.8242426,
       -1.8692837], shape=(7695,), dtype=float32), 'C3': array([ 0.28703308,  0.04318237, -0.13302612, ..., -4.4469814 ,
       -4.488476  , -4.4656563 ], shape=(7695,), dtype=float32), 'C4': array([ 3.9875107,  4.40419  ,  4.8322906, ..., -2.6842546, -2.7911758,
       -2.8044052], shape=(7695,), dtype=float32)}",823726.0,831421.0,7695.0,ok,6.193115223140921,2.551253572164569,1.3048065011389554,1.5650237637601094,0.7181364459256656,2.9212995323177893,2.089162095217034,1.2364484355202876,2.091546313749859,0.8618817718115679,2.3493761218560394,2.0736768638016656,2.4303213722305372,2.657174572959775,1.1264532999462062,"{'CZ': (array([0.00000000e+00, 4.88281250e-01, 9.76562500e-01, ...,
       4.99023438e+02, 4.99511719e+02, 5.00000000e+02], shape=(1025,)), array([2.8002014e-02, 9.9613033e-03, 1.0404461e-02, ..., 6.1506351e-17,
       1.0573332e-16, 9.8686492e-17], shape=(1025,), dtype=float32)), 'C3': (array([0.00000000e+00, 4.88281250e-01, 9.76562500e-01, ...,
       4.99023438e+02, 4.99511719e+02, 5.00000000e+02], shape=(1025,)), array([1.4852843e-02, 4.6545458e-03, 6.8762857e-03, ..., 1.1053503e-16,
       1.3500620e-16, 8.5363815e-18], shape=(1025,), dtype=float32)), 'C4': (array([0.00000000e+00, 4.88281250e-01, 9.76562500e-01, ...,
       4.99023438e+02, 4.99511719e+02, 5.00000000e+02], shape=(1025,)), array([5.4835230e-03, 2.1201812e-03, 4.9087885e-03, ..., 1.3677948e-16,
       7.5146771e-17, 4.6580023e-17], shape=(1025,), dtype=float32))}",6.266643759720144,1.9684663135914022,1.114544867814917,0.22055305544337153,0.38614522518117045,3.2912780880956864,1.4296258087233127,0.8342139182684467,0.17188284867608186,0.17601864955117258,2.516632646803401,1.4897161935817462,2.164542499392767,0.28604638992006537,0.32987041144392426,"[2.8002014e-02 9.9613033e-03 1.0404461e-02 ... 6.1506351e-17 1.0573332e-16
 9.8686492e-17]","[1.4852843e-02 4.6545458e-03 6.8762857e-03 ... 1.1053503e-16 1.3500620e-16
 8.5363815e-18]","[5.4835230e-03 2.1201812e-03 4.9087885e-03 ... 1.3677948e-16 7.5146771e-17
 4.6580023e-17]",1.0115384615384615,0.7718120805369127
358,2019-01-22 16:48:50.709005,2019-01-22 16:48:58.647002,2019-01-22 16:49:23.646998,ID_28,SF,0.8371071506315103,0.8163265306122449,0.8092806355680002,0.8857142857142857,protB_SF,8,2019-01-22 16:32:53,0 days 00:15:57.709005,0 days 00:16:05.647002,0 days 00:16:30.646998,957.709005,965.647002,990.646998,"{'CZ': array([3.183403 , 3.6525478, 4.05153  , ..., 1.7123108, 1.7641373,
       1.8087234], shape=(7938,), dtype=float32), 'C3': array([-5.4651184, -5.0733643, -4.6869698, ...,  3.9045773,  4.129175 ,
        4.3642464], shape=(7938,), dtype=float32), 'C4': array([ 7.936529  ,  8.863249  ,  9.657669  , ..., -0.83784485,
       -1.3007355 , -1.7735596 ], shape=(7938,), dtype=float32)}",957709.0,965647.0,7938.0,ok,2.020958774664905,1.6384572300012223,1.1951078413403593,1.5726791789347772,0.8030029212022782,2.1279020020301687,1.3536535116145387,1.3366566636250354,3.592661571019562,1.075624449526913,1.6080569748737616,1.9287006289232522,1.7692661422188394,2.890585717977956,1.2110101871485313,"{'CZ': (array([0.00000000e+00, 4.88281250e-01, 9.76562500e-01, ...,
       4.99023438e+02, 4.99511719e+02, 5.00000000e+02], shape=(1025,)), array([1.3137155e-02, 5.1998547e-03, 1.9678536e-03, ..., 7.3866838e-17,
       4.4914011e-17, 7.0684196e-18], shape=(1025,), dtype=float32)), 'C3': (array([0.00000000e+00, 4.88281250e-01, 9.76562500e-01, ...,
       4.99023438e+02, 4.99511719e+02, 5.00000000e+02], shape=(1025,)), array([5.9337900e-03, 2.2287639e-03, 1.3017484e-03, ..., 1.0083032e-16,
       1.0171310e-16, 1.7282471e-17], shape=(1025,), dtype=float32)), 'C4': (array([0.00000000e+00, 4.88281250e-01, 9.76562500e-01, ...,
       4.99023438e+02, 4.99511719e+02, 5.00000000e+02], shape=(1025,)), array([1.1585301e-03, 6.3329277e-04, 5.4062628e-03, ..., 1.0924594e-16,
       4.3805067e-17, 5.9804013e-17], shape=(1025,), dtype=float32))}",2.044952860974296,1.2641816159345063,1.0208420251497583,0.22163190500882726,0.43177831397918964,2.3973978551046335,0.9263129944314089,0.9018229638287041,0.29524419377967576,0.21967045738999985,1.7225375891239276,1.3855661938624362,1.575779977630913,0.311173235585004,0.3546320373126402,"[1.3137155e-02 5.1998547e-03 1.9678536e-03 ... 7.3866838e-17 4.4914011e-17
 7.0684196e-18]","[5.9337900e-03 2.2287639e-03 1.3017484e-03 ... 1.0083032e-16 1.0171310e-16
 1.7282471e-17]","[1.1585301e-03 6.3329277e-04 5.4062628e-03 ... 1.0924594e-16 4.3805067e-17
 5.9804013e-17]",0.9826923076923076,0.9022051773729626
359,2019-01-22 16:51:05.353004,2019-01-22 16:51:13.068995,2019-01-22 16:51:38.069996,ID_28,SF,0.7389100744166992,0.8125,0.737563556583431,0.6666666666666667,protB_SF,8,2019-01-22 16:32:53,0 days 00:18:12.353004,0 days 00:18:20.068995,0 days 00:18:45.069996,1092.353004,1100.068995,1125.069996,"{'CZ': array([ 4.520134 ,  4.445389 ,  4.2796097, ..., -1.1557469, -0.7337074,
       -0.2903552], shape=(7716,), dtype=float32), 'C3': array([8.663329  , 8.759548  , 8.737721  , ..., 0.03291321, 0.5283241 ,
       1.0344543 ], shape=(7716,), dtype=float32), 'C4': array([ 3.9294324,  3.726056 ,  3.463132 , ..., -3.7593508, -3.395286 ,
       -3.0023274], shape=(7716,), dtype=float32)}",1092353.0,1100069.0,7716.0,ok,1.0209848987869918,1.2721774037345313,1.3344132821657695,2.10309608883108,0.944077698250112,2.317955415492179,1.0197186420555227,1.574224566866178,4.094021973287454,0.8519071708406045,1.51274306972482,1.556623901706189,1.691101184405852,3.849363925837679,1.4132354531284363,"{'CZ': (array([0.00000000e+00, 4.88281250e-01, 9.76562500e-01, ...,
       4.99023438e+02, 4.99511719e+02, 5.00000000e+02], shape=(1025,)), array([1.30729461e-02, 5.09061757e-03, 7.38443667e-03, ...,
       4.23122206e-17, 1.00743485e-16, 3.55271393e-17],
      shape=(1025,), dtype=float32)), 'C3': (array([0.00000000e+00, 4.88281250e-01, 9.76562500e-01, ...,
       4.99023438e+02, 4.99511719e+02, 5.00000000e+02], shape=(1025,)), array([1.1140953e-02, 3.7496928e-03, 2.9810027e-03, ..., 7.4458961e-17,
       1.9151501e-16, 8.1367017e-17], shape=(1025,), dtype=float32)), 'C4': (array([0.00000000e+00, 4.88281250e-01, 9.76562500e-01, ...,
       4.99023438e+02, 4.99511719e+02, 5.00000000e+02], shape=(1025,)), array([9.6073849e-03, 4.1565131e-03, 1.9876165e-03, ..., 7.5724924e-17,
       2.3690000e-16, 4.9589964e-17], shape=(1025,), dtype=float32))}",1.0331066699429337,0.9815717228134693,1.1398345071730531,0.2963816135087123,0.5076348616583726,2.611521271199186,0.697799415208813,1.0621066001893416,0.33644588918975304,0.17398157689208793,1.620438106984538,1.1182686532157313,1.5061631051124564,0.41438626791009375,0.4138516531603047,"[1.30729461e-02 5.09061757e-03 7.38443667e-03 ... 4.23122206e-17
 1.00743485e-16 3.55271393e-17]","[1.1140953e-02 3.7496928e-03 2.9810027e-03 ... 7.4458961e-17 1.9151501e-16
 8.1367017e-17]","[9.6073849e-03 4.1565131e-03 1.9876165e-03 ... 7.5724924e-17 2.3690000e-16
 4.9589964e-17]",0.971153846153846,0.8974113135186961
360,2019-01-22 16:33:54.192001,2019-01-22 16:34:02.089001,2019-01-22 16:34:27.088996,ID_28,SF,0.8095553228479185,0.84,0.8029516828294699,0.7857142857142857,protB_SF,4,2019-01-22 16:32:53,0 days 00:01:01.192001,0 days 00:01:09.089001,0 days 00:01:34.088996,61.192001,69.089001,94.088996,"{'CZ': array([-0.00521088,  0.22475243,  0.4596405 , ..., -3.800106  ,
       -3.6931992 , -3.5416336 ], shape=(7897,), dtype=float32), 'C3': array([-0.33569908, -0.45998192, -0.5261421 , ...,  0.12117386,
        0.3129425 ,  0.5627117 ], shape=(7897,), dtype=float32), 'C4': array([-3.0795536, -2.8684406, -2.6516   , ..., -4.689741 , -4.851    ,
       -4.898199 ], shape=(7897,), dtype=float32)}",61192.0,69089.0,7897.0,ok,1.5154804132180288,1.524516977951862,0.917044271773193,1.548949057905702,0.6475907891854149,3.04907791360165,2.094211959047243,1.4204794279066846,2.2752442655473715,1.0158438426515204,1.2788099538738606,1.71906896866858,1.0699809063225985,3.4651123969524633,1.5809651301879057,"{'CZ': (array([0.00000000e+00, 4.88281250e-01, 9.76562500e-01, ...,
       4.99023438e+02, 4.99511719e+02, 5.00000000e+02], shape=(1025,)), array([1.4441028e-02, 6.1466228e-03, 3.9591924e-03, ..., 3.7408350e-17,
       9.5915390e-17, 2.3734101e-17], shape=(1025,), dtype=float32)), 'C3': (array([0.00000000e+00, 4.88281250e-01, 9.76562500e-01, ...,
       4.99023438e+02, 4.99511719e+02, 5.00000000e+02], shape=(1025,)), array([1.9173888e-02, 7.6171807e-03, 3.6478129e-03, ..., 2.7360827e-17,
       1.2034915e-16, 5.5461808e-17], shape=(1025,), dtype=float32)), 'C4': (array([0.00000000e+00, 4.88281250e-01, 9.76562500e-01, ...,
       4.99023438e+02, 4.99511719e+02, 5.00000000e+02], shape=(1025,)), array([1.3020779e-03, 4.8413905e-04, 3.7592917e-03, ..., 1.1346632e-16,
       1.2261613e-16, 4.2290247e-17], shape=(1025,), dtype=float32))}",1.5334731443369378,1.1762689323940039,0.7833245663412226,0.21828770614092702,0.3482125054841432,3.4352394250963583,1.4330814600003166,0.9583769733795048,0.1869791088178471,0.20746170436179837,1.3698508506307674,1.2349681501555259,0.9529682665582717,0.37302136709499567,0.462969586043635,"[1.4441028e-02 6.1466228e-03 3.9591924e-03 ... 3.7408350e-17 9.5915390e-17
 2.3734101e-17]","[1.9173888e-02 7.6171807e-03 3.6478129e-03 ... 2.7360827e-17 1.2034915e-16
 5.5461808e-17]","[1.3020779e-03 4.8413905e-04 3.7592917e-03 ... 1.1346632e-16 1.2261613e-16
 4.2290247e-17]",0.6211538461538462,0.6538830297219559
361,2019-01-22 16:36:09.287999,2019-01-22 16:36:17.660001,2019-01-22 16:36:42.661002,ID_28,SF,0.4940856162606714,0.5625,0.7768997059248713,0.1428571428571429,protB_SF,4,2019-01-22 16:32:53,0 days 00:03:16.287999,0 days 00:03:24.660001,0 days 00:03:49.661002,196.287999,204.660001,229.661002,"{'CZ': array([2.4041748 , 2.644783  , 2.7684402 , ..., 0.37292194, 0.64801884,
       1.035573  ], shape=(8372,), dtype=float32), 'C3': array([-2.2754683, -2.3782616, -2.4644122, ..., -2.5524254, -1.8466301,
       -1.0297318], shape=(8372,), dtype=float32), 'C4': array([ 2.578659  ,  2.2353134 ,  1.8358994 , ..., -0.46793556,
       -0.886467  , -1.1354885 ], shape=(8372,), dtype=float32)}",196288.0,204660.0,8372.0,ok,1.2415170003805542,1.6507593099959195,0.917833465791773,1.3460540558298817,0.7769698191850694,2.157422132768261,1.661538946791552,1.484930340666324,2.7387493100832216,0.7999884165883486,1.0580213956927764,1.817699521780014,1.3628247870656196,3.334124747198075,1.6651439207180374,"{'CZ': (array([0.00000000e+00, 4.88281250e-01, 9.76562500e-01, ...,
       4.99023438e+02, 4.99511719e+02, 5.00000000e+02], shape=(1025,)), array([2.3279095e-03, 7.8153383e-04, 2.6205576e-03, ..., 3.6922848e-17,
       1.4230754e-16, 3.4723550e-17], shape=(1025,), dtype=float32)), 'C3': (array([0.00000000e+00, 4.88281250e-01, 9.76562500e-01, ...,
       4.99023438e+02, 4.99511719e+02, 5.00000000e+02], shape=(1025,)), array([6.4232158e-03, 2.8807272e-03, 1.3029084e-03, ..., 8.3758390e-17,
       1.3551594e-16, 2.7745001e-17], shape=(1025,), dtype=float32)), 'C4': (array([0.00000000e+00, 4.88281250e-01, 9.76562500e-01, ...,
       4.99023438e+02, 4.99511719e+02, 5.00000000e+02], shape=(1025,)), array([1.0518660e-02, 4.7671949e-03, 2.7051638e-03, ..., 1.5050924e-16,
       1.4740135e-16, 7.9851470e-17], shape=(1025,), dtype=float32))}",1.2562570665487258,1.2736735105548131,0.7839986832638091,0.18969445811605512,0.4177801969115592,2.4306566696771044,1.1370007937490296,1.001861074232099,0.22506985866489265,0.16337841842099862,1.1333439378422767,1.3058237085681603,1.21378686972663,0.3589204703313249,0.4876204901409043,"[2.3279095e-03 7.8153383e-04 2.6205576e-03 ... 3.6922848e-17 1.4230754e-16
 3.4723550e-17]","[6.4232158e-03 2.8807272e-03 1.3029084e-03 ... 8.3758390e-17 1.3551594e-16
 2.7745001e-17]","[1.0518660e-02 4.7671949e-03 2.7051638e-03 ... 1.5050924e-16 1.4740135e-16
 7.9851470e-17]",0.7634615384615384,0.9645254074784276
362,2019-01-22 16:38:24.728001,2019-01-22 16:38:32.406002,2019-01-22 16:38:57.405997,ID_28,SF,0.6679676787479222,0.72,0.712474464815195,0.5714285714285714,protB_SF,4,2019-01-22 16:32:53,0 days 00:05:31.728001,0 days 00:05:39.406002,0 days 00:06:04.405997,331.728001,339.406002,364.405997,"{'CZ': array([-2.491561  , -2.719677  , -2.9222078 , ..., -0.79386234,
       -1.0818624 , -1.3836479 ], shape=(7678,), dtype=float32), 'C3': array([ 0.9012346,  0.9800873,  1.1011853, ..., -2.2831078, -2.1048546,
       -1.7870064], shape=(7678,), dtype=float32), 'C4': array([-4.062832 , -4.0949173, -4.096073 , ...,  8.194176 ,  8.12915  ,
        7.9189434], shape=(7678,), dtype=float32)}",331728.0,339406.0,7678.0,ok,1.121944497754157,1.9330363284097984,0.6631824981013779,1.7730369545461144,0.78362118779296,1.4893537136231316,1.793388742953539,0.8270055514003616,4.1026358740055,0.8442945420483738,1.7262919936911203,1.1219695152249187,1.1412247331463732,4.594492002070183,1.0537822631135896,"{'CZ': (array([0.00000000e+00, 4.88281250e-01, 9.76562500e-01, ...,
       4.99023438e+02, 4.99511719e+02, 5.00000000e+02], shape=(1025,)), array([4.0052547e-03, 1.6999218e-03, 1.4270059e-03, ..., 6.9947134e-17,
       8.5777174e-17, 5.9668323e-17], shape=(1025,), dtype=float32)), 'C3': (array([0.00000000e+00, 4.88281250e-01, 9.76562500e-01, ...,
       4.99023438e+02, 4.99511719e+02, 5.00000000e+02], shape=(1025,)), array([5.6558120e-04, 2.7822674e-04, 4.0142569e-03, ..., 1.6976541e-16,
       8.4825274e-17, 3.1777053e-17], shape=(1025,), dtype=float32)), 'C4': (array([0.00000000e+00, 4.88281250e-01, 9.76562500e-01, ...,
       4.99023438e+02, 4.99511719e+02, 5.00000000e+02], shape=(1025,)), array([3.0045612e-03, 1.4454498e-03, 4.0745959e-03, ..., 7.1350330e-17,
       2.2444555e-16, 6.0988252e-17], shape=(1025,), dtype=float32))}",1.1352649244006252,1.4914695022630409,0.5664798949410287,0.24986759101959338,0.42135666798948407,1.6779783068607659,1.2272263783983157,0.5579687123573001,0.33715377779059225,0.17242688031609887,1.849189982320172,0.8060157224647917,1.0164208999184043,0.4945997391676398,0.30858943617297724,"[4.0052547e-03 1.6999218e-03 1.4270059e-03 ... 6.9947134e-17 8.5777174e-17
 5.9668323e-17]","[5.6558120e-04 2.7822674e-04 4.0142569e-03 ... 1.6976541e-16 8.4825274e-17
 3.1777053e-17]","[3.0045612e-03 1.4454498e-03 4.0745959e-03 ... 7.1350330e-17 2.2444555e-16
 6.0988252e-17]",0.8134615384615385,0.7325023969319271
363,2019-01-22 16:40:39.036003,2019-01-22 16:40:46.826999,2019-01-22 16:41:11.827004,ID_28,SF,0.514542338634135,0.75,0.793627015902405,0.0,protB_SF,6,2019-01-22 16:32:53,0 days 00:07:46.036003,0 days 00:07:53.826999,0 days 00:08:18.827004,466.036003,473.826999,498.827004,"{'CZ': array([ 2.2636461 ,  2.532508  ,  2.736496  , ..., -0.20215225,
        0.71565247,  1.7024155 ], shape=(7791,), dtype=float32), 'C3': array([ 2.1850157,  2.4620419,  2.727872 , ..., -3.698248 , -3.0374317,
       -2.2275581], shape=(7791,), dtype=float32), 'C4': array([-2.2201633, -2.214738 , -2.2132368, ..., -7.1564903, -7.02792  ,
       -6.663048 ], shape=(7791,), dtype=float32)}",466036.0,473827.0,7791.0,ok,2.019832540099742,0.8757268078625202,1.423872308805585,2.0566477614920586,0.837341309193107,1.4723073891218519,1.0910785058513284,0.9709827972983476,3.0206388200895162,0.9534565009516882,1.3553331400544266,1.4341644564410672,1.4808507112320513,4.284454422304407,1.0876916452389196,"{'CZ': (array([0.00000000e+00, 4.88281250e-01, 9.76562500e-01, ...,
       4.99023438e+02, 4.99511719e+02, 5.00000000e+02], shape=(1025,)), array([5.8217011e-03, 2.2613604e-03, 1.2826944e-03, ..., 1.1912307e-16,
       4.5533434e-17, 2.2944609e-17], shape=(1025,), dtype=float32)), 'C3': (array([0.00000000e+00, 4.88281250e-01, 9.76562500e-01, ...,
       4.99023438e+02, 4.99511719e+02, 5.00000000e+02], shape=(1025,)), array([6.7775953e-03, 2.8915468e-03, 2.3250999e-03, ..., 6.2315890e-17,
       1.4989861e-16, 1.6579332e-17], shape=(1025,), dtype=float32)), 'C4': (array([0.00000000e+00, 4.88281250e-01, 9.76562500e-01, ...,
       4.99023438e+02, 4.99511719e+02, 5.00000000e+02], shape=(1025,)), array([7.1321256e-03, 3.0126886e-03, 3.5085352e-03, ..., 9.4567867e-17,
       8.8386088e-17, 7.0264778e-17], shape=(1025,), dtype=float32))}",2.043813255048124,0.6756830210819612,1.2162489785403336,0.2898358212005865,0.45024222099617106,1.6587730888771388,0.7466313862765562,0.6551080826631213,0.2482354809957312,0.19472058835929767,1.4518218670158687,1.0302945711140283,1.3189055309075906,0.46122401318635053,0.3185194544294163,"[5.8217011e-03 2.2613604e-03 1.2826944e-03 ... 1.1912307e-16 4.5533434e-17
 2.2944609e-17]","[6.7775953e-03 2.8915468e-03 2.3250999e-03 ... 6.2315890e-17 1.4989861e-16
 1.6579332e-17]","[7.1321256e-03 3.0126886e-03 3.5085352e-03 ... 9.4567867e-17 8.8386088e-17
 7.0264778e-17]",0.928846153846154,0.7641418983700863
364,2019-01-22 16:42:53.413005,2019-01-22 16:43:01.049002,2019-01-22 16:43:26.048997,ID_28,SF,0.517300268976444,0.6875,0.864400806929332,0.0,protB_SF,6,2019-01-22 16:32:53,0 days 00:10:00.413005,0 days 00:10:08.049002,0 days 00:10:33.048997,600.413005,608.049002,633.048997,"{'CZ': array([-3.531868 , -3.647625 , -3.7188873, ...,  3.3174381,  3.4501233,
        3.582932 ], shape=(7636,), dtype=float32), 'C3': array([ 0.63967896,  0.56105804,  0.5115204 , ..., -4.0482674 ,
       -3.7414722 , -3.4880333 ], shape=(7636,), dtype=float32), 'C4': array([-6.6184444, -6.287195 , -5.923414 , ...,  3.9176712,  4.190602 ,
        4.492062 ], shape=(7636,), dtype=float32)}",600413.0,608049.0,7636.0,ok,0.7915630571915244,1.4548503604601137,0.6101879771449603,2.253163249406498,0.8150952485266316,2.775145610939944,1.7435459012631327,2.241081354441121,4.407545246067457,0.8067442161063809,1.2258397264304222,1.8112101242877543,1.5136232104850933,3.3258650364587083,1.1202810396753193,"{'CZ': (array([0.00000000e+00, 4.88281250e-01, 9.76562500e-01, ...,
       4.99023438e+02, 4.99511719e+02, 5.00000000e+02], shape=(1025,)), array([3.8312778e-03, 1.5167460e-03, 2.0107070e-03, ..., 6.2815580e-17,
       8.5921335e-17, 2.5658487e-17], shape=(1025,), dtype=float32)), 'C3': (array([0.00000000e+00, 4.88281250e-01, 9.76562500e-01, ...,
       4.99023438e+02, 4.99511719e+02, 5.00000000e+02], shape=(1025,)), array([8.1129456e-03, 2.8514771e-03, 4.3489649e-03, ..., 8.6449380e-17,
       1.6924887e-16, 8.8780832e-17], shape=(1025,), dtype=float32)), 'C4': (array([0.00000000e+00, 4.88281250e-01, 9.76562500e-01, ...,
       4.99023438e+02, 4.99511719e+02, 5.00000000e+02], shape=(1025,)), array([3.0002070e-03, 1.5415383e-03, 3.3796227e-03, ..., 9.1858612e-17,
       3.8228678e-17, 3.4194869e-17], shape=(1025,), dtype=float32))}",0.8009609887830426,1.1225163806247132,0.5212128217752159,0.31753002770729233,0.43828041324475203,3.126613974197546,1.1931186310751898,1.5120252524400644,0.3622111676812721,0.16475812819871333,1.3131095726154598,1.3011617669225921,1.3480940441038602,0.35803130766101227,0.3280629276936492,"[3.8312778e-03 1.5167460e-03 2.0107070e-03 ... 6.2815580e-17 8.5921335e-17
 2.5658487e-17]","[8.1129456e-03 2.8514771e-03 4.3489649e-03 ... 8.6449380e-17 1.6924887e-16
 8.8780832e-17]","[3.0002070e-03 1.5415383e-03 3.3796227e-03 ... 9.1858612e-17 3.8228678e-17
 3.4194869e-17]",0.9730769230769232,0.7123681687440077
365,2019-01-22 16:45:07.477999,2019-01-22 16:45:15.082997,2019-01-22 16:45:40.083998,ID_28,SF,0.8033446358058205,0.7222222222222222,0.9378116851952388,0.75,protB_SF,6,2019-01-22 16:32:53,0 days 00:12:14.477999,0 days 00:12:22.082997,0 days 00:12:47.083998,734.477999,742.082997,767.083998,"{'CZ': array([-3.618246 , -3.600252 , -3.4814057, ..., -0.9635525, -1.6136894,
       -2.0856495], shape=(7605,), dtype=float32), 'C3': array([0.41747475, 0.6755142 , 1.0816307 , ..., 4.4561615 , 3.8232307 ,
       3.2289543 ], shape=(7605,), dtype=float32), 'C4': array([-5.5272255 , -6.3681374 , -7.1936455 , ..., -0.55143166,
        0.02129173,  0.7008896 ], shape=(7605,), dtype=float32)}",734478.0,742083.0,7605.0,ok,0.7378627724392572,2.084312647639308,1.3534929894376546,2.062570089037763,0.905635223716672,2.980590310471598,2.1032247022958472,1.209555339301005,2.7178600030310918,1.0854915728941705,1.86159504664829,2.214244901551865,1.8459933198755607,3.1472742412006482,1.2731711295828063,"{'CZ': (array([0.00000000e+00, 4.88281250e-01, 9.76562500e-01, ...,
       4.99023438e+02, 4.99511719e+02, 5.00000000e+02], shape=(1025,)), array([2.6994688e-03, 1.1885868e-03, 1.6114832e-03, ..., 5.5905895e-17,
       9.1593504e-17, 3.0444783e-17], shape=(1025,), dtype=float32)), 'C3': (array([0.00000000e+00, 4.88281250e-01, 9.76562500e-01, ...,
       4.99023438e+02, 4.99511719e+02, 5.00000000e+02], shape=(1025,)), array([5.5986433e-03, 2.1935895e-03, 4.7912546e-03, ..., 1.4633703e-16,
       6.7442193e-17, 1.5395092e-17], shape=(1025,), dtype=float32)), 'C4': (array([0.00000000e+00, 4.88281250e-01, 9.76562500e-01, ...,
       4.99023438e+02, 4.99511719e+02, 5.00000000e+02], shape=(1025,)), array([3.2797658e-03, 1.1599972e-03, 6.7984764e-03, ..., 2.5236333e-16,
       2.4358447e-16, 9.3604129e-17], shape=(1025,), dtype=float32))}",0.7466231406705834,1.608189510691972,1.156132088309205,0.29067043308686435,0.4869641686870634,3.358077961509881,1.4392489327804807,0.8160695342998442,0.2233531796798827,0.22168558033013233,1.994125515254412,1.590699372683517,1.6441163049965426,0.33880590456692095,0.37283523815329256,"[2.6994688e-03 1.1885868e-03 1.6114832e-03 ... 5.5905895e-17 9.1593504e-17
 3.0444783e-17]","[5.5986433e-03 2.1935895e-03 4.7912546e-03 ... 1.4633703e-16 6.7442193e-17
 1.5395092e-17]","[3.2797658e-03 1.1599972e-03 6.7984764e-03 ... 2.5236333e-16 2.4358447e-16
 9.3604129e-17]",0.8884615384615384,0.9319271332694152
366,2019-01-22 16:47:21.434997,2019-01-22 16:47:29.064004,2019-01-22 16:47:54.063999,ID_28,SF,0.546113379671778,0.8125,0.8258401390153339,0.0,protB_SF,8,2019-01-22 16:32:53,0 days 00:14:28.434997,0 days 00:14:36.064004,0 days 00:15:01.063999,868.434997,876.064004,901.063999,"{'CZ': array([-5.179966  , -5.359997  , -5.4910927 , ...,  0.8772354 ,
        0.50704575,  0.27662277], shape=(7629,), dtype=float32), 'C3': array([-4.0032806, -4.08461  , -4.036541 , ...,  3.7063408,  3.1474686,
        2.6183128], shape=(7629,), dtype=float32), 'C4': array([ 0.6791115,  1.0507593,  1.2520704, ..., -3.0140877, -3.6292725,
       -4.095093 ], shape=(7629,), dtype=float32)}",868435.0,876064.0,7629.0,ok,2.197699559474131,2.754287386778742,1.6939136767177843,2.9020673609920777,0.8242197084200598,2.5151481586362934,1.9701242999872193,1.1204568290850148,3.695304967550328,0.9260063632154925,1.5204887567961123,1.6084150120150298,1.4898261215421371,5.335278696293244,1.3426794671431708,"{'CZ': (array([0.00000000e+00, 4.88281250e-01, 9.76562500e-01, ...,
       4.99023438e+02, 4.99511719e+02, 5.00000000e+02], shape=(1025,)), array([1.6461911e-02, 6.4103301e-03, 6.6800844e-03, ..., 2.5514604e-16,
       8.1339250e-17, 4.2829940e-17], shape=(1025,), dtype=float32)), 'C3': (array([0.00000000e+00, 4.88281250e-01, 9.76562500e-01, ...,
       4.99023438e+02, 4.99511719e+02, 5.00000000e+02], shape=(1025,)), array([2.4696060e-03, 8.2025147e-04, 2.4632330e-03, ..., 1.1144173e-16,
       6.0147201e-17, 9.1235666e-17], shape=(1025,), dtype=float32)), 'C4': (array([0.00000000e+00, 4.88281250e-01, 9.76562500e-01, ...,
       4.99023438e+02, 4.99511719e+02, 5.00000000e+02], shape=(1025,)), array([7.1731941e-03, 3.0388103e-03, 1.1694707e-03, ..., 1.1484370e-16,
       1.9172626e-16, 1.6929974e-16], shape=(1025,), dtype=float32))}",2.223792022899506,2.1251207633679767,1.4469140008570867,0.4089777026972956,0.443186676727401,2.833688203231236,1.3481675510497333,0.7559560550928555,0.3036794071323583,0.1891145570771148,1.6287352241528767,1.1554750555523097,1.3268993943067502,0.5743458581240979,0.3931900490548324,"[1.6461911e-02 6.4103301e-03 6.6800844e-03 ... 2.5514604e-16 8.1339250e-17
 4.2829940e-17]","[2.4696060e-03 8.2025147e-04 2.4632330e-03 ... 1.1144173e-16 6.0147201e-17
 9.1235666e-17]","[7.1731941e-03 3.0388103e-03 1.1694707e-03 ... 1.1484370e-16 1.9172626e-16
 1.6929974e-16]",1.0269230769230768,0.8216682646212847
367,2019-01-22 16:49:35.662000,2019-01-22 16:49:43.489004,2019-01-22 16:50:08.488999,ID_28,SF,0.8461988805680573,0.8163265306122449,0.836555825377641,0.8857142857142857,protB_SF,8,2019-01-22 16:32:53,0 days 00:16:42.662000,0 days 00:16:50.489004,0 days 00:17:15.488999,1002.662,1010.489004,1035.488999,"{'CZ': array([2.0289154, 1.7177124, 1.3112946, ..., 5.443042 , 5.387296 ,
       5.153655 ], shape=(7827,), dtype=float32), 'C3': array([-4.285248 , -4.0508194, -3.820732 , ...,  1.6392365,  2.1179428,
        2.4334488], shape=(7827,), dtype=float32), 'C4': array([-0.42551422, -1.28368   , -2.2668762 , ...,  2.7523003 ,
        2.7495308 ,  2.6922722 ], shape=(7827,), dtype=float32)}",1002662.0,1010489.0,7827.0,ok,1.9560834916774184,1.4296956651378423,1.7243112160940655,1.9126991828670725,0.9270130467484705,2.723785544731072,1.8621739582158625,1.726006950775627,2.825208990543615,0.9949569706577677,1.7575359024704085,2.496884517313447,1.400586661475245,3.8610640658589546,0.9609670421468763,"{'CZ': (array([0.00000000e+00, 4.88281250e-01, 9.76562500e-01, ...,
       4.99023438e+02, 4.99511719e+02, 5.00000000e+02], shape=(1025,)), array([7.14475662e-03, 2.52320687e-03, 3.56506021e-03, ...,
       1.07938355e-16, 6.82235805e-17, 3.73034898e-17],
      shape=(1025,), dtype=float32)), 'C3': (array([0.00000000e+00, 4.88281250e-01, 9.76562500e-01, ...,
       4.99023438e+02, 4.99511719e+02, 5.00000000e+02], shape=(1025,)), array([1.7598728e-02, 5.6228000e-03, 3.3046210e-03, ..., 6.6139714e-17,
       9.7690368e-17, 3.2369169e-17], shape=(1025,), dtype=float32)), 'C4': (array([0.00000000e+00, 4.88281250e-01, 9.76562500e-01, ...,
       4.99023438e+02, 4.99511719e+02, 5.00000000e+02], shape=(1025,)), array([9.73177422e-03, 3.75574431e-03, 3.54035827e-03, ...,
       1.62427157e-16, 1.05946113e-16, 2.68427256e-17],
      shape=(1025,), dtype=float32))}",1.9793073380596713,1.1031078157878846,1.4728790933642615,0.2695496763012956,0.498459121123096,3.0687492264555414,1.2742965024555832,1.1645119844882401,0.2321750975379026,0.20319606245831426,1.8826582039966508,1.7937458645925004,1.2474191222140236,0.4156457947957952,0.2814094411123648,"[7.14475662e-03 2.52320687e-03 3.56506021e-03 ... 1.07938355e-16
 6.82235805e-17 3.73034898e-17]","[1.7598728e-02 5.6228000e-03 3.3046210e-03 ... 6.6139714e-17 9.7690368e-17
 3.2369169e-17]","[9.73177422e-03 3.75574431e-03 3.54035827e-03 ... 1.62427157e-16
 1.05946113e-16 2.68427256e-17]",0.9653846153846154,0.9367209971236816
368,2019-01-22 16:51:50.084002,2019-01-22 16:51:57.710998,2019-01-22 16:52:22.711003,ID_28,SF,0.7256432596721983,0.75,0.7602631123499285,0.6666666666666667,protB_SF,8,2019-01-22 16:32:53,0 days 00:18:57.084002,0 days 00:19:04.710998,0 days 00:19:29.711003,1137.084002,1144.710998,1169.711003,"{'CZ': array([ 3.2029324 ,  3.263214  ,  3.3492317 , ..., -0.4592781 ,
       -0.5425415 , -0.63074875], shape=(7627,), dtype=float32), 'C3': array([-2.2456837 , -2.327434  , -2.3677874 , ..., -1.0971565 ,
       -1.0839424 , -0.94758606], shape=(7627,), dtype=float32), 'C4': array([ 2.3576927,  2.3698864,  2.4262266, ..., -2.444641 , -3.0712757,
       -3.8246708], shape=(7627,), dtype=float32)}",1137084.0,1144711.0,7627.0,ok,2.1083856554469094,2.0561640267260373,1.291269640205428,2.559500184361241,0.98165515078108,2.521224378142506,1.533118585939519,2.426195136649767,4.4602555863093585,1.0024441775158266,1.4295039254648145,2.1926619665464386,4.084195927134715,4.9818675506685395,1.0410272942635856,"{'CZ': (array([0.00000000e+00, 4.88281250e-01, 9.76562500e-01, ...,
       4.99023438e+02, 4.99511719e+02, 5.00000000e+02], shape=(1025,)), array([1.6151895e-03, 1.2842031e-03, 1.2154870e-02, ..., 1.3342411e-16,
       9.2622292e-17, 8.8817848e-18], shape=(1025,), dtype=float32)), 'C3': (array([0.00000000e+00, 4.88281250e-01, 9.76562500e-01, ...,
       4.99023438e+02, 4.99511719e+02, 5.00000000e+02], shape=(1025,)), array([1.7066604e-02, 6.6454420e-03, 5.1800204e-03, ..., 1.7077698e-16,
       2.6116146e-16, 1.2947666e-16], shape=(1025,), dtype=float32)), 'C4': (array([0.00000000e+00, 4.88281250e-01, 9.76562500e-01, ...,
       4.99023438e+02, 4.99511719e+02, 5.00000000e+02], shape=(1025,)), array([4.0312330e-03, 1.9281713e-03, 2.4556583e-03, ..., 9.3486940e-17,
       1.5533254e-16, 4.6789733e-17], shape=(1025,), dtype=float32))}",2.1334177283543165,1.5864709278563125,1.1029818974690324,0.3607009677044579,0.5278404283743213,2.840533967555646,1.0491219916876922,1.636918850220214,0.36654289267148765,0.20472514461687502,1.531273010775416,1.5751943302423042,3.637550062778835,0.5363009425238191,0.30485427305284957,"[1.6151895e-03 1.2842031e-03 1.2154870e-02 ... 1.3342411e-16 9.2622292e-17
 8.8817848e-18]","[1.7066604e-02 6.6454420e-03 5.1800204e-03 ... 1.7077698e-16 2.6116146e-16
 1.2947666e-16]","[4.0312330e-03 1.9281713e-03 2.4556583e-03 ... 9.3486940e-17 1.5533254e-16
 4.6789733e-17]",0.9807692307692308,0.9424736337488016
369,2019-01-22 16:34:39.108001,2019-01-22 16:34:46.888999,2019-01-22 16:35:11.889004,ID_28,SF,0.6073453637232124,0.6875,0.734536091169637,0.4,protB_SF,4,2019-01-22 16:32:53,0 days 00:01:46.108001,0 days 00:01:53.888999,0 days 00:02:18.889004,106.108001,113.888999,138.889004,"{'CZ': array([-2.1356146, -2.2054863, -2.2319674, ..., -1.9887314, -2.053135 ,
       -2.1696587], shape=(7781,), dtype=float32), 'C3': array([-0.64090633, -0.4655943 , -0.36062717, ..., -4.4216137 ,
       -3.5330715 , -2.723568  ], shape=(7781,), dtype=float32), 'C4': array([ 0.21826172,  0.88406754,  1.4976616 , ..., -0.7156868 ,
       -0.95158386, -1.0650902 ], shape=(7781,), dtype=float32)}",106108.0,113889.0,7781.0,ok,2.133944895831519,1.3460510672302917,1.014242196106352,1.5826160142751178,0.7875057911519434,2.4875673261703923,1.7972964706132188,1.3686237289221026,2.603252429253189,0.961135213401576,1.4187758515618043,1.4027802753844298,1.3023979554418474,3.3202300473931246,1.4350405764389507,"{'CZ': (array([0.00000000e+00, 4.88281250e-01, 9.76562500e-01, ...,
       4.99023438e+02, 4.99511719e+02, 5.00000000e+02], shape=(1025,)), array([6.2126257e-03, 2.2301280e-03, 2.4991778e-03, ..., 9.0680542e-17,
       3.8238320e-17, 4.6629369e-17], shape=(1025,), dtype=float32)), 'C3': (array([0.00000000e+00, 4.88281250e-01, 9.76562500e-01, ...,
       4.99023438e+02, 4.99511719e+02, 5.00000000e+02], shape=(1025,)), array([6.0752984e-03, 1.9875742e-03, 2.3753718e-03, ..., 9.2592606e-17,
       1.2520234e-16, 3.6082244e-17], shape=(1025,), dtype=float32)), 'C4': (array([0.00000000e+00, 4.88281250e-01, 9.76562500e-01, ...,
       4.99023438e+02, 4.99511719e+02, 5.00000000e+02], shape=(1025,)), array([3.9437525e-03, 1.4784322e-03, 2.9460478e-03, ..., 4.7073459e-17,
       1.2131624e-16, 3.4935017e-17], shape=(1025,), dtype=float32))}",2.1592804240233576,1.038570297804043,0.8663494804823026,0.22303226674549784,0.42344543684017333,2.802614296381829,1.2299004592312635,0.9233906815198897,0.21393475268579792,0.19628878093503827,1.5197811850219873,1.0077483762084918,1.1599682897446495,0.35742469780712754,0.42023706212343553,"[6.2126257e-03 2.2301280e-03 2.4991778e-03 ... 9.0680542e-17 3.8238320e-17
 4.6629369e-17]","[6.0752984e-03 1.9875742e-03 2.3753718e-03 ... 9.2592606e-17 1.2520234e-16
 3.6082244e-17]","[3.9437525e-03 1.4784322e-03 2.9460478e-03 ... 4.7073459e-17 1.2131624e-16
 3.4935017e-17]",0.6442307692307693,0.6711409395973155
370,2019-01-22 16:36:54.677000,2019-01-22 16:37:02.902997,2019-01-22 16:37:27.901996,ID_28,SF,0.4202093658677904,0.5625,0.6981280976033711,0.0,protB_SF,4,2019-01-22 16:32:53,0 days 00:04:01.677000,0 days 00:04:09.902997,0 days 00:04:34.901996,241.677,249.902997,274.901996,"{'CZ': array([ 0.5343857 ,  0.01861572, -0.49383545, ...,  1.418087  ,
        1.8403559 ,  2.0508208 ], shape=(8226,), dtype=float32), 'C3': array([ 0.49548912,  0.9819832 ,  1.4632683 , ...,  0.6824646 ,
        0.27046204, -0.1453247 ], shape=(8226,), dtype=float32), 'C4': array([-0.98750114, -0.85977554, -0.65823936, ...,  0.49415016,
        0.64917374,  0.6703415 ], shape=(8226,), dtype=float32)}",241677.0,249903.0,8226.0,ok,0.8928671604735428,1.5325813656090759,1.1594760726438835,1.8881061987485737,0.7633132169075907,1.652817543799756,1.64605796453543,0.9336866933153942,3.208884474588558,0.9960650679659011,1.448110642741085,1.880290059489198,2.29644107457716,4.793315813003574,1.6848969671627856,"{'CZ': (array([0.00000000e+00, 4.88281250e-01, 9.76562500e-01, ...,
       4.99023438e+02, 4.99511719e+02, 5.00000000e+02], shape=(1025,)), array([2.6198111e-03, 1.0404402e-03, 1.7854639e-03, ..., 8.5481883e-17,
       4.0343719e-17, 2.0512691e-17], shape=(1025,), dtype=float32)), 'C3': (array([0.00000000e+00, 4.88281250e-01, 9.76562500e-01, ...,
       4.99023438e+02, 4.99511719e+02, 5.00000000e+02], shape=(1025,)), array([6.7697070e-03, 2.3718865e-03, 2.5540621e-03, ..., 1.5443731e-16,
       8.5113133e-17, 6.4456382e-17], shape=(1025,), dtype=float32)), 'C4': (array([0.00000000e+00, 4.88281250e-01, 9.76562500e-01, ...,
       4.99023438e+02, 4.99511719e+02, 5.00000000e+02], shape=(1025,)), array([7.3764166e-03, 3.2903671e-03, 3.2193053e-03, ..., 1.2957359e-16,
       1.8563591e-16, 1.2180733e-16], shape=(1025,), dtype=float32))}",0.9034678377262372,1.1824911580544268,0.9904059375787966,0.26608387730488076,0.4104369799065382,1.8621446056276916,1.126407067284047,0.6299449394652613,0.2637054704162277,0.20342236471707878,1.5512043754094915,1.3507883504648828,2.0453032920133247,0.5160032381798618,0.49340496922966115,"[2.6198111e-03 1.0404402e-03 1.7854639e-03 ... 8.5481883e-17 4.0343719e-17
 2.0512691e-17]","[6.7697070e-03 2.3718865e-03 2.5540621e-03 ... 1.5443731e-16 8.5113133e-17
 6.4456382e-17]","[7.3764166e-03 3.2903671e-03 3.2193053e-03 ... 1.2957359e-16 1.8563591e-16
 1.2180733e-16]",0.9,0.9741131351869609
371,2019-01-22 16:39:09.422005,2019-01-22 16:39:17.113001,2019-01-22 16:39:42.114002,ID_28,SF,0.665654846850912,0.8125,0.7844645405527362,0.4,protB_SF,4,2019-01-22 16:32:53,0 days 00:06:16.422005,0 days 00:06:24.113001,0 days 00:06:49.114002,376.422005,384.113001,409.114002,"{'CZ': array([-2.6419792 , -2.500866  , -2.2645187 , ...,  0.15677834,
        0.04055405, -0.08373833], shape=(7691,), dtype=float32), 'C3': array([ 3.7649765,  4.3854675,  4.9020653, ..., -1.7089844, -1.5143356,
       -1.2588882], shape=(7691,), dtype=float32), 'C4': array([-5.354267 , -5.3835983, -5.3475647, ..., -3.4054642, -3.5757332,
       -3.6728249], shape=(7691,), dtype=float32)}",376422.0,384113.0,7691.0,ok,1.8488215628167382,1.7674560367595404,1.269745291210711,1.8387689069641056,0.664497545812992,2.5457407609792426,1.1977579270023853,1.7861141095636413,2.0937858353136107,0.7731401809678573,1.4068067921471084,1.5725628763902932,1.3949647545814514,3.8296564598567784,1.0410913191662985,"{'CZ': (array([0.00000000e+00, 4.88281250e-01, 9.76562500e-01, ...,
       4.99023438e+02, 4.99511719e+02, 5.00000000e+02], shape=(1025,)), array([8.0708591e-03, 3.3850232e-03, 5.2075326e-03, ..., 5.6183451e-17,
       6.4883432e-17, 4.1164600e-17], shape=(1025,), dtype=float32)), 'C3': (array([0.00000000e+00, 4.88281250e-01, 9.76562500e-01, ...,
       4.99023438e+02, 4.99511719e+02, 5.00000000e+02], shape=(1025,)), array([8.0030309e-03, 3.6674086e-03, 5.3261067e-03, ..., 9.2557136e-17,
       5.4531991e-17, 2.2216796e-17], shape=(1025,), dtype=float32)), 'C4': (array([0.00000000e+00, 4.88281250e-01, 9.76562500e-01, ...,
       4.99023438e+02, 4.99511719e+02, 5.00000000e+02], shape=(1025,)), array([6.3877371e-03, 2.4928355e-03, 2.6874223e-03, ..., 7.8733320e-17,
       8.2479549e-17, 6.0445482e-17], shape=(1025,), dtype=float32))}",1.870771928507025,1.363713002531172,1.0845961424285888,0.2591309538398582,0.35730334522926144,2.8681553164578233,0.8196327364764175,1.2050654172138302,0.17206689210056575,0.15789531118830064,1.50696002565362,1.1297191106666906,1.2424120245773531,0.41226474772256994,0.3048730220955321,"[8.0708591e-03 3.3850232e-03 5.2075326e-03 ... 5.6183451e-17 6.4883432e-17
 4.1164600e-17]","[8.0030309e-03 3.6674086e-03 5.3261067e-03 ... 9.2557136e-17 5.4531991e-17
 2.2216796e-17]","[6.3877371e-03 2.4928355e-03 2.6874223e-03 ... 7.8733320e-17 8.2479549e-17
 6.0445482e-17]",0.7980769230769231,0.7555129434324065
372,2019-01-22 16:41:23.841000,2019-01-22 16:41:31.611004,2019-01-22 16:41:56.610999,ID_28,SF,0.5033317859124732,0.625,0.8849953577374196,0.0,protB_SF,6,2019-01-22 16:32:53,0 days 00:08:30.841000,0 days 00:08:38.611004,0 days 00:09:03.610999,510.841,518.611004,543.610999,"{'CZ': array([-6.368931  , -6.326542  , -6.1365833 , ..., -0.4731598 ,
        0.51911545,  1.4706535 ], shape=(7770,), dtype=float32), 'C3': array([-4.172632  , -4.4633045 , -4.52195   , ...,  0.09746361,
        1.0740077 ,  1.9064727 ], shape=(7770,), dtype=float32), 'C4': array([ 2.4799461,  2.6815186,  2.776867 , ..., -1.6210098, -1.2272263,
       -0.7869644], shape=(7770,), dtype=float32)}",510841.0,518611.0,7770.0,ok,0.8607642694187234,1.8978512816829607,1.723646608297713,2.1962800456094556,1.026008758685748,1.5079476943355985,1.7643520259298384,1.6224079736275598,3.4655300587473903,0.956700000415367,1.5367705800599651,2.0485920686041936,3.2827203976921737,4.291519122489262,1.2171506539289112,"{'CZ': (array([0.00000000e+00, 4.88281250e-01, 9.76562500e-01, ...,
       4.99023438e+02, 4.99511719e+02, 5.00000000e+02], shape=(1025,)), array([3.0893770e-03, 1.4699561e-03, 1.4519548e-03, ..., 7.8085691e-17,
       1.6029770e-16, 1.1299605e-17], shape=(1025,), dtype=float32)), 'C3': (array([0.00000000e+00, 4.88281250e-01, 9.76562500e-01, ...,
       4.99023438e+02, 4.99511719e+02, 5.00000000e+02], shape=(1025,)), array([2.0867512e-03, 8.9281943e-04, 3.8352285e-03, ..., 1.0256609e-16,
       3.4000604e-17, 3.6513999e-17], shape=(1025,), dtype=float32)), 'C4': (array([0.00000000e+00, 4.88281250e-01, 9.76562500e-01, ...,
       4.99023438e+02, 4.99511719e+02, 5.00000000e+02], shape=(1025,)), array([7.60411797e-03, 3.07556079e-03, 2.54710414e-03, ...,
       1.05571414e-16, 1.02042694e-16, 1.16252678e-16],
      shape=(1025,), dtype=float32))}",0.870983801074384,1.4643218365117465,1.4723113960023249,0.309513686555575,0.5516895645783321,1.6989271895797047,1.2073563835555436,1.0946152494748418,0.2847965520792814,0.1953829952161183,1.646176181177214,1.4716954371800728,2.923723543568545,0.46198453227467473,0.3564302106620355,"[3.0893770e-03 1.4699561e-03 1.4519548e-03 ... 7.8085691e-17 1.6029770e-16
 1.1299605e-17]","[2.0867512e-03 8.9281943e-04 3.8352285e-03 ... 1.0256609e-16 3.4000604e-17
 3.6513999e-17]","[7.60411797e-03 3.07556079e-03 2.54710414e-03 ... 1.05571414e-16
 1.02042694e-16 1.16252678e-16]",0.9673076923076924,0.7929050814956855
373,2019-01-22 16:43:38.064000,2019-01-22 16:43:45.713998,2019-01-22 16:44:10.714004,ID_28,SF,0.4915534343108595,0.6875,0.7871603029325785,0.0,protB_SF,6,2019-01-22 16:32:53,0 days 00:10:45.064000,0 days 00:10:52.713998,0 days 00:11:17.714004,645.064,652.713998,677.714004,"{'CZ': array([-6.208624 , -6.145338 , -6.114004 , ..., -4.095726 , -3.4118042,
       -2.661808 ], shape=(7650,), dtype=float32), 'C3': array([-1.7357559 , -0.7364578 ,  0.25876617, ..., -1.4322984 ,
       -1.1000016 , -0.824165  ], shape=(7650,), dtype=float32), 'C4': array([-1.205162  , -1.2076035 , -1.3170166 , ..., -0.34789944,
       -0.2930417 , -0.20427513], shape=(7650,), dtype=float32)}",645064.0,652714.0,7650.0,ok,1.3897775679652113,1.5089115768205374,1.1498328458401375,2.17273711496091,0.8119304076217304,1.7863112643681234,1.751228017383255,1.365283751511015,3.426421262702206,0.9666306334565888,2.4709489844099153,1.9525403913576156,1.6933190927375108,3.715386694238987,1.0645740550216942,"{'CZ': (array([0.00000000e+00, 4.88281250e-01, 9.76562500e-01, ...,
       4.99023438e+02, 4.99511719e+02, 5.00000000e+02], shape=(1025,)), array([2.2292726e-03, 7.8501855e-04, 2.6673919e-03, ..., 6.7415213e-17,
       7.8592991e-17, 1.9145180e-17], shape=(1025,), dtype=float32)), 'C3': (array([0.00000000e+00, 4.88281250e-01, 9.76562500e-01, ...,
       4.99023438e+02, 4.99511719e+02, 5.00000000e+02], shape=(1025,)), array([3.4113789e-03, 1.7730229e-03, 3.4757678e-03, ..., 1.2812590e-16,
       9.0753115e-17, 7.3669466e-17], shape=(1025,), dtype=float32)), 'C4': (array([0.00000000e+00, 4.88281250e-01, 9.76562500e-01, ...,
       4.99023438e+02, 4.99511719e+02, 5.00000000e+02], shape=(1025,)), array([4.7080223e-03, 1.9069328e-03, 2.5236579e-03, ..., 1.4297822e-16,
       1.2697597e-16, 6.8685796e-17], shape=(1025,), dtype=float32))}",1.4062778763013586,1.1642282999879392,0.9821688473022623,0.30619586774102053,0.43657866393120703,2.01254512174883,1.1983755479492229,0.9211372469544126,0.281582599211804,0.19741108848165995,2.6468605111381756,1.4026925266916044,1.5081384639676625,0.3999635409201985,0.3117497028587899,"[2.2292726e-03 7.8501855e-04 2.6673919e-03 ... 6.7415213e-17 7.8592991e-17
 1.9145180e-17]","[3.4113789e-03 1.7730229e-03 3.4757678e-03 ... 1.2812590e-16 9.0753115e-17
 7.3669466e-17]","[4.7080223e-03 1.9069328e-03 2.5236579e-03 ... 1.4297822e-16 1.2697597e-16
 6.8685796e-17]",0.9826923076923076,0.7535953978907
374,2019-01-22 16:45:52.098004,2019-01-22 16:45:59.708997,2019-01-22 16:46:24.709998,ID_28,SF,0.8343453583130626,0.75,0.9530360749391876,0.8,protB_SF,6,2019-01-22 16:32:53,0 days 00:12:59.098004,0 days 00:13:06.708997,0 days 00:13:31.709998,779.098004,786.708997,811.709998,"{'CZ': array([ 1.2576294 ,  0.7963333 ,  0.34065247, ..., -6.6255383 ,
       -6.9571905 , -7.1102695 ], shape=(7611,), dtype=float32), 'C3': array([-3.8039722, -4.1909943, -4.4664574, ..., -1.6614609, -1.9138737,
       -2.0879536], shape=(7611,), dtype=float32), 'C4': array([ 0.21289825, -0.05256653, -0.25300026, ..., -3.0921726 ,
       -2.6375656 , -2.1360435 ], shape=(7611,), dtype=float32)}",779098.0,786709.0,7611.0,ok,0.9136888456851011,1.3510290591511875,1.0759154465631582,2.147475743186078,0.8113441751333994,1.7786837106541498,0.8465516584692523,0.978495241724886,3.6763248244824354,0.9186888287331385,1.2113441771361977,1.678994252870325,1.1156465843669139,4.594318259478314,1.0035601270601546,"{'CZ': (array([0.00000000e+00, 4.88281250e-01, 9.76562500e-01, ...,
       4.99023438e+02, 4.99511719e+02, 5.00000000e+02], shape=(1025,)), array([3.6427963e-03, 1.8145262e-03, 3.2347140e-03, ..., 2.6521996e-17,
       5.6181134e-17, 1.7911599e-17], shape=(1025,), dtype=float32)), 'C3': (array([0.00000000e+00, 4.88281250e-01, 9.76562500e-01, ...,
       4.99023438e+02, 4.99511719e+02, 5.00000000e+02], shape=(1025,)), array([1.1484967e-02, 3.9483090e-03, 3.9144098e-03, ..., 5.4308407e-17,
       4.3447592e-17, 7.3422748e-17], shape=(1025,), dtype=float32)), 'C4': (array([0.00000000e+00, 4.88281250e-01, 9.76562500e-01, ...,
       4.99023438e+02, 4.99511719e+02, 5.00000000e+02], shape=(1025,)), array([6.5165851e-03, 2.8371124e-03, 1.9123530e-03, ..., 7.0172650e-17,
       1.0302022e-16, 2.2895266e-17], shape=(1025,), dtype=float32))}",0.9245367310047468,1.0424111584352738,0.9190297857368342,0.30263587532515834,0.4362634440624768,2.003951548879342,0.5793002381844566,0.6601766205178353,0.3021196228534532,0.1876201264257729,1.297582057779575,1.2061787306852236,0.9936399662025819,0.49458103567646333,0.2938823935602649,"[3.6427963e-03 1.8145262e-03 3.2347140e-03 ... 2.6521996e-17 5.6181134e-17
 1.7911599e-17]","[1.1484967e-02 3.9483090e-03 3.9144098e-03 ... 5.4308407e-17 4.3447592e-17
 7.3422748e-17]","[6.5165851e-03 2.8371124e-03 1.9123530e-03 ... 7.0172650e-17 1.0302022e-16
 2.2895266e-17]",0.9076923076923076,0.9376797698945348
375,2019-01-22 16:48:06.077996,2019-01-22 16:48:13.695003,2019-01-22 16:48:38.696004,ID_28,SF,0.5618493685208357,0.8125,0.8730481055625071,0.0,protB_SF,8,2019-01-22 16:32:53,0 days 00:15:13.077996,0 days 00:15:20.695003,0 days 00:15:45.696004,913.077996,920.695003,945.696004,"{'CZ': array([-0.29527092, -0.5662079 , -0.8932066 , ...,  2.9261398 ,
        2.795146  ,  2.6593275 ], shape=(7617,), dtype=float32), 'C3': array([-3.683384 , -3.6096535, -3.494505 , ...,  1.3888474,  1.4752312,
        1.483223 ], shape=(7617,), dtype=float32), 'C4': array([ 1.5876694,  0.5156746, -0.4525299, ...,  5.6814613,  5.541525 ,
        5.2791634], shape=(7617,), dtype=float32)}",913078.0,920695.0,7617.0,ok,1.6361130565201165,1.3250571937533095,0.9424396339454688,2.5565010928403353,0.8487094074780543,2.8011285394313745,1.9305574169266038,1.150105286797043,3.2186347252718406,0.9109901465080839,2.1764504490420222,2.255233033793047,2.556402367190458,7.2958212258527055,1.485805702259313,"{'CZ': (array([0.00000000e+00, 4.88281250e-01, 9.76562500e-01, ...,
       4.99023438e+02, 4.99511719e+02, 5.00000000e+02], shape=(1025,)), array([1.47336547e-03, 6.13759039e-04, 5.63494535e-03, ...,
       9.21546766e-17, 1.02914596e-16, 1.53950918e-17],
      shape=(1025,), dtype=float32)), 'C3': (array([0.00000000e+00, 4.88281250e-01, 9.76562500e-01, ...,
       4.99023438e+02, 4.99511719e+02, 5.00000000e+02], shape=(1025,)), array([7.8921737e-03, 3.6036717e-03, 3.7722958e-03, ..., 7.3461295e-17,
       1.4419522e-16, 3.4059175e-17], shape=(1025,), dtype=float32)), 'C4': (array([0.00000000e+00, 4.88281250e-01, 9.76562500e-01, ...,
       4.99023438e+02, 4.99511719e+02, 5.00000000e+02], shape=(1025,)), array([5.4844152e-03, 2.8445565e-03, 6.3638110e-03, ..., 3.2902074e-16,
       2.0106097e-16, 9.7946337e-17], shape=(1025,), dtype=float32))}",1.655538013813753,1.0223720910941638,0.805016878995018,0.36027831674297933,0.4563548990213956,3.155887604738455,1.321091702160987,0.7759594417024717,0.26450674402500757,0.18604785550312714,2.331396068621789,1.6201449846832656,2.2768353323797066,0.7853994029578368,0.4351031137761452,"[1.47336547e-03 6.13759039e-04 5.63494535e-03 ... 9.21546766e-17
 1.02914596e-16 1.53950918e-17]","[7.8921737e-03 3.6036717e-03 3.7722958e-03 ... 7.3461295e-17 1.4419522e-16
 3.4059175e-17]","[5.4844152e-03 2.8445565e-03 6.3638110e-03 ... 3.2902074e-16 2.0106097e-16
 9.7946337e-17]",1.0403846153846157,0.8446788111217641
376,2019-01-22 16:50:20.504002,2019-01-22 16:50:28.337001,2019-01-22 16:50:53.338002,ID_28,SF,0.8099300810667125,0.7551020408163265,0.8461167738123826,0.8285714285714285,protB_SF,8,2019-01-22 16:32:53,0 days 00:17:27.504002,0 days 00:17:35.337001,0 days 00:18:00.338002,1047.504002,1055.337001,1080.338002,"{'CZ': array([1.9570312, 1.5541954, 1.1030197, ..., 1.7141495, 2.171196 ,
       2.5499573], shape=(7833,), dtype=float32), 'C3': array([ 0.3604622 , -0.24647903, -0.8638611 , ..., -2.2975411 ,
       -2.5737433 , -2.8050213 ], shape=(7833,), dtype=float32), 'C4': array([3.7520409, 3.7047653, 3.6175003, ..., 6.834755 , 7.354767 ,
       7.795395 ], shape=(7833,), dtype=float32)}",1047504.0,1055337.0,7833.0,ok,1.8979489941557404,1.0333724494557828,0.8767177205299959,2.834267357684439,0.8016003311013264,1.9223039089411031,2.424759164568968,1.1905814171768725,3.5572936012613354,0.9349436063530447,2.653447532793507,2.081134094623849,1.9309612907818519,8.366268397367094,1.2792726857355774,"{'CZ': (array([0.00000000e+00, 4.88281250e-01, 9.76562500e-01, ...,
       4.99023438e+02, 4.99511719e+02, 5.00000000e+02], shape=(1025,)), array([5.24020568e-03, 2.08290759e-03, 3.40542244e-03, ...,
       1.03448114e-16, 1.06961117e-16, 3.73034931e-17],
      shape=(1025,), dtype=float32)), 'C3': (array([0.00000000e+00, 4.88281250e-01, 9.76562500e-01, ...,
       4.99023438e+02, 4.99511719e+02, 5.00000000e+02], shape=(1025,)), array([6.5183900e-03, 2.9074894e-03, 3.5684453e-03, ..., 1.2414616e-16,
       7.9715548e-17, 3.8984251e-17], shape=(1025,), dtype=float32)), 'C4': (array([0.00000000e+00, 4.88281250e-01, 9.76562500e-01, ...,
       4.99023438e+02, 4.99511719e+02, 5.00000000e+02], shape=(1025,)), array([4.4614277e-03, 2.1219740e-03, 3.9217449e-03, ..., 1.6083161e-16,
       1.4977565e-16, 6.7896308e-17], shape=(1025,), dtype=float32))}",1.9204826314310215,0.7973173965695984,0.7488782705222273,0.39942289705482836,0.4310241349183138,2.16576104715245,1.659276840960517,0.8032681028245133,0.2923376612520578,0.1909397743159896,2.84235147598783,1.4950734205002723,1.719792216098389,0.9006336642396494,0.37462201692047176,"[5.24020568e-03 2.08290759e-03 3.40542244e-03 ... 1.03448114e-16
 1.06961117e-16 3.73034931e-17]","[6.5183900e-03 2.9074894e-03 3.5684453e-03 ... 1.2414616e-16 7.9715548e-17
 3.8984251e-17]","[4.4614277e-03 2.1219740e-03 3.9217449e-03 ... 1.6083161e-16 1.4977565e-16
 6.7896308e-17]",0.9788461538461538,0.9415148609779482
377,2019-01-22 16:52:34.725000,2019-01-22 16:52:42.338004,2019-01-22 16:53:07.337999,ID_28,SF,0.7389100744166992,0.8125,0.737563556583431,0.6666666666666667,protB_SF,8,2019-01-22 16:32:53,0 days 00:19:41.725000,0 days 00:19:49.338004,0 days 00:20:14.337999,1181.725,1189.338004,1214.337999,"{'CZ': array([-3.4745255, -3.503296 , -3.3453217, ...,  3.348133 ,  3.6511917,
        3.840866 ], shape=(7613,), dtype=float32), 'C3': array([ 3.0939941,  3.3323364,  3.4994354, ..., -3.7982826, -3.3263588,
       -2.8633766], shape=(7613,), dtype=float32), 'C4': array([-9.378895 , -8.782345 , -8.025005 , ..., -2.5611072, -2.5115094,
       -2.5889597], shape=(7613,), dtype=float32)}",1181725.0,1189338.0,7613.0,ok,0.6909617691235326,1.2630595592781901,1.3653061832883395,2.4020728742470965,0.8138057520454822,2.088208088025567,1.5574048593407497,1.4146653047646396,4.6829432976664975,1.148102021033992,1.8301186100870837,1.2811739507014863,2.2308292536763474,3.600484244088875,1.1837450174141395,"{'CZ': (array([0.00000000e+00, 4.88281250e-01, 9.76562500e-01, ...,
       4.99023438e+02, 4.99511719e+02, 5.00000000e+02], shape=(1025,)), array([3.1644467e-03, 1.3397513e-03, 5.3905271e-04, ..., 1.1311139e-16,
       1.0030595e-16, 4.4458261e-17], shape=(1025,), dtype=float32)), 'C3': (array([0.00000000e+00, 4.88281250e-01, 9.76562500e-01, ...,
       4.99023438e+02, 4.99511719e+02, 5.00000000e+02], shape=(1025,)), array([8.7015955e-03, 3.2892742e-03, 3.9823409e-03, ..., 6.4281913e-17,
       3.1474985e-16, 7.4409614e-17], shape=(1025,), dtype=float32)), 'C4': (array([0.00000000e+00, 4.88281250e-01, 9.76562500e-01, ...,
       4.99023438e+02, 4.99511719e+02, 5.00000000e+02], shape=(1025,)), array([6.7279967e-03, 2.5175768e-03, 3.7772420e-03, ..., 4.5987907e-17,
       8.8839429e-17, 1.0820973e-16], shape=(1025,), dtype=float32))}",0.6991652993155766,0.9745366833094792,1.1662227297700583,0.3385153146428806,0.43758704513635316,2.3526767616498843,1.065741230248261,0.9544542683897251,0.3848433232866712,0.23447226046399938,1.9604082117038901,0.9203871704755878,1.9868667508936573,0.3875942252595419,0.34664770919286664,"[3.1644467e-03 1.3397513e-03 5.3905271e-04 ... 1.1311139e-16 1.0030595e-16
 4.4458261e-17]","[8.7015955e-03 3.2892742e-03 3.9823409e-03 ... 6.4281913e-17 3.1474985e-16
 7.4409614e-17]","[6.7279967e-03 2.5175768e-03 3.7772420e-03 ... 4.5987907e-17 8.8839429e-17
 1.0820973e-16]",0.9769230769230768,0.9568552253116012
405,2019-01-29 09:54:33.862005,2019-01-29 09:54:55.383997,2019-01-29 09:55:20.384998,ID_32,SF,0.7414953751083585,0.875,0.7494861253250753,0.6,protB_SF,4,2019-01-29 09:54:31,0 days 00:00:02.862005,0 days 00:00:24.383997,0 days 00:00:49.384998,2.862005,24.383997,49.384998,"{'CZ': array([ 3.4784732,  2.9312935,  2.4204643, ..., -1.0177584, -1.3671092,
       -1.6696928], shape=(21522,), dtype=float32), 'C3': array([-0.7123871, -1.1158772, -1.4898214, ...,  3.5582066,  3.9739876,
        4.4264107], shape=(21522,), dtype=float32), 'C4': array([ 0.3630829 ,  0.89390564,  1.3515797 , ...,  0.82051086,
        0.26802826, -0.3568573 ], shape=(21522,), dtype=float32)}",2862.0,24384.0,21522.0,ok,0.7822143625162425,1.0102350424858741,0.7041315802780446,1.0853427247639047,0.7346116253756918,0.6544860816575238,0.8009305674931966,0.8146301042870618,1.8123559220839525,1.0907655137089023,0.6809715250710724,0.8419956939178519,0.9359708928968757,1.5077420812303899,1.0427560882817488,"{'CZ': (array([0.00000000e+00, 4.88281250e-01, 9.76562500e-01, ...,
       4.99023438e+02, 4.99511719e+02, 5.00000000e+02], shape=(1025,)), array([1.2144959e-03, 6.1311317e-04, 1.4455980e-03, ..., 5.1027935e-17,
       4.7303481e-17, 3.1367499e-17], shape=(1025,), dtype=float32)), 'C3': (array([0.00000000e+00, 4.88281250e-01, 9.76562500e-01, ...,
       4.99023438e+02, 4.99511719e+02, 5.00000000e+02], shape=(1025,)), array([1.6672987e-03, 5.9135380e-04, 2.0512142e-03, ..., 7.0059233e-17,
       8.6848975e-17, 3.9657163e-17], shape=(1025,), dtype=float32)), 'C4': (array([0.00000000e+00, 4.88281250e-01, 9.76562500e-01, ...,
       4.99023438e+02, 4.99511719e+02, 5.00000000e+02], shape=(1025,)), array([2.6247441e-03, 1.0134333e-03, 2.5990731e-03, ..., 6.6058525e-17,
       5.2866867e-17, 1.9872991e-17], shape=(1025,), dtype=float32))}",0.0033034081264742467,0.014399415262823782,0.021686741188771664,0.03529930853433162,0.09482331962882765,0.002211416019762714,0.006837267884199702,0.017042431349166873,0.03986446280366013,0.11049591627838541,0.00250059792875395,0.009165185293777682,0.02445073581035958,0.03795239640660559,0.10602566068329602,"[1.2144959e-03 6.1311317e-04 1.4455980e-03 ... 5.1027935e-17 4.7303481e-17
 3.1367499e-17]","[1.6672987e-03 5.9135380e-04 2.0512142e-03 ... 7.0059233e-17 8.6848975e-17
 3.9657163e-17]","[2.6247441e-03 1.0134333e-03 2.5990731e-03 ... 6.6058525e-17 5.2866867e-17
 1.9872991e-17]",0.7903846153846154,0.6011505273250239
406,2019-01-29 09:57:03.447001,2019-01-29 09:57:11.213998,2019-01-29 09:57:36.214999,ID_32,SF,0.6578289043512582,0.6388888888888888,0.7049681945352559,0.6296296296296297,protB_SF,4,2019-01-29 09:54:31,0 days 00:02:32.447001,0 days 00:02:40.213998,0 days 00:03:05.214999,152.447001,160.213998,185.214999,"{'CZ': array([2.0753784, 1.8878784, 1.7488022, ..., 1.595939 , 1.242008 ,
       0.8131113], shape=(7767,), dtype=float32), 'C3': array([-1.4009781, -1.6944733, -1.9769745, ...,  0.5985527,  1.2408638,
        1.7922077], shape=(7767,), dtype=float32), 'C4': array([-0.73869705, -0.70690536, -0.6586571 , ...,  0.77028465,
        0.7709732 ,  0.74943256], shape=(7767,), dtype=float32)}",152447.0,160214.0,7767.0,ok,1.0793850806294358,0.9842586441664025,0.6968045272515155,0.9582339853295707,0.7418077184411231,1.1590034355322132,1.0002530325436965,0.827748554002028,1.3549364521168172,0.8284181866429208,1.0376306854595896,1.0291010003129486,0.7334434412769042,1.2652948607865255,0.7590752190935746,"{'CZ': (array([0.00000000e+00, 4.88281250e-01, 9.76562500e-01, ...,
       4.99023438e+02, 4.99511719e+02, 5.00000000e+02], shape=(1025,)), array([2.9118296e-03, 1.0814350e-03, 2.6846088e-03, ..., 7.6833598e-17,
       8.0164363e-17, 2.9013827e-17], shape=(1025,), dtype=float32)), 'C3': (array([0.00000000e+00, 4.88281250e-01, 9.76562500e-01, ...,
       4.99023438e+02, 4.99511719e+02, 5.00000000e+02], shape=(1025,)), array([1.1169687e-02, 4.6158736e-03, 3.4269076e-03, ..., 2.8347695e-17,
       5.8743330e-17, 1.5049689e-17], shape=(1025,), dtype=float32)), 'C4': (array([0.00000000e+00, 4.88281250e-01, 9.76562500e-01, ...,
       4.99023438e+02, 4.99511719e+02, 5.00000000e+02], shape=(1025,)), array([7.2101154e-03, 2.7390067e-03, 2.7744048e-03, ..., 3.3874138e-17,
       3.9793320e-17, 2.0526791e-17], shape=(1025,), dtype=float32))}",0.004558404470452687,0.01402915989580129,0.021461073277953067,0.03116526819082764,0.09575218790323485,0.003916108892346365,0.008538814989780583,0.017316875268558324,0.029803093938979633,0.08391980260132875,0.0038102872841870804,0.011201840368081917,0.019160031525123966,0.03184959332608375,0.0771814737090925,"[2.9118296e-03 1.0814350e-03 2.6846088e-03 ... 7.6833598e-17 8.0164363e-17
 2.9013827e-17]","[1.1169687e-02 4.6158736e-03 3.4269076e-03 ... 2.8347695e-17 5.8743330e-17
 1.5049689e-17]","[7.2101154e-03 2.7390067e-03 2.7744048e-03 ... 3.3874138e-17 3.9793320e-17
 2.0526791e-17]",0.8576923076923076,0.6442953020134228
407,2019-01-29 09:59:17.675996,2019-01-29 09:59:25.522996,2019-01-29 09:59:50.523001,ID_32,SF,0.759139785491045,0.6,0.8202764993302779,0.8571428571428572,protB_SF,4,2019-01-29 09:54:31,0 days 00:04:46.675996,0 days 00:04:54.522996,0 days 00:05:19.523001,286.675996,294.522996,319.523001,"{'CZ': array([ 0.36050224,  0.51395607,  0.6716423 , ..., -2.3934937 ,
       -2.473238  , -2.496708  ], shape=(7847,), dtype=float32), 'C3': array([ 1.1216583 ,  1.2736053 ,  1.4748421 , ...,  0.03139496,
       -0.18598938, -0.38767242], shape=(7847,), dtype=float32), 'C4': array([ 6.2606983,  5.8865604,  5.498419 , ..., -0.95644  , -1.1308918,
       -1.1900492], shape=(7847,), dtype=float32)}",286676.0,294523.0,7847.0,ok,0.7490680609407718,0.8648189468658529,0.9983802556234878,1.355908194454969,0.895068217005246,0.7648600167158293,1.38823279121425,0.8269384052255191,2.8323240658210125,2.2670316420771996,1.437660859664902,1.5613092837156728,1.578413364768494,3.4051042239298113,3.8344144850270823,"{'CZ': (array([0.00000000e+00, 4.88281250e-01, 9.76562500e-01, ...,
       4.99023438e+02, 4.99511719e+02, 5.00000000e+02], shape=(1025,)), array([1.1797840e-03, 4.6162793e-04, 6.6329469e-04, ..., 5.5927872e-17,
       6.8304929e-17, 1.5197720e-17], shape=(1025,), dtype=float32)), 'C3': (array([0.00000000e+00, 4.88281250e-01, 9.76562500e-01, ...,
       4.99023438e+02, 4.99511719e+02, 5.00000000e+02], shape=(1025,)), array([1.1493590e-03, 5.9544778e-04, 1.9258508e-03, ..., 1.0601396e-16,
       8.5638796e-17, 7.6198310e-17], shape=(1025,), dtype=float32)), 'C4': (array([0.00000000e+00, 4.88281250e-01, 9.76562500e-01, ...,
       4.99023438e+02, 4.99511719e+02, 5.00000000e+02], shape=(1025,)), array([4.1784854e-03, 1.4295062e-03, 3.1975841e-03, ..., 1.5957604e-16,
       1.2591818e-16, 1.1783167e-16], shape=(1025,), dtype=float32))}",0.00316342634240837,0.01232672261341942,0.030749386646081935,0.0440990855775129,0.11553498025203149,0.002584353955331997,0.011850864312583162,0.01729992658861929,0.06229961565165618,0.22965315219001722,0.0052792394917738576,0.01699496682645215,0.04123351321540225,0.08571218308567198,0.3898767254176409,"[1.1797840e-03 4.6162793e-04 6.6329469e-04 ... 5.5927872e-17 6.8304929e-17
 1.5197720e-17]","[1.1493590e-03 5.9544778e-04 1.9258508e-03 ... 1.0601396e-16 8.5638796e-17
 7.6198310e-17]","[4.1784854e-03 1.4295062e-03 3.1975841e-03 ... 1.5957604e-16 1.2591818e-16
 1.1783167e-16]",0.725,0.6327900287631831
408,2019-01-29 10:01:32.047003,2019-01-29 10:01:39.718999,2019-01-29 10:02:04.719004,ID_32,SF,0.5046631422179252,0.6875,0.8264894266537754,0.0,protB_SF,6,2019-01-29 09:54:31,0 days 00:07:01.047003,0 days 00:07:08.718999,0 days 00:07:33.719004,421.047003,428.718999,453.719004,"{'CZ': array([1.1979179, 1.2260723, 1.2443237, ..., 2.1386852, 1.624712 ,
       1.0584908], shape=(7672,), dtype=float32), 'C3': array([-1.2144547, -1.172493 , -1.1582336, ...,  2.5575905,  2.878397 ,
        3.0327682], shape=(7672,), dtype=float32), 'C4': array([1.6687126, 1.9831676, 2.2880478, ..., 4.0496635, 3.514225 ,
       2.8125763], shape=(7672,), dtype=float32)}",421047.0,428719.0,7672.0,ok,4.7123896511038765,1.7226911877514794,1.6399715095758438,1.3850980694769532,0.7724115271230403,1.0084963182634965,1.4262106706155464,1.6314370586769655,1.8432439719617832,0.8774933401127782,0.8366315423700144,0.9389281331095845,1.5836269958526827,1.4191036916599842,0.8549761209906137,"{'CZ': (array([0.00000000e+00, 4.88281250e-01, 9.76562500e-01, ...,
       4.99023438e+02, 4.99511719e+02, 5.00000000e+02], shape=(1025,)), array([8.4908111e-03, 4.0080068e-03, 1.2048571e-02, ..., 1.5427052e-16,
       9.8218109e-17, 2.2105773e-17], shape=(1025,), dtype=float32)), 'C3': (array([0.00000000e+00, 4.88281250e-01, 9.76562500e-01, ...,
       4.99023438e+02, 4.99511719e+02, 5.00000000e+02], shape=(1025,)), array([8.2282564e-03, 3.1479963e-03, 8.1021595e-04, ..., 4.9196855e-17,
       5.9489447e-17, 2.1711028e-17], shape=(1025,), dtype=float32)), 'C4': (array([0.00000000e+00, 4.88281250e-01, 9.76562500e-01, ...,
       4.99023438e+02, 4.99511719e+02, 5.00000000e+02], shape=(1025,)), array([1.0043690e-03, 3.3517866e-04, 9.3729078e-04, ..., 4.8825523e-17,
       5.1883756e-17, 2.5411774e-17], shape=(1025,), dtype=float32))}",0.019901125592342268,0.024554430146277107,0.050509931213547445,0.04504844689995024,0.09970251298966513,0.0034075666031453105,0.012175068364319142,0.03413040339004139,0.04054387433669748,0.08889117727443879,0.003072197624948168,0.010220302051009867,0.04136971095105793,0.03572121950990854,0.08693251385934687,"[8.4908111e-03 4.0080068e-03 1.2048571e-02 ... 1.5427052e-16 9.8218109e-17
 2.2105773e-17]","[8.2282564e-03 3.1479963e-03 8.1021595e-04 ... 4.9196855e-17 5.9489447e-17
 2.1711028e-17]","[1.0043690e-03 3.3517866e-04 9.3729078e-04 ... 4.8825523e-17 5.1883756e-17
 2.5411774e-17]",0.7134615384615385,0.7804410354745925
409,2019-01-29 10:03:45.901004,2019-01-29 10:03:53.594002,2019-01-29 10:04:18.593997,ID_32,SF,0.6634936109824167,0.875,0.7821474996139165,0.3333333333333333,protB_SF,6,2019-01-29 09:54:31,0 days 00:09:14.901004,0 days 00:09:22.594002,0 days 00:09:47.593997,554.901004,562.594002,587.593997,"{'CZ': array([ 5.6403685,  5.4920416,  5.204891 , ..., -1.3594961, -1.1689429,
       -1.0011692], shape=(7693,), dtype=float32), 'C3': array([-0.5900134 ,  0.05212051,  0.60703266, ...,  1.4646034 ,
        1.6959085 ,  1.8855782 ], shape=(7693,), dtype=float32), 'C4': array([-0.00835037, -0.3260765 , -0.53496933, ..., -0.67772865,
        0.1056757 ,  0.9147396 ], shape=(7693,), dtype=float32)}",554901.0,562594.0,7693.0,ok,0.8725264051463455,0.9978693560697138,0.930274498387007,1.0191846449743025,0.7949834858891336,0.7147675278247334,0.8984212472569197,3.339829643664416,1.949896211954183,1.832282421560194,0.66886718650494,0.9032178641064093,1.3045835003140382,2.433493220451055,2.1269169640163454,"{'CZ': (array([0.00000000e+00, 4.88281250e-01, 9.76562500e-01, ...,
       4.99023438e+02, 4.99511719e+02, 5.00000000e+02], shape=(1025,)), array([3.1860450e-03, 1.1861663e-03, 1.0081854e-03, ..., 7.7532122e-17,
       5.9731182e-17, 4.2842275e-17], shape=(1025,), dtype=float32)), 'C3': (array([0.00000000e+00, 4.88281250e-01, 9.76562500e-01, ...,
       4.99023438e+02, 4.99511719e+02, 5.00000000e+02], shape=(1025,)), array([8.3977664e-03, 3.6483870e-03, 1.0852875e-03, ..., 1.6906227e-17,
       7.2193121e-17, 7.1054277e-18], shape=(1025,), dtype=float32)), 'C4': (array([0.00000000e+00, 4.88281250e-01, 9.76562500e-01, ...,
       4.99023438e+02, 4.99511719e+02, 5.00000000e+02], shape=(1025,)), array([1.4428765e-03, 7.6682557e-04, 9.3124411e-04, ..., 1.0063731e-16,
       1.1264032e-16, 5.1119603e-17], shape=(1025,), dtype=float32))}",0.003684809376360624,0.01422316058324149,0.028651778795473044,0.033147606203586186,0.1026160907044629,0.0024150985112391136,0.007669512177039686,0.06987075130236782,0.04288979006014725,0.18561251021097452,0.0024561495445953787,0.009831593136381286,0.03408014795204448,0.06125510490493044,0.21626128954081142,"[3.1860450e-03 1.1861663e-03 1.0081854e-03 ... 7.7532122e-17 5.9731182e-17
 4.2842275e-17]","[8.3977664e-03 3.6483870e-03 1.0852875e-03 ... 1.6906227e-17 7.2193121e-17
 7.1054277e-18]","[1.4428765e-03 7.6682557e-04 9.3124411e-04 ... 1.0063731e-16 1.1264032e-16
 5.1119603e-17]",0.7461538461538462,0.6337488015340365
410,2019-01-29 10:05:59.754996,2019-01-29 10:06:07.451997,2019-01-29 10:06:32.452002,ID_32,SF,0.7875744192597524,0.7222222222222222,0.7905010355570349,0.85,protB_SF,6,2019-01-29 09:54:31,0 days 00:11:28.754996,0 days 00:11:36.451997,0 days 00:12:01.452002,688.754996,696.451997,721.452002,"{'CZ': array([-1.649426 , -2.0023847, -2.3656435, ..., -2.2570858, -2.1033592,
       -1.9761887], shape=(7697,), dtype=float32), 'C3': array([ 1.5416374 ,  1.01371   ,  0.46307373, ..., -2.3078117 ,
       -2.3357296 , -2.2816753 ], shape=(7697,), dtype=float32), 'C4': array([-2.1639252, -2.0570507, -1.8497696, ..., -3.4616203, -3.5800362,
       -3.5731964], shape=(7697,), dtype=float32)}",688755.0,696452.0,7697.0,ok,0.5037230696416373,0.9796977392397821,0.768282527133124,1.1636435592663474,0.7611697054699107,0.7338641148635361,1.0583043840597384,1.1674114648485556,1.5893955969659146,1.1455176911567833,0.777075176301878,1.1680357565637678,0.8197458082577214,1.3923130736657185,1.2605585252458695,"{'CZ': (array([0.00000000e+00, 4.88281250e-01, 9.76562500e-01, ...,
       4.99023438e+02, 4.99511719e+02, 5.00000000e+02], shape=(1025,)), array([2.7091715e-03, 9.4807643e-04, 1.0367482e-03, ..., 5.5609837e-17,
       5.7474858e-17, 2.1513656e-17], shape=(1025,), dtype=float32)), 'C3': (array([0.00000000e+00, 4.88281250e-01, 9.76562500e-01, ...,
       4.99023438e+02, 4.99511719e+02, 5.00000000e+02], shape=(1025,)), array([1.7617708e-03, 6.7072798e-04, 9.9893019e-04, ..., 3.8008172e-17,
       9.7990773e-17, 4.1448329e-18], shape=(1025,), dtype=float32)), 'C4': (array([0.00000000e+00, 4.88281250e-01, 9.76562500e-01, ...,
       4.99023438e+02, 4.99511719e+02, 5.00000000e+02], shape=(1025,)), array([2.1112496e-03, 8.6128170e-04, 3.3880509e-03, ..., 1.2552850e-16,
       8.5510782e-17, 1.7529186e-17], shape=(1025,), dtype=float32))}",0.002127297786241025,0.013964150901606175,0.023662543752422324,0.03784593758756327,0.09825142399106697,0.0024796231813336254,0.00903437934637307,0.024422777455939678,0.03496024201620033,0.11604238060944871,0.002853500483950164,0.012714155447580207,0.021414542205820054,0.03504685473177183,0.12817144102163464,"[2.7091715e-03 9.4807643e-04 1.0367482e-03 ... 5.5609837e-17 5.7474858e-17
 2.1513656e-17]","[1.7617708e-03 6.7072798e-04 9.9893019e-04 ... 3.8008172e-17 9.7990773e-17
 4.1448329e-18]","[2.1112496e-03 8.6128170e-04 3.3880509e-03 ... 1.2552850e-16 8.5510782e-17
 1.7529186e-17]",0.7173076923076923,0.822627037392138
411,2019-01-29 10:08:13.622998,2019-01-29 10:08:21.522996,2019-01-29 10:08:46.523001,ID_32,SF,0.4544669563504164,0.5,0.863400869051249,0.0,protB_SF,8,2019-01-29 09:54:31,0 days 00:13:42.622998,0 days 00:13:50.522996,0 days 00:14:15.523001,822.622998,830.522996,855.523001,"{'CZ': array([-3.0051823, -3.1871147, -3.0946083, ...,  3.655645 ,  3.8332214,
        3.828208 ], shape=(7900,), dtype=float32), 'C3': array([0.36685944, 0.9485626 , 1.6292839 , ..., 1.9787169 , 2.3697624 ,
       2.6996279 ], shape=(7900,), dtype=float32), 'C4': array([-7.3656273 , -7.848451  , -7.8343353 , ..., -0.9939556 ,
       -0.6386337 , -0.38487816], shape=(7900,), dtype=float32)}",822623.0,830523.0,7900.0,ok,0.6704708102915902,0.57797060435405,1.744451335980557,1.2979450311831897,0.9443030653528695,1.3851622006768594,0.6475100162788294,2.076079814287368,3.0298525125544984,2.335306383884017,1.86925868911203,0.7066333491820842,1.1680956158670597,3.2206118485191837,3.498567632959748,"{'CZ': (array([0.00000000e+00, 4.88281250e-01, 9.76562500e-01, ...,
       4.99023438e+02, 4.99511719e+02, 5.00000000e+02], shape=(1025,)), array([5.6678790e-04, 2.1621397e-04, 1.4017955e-03, ..., 5.6806794e-17,
       3.7904867e-17, 1.6141409e-17], shape=(1025,), dtype=float32)), 'C3': (array([0.00000000e+00, 4.88281250e-01, 9.76562500e-01, ...,
       4.99023438e+02, 4.99511719e+02, 5.00000000e+02], shape=(1025,)), array([2.56191706e-03, 1.04348164e-03, 3.01471166e-03, ...,
       1.17228738e-16, 1.31481245e-16, 1.34460334e-17],
      shape=(1025,), dtype=float32)), 'C4': (array([0.00000000e+00, 4.88281250e-01, 9.76562500e-01, ...,
       4.99023438e+02, 4.99511719e+02, 5.00000000e+02], shape=(1025,)), array([7.6528336e-03, 2.7490144e-03, 4.8952773e-03, ..., 1.9846470e-16,
       1.1885079e-16, 3.5724511e-17], shape=(1025,), dtype=float32))}",0.0028314984094082282,0.00823812122109748,0.05372783397227911,0.04221391185563491,0.12189019108790133,0.004680267413462677,0.005527569578043946,0.04343253155534718,0.06664443849882486,0.23656946927173586,0.006864111397038249,0.007691756177375856,0.03051462125751334,0.08106820063486281,0.3557283902710011,"[5.6678790e-04 2.1621397e-04 1.4017955e-03 ... 5.6806794e-17 3.7904867e-17
 1.6141409e-17]","[2.56191706e-03 1.04348164e-03 3.01471166e-03 ... 1.17228738e-16
 1.31481245e-16 1.34460334e-17]","[7.6528336e-03 2.7490144e-03 4.8952773e-03 ... 1.9846470e-16 1.1885079e-16
 3.5724511e-17]",0.8326923076923077,0.75071907957814
412,2019-01-29 10:10:28.142003,2019-01-29 10:10:35.835997,2019-01-29 10:11:00.836002,ID_32,SF,0.5537969612987381,0.875,0.7863908838962145,0.0,protB_SF,8,2019-01-29 09:54:31,0 days 00:15:57.142003,0 days 00:16:04.835997,0 days 00:16:29.836002,957.142003,964.835997,989.836002,"{'CZ': array([ 4.5069933,  4.7835293,  4.9453573, ..., -1.4200191, -1.5294867,
       -1.527772 ], shape=(7694,), dtype=float32), 'C3': array([5.4070663, 5.553547 , 5.4789047, ..., 1.1158829, 0.6777477,
       0.3096981], shape=(7694,), dtype=float32), 'C4': array([ 2.0753021,  1.8254166,  1.5349197, ..., -2.5817776, -2.3605175,
       -2.032793 ], shape=(7694,), dtype=float32)}",957142.0,964836.0,7694.0,ok,1.6672980709699914,0.8798310882411897,2.0316556219768245,1.5231796442094492,1.0065095805202873,1.1777463405451272,1.0945340764010325,1.3931547000538558,3.006457385708927,1.6449308445771749,1.4616557746194303,0.9843236985034309,1.5552088880212978,1.9994066042272607,2.3675275606365176,"{'CZ': (array([0.00000000e+00, 4.88281250e-01, 9.76562500e-01, ...,
       4.99023438e+02, 4.99511719e+02, 5.00000000e+02], shape=(1025,)), array([2.4619971e-03, 1.1799433e-03, 1.9888775e-03, ..., 8.9866384e-17,
       4.3905172e-17, 5.5461815e-17], shape=(1025,), dtype=float32)), 'C3': (array([0.00000000e+00, 4.88281250e-01, 9.76562500e-01, ...,
       4.99023438e+02, 4.99511719e+02, 5.00000000e+02], shape=(1025,)), array([2.9627511e-03, 1.0998833e-03, 4.2824470e-03, ..., 9.8544634e-17,
       1.3474185e-16, 2.3290013e-17], shape=(1025,), dtype=float32)), 'C4': (array([0.00000000e+00, 4.88281250e-01, 9.76562500e-01, ...,
       4.99023438e+02, 4.99511719e+02, 5.00000000e+02], shape=(1025,)), array([2.8486724e-03, 1.2208988e-03, 2.2482353e-03, ..., 7.1112400e-17,
       5.6572034e-17, 2.7632218e-17], shape=(1025,), dtype=float32))}",0.007041248870935603,0.012540698617573636,0.06257351735470533,0.049539363914618606,0.12991977851472558,0.003979438520835146,0.009343659728410267,0.029145428347772503,0.06612984081270933,0.16663356019398315,0.005367351303247411,0.010714436131927147,0.040627333541580025,0.05032841688659018,0.24072616465469598,"[2.4619971e-03 1.1799433e-03 1.9888775e-03 ... 8.9866384e-17 4.3905172e-17
 5.5461815e-17]","[2.9627511e-03 1.0998833e-03 4.2824470e-03 ... 9.8544634e-17 1.3474185e-16
 2.3290013e-17]","[2.8486724e-03 1.2208988e-03 2.2482353e-03 ... 7.1112400e-17 5.6572034e-17
 2.7632218e-17]",0.6461538461538462,0.775647171620326
413,2019-01-29 10:12:42.032003,2019-01-29 10:12:49.780000,2019-01-29 10:13:14.781001,ID_32,SF,0.9466666666666668,1.0,0.84,1.0,protB_SF,8,2019-01-29 09:54:31,0 days 00:18:11.032003,0 days 00:18:18.780000,0 days 00:18:43.781001,1091.032003,1098.78,1123.781001,"{'CZ': array([-0.82362235, -0.45188713, -0.13492608, ...,  2.85635   ,
        2.731676  ,  2.697466  ], shape=(7748,), dtype=float32), 'C3': array([ 2.4307747 ,  2.7395363 ,  2.7106647 , ...,  0.9914627 ,
        0.10842133, -0.6952324 ], shape=(7748,), dtype=float32), 'C4': array([ 1.6911268 ,  1.8862303 ,  2.2763734 , ..., -0.15509033,
        0.08512878,  0.36483383], shape=(7748,), dtype=float32)}",1091032.0,1098780.0,7748.0,ok,1.2362960442260373,1.2057296989951283,1.8769935923046432,1.6365918891096953,0.8191617345119084,1.0041006453320733,1.44291712786071,2.5074521618080325,2.225463522336213,1.2379483732729568,1.1704870503308484,1.3194598141126335,2.2215022836462595,1.4594541935366578,0.9076876523295141,"{'CZ': (array([0.00000000e+00, 4.88281250e-01, 9.76562500e-01, ...,
       4.99023438e+02, 4.99511719e+02, 5.00000000e+02], shape=(1025,)), array([1.7328165e-03, 7.9702464e-04, 3.8927172e-03, ..., 8.4736230e-17,
       6.0584257e-17, 6.3011330e-17], shape=(1025,), dtype=float32)), 'C3': (array([0.00000000e+00, 4.88281250e-01, 9.76562500e-01, ...,
       4.99023438e+02, 4.99511719e+02, 5.00000000e+02], shape=(1025,)), array([1.9314397e-03, 6.9421512e-04, 1.3133087e-03, ..., 6.2850956e-17,
       1.3635543e-16, 1.8553061e-17], shape=(1025,), dtype=float32)), 'C4': (array([0.00000000e+00, 4.88281250e-01, 9.76562500e-01, ...,
       4.99023438e+02, 4.99511719e+02, 5.00000000e+02], shape=(1025,)), array([2.5319497e-03, 1.1395593e-03, 2.5091234e-03, ..., 2.7703534e-17,
       9.8986004e-17, 9.7551593e-17], shape=(1025,), dtype=float32))}",0.005221062914374004,0.017185904171199983,0.057810039187874265,0.053227944243174105,0.10573700755089878,0.003392714245225691,0.012317685625062013,0.0524570367631234,0.048951150668607384,0.1254057247785681,0.004298149608216232,0.01436241749380679,0.058033178009874085,0.036736909302939526,0.09229213246876142,"[1.7328165e-03 7.9702464e-04 3.8927172e-03 ... 8.4736230e-17 6.0584257e-17
 6.3011330e-17]","[1.9314397e-03 6.9421512e-04 1.3133087e-03 ... 6.2850956e-17 1.3635543e-16
 1.8553061e-17]","[2.5319497e-03 1.1395593e-03 2.5091234e-03 ... 2.7703534e-17 9.8986004e-17
 9.7551593e-17]",0.8173076923076923,0.7976989453499521
414,2019-01-29 09:55:32.414997,2019-01-29 09:55:41.102004,2019-01-29 09:56:06.102995,ID_32,SF,0.6606268235732258,0.8125,0.7693804707196773,0.4,protB_SF,4,2019-01-29 09:54:31,0 days 00:01:01.414997,0 days 00:01:10.102004,0 days 00:01:35.102995,61.414997,70.102004,95.102995,"{'CZ': array([0.06827164, 0.39569855, 0.731781  , ..., 1.0447726 , 0.7325802 ,
       0.33042145], shape=(8687,), dtype=float32), 'C3': array([2.5428905, 2.7432556, 2.9785976, ..., 1.8850746, 1.1860828,
       0.5014019], shape=(8687,), dtype=float32), 'C4': array([ 2.0703793,  2.191184 ,  2.220562 , ..., -2.6020432, -2.911209 ,
       -3.191372 ], shape=(8687,), dtype=float32)}",61415.0,70102.0,8687.0,ok,0.6945602103769488,1.3182286347728223,0.5170519070816226,1.0196666307820124,0.6401923562293632,0.7004417930147611,0.953487258811947,0.8761183707974851,1.2949223200848792,1.0628072710687775,0.7864274011808448,0.872656142746564,0.831866778753465,1.1247271522734081,0.8291168369396473,"{'CZ': (array([0.00000000e+00, 4.88281250e-01, 9.76562500e-01, ...,
       4.99023438e+02, 4.99511719e+02, 5.00000000e+02], shape=(1025,)), array([1.2780327e-03, 6.3427258e-04, 9.4902614e-04, ..., 7.6209546e-17,
       6.0166676e-17, 2.0174338e-17], shape=(1025,), dtype=float32)), 'C3': (array([0.00000000e+00, 4.88281250e-01, 9.76562500e-01, ...,
       4.99023438e+02, 4.99511719e+02, 5.00000000e+02], shape=(1025,)), array([2.6963328e-03, 1.1274142e-03, 2.1427942e-03, ..., 6.6507644e-17,
       7.1136216e-17, 2.5207348e-17], shape=(1025,), dtype=float32)), 'C4': (array([0.00000000e+00, 4.88281250e-01, 9.76562500e-01, ...,
       4.99023438e+02, 4.99511719e+02, 5.00000000e+02], shape=(1025,)), array([2.8933678e-03, 1.4192808e-03, 2.1327429e-03, ..., 1.0113768e-16,
       6.8147864e-17, 2.9098417e-17], shape=(1025,), dtype=float32))}",0.002933231545255898,0.018789411102520283,0.015924823149690508,0.033163282142022334,0.08263572522096099,0.002366693876913792,0.00813959171651157,0.01832879377951219,0.02848302700017978,0.10766371119009871,0.002887842821772799,0.009498926542973372,0.021731183086007386,0.02831126839513502,0.08430318595888016,"[1.2780327e-03 6.3427258e-04 9.4902614e-04 ... 7.6209546e-17 6.0166676e-17
 2.0174338e-17]","[2.6963328e-03 1.1274142e-03 2.1427942e-03 ... 6.6507644e-17 7.1136216e-17
 2.5207348e-17]","[2.8933678e-03 1.4192808e-03 2.1327429e-03 ... 1.0113768e-16 6.8147864e-17
 2.9098417e-17]",0.7211538461538461,0.5541706615532119
415,2019-01-29 09:57:48.230997,2019-01-29 09:57:56.044996,2019-01-29 09:58:21.045997,ID_32,SF,0.840237837484945,0.828125,0.819861239727562,0.8727272727272728,protB_SF,4,2019-01-29 09:54:31,0 days 00:03:17.230997,0 days 00:03:25.044996,0 days 00:03:50.045997,197.230997,205.044996,230.045997,"{'CZ': array([0.7800131, 0.7433109, 0.6346016, ..., 2.507114 , 1.9055295,
       1.2311013], shape=(7814,), dtype=float32), 'C3': array([-0.12866974, -0.33440018, -0.50380325, ..., -1.0687644 ,
       -1.0739076 , -0.95752406], shape=(7814,), dtype=float32), 'C4': array([-5.7188935, -5.350587 , -4.908742 , ..., -1.4552345, -1.7101135,
       -1.9303608], shape=(7814,), dtype=float32)}",197231.0,205045.0,7814.0,ok,0.7460549813913531,0.9402116775163449,1.2310356687521562,1.1283695766906021,0.87588693725138,0.6991805821598973,1.0811121028382331,1.2484220642363653,1.9721813332580496,1.0614653990614897,0.44947527021577116,0.931366033910308,0.47740511945448816,1.5706661706644809,1.2448069812762697,"{'CZ': (array([0.00000000e+00, 4.88281250e-01, 9.76562500e-01, ...,
       4.99023438e+02, 4.99511719e+02, 5.00000000e+02], shape=(1025,)), array([5.3845305e-04, 2.1716380e-04, 3.1675089e-03, ..., 5.7959811e-17,
       5.5477227e-17, 1.2693550e-17], shape=(1025,), dtype=float32)), 'C3': (array([0.00000000e+00, 4.88281250e-01, 9.76562500e-01, ...,
       4.99023438e+02, 4.99511719e+02, 5.00000000e+02], shape=(1025,)), array([1.6343235e-03, 6.8699126e-04, 2.0452002e-03, ..., 5.9663697e-17,
       4.1119886e-17, 2.4474249e-17], shape=(1025,), dtype=float32)), 'C4': (array([0.00000000e+00, 4.88281250e-01, 9.76562500e-01, ...,
       4.99023438e+02, 4.99511719e+02, 5.00000000e+02], shape=(1025,)), array([1.0895451e-03, 6.0203316e-04, 1.3588736e-03, ..., 4.7252325e-17,
       8.5216246e-17, 1.5691151e-17], shape=(1025,), dtype=float32))}",0.0031507016572757105,0.01340133514493813,0.03791500436868972,0.03669869887138104,0.1130590697734019,0.0023624324235889467,0.009229080971514108,0.02611755594663869,0.043379972136674216,0.1075277778706913,0.0016505197182956702,0.010137988042907518,0.012471441728456566,0.03953630125044898,0.12656985089434922,"[5.3845305e-04 2.1716380e-04 3.1675089e-03 ... 5.7959811e-17 5.5477227e-17
 1.2693550e-17]","[1.6343235e-03 6.8699126e-04 2.0452002e-03 ... 5.9663697e-17 4.1119886e-17
 2.4474249e-17]","[1.0895451e-03 6.0203316e-04 1.3588736e-03 ... 4.7252325e-17 8.5216246e-17
 1.5691151e-17]",0.7942307692307692,0.5819750719079578
416,2019-01-29 10:00:02.536998,2019-01-29 10:00:10.285004,2019-01-29 10:00:35.284999,ID_32,SF,0.7576262541783444,0.84,0.7185930482493189,0.7142857142857143,protB_SF,4,2019-01-29 09:54:31,0 days 00:05:31.536998,0 days 00:05:39.285004,0 days 00:06:04.284999,331.536998,339.285004,364.284999,"{'CZ': array([-0.9449234, -1.2865887, -1.534586 , ...,  3.633294 ,  3.5326328,
        3.3382125], shape=(7748,), dtype=float32), 'C3': array([-2.7324333, -2.9459457, -3.0511494, ..., -1.9623227, -2.195844 ,
       -2.4580498], shape=(7748,), dtype=float32), 'C4': array([ 1.7790558,  1.3958458,  1.0070591, ..., -1.3305969, -0.9416199,
       -0.5319481], shape=(7748,), dtype=float32)}",331537.0,339285.0,7748.0,ok,0.7840717953513376,1.467824899009429,1.777775862137787,0.9899479591695126,0.6722323788608264,0.6234274251255556,0.7869893961469643,1.7022012325469404,1.7853495046438184,1.132256724531544,1.0343148933316115,0.8113590556604322,1.0635206090228166,1.5250923297571717,1.0170225571073388,"{'CZ': (array([0.00000000e+00, 4.88281250e-01, 9.76562500e-01, ...,
       4.99023438e+02, 4.99511719e+02, 5.00000000e+02], shape=(1025,)), array([6.9971108e-03, 3.4647156e-03, 7.6152151e-04, ..., 5.0657014e-17,
       3.4216842e-17, 1.2856998e-17], shape=(1025,), dtype=float32)), 'C3': (array([0.00000000e+00, 4.88281250e-01, 9.76562500e-01, ...,
       4.99023438e+02, 4.99511719e+02, 5.00000000e+02], shape=(1025,)), array([1.0331705e-03, 4.9830100e-04, 2.0678951e-03, ..., 3.8401380e-17,
       3.9074937e-17, 1.6764370e-17], shape=(1025,), dtype=float32)), 'C4': (array([0.00000000e+00, 4.88281250e-01, 9.76562500e-01, ...,
       4.99023438e+02, 4.99511719e+02, 5.00000000e+02], shape=(1025,)), array([1.7324180e-03, 5.7496055e-04, 1.6725250e-03, ..., 1.3866068e-16,
       5.1327096e-17, 5.5030053e-17], shape=(1025,), dtype=float32))}",0.0033112523428628277,0.02092168590978637,0.054754205170862366,0.032196722423562606,0.0867714361217303,0.0021064732065662023,0.006718256914981663,0.035610822010483864,0.03927043140486932,0.11469902803772086,0.003798111352269024,0.008831703224408472,0.027782767217906092,0.038389131255383034,0.10340911912085174,"[6.9971108e-03 3.4647156e-03 7.6152151e-04 ... 5.0657014e-17 3.4216842e-17
 1.2856998e-17]","[1.0331705e-03 4.9830100e-04 2.0678951e-03 ... 3.8401380e-17 3.9074937e-17
 1.6764370e-17]","[1.7324180e-03 5.7496055e-04 1.6725250e-03 ... 1.3866068e-16 5.1327096e-17
 5.5030053e-17]",0.8211538461538461,0.8312559923298178
417,2019-01-29 10:02:16.733001,2019-01-29 10:02:24.313004,2019-01-29 10:02:49.312999,ID_32,SF,0.6260610634014285,0.1875,0.6906831902042856,1.0,protB_SF,6,2019-01-29 09:54:31,0 days 00:07:45.733001,0 days 00:07:53.313004,0 days 00:08:18.312999,465.733001,473.313004,498.312999,"{'CZ': array([1.8647308, 1.9819641, 2.0327454, ..., 1.6114635, 1.4071217,
       1.0946369], shape=(7580,), dtype=float32), 'C3': array([ 0.715168  ,  0.7743645 ,  0.63801956, ..., -2.2880402 ,
       -2.018982  , -1.7597351 ], shape=(7580,), dtype=float32), 'C4': array([1.5820885, 1.8420296, 1.9274693, ..., 3.6642303, 3.5599136,
       3.3391647], shape=(7580,), dtype=float32)}",465733.0,473313.0,7580.0,ok,0.6586984927707817,1.083288065274246,1.163641041785013,1.1608964232436847,0.6332803272925958,0.8319739672515425,0.9415673121111467,2.36395861429628,1.429932637620368,0.8638951372859083,0.88650236648391,0.8585891482653096,1.259507811482763,1.305313540797215,0.7282818917246914,"{'CZ': (array([0.00000000e+00, 4.88281250e-01, 9.76562500e-01, ...,
       4.99023438e+02, 4.99511719e+02, 5.00000000e+02], shape=(1025,)), array([5.2085831e-03, 2.3491033e-03, 2.1444836e-03, ..., 2.9112512e-17,
       1.3319593e-16, 9.6712758e-18], shape=(1025,), dtype=float32)), 'C3': (array([0.00000000e+00, 4.88281250e-01, 9.76562500e-01, ...,
       4.99023438e+02, 4.99511719e+02, 5.00000000e+02], shape=(1025,)), array([2.1172923e-03, 9.8603056e-04, 4.7637519e-04, ..., 6.9281002e-17,
       5.6672261e-17, 7.3028004e-18], shape=(1025,), dtype=float32)), 'C4': (array([0.00000000e+00, 4.88281250e-01, 9.76562500e-01, ...,
       4.99023438e+02, 4.99511719e+02, 5.00000000e+02], shape=(1025,)), array([2.1609713e-03, 9.2348503e-04, 2.2945106e-03, ..., 7.7616931e-17,
       8.8042616e-17, 3.0555800e-17], shape=(1025,), dtype=float32))}",0.002781782153571944,0.015440678698653376,0.035839298813808755,0.037756590692949094,0.08174352380933805,0.002811122513936581,0.008037835244644307,0.049455086651474064,0.03145270514999661,0.08751366225199803,0.0032553284533208293,0.009345806269463014,0.03290261800165005,0.03285693060634018,0.07405046069884699,"[5.2085831e-03 2.3491033e-03 2.1444836e-03 ... 2.9112512e-17 1.3319593e-16
 9.6712758e-18]","[2.1172923e-03 9.8603056e-04 4.7637519e-04 ... 6.9281002e-17 5.6672261e-17
 7.3028004e-18]","[2.1609713e-03 9.2348503e-04 2.2945106e-03 ... 7.7616931e-17 8.8042616e-17
 3.0555800e-17]",0.5923076923076923,0.7190795781399808
418,2019-01-29 10:04:30.608004,2019-01-29 10:04:38.163998,2019-01-29 10:05:03.164003,ID_32,SF,0.960246285732856,1.0,0.8807388571985678,1.0,protB_SF,6,2019-01-29 09:54:31,0 days 00:09:59.608004,0 days 00:10:07.163998,0 days 00:10:32.164003,599.608004,607.163998,632.164003,"{'CZ': array([ 4.2967176,  4.473835 ,  4.5226297, ..., -1.6280235, -1.4985092,
       -1.3179202], shape=(7556,), dtype=float32), 'C3': array([-0.19558525,  0.20566559,  0.6128006 , ..., -1.1904488 ,
       -1.3423481 , -1.4889851 ], shape=(7556,), dtype=float32), 'C4': array([0.00707245, 0.21979713, 0.40030098, ..., 3.3766594 , 3.0597916 ,
       2.7692223 ], shape=(7556,), dtype=float32)}",599608.0,607164.0,7556.0,ok,1.2134953467466403,1.0117938873008825,0.9054765178007074,1.0373254572186852,0.6746010192273388,1.1492873472889187,1.4654021506430581,1.4081820409046486,1.5381570810859557,0.9975128355108609,0.8557973469578428,1.348659789073281,0.6208669947227463,1.3682317849088577,0.9342539490262425,"{'CZ': (array([0.00000000e+00, 4.88281250e-01, 9.76562500e-01, ...,
       4.99023438e+02, 4.99511719e+02, 5.00000000e+02], shape=(1025,)), array([3.8918862e-03, 1.7975861e-03, 1.2206292e-03, ..., 5.9631311e-17,
       7.1740547e-17, 3.7217145e-17], shape=(1025,), dtype=float32)), 'C3': (array([0.00000000e+00, 4.88281250e-01, 9.76562500e-01, ...,
       4.99023438e+02, 4.99511719e+02, 5.00000000e+02], shape=(1025,)), array([7.6598120e-03, 2.8608262e-03, 2.0401524e-03, ..., 3.3066145e-17,
       1.1259049e-16, 7.3422748e-17], shape=(1025,), dtype=float32)), 'C4': (array([0.00000000e+00, 4.88281250e-01, 9.76562500e-01, ...,
       4.99023438e+02, 4.99511719e+02, 5.00000000e+02], shape=(1025,)), array([6.1551700e-03, 2.2164721e-03, 4.6890848e-03, ..., 5.3216688e-17,
       7.5961226e-17, 4.1855408e-17], shape=(1025,), dtype=float32))}",0.005124772162181177,0.014421634303816828,0.02788801900676011,0.0337376116588834,0.08707717909502545,0.003883279602629104,0.012509632505833989,0.029459807135718597,0.03383320295862787,0.10104930287394304,0.0031425764432845508,0.01468026137712018,0.016219152728513722,0.03444068831361595,0.09499334820927122,"[3.8918862e-03 1.7975861e-03 1.2206292e-03 ... 5.9631311e-17 7.1740547e-17
 3.7217145e-17]","[7.6598120e-03 2.8608262e-03 2.0401524e-03 ... 3.3066145e-17 1.1259049e-16
 7.3422748e-17]","[6.1551700e-03 2.2164721e-03 4.6890848e-03 ... 5.3216688e-17 7.5961226e-17
 4.1855408e-17]",0.7769230769230769,0.6778523489932886
419,2019-01-29 10:06:44.465998,2019-01-29 10:06:52.027001,2019-01-29 10:07:17.026997,ID_32,SF,0.8033446358058205,0.7222222222222222,0.9378116851952388,0.75,protB_SF,6,2019-01-29 09:54:31,0 days 00:12:13.465998,0 days 00:12:21.027001,0 days 00:12:46.026997,733.465998,741.027001,766.026997,"{'CZ': array([0.69540024, 0.9498863 , 1.1611557 , ..., 1.6181297 , 1.3548889 ,
       1.1220512 ], shape=(7561,), dtype=float32), 'C3': array([1.9445295, 2.188531 , 2.3750467, ..., 1.4771124, 1.0672948,
       0.7671628], shape=(7561,), dtype=float32), 'C4': array([-4.6685066, -4.555027 , -4.36718  , ..., -3.5716095, -3.6009293,
       -3.4771156], shape=(7561,), dtype=float32)}",733466.0,741027.0,7561.0,ok,0.6323651041384437,0.8801976873655804,2.7740668156184256,1.2050731311319396,0.8281113850898691,1.0070993303088471,0.972422247286886,1.6053209692472592,2.5546504148223903,1.4375925459262362,1.6269313782686368,0.9680731091066264,2.322214932064526,1.7448579092160799,1.3468108948018198,"{'CZ': (array([0.00000000e+00, 4.88281250e-01, 9.76562500e-01, ...,
       4.99023438e+02, 4.99511719e+02, 5.00000000e+02], shape=(1025,)), array([4.3530734e-03, 1.6017277e-03, 1.9259894e-03, ..., 8.7687345e-17,
       2.7203259e-17, 5.0774199e-17], shape=(1025,), dtype=float32)), 'C3': (array([0.00000000e+00, 4.88281250e-01, 9.76562500e-01, ...,
       4.99023438e+02, 4.99511719e+02, 5.00000000e+02], shape=(1025,)), array([9.3453825e-03, 3.3223450e-03, 3.2928744e-03, ..., 7.8591456e-17,
       7.0232399e-17, 4.3471398e-17], shape=(1025,), dtype=float32)), 'C4': (array([0.00000000e+00, 4.88281250e-01, 9.76562500e-01, ...,
       4.99023438e+02, 4.99511719e+02, 5.00000000e+02], shape=(1025,)), array([4.8463908e-03, 2.1592313e-03, 3.8478998e-03, ..., 1.1955906e-16,
       7.5937159e-17, 7.3028004e-18], shape=(1025,), dtype=float32))}",0.002670572318807674,0.012545923949110442,0.08543924282862138,0.039193378544563215,0.10689222419600194,0.0034028463781796345,0.008301233179382186,0.03358404295127024,0.05619192411220242,0.14562993017350645,0.005974260427847929,0.010537547266543776,0.0606641341410152,0.04392099939913446,0.1369414348585812,"[4.3530734e-03 1.6017277e-03 1.9259894e-03 ... 8.7687345e-17 2.7203259e-17
 5.0774199e-17]","[9.3453825e-03 3.3223450e-03 3.2928744e-03 ... 7.8591456e-17 7.0232399e-17
 4.3471398e-17]","[4.8463908e-03 2.1592313e-03 3.8478998e-03 ... 1.1955906e-16 7.5937159e-17
 7.3028004e-18]",0.8769230769230769,0.8926174496644296
420,2019-01-29 10:08:58.536997,2019-01-29 10:09:06.307997,2019-01-29 10:09:31.306996,ID_32,SF,0.733613379671778,0.875,0.8258401390153339,0.5,protB_SF,8,2019-01-29 09:54:31,0 days 00:14:27.536997,0 days 00:14:35.307997,0 days 00:15:00.306996,867.536997,875.307997,900.306996,"{'CZ': array([-3.234089 , -3.1005478, -2.941536 , ..., -5.384533 , -5.498081 ,
       -5.5481796], shape=(7771,), dtype=float32), 'C3': array([ 1.7376575,  2.268776 ,  2.6879997, ..., -3.2220535, -2.6148071,
       -1.8549919], shape=(7771,), dtype=float32), 'C4': array([-2.4284248, -2.3396225, -2.3367558, ..., -3.1992807, -3.5029812,
       -3.6521378], shape=(7771,), dtype=float32)}",867537.0,875308.0,7771.0,ok,1.2304928332014242,0.9732359976624139,0.7887804240453988,1.2871034177805996,0.9517329285699816,1.097953043426969,0.9964931814465672,1.4117273676674813,2.614083372463938,1.7308999676970416,0.5163054584045312,1.1402394156903028,0.6738136398780625,2.4614940703031607,1.8842174404198886,"{'CZ': (array([0.00000000e+00, 4.88281250e-01, 9.76562500e-01, ...,
       4.99023438e+02, 4.99511719e+02, 5.00000000e+02], shape=(1025,)), array([9.1044744e-03, 4.3033580e-03, 4.8066922e-03, ..., 7.1646381e-17,
       5.5383289e-17, 1.5321079e-16], shape=(1025,), dtype=float32)), 'C3': (array([0.00000000e+00, 4.88281250e-01, 9.76562500e-01, ...,
       4.99023438e+02, 4.99511719e+02, 5.00000000e+02], shape=(1025,)), array([5.8216029e-03, 2.6068892e-03, 9.8315638e-04, ..., 1.4190538e-16,
       8.6468809e-17, 3.9869341e-17], shape=(1025,), dtype=float32)), 'C4': (array([0.00000000e+00, 4.88281250e-01, 9.76562500e-01, ...,
       4.99023438e+02, 4.99511719e+02, 5.00000000e+02], shape=(1025,)), array([3.4577884e-03, 1.2963905e-03, 2.0273018e-03, ..., 7.3280890e-17,
       5.5566665e-17, 1.8355687e-17], shape=(1025,), dtype=float32))}",0.005196555087137638,0.013872048275602802,0.02429386408757203,0.041861302999670794,0.1228492343024358,0.0037098282411636586,0.008506718438345126,0.029533976979980392,0.05749920757696946,0.1753423403226095,0.0018959270870481425,0.012411590224937671,0.017602298767094782,0.06195993324827796,0.19158401589454838,"[9.1044744e-03 4.3033580e-03 4.8066922e-03 ... 7.1646381e-17 5.5383289e-17
 1.5321079e-16]","[5.8216029e-03 2.6068892e-03 9.8315638e-04 ... 1.4190538e-16 8.6468809e-17
 3.9869341e-17]","[3.4577884e-03 1.2963905e-03 2.0273018e-03 ... 7.3280890e-17 5.5566665e-17
 1.8355687e-17]",0.6826923076923077,0.8370086289549377
421,2019-01-29 10:11:12.849998,2019-01-29 10:11:20.428996,2019-01-29 10:11:45.429997,ID_32,SF,0.5663214237683324,0.875,0.823964271304997,0.0,protB_SF,8,2019-01-29 09:54:31,0 days 00:16:41.849998,0 days 00:16:49.428996,0 days 00:17:14.429997,1001.849998,1009.428996,1034.429997,"{'CZ': array([-1.1492567, -1.2475643, -1.3645277, ..., -3.3082886, -3.0405235,
       -2.653511 ], shape=(7579,), dtype=float32), 'C3': array([-3.7336254, -4.4413586, -4.956437 , ..., -5.1991158, -5.2960205,
       -5.3443108], shape=(7579,), dtype=float32), 'C4': array([-0.10339928,  0.1604805 ,  0.44703102, ...,  1.7400398 ,
        1.8660965 ,  1.96698   ], shape=(7579,), dtype=float32)}",1001850.0,1009429.0,7579.0,ok,0.9504635727353161,1.1157127446494997,1.0863955176318996,1.5275494315574178,0.8924967374923654,0.7571519827251905,2.008725547057111,2.0053428306709975,2.5754954149306286,1.5205589204470016,1.35889031298575,1.2205125240143389,1.2446282016753685,1.8782492807076778,1.2300116584356147,"{'CZ': (array([0.00000000e+00, 4.88281250e-01, 9.76562500e-01, ...,
       4.99023438e+02, 4.99511719e+02, 5.00000000e+02], shape=(1025,)), array([1.5393747e-03, 7.2725490e-04, 3.8123382e-03, ..., 7.4250782e-17,
       7.0687381e-17, 2.0230727e-17], shape=(1025,), dtype=float32)), 'C3': (array([0.00000000e+00, 4.88281250e-01, 9.76562500e-01, ...,
       4.99023438e+02, 4.99511719e+02, 5.00000000e+02], shape=(1025,)), array([3.2228443e-03, 1.3406980e-03, 7.7335181e-04, ..., 1.6547143e-16,
       1.4980917e-16, 5.0724859e-17], shape=(1025,), dtype=float32)), 'C4': (array([0.00000000e+00, 4.88281250e-01, 9.76562500e-01, ...,
       4.99023438e+02, 4.99511719e+02, 5.00000000e+02], shape=(1025,)), array([3.8577784e-03, 1.7837714e-03, 3.0652471e-03, ..., 1.2041948e-16,
       5.0314693e-17, 4.0264085e-17], shape=(1025,), dtype=float32))}",0.004013949679972021,0.01590284483173396,0.033460192781328175,0.04968148535543714,0.11520305489808115,0.002558309597284527,0.017147796860907952,0.041952681767345325,0.056650429376721136,0.15403452809831233,0.0049899858906748305,0.013285368935697985,0.03251391210158108,0.0472786838937787,0.12506548770066317,"[1.5393747e-03 7.2725490e-04 3.8123382e-03 ... 7.4250782e-17 7.0687381e-17
 2.0230727e-17]","[3.2228443e-03 1.3406980e-03 7.7335181e-04 ... 1.6547143e-16 1.4980917e-16
 5.0724859e-17]","[3.8577784e-03 1.7837714e-03 3.0652471e-03 ... 1.2041948e-16 5.0314693e-17
 4.0264085e-17]",0.8365384615384616,0.9069990412272292
422,2019-01-29 10:13:26.794001,2019-01-29 10:13:34.422002,2019-01-29 10:13:59.421998,ID_32,SF,0.6459450056110759,0.8125,0.7920016834998942,0.3333333333333333,protB_SF,8,2019-01-29 09:54:31,0 days 00:18:55.794001,0 days 00:19:03.422002,0 days 00:19:28.421998,1135.794001,1143.422002,1168.421998,"{'CZ': array([-0.87662506, -1.4293633 , -2.0486603 , ...,  6.0301995 ,
        6.197447  ,  6.246929  ], shape=(7628,), dtype=float32), 'C3': array([-0.4938903 ,  0.06470084,  0.42062426, ...,  3.594037  ,
        3.7678986 ,  3.9130564 ], shape=(7628,), dtype=float32), 'C4': array([3.0396657, 2.736394 , 2.3571482, ..., 0.5838165, 0.6714859,
       0.6622772], shape=(7628,), dtype=float32)}",1135794.0,1143422.0,7628.0,ok,0.8465950922982302,0.889624745468609,2.5552032311679795,1.0500300168132526,1.014916281292244,1.000611409835983,1.2994794233236462,4.736077717097942,1.9761371349886758,1.3406813657184102,0.8948266613515443,1.172706310171634,1.6384793343604542,1.6032003695727326,0.9809150537876121,"{'CZ': (array([0.00000000e+00, 4.88281250e-01, 9.76562500e-01, ...,
       4.99023438e+02, 4.99511719e+02, 5.00000000e+02], shape=(1025,)), array([7.7976054e-04, 4.8283706e-04, 2.7219730e-03, ..., 6.6836968e-17,
       5.3400570e-17, 3.8931818e-17], shape=(1025,), dtype=float32)), 'C3': (array([0.00000000e+00, 4.88281250e-01, 9.76562500e-01, ...,
       4.99023438e+02, 4.99511719e+02, 5.00000000e+02], shape=(1025,)), array([4.4040778e-03, 2.0112977e-03, 2.0277309e-03, ..., 8.0034747e-17,
       1.4096478e-16, 4.0145667e-16], shape=(1025,), dtype=float32)), 'C4': (array([0.00000000e+00, 4.88281250e-01, 9.76562500e-01, ...,
       4.99023438e+02, 4.99511719e+02, 5.00000000e+02], shape=(1025,)), array([8.6795847e-04, 3.6395327e-04, 2.5047206e-03, ..., 1.4875139e-16,
       6.7080106e-17, 3.8836219e-17], shape=(1025,), dtype=float32))}",0.0035752975677087705,0.012680292802519302,0.07869840341086733,0.03415081032755185,0.13100491145679616,0.003380924611360236,0.011093207436292019,0.09908089442459186,0.04346698369385658,0.1358127059212725,0.0032858961257388073,0.012764994768434016,0.04280264016671219,0.04035524159118001,0.09973776976301042,"[7.7976054e-04 4.8283706e-04 2.7219730e-03 ... 6.6836968e-17 5.3400570e-17
 3.8931818e-17]","[4.4040778e-03 2.0112977e-03 2.0277309e-03 ... 8.0034747e-17 1.4096478e-16
 4.0145667e-16]","[8.6795847e-04 3.6395327e-04 2.5047206e-03 ... 1.4875139e-16 6.7080106e-17
 3.8836219e-17]",0.8365384615384616,0.700862895493768
423,2019-01-29 09:56:18.122001,2019-01-29 09:56:26.430998,2019-01-29 09:56:51.431999,ID_32,SF,0.5652892457160901,0.75,0.7458677371482704,0.1999999999999999,protB_SF,4,2019-01-29 09:54:31,0 days 00:01:47.122001,0 days 00:01:55.430998,0 days 00:02:20.431999,107.122001,115.430998,140.431999,"{'CZ': array([-2.4594924, -2.1922252, -1.8277605, ...,  3.0072403,  2.9796715,
        2.9014168], shape=(8309,), dtype=float32), 'C3': array([-0.780674  , -0.35067272,  0.2301054 , ...,  2.7148209 ,
        2.9662132 ,  3.1272984 ], shape=(8309,), dtype=float32), 'C4': array([0.6238518, 0.5169945, 0.3222885, ..., 1.2667294, 1.330555 ,
       1.313221 ], shape=(8309,), dtype=float32)}",107122.0,115431.0,8309.0,ok,0.9927053106366657,0.9542737097945064,1.019311326672323,1.358680513476429,0.7691021535265463,0.8393639491259819,0.6975224532652646,0.8430890520685352,1.7302096839557635,1.012524220072919,1.100779555599729,0.7001352387305815,0.9098624504986219,1.2211834091431228,1.0556183244716522,"{'CZ': (array([0.00000000e+00, 4.88281250e-01, 9.76562500e-01, ...,
       4.99023438e+02, 4.99511719e+02, 5.00000000e+02], shape=(1025,)), array([1.0784587e-03, 3.6295279e-04, 3.1620073e-03, ..., 3.6161550e-17,
       7.6139904e-17, 6.5133075e-17], shape=(1025,), dtype=float32)), 'C3': (array([0.00000000e+00, 4.88281250e-01, 9.76562500e-01, ...,
       4.99023438e+02, 4.99511719e+02, 5.00000000e+02], shape=(1025,)), array([4.89610014e-03, 2.09428859e-03, 1.31605403e-03, ...,
       1.10242834e-16, 4.19601957e-17, 9.73824101e-18],
      shape=(1025,), dtype=float32)), 'C4': (array([0.00000000e+00, 4.88281250e-01, 9.76562500e-01, ...,
       4.99023438e+02, 4.99511719e+02, 5.00000000e+02], shape=(1025,)), array([4.3489197e-03, 1.7324450e-03, 2.6674478e-03, ..., 6.6936203e-17,
       6.8464250e-17, 3.5738606e-17], shape=(1025,), dtype=float32))}",0.004192342850625181,0.013601768740781554,0.0313940484299784,0.0441892515152036,0.09927534061793597,0.0028360922188102175,0.0059545084952189594,0.017637805447524985,0.038057579500872483,0.10256997498077541,0.004042176472004595,0.007621023765348502,0.02376869469952556,0.030739234120963566,0.10733347092312522,"[1.0784587e-03 3.6295279e-04 3.1620073e-03 ... 3.6161550e-17 7.6139904e-17
 6.5133075e-17]","[4.89610014e-03 2.09428859e-03 1.31605403e-03 ... 1.10242834e-16
 4.19601957e-17 9.73824101e-18]","[4.3489197e-03 1.7324450e-03 2.6674478e-03 ... 6.6936203e-17 6.8464250e-17
 3.5738606e-17]",0.6346153846153846,0.6251198465963567
424,2019-01-29 09:58:33.063001,2019-01-29 09:58:40.660998,2019-01-29 09:59:05.661004,ID_32,SF,0.6938475528507589,0.7346938775510204,0.6218487810012564,0.725,protB_SF,4,2019-01-29 09:54:31,0 days 00:04:02.063001,0 days 00:04:09.660998,0 days 00:04:34.661004,242.063001,249.660998,274.661004,"{'CZ': array([-2.1757202 , -2.708538  , -3.143528  , ...,  1.5403228 ,
        1.2258635 ,  0.79955685], shape=(7598,), dtype=float32), 'C3': array([-0.16182613, -0.08541298, -0.09652805, ..., -3.1467247 ,
       -3.2155838 , -3.2166557 ], shape=(7598,), dtype=float32), 'C4': array([1.7930136, 1.5599451, 1.3700871, ..., 2.3692746, 1.8108883,
       1.1179724], shape=(7598,), dtype=float32)}",242063.0,249661.0,7598.0,ok,0.8253555879491614,0.9536036450299434,0.6473978137364611,1.1705506385624176,0.7415430187052152,1.097088925234857,1.0191423207288608,0.8537948233424686,1.7983030593313742,1.791679073448904,1.0829529633156199,1.0546934208832681,0.9984666830860078,1.8059459689538926,1.474462432497603,"{'CZ': (array([0.00000000e+00, 4.88281250e-01, 9.76562500e-01, ...,
       4.99023438e+02, 4.99511719e+02, 5.00000000e+02], shape=(1025,)), array([1.6168676e-03, 7.2394934e-04, 2.1609664e-03, ..., 8.0178147e-17,
       4.3453998e-17, 1.8762767e-17], shape=(1025,), dtype=float32)), 'C3': (array([0.00000000e+00, 4.88281250e-01, 9.76562500e-01, ...,
       4.99023438e+02, 4.99511719e+02, 5.00000000e+02], shape=(1025,)), array([6.4740103e-04, 2.5063171e-04, 4.6941661e-03, ..., 5.6208120e-17,
       9.4170522e-17, 3.2467855e-17], shape=(1025,), dtype=float32)), 'C4': (array([0.00000000e+00, 4.88281250e-01, 9.76562500e-01, ...,
       4.99023438e+02, 4.99511719e+02, 5.00000000e+02], shape=(1025,)), array([2.0081946e-03, 8.1061735e-04, 1.6694650e-03, ..., 8.7763128e-17,
       9.0267686e-17, 3.4046837e-17], shape=(1025,), dtype=float32))}",0.003485599967369015,0.01359221795270536,0.01993938239090938,0.038070581027446385,0.09571802058706853,0.0037069085078544864,0.008700066325046812,0.017861775039387254,0.03955535694997057,0.18149934005924145,0.00397671537987195,0.01148041575550682,0.02608333792092809,0.04545868829681908,0.14992082550758323,"[1.6168676e-03 7.2394934e-04 2.1609664e-03 ... 8.0178147e-17 4.3453998e-17
 1.8762767e-17]","[6.4740103e-04 2.5063171e-04 4.6941661e-03 ... 5.6208120e-17 9.4170522e-17
 3.2467855e-17]","[2.0081946e-03 8.1061735e-04 1.6694650e-03 ... 8.7763128e-17 9.0267686e-17
 3.4046837e-17]",0.7269230769230769,0.6807286673058485
425,2019-01-29 10:00:47.298996,2019-01-29 10:00:55.031995,2019-01-29 10:01:20.032996,ID_32,SF,0.7906777980336891,0.8055555555555556,0.8064778385455118,0.76,protB_SF,4,2019-01-29 09:54:31,0 days 00:06:16.298996,0 days 00:06:24.031995,0 days 00:06:49.032996,376.298996,384.031995,409.032996,"{'CZ': array([ 1.3935986,  1.3864403,  1.349844 , ..., -3.349945 , -2.6630173,
       -1.9271011], shape=(7733,), dtype=float32), 'C3': array([-2.4006538, -1.882328 , -1.3690186, ..., -3.7330875, -3.333271 ,
       -2.8739128], shape=(7733,), dtype=float32), 'C4': array([-0.03926849,  0.45496368,  0.9095192 , ...,  3.5108256 ,
        3.341775  ,  3.1398106 ], shape=(7733,), dtype=float32)}",376299.0,384032.0,7733.0,ok,0.6984351011851686,0.890004237589892,2.0535093353828415,1.2435321950761136,0.6812041356170084,1.0613277158881829,1.269876753212884,1.5278795835911296,1.8494546411602641,0.977506134631767,1.229657318617683,1.009387313388288,1.9841952889692038,1.3727017067139968,0.8719181909100371,"{'CZ': (array([0.00000000e+00, 4.88281250e-01, 9.76562500e-01, ...,
       4.99023438e+02, 4.99511719e+02, 5.00000000e+02], shape=(1025,)), array([4.55887942e-03, 1.99525827e-03, 1.91972579e-03, ...,
       4.10894525e-17, 5.48808661e-17, 1.22864685e-17],
      shape=(1025,), dtype=float32)), 'C3': (array([0.00000000e+00, 4.88281250e-01, 9.76562500e-01, ...,
       4.99023438e+02, 4.99511719e+02, 5.00000000e+02], shape=(1025,)), array([1.0340890e-03, 4.4777067e-04, 1.6903993e-03, ..., 6.8744393e-17,
       1.4131019e-16, 3.3874141e-17], shape=(1025,), dtype=float32)), 'C4': (array([0.00000000e+00, 4.88281250e-01, 9.76562500e-01, ...,
       4.99023438e+02, 4.99511719e+02, 5.00000000e+02], shape=(1025,)), array([6.0083591e-03, 2.2426348e-03, 1.9081973e-03, ..., 2.4366311e-17,
       6.5071208e-17, 4.7369519e-18], shape=(1025,), dtype=float32))}",0.002949595788100912,0.012685701904771267,0.06324659585299217,0.04044420773715978,0.0879295062218168,0.003586076432961402,0.010840499656305095,0.03196393403105794,0.04068048381181868,0.09902259895127664,0.0045154289581955595,0.010987255430423478,0.05183391404041388,0.03455320374073512,0.08865515463482236,"[4.55887942e-03 1.99525827e-03 1.91972579e-03 ... 4.10894525e-17
 5.48808661e-17 1.22864685e-17]","[1.0340890e-03 4.4777067e-04 1.6903993e-03 ... 6.8744393e-17 1.4131019e-16
 3.3874141e-17]","[6.0083591e-03 2.2426348e-03 1.9081973e-03 ... 2.4366311e-17 6.5071208e-17
 4.7369519e-18]",0.7923076923076923,0.7018216682646213
426,2019-01-29 10:03:01.326995,2019-01-29 10:03:08.887003,2019-01-29 10:03:33.886002,ID_32,SF,0.5596566170104812,0.875,0.8039698510314434,0.0,protB_SF,6,2019-01-29 09:54:31,0 days 00:08:30.326995,0 days 00:08:37.887003,0 days 00:09:02.886002,510.326995,517.887003,542.886002,"{'CZ': array([-1.8624916, -1.7532158, -1.5704422, ..., -1.5031052, -1.3266354,
       -1.228836 ], shape=(7560,), dtype=float32), 'C3': array([-1.4666901, -1.3572712, -1.1714497, ..., -1.8535547, -1.9021378,
       -2.074294 ], shape=(7560,), dtype=float32), 'C4': array([-0.12966156,  0.34558868,  0.75170135, ..., -1.0791664 ,
       -1.2315216 , -1.4536438 ], shape=(7560,), dtype=float32)}",510327.0,517887.0,7560.0,ok,0.42647431746445363,0.9011270885821432,0.7926804391900077,1.0426144017401384,0.8113435726500029,0.8201107034437882,0.7883674334152602,1.3196582294767722,1.621205621631816,0.9093988242057094,0.9656937727413606,0.6055757694412023,1.0409029237052891,1.294433104703785,0.8577127217677116,"{'CZ': (array([0.00000000e+00, 4.88281250e-01, 9.76562500e-01, ...,
       4.99023438e+02, 4.99511719e+02, 5.00000000e+02], shape=(1025,)), array([1.0003938e-03, 4.5873059e-04, 3.0366995e-03, ..., 3.3584248e-17,
       7.0932094e-17, 1.5111369e-17], shape=(1025,), dtype=float32)), 'C3': (array([0.00000000e+00, 4.88281250e-01, 9.76562500e-01, ...,
       4.99023438e+02, 4.99511719e+02, 5.00000000e+02], shape=(1025,)), array([2.3825073e-03, 7.8767986e-04, 1.2573642e-03, ..., 5.4801841e-17,
       5.7411251e-17, 2.6562086e-17], shape=(1025,), dtype=float32)), 'C4': (array([0.00000000e+00, 4.88281250e-01, 9.76562500e-01, ...,
       4.99023438e+02, 4.99511719e+02, 5.00000000e+02], shape=(1025,)), array([3.3857820e-03, 1.3278014e-03, 3.7886240e-03, ..., 9.3430752e-17,
       4.6898160e-17, 3.2566541e-17], shape=(1025,), dtype=float32))}",0.001801064763772322,0.012844241792627291,0.024413981721040517,0.03390962744728273,0.10472784293175429,0.0027710382212886783,0.006730020743633177,0.027607848840675586,0.03565993324661782,0.0921232428786826,0.0035461274943553653,0.006591736960702451,0.027191916527422446,0.03258305178526382,0.08721076675921374,"[1.0003938e-03 4.5873059e-04 3.0366995e-03 ... 3.3584248e-17 7.0932094e-17
 1.5111369e-17]","[2.3825073e-03 7.8767986e-04 1.2573642e-03 ... 5.4801841e-17 5.7411251e-17
 2.6562086e-17]","[3.3857820e-03 1.3278014e-03 3.7886240e-03 ... 9.3430752e-17 4.6898160e-17
 3.2566541e-17]",0.7576923076923077,0.7468839884947267
427,2019-01-29 10:05:15.177999,2019-01-29 10:05:22.739998,2019-01-29 10:05:47.740999,ID_32,SF,0.5117419787388231,0.6875,0.8477259362164693,0.0,protB_SF,6,2019-01-29 09:54:31,0 days 00:10:44.177999,0 days 00:10:51.739998,0 days 00:11:16.740999,644.177999,651.739998,676.740999,"{'CZ': array([-0.23725104, -0.5004809 , -0.8944094 , ..., -1.601028  ,
       -1.6396222 , -1.6017978 ], shape=(7562,), dtype=float32), 'C3': array([-0.9431238 , -1.4978228 , -2.0106974 , ...,  1.987957  ,
        1.2226295 ,  0.33903122], shape=(7562,), dtype=float32), 'C4': array([-13.454914 , -15.151146 , -16.23138  , ...,  -3.8074493,
        -3.6575127,  -3.3568878], shape=(7562,), dtype=float32)}",644178.0,651740.0,7562.0,ok,0.7201992139016511,1.0840394534170628,1.9805521806119941,1.1127294255857123,0.8052023948721398,0.6701469101244584,0.5971347782178782,1.462151289160829,2.281418261190993,1.9423624739829393,1.1386650257918518,1.0429103422211483,1.1458925728220493,2.7833017957163975,2.28899005560379,"{'CZ': (array([0.00000000e+00, 4.88281250e-01, 9.76562500e-01, ...,
       4.99023438e+02, 4.99511719e+02, 5.00000000e+02], shape=(1025,)), array([2.3474614e-03, 1.1088656e-03, 7.5324578e-04, ..., 9.7907619e-17,
       6.7426483e-17, 2.7434845e-17], shape=(1025,), dtype=float32)), 'C3': (array([0.00000000e+00, 4.88281250e-01, 9.76562500e-01, ...,
       4.99023438e+02, 4.99511719e+02, 5.00000000e+02], shape=(1025,)), array([3.9526951e-03, 1.5963367e-03, 2.5115719e-03, ..., 2.4628449e-17,
       6.7197116e-17, 7.5051070e-17], shape=(1025,), dtype=float32)), 'C4': (array([0.00000000e+00, 4.88281250e-01, 9.76562500e-01, ...,
       4.99023438e+02, 4.99511719e+02, 5.00000000e+02], shape=(1025,)), array([2.6231182e-03, 9.9873694e-04, 5.0442214e-03, ..., 2.4576026e-16,
       3.3090437e-17, 3.2418509e-17], shape=(1025,), dtype=float32))}",0.003041508887959951,0.015451388631923316,0.060999568482397945,0.03619002404749518,0.10393514262153261,0.0022643317469647744,0.005097533553284556,0.03058886829308529,0.05018192745951499,0.19676375775552243,0.0041812958401491055,0.011352156074311797,0.029934602430219094,0.0700603733126851,0.23274060508511935,"[2.3474614e-03 1.1088656e-03 7.5324578e-04 ... 9.7907619e-17 6.7426483e-17
 2.7434845e-17]","[3.9526951e-03 1.5963367e-03 2.5115719e-03 ... 2.4628449e-17 6.7197116e-17
 7.5051070e-17]","[2.6231182e-03 9.9873694e-04 5.0442214e-03 ... 2.4576026e-16 3.3090437e-17
 3.2418509e-17]",0.8865384615384615,0.6768935762224353
428,2019-01-29 10:07:29.041999,2019-01-29 10:07:36.608997,2019-01-29 10:08:01.607996,ID_32,SF,0.8343453583130626,0.75,0.9530360749391876,0.8,protB_SF,6,2019-01-29 09:54:31,0 days 00:12:58.041999,0 days 00:13:05.608997,0 days 00:13:30.607996,778.041999,785.608997,810.607996,"{'CZ': array([ 0.67228127,  0.74112153,  0.8434806 , ..., -1.0079002 ,
       -1.5104752 , -1.9985142 ], shape=(7567,), dtype=float32), 'C3': array([-5.48106  , -4.6347504, -3.6209946, ..., -2.5575638, -2.7534962,
       -2.8219318], shape=(7567,), dtype=float32), 'C4': array([ 3.7636867 ,  3.8723142 ,  3.9192522 , ...,  0.02907562,
       -0.191226  , -0.35061836], shape=(7567,), dtype=float32)}",778042.0,785609.0,7567.0,ok,1.5137537138798507,0.8146710315486416,2.997918229084462,1.2812062013836112,0.7800082867106539,0.4562855779113306,1.3233901117928326,2.4898852134356275,1.8938590546895284,1.3730972015082443,1.0959953760902863,1.7866060079541057,1.6278917028103024,1.9011205877177417,1.2829296689460534,"{'CZ': (array([0.00000000e+00, 4.88281250e-01, 9.76562500e-01, ...,
       4.99023438e+02, 4.99511719e+02, 5.00000000e+02], shape=(1025,)), array([3.1766444e-03, 1.1027604e-03, 1.0093013e-03, ..., 2.5948820e-17,
       4.1846640e-17, 5.0638502e-17], shape=(1025,), dtype=float32)), 'C3': (array([0.00000000e+00, 4.88281250e-01, 9.76562500e-01, ...,
       4.99023438e+02, 4.99511719e+02, 5.00000000e+02], shape=(1025,)), array([1.9757943e-03, 7.6396699e-04, 1.8801756e-03, ..., 6.0248097e-17,
       1.1414959e-16, 8.7954338e-18], shape=(1025,), dtype=float32)), 'C4': (array([0.00000000e+00, 4.88281250e-01, 9.76562500e-01, ...,
       4.99023438e+02, 4.99511719e+02, 5.00000000e+02], shape=(1025,)), array([5.9183850e-04, 3.7428187e-04, 2.1386861e-03, ..., 9.0951936e-17,
       1.5203163e-16, 9.8143703e-17], shape=(1025,), dtype=float32))}",0.0063928081093083166,0.011611937809043021,0.0923337037568781,0.04166950398877652,0.1006830991084204,0.001541724514636521,0.01129732473308986,0.05208952823369939,0.04165720039926485,0.13909647079329182,0.004024608469626153,0.019447338303696105,0.04252605530295755,0.04785439304243811,0.13044610076009888,"[3.1766444e-03 1.1027604e-03 1.0093013e-03 ... 2.5948820e-17 4.1846640e-17
 5.0638502e-17]","[1.9757943e-03 7.6396699e-04 1.8801756e-03 ... 6.0248097e-17 1.1414959e-16
 8.7954338e-18]","[5.9183850e-04 3.7428187e-04 2.1386861e-03 ... 9.0951936e-17 1.5203163e-16
 9.8143703e-17]",0.7634615384615384,0.7535953978907
429,2019-01-29 10:09:43.321999,2019-01-29 10:09:51.128001,2019-01-29 10:10:16.127001,ID_32,SF,0.4701086956521739,0.5625,0.8478260869565217,0.0,protB_SF,8,2019-01-29 09:54:31,0 days 00:15:12.321999,0 days 00:15:20.128001,0 days 00:15:45.127001,912.321999,920.128001,945.127001,"{'CZ': array([-1.8342342, -1.7847347, -1.6531258, ..., -1.3391738, -1.3915716,
       -1.4987503], shape=(7806,), dtype=float32), 'C3': array([1.9891176 , 2.3517838 , 2.740512  , ..., 0.40869474, 0.3328743 ,
       0.24545527], shape=(7806,), dtype=float32), 'C4': array([ 0.0036993 , -0.28227186, -0.47823   , ..., -2.9839673 ,
       -2.3193398 , -1.7534733 ], shape=(7806,), dtype=float32)}",912322.0,920128.0,7806.0,ok,1.1972784832323669,1.2225751270307228,2.3145411105360836,1.8794937514030607,0.8925130821353378,0.8750715578571544,1.459850071114488,2.6583678263705224,2.289990417921217,1.4045449004242982,0.9723032680994947,1.1017037322744727,1.308029270148836,1.8667034892132506,1.3227491274392378,"{'CZ': (array([0.00000000e+00, 4.88281250e-01, 9.76562500e-01, ...,
       4.99023438e+02, 4.99511719e+02, 5.00000000e+02], shape=(1025,)), array([2.6050785e-03, 1.1042482e-03, 1.7630663e-03, ..., 6.0854096e-17,
       8.2493227e-17, 3.2221143e-17], shape=(1025,), dtype=float32)), 'C3': (array([0.00000000e+00, 4.88281250e-01, 9.76562500e-01, ...,
       4.99023438e+02, 4.99511719e+02, 5.00000000e+02], shape=(1025,)), array([2.22383090e-03, 9.81948455e-04, 1.26723771e-03, ...,
       2.51113929e-16, 1.10682874e-16, 7.75799131e-17],
      shape=(1025,), dtype=float32)), 'C4': (array([0.00000000e+00, 4.88281250e-01, 9.76562500e-01, ...,
       4.99023438e+02, 4.99511719e+02, 5.00000000e+02], shape=(1025,)), array([5.0123385e-03, 1.8125623e-03, 3.2134389e-03, ..., 1.0018230e-16,
       5.9771634e-17, 3.0790187e-17], shape=(1025,), dtype=float32))}",0.00505628592453828,0.017426010981361373,0.07128618491326216,0.061127999760220486,0.11520516465683156,0.0029567431847949367,0.01246223631870877,0.05561426093061355,0.05037048006055499,0.14228216218424966,0.0035703982454722114,0.011992126465823842,0.0341701631528732,0.0469880569615736,0.13449487538940627,"[2.6050785e-03 1.1042482e-03 1.7630663e-03 ... 6.0854096e-17 8.2493227e-17
 3.2221143e-17]","[2.22383090e-03 9.81948455e-04 1.26723771e-03 ... 2.51113929e-16
 1.10682874e-16 7.75799131e-17]","[5.0123385e-03 1.8125623e-03 3.2134389e-03 ... 1.0018230e-16 5.9771634e-17
 3.0790187e-17]",0.8653846153846154,0.7804410354745925
430,2019-01-29 10:11:57.444003,2019-01-29 10:12:05.016996,2019-01-29 10:12:30.017997,ID_32,SF,0.7499005380238642,0.875,0.8747016140715925,0.5,protB_SF,8,2019-01-29 09:54:31,0 days 00:17:26.444003,0 days 00:17:34.016996,0 days 00:17:59.017997,1046.444003,1054.016996,1079.017997,"{'CZ': array([ 0.4090774 ,  0.53970766,  0.64750624, ..., -4.6159005 ,
       -4.707405  , -4.6993055 ], shape=(7573,), dtype=float32), 'C3': array([ 1.9597683,  2.4001026,  2.8251   , ..., -1.9375153, -2.1667976,
       -2.418644 ], shape=(7573,), dtype=float32), 'C4': array([-4.2324605, -4.094205 , -3.8315163, ..., -5.672311 , -5.738764 ,
       -5.711632 ], shape=(7573,), dtype=float32)}",1046444.0,1054017.0,7573.0,ok,1.412566232829704,0.8122986109810881,1.1635464397841133,1.4064066017454024,0.7878789306232648,0.9446668109376333,0.7865945153753273,1.8336970242671669,2.2324454694171436,1.58826390259037,0.9495892863924382,1.0172120310016908,0.9133445346378721,1.5903544226603117,1.0802515982959449,"{'CZ': (array([0.00000000e+00, 4.88281250e-01, 9.76562500e-01, ...,
       4.99023438e+02, 4.99511719e+02, 5.00000000e+02], shape=(1025,)), array([8.7034795e-04, 3.4324380e-04, 1.3027536e-03, ..., 6.3035993e-17,
       9.3926789e-17, 3.3257346e-17], shape=(1025,), dtype=float32)), 'C3': (array([0.00000000e+00, 4.88281250e-01, 9.76562500e-01, ...,
       4.99023438e+02, 4.99511719e+02, 5.00000000e+02], shape=(1025,)), array([9.5186190e-04, 3.4564605e-04, 1.2724182e-03, ..., 1.0123536e-16,
       8.2783051e-17, 1.0682812e-17], shape=(1025,), dtype=float32)), 'C4': (array([0.00000000e+00, 4.88281250e-01, 9.76562500e-01, ...,
       4.99023438e+02, 4.99511719e+02, 5.00000000e+02], shape=(1025,)), array([1.6771714e-03, 6.8891555e-04, 3.4677612e-03, ..., 5.3192018e-17,
       8.0351617e-17, 4.2681907e-17], shape=(1025,), dtype=float32))}",0.005965478258034239,0.011578122441832827,0.03583638514090029,0.045741478177348235,0.10169903808573852,0.003191895714199138,0.006714885954092442,0.0383617736280374,0.049104725121789206,0.1608931278106422,0.0034869901534752773,0.011072428059353,0.02385965855321415,0.04003188756696881,0.10983814019464856,"[8.7034795e-04 3.4324380e-04 1.3027536e-03 ... 6.3035993e-17 9.3926789e-17
 3.3257346e-17]","[9.5186190e-04 3.4564605e-04 1.2724182e-03 ... 1.0123536e-16 8.2783051e-17
 1.0682812e-17]","[1.6771714e-03 6.8891555e-04 3.4677612e-03 ... 5.3192018e-17 8.0351617e-17
 4.2681907e-17]",0.8634615384615385,0.9108341323106424
431,2019-01-29 10:14:11.436004,2019-01-29 10:14:19.053002,2019-01-29 10:14:44.052997,ID_32,SF,0.9327075991897988,1.0,0.7981227975693966,1.0,protB_SF,8,2019-01-29 09:54:31,0 days 00:19:40.436004,0 days 00:19:48.053002,0 days 00:20:13.052997,1180.436004,1188.053002,1213.052997,"{'CZ': array([-0.9539337 , -0.44037628,  0.09516525, ..., -1.5090504 ,
       -1.6905918 , -1.774704  ], shape=(7617,), dtype=float32), 'C3': array([-1.3365631 , -1.6818295 , -1.9244738 , ...,  0.38188744,
       -0.17989159, -0.72447777], shape=(7617,), dtype=float32), 'C4': array([-0.6743088 , -0.49275208, -0.26473618, ...,  2.5403996 ,
        2.3872452 ,  2.153635  ], shape=(7617,), dtype=float32)}",1180436.0,1188053.0,7617.0,ok,1.0356529928685632,1.3690201158169657,3.6937752593075857,1.7925840566022089,1.4664902341792185,1.7834527825471014,1.820100427721627,3.146809744066559,3.9356022753054276,5.275230959796318,0.9532016210869187,0.6795446388423443,2.12822050525574,3.892417280439986,5.090659156394395,"{'CZ': (array([0.00000000e+00, 4.88281250e-01, 9.76562500e-01, ...,
       4.99023438e+02, 4.99511719e+02, 5.00000000e+02], shape=(1025,)), array([5.1378948e-03, 1.8696644e-03, 6.3618715e-03, ..., 1.2395022e-16,
       7.6386642e-17, 2.0132043e-17], shape=(1025,), dtype=float32)), 'C3': (array([0.00000000e+00, 4.88281250e-01, 9.76562500e-01, ...,
       4.99023438e+02, 4.99511719e+02, 5.00000000e+02], shape=(1025,)), array([5.5858139e-03, 2.5812383e-03, 4.4644107e-03, ..., 2.1344390e-16,
       1.2705271e-16, 7.1054277e-18], shape=(1025,), dtype=float32)), 'C4': (array([0.00000000e+00, 4.88281250e-01, 9.76562500e-01, ...,
       4.99023438e+02, 4.99511719e+02, 5.00000000e+02], shape=(1025,)), array([1.0913451e-03, 4.7561448e-04, 1.3288887e-03, ..., 7.5303955e-17,
       2.4732377e-16, 1.4379856e-16], shape=(1025,), dtype=float32))}",0.0043737173296640236,0.019513368990150864,0.11376559481462206,0.058301379134862524,0.18929386277683014,0.006026035028623911,0.015537569304451514,0.06583268743680709,0.08656725127893827,0.5343875206512622,0.0035002550203932312,0.007396893565338068,0.05559634141948837,0.09797866985753165,0.5176095411339859,"[5.1378948e-03 1.8696644e-03 6.3618715e-03 ... 1.2395022e-16 7.6386642e-17
 2.0132043e-17]","[5.5858139e-03 2.5812383e-03 4.4644107e-03 ... 2.1344390e-16 1.2705271e-16
 7.1054277e-18]","[1.0913451e-03 4.7561448e-04 1.3288887e-03 ... 7.5303955e-17 2.4732377e-16
 1.4379856e-16]",0.8173076923076923,0.840843720038351
