,ID,grupo,Trecho_eeg,psd_trecho,psd_delta_CZ,psd_theta_CZ,psd_alfa_CZ,psd_beta_CZ,psd_gamma_CZ,psd_delta_C3,psd_theta_C3,psd_alfa_C3,psd_beta_C3,psd_gamma_C3,psd_delta_C4,psd_theta_C4,psd_alfa_C4,psd_beta_C4,psd_gamma_C4
0,ID_02,Baseline OA,"{'CZ': array([-4.5911002e-06, -6.1007333e-04, -2.6904903e-03, ...,
       -4.2275045e-02, -4.1328315e-02, -4.7558114e-02],
      shape=(60928,), dtype=float32), 'C3': array([-0.00010624, -0.00049569, -0.00115497, ...,  0.08658557,
        0.08055021,  0.08700363], shape=(60928,), dtype=float32), 'C4': array([ 3.3304779e-05,  6.1905937e-04,  2.9292274e-03, ...,
       -2.0471361e-01, -1.9623893e-01, -2.2048464e-01],
      shape=(60928,), dtype=float32)}","{'CZ': (array([0.00000000e+00, 4.88281250e-01, 9.76562500e-01, ...,
       4.99023438e+02, 4.99511719e+02, 5.00000000e+02], shape=(1025,)), array([1.9390739e-03, 8.9210185e-04, 5.7150493e-04, ..., 2.0626912e-13,
       2.3759884e-13, 1.4684179e-13], shape=(1025,), dtype=float32)), 'C3': (array([0.00000000e+00, 4.88281250e-01, 9.76562500e-01, ...,
       4.99023438e+02, 4.99511719e+02, 5.00000000e+02], shape=(1025,)), array([1.7434628e-03, 7.5443723e-04, 4.7136296e-04, ..., 1.3269758e-13,
       1.2555418e-13, 6.6565555e-14], shape=(1025,), dtype=float32)), 'C4': (array([0.00000000e+00, 4.88281250e-01, 9.76562500e-01, ...,
       4.99023438e+02, 4.99511719e+02, 5.00000000e+02], shape=(1025,)), array([1.1892340e-03, 5.0816691e-04, 6.0814008e-04, ..., 1.3724906e-13,
       1.6937970e-13, 8.6075407e-14], shape=(1025,), dtype=float32))}",0.4765869180118898,0.8064139765338041,0.6859996647108346,2.1437070208776277,3.204284484127129,0.34298919717912213,0.334109859977616,0.26773686295200605,0.8915434309528791,0.9967658031655446,0.4740745239359967,0.7236195742734708,0.5616028829535935,3.407937030715402,2.4998326816785266
1,ID_03,Baseline OA,"{'CZ': array([-6.0416929e-05, -9.6464588e-04, -5.3869635e-03, ...,
        2.9659981e-01,  2.7983829e-01,  3.0796492e-01],
      shape=(60928,), dtype=float32), 'C3': array([ 0.00016829, -0.00096709, -0.00783569, ..., -0.09650764,
       -0.09298033, -0.10516126], shape=(60928,), dtype=float32), 'C4': array([-2.2516766e-04,  5.8703171e-04,  6.7036860e-03, ...,
       -2.6172671e-01, -2.4537949e-01, -2.6775789e-01],
      shape=(60928,), dtype=float32)}","{'CZ': (array([0.00000000e+00, 4.88281250e-01, 9.76562500e-01, ...,
       4.99023438e+02, 4.99511719e+02, 5.00000000e+02], shape=(1025,)), array([1.28003070e-03, 5.46082680e-04, 6.38610276e-04, ...,
       1.12703785e-13, 1.01006849e-13, 6.17916363e-14],
      shape=(1025,), dtype=float32)), 'C3': (array([0.00000000e+00, 4.88281250e-01, 9.76562500e-01, ...,
       4.99023438e+02, 4.99511719e+02, 5.00000000e+02], shape=(1025,)), array([2.9856286e-03, 1.2897422e-03, 6.4271590e-04, ..., 2.6123686e-13,
       2.4341824e-13, 1.0678408e-13], shape=(1025,), dtype=float32)), 'C4': (array([0.00000000e+00, 4.88281250e-01, 9.76562500e-01, ...,
       4.99023438e+02, 4.99511719e+02, 5.00000000e+02], shape=(1025,)), array([2.1614314e-03, 9.2858501e-04, 5.3942832e-04, ..., 2.2750416e-13,
       2.2264421e-13, 1.0306911e-13], shape=(1025,), dtype=float32))}",0.4868237788286933,0.9278941070078872,0.5566095496760681,1.4672104025521548,0.5934998326893037,0.7168999823079503,0.8968133261078037,0.567879033042118,1.5178710946202045,0.812230583278506,0.6947718770788924,0.896324920176994,0.5959741793049034,1.1780045151681406,0.7777950860941019
2,ID_04,Baseline OA,"{'CZ': array([-2.5631266e-04,  1.4016968e-03,  1.0849047e-02, ...,
        3.4861362e-01,  3.2679129e-01,  3.5649508e-01],
      shape=(60928,), dtype=float32), 'C3': array([ 4.8593211e-05, -5.4674351e-04, -4.1365623e-03, ...,
        4.7783669e-02,  4.8489150e-02,  5.8364313e-02],
      shape=(60928,), dtype=float32), 'C4': array([-0.00045423,  0.0008515 ,  0.01013386, ...,  0.31153798,
        0.29466918,  0.3254049 ], shape=(60928,), dtype=float32)}","{'CZ': (array([0.00000000e+00, 4.88281250e-01, 9.76562500e-01, ...,
       4.99023438e+02, 4.99511719e+02, 5.00000000e+02], shape=(1025,)), array([3.9069173e-03, 1.4268608e-03, 3.6862213e-03, ..., 2.3618415e-13,
       2.8106001e-13, 1.2840645e-13], shape=(1025,), dtype=float32)), 'C3': (array([0.00000000e+00, 4.88281250e-01, 9.76562500e-01, ...,
       4.99023438e+02, 4.99511719e+02, 5.00000000e+02], shape=(1025,)), array([1.3097239e-03, 4.9984816e-04, 1.1384485e-03, ..., 1.1499666e-13,
       1.4836075e-13, 9.0932348e-14], shape=(1025,), dtype=float32)), 'C4': (array([0.00000000e+00, 4.88281250e-01, 9.76562500e-01, ...,
       4.99023438e+02, 4.99511719e+02, 5.00000000e+02], shape=(1025,)), array([4.6918304e-03, 2.0726828e-03, 1.4207036e-03, ..., 2.4001181e-13,
       2.4804610e-13, 9.3012342e-14], shape=(1025,), dtype=float32))}",0.9202578094118508,0.7287949993042275,0.580798074224731,1.7418945444660494,0.9285093781272735,0.3606026330089662,0.552940480702091,0.4958965400874149,2.6803215350810206,1.2001196078017529,1.2218009660500684,1.9667576852953061,1.2425596432876773,11.860430451633874,3.652919574506086
3,ID_05,Baseline OA,"{'CZ': array([ 1.3082163e-04, -9.9370256e-05, -1.9779808e-03, ...,
        3.9343644e-02,  3.4716066e-02,  3.4681551e-02],
      shape=(60928,), dtype=float32), 'C3': array([-1.3519092e-04, -6.9544901e-04, -3.2089204e-03, ...,
        2.0256764e-01,  1.9120614e-01,  2.1057402e-01],
      shape=(60928,), dtype=float32), 'C4': array([-1.11599395e-04, -2.68936390e-04,  1.36773265e-03, ...,
       -5.21689057e-01, -4.92544591e-01, -5.42588055e-01],
      shape=(60928,), dtype=float32)}","{'CZ': (array([0.00000000e+00, 4.88281250e-01, 9.76562500e-01, ...,
       4.99023438e+02, 4.99511719e+02, 5.00000000e+02], shape=(1025,)), array([1.1916343e-03, 5.1175727e-04, 6.2857126e-04, ..., 1.8912045e-13,
       1.4751247e-13, 5.8471518e-14], shape=(1025,), dtype=float32)), 'C3': (array([0.00000000e+00, 4.88281250e-01, 9.76562500e-01, ...,
       4.99023438e+02, 4.99511719e+02, 5.00000000e+02], shape=(1025,)), array([4.0236022e-03, 1.6356793e-03, 9.4801781e-04, ..., 2.0859398e-13,
       2.1957451e-13, 1.1914741e-13], shape=(1025,), dtype=float32)), 'C4': (array([0.00000000e+00, 4.88281250e-01, 9.76562500e-01, ...,
       4.99023438e+02, 4.99511719e+02, 5.00000000e+02], shape=(1025,)), array([2.8378814e-03, 1.2100096e-03, 8.7540306e-04, ..., 2.2177628e-13,
       1.7407022e-13, 8.2015490e-14], shape=(1025,), dtype=float32))}",0.4946793374074332,0.8972477589850314,0.7030611304799095,2.0057236215507146,1.0795638846730071,1.1023704591934802,1.5198846813291311,1.2169538968009874,4.650238108297344,2.829323949413265,0.8473072866763687,1.213415693200659,1.0262870127917267,4.330337113060523,2.7912734429946795
4,ID_06,Baseline OA,"{'CZ': array([ 7.6072174e-05, -2.8780010e-04, -3.3521047e-03, ...,
        2.0811090e-01,  1.9385318e-01,  2.0968173e-01],
      shape=(60928,), dtype=float32), 'C3': array([ 7.1536851e-07,  5.1257439e-04,  3.1697268e-03, ...,
        8.4393211e-03,  4.1553457e-03, -1.0416378e-03],
      shape=(60928,), dtype=float32), 'C4': array([-4.3492160e-05,  2.4329318e-04,  6.6267757e-04, ...,
        4.2825021e-02,  3.7746772e-02,  3.7626289e-02],
      shape=(60928,), dtype=float32)}","{'CZ': (array([0.00000000e+00, 4.88281250e-01, 9.76562500e-01, ...,
       4.99023438e+02, 4.99511719e+02, 5.00000000e+02], shape=(1025,)), array([2.5822714e-03, 1.0720983e-03, 8.8339171e-04, ..., 1.6731510e-13,
       1.8075834e-13, 9.5623616e-14], shape=(1025,), dtype=float32)), 'C3': (array([0.00000000e+00, 4.88281250e-01, 9.76562500e-01, ...,
       4.99023438e+02, 4.99511719e+02, 5.00000000e+02], shape=(1025,)), array([2.9726310e-03, 1.1798128e-03, 1.2393716e-03, ..., 3.1613877e-13,
       2.9138486e-13, 1.3735921e-13], shape=(1025,), dtype=float32)), 'C4': (array([0.00000000e+00, 4.88281250e-01, 9.76562500e-01, ...,
       4.99023438e+02, 4.99511719e+02, 5.00000000e+02], shape=(1025,)), array([2.9042694e-03, 1.1866840e-03, 1.2254189e-03, ..., 1.8598537e-13,
       2.1514705e-13, 1.5917331e-13], shape=(1025,), dtype=float32))}",0.8305569317599293,1.299658018979244,0.8091781492112204,2.4490292053087614,1.9933634575863834,0.9243107142538065,1.1879445009981282,1.0739810895756818,7.302496931515634,7.434999120505381,0.7272223829204449,1.1056605362682603,0.9885604522423819,4.477125003177207,5.471253769428586
5,ID_07,Baseline OA,"{'CZ': array([-0.00017266, -0.00058586, -0.00257391, ...,  0.0468813 ,
        0.04476925,  0.05005456], shape=(60928,), dtype=float32), 'C3': array([-2.0255829e-04,  1.0715520e-03,  7.0401700e-03, ...,
        2.2445112e-01,  2.1411085e-01,  2.3908231e-01],
      shape=(60928,), dtype=float32), 'C4': array([-0.00061226,  0.00069083,  0.01148207, ...,  0.4653615 ,
        0.43888992,  0.48274064], shape=(60928,), dtype=float32)}","{'CZ': (array([0.00000000e+00, 4.88281250e-01, 9.76562500e-01, ...,
       4.99023438e+02, 4.99511719e+02, 5.00000000e+02], shape=(1025,)), array([2.9278575e-03, 1.1490161e-03, 7.9085235e-04, ..., 1.4953114e-13,
       1.3510391e-13, 5.9036834e-14], shape=(1025,), dtype=float32)), 'C3': (array([0.00000000e+00, 4.88281250e-01, 9.76562500e-01, ...,
       4.99023438e+02, 4.99511719e+02, 5.00000000e+02], shape=(1025,)), array([8.8584861e-03, 3.2813544e-03, 1.3419498e-03, ..., 2.8626995e-13,
       2.4360811e-13, 1.2281140e-13], shape=(1025,), dtype=float32)), 'C4': (array([0.00000000e+00, 4.88281250e-01, 9.76562500e-01, ...,
       4.99023438e+02, 4.99511719e+02, 5.00000000e+02], shape=(1025,)), array([4.5748563e-03, 1.6660045e-03, 1.6814397e-03, ..., 3.2755938e-13,
       4.0878396e-13, 2.0774310e-13], shape=(1025,), dtype=float32))}",1.069150164767052,1.6304050368489698,1.1164106981595978,4.499240621953504,1.7677315340733912,1.5883410515016294,1.8864060984924436,1.230333735293243,6.446311414038064,2.24259431183782,1.2578307932926691,1.69473780260887,1.1958942050114274,5.922899697907269,3.174457242948847
6,ID_08,Baseline OA,"{'CZ': array([-3.7756714e-04, -6.8403047e-04, -5.3462246e-04, ...,
       -8.2666820e-01, -7.6371133e-01, -8.1667709e-01],
      shape=(60928,), dtype=float32), 'C3': array([-0.00078556,  0.00468197,  0.04194077, ..., -0.47101554,
       -0.4275661 , -0.44573617], shape=(60928,), dtype=float32), 'C4': array([-0.00026475,  0.00125079,  0.00803299, ...,  0.2072656 ,
        0.20065916,  0.22857311], shape=(60928,), dtype=float32)}","{'CZ': (array([0.00000000e+00, 4.88281250e-01, 9.76562500e-01, ...,
       4.99023438e+02, 4.99511719e+02, 5.00000000e+02], shape=(1025,)), array([1.6439784e-02, 6.0268394e-03, 8.3146868e-03, ..., 2.5125250e-13,
       2.2247144e-13, 1.2651248e-13], shape=(1025,), dtype=float32)), 'C3': (array([0.00000000e+00, 4.88281250e-01, 9.76562500e-01, ...,
       4.99023438e+02, 4.99511719e+02, 5.00000000e+02], shape=(1025,)), array([1.7706515e-02, 6.7257551e-03, 7.8036198e-03, ..., 5.0437703e-13,
       4.9315153e-13, 2.4059669e-13], shape=(1025,), dtype=float32)), 'C4': (array([0.00000000e+00, 4.88281250e-01, 9.76562500e-01, ...,
       4.99023438e+02, 4.99511719e+02, 5.00000000e+02], shape=(1025,)), array([1.8032411e-02, 6.7577292e-03, 7.9183653e-03, ..., 2.0933271e-13,
       2.4085611e-13, 1.2179408e-13], shape=(1025,), dtype=float32))}",3.3837227856565733,2.320045357919298,1.0365943162469193,7.123626346583478,1.3638642686828462,3.6777031782548875,2.575367208919488,1.174524164525792,7.441475281666499,3.0692728898884525,3.0102434175205417,1.9418185693211854,1.1144862801302224,6.707115535391495,2.337751634968299
7,ID_09,Baseline OA,"{'CZ': array([ 0.00139051, -0.00045579, -0.01781202, ...,  0.00219764,
        0.00343128,  0.00567176], shape=(60928,), dtype=float32), 'C3': array([-0.0007249 ,  0.00125971,  0.01458722, ...,  0.31994686,
        0.29629558,  0.31788057], shape=(60928,), dtype=float32), 'C4': array([ 0.00097443, -0.00060142, -0.01379247, ..., -0.4731007 ,
       -0.4396402 , -0.4740568 ], shape=(60928,), dtype=float32)}","{'CZ': (array([0.00000000e+00, 4.88281250e-01, 9.76562500e-01, ...,
       4.99023438e+02, 4.99511719e+02, 5.00000000e+02], shape=(1025,)), array([4.9782200e-03, 2.2109866e-03, 5.9981016e-04, ..., 2.2355287e-13,
       3.0189718e-13, 1.1284223e-13], shape=(1025,), dtype=float32)), 'C3': (array([0.00000000e+00, 4.88281250e-01, 9.76562500e-01, ...,
       4.99023438e+02, 4.99511719e+02, 5.00000000e+02], shape=(1025,)), array([3.7307434e-03, 1.5853483e-03, 7.0824899e-04, ..., 1.6036812e-13,
       2.2091473e-13, 1.3782054e-13], shape=(1025,), dtype=float32)), 'C4': (array([0.00000000e+00, 4.88281250e-01, 9.76562500e-01, ...,
       4.99023438e+02, 4.99511719e+02, 5.00000000e+02], shape=(1025,)), array([4.9896175e-03, 2.2394438e-03, 8.0354593e-04, ..., 2.7273206e-13,
       2.1385037e-13, 1.0207495e-13], shape=(1025,), dtype=float32))}",0.6911230893820175,1.3984158140374348,1.9746663310797885,24.7744829612202,3.5063023890415934,0.8822507079457864,1.4308408426586539,1.8660002679098397,17.935316092916764,2.7332791989920224,0.8848868646964547,1.7384195671183988,2.6955183129757643,53.90996152709704,6.24779593636049
8,ID_10,Baseline OA,"{'CZ': array([ 2.2466748e-04,  5.9630768e-04,  1.1581705e-03, ...,
       -3.9803898e-01, -3.7500384e-01, -4.1192576e-01],
      shape=(61440,), dtype=float32), 'C3': array([ 2.6881613e-04, -1.5164842e-04, -3.6819936e-03, ...,
       -2.2083580e-01, -2.0791698e-01, -2.2818676e-01],
      shape=(61440,), dtype=float32), 'C4': array([ 8.2746177e-05,  1.2194662e-04, -3.6516122e-04, ...,
        8.5365446e-04, -1.7413916e-03, -5.6621907e-03],
      shape=(61440,), dtype=float32)}","{'CZ': (array([0.00000000e+00, 4.88281250e-01, 9.76562500e-01, ...,
       4.99023438e+02, 4.99511719e+02, 5.00000000e+02], shape=(1025,)), array([4.6443753e-03, 1.8087877e-03, 8.4635679e-04, ..., 1.7634139e-13,
       1.7945240e-13, 8.6349195e-14], shape=(1025,), dtype=float32)), 'C3': (array([0.00000000e+00, 4.88281250e-01, 9.76562500e-01, ...,
       4.99023438e+02, 4.99511719e+02, 5.00000000e+02], shape=(1025,)), array([2.5251617e-03, 1.0021148e-03, 7.2570116e-04, ..., 2.1959503e-13,
       2.5653863e-13, 1.2491349e-13], shape=(1025,), dtype=float32)), 'C4': (array([0.00000000e+00, 4.88281250e-01, 9.76562500e-01, ...,
       4.99023438e+02, 4.99511719e+02, 5.00000000e+02], shape=(1025,)), array([2.8647385e-03, 1.1360556e-03, 1.1542003e-03, ..., 1.2675964e-12,
       1.0475307e-12, 2.9648492e-13], shape=(1025,), dtype=float32))}",1.1639665417533251,1.513373019406572,0.83377787086647,3.2892520903260447,1.4073100708174024,0.5883307890144351,0.7617286319145933,0.5079998772998806,2.151579592464259,1.2611331475227416,0.8685953744134167,1.0237184033030644,0.6332433040370233,4.775419649377,1.7821137814735266
9,ID_11,Baseline OA,"{'CZ': array([-0.00050549,  0.00203403,  0.01698041, ..., -0.27058968,
       -0.25143644, -0.27106336], shape=(60928,), dtype=float32), 'C3': array([-7.1141316e-05, -1.7589249e-04, -6.0999126e-04, ...,
        2.9604325e-01,  2.8552344e-01,  3.2327452e-01],
      shape=(60928,), dtype=float32), 'C4': array([-2.9155018e-04,  1.1955748e-03,  9.2925048e-03, ...,
       -1.0057863e+00, -9.5035863e-01, -1.0479181e+00],
      shape=(60928,), dtype=float32)}","{'CZ': (array([0.00000000e+00, 4.88281250e-01, 9.76562500e-01, ...,
       4.99023438e+02, 4.99511719e+02, 5.00000000e+02], shape=(1025,)), array([4.6133986e-03, 1.7519293e-03, 1.4471078e-03, ..., 1.5547577e-13,
       1.6759910e-13, 1.1401738e-13], shape=(1025,), dtype=float32)), 'C3': (array([0.00000000e+00, 4.88281250e-01, 9.76562500e-01, ...,
       4.99023438e+02, 4.99511719e+02, 5.00000000e+02], shape=(1025,)), array([6.5759616e-03, 2.9606156e-03, 1.9859537e-03, ..., 3.4489070e-13,
       2.6169166e-13, 1.2706416e-13], shape=(1025,), dtype=float32)), 'C4': (array([0.00000000e+00, 4.88281250e-01, 9.76562500e-01, ...,
       4.99023438e+02, 4.99511719e+02, 5.00000000e+02], shape=(1025,)), array([9.4687678e-03, 3.5226145e-03, 2.2253613e-03, ..., 2.5706290e-13,
       3.2487931e-13, 1.8612360e-13], shape=(1025,), dtype=float32))}",0.7594715470986557,1.5099524753168225,1.6938343324000016,3.9524092826468404,0.9616102622658218,1.0127963105333038,1.885366509668529,1.881315023638308,18.76362832990708,2.7430295199337706,2.0459969964576885,2.479950271663256,1.4325802767416462,4.667291472287616,1.1664223734442203
10,ID_12,Baseline OA,"{'CZ': array([ 5.7928992e-07, -6.6400113e-05, -2.5878719e-03, ...,
        4.7082400e-01,  4.4950986e-01,  5.0257397e-01],
      shape=(61440,), dtype=float32), 'C3': array([-9.037441e-05,  1.145167e-03,  7.643729e-03, ...,  9.102414e-01,
        8.595823e-01,  9.471568e-01], shape=(61440,), dtype=float32), 'C4': array([ 0.00010356,  0.00212987,  0.0132427 , ..., -0.06171502,
       -0.04812656, -0.03826964], shape=(61440,), dtype=float32)}","{'CZ': (array([0.00000000e+00, 4.88281250e-01, 9.76562500e-01, ...,
       4.99023438e+02, 4.99511719e+02, 5.00000000e+02], shape=(1025,)), array([7.8163762e-03, 3.1432060e-03, 1.4148003e-03, ..., 3.7135331e-13,
       3.6823910e-13, 1.7523030e-13], shape=(1025,), dtype=float32)), 'C3': (array([0.00000000e+00, 4.88281250e-01, 9.76562500e-01, ...,
       4.99023438e+02, 4.99511719e+02, 5.00000000e+02], shape=(1025,)), array([2.6015649e-03, 1.0585635e-03, 9.5842587e-04, ..., 4.1655877e-13,
       3.4649505e-13, 1.7104062e-13], shape=(1025,), dtype=float32)), 'C4': (array([0.00000000e+00, 4.88281250e-01, 9.76562500e-01, ...,
       4.99023438e+02, 4.99511719e+02, 5.00000000e+02], shape=(1025,)), array([3.6009075e-03, 1.5321112e-03, 2.2496963e-03, ..., 2.3017315e-12,
       1.7200055e-12, 8.7431868e-13], shape=(1025,), dtype=float32))}",3.4734305872916593,4.4553831103257835,1.5285902918549255,2.26229633881303,1.9225060962071439,0.8855284313540324,1.129022566601634,0.7275326934177428,1.617768419237109,1.667741690425828,1.3374784866755363,2.7563326875679195,1.3260728446766734,3.0737440720258746,6.763404429420916
11,ID_13,Baseline OA,"{'CZ': array([9.5146621e-05, 6.7659211e-04, 2.6460905e-03, ..., 2.0395617e+00,
       1.9480546e+00, 2.1787443e+00], shape=(60928,), dtype=float32), 'C3': array([ 1.2815325e-04,  9.3808048e-05, -1.0357562e-03, ...,
       -7.6898587e-01, -7.2747201e-01, -8.0344665e-01],
      shape=(60928,), dtype=float32), 'C4': array([-1.68512866e-04,  1.92556623e-03,  1.33696925e-02, ...,
        1.69307315e+00,  1.61927021e+00,  1.81416202e+00],
      shape=(60928,), dtype=float32)}","{'CZ': (array([0.00000000e+00, 4.88281250e-01, 9.76562500e-01, ...,
       4.99023438e+02, 4.99511719e+02, 5.00000000e+02], shape=(1025,)), array([8.6500105e-03, 3.0888221e-03, 6.1346241e-03, ..., 2.3173014e-13,
       2.4957177e-13, 1.2817824e-13], shape=(1025,), dtype=float32)), 'C3': (array([0.00000000e+00, 4.88281250e-01, 9.76562500e-01, ...,
       4.99023438e+02, 4.99511719e+02, 5.00000000e+02], shape=(1025,)), array([2.2214320e-02, 8.3720246e-03, 3.5035368e-03, ..., 2.4957759e-13,
       2.1139201e-13, 1.1269110e-13], shape=(1025,), dtype=float32)), 'C4': (array([0.00000000e+00, 4.88281250e-01, 9.76562500e-01, ...,
       4.99023438e+02, 4.99511719e+02, 5.00000000e+02], shape=(1025,)), array([2.89603248e-02, 1.11180665e-02, 7.46253319e-03, ...,
       2.82859294e-13, 2.65852851e-13, 1.54039514e-13],
      shape=(1025,), dtype=float32))}",2.7386816655052826,3.868303057970479,2.416737494058907,8.134691925079096,1.6825538918965321,3.002370536705712,2.8502833156380802,1.5584362990921363,7.573258724733023,1.4895720735239593,4.063340158609208,3.5154076758772135,1.972661164472811,6.2431390906567685,1.461598829337163
12,ID_14,Baseline OA,"{'CZ': array([ 1.4966214e-04,  1.2164592e-04, -1.8578840e-03, ...,
       -6.4792669e-01, -6.1614472e-01, -6.8516934e-01],
      shape=(60928,), dtype=float32), 'C3': array([-0.00063401,  0.00189417,  0.018393  , ..., -0.46862   ,
       -0.44367373, -0.490495  ], shape=(60928,), dtype=float32), 'C4': array([-1.3360474e-04,  4.1262957e-04,  4.9024597e-03, ...,
       -1.9970098e-01, -1.8651821e-01, -2.0246887e-01],
      shape=(60928,), dtype=float32)}","{'CZ': (array([0.00000000e+00, 4.88281250e-01, 9.76562500e-01, ...,
       4.99023438e+02, 4.99511719e+02, 5.00000000e+02], shape=(1025,)), array([1.4659909e-03, 5.9769140e-04, 6.3061574e-04, ..., 1.6766663e-13,
       1.9786202e-13, 1.1916419e-13], shape=(1025,), dtype=float32)), 'C3': (array([0.00000000e+00, 4.88281250e-01, 9.76562500e-01, ...,
       4.99023438e+02, 4.99511719e+02, 5.00000000e+02], shape=(1025,)), array([1.5915699e-03, 6.8358693e-04, 1.1628465e-03, ..., 1.7421230e-13,
       1.7450876e-13, 9.5198683e-14], shape=(1025,), dtype=float32)), 'C4': (array([0.00000000e+00, 4.88281250e-01, 9.76562500e-01, ...,
       4.99023438e+02, 4.99511719e+02, 5.00000000e+02], shape=(1025,)), array([5.0666573e-04, 2.1712416e-04, 8.0689130e-04, ..., 1.4579805e-13,
       1.2626869e-13, 5.8494103e-14], shape=(1025,), dtype=float32))}",0.4573706905830477,0.641156395431608,0.4725688704638742,1.2688583810813725,0.832563389394636,0.43030569759139325,0.5676166692865081,0.42517629844951443,1.511064481746871,0.9907970491553897,0.21791801145809586,0.26946794969262555,0.17706933977024164,0.4579830792863504,0.3380926133900175
13,ID_15,Baseline OA,"{'CZ': array([-1.01271289e-04,  1.08553068e-04,  1.91329175e-03, ...,
        1.29581511e-01,  1.21097535e-01,  1.31563082e-01],
      shape=(60928,), dtype=float32), 'C3': array([ 1.6452884e-04, -7.5293065e-05, -1.6898873e-03, ...,
       -2.1856806e-01, -2.0550095e-01, -2.2512633e-01],
      shape=(60928,), dtype=float32), 'C4': array([-5.5126700e-05,  8.6410384e-04,  5.3133592e-03, ...,
        1.5018480e-02,  1.4996085e-02,  1.7720332e-02],
      shape=(60928,), dtype=float32)}","{'CZ': (array([0.00000000e+00, 4.88281250e-01, 9.76562500e-01, ...,
       4.99023438e+02, 4.99511719e+02, 5.00000000e+02], shape=(1025,)), array([3.4877888e-03, 1.3923878e-03, 5.7781587e-04, ..., 2.4623218e-13,
       2.2324819e-13, 9.1657943e-14], shape=(1025,), dtype=float32)), 'C3': (array([0.00000000e+00, 4.88281250e-01, 9.76562500e-01, ...,
       4.99023438e+02, 4.99511719e+02, 5.00000000e+02], shape=(1025,)), array([2.2829690e-03, 9.5888856e-04, 4.6764585e-04, ..., 1.9043821e-13,
       1.8353202e-13, 1.0146292e-13], shape=(1025,), dtype=float32)), 'C4': (array([0.00000000e+00, 4.88281250e-01, 9.76562500e-01, ...,
       4.99023438e+02, 4.99511719e+02, 5.00000000e+02], shape=(1025,)), array([6.8043172e-03, 2.9251913e-03, 4.3336087e-04, ..., 2.3531890e-13,
       2.3024388e-13, 9.7575668e-14], shape=(1025,), dtype=float32))}",0.6828425857747789,1.1113144864793867,0.7861794365453534,2.0728083727590274,0.7886922335273994,0.5740596025134437,1.0149606750928797,0.7400106333079748,1.7754566579242237,1.1249098197367857,1.2598432431332185,1.416814688127488,0.8380053986911662,2.0356152144813677,0.9720598058038377
14,ID_16,Baseline OA,"{'CZ': array([-0.00023454,  0.00067131,  0.00605235, ...,  0.03099024,
        0.02895957,  0.03145643], shape=(67584,), dtype=float32), 'C3': array([-1.5070334e-05, -5.3305726e-04, -3.9805598e-03, ...,
        4.1741535e-01,  3.9706069e-01,  4.4174775e-01],
      shape=(67584,), dtype=float32), 'C4': array([-3.6450115e-04, -1.4417688e-04,  9.7200321e-04, ...,
       -1.4896822e+00, -1.4015381e+00, -1.5365031e+00],
      shape=(67584,), dtype=float32)}","{'CZ': (array([0.00000000e+00, 4.88281250e-01, 9.76562500e-01, ...,
       4.99023438e+02, 4.99511719e+02, 5.00000000e+02], shape=(1025,)), array([2.18851492e-03, 8.58768646e-04, 8.45736766e-04, ...,
       1.07175045e-13, 9.63965371e-14, 4.51709288e-14],
      shape=(1025,), dtype=float32)), 'C3': (array([0.00000000e+00, 4.88281250e-01, 9.76562500e-01, ...,
       4.99023438e+02, 4.99511719e+02, 5.00000000e+02], shape=(1025,)), array([2.43828283e-03, 9.38172860e-04, 1.42190198e-03, ...,
       1.06808015e-13, 1.03220946e-13, 4.57115018e-14],
      shape=(1025,), dtype=float32)), 'C4': (array([0.00000000e+00, 4.88281250e-01, 9.76562500e-01, ...,
       4.99023438e+02, 4.99511719e+02, 5.00000000e+02], shape=(1025,)), array([2.9351868e-02, 1.0878754e-02, 1.5225634e-02, ..., 5.1733243e-13,
       4.5255344e-13, 2.3349885e-13], shape=(1025,), dtype=float32))}",0.47059802955118357,0.6302820038399659,0.47070054279174656,0.9520562189209159,0.5576978953740763,0.6707823495162302,0.7351934327743948,0.6061000385670923,1.2512746925494866,0.7035267999526695,8.770404951064847,6.6823557717725635,2.525328556657769,3.16184437906486,1.2088758146546752
15,ID_17,Baseline OA,"{'CZ': array([-6.8486645e-04,  1.3903470e-03,  1.5598523e-02, ...,
       -2.0153434e+00, -1.8902941e+00, -2.0638957e+00],
      shape=(62464,), dtype=float32), 'C3': array([ 2.2115963e-04,  3.7624536e-04,  2.4438985e-03, ...,
       -1.5118475e+00, -1.4230772e+00, -1.5611522e+00],
      shape=(62464,), dtype=float32), 'C4': array([ 1.8413551e-04, -1.5901012e-04, -3.0731028e-03, ...,
        4.4994825e-01,  4.1993117e-01,  4.5542085e-01],
      shape=(62464,), dtype=float32)}","{'CZ': (array([0.00000000e+00, 4.88281250e-01, 9.76562500e-01, ...,
       4.99023438e+02, 4.99511719e+02, 5.00000000e+02], shape=(1025,)), array([4.9707577e-01, 1.9208999e-01, 4.4089577e-01, ..., 3.5683004e-12,
       3.2194848e-12, 1.3928279e-12], shape=(1025,), dtype=float32)), 'C3': (array([0.00000000e+00, 4.88281250e-01, 9.76562500e-01, ...,
       4.99023438e+02, 4.99511719e+02, 5.00000000e+02], shape=(1025,)), array([1.2453915e-01, 4.2173948e-02, 1.0116061e-01, ..., 9.6328165e-13,
       1.3799576e-12, 8.2119646e-13], shape=(1025,), dtype=float32)), 'C4': (array([0.00000000e+00, 4.88281250e-01, 9.76562500e-01, ...,
       4.99023438e+02, 4.99511719e+02, 5.00000000e+02], shape=(1025,)), array([2.6948323e-02, 9.6085463e-03, 3.7283074e-02, ..., 4.9701823e-13,
       5.0504170e-13, 2.1609628e-13], shape=(1025,), dtype=float32))}",132.57703045383096,22.10587140871212,2.384179795626551,3.395069306861842,1.9589075743624562,27.755680377595127,6.693858304060996,1.952138263732195,5.221695093496237,2.0508976169821835,8.542631941963919,2.2582546225748956,0.8653392142150551,1.8533272850618232,1.24750822351416
16,ID_18,Baseline OA,"{'CZ': array([-4.4857050e-05,  2.2684956e-04,  1.7563978e-03, ...,
       -1.4432582e-01, -1.3584754e-01, -1.4902098e-01],
      shape=(65024,), dtype=float32), 'C3': array([-1.5987968e-04,  8.0086873e-05,  2.0348516e-03, ...,
        1.4614178e-01,  1.3757193e-01,  1.5094286e-01],
      shape=(65024,), dtype=float32), 'C4': array([-7.4022217e-05, -8.8014686e-04, -4.3360828e-03, ...,
        6.6318497e-02,  6.6319473e-02,  7.8501105e-02],
      shape=(65024,), dtype=float32)}","{'CZ': (array([0.00000000e+00, 4.88281250e-01, 9.76562500e-01, ...,
       4.99023438e+02, 4.99511719e+02, 5.00000000e+02], shape=(1025,)), array([1.0546730e-03, 4.2681035e-04, 3.8393048e-04, ..., 8.7138210e-14,
       8.1176947e-14, 3.0793856e-14], shape=(1025,), dtype=float32)), 'C3': (array([0.00000000e+00, 4.88281250e-01, 9.76562500e-01, ...,
       4.99023438e+02, 4.99511719e+02, 5.00000000e+02], shape=(1025,)), array([6.0372974e-04, 2.4921328e-04, 1.7220652e-04, ..., 5.6749042e-14,
       5.6546910e-14, 3.1695915e-14], shape=(1025,), dtype=float32)), 'C4': (array([0.00000000e+00, 4.88281250e-01, 9.76562500e-01, ...,
       4.99023438e+02, 4.99511719e+02, 5.00000000e+02], shape=(1025,)), array([3.8033344e-03, 1.4664425e-03, 1.4311300e-03, ..., 3.0208925e-13,
       3.0942507e-13, 9.0698506e-14], shape=(1025,), dtype=float32))}",0.25983714613175835,0.31360397042590193,0.1811903803172754,0.6429172290154384,0.2355923902257473,0.1468440405005822,0.18704910689848475,0.15034888656373369,0.6443294032578706,0.2181218624457415,1.1441329625085928,1.044373304466717,0.7517624908359721,4.25519872806035,1.15705456755677
17,ID_19,Baseline OA,"{'CZ': array([-1.4625766e-04, -9.0520503e-04, -2.4576392e-03, ...,
       -3.6381173e-01, -3.4456643e-01, -3.8117117e-01],
      shape=(60928,), dtype=float32), 'C3': array([-9.1987400e-05, -3.0215163e-04, -5.7180715e-04, ...,
        4.3792745e-01,  4.1483465e-01,  4.5896247e-01],
      shape=(60928,), dtype=float32), 'C4': array([-0.00014429,  0.00027311,  0.00356359, ...,  0.11637015,
        0.10620226,  0.11158316], shape=(60928,), dtype=float32)}","{'CZ': (array([0.00000000e+00, 4.88281250e-01, 9.76562500e-01, ...,
       4.99023438e+02, 4.99511719e+02, 5.00000000e+02], shape=(1025,)), array([2.4680444e-03, 9.5361407e-04, 1.0904425e-03, ..., 1.7915649e-13,
       1.3338865e-13, 6.1543530e-14], shape=(1025,), dtype=float32)), 'C3': (array([0.00000000e+00, 4.88281250e-01, 9.76562500e-01, ...,
       4.99023438e+02, 4.99511719e+02, 5.00000000e+02], shape=(1025,)), array([3.62070790e-03, 1.48519652e-03, 7.70716346e-04, ...,
       2.36279583e-13, 2.55621045e-13, 1.02079254e-13],
      shape=(1025,), dtype=float32)), 'C4': (array([0.00000000e+00, 4.88281250e-01, 9.76562500e-01, ...,
       4.99023438e+02, 4.99511719e+02, 5.00000000e+02], shape=(1025,)), array([1.8543836e-03, 7.0736755e-04, 3.2575562e-04, ..., 7.8311117e-14,
       7.3709756e-14, 4.3010415e-14], shape=(1025,), dtype=float32))}",0.5732745567001984,0.7932537191663869,0.5688804085366428,1.6146277139341692,0.7959844726883603,0.5566976815316593,0.8531946368748322,0.6896672639413737,4.0544030653109076,1.3550500574410762,0.3171346284034371,0.36769791768165305,0.24589944405306596,0.8979544927569805,0.4149104349266963
18,ID_20,Baseline OA,"{'CZ': array([-7.0807233e-05,  1.4564223e-04,  4.4867990e-04, ...,
       -6.9127345e-01, -6.5902579e-01, -7.3538464e-01],
      shape=(60928,), dtype=float32), 'C3': array([ 2.8607657e-04, -3.7559669e-04, -7.0198164e-03, ...,
        3.1953308e-01,  3.0260623e-01,  3.3472919e-01],
      shape=(60928,), dtype=float32), 'C4': array([ 0.00023224, -0.0002338 , -0.00501062, ..., -0.12718551,
       -0.11335006, -0.11500362], shape=(60928,), dtype=float32)}","{'CZ': (array([0.00000000e+00, 4.88281250e-01, 9.76562500e-01, ...,
       4.99023438e+02, 4.99511719e+02, 5.00000000e+02], shape=(1025,)), array([8.6332932e-03, 3.3947690e-03, 1.3369754e-03, ..., 3.1832100e-13,
       2.6663887e-13, 1.1851133e-13], shape=(1025,), dtype=float32)), 'C3': (array([0.00000000e+00, 4.88281250e-01, 9.76562500e-01, ...,
       4.99023438e+02, 4.99511719e+02, 5.00000000e+02], shape=(1025,)), array([3.19147925e-03, 1.28844415e-03, 5.92539844e-04, ...,
       1.89399684e-13, 2.01988247e-13, 1.00568845e-13],
      shape=(1025,), dtype=float32)), 'C4': (array([0.00000000e+00, 4.88281250e-01, 9.76562500e-01, ...,
       4.99023438e+02, 4.99511719e+02, 5.00000000e+02], shape=(1025,)), array([2.4359752e-03, 1.0114661e-03, 7.3377287e-04, ..., 1.9157507e-13,
       1.6839932e-13, 7.4208346e-14], shape=(1025,), dtype=float32))}",2.2246888520385255,2.4179142783395946,1.206368651764933,2.844377246219665,0.9709106457194139,0.583176121381257,0.6621512729907408,0.39342263335129246,3.172633587382734,0.7405902691743904,0.5877673606846656,0.5407819153333548,0.479571597679751,3.492311707304907,0.7981532370422428
19,ID_21,Baseline OA,"{'CZ': array([ 9.34584532e-05,  1.51374785e-04,  4.09547996e-04, ...,
       -1.36219069e-01, -1.24839835e-01, -1.32970735e-01],
      shape=(60416,), dtype=float32), 'C3': array([-1.7999519e-05, -9.7751257e-04, -5.4930006e-03, ...,
       -3.8954172e-01, -3.6259836e-01, -3.9154238e-01],
      shape=(60416,), dtype=float32), 'C4': array([ 5.4588937e-04, -1.5712343e-04, -6.4265644e-03, ...,
        1.3812510e+00,  1.3016813e+00,  1.4316584e+00],
      shape=(60416,), dtype=float32)}","{'CZ': (array([0.00000000e+00, 4.88281250e-01, 9.76562500e-01, ...,
       4.99023438e+02, 4.99511719e+02, 5.00000000e+02], shape=(1025,)), array([7.6137730e-03, 3.1543721e-03, 2.1326302e-03, ..., 2.7422473e-13,
       2.6814981e-13, 1.6169626e-13], shape=(1025,), dtype=float32)), 'C3': (array([0.00000000e+00, 4.88281250e-01, 9.76562500e-01, ...,
       4.99023438e+02, 4.99511719e+02, 5.00000000e+02], shape=(1025,)), array([3.0155019e-03, 1.2656986e-03, 1.4273042e-03, ..., 2.0858463e-13,
       2.0553195e-13, 1.2913097e-13], shape=(1025,), dtype=float32)), 'C4': (array([0.00000000e+00, 4.88281250e-01, 9.76562500e-01, ...,
       4.99023438e+02, 4.99511719e+02, 5.00000000e+02], shape=(1025,)), array([7.9765860e-03, 3.2247806e-03, 2.8888604e-03, ..., 2.6065922e-13,
       2.4539558e-13, 1.2892417e-13], shape=(1025,), dtype=float32))}",1.2960423882759642,1.8718058126978576,1.697388885077089,2.552438119892031,1.2880233894065896,0.9503941091679735,1.2568715610541403,0.9289810623158701,1.7791970240068622,1.4256366985136992,1.7913345400302205,2.0658093271777034,1.7565394518896937,3.1982485234038904,2.693124502457067
20,ID_22,Baseline OA,"{'CZ': array([-0.00118758,  0.00213873,  0.0268022 , ...,  0.9191116 ,
        0.78680974,  0.74755156], shape=(60928,), dtype=float32), 'C3': array([ 0.00059081, -0.00126456, -0.01378645, ..., -0.08353806,
       -0.05957067, -0.03722916], shape=(60928,), dtype=float32), 'C4': array([-7.6223456e-05,  1.7250985e-03,  1.1339666e-02, ...,
        6.5239996e-01,  5.9768248e-01,  6.3150132e-01],
      shape=(60928,), dtype=float32)}","{'CZ': (array([0.00000000e+00, 4.88281250e-01, 9.76562500e-01, ...,
       4.99023438e+02, 4.99511719e+02, 5.00000000e+02], shape=(1025,)), array([2.5735086e-01, 1.0687376e-01, 2.9577631e-01, ..., 3.3443528e-12,
       3.9861460e-12, 1.9953861e-12], shape=(1025,), dtype=float32)), 'C3': (array([0.00000000e+00, 4.88281250e-01, 9.76562500e-01, ...,
       4.99023438e+02, 4.99511719e+02, 5.00000000e+02], shape=(1025,)), array([1.1568200e-02, 4.8480644e-03, 3.4995653e-02, ..., 5.9610384e-13,
       4.8769425e-13, 2.7058987e-13], shape=(1025,), dtype=float32)), 'C4': (array([0.00000000e+00, 4.88281250e-01, 9.76562500e-01, ...,
       4.99023438e+02, 4.99511719e+02, 5.00000000e+02], shape=(1025,)), array([2.4175987e-02, 8.9040156e-03, 4.7113277e-02, ..., 3.9659598e-13,
       4.6471919e-13, 2.5982873e-13], shape=(1025,), dtype=float32))}",153.98176875896752,110.8490489423275,33.49980269558728,19.901961204595864,4.316380675390974,14.86909281811677,7.241496874485165,2.168639504816383,5.8289756379963364,2.4846754936334037,14.23631762736477,10.352308105211705,3.9750869036652148,8.187081715732347,2.4827953989188245
21,ID_23,Baseline OA,"{'CZ': array([-5.9635250e-04, -4.2648055e-05,  4.6765478e-03, ...,
        3.0895752e-01,  2.8927484e-01,  3.1507370e-01],
      shape=(60928,), dtype=float32), 'C3': array([-5.03947493e-04,  1.16177136e-04,  5.62566333e-03, ...,
       -2.43073750e+00, -2.28754568e+00, -2.50902843e+00],
      shape=(60928,), dtype=float32), 'C4': array([ 0.0007904 , -0.0020577 , -0.01935685, ...,  0.21922448,
        0.20504597,  0.22304015], shape=(60928,), dtype=float32)}","{'CZ': (array([0.00000000e+00, 4.88281250e-01, 9.76562500e-01, ...,
       4.99023438e+02, 4.99511719e+02, 5.00000000e+02], shape=(1025,)), array([5.1410981e-03, 2.0963496e-03, 4.1771405e-03, ..., 2.7292250e-13,
       2.9328916e-13, 1.2364361e-13], shape=(1025,), dtype=float32)), 'C3': (array([0.00000000e+00, 4.88281250e-01, 9.76562500e-01, ...,
       4.99023438e+02, 4.99511719e+02, 5.00000000e+02], shape=(1025,)), array([2.6833806e-02, 1.0483601e-02, 1.1159706e-02, ..., 1.0488236e-12,
       1.2323939e-12, 5.4039515e-13], shape=(1025,), dtype=float32)), 'C4': (array([0.00000000e+00, 4.88281250e-01, 9.76562500e-01, ...,
       4.99023438e+02, 4.99511719e+02, 5.00000000e+02], shape=(1025,)), array([1.3261567e-02, 6.1005200e-03, 2.7155487e-03, ..., 4.7668662e-13,
       5.4082308e-13, 2.5121330e-13], shape=(1025,), dtype=float32))}",2.0943061463185586,1.7033180047292262,0.8086832458502613,1.6378906748286681,1.221375074351272,16.129864379763603,13.03587987786159,4.259324778104201,4.0937616940937005,1.800081465034964,2.0588731658790493,3.141869412502274,1.6642681875964627,4.532431827101391,2.730487427470507
22,ID_24,Baseline OA,"{'CZ': array([ 0.00134095, -0.00533005, -0.04947366, ..., -0.1169455 ,
       -0.10947846, -0.11921424], shape=(60928,), dtype=float32), 'C3': array([ 0.00022287, -0.00284329, -0.0222536 , ..., -0.09545097,
       -0.09106514, -0.10169963], shape=(60928,), dtype=float32), 'C4': array([ 0.0003658 , -0.00298506, -0.02385798, ..., -0.28373352,
       -0.2698216 , -0.30008206], shape=(60928,), dtype=float32)}","{'CZ': (array([0.00000000e+00, 4.88281250e-01, 9.76562500e-01, ...,
       4.99023438e+02, 4.99511719e+02, 5.00000000e+02], shape=(1025,)), array([4.5966101e-03, 1.9604301e-03, 1.5459487e-03, ..., 2.5104043e-13,
       2.2724613e-13, 8.9007862e-14], shape=(1025,), dtype=float32)), 'C3': (array([0.00000000e+00, 4.88281250e-01, 9.76562500e-01, ...,
       4.99023438e+02, 4.99511719e+02, 5.00000000e+02], shape=(1025,)), array([1.3902184e-03, 6.0430920e-04, 4.0313235e-04, ..., 1.7061386e-13,
       1.2197638e-13, 4.8162873e-14], shape=(1025,), dtype=float32)), 'C4': (array([0.00000000e+00, 4.88281250e-01, 9.76562500e-01, ...,
       4.99023438e+02, 4.99511719e+02, 5.00000000e+02], shape=(1025,)), array([4.3294164e-03, 1.8033778e-03, 1.2503288e-03, ..., 2.3400859e-13,
       2.5127925e-13, 1.6023067e-13], shape=(1025,), dtype=float32))}",1.288635379751213,1.6387696523452178,1.1536215606611222,4.500233004364418,1.5554763233467384,0.30889436220604694,0.38135662907734513,0.29517347320506815,0.7694857331443927,0.40995908352670085,0.8833478095766623,1.0144504849449731,0.7781544263707474,8.536553959856974,2.4364684340980602
23,ID_25,Baseline OA,"{'CZ': array([-8.8088273e-06,  1.2693334e-03,  8.0429446e-03, ...,
        9.9685401e-02,  9.6160971e-02,  1.0892375e-01],
      shape=(62976,), dtype=float32), 'C3': array([ 0.00030938,  0.00064414,  0.0006366 , ..., -0.01618825,
       -0.01283542, -0.01054292], shape=(62976,), dtype=float32), 'C4': array([ 2.3392653e-05,  8.1214804e-04,  3.9213779e-03, ...,
       -1.8351723e-01, -1.7479093e-01, -1.9479895e-01],
      shape=(62976,), dtype=float32)}","{'CZ': (array([0.00000000e+00, 4.88281250e-01, 9.76562500e-01, ...,
       4.99023438e+02, 4.99511719e+02, 5.00000000e+02], shape=(1025,)), array([4.2864191e-03, 1.8108356e-03, 8.4879878e-04, ..., 3.4409883e-13,
       4.0758876e-13, 2.0299901e-13], shape=(1025,), dtype=float32)), 'C3': (array([0.00000000e+00, 4.88281250e-01, 9.76562500e-01, ...,
       4.99023438e+02, 4.99511719e+02, 5.00000000e+02], shape=(1025,)), array([2.2316116e-03, 9.3045126e-04, 6.8888982e-04, ..., 2.4938545e-13,
       2.2037443e-13, 8.2726421e-14], shape=(1025,), dtype=float32)), 'C4': (array([0.00000000e+00, 4.88281250e-01, 9.76562500e-01, ...,
       4.99023438e+02, 4.99511719e+02, 5.00000000e+02], shape=(1025,)), array([1.1546699e-03, 4.9040630e-04, 4.1617826e-04, ..., 2.9691736e-13,
       2.3083827e-13, 1.1389818e-13], shape=(1025,), dtype=float32))}",0.6878727194816747,1.4247535727918148,1.4375064347404987,2.7719434729078785,1.4516795010877104,0.36203510990162613,0.6162160425446928,0.5025103455409408,0.8991489721665857,0.6214692858748094,0.3468705592695187,0.47657176764914766,0.38022919397917576,1.0869039533645264,0.7416908052277904
24,ID_26,Baseline OA,"{'CZ': array([ 1.8096459e-04, -1.6857934e-04, -2.4832420e-03, ...,
        2.6281375e-01,  2.5743535e-01,  2.9724458e-01],
      shape=(62464,), dtype=float32), 'C3': array([ 3.0242547e-04, -2.1247973e-04, -5.1546930e-03, ...,
        1.9587833e-01,  1.9070572e-01,  2.1856442e-01],
      shape=(62464,), dtype=float32), 'C4': array([-3.7728401e-04, -2.4287845e-05,  2.9441314e-03, ...,
        8.2676724e-02,  7.5158313e-02,  7.8519821e-02],
      shape=(62464,), dtype=float32)}","{'CZ': (array([0.00000000e+00, 4.88281250e-01, 9.76562500e-01, ...,
       4.99023438e+02, 4.99511719e+02, 5.00000000e+02], shape=(1025,)), array([2.0454277e-03, 8.3224283e-04, 7.0327678e-04, ..., 1.8454735e-13,
       1.5261102e-13, 7.4201557e-14], shape=(1025,), dtype=float32)), 'C3': (array([0.00000000e+00, 4.88281250e-01, 9.76562500e-01, ...,
       4.99023438e+02, 4.99511719e+02, 5.00000000e+02], shape=(1025,)), array([1.9280990e-03, 7.3139271e-04, 1.1482626e-03, ..., 2.1737976e-13,
       2.0576150e-13, 1.1968173e-13], shape=(1025,), dtype=float32)), 'C4': (array([0.00000000e+00, 4.88281250e-01, 9.76562500e-01, ...,
       4.99023438e+02, 4.99511719e+02, 5.00000000e+02], shape=(1025,)), array([2.2650009e-03, 8.7573373e-04, 8.7081903e-04, ..., 1.6782764e-13,
       1.5189319e-13, 7.9903952e-14], shape=(1025,), dtype=float32))}",0.7063550920065609,0.8846559067023918,0.6400777128874324,1.4349876573760412,0.6503693803665556,0.5414057277448592,0.7121078815544024,0.5024034981033765,1.2045414514432196,0.7627421417737423,0.7931035988804069,0.5449399468488991,0.4353645272203721,1.0518734070501523,0.6765562646933176
25,ID_27,Baseline OA,"{'CZ': array([-0.00012154, -0.00045954, -0.00280286, ...,  0.0678746 ,
        0.06175167,  0.06459041], shape=(60928,), dtype=float32), 'C3': array([ 1.04719074e-04, -1.45433622e-03, -1.09917186e-02, ...,
        3.70845824e-01,  3.48912239e-01,  3.82564992e-01],
      shape=(60928,), dtype=float32), 'C4': array([-0.00010857, -0.00077408, -0.00401184, ..., -0.09367913,
       -0.0857232 , -0.09041419], shape=(60928,), dtype=float32)}","{'CZ': (array([0.00000000e+00, 4.88281250e-01, 9.76562500e-01, ...,
       4.99023438e+02, 4.99511719e+02, 5.00000000e+02], shape=(1025,)), array([1.2769782e-03, 5.4901029e-04, 4.0610053e-04, ..., 1.9343828e-13,
       2.1064431e-13, 5.7719990e-14], shape=(1025,), dtype=float32)), 'C3': (array([0.00000000e+00, 4.88281250e-01, 9.76562500e-01, ...,
       4.99023438e+02, 4.99511719e+02, 5.00000000e+02], shape=(1025,)), array([1.2451836e-03, 5.3278246e-04, 3.8531426e-04, ..., 1.2821141e-13,
       1.1706932e-13, 5.2544151e-14], shape=(1025,), dtype=float32)), 'C4': (array([0.00000000e+00, 4.88281250e-01, 9.76562500e-01, ...,
       4.99023438e+02, 4.99511719e+02, 5.00000000e+02], shape=(1025,)), array([1.5459483e-03, 6.6957483e-04, 3.8203076e-04, ..., 1.0849855e-13,
       9.9497904e-14, 5.1274160e-14], shape=(1025,), dtype=float32))}",0.4236203722030041,0.7394427302642725,0.7428751414408907,1.7895984165079426,1.5549193972219655,0.3506787538753997,0.4405120052979328,0.40834561514202505,1.1345686689310241,1.0390189936515526,0.30694918268636684,0.4391589136503171,0.3556985830073245,1.2038042641506763,0.8028438726341847
26,ID_28,Baseline OA,"{'CZ': array([-2.4688328e-05,  9.0244738e-04,  6.8037389e-03, ...,
       -7.1210098e-01, -6.7734212e-01, -7.5350595e-01],
      shape=(60928,), dtype=float32), 'C3': array([-2.6352855e-04,  4.8383605e-05,  4.7206348e-03, ...,
       -9.5355548e-02, -8.3027318e-02, -8.1168145e-02],
      shape=(60928,), dtype=float32), 'C4': array([ 2.8912723e-04, -1.5207335e-03, -1.2154323e-02, ...,
       -8.6358994e-01, -8.3058518e-01, -9.3731058e-01],
      shape=(60928,), dtype=float32)}","{'CZ': (array([0.00000000e+00, 4.88281250e-01, 9.76562500e-01, ...,
       4.99023438e+02, 4.99511719e+02, 5.00000000e+02], shape=(1025,)), array([2.8579980e-03, 1.1491773e-03, 1.4543283e-03, ..., 1.6291464e-13,
       1.6887766e-13, 9.9146873e-14], shape=(1025,), dtype=float32)), 'C3': (array([0.00000000e+00, 4.88281250e-01, 9.76562500e-01, ...,
       4.99023438e+02, 4.99511719e+02, 5.00000000e+02], shape=(1025,)), array([5.0346758e-03, 2.0969312e-03, 1.3006153e-03, ..., 2.1220407e-13,
       2.1905915e-13, 8.3714231e-14], shape=(1025,), dtype=float32)), 'C4': (array([0.00000000e+00, 4.88281250e-01, 9.76562500e-01, ...,
       4.99023438e+02, 4.99511719e+02, 5.00000000e+02], shape=(1025,)), array([4.0390771e-03, 1.6180844e-03, 1.0044527e-03, ..., 2.0759228e-13,
       2.1077388e-13, 9.4328333e-14], shape=(1025,), dtype=float32))}",0.9908260963129578,1.1445473355706781,0.9021068326546811,1.4921827332727844,1.005800970006021,1.0461956344443024,1.408397001796402,1.0889434051932767,2.9413677475531586,2.350771085048109,1.0486044302524533,1.3083699595881626,1.0103965541929938,2.831501107721124,2.23042278594221
27,ID_29,Baseline OA,"{'CZ': array([ 7.9951016e-04,  8.9528738e-05, -8.0320425e-03, ...,
        2.1239007e+00,  1.9920214e+00,  2.1749520e+00],
      shape=(60928,), dtype=float32), 'C3': array([ 5.5596349e-05,  6.8416804e-05, -3.6256426e-04, ...,
       -2.6174799e-01, -2.4726607e-01, -2.7259520e-01],
      shape=(60928,), dtype=float32), 'C4': array([ 9.3482318e-05,  4.9896911e-04,  2.3918594e-03, ...,
       -2.0935887e-01, -1.9969627e-01, -2.2298990e-01],
      shape=(60928,), dtype=float32)}","{'CZ': (array([0.00000000e+00, 4.88281250e-01, 9.76562500e-01, ...,
       4.99023438e+02, 4.99511719e+02, 5.00000000e+02], shape=(1025,)), array([7.2801918e-02, 3.2087773e-02, 1.0013792e-02, ..., 1.2363093e-12,
       1.1062676e-12, 4.0633591e-13], shape=(1025,), dtype=float32)), 'C3': (array([0.00000000e+00, 4.88281250e-01, 9.76562500e-01, ...,
       4.99023438e+02, 4.99511719e+02, 5.00000000e+02], shape=(1025,)), array([3.8503860e-03, 1.5431185e-03, 5.9193256e-04, ..., 2.2427381e-13,
       1.8891894e-13, 9.8168096e-14], shape=(1025,), dtype=float32)), 'C4': (array([0.00000000e+00, 4.88281250e-01, 9.76562500e-01, ...,
       4.99023438e+02, 4.99511719e+02, 5.00000000e+02], shape=(1025,)), array([2.2026740e-03, 9.5098146e-04, 6.4831431e-04, ..., 2.2175282e-13,
       2.0532503e-13, 9.1686282e-14], shape=(1025,), dtype=float32))}",19.787628814810887,42.23640915006399,33.88445312157273,47.198619751725346,17.3570837778243,0.9818509952310706,1.0156252610613592,0.6129250396043062,1.2728074216283858,0.8780403379660129,0.5187756601117144,0.879008301126305,0.6725150233251043,1.252783638847177,0.8694055177329574
28,ID_30,Baseline OA,"{'CZ': array([-8.2483457e-05,  9.1746228e-04,  5.9611974e-03, ...,
        1.2979050e+00,  1.2172667e+00,  1.3290653e+00],
      shape=(60416,), dtype=float32), 'C3': array([ 1.8056692e-04, -4.7981285e-04, -5.7120058e-03, ...,
        1.1648636e+00,  1.0953488e+00,  1.1993318e+00],
      shape=(60416,), dtype=float32), 'C4': array([-0.00012183,  0.00086659,  0.00407107, ..., -0.00755525,
        0.00242577,  0.0175873 ], shape=(60416,), dtype=float32)}","{'CZ': (array([0.00000000e+00, 4.88281250e-01, 9.76562500e-01, ...,
       4.99023438e+02, 4.99511719e+02, 5.00000000e+02], shape=(1025,)), array([4.4600433e-03, 1.8490456e-03, 1.2865181e-03, ..., 2.7095958e-13,
       2.2776288e-13, 8.9030908e-14], shape=(1025,), dtype=float32)), 'C3': (array([0.00000000e+00, 4.88281250e-01, 9.76562500e-01, ...,
       4.99023438e+02, 4.99511719e+02, 5.00000000e+02], shape=(1025,)), array([1.3704669e-03, 5.5452337e-04, 4.2404112e-04, ..., 1.9140432e-13,
       1.8769104e-13, 7.2721350e-14], shape=(1025,), dtype=float32)), 'C4': (array([0.00000000e+00, 4.88281250e-01, 9.76562500e-01, ...,
       4.99023438e+02, 4.99511719e+02, 5.00000000e+02], shape=(1025,)), array([5.9005604e-03, 2.2927274e-03, 1.6378051e-03, ..., 4.3190817e-13,
       3.0271526e-13, 1.3381474e-13], shape=(1025,), dtype=float32))}",0.9386550718772924,1.6490373091073707,1.3748320925515145,2.512760787794832,1.2265100169770449,0.4082419063706766,0.6162476929603145,0.506065505760489,0.8909717598726274,0.49925245963322595,1.2274113332750858,1.699571090284735,1.3001729676034302,3.740574054972967,1.8077649069709878
29,ID_31,Baseline OA,"{'CZ': array([ 0.00041595,  0.0008532 ,  0.00169035, ..., -0.15608807,
       -0.14313017, -0.15144417], shape=(60928,), dtype=float32), 'C3': array([6.8914633e-05, 1.1933585e-04, 1.0380546e-03, ..., 6.0503028e-02,
       5.9488829e-02, 6.9010578e-02], shape=(60928,), dtype=float32), 'C4': array([ 6.0904222e-05,  6.2228425e-04,  3.4977072e-03, ...,
       -6.2508576e-02, -5.9350282e-02, -6.5873176e-02],
      shape=(60928,), dtype=float32)}","{'CZ': (array([0.00000000e+00, 4.88281250e-01, 9.76562500e-01, ...,
       4.99023438e+02, 4.99511719e+02, 5.00000000e+02], shape=(1025,)), array([3.7279064e-03, 1.4139136e-03, 1.2596250e-03, ..., 2.7680763e-13,
       2.8447551e-13, 1.4091822e-13], shape=(1025,), dtype=float32)), 'C3': (array([0.00000000e+00, 4.88281250e-01, 9.76562500e-01, ...,
       4.99023438e+02, 4.99511719e+02, 5.00000000e+02], shape=(1025,)), array([2.5981592e-03, 9.7906264e-04, 1.4792361e-03, ..., 1.8658320e-13,
       2.1478305e-13, 1.1788975e-13], shape=(1025,), dtype=float32)), 'C4': (array([0.00000000e+00, 4.88281250e-01, 9.76562500e-01, ...,
       4.99023438e+02, 4.99511719e+02, 5.00000000e+02], shape=(1025,)), array([7.8969053e-04, 3.1291929e-04, 5.5087160e-04, ..., 9.3108023e-14,
       9.3150537e-14, 4.6362287e-14], shape=(1025,), dtype=float32))}",0.8114445408864412,1.3723168231081218,0.8595197723479941,2.302744951521163,1.1749397467610834,0.7615018575961585,0.7773876714054495,0.4263421542418655,1.299519124586368,0.984623814929364,0.26169358079641825,0.27601575129665434,0.16851446343935095,0.41036997754417825,0.41886647858291326
30,ID_32,Baseline OA,"{'CZ': array([4.4719432e-04, 3.4254156e-03, 1.9854890e-02, ..., 3.0275797e+01,
       2.8575644e+01, 3.1465725e+01], shape=(60928,), dtype=float32), 'C3': array([-4.0118850e-04,  1.6753792e-03,  1.2620943e-02, ...,
        3.5940620e+01,  3.4035896e+01,  3.7643139e+01],
      shape=(60928,), dtype=float32), 'C4': array([-2.3605331e-04,  1.0266467e-03,  7.0172837e-03, ...,
        3.2784241e+01,  3.0987389e+01,  3.4185379e+01],
      shape=(60928,), dtype=float32)}","{'CZ': (array([0.00000000e+00, 4.88281250e-01, 9.76562500e-01, ...,
       4.99023438e+02, 4.99511719e+02, 5.00000000e+02], shape=(1025,)), array([4.4505996e-01, 1.7530909e-01, 1.8601067e-01, ..., 2.4891901e-12,
       2.5931594e-12, 1.2239761e-12], shape=(1025,), dtype=float32)), 'C3': (array([0.00000000e+00, 4.88281250e-01, 9.76562500e-01, ...,
       4.99023438e+02, 4.99511719e+02, 5.00000000e+02], shape=(1025,)), array([6.5297568e-01, 2.6149604e-01, 2.6903802e-01, ..., 4.4646617e-12,
       4.6369748e-12, 1.6638959e-12], shape=(1025,), dtype=float32)), 'C4': (array([0.00000000e+00, 4.88281250e-01, 9.76562500e-01, ...,
       4.99023438e+02, 4.99511719e+02, 5.00000000e+02], shape=(1025,)), array([7.0574945e-01, 2.8493086e-01, 2.7449656e-01, ..., 4.7695788e-12,
       6.1570488e-12, 3.7214706e-12], shape=(1025,), dtype=float32))}",108.24531852267683,75.24429867044091,29.532118933275342,33.097240957431495,9.827160386521427,158.02070777863264,129.72580641508102,58.15283069387078,84.4483245164156,29.24587704546866,171.878217253834,149.7994801029563,69.43340739235282,94.83880293555558,32.90254233434098
31,ID_33,Baseline OA,"{'CZ': array([ 7.9304446e-04, -1.7256362e-03, -1.5296432e-02, ...,
       -2.1003094e+01, -1.9677128e+01, -2.1450703e+01],
      shape=(60928,), dtype=float32), 'C3': array([ 4.5949337e-04, -5.7489774e-04, -5.3944252e-03, ...,
       -1.6639132e+01, -1.5609262e+01, -1.7045696e+01],
      shape=(60928,), dtype=float32), 'C4': array([-1.6908062e-04, -2.9569201e-05,  2.1996265e-03, ...,
        4.0909523e+01,  3.8576794e+01,  4.2426456e+01],
      shape=(60928,), dtype=float32)}","{'CZ': (array([0.00000000e+00, 4.88281250e-01, 9.76562500e-01, ...,
       4.99023438e+02, 4.99511719e+02, 5.00000000e+02], shape=(1025,)), array([1.1376208e+00, 4.4456384e-01, 1.3559645e+00, ..., 1.7482888e-11,
       1.0135028e-11, 5.1261361e-12], shape=(1025,), dtype=float32)), 'C3': (array([0.00000000e+00, 4.88281250e-01, 9.76562500e-01, ...,
       4.99023438e+02, 4.99511719e+02, 5.00000000e+02], shape=(1025,)), array([6.9086164e-01, 3.1530604e-01, 1.5531325e+00, ..., 8.1427955e-12,
       1.1658625e-11, 5.8228266e-12], shape=(1025,), dtype=float32)), 'C4': (array([0.00000000e+00, 4.88281250e-01, 9.76562500e-01, ...,
       4.99023438e+02, 4.99511719e+02, 5.00000000e+02], shape=(1025,)), array([6.6238818e+00, 2.1847425e+00, 2.5845804e+00, ..., 2.9755552e-11,
       4.1321939e-11, 1.4577327e-11], shape=(1025,), dtype=float32))}",602.144249714911,191.2305587902665,102.16808505356312,89.8406757041812,19.92174316819728,563.2867678068578,273.53635430336,88.69083737954497,78.49077484570444,18.58043335232651,1168.2235300540924,398.2211872935295,95.36556247621775,77.12320348946378,18.706703069256037
32,ID_33,Baseline OA,"{'CZ': array([ 6.4271619e-04, -1.0102752e-03, -1.0646819e-02, ...,
       -4.4241085e+01, -4.1636349e+01, -4.5664589e+01],
      shape=(60928,), dtype=float32), 'C3': array([ 8.7775217e-05,  2.0993786e-04,  1.8000612e-03, ...,
       -4.0094162e+01, -3.7791035e+01, -4.1535587e+01],
      shape=(60928,), dtype=float32), 'C4': array([ 1.9455416e-05, -1.5407585e-03, -8.8453647e-03, ...,
        3.4628765e+01,  3.2573872e+01,  3.5706810e+01],
      shape=(60928,), dtype=float32)}","{'CZ': (array([0.00000000e+00, 4.88281250e-01, 9.76562500e-01, ...,
       4.99023438e+02, 4.99511719e+02, 5.00000000e+02], shape=(1025,)), array([1.2431060e+00, 4.5907897e-01, 1.1294531e+00, ..., 1.1118658e-11,
       8.9057199e-12, 3.7966878e-12], shape=(1025,), dtype=float32)), 'C3': (array([0.00000000e+00, 4.88281250e-01, 9.76562500e-01, ...,
       4.99023438e+02, 4.99511719e+02, 5.00000000e+02], shape=(1025,)), array([8.3624995e-01, 3.3050567e-01, 1.1844909e+00, ..., 5.3739123e-12,
       7.2600411e-12, 5.7731918e-12], shape=(1025,), dtype=float32)), 'C4': (array([0.00000000e+00, 4.88281250e-01, 9.76562500e-01, ...,
       4.99023438e+02, 4.99511719e+02, 5.00000000e+02], shape=(1025,)), array([5.6408815e+00, 1.8650192e+00, 2.3795695e+00, ..., 1.4503590e-11,
       1.4831246e-11, 8.1525012e-12], shape=(1025,), dtype=float32))}",507.7433194965124,169.13909651339054,113.54309227317572,102.3516635177657,26.78582495173032,567.6254867576063,332.5537908822298,84.59212584421039,79.05582006787881,16.705756141163874,963.4979106485844,284.283927641809,67.99458852037787,55.57701192446984,11.907602708561171
33,ID_34,Baseline OA,"{'CZ': array([ 0.00027192, -0.00142055, -0.01099578, ..., -0.13591515,
       -0.12902266, -0.14315361], shape=(60928,), dtype=float32), 'C3': array([ 0.00028432, -0.00047478, -0.00476447, ...,  0.08539534,
        0.07772148,  0.08134536], shape=(60928,), dtype=float32), 'C4': array([-0.00014657, -0.00041071,  0.00064976, ...,  0.00749746,
        0.00752604,  0.00894762], shape=(60928,), dtype=float32)}","{'CZ': (array([0.00000000e+00, 4.88281250e-01, 9.76562500e-01, ...,
       4.99023438e+02, 4.99511719e+02, 5.00000000e+02], shape=(1025,)), array([2.6936871e-03, 1.1291743e-03, 5.1244732e-04, ..., 1.5087950e-13,
       1.7751307e-13, 9.7499896e-14], shape=(1025,), dtype=float32)), 'C3': (array([0.00000000e+00, 4.88281250e-01, 9.76562500e-01, ...,
       4.99023438e+02, 4.99511719e+02, 5.00000000e+02], shape=(1025,)), array([3.3496141e-03, 1.3421935e-03, 5.8766658e-04, ..., 1.9591415e-13,
       1.6842624e-13, 9.8843297e-14], shape=(1025,), dtype=float32)), 'C4': (array([0.00000000e+00, 4.88281250e-01, 9.76562500e-01, ...,
       4.99023438e+02, 4.99511719e+02, 5.00000000e+02], shape=(1025,)), array([3.8172312e-03, 1.4362858e-03, 6.3920661e-04, ..., 2.1641194e-13,
       2.1542569e-13, 1.1935198e-13], shape=(1025,), dtype=float32))}",0.569058981454873,1.0124586406163871,0.751451741962228,4.453269109944813,1.6048593186042126,0.5189352918932855,0.6273169929045253,0.5508923350134864,4.851574125495972,1.2621007941788775,0.8704785223017097,1.0799156152643263,0.8026587529457174,7.434139788529137,1.9678356100030214
34,ID_35,Baseline OA,"{'CZ': array([-8.4070576e-05, -7.7643315e-05, -7.0856995e-04, ...,
        9.5653594e-01,  9.0726757e-01,  1.0051416e+00],
      shape=(60928,), dtype=float32), 'C3': array([-2.9830699e-05,  3.2476126e-04,  2.1423677e-03, ...,
       -7.1187890e-01, -6.7895317e-01, -7.5778979e-01],
      shape=(60928,), dtype=float32), 'C4': array([-8.7161839e-05,  7.3632214e-04,  5.0382647e-03, ...,
       -8.7612301e-01, -8.3472997e-01, -9.3057460e-01],
      shape=(60928,), dtype=float32)}","{'CZ': (array([0.00000000e+00, 4.88281250e-01, 9.76562500e-01, ...,
       4.99023438e+02, 4.99511719e+02, 5.00000000e+02], shape=(1025,)), array([4.10995632e-03, 1.67389808e-03, 1.07492774e-03, ...,
       1.70835148e-13, 1.79093611e-13, 1.04199655e-13],
      shape=(1025,), dtype=float32)), 'C3': (array([0.00000000e+00, 4.88281250e-01, 9.76562500e-01, ...,
       4.99023438e+02, 4.99511719e+02, 5.00000000e+02], shape=(1025,)), array([2.2548144e-03, 9.3781570e-04, 1.0875032e-03, ..., 1.5642812e-13,
       1.5585089e-13, 9.6112456e-14], shape=(1025,), dtype=float32)), 'C4': (array([0.00000000e+00, 4.88281250e-01, 9.76562500e-01, ...,
       4.99023438e+02, 4.99511719e+02, 5.00000000e+02], shape=(1025,)), array([1.8144886e-03, 7.6825503e-04, 7.4276817e-04, ..., 1.2961870e-13,
       1.3344822e-13, 8.3133932e-14], shape=(1025,), dtype=float32))}",1.29812996237888,1.296032773097977,1.2185015075374395,2.2895389865880134,0.9943541597294825,0.747935820982093,0.9369642939418554,0.61463382007787,3.55252018016472,1.1878008237999893,0.43549161546252435,0.6800362971262075,0.628948058874812,3.0556684232578846,0.9619267005973597
35,ID_36,Baseline OA,"{'CZ': array([ 3.1306467e-04,  8.7637454e-06, -3.0501760e-03, ...,
        1.4222127e+00,  1.3488716e+00,  1.4948093e+00],
      shape=(60928,), dtype=float32), 'C3': array([ 2.9857818e-04, -5.3213839e-04, -7.8232232e-03, ...,
       -7.4639881e-01, -7.1027994e-01, -7.9057086e-01],
      shape=(60928,), dtype=float32), 'C4': array([ 8.49852804e-04, -5.31135825e-04, -1.27696525e-02, ...,
        1.65304899e+00,  1.58111680e+00,  1.77158117e+00],
      shape=(60928,), dtype=float32)}","{'CZ': (array([0.00000000e+00, 4.88281250e-01, 9.76562500e-01, ...,
       4.99023438e+02, 4.99511719e+02, 5.00000000e+02], shape=(1025,)), array([8.5884696e-03, 3.4184447e-03, 1.8205608e-03, ..., 3.0233680e-13,
       2.8582483e-13, 1.3352982e-13], shape=(1025,), dtype=float32)), 'C3': (array([0.00000000e+00, 4.88281250e-01, 9.76562500e-01, ...,
       4.99023438e+02, 4.99511719e+02, 5.00000000e+02], shape=(1025,)), array([5.5095018e-03, 2.3463378e-03, 2.1691411e-03, ..., 5.8979313e-13,
       4.8340742e-13, 2.2910455e-13], shape=(1025,), dtype=float32)), 'C4': (array([0.00000000e+00, 4.88281250e-01, 9.76562500e-01, ...,
       4.99023438e+02, 4.99511719e+02, 5.00000000e+02], shape=(1025,)), array([2.0873409e-02, 9.2900684e-03, 9.2769358e-03, ..., 9.0515074e-13,
       8.6177842e-13, 4.2909044e-13], shape=(1025,), dtype=float32))}",1.4439269943977706,2.737002621870488,2.2644084092462435,5.634528937662253,1.5037784860396641,1.029433156872983,1.6462087369291112,1.109406803152524,2.700870581975323,1.2663116374369565,5.982697868603282,11.096945381723344,6.828307232353836,7.341510870901402,4.318819200307189
36,ID_37,Baseline OA,"{'CZ': array([-7.5467920e-05, -1.2330560e-04,  2.9287481e-04, ...,
       -5.8510405e-01, -5.5294180e-01, -6.0990465e-01],
      shape=(61952,), dtype=float32), 'C3': array([ 2.7264422e-04, -1.8989781e-03, -1.4285495e-02, ...,
       -9.6155196e-01, -9.1644371e-01, -1.0221338e+00],
      shape=(61952,), dtype=float32), 'C4': array([-3.7588039e-04,  1.0924517e-03,  1.2143842e-02, ...,
       -7.5563020e-01, -7.1515399e-01, -7.9043794e-01],
      shape=(61952,), dtype=float32)}","{'CZ': (array([0.00000000e+00, 4.88281250e-01, 9.76562500e-01, ...,
       4.99023438e+02, 4.99511719e+02, 5.00000000e+02], shape=(1025,)), array([3.7125500e-03, 1.3905946e-03, 1.6992525e-03, ..., 3.9581649e-13,
       3.6829277e-13, 1.8883025e-13], shape=(1025,), dtype=float32)), 'C3': (array([0.00000000e+00, 4.88281250e-01, 9.76562500e-01, ...,
       4.99023438e+02, 4.99511719e+02, 5.00000000e+02], shape=(1025,)), array([3.4520424e-03, 1.3822323e-03, 1.4407743e-03, ..., 2.6901880e-13,
       2.8976395e-13, 1.3063276e-13], shape=(1025,), dtype=float32)), 'C4': (array([0.00000000e+00, 4.88281250e-01, 9.76562500e-01, ...,
       4.99023438e+02, 4.99511719e+02, 5.00000000e+02], shape=(1025,)), array([4.5209778e-03, 1.7770986e-03, 1.9412721e-03, ..., 3.8892479e-13,
       4.5048766e-13, 2.7713804e-13], shape=(1025,), dtype=float32))}",0.9225393368978985,0.8578227934776805,0.8633739707875066,1.4297335146693513,1.0030400031837416,1.2253405620867852,0.9623422592994757,0.8353340090252459,1.4602863229811192,0.9408357200300088,1.2848565020249225,1.3482866197591648,0.6993475544732064,1.6213834933296312,1.0108703376090489
37,ID_38,Baseline OA,"{'CZ': array([-7.6441269e-05,  1.0133312e-03,  5.8501014e-03, ...,
        1.6344842e+00,  1.5515282e+00,  1.7200097e+00],
      shape=(61952,), dtype=float32), 'C3': array([1.3651609e-04, 4.4398179e-04, 1.9773352e-03, ..., 9.7202003e-01,
       9.2620140e-01, 1.0321478e+00], shape=(61952,), dtype=float32), 'C4': array([ 2.8378150e-04, -3.1936681e-04, -4.1938266e-03, ...,
        6.5573800e-01,  6.1457205e-01,  6.7056531e-01],
      shape=(61952,), dtype=float32)}","{'CZ': (array([0.00000000e+00, 4.88281250e-01, 9.76562500e-01, ...,
       4.99023438e+02, 4.99511719e+02, 5.00000000e+02], shape=(1025,)), array([4.4011632e-03, 1.8264095e-03, 2.6095335e-03, ..., 3.0736465e-13,
       2.5654907e-13, 1.4699800e-13], shape=(1025,), dtype=float32)), 'C3': (array([0.00000000e+00, 4.88281250e-01, 9.76562500e-01, ...,
       4.99023438e+02, 4.99511719e+02, 5.00000000e+02], shape=(1025,)), array([2.4322192e-03, 9.4045157e-04, 9.1997662e-04, ..., 1.2757219e-13,
       1.3051076e-13, 7.7309666e-14], shape=(1025,), dtype=float32)), 'C4': (array([0.00000000e+00, 4.88281250e-01, 9.76562500e-01, ...,
       4.99023438e+02, 4.99511719e+02, 5.00000000e+02], shape=(1025,)), array([1.0389062e-02, 4.1977814e-03, 4.8534609e-03, ..., 2.9809708e-13,
       3.2783956e-13, 1.4683838e-13], shape=(1025,), dtype=float32))}",1.9293249206384644,2.1710541914217174,1.5708415594417602,4.926792833430227,6.099915092818264,0.6972605515329633,0.7601222387165762,0.3582318386179395,0.8582964874221943,0.5842436752345748,2.632379146234598,1.9762129231821746,1.1006912609445862,2.9827689832018223,2.1978382210363634
38,ID_39,Baseline OA,"{'CZ': array([3.7681399e-05, 3.1311004e-03, 2.0310024e-02, ..., 9.6946514e-01,
       9.0495765e-01, 9.8494112e-01], shape=(60928,), dtype=float32), 'C3': array([-3.5053713e-04,  1.0663829e-03,  8.0618728e-03, ...,
        1.4086305e+00,  1.3329804e+00,  1.4708363e+00],
      shape=(60928,), dtype=float32), 'C4': array([-3.4118735e-04, -6.0459366e-05,  2.0943191e-03, ...,
        1.9742525e+00,  1.8703465e+00,  2.0685773e+00],
      shape=(60928,), dtype=float32)}","{'CZ': (array([0.00000000e+00, 4.88281250e-01, 9.76562500e-01, ...,
       4.99023438e+02, 4.99511719e+02, 5.00000000e+02], shape=(1025,)), array([5.7482886e-01, 1.5539405e-01, 1.4356562e+00, ..., 8.2156235e-12,
       5.1031466e-12, 1.6767874e-12], shape=(1025,), dtype=float32)), 'C3': (array([0.00000000e+00, 4.88281250e-01, 9.76562500e-01, ...,
       4.99023438e+02, 4.99511719e+02, 5.00000000e+02], shape=(1025,)), array([8.5124336e-02, 2.2777451e-02, 1.6703546e-01, ..., 6.9575292e-13,
       1.1617479e-12, 9.7539143e-13], shape=(1025,), dtype=float32)), 'C4': (array([0.00000000e+00, 4.88281250e-01, 9.76562500e-01, ...,
       4.99023438e+02, 4.99511719e+02, 5.00000000e+02], shape=(1025,)), array([3.0868124e-02, 1.8552955e-02, 2.4978091e-01, ..., 3.8138962e-12,
       2.5208442e-12, 7.7983995e-13], shape=(1025,), dtype=float32))}",210.1996224373579,42.110501672141254,25.206637801602483,78.17487674765289,75.12924425827805,26.80782089009881,7.4443494086153805,2.6357991446275264,7.352384636760689,7.457940002495889,98.84348371997476,18.701762543059886,4.309034498874098,8.376721656532027,5.541097864806943
39,ID_40,Baseline OA,"{'CZ': array([-0.0016382 ,  0.00225983,  0.03292692, ...,  0.35437813,
        0.314615  ,  0.31741935], shape=(60416,), dtype=float32), 'C3': array([ 0.00029562, -0.00232693, -0.01724497, ..., -0.08911136,
       -0.07863895, -0.07859209], shape=(60416,), dtype=float32), 'C4': array([ 0.00145822, -0.00242063, -0.03009302, ..., -0.16028321,
       -0.15526856, -0.17681547], shape=(60416,), dtype=float32)}","{'CZ': (array([0.00000000e+00, 4.88281250e-01, 9.76562500e-01, ...,
       4.99023438e+02, 4.99511719e+02, 5.00000000e+02], shape=(1025,)), array([1.9050210e+00, 7.7369958e-01, 1.8262897e+00, ..., 1.8788587e-11,
       1.0333018e-11, 5.3704641e-12], shape=(1025,), dtype=float32)), 'C3': (array([0.00000000e+00, 4.88281250e-01, 9.76562500e-01, ...,
       4.99023438e+02, 4.99511719e+02, 5.00000000e+02], shape=(1025,)), array([2.7308986e-01, 1.6446537e-01, 9.0337366e-01, ..., 1.8352509e-11,
       1.0364277e-11, 5.8058263e-12], shape=(1025,), dtype=float32)), 'C4': (array([0.00000000e+00, 4.88281250e-01, 9.76562500e-01, ...,
       4.99023438e+02, 4.99511719e+02, 5.00000000e+02], shape=(1025,)), array([1.2523876e+00, 4.7909108e-01, 2.1136329e+00, ..., 4.4854211e-11,
       5.7156384e-11, 4.7612407e-11], shape=(1025,), dtype=float32))}",766.9979967176914,1335.7141613960266,641.9261321425438,595.3475905116647,171.53731209691614,592.3109967261553,605.0269715487957,596.3731035590172,611.6365792695433,213.40464388777036,1099.1392564028502,668.7922179698944,792.4329526722431,618.9549438422546,161.81589689222164
40,ID_41,Baseline OA,"{'CZ': array([-0.00039528,  0.00160299,  0.01344766, ..., -0.3075891 ,
       -0.29077414, -0.3208268 ], shape=(60928,), dtype=float32), 'C3': array([-8.7815512e-05,  3.8758156e-04,  2.0691874e-03, ...,
       -3.0745882e-01, -2.9372337e-01, -3.2859704e-01],
      shape=(60928,), dtype=float32), 'C4': array([ 5.7597179e-04, -5.9607206e-05, -7.1694525e-03, ...,
        2.4970603e-01,  2.3207253e-01,  2.5019640e-01],
      shape=(60928,), dtype=float32)}","{'CZ': (array([0.00000000e+00, 4.88281250e-01, 9.76562500e-01, ...,
       4.99023438e+02, 4.99511719e+02, 5.00000000e+02], shape=(1025,)), array([3.42169311e-03, 1.61871361e-03, 7.77431671e-03, ...,
       2.62920789e-13, 2.37753285e-13, 1.11054266e-13],
      shape=(1025,), dtype=float32)), 'C3': (array([0.00000000e+00, 4.88281250e-01, 9.76562500e-01, ...,
       4.99023438e+02, 4.99511719e+02, 5.00000000e+02], shape=(1025,)), array([3.3024156e-03, 1.5237083e-03, 7.0364373e-03, ..., 2.5551756e-13,
       2.6262781e-13, 1.1223499e-13], shape=(1025,), dtype=float32)), 'C4': (array([0.00000000e+00, 4.88281250e-01, 9.76562500e-01, ...,
       4.99023438e+02, 4.99511719e+02, 5.00000000e+02], shape=(1025,)), array([6.8095224e-03, 2.9267715e-03, 4.9117128e-03, ..., 3.8251851e-13,
       3.5425157e-13, 2.2295235e-13], shape=(1025,), dtype=float32))}",1.271636316232616,1.777352299541235,1.4798879128647968,2.7644099936878774,1.3222278549847033,1.2948282455909066,1.843109042965807,1.0537288108025678,2.6165474773733877,1.3042146244970354,2.099155248288298,3.058331902138889,3.1717141973786056,6.122538754425477,3.500300147152302
41,ID_42,Baseline OA,"{'CZ': array([-1.4400575e-05, -3.0113172e-03, -1.7551417e-02, ...,
       -3.9095357e-02, -3.9083708e-02, -4.6243161e-02],
      shape=(62976,), dtype=float32), 'C3': array([-0.00050699,  0.00011183,  0.00689571, ..., -0.08987904,
       -0.08374891, -0.09062433], shape=(62976,), dtype=float32), 'C4': array([ 0.00020464, -0.00115418, -0.00992043, ...,  0.01060426,
        0.00926705,  0.00911196], shape=(62976,), dtype=float32)}","{'CZ': (array([0.00000000e+00, 4.88281250e-01, 9.76562500e-01, ...,
       4.99023438e+02, 4.99511719e+02, 5.00000000e+02], shape=(1025,)), array([3.7057209e-03, 1.6119679e-03, 7.7711116e-04, ..., 2.7426051e-13,
       1.8803138e-13, 8.9842311e-14], shape=(1025,), dtype=float32)), 'C3': (array([0.00000000e+00, 4.88281250e-01, 9.76562500e-01, ...,
       4.99023438e+02, 4.99511719e+02, 5.00000000e+02], shape=(1025,)), array([2.36240663e-02, 1.02405883e-02, 3.65216611e-03, ...,
       2.41162613e-13, 1.96131956e-13, 1.05264755e-13],
      shape=(1025,), dtype=float32)), 'C4': (array([0.00000000e+00, 4.88281250e-01, 9.76562500e-01, ...,
       4.99023438e+02, 4.99511719e+02, 5.00000000e+02], shape=(1025,)), array([2.1894211e-03, 9.5683360e-04, 5.3011416e-04, ..., 1.0534876e-13,
       9.7179927e-14, 4.2945326e-14], shape=(1025,), dtype=float32))}",0.5767120687778515,1.1644926053122617,0.852699602546636,1.3699170249310555,1.043814491822559,1.588450575582101,2.639406535308808,2.027996444667224,1.7433646717108786,1.0428277857954527,0.26094164604728576,0.28316022144281305,0.29444502251863014,0.368780807548319,0.37249006129513873
42,ID_43,Baseline OA,"{'CZ': array([-7.1508088e-04,  1.0730594e-03,  1.2511827e-02, ...,
        7.9979193e-01,  7.5313634e-01,  8.2673943e-01],
      shape=(60928,), dtype=float32), 'C3': array([-0.00045576,  0.00075447,  0.00983512, ...,  0.27381873,
        0.25759196,  0.2823701 ], shape=(60928,), dtype=float32), 'C4': array([-5.4372055e-04,  1.5824195e-04,  6.3149286e-03, ...,
        8.5846657e-01,  8.0805522e-01,  8.8651514e-01],
      shape=(60928,), dtype=float32)}","{'CZ': (array([0.00000000e+00, 4.88281250e-01, 9.76562500e-01, ...,
       4.99023438e+02, 4.99511719e+02, 5.00000000e+02], shape=(1025,)), array([7.9541048e-03, 3.3714420e-03, 1.2048689e-03, ..., 2.1335735e-13,
       2.5533417e-13, 1.4158080e-13], shape=(1025,), dtype=float32)), 'C3': (array([0.00000000e+00, 4.88281250e-01, 9.76562500e-01, ...,
       4.99023438e+02, 4.99511719e+02, 5.00000000e+02], shape=(1025,)), array([5.1448476e-03, 2.2015939e-03, 1.4164937e-03, ..., 2.1734727e-13,
       2.3726312e-13, 1.2108583e-13], shape=(1025,), dtype=float32)), 'C4': (array([0.00000000e+00, 4.88281250e-01, 9.76562500e-01, ...,
       4.99023438e+02, 4.99511719e+02, 5.00000000e+02], shape=(1025,)), array([4.5339558e-03, 2.0082321e-03, 1.9858028e-03, ..., 2.4569016e-13,
       2.7620405e-13, 1.2264359e-13], shape=(1025,), dtype=float32))}",1.2018326042380068,2.383926010224968,2.2620720992563292,4.381725862913299,2.0895507653904133,1.1235877227591118,1.5487373166251928,1.4500163160846569,2.177242196921725,1.2758311208926898,1.324144392128801,2.1065005275886506,1.531913731014356,3.764811270229984,1.5895243024033334
43,ID_44,Baseline OA,"{'CZ': array([-8.7878969e-04,  1.9736867e-03,  2.2061840e-02, ...,
       -1.5862192e+00, -1.5501773e+00, -1.7842151e+00],
      shape=(65536,), dtype=float32), 'C3': array([-9.4422791e-04,  1.9685128e-03,  2.2566207e-02, ...,
       -8.7331146e-01, -8.8929939e-01, -1.0742826e+00],
      shape=(65536,), dtype=float32), 'C4': array([ 0.00653168, -0.01133114, -0.13771613, ..., -0.22426754,
       -0.25519487, -0.34653476], shape=(65536,), dtype=float32)}","{'CZ': (array([0.00000000e+00, 4.88281250e-01, 9.76562500e-01, ...,
       4.99023438e+02, 4.99511719e+02, 5.00000000e+02], shape=(1025,)), array([4.1673001e-02, 1.4868157e-02, 4.6771642e-02, ..., 8.6565060e-13,
       6.3253515e-13, 3.6956066e-13], shape=(1025,), dtype=float32)), 'C3': (array([0.00000000e+00, 4.88281250e-01, 9.76562500e-01, ...,
       4.99023438e+02, 4.99511719e+02, 5.00000000e+02], shape=(1025,)), array([4.4401783e-02, 1.5065062e-02, 4.7031041e-02, ..., 5.7356295e-13,
       6.1236742e-13, 3.0929453e-13], shape=(1025,), dtype=float32)), 'C4': (array([0.00000000e+00, 4.88281250e-01, 9.76562500e-01, ...,
       4.99023438e+02, 4.99511719e+02, 5.00000000e+02], shape=(1025,)), array([5.4020941e-01, 2.0178674e-01, 1.1838709e-01, ..., 2.1706612e-12,
       1.6398711e-12, 1.1789585e-12], shape=(1025,), dtype=float32))}",13.029619090957567,8.31176684005186,4.12889095605351,9.545487599098124,6.851985745015554,12.220177974086255,7.439306762535125,3.5469717404339463,5.2644280513050035,3.1039549260185595,119.13536314386874,65.74115343391895,81.04140474461019,42.7071520825848,11.088121951615904
44,ID_02,Baseline OF,"{'CZ': array([ 0.00015188, -0.00026231, -0.00371769, ..., -0.11436875,
       -0.10764617, -0.11808947], shape=(60928,), dtype=float32), 'C3': array([ 0.00047196,  0.00247433,  0.00717339, ..., -0.4371363 ,
       -0.41310653, -0.4556724 ], shape=(60928,), dtype=float32), 'C4': array([-0.00038724, -0.00272105, -0.01139822, ...,  0.24274668,
        0.22628969,  0.24501097], shape=(60928,), dtype=float32)}","{'CZ': (array([0.00000000e+00, 4.88281250e-01, 9.76562500e-01, ...,
       4.99023438e+02, 4.99511719e+02, 5.00000000e+02], shape=(1025,)), array([1.1288187e-03, 4.7451881e-04, 2.0799978e-04, ..., 6.5012008e-14,
       7.0999826e-14, 3.9402855e-14], shape=(1025,), dtype=float32)), 'C3': (array([0.00000000e+00, 4.88281250e-01, 9.76562500e-01, ...,
       4.99023438e+02, 4.99511719e+02, 5.00000000e+02], shape=(1025,)), array([2.3193823e-03, 9.8467874e-04, 4.9344136e-04, ..., 2.1829587e-13,
       2.1843685e-13, 1.0500210e-13], shape=(1025,), dtype=float32)), 'C4': (array([0.00000000e+00, 4.88281250e-01, 9.76562500e-01, ...,
       4.99023438e+02, 4.99511719e+02, 5.00000000e+02], shape=(1025,)), array([2.3064569e-03, 9.3087699e-04, 7.1109965e-04, ..., 1.7619287e-13,
       2.3877867e-13, 1.2662436e-13], shape=(1025,), dtype=float32))}",0.16113508786474995,0.23261426031240262,0.18769009693642147,1.3917511842009844,0.567735446225015,0.45367145821728627,0.7402850678772666,0.6826245444244705,13.317896635271609,5.723097064219473,0.6008774789734161,0.7135214837035164,0.6820771886850707,8.753895584959537,4.432861227087415
45,ID_03,Baseline OF,"{'CZ': array([-0.00068384,  0.00176481,  0.01709125, ..., -0.11831551,
       -0.11053554, -0.12004726], shape=(60928,), dtype=float32), 'C3': array([ 0.0001453 ,  0.00084318,  0.0030871 , ..., -0.12418125,
       -0.11781815, -0.13062094], shape=(60928,), dtype=float32), 'C4': array([-3.3724250e-04,  3.4831115e-05,  1.9792826e-03, ...,
       -1.2348345e-01, -1.1566283e-01, -1.2604162e-01],
      shape=(60928,), dtype=float32)}","{'CZ': (array([0.00000000e+00, 4.88281250e-01, 9.76562500e-01, ...,
       4.99023438e+02, 4.99511719e+02, 5.00000000e+02], shape=(1025,)), array([1.6198093e-03, 6.8704190e-04, 4.8518111e-04, ..., 1.5609118e-13,
       2.2235290e-13, 1.6486432e-13], shape=(1025,), dtype=float32)), 'C3': (array([0.00000000e+00, 4.88281250e-01, 9.76562500e-01, ...,
       4.99023438e+02, 4.99511719e+02, 5.00000000e+02], shape=(1025,)), array([1.8706053e-03, 7.9328840e-04, 4.9260410e-04, ..., 2.1296864e-13,
       2.4946576e-13, 1.4899689e-13], shape=(1025,), dtype=float32)), 'C4': (array([0.00000000e+00, 4.88281250e-01, 9.76562500e-01, ...,
       4.99023438e+02, 4.99511719e+02, 5.00000000e+02], shape=(1025,)), array([1.1107379e-03, 4.7444110e-04, 7.0671813e-04, ..., 2.6186488e-13,
       3.0008838e-13, 1.3861725e-13], shape=(1025,), dtype=float32))}",0.38861996017658385,0.7489963609259576,0.615025230217725,2.914219205194968,0.6947051588213071,0.41734046294550353,0.7108025238267146,0.6576258965651505,3.9200734172482044,1.180592919126866,0.3832639754364209,0.6692321112495847,0.6030946606188081,2.2680458805552917,0.9408920793703146
46,ID_04,Baseline OF,"{'CZ': array([-2.2092310e-04, -7.5026386e-04, -1.1028157e-03, ...,
       -3.2653525e-01, -3.1192103e-01, -3.4892085e-01],
      shape=(60928,), dtype=float32), 'C3': array([ 0.00035662, -0.00185651, -0.01597456, ..., -0.01292061,
       -0.00917671, -0.00567443], shape=(60928,), dtype=float32), 'C4': array([-8.8197703e-05,  5.0461572e-04,  4.5391591e-03, ...,
        2.1983770e-01,  2.0745149e-01,  2.2837019e-01],
      shape=(60928,), dtype=float32)}","{'CZ': (array([0.00000000e+00, 4.88281250e-01, 9.76562500e-01, ...,
       4.99023438e+02, 4.99511719e+02, 5.00000000e+02], shape=(1025,)), array([1.5509891e-02, 5.8889799e-03, 1.7500177e-02, ..., 3.6035427e-13,
       3.5268864e-13, 1.8495750e-13], shape=(1025,), dtype=float32)), 'C3': (array([0.00000000e+00, 4.88281250e-01, 9.76562500e-01, ...,
       4.99023438e+02, 4.99511719e+02, 5.00000000e+02], shape=(1025,)), array([6.6226549e-02, 2.3109751e-02, 6.1334442e-02, ..., 3.9342019e-13,
       5.4947008e-13, 3.0659167e-13], shape=(1025,), dtype=float32)), 'C4': (array([0.00000000e+00, 4.88281250e-01, 9.76562500e-01, ...,
       4.99023438e+02, 4.99511719e+02, 5.00000000e+02], shape=(1025,)), array([4.0886566e-02, 1.5164587e-02, 3.5385910e-02, ..., 4.1519167e-13,
       3.8122180e-13, 1.7625571e-13], shape=(1025,), dtype=float32))}",5.223744970862754,2.6947040896629915,1.0481988865649328,4.655567312511266,1.0598624099316112,18.80660152528435,11.522082437295467,4.572096368065104,34.541242886916734,5.567527953871831,11.038878496037796,6.653282209299505,3.4842885506805032,22.985821749898605,3.479492711903731
47,ID_05,Baseline OF,"{'CZ': array([-1.3274746e-04, -6.6922570e-05,  1.8317765e-03, ...,
        3.1771520e-01,  2.9945821e-01,  3.2914028e-01],
      shape=(60928,), dtype=float32), 'C3': array([-0.00043587, -0.00142257, -0.00701061, ...,  0.40650296,
        0.3822611 ,  0.41884637], shape=(60928,), dtype=float32), 'C4': array([ 0.00027234, -0.00060929, -0.00665445, ...,  0.1758916 ,
        0.16672242,  0.18461308], shape=(60928,), dtype=float32)}","{'CZ': (array([0.00000000e+00, 4.88281250e-01, 9.76562500e-01, ...,
       4.99023438e+02, 4.99511719e+02, 5.00000000e+02], shape=(1025,)), array([2.1848695e-03, 9.7167719e-04, 5.5701827e-04, ..., 2.1986463e-13,
       1.9767804e-13, 1.1689938e-13], shape=(1025,), dtype=float32)), 'C3': (array([0.00000000e+00, 4.88281250e-01, 9.76562500e-01, ...,
       4.99023438e+02, 4.99511719e+02, 5.00000000e+02], shape=(1025,)), array([3.8974325e-03, 1.6782472e-03, 1.0294782e-03, ..., 3.2798910e-13,
       3.4454313e-13, 1.4638219e-13], shape=(1025,), dtype=float32)), 'C4': (array([0.00000000e+00, 4.88281250e-01, 9.76562500e-01, ...,
       4.99023438e+02, 4.99511719e+02, 5.00000000e+02], shape=(1025,)), array([2.9710615e-03, 1.2633603e-03, 1.1042334e-03, ..., 1.5858579e-13,
       2.4221188e-13, 1.2238222e-13], shape=(1025,), dtype=float32))}",0.46053004462009994,1.0503907105885446,1.1260491592111066,8.944208217144478,1.552718087282301,1.1554606053323369,1.4533627399941906,1.6404747439082712,16.662836926116142,4.1278572192595675,0.9727267824928276,1.0736082404037006,1.2230366992298514,11.117873444163706,2.4236318857902006
48,ID_06,Baseline OF,"{'CZ': array([ 0.0003499 , -0.00048489, -0.00684767, ..., -0.06061674,
       -0.05128142, -0.04866477], shape=(60928,), dtype=float32), 'C3': array([-2.7780503e-04, -9.5907052e-04, -3.1286962e-03, ...,
       -8.6729372e-01, -8.3675617e-01, -9.4507575e-01],
      shape=(60928,), dtype=float32), 'C4': array([ 7.656920e-04,  1.747224e-04, -6.436322e-03, ..., -5.510097e-01,
       -5.213983e-01, -5.754473e-01], shape=(60928,), dtype=float32)}","{'CZ': (array([0.00000000e+00, 4.88281250e-01, 9.76562500e-01, ...,
       4.99023438e+02, 4.99511719e+02, 5.00000000e+02], shape=(1025,)), array([1.6349026e-03, 7.5347035e-04, 3.6687817e-04, ..., 1.8372582e-13,
       2.1248472e-13, 1.0160313e-13], shape=(1025,), dtype=float32)), 'C3': (array([0.00000000e+00, 4.88281250e-01, 9.76562500e-01, ...,
       4.99023438e+02, 4.99511719e+02, 5.00000000e+02], shape=(1025,)), array([3.0577639e-03, 1.2622506e-03, 1.0172147e-03, ..., 1.6975298e-13,
       2.4963592e-13, 1.1737153e-13], shape=(1025,), dtype=float32)), 'C4': (array([0.00000000e+00, 4.88281250e-01, 9.76562500e-01, ...,
       4.99023438e+02, 4.99511719e+02, 5.00000000e+02], shape=(1025,)), array([3.7649414e-03, 1.6615341e-03, 6.1631814e-04, ..., 2.1396102e-13,
       1.8323713e-13, 6.7644417e-14], shape=(1025,), dtype=float32))}",0.4420192963152658,0.7352855609497055,0.7443403883371502,13.04601490846835,3.28777880463349,0.6300555842244648,1.0560935770627111,1.0831957042682916,11.468013341072947,8.76709491467409,0.5231721920608834,0.9438209308427759,1.271373279450927,9.86325262056198,7.555553728707309
49,ID_07,Baseline OF,"{'CZ': array([ 0.00070323, -0.00111008, -0.01475351, ..., -0.12353821,
       -0.11834382, -0.13287948], shape=(60928,), dtype=float32), 'C3': array([-0.0003546 ,  0.00043416,  0.00425281, ...,  0.01506468,
        0.01200923,  0.00997974], shape=(60928,), dtype=float32), 'C4': array([ 0.00178366, -0.0037931 , -0.04361948, ...,  0.05240966,
        0.051203  ,  0.0589271 ], shape=(60928,), dtype=float32)}","{'CZ': (array([0.00000000e+00, 4.88281250e-01, 9.76562500e-01, ...,
       4.99023438e+02, 4.99511719e+02, 5.00000000e+02], shape=(1025,)), array([3.5968202e-03, 1.6065164e-03, 7.1983127e-04, ..., 1.5767575e-13,
       1.4795134e-13, 6.2012014e-14], shape=(1025,), dtype=float32)), 'C3': (array([0.00000000e+00, 4.88281250e-01, 9.76562500e-01, ...,
       4.99023438e+02, 4.99511719e+02, 5.00000000e+02], shape=(1025,)), array([6.4965193e-03, 2.7063710e-03, 1.1563399e-03, ..., 5.8909990e-13,
       5.8094160e-13, 2.9424545e-13], shape=(1025,), dtype=float32)), 'C4': (array([0.00000000e+00, 4.88281250e-01, 9.76562500e-01, ...,
       4.99023438e+02, 4.99511719e+02, 5.00000000e+02], shape=(1025,)), array([3.7527019e-03, 1.6196569e-03, 9.8028511e-04, ..., 8.6775341e-13,
       1.0400535e-12, 5.2951296e-13], shape=(1025,), dtype=float32))}",0.8266906188509893,1.6355603002011776,2.177227783249691,14.801444594922941,2.5995700743806083,1.34117784909904,1.8570723914308473,1.9786377088166773,15.43550327187404,3.581987076358928,0.8552405934096896,1.3467470416799188,1.5321161190513521,10.73997218918521,3.938095469493419
50,ID_08,Baseline OF,"{'CZ': array([-4.64771147e-05,  3.00715881e-04,  2.60956353e-03, ...,
       -8.84397049e-03, -1.07737025e-02, -1.54309701e-02],
      shape=(60928,), dtype=float32), 'C3': array([ 1.7088372e-04, -4.6822842e-04, -4.2762938e-03, ...,
       -4.8248333e-01, -4.5764983e-01, -5.0720429e-01],
      shape=(60928,), dtype=float32), 'C4': array([ 1.19637436e-04, -6.00720989e-04, -5.02305292e-03, ...,
        5.76201797e-01,  5.48381448e-01,  6.10487878e-01],
      shape=(60928,), dtype=float32)}","{'CZ': (array([0.00000000e+00, 4.88281250e-01, 9.76562500e-01, ...,
       4.99023438e+02, 4.99511719e+02, 5.00000000e+02], shape=(1025,)), array([3.7225736e-03, 1.6179405e-03, 8.0881291e-04, ..., 1.8742947e-13,
       1.7623579e-13, 7.8155581e-14], shape=(1025,), dtype=float32)), 'C3': (array([0.00000000e+00, 4.88281250e-01, 9.76562500e-01, ...,
       4.99023438e+02, 4.99511719e+02, 5.00000000e+02], shape=(1025,)), array([4.6087983e-03, 1.9707375e-03, 1.0122448e-03, ..., 5.1197891e-13,
       4.3403001e-13, 2.7928232e-13], shape=(1025,), dtype=float32)), 'C4': (array([0.00000000e+00, 4.88281250e-01, 9.76562500e-01, ...,
       4.99023438e+02, 4.99511719e+02, 5.00000000e+02], shape=(1025,)), array([4.2826505e-03, 1.8052064e-03, 8.9311448e-04, ..., 2.1130638e-13,
       2.3722926e-13, 1.1807970e-13], shape=(1025,), dtype=float32))}",0.8294807912534452,1.2331593461567536,1.0688283655326813,19.65554690468707,1.8248363406883072,0.803492943305173,1.4347315591294318,1.1071278786403127,15.198324523225892,3.8169938084138266,0.8941480245994171,1.130296746850945,0.9586056548869237,13.729328595218249,3.0676185162974434
51,ID_09,Baseline OF,"{'CZ': array([-0.00029488, -0.00231972, -0.00985675, ...,  0.06057952,
        0.05995223,  0.07012954], shape=(60928,), dtype=float32), 'C3': array([ 3.0719745e-04, -1.7673512e-03, -1.2951153e-02, ...,
       -4.4454190e-01, -4.1731164e-01, -4.5629141e-01],
      shape=(60928,), dtype=float32), 'C4': array([-0.00032482,  0.00024925,  0.00691643, ..., -0.10380036,
       -0.1032679 , -0.12140657], shape=(60928,), dtype=float32)}","{'CZ': (array([0.00000000e+00, 4.88281250e-01, 9.76562500e-01, ...,
       4.99023438e+02, 4.99511719e+02, 5.00000000e+02], shape=(1025,)), array([1.1795071e-02, 4.1293222e-03, 3.1817686e-03, ..., 2.5913115e-13,
       2.1795741e-13, 1.2029425e-13], shape=(1025,), dtype=float32)), 'C3': (array([0.00000000e+00, 4.88281250e-01, 9.76562500e-01, ...,
       4.99023438e+02, 4.99511719e+02, 5.00000000e+02], shape=(1025,)), array([2.2069048e-02, 7.6785455e-03, 4.3796143e-03, ..., 2.5702810e-13,
       5.2157378e-13, 2.3212844e-13], shape=(1025,), dtype=float32)), 'C4': (array([0.00000000e+00, 4.88281250e-01, 9.76562500e-01, ...,
       4.99023438e+02, 4.99511719e+02, 5.00000000e+02], shape=(1025,)), array([1.1717323e-02, 4.6546571e-03, 1.5696676e-03, ..., 3.9428885e-13,
       4.1585919e-13, 1.6948178e-13], shape=(1025,), dtype=float32))}",2.0273054087738274,1.7362853250233456,2.379108831519261,21.631526837154524,2.7215141255965136,2.5631262906244956,2.0680037268903106,3.13895454746671,42.37735687638633,6.368295722950279,1.1768023814511253,1.9454828288871795,3.2696210546419024,61.306038580369204,8.068308462043206
52,ID_10,Baseline OF,"{'CZ': array([ 4.83185751e-04, -9.67996428e-04, -1.13214515e-02, ...,
       -7.05858171e-01, -6.65769815e-01, -7.32383251e-01],
      shape=(61952,), dtype=float32), 'C3': array([ 0.00074243, -0.00260404, -0.02377324, ..., -0.15802734,
       -0.14885975, -0.16348052], shape=(61952,), dtype=float32), 'C4': array([ 1.4050835e-04, -7.2225067e-04, -6.3578323e-03, ...,
       -3.5250503e-01, -3.2547110e-01, -3.4772781e-01],
      shape=(61952,), dtype=float32)}","{'CZ': (array([0.00000000e+00, 4.88281250e-01, 9.76562500e-01, ...,
       4.99023438e+02, 4.99511719e+02, 5.00000000e+02], shape=(1025,)), array([2.8452058e-03, 1.2399191e-03, 1.0885271e-03, ..., 2.3632382e-13,
       1.8678173e-13, 9.9320061e-14], shape=(1025,), dtype=float32)), 'C3': (array([0.00000000e+00, 4.88281250e-01, 9.76562500e-01, ...,
       4.99023438e+02, 4.99511719e+02, 5.00000000e+02], shape=(1025,)), array([3.3658044e-03, 1.3710210e-03, 1.3394592e-03, ..., 3.6870653e-13,
       3.5580854e-13, 1.8912409e-13], shape=(1025,), dtype=float32)), 'C4': (array([0.00000000e+00, 4.88281250e-01, 9.76562500e-01, ...,
       4.99023438e+02, 4.99511719e+02, 5.00000000e+02], shape=(1025,)), array([7.9634553e-03, 3.3164693e-03, 1.6385551e-03, ..., 4.7533044e-13,
       3.9267680e-13, 1.2125892e-13], shape=(1025,), dtype=float32))}",0.9379842776979785,1.2832927604904398,0.9931968961609527,10.582443024759414,2.4707009137046043,0.8036988483581808,1.1721296759787947,0.8581246220273897,13.179882203985471,2.8929815941864945,1.673483120612218,1.4951635675970465,0.9565301006659865,8.844650019455003,2.6189848556441575
53,ID_11,Baseline OF,"{'CZ': array([-0.00053105,  0.00188836,  0.01550332, ...,  0.05799393,
        0.05076491,  0.0500645 ], shape=(60928,), dtype=float32), 'C3': array([ 0.00019718,  0.00030303, -0.00040395, ..., -0.03623983,
       -0.03459797, -0.03866979], shape=(60928,), dtype=float32), 'C4': array([-7.2156661e-05,  5.9715926e-04,  4.3750238e-03, ...,
        1.5269194e+00,  1.4367287e+00,  1.5754764e+00],
      shape=(60928,), dtype=float32)}","{'CZ': (array([0.00000000e+00, 4.88281250e-01, 9.76562500e-01, ...,
       4.99023438e+02, 4.99511719e+02, 5.00000000e+02], shape=(1025,)), array([3.6323078e-03, 1.4923337e-03, 1.1903498e-03, ..., 1.2882239e-13,
       1.4153969e-13, 7.1765341e-14], shape=(1025,), dtype=float32)), 'C3': (array([0.00000000e+00, 4.88281250e-01, 9.76562500e-01, ...,
       4.99023438e+02, 4.99511719e+02, 5.00000000e+02], shape=(1025,)), array([4.4842805e-03, 1.9351803e-03, 1.2061151e-03, ..., 2.7616575e-13,
       2.8212087e-13, 1.4629641e-13], shape=(1025,), dtype=float32)), 'C4': (array([0.00000000e+00, 4.88281250e-01, 9.76562500e-01, ...,
       4.99023438e+02, 4.99511719e+02, 5.00000000e+02], shape=(1025,)), array([1.5682016e-02, 5.9204167e-03, 2.4677122e-03, ..., 3.4461044e-13,
       3.3434147e-13, 1.6309367e-13], shape=(1025,), dtype=float32))}",0.75995749921276,1.7699823656585068,2.2981905785854906,9.137093842582544,1.4342057252179075,0.9994419388021925,1.7798239568946883,2.1635372104356065,23.3167877086089,3.4635267461453623,2.818390967149753,4.142647114349529,2.197310168412514,20.583282283041626,3.0200367277757323
54,ID_12,Baseline OF,"{'CZ': array([-5.6266785e-05,  5.9639051e-04,  3.3372005e-03, ...,
       -1.6005450e-01, -1.4617562e-01, -1.5376398e-01],
      shape=(61440,), dtype=float32), 'C3': array([-1.7660866e-05,  2.8241171e-05,  5.6325247e-05, ...,
       -1.4843176e-01, -1.4059296e-01, -1.5553732e-01],
      shape=(61440,), dtype=float32), 'C4': array([-2.5338435e-05,  4.4729706e-04,  2.8063420e-03, ...,
        7.3043697e-02,  6.7740284e-02,  7.2820440e-02],
      shape=(61440,), dtype=float32)}","{'CZ': (array([0.00000000e+00, 4.88281250e-01, 9.76562500e-01, ...,
       4.99023438e+02, 4.99511719e+02, 5.00000000e+02], shape=(1025,)), array([1.3172202e-02, 5.2941325e-03, 1.8880187e-03, ..., 4.4916151e-13,
       4.9718411e-13, 2.5542150e-13], shape=(1025,), dtype=float32)), 'C3': (array([0.00000000e+00, 4.88281250e-01, 9.76562500e-01, ...,
       4.99023438e+02, 4.99511719e+02, 5.00000000e+02], shape=(1025,)), array([8.0341345e-04, 3.3372355e-04, 3.2627233e-04, ..., 8.2269891e-14,
       1.1835552e-13, 7.8369738e-14], shape=(1025,), dtype=float32)), 'C4': (array([0.00000000e+00, 4.88281250e-01, 9.76562500e-01, ...,
       4.99023438e+02, 4.99511719e+02, 5.00000000e+02], shape=(1025,)), array([2.7241826e-03, 1.1425758e-03, 2.0460240e-03, ..., 6.4778190e-13,
       8.7681820e-13, 5.0447889e-13], shape=(1025,), dtype=float32))}",3.9182246564450907,4.8040616093203425,1.7364209343213588,6.246619002922671,1.897048151704439,0.16647971983729803,0.1607796311873244,0.09790905460249633,0.47285489199566655,0.2567583630934678,0.8283066272269934,0.7858951430534944,0.37470916504389606,2.2959418674872722,0.9777909454555811
55,ID_13,Baseline OF,"{'CZ': array([-0.00046869,  0.00123748,  0.0125507 , ..., -0.12363961,
       -0.11661068, -0.12827082], shape=(61440,), dtype=float32), 'C3': array([ 8.8074594e-05,  8.0241979e-04,  3.4070902e-03, ...,
       -3.5603371e-02, -3.4796987e-02, -4.0068284e-02],
      shape=(61440,), dtype=float32), 'C4': array([-5.7188328e-05,  1.3973432e-03,  1.0611827e-02, ...,
       -4.2573300e-01, -4.0237692e-01, -4.4383726e-01],
      shape=(61440,), dtype=float32)}","{'CZ': (array([0.00000000e+00, 4.88281250e-01, 9.76562500e-01, ...,
       4.99023438e+02, 4.99511719e+02, 5.00000000e+02], shape=(1025,)), array([2.7150557e+00, 1.0782788e+00, 1.9949450e+00, ..., 2.7885491e-11,
       3.7825718e-11, 1.7995135e-11], shape=(1025,), dtype=float32)), 'C3': (array([0.00000000e+00, 4.88281250e-01, 9.76562500e-01, ...,
       4.99023438e+02, 4.99511719e+02, 5.00000000e+02], shape=(1025,)), array([1.8401648e-01, 6.9896854e-02, 1.2959307e-01, ..., 1.4330312e-12,
       1.7487593e-12, 1.0940761e-12], shape=(1025,), dtype=float32)), 'C4': (array([0.00000000e+00, 4.88281250e-01, 9.76562500e-01, ...,
       4.99023438e+02, 4.99511719e+02, 5.00000000e+02], shape=(1025,)), array([1.7020039e-01, 7.6157346e-02, 1.6863868e-01, ..., 1.2725090e-12,
       1.2791661e-12, 6.1895134e-13], shape=(1025,), dtype=float32))}",810.4925872758031,522.2240723669529,223.13744947314262,355.6335335597396,167.10929917462636,83.8826276594773,40.93444952741265,15.582168940454721,28.747202741215006,11.692769036017125,44.91616925224662,22.027320927008986,8.334032958373427,16.365213305107318,6.802305071687442
56,ID_14,Baseline OF,"{'CZ': array([-0.000533  ,  0.00062071,  0.01081907, ..., -0.0768996 ,
       -0.07368013, -0.08415741], shape=(62976,), dtype=float32), 'C3': array([ 0.00092919, -0.00412858, -0.03464986, ...,  0.6666722 ,
        0.6221504 ,  0.67723083], shape=(62976,), dtype=float32), 'C4': array([ 2.4879031e-04, -5.6861923e-04, -6.1454084e-03, ...,
        8.8778996e-01,  8.2610041e-01,  8.9317584e-01],
      shape=(62976,), dtype=float32)}","{'CZ': (array([0.00000000e+00, 4.88281250e-01, 9.76562500e-01, ...,
       4.99023438e+02, 4.99511719e+02, 5.00000000e+02], shape=(1025,)), array([2.7406581e-03, 1.2487315e-03, 4.8769760e-04, ..., 1.3461765e-13,
       1.5139162e-13, 6.8732339e-14], shape=(1025,), dtype=float32)), 'C3': (array([0.00000000e+00, 4.88281250e-01, 9.76562500e-01, ...,
       4.99023438e+02, 4.99511719e+02, 5.00000000e+02], shape=(1025,)), array([8.1727989e-03, 3.6476504e-03, 1.0870831e-03, ..., 1.9587823e-13,
       2.0594423e-13, 1.0263862e-13], shape=(1025,), dtype=float32)), 'C4': (array([0.00000000e+00, 4.88281250e-01, 9.76562500e-01, ...,
       4.99023438e+02, 4.99511719e+02, 5.00000000e+02], shape=(1025,)), array([3.7018559e-03, 1.5848274e-03, 6.4841961e-04, ..., 1.4580024e-13,
       1.5835403e-13, 7.9679441e-14], shape=(1025,), dtype=float32))}",0.46243668748502387,0.8417334320256487,1.174188539152965,13.693535340280505,2.042166239789367,1.1639228696367354,1.6866658988874406,2.4029055348364636,42.79000009410083,6.707399464858099,0.8815196611067222,1.2641848297789693,1.5495588595513254,15.310570175643079,3.993217808783811
57,ID_15,Baseline OF,"{'CZ': array([ 0.0006786 , -0.00152915, -0.01850617, ..., -0.09007658,
       -0.08145344, -0.08354522], shape=(60416,), dtype=float32), 'C3': array([2.4555560e-05, 4.5873882e-04, 2.4766177e-03, ..., 4.1825838e-02,
       5.1094994e-02, 7.3399886e-02], shape=(60416,), dtype=float32), 'C4': array([-3.4887542e-04,  1.4684793e-03,  9.5968405e-03, ...,
       -6.3532591e-01, -6.0526139e-01, -6.7451966e-01],
      shape=(60416,), dtype=float32)}","{'CZ': (array([0.00000000e+00, 4.88281250e-01, 9.76562500e-01, ...,
       4.99023438e+02, 4.99511719e+02, 5.00000000e+02], shape=(1025,)), array([3.8936983e-03, 1.5549228e-03, 8.1559329e-04, ..., 3.0865802e-13,
       2.8074182e-13, 1.5728915e-13], shape=(1025,), dtype=float32)), 'C3': (array([0.00000000e+00, 4.88281250e-01, 9.76562500e-01, ...,
       4.99023438e+02, 4.99511719e+02, 5.00000000e+02], shape=(1025,)), array([2.5485610e-03, 1.0654661e-03, 9.1031095e-04, ..., 7.6825362e-13,
       6.8694822e-13, 2.3029389e-13], shape=(1025,), dtype=float32)), 'C4': (array([0.00000000e+00, 4.88281250e-01, 9.76562500e-01, ...,
       4.99023438e+02, 4.99511719e+02, 5.00000000e+02], shape=(1025,)), array([2.8495197e-03, 1.1670125e-03, 9.2335790e-04, ..., 3.4725601e-12,
       1.9995986e-12, 1.1575797e-12], shape=(1025,), dtype=float32))}",1.056985151990375,1.7321445047855377,1.3331913360161707,7.053441342577571,1.132772886080602,0.7850478241380188,1.1369518033461645,1.0505832178751007,4.2738630072562955,2.8517758860289177,1.0436881939313025,1.3481040514307097,1.0275671957060695,3.5306959616718814,3.786520564062812
58,ID_16,Baseline OF,"{'CZ': array([-0.00015346,  0.00081589,  0.00807849, ...,  0.13781638,
        0.12821923,  0.13843346], shape=(60928,), dtype=float32), 'C3': array([ 3.9967581e-05,  6.6573301e-04,  3.8763706e-03, ...,
       -1.2925962e-01, -1.2222205e-01, -1.3490164e-01],
      shape=(60928,), dtype=float32), 'C4': array([-0.00019413,  0.00090873,  0.00735717, ...,  0.10873888,
        0.10597641,  0.12160534], shape=(60928,), dtype=float32)}","{'CZ': (array([0.00000000e+00, 4.88281250e-01, 9.76562500e-01, ...,
       4.99023438e+02, 4.99511719e+02, 5.00000000e+02], shape=(1025,)), array([2.7423764e-03, 1.1621058e-03, 7.6690572e-04, ..., 2.7121480e-13,
       2.3630658e-13, 1.0679255e-13], shape=(1025,), dtype=float32)), 'C3': (array([0.00000000e+00, 4.88281250e-01, 9.76562500e-01, ...,
       4.99023438e+02, 4.99511719e+02, 5.00000000e+02], shape=(1025,)), array([2.3469753e-03, 9.8372530e-04, 4.1044282e-04, ..., 1.6296864e-13,
       1.5549843e-13, 7.6485252e-14], shape=(1025,), dtype=float32)), 'C4': (array([0.00000000e+00, 4.88281250e-01, 9.76562500e-01, ...,
       4.99023438e+02, 4.99511719e+02, 5.00000000e+02], shape=(1025,)), array([2.2349933e-02, 8.1937034e-03, 1.3712837e-02, ..., 4.7337562e-13,
       4.5522895e-13, 1.7131178e-13], shape=(1025,), dtype=float32))}",0.5619413418571639,1.25278189079836,1.1538780745468102,4.778571859787917,1.223749580049116,0.4769172651322151,0.5876386712770909,0.6831334321759641,2.4740302160353167,0.9160529468772438,6.321525346720591,4.971829883288592,1.9644046406028792,3.5530477616703138,1.3673735268184828
59,ID_17,Baseline OF,"{'CZ': array([ 1.3999443e-04, -9.0378424e-04, -6.2959725e-03, ...,
        3.3526120e-01,  3.1202042e-01,  3.3714035e-01],
      shape=(60928,), dtype=float32), 'C3': array([ 0.00017463, -0.00029114, -0.00385812, ...,  0.10104981,
        0.0963766 ,  0.1075919 ], shape=(60928,), dtype=float32), 'C4': array([-1.2176539e-04, -4.6814885e-04, -2.9250951e-03, ...,
       -4.4268194e-01, -4.2070925e-01, -4.6752888e-01],
      shape=(60928,), dtype=float32)}","{'CZ': (array([0.00000000e+00, 4.88281250e-01, 9.76562500e-01, ...,
       4.99023438e+02, 4.99511719e+02, 5.00000000e+02], shape=(1025,)), array([1.9681028e-03, 8.1818568e-04, 6.8405713e-04, ..., 1.6226571e-13,
       1.7834940e-13, 9.7595929e-14], shape=(1025,), dtype=float32)), 'C3': (array([0.00000000e+00, 4.88281250e-01, 9.76562500e-01, ...,
       4.99023438e+02, 4.99511719e+02, 5.00000000e+02], shape=(1025,)), array([4.0522185e-03, 1.6325779e-03, 6.5184315e-04, ..., 1.7036161e-13,
       1.8861680e-13, 8.7841999e-14], shape=(1025,), dtype=float32)), 'C4': (array([0.00000000e+00, 4.88281250e-01, 9.76562500e-01, ...,
       4.99023438e+02, 4.99511719e+02, 5.00000000e+02], shape=(1025,)), array([3.2311673e-03, 1.2313731e-03, 1.7708780e-03, ..., 2.6518655e-13,
       2.0402248e-13, 6.5439536e-14], shape=(1025,), dtype=float32))}",0.5745574676438991,1.217548517161049,0.9837613033596426,7.106156988811563,0.895663628625698,0.8383846302422171,1.3032237184233963,0.9099245362449437,3.675228816064191,0.8683454427682591,1.0765809565782547,1.460354629671201,1.0878456523641944,4.576391082082409,1.2001743402834109
60,ID_18,Baseline OF,"{'CZ': array([ 0.00091261, -0.00105988, -0.01740525, ...,  0.83976823,
        0.7924564 ,  0.8717295 ], shape=(60416,), dtype=float32), 'C3': array([ 6.3741719e-04, -7.8263623e-04, -1.0829284e-02, ...,
        6.8312353e-01,  6.4430654e-01,  7.0892268e-01],
      shape=(60416,), dtype=float32), 'C4': array([ 3.5305915e-04, -4.9134926e-04, -6.3514877e-03, ...,
        7.2403711e-01,  6.9230604e-01,  7.7573287e-01],
      shape=(60416,), dtype=float32)}","{'CZ': (array([0.00000000e+00, 4.88281250e-01, 9.76562500e-01, ...,
       4.99023438e+02, 4.99511719e+02, 5.00000000e+02], shape=(1025,)), array([7.1209557e-03, 2.9950705e-03, 1.3915200e-03, ..., 1.6352749e-13,
       1.8878788e-13, 1.0760379e-13], shape=(1025,), dtype=float32)), 'C3': (array([0.00000000e+00, 4.88281250e-01, 9.76562500e-01, ...,
       4.99023438e+02, 4.99511719e+02, 5.00000000e+02], shape=(1025,)), array([5.4179523e-03, 2.4062605e-03, 1.0575389e-03, ..., 2.3094731e-13,
       2.0806242e-13, 1.1159490e-13], shape=(1025,), dtype=float32)), 'C4': (array([0.00000000e+00, 4.88281250e-01, 9.76562500e-01, ...,
       4.99023438e+02, 4.99511719e+02, 5.00000000e+02], shape=(1025,)), array([5.9229704e-03, 2.5742059e-03, 1.1243698e-03, ..., 3.4187499e-13,
       2.7445144e-13, 1.2554890e-13], shape=(1025,), dtype=float32))}",1.5862871696299408,2.056834811810404,2.7242049400229007,34.972029345226474,2.770609748949937,1.2253046352270758,1.863605240941979,1.858478382928297,27.759576376411133,3.027842397841596,1.2537898910522927,1.5977150906110182,1.9981169170932844,24.629507504869252,2.6989351447355148
61,ID_19,Baseline OF,"{'CZ': array([-5.9486192e-05,  1.4495738e-03,  9.0110507e-03, ...,
       -3.2809988e-02, -3.5413258e-02, -4.5532398e-02],
      shape=(61440,), dtype=float32), 'C3': array([-0.00025111,  0.00195432,  0.0146636 , ..., -0.09638414,
       -0.09351607, -0.10671674], shape=(61440,), dtype=float32), 'C4': array([-6.4523047e-05,  1.1936593e-03,  7.0334938e-03, ...,
        8.0099225e-02,  7.7571899e-02,  8.8316873e-02],
      shape=(61440,), dtype=float32)}","{'CZ': (array([0.00000000e+00, 4.88281250e-01, 9.76562500e-01, ...,
       4.99023438e+02, 4.99511719e+02, 5.00000000e+02], shape=(1025,)), array([3.2746310e-03, 1.2354329e-03, 2.2754786e-03, ..., 1.9215422e-13,
       2.1728145e-13, 1.2805099e-13], shape=(1025,), dtype=float32)), 'C3': (array([0.00000000e+00, 4.88281250e-01, 9.76562500e-01, ...,
       4.99023438e+02, 4.99511719e+02, 5.00000000e+02], shape=(1025,)), array([2.5663818e-03, 1.0822958e-03, 5.6197704e-04, ..., 1.4187268e-13,
       1.6548388e-13, 8.1903946e-14], shape=(1025,), dtype=float32)), 'C4': (array([0.00000000e+00, 4.88281250e-01, 9.76562500e-01, ...,
       4.99023438e+02, 4.99511719e+02, 5.00000000e+02], shape=(1025,)), array([1.4767136e-03, 5.9469225e-04, 7.7906862e-04, ..., 2.3204499e-13,
       2.4794018e-13, 1.6697878e-13], shape=(1025,), dtype=float32))}",1.0645146812748862,1.0659413528628647,0.9476226841798052,2.407912003036472,1.0032111199507199,0.5334473075890855,0.8980915881693363,0.850054289912805,7.554963951406535,1.9124797213407874,0.6552117702085525,0.79122262832243,0.7974380714586005,6.228960166481556,1.6970246113032772
62,ID_20,Baseline OF,"{'CZ': array([ 4.3588877e-04, -2.1925590e-03, -1.9357204e-02, ...,
       -4.5680234e-01, -4.2757899e-01, -4.6556926e-01],
      shape=(61952,), dtype=float32), 'C3': array([ 0.00044859, -0.00127275, -0.01454037, ..., -0.28334057,
       -0.26413092, -0.2859987 ], shape=(61952,), dtype=float32), 'C4': array([ 1.0453531e-04, -4.5934034e-04, -4.3224408e-03, ...,
        4.8938486e-01,  4.5730007e-01,  4.9677217e-01],
      shape=(61952,), dtype=float32)}","{'CZ': (array([0.00000000e+00, 4.88281250e-01, 9.76562500e-01, ...,
       4.99023438e+02, 4.99511719e+02, 5.00000000e+02], shape=(1025,)), array([1.3938551e-02, 5.5432920e-03, 1.7728847e-03, ..., 2.1300306e-13,
       1.8904220e-13, 7.7098694e-14], shape=(1025,), dtype=float32)), 'C3': (array([0.00000000e+00, 4.88281250e-01, 9.76562500e-01, ...,
       4.99023438e+02, 4.99511719e+02, 5.00000000e+02], shape=(1025,)), array([4.2852042e-03, 1.8450822e-03, 1.6362837e-03, ..., 1.9303705e-13,
       1.7935873e-13, 7.9417294e-14], shape=(1025,), dtype=float32)), 'C4': (array([0.00000000e+00, 4.88281250e-01, 9.76562500e-01, ...,
       4.99023438e+02, 4.99511719e+02, 5.00000000e+02], shape=(1025,)), array([3.1814349e-03, 1.2896863e-03, 1.5415768e-03, ..., 2.0909058e-13,
       2.0902448e-13, 9.2881357e-14], shape=(1025,), dtype=float32))}",1.8873332937801024,2.5707485619932413,2.0393416489241645,20.515005438937806,1.3660393219652178,1.1410856404836522,1.7887132707983255,1.6691717028152198,17.316186265816214,2.0562180038723454,1.0872028142330237,1.3140847149770707,1.3594124029623345,17.497148292022757,2.05170617573458
63,ID_21,Baseline OF,"{'CZ': array([-5.1032891e-04,  6.7008962e-04,  1.0736909e-02, ...,
       -4.8569551e-01, -4.6269548e-01, -5.1577306e-01],
      shape=(60928,), dtype=float32), 'C3': array([-0.00032572, -0.00097466, -0.00326073, ..., -0.13262744,
       -0.12134224, -0.12794353], shape=(60928,), dtype=float32), 'C4': array([ 3.7744083e-04, -2.5362107e-03, -2.0155802e-02, ...,
        3.6560696e-01,  3.4498936e-01,  3.7973055e-01],
      shape=(60928,), dtype=float32)}","{'CZ': (array([0.00000000e+00, 4.88281250e-01, 9.76562500e-01, ...,
       4.99023438e+02, 4.99511719e+02, 5.00000000e+02], shape=(1025,)), array([1.6154949e-02, 5.6798253e-03, 6.7544379e-03, ..., 3.8843622e-13,
       3.5434871e-13, 1.4461991e-13], shape=(1025,), dtype=float32)), 'C3': (array([0.00000000e+00, 4.88281250e-01, 9.76562500e-01, ...,
       4.99023438e+02, 4.99511719e+02, 5.00000000e+02], shape=(1025,)), array([4.5592766e-03, 1.7601777e-03, 2.2068091e-03, ..., 2.9085697e-13,
       3.2410248e-13, 1.7705423e-13], shape=(1025,), dtype=float32)), 'C4': (array([0.00000000e+00, 4.88281250e-01, 9.76562500e-01, ...,
       4.99023438e+02, 4.99511719e+02, 5.00000000e+02], shape=(1025,)), array([7.1707843e-03, 2.7129392e-03, 2.0453348e-03, ..., 2.1672682e-13,
       2.9019820e-13, 1.8230641e-13], shape=(1025,), dtype=float32))}",4.180281011940679,4.251209000358358,2.4456751852994785,10.699796795961447,2.191138775287982,1.4808008545514895,1.7826284893089905,1.3888796820538118,6.381744209647877,2.355326861334106,1.8010062813118566,2.016014317632653,1.5774096391396597,9.817642334382981,3.967459988871269
64,ID_22,Baseline OF,"{'CZ': array([ 5.7890825e-04, -3.1016907e-04, -8.3533004e-03, ...,
        7.7116513e-01,  7.4257207e-01,  8.3888239e-01],
      shape=(60928,), dtype=float32), 'C3': array([ 5.3713983e-04, -2.4470589e-03, -2.3890506e-02, ...,
        5.8550870e-01,  5.4844576e-01,  5.9788436e-01],
      shape=(60928,), dtype=float32), 'C4': array([ 5.9556012e-05, -3.6065554e-04, -2.9164159e-03, ...,
       -9.1039115e-01, -8.3559746e-01, -8.8546860e-01],
      shape=(60928,), dtype=float32)}","{'CZ': (array([0.00000000e+00, 4.88281250e-01, 9.76562500e-01, ...,
       4.99023438e+02, 4.99511719e+02, 5.00000000e+02], shape=(1025,)), array([5.1850684e-02, 1.9733854e-02, 4.3078732e-02, ..., 2.3415180e-12,
       2.2831119e-12, 1.1137570e-12], shape=(1025,), dtype=float32)), 'C3': (array([0.00000000e+00, 4.88281250e-01, 9.76562500e-01, ...,
       4.99023438e+02, 4.99511719e+02, 5.00000000e+02], shape=(1025,)), array([1.5280417e-02, 5.7261707e-03, 6.9807540e-03, ..., 7.7808550e-13,
       8.4655509e-13, 5.8163739e-13], shape=(1025,), dtype=float32)), 'C4': (array([0.00000000e+00, 4.88281250e-01, 9.76562500e-01, ...,
       4.99023438e+02, 4.99511719e+02, 5.00000000e+02], shape=(1025,)), array([5.5582952e-02, 2.0212488e-02, 2.1551328e-02, ..., 5.9451960e-13,
       5.5258901e-13, 3.3979154e-13], shape=(1025,), dtype=float32))}",23.967381071997806,23.4525433043018,9.151533420663327,14.661651570349932,5.375018979066226,5.19394490038394,4.9507798394188285,2.8463528433348984,22.303553982055746,3.4058699752677057,13.617841235827655,10.766181163489819,5.302767269313335,8.506750520609785,2.7758470337175822
65,ID_23,Baseline OF,"{'CZ': array([-4.7317182e-05,  3.8417333e-04,  2.8584788e-03, ...,
       -2.7191105e-01, -2.5788710e-01, -2.8578761e-01],
      shape=(60928,), dtype=float32), 'C3': array([ 1.2233746e-04, -2.3203989e-04, -2.6591027e-03, ...,
        3.9596710e+00,  3.7162540e+00,  4.0611401e+00],
      shape=(60928,), dtype=float32), 'C4': array([-0.00048465,  0.00208047,  0.01816493, ...,  0.16384408,
        0.15216696,  0.16391693], shape=(60928,), dtype=float32)}","{'CZ': (array([0.00000000e+00, 4.88281250e-01, 9.76562500e-01, ...,
       4.99023438e+02, 4.99511719e+02, 5.00000000e+02], shape=(1025,)), array([2.0121683e-03, 8.5182808e-04, 9.7880349e-04, ..., 3.1345838e-13,
       2.5929020e-13, 7.0174599e-14], shape=(1025,), dtype=float32)), 'C3': (array([0.00000000e+00, 4.88281250e-01, 9.76562500e-01, ...,
       4.99023438e+02, 4.99511719e+02, 5.00000000e+02], shape=(1025,)), array([4.8066679e-02, 1.7298872e-02, 7.4081193e-03, ..., 9.6741397e-13,
       7.7528088e-13, 3.6698989e-13], shape=(1025,), dtype=float32)), 'C4': (array([0.00000000e+00, 4.88281250e-01, 9.76562500e-01, ...,
       4.99023438e+02, 4.99511719e+02, 5.00000000e+02], shape=(1025,)), array([2.8552033e-03, 1.1719818e-03, 1.3481965e-03, ..., 2.2471028e-13,
       2.1030196e-13, 8.1025545e-14], shape=(1025,), dtype=float32))}",0.6523550027850433,0.8272756531368941,0.6369714828906581,2.8588403547473717,1.5897106993634225,17.745407531037927,14.958019484765828,4.814238694962114,5.6218813588202465,2.1456436670632684,0.6892158744449262,1.0835044522536919,0.8255498760263436,4.905051959212869,2.043337268560208
66,ID_24,Baseline OF,"{'CZ': array([-0.00066704,  0.00139545,  0.01608108, ..., -0.0920603 ,
       -0.08320464, -0.08620719], shape=(60928,), dtype=float32), 'C3': array([ 1.0990183e-04, -2.1218809e-03, -1.3959855e-02, ...,
        1.1797291e-01,  1.0787973e-01,  1.1367831e-01],
      shape=(60928,), dtype=float32), 'C4': array([-0.00045964,  0.00083303,  0.01097798, ..., -0.02536761,
       -0.02073253, -0.01810486], shape=(60928,), dtype=float32)}","{'CZ': (array([0.00000000e+00, 4.88281250e-01, 9.76562500e-01, ...,
       4.99023438e+02, 4.99511719e+02, 5.00000000e+02], shape=(1025,)), array([7.1745147e-03, 3.0751773e-03, 9.0062048e-04, ..., 2.5174323e-13,
       2.3065236e-13, 1.3518771e-13], shape=(1025,), dtype=float32)), 'C3': (array([0.00000000e+00, 4.88281250e-01, 9.76562500e-01, ...,
       4.99023438e+02, 4.99511719e+02, 5.00000000e+02], shape=(1025,)), array([1.9471862e-03, 8.7213534e-04, 6.8995694e-04, ..., 2.2987891e-13,
       3.0863989e-13, 2.0920231e-13], shape=(1025,), dtype=float32)), 'C4': (array([0.00000000e+00, 4.88281250e-01, 9.76562500e-01, ...,
       4.99023438e+02, 4.99511719e+02, 5.00000000e+02], shape=(1025,)), array([3.6908786e-03, 1.5277952e-03, 7.5901661e-04, ..., 3.2541081e-13,
       3.8506467e-13, 1.8762590e-13], shape=(1025,), dtype=float32))}",1.0929477643912833,1.621063333004713,1.3735942920902744,18.023958065896295,2.3723754328557334,0.5473738347063772,0.8056280639721081,0.7955511318868957,16.566666730795987,2.901894549154349,0.8990956675916095,1.279159972909838,1.0992328825523145,17.99876410223078,3.7274746960065386
67,ID_25,Baseline OF,"{'CZ': array([ 0.00052489, -0.00051311, -0.00858828, ...,  0.20214643,
        0.19131559,  0.2114119 ], shape=(60928,), dtype=float32), 'C3': array([ 0.00082689, -0.00152779, -0.01842252, ...,  0.20349552,
        0.19383049,  0.21602762], shape=(60928,), dtype=float32), 'C4': array([ 0.0004293 , -0.00151687, -0.01482739, ..., -0.04927875,
       -0.04624806, -0.0505406 ], shape=(60928,), dtype=float32)}","{'CZ': (array([0.00000000e+00, 4.88281250e-01, 9.76562500e-01, ...,
       4.99023438e+02, 4.99511719e+02, 5.00000000e+02], shape=(1025,)), array([5.0547933e-03, 2.1455416e-03, 6.3308066e-04, ..., 2.6236102e-13,
       2.9048007e-13, 1.4917530e-13], shape=(1025,), dtype=float32)), 'C3': (array([0.00000000e+00, 4.88281250e-01, 9.76562500e-01, ...,
       4.99023438e+02, 4.99511719e+02, 5.00000000e+02], shape=(1025,)), array([2.1878898e-03, 9.4040076e-04, 4.4043784e-04, ..., 2.4691048e-13,
       2.7043637e-13, 1.3724545e-13], shape=(1025,), dtype=float32)), 'C4': (array([0.00000000e+00, 4.88281250e-01, 9.76562500e-01, ...,
       4.99023438e+02, 4.99511719e+02, 5.00000000e+02], shape=(1025,)), array([4.3208124e-03, 1.8452235e-03, 9.4900723e-04, ..., 2.5922881e-13,
       3.1159244e-13, 1.6299839e-13], shape=(1025,), dtype=float32))}",0.8099995206976018,2.0736609294544905,2.411538123851642,34.01735158695374,3.107937329559718,0.44534639573612367,0.837888459500391,0.7266625798365567,9.831148312514415,1.725943873225333,0.937196114591643,1.6072521830210462,1.8209408735856414,25.10080578213092,4.336431409456054
68,ID_26,Baseline OF,"{'CZ': array([ 6.2777777e-05, -1.3157717e-04, -2.7219472e-03, ...,
        5.3673953e-01,  5.0868016e-01,  5.6319612e-01],
      shape=(61440,), dtype=float32), 'C3': array([ 7.8913698e-05, -9.1025024e-04, -7.6445723e-03, ...,
        4.0397090e-01,  3.7829748e-01,  4.1219261e-01],
      shape=(61440,), dtype=float32), 'C4': array([-0.00032302,  0.00066627,  0.00750845, ...,  0.23572983,
        0.21636437,  0.22925015], shape=(61440,), dtype=float32)}","{'CZ': (array([0.00000000e+00, 4.88281250e-01, 9.76562500e-01, ...,
       4.99023438e+02, 4.99511719e+02, 5.00000000e+02], shape=(1025,)), array([4.9325326e-03, 2.0380239e-03, 8.0335041e-04, ..., 2.0020301e-13,
       2.3968826e-13, 1.0263950e-13], shape=(1025,), dtype=float32)), 'C3': (array([0.00000000e+00, 4.88281250e-01, 9.76562500e-01, ...,
       4.99023438e+02, 4.99511719e+02, 5.00000000e+02], shape=(1025,)), array([1.9200845e-03, 8.6811953e-04, 1.0808287e-03, ..., 2.0889249e-13,
       2.0397631e-13, 1.2375063e-13], shape=(1025,), dtype=float32)), 'C4': (array([0.00000000e+00, 4.88281250e-01, 9.76562500e-01, ...,
       4.99023438e+02, 4.99511719e+02, 5.00000000e+02], shape=(1025,)), array([2.3374592e-03, 1.0220122e-03, 6.5702823e-04, ..., 2.1050890e-13,
       1.7382737e-13, 1.0294993e-13], shape=(1025,), dtype=float32))}",1.06252224304626,1.2087977738701738,0.9990122271119617,7.978436467965366,1.053231678724842,0.7647530383110279,1.1289367394056171,0.9426686883671209,5.793247026304016,1.1679914575779549,0.5953754325673799,0.7820518803782761,0.8863606199156493,5.299933214701014,1.092733480163588
69,ID_27,Baseline OF,"{'CZ': array([0.00023178, 0.00071391, 0.00240085, ..., 0.06465507, 0.06399986,
       0.07483512], shape=(60928,), dtype=float32), 'C3': array([-1.2256927e-04,  1.5636813e-03,  1.1295232e-02, ...,
       -3.9390075e-01, -3.7308580e-01, -4.1277114e-01],
      shape=(60928,), dtype=float32), 'C4': array([ 0.0002569 , -0.00350593, -0.02596064, ...,  0.01599572,
        0.01632223,  0.01977374], shape=(60928,), dtype=float32)}","{'CZ': (array([0.00000000e+00, 4.88281250e-01, 9.76562500e-01, ...,
       4.99023438e+02, 4.99511719e+02, 5.00000000e+02], shape=(1025,)), array([1.8384152e-03, 7.5600657e-04, 3.8942345e-04, ..., 1.4777963e-13,
       1.7062709e-13, 1.0557738e-13], shape=(1025,), dtype=float32)), 'C3': (array([0.00000000e+00, 4.88281250e-01, 9.76562500e-01, ...,
       4.99023438e+02, 4.99511719e+02, 5.00000000e+02], shape=(1025,)), array([1.9142020e-03, 8.4912713e-04, 4.6560951e-04, ..., 1.9032187e-13,
       1.6619558e-13, 6.9751483e-14], shape=(1025,), dtype=float32)), 'C4': (array([0.00000000e+00, 4.88281250e-01, 9.76562500e-01, ...,
       4.99023438e+02, 4.99511719e+02, 5.00000000e+02], shape=(1025,)), array([2.6942715e-03, 1.2023714e-03, 6.8961846e-04, ..., 1.8369438e-13,
       2.1156246e-13, 9.4266405e-14], shape=(1025,), dtype=float32))}",0.42941124593198765,0.6453859532484785,1.0433234856463969,7.18198449612828,2.790022161207162,0.6476824055425823,0.8105285305646248,0.915585616894532,21.78464575263206,6.24898029036558,0.5378987516451161,0.9226820038747974,1.1494952923385426,30.953404704632703,6.841297088612919
70,ID_28,Baseline OF,"{'CZ': array([-4.4453202e-04,  1.1327979e-04,  3.6517014e-03, ...,
       -4.4677708e-01, -4.1963711e-01, -4.5911711e-01],
      shape=(60928,), dtype=float32), 'C3': array([-0.00012519,  0.00110438,  0.00751812, ...,  0.10204171,
        0.095305  ,  0.10338687], shape=(60928,), dtype=float32), 'C4': array([ 8.0434475e-06, -3.3988120e-04, -2.0931333e-03, ...,
       -2.4153039e-01, -2.2624397e-01, -2.4660224e-01],
      shape=(60928,), dtype=float32)}","{'CZ': (array([0.00000000e+00, 4.88281250e-01, 9.76562500e-01, ...,
       4.99023438e+02, 4.99511719e+02, 5.00000000e+02], shape=(1025,)), array([3.7028198e-03, 1.4824901e-03, 1.6601058e-03, ..., 2.1733800e-13,
       2.5343695e-13, 1.5809355e-13], shape=(1025,), dtype=float32)), 'C3': (array([0.00000000e+00, 4.88281250e-01, 9.76562500e-01, ...,
       4.99023438e+02, 4.99511719e+02, 5.00000000e+02], shape=(1025,)), array([4.6527735e-03, 1.9866382e-03, 1.0154296e-03, ..., 2.3849201e-13,
       2.7475315e-13, 1.3109480e-13], shape=(1025,), dtype=float32)), 'C4': (array([0.00000000e+00, 4.88281250e-01, 9.76562500e-01, ...,
       4.99023438e+02, 4.99511719e+02, 5.00000000e+02], shape=(1025,)), array([3.43455444e-03, 1.44794583e-03, 1.20168296e-03, ...,
       2.01565666e-13, 2.23426502e-13, 1.10699034e-13],
      shape=(1025,), dtype=float32))}",0.988266679996741,1.2960616004420444,1.1707079465850256,7.095906064932933,1.8597574216983048,0.8875881812855368,1.4613349048886448,1.4821719523752108,12.168440989626106,4.896536682736041,0.9335395552625414,1.3919946068199351,1.1227875511394814,9.289313442423008,3.414835843614128
71,ID_29,Baseline OF,"{'CZ': array([ 2.7001020e-04, -4.5445478e-03, -3.0728787e-02, ...,
       -7.1210895e+00, -6.7178473e+00, -7.3843775e+00],
      shape=(60416,), dtype=float32), 'C3': array([-1.3849058e-05,  7.9620659e-04,  5.2465699e-03, ...,
       -6.9538200e-01, -6.4403492e-01, -6.9086576e-01],
      shape=(60416,), dtype=float32), 'C4': array([-0.00022913,  0.00087216,  0.00687391, ...,  0.03197508,
        0.02893439,  0.02996439], shape=(60416,), dtype=float32)}","{'CZ': (array([0.00000000e+00, 4.88281250e-01, 9.76562500e-01, ...,
       4.99023438e+02, 4.99511719e+02, 5.00000000e+02], shape=(1025,)), array([1.3778254e-01, 5.9303269e-02, 1.1187961e-02, ..., 1.5651659e-12,
       1.7969124e-12, 7.9696856e-13], shape=(1025,), dtype=float32)), 'C3': (array([0.00000000e+00, 4.88281250e-01, 9.76562500e-01, ...,
       4.99023438e+02, 4.99511719e+02, 5.00000000e+02], shape=(1025,)), array([2.0192212e-03, 8.3949650e-04, 5.2024523e-04, ..., 2.3194058e-13,
       2.0338539e-13, 8.3568704e-14], shape=(1025,), dtype=float32)), 'C4': (array([0.00000000e+00, 4.88281250e-01, 9.76562500e-01, ...,
       4.99023438e+02, 4.99511719e+02, 5.00000000e+02], shape=(1025,)), array([1.7655145e-03, 6.9133635e-04, 7.4654154e-04, ..., 2.8407433e-13,
       2.4862705e-13, 8.6508566e-14], shape=(1025,), dtype=float32))}",20.162843124126084,48.01719402894378,30.32364696264267,56.17394909495488,20.973310742192552,0.7703217384005256,0.8483263954985887,0.5686204240191728,1.3797633237118134,1.0565891892611035,0.5171644902475236,0.8773656736593693,0.4733029054477811,0.9800119514693506,0.6591551003225504
72,ID_30,Baseline OF,"{'CZ': array([-1.9323739e-04,  1.5044415e-03,  1.1995303e-02, ...,
        2.2533935e-01,  2.1388036e-01,  2.3699652e-01],
      shape=(63488,), dtype=float32), 'C3': array([1.3459234e-05, 3.3109530e-04, 3.3658340e-03, ..., 4.3953162e-01,
       4.2353159e-01, 4.7802860e-01], shape=(63488,), dtype=float32), 'C4': array([ 4.0706736e-04, -6.7270221e-04, -7.5987345e-03, ...,
       -5.7979226e-01, -5.5567873e-01, -6.2342662e-01],
      shape=(63488,), dtype=float32)}","{'CZ': (array([0.00000000e+00, 4.88281250e-01, 9.76562500e-01, ...,
       4.99023438e+02, 4.99511719e+02, 5.00000000e+02], shape=(1025,)), array([3.6487768e-03, 1.5530384e-03, 1.0307938e-03, ..., 2.6151271e-13,
       2.6366024e-13, 1.2569819e-13], shape=(1025,), dtype=float32)), 'C3': (array([0.00000000e+00, 4.88281250e-01, 9.76562500e-01, ...,
       4.99023438e+02, 4.99511719e+02, 5.00000000e+02], shape=(1025,)), array([3.5693678e-03, 1.4087516e-03, 1.4436850e-03, ..., 4.1008760e-13,
       4.7648078e-13, 2.4488847e-13], shape=(1025,), dtype=float32)), 'C4': (array([0.00000000e+00, 4.88281250e-01, 9.76562500e-01, ...,
       4.99023438e+02, 4.99511719e+02, 5.00000000e+02], shape=(1025,)), array([3.6874129e-03, 1.4655883e-03, 1.1517175e-03, ..., 2.2254786e-13,
       2.8376959e-13, 1.6259021e-13], shape=(1025,), dtype=float32))}",0.8516348307239241,1.3959484931547195,1.1035410861950368,4.775153640366625,1.2351897876214935,1.1514150592120131,1.763746957294643,1.4027566503500566,5.272019250696758,1.797652694676799,0.8417474937232328,1.3065345265204087,1.1940678741666488,4.595163925841916,1.4912283054400177
73,ID_31,Baseline OF,"{'CZ': array([ 1.7613923e-04, -5.9515086e-04, -8.2450239e-03, ...,
       -5.2141500e-01, -4.9034095e-01, -5.3728926e-01],
      shape=(60928,), dtype=float32), 'C3': array([-0.00026996,  0.00130377,  0.01065429, ...,  0.04607217,
        0.04476206,  0.05117391], shape=(60928,), dtype=float32), 'C4': array([ 1.2326078e-04, -1.3273937e-04, -4.1894861e-03, ...,
       -3.7162989e-01, -3.4961429e-01, -3.8330045e-01],
      shape=(60928,), dtype=float32)}","{'CZ': (array([0.00000000e+00, 4.88281250e-01, 9.76562500e-01, ...,
       4.99023438e+02, 4.99511719e+02, 5.00000000e+02], shape=(1025,)), array([3.1944236e-03, 1.2951489e-03, 7.5435865e-04, ..., 1.6892724e-13,
       1.8676159e-13, 1.1538402e-13], shape=(1025,), dtype=float32)), 'C3': (array([0.00000000e+00, 4.88281250e-01, 9.76562500e-01, ...,
       4.99023438e+02, 4.99511719e+02, 5.00000000e+02], shape=(1025,)), array([3.4682492e-03, 1.3563939e-03, 1.0411562e-03, ..., 2.2707132e-13,
       1.7472559e-13, 8.9305008e-14], shape=(1025,), dtype=float32)), 'C4': (array([0.00000000e+00, 4.88281250e-01, 9.76562500e-01, ...,
       4.99023438e+02, 4.99511719e+02, 5.00000000e+02], shape=(1025,)), array([1.8791838e-03, 7.6839019e-04, 1.1903413e-03, ..., 1.4469274e-13,
       2.0155043e-13, 1.0846833e-13], shape=(1025,), dtype=float32))}",0.7361651851169881,1.0504112142371014,0.974516173300799,4.215467723042821,1.3457093828037614,0.7925067957330612,0.8509498220519163,0.6059050065232441,3.190109187926282,1.2137805422298698,0.7732748499620357,0.7541829691035673,0.7261313876369968,3.552725123881828,1.360178524123512
74,ID_32,Baseline OF,"{'CZ': array([ 8.7326649e-04,  2.7309838e-03,  8.9351451e-03, ...,
       -6.7965574e+00, -6.3611217e+00, -6.9247217e+00],
      shape=(60928,), dtype=float32), 'C3': array([ 9.2480588e-04, -3.8892068e-03, -3.3959672e-02, ...,
       -6.2103109e+00, -5.8029423e+00, -6.3033819e+00],
      shape=(60928,), dtype=float32), 'C4': array([ 3.8763846e-04, -2.3667645e-03, -1.9140985e-02, ...,
       -5.6976104e+00, -5.3117647e+00, -5.7524939e+00],
      shape=(60928,), dtype=float32)}","{'CZ': (array([0.00000000e+00, 4.88281250e-01, 9.76562500e-01, ...,
       4.99023438e+02, 4.99511719e+02, 5.00000000e+02], shape=(1025,)), array([8.9105594e-01, 3.2551250e-01, 5.9823799e-01, ..., 6.6109379e-12,
       7.2799770e-12, 4.0438911e-12], shape=(1025,), dtype=float32)), 'C3': (array([0.00000000e+00, 4.88281250e-01, 9.76562500e-01, ...,
       4.99023438e+02, 4.99511719e+02, 5.00000000e+02], shape=(1025,)), array([1.1921118e+00, 4.3902579e-01, 6.5526086e-01, ..., 5.9774295e-12,
       4.1595690e-12, 2.0150719e-12], shape=(1025,), dtype=float32)), 'C4': (array([0.00000000e+00, 4.88281250e-01, 9.76562500e-01, ...,
       4.99023438e+02, 4.99511719e+02, 5.00000000e+02], shape=(1025,)), array([1.0725600e+00, 3.9285001e-01, 6.2341958e-01, ..., 4.6064537e-12,
       3.8000297e-12, 1.9965485e-12], shape=(1025,), dtype=float32))}",236.79010663181543,70.15806017443538,32.4682982172817,30.746855161851272,7.747162100713467,295.9579178132117,117.14190058410168,47.80011065304279,45.462946174666286,9.871545925307146,272.32347801327705,91.86892304569483,38.279865169897676,39.72719071316533,9.834940726250352
75,ID_33,Baseline OF,"{'CZ': array([-5.2456721e-04, -3.0142488e-04,  5.3393263e-03, ...,
        4.0128274e+00,  3.7877176e+00,  4.1711321e+00],
      shape=(62464,), dtype=float32), 'C3': array([-2.1244196e-04, -3.8135616e-04,  6.1585673e-04, ...,
        2.8415058e+00,  2.6906083e+00,  2.9752991e+00],
      shape=(62464,), dtype=float32), 'C4': array([-2.4540047e-04,  1.5050336e-03,  1.4799718e-02, ...,
        7.5774604e-01,  7.0791626e-01,  7.6873821e-01],
      shape=(62464,), dtype=float32)}","{'CZ': (array([0.00000000e+00, 4.88281250e-01, 9.76562500e-01, ...,
       4.99023438e+02, 4.99511719e+02, 5.00000000e+02], shape=(1025,)), array([5.7904327e-01, 2.1682195e-01, 7.7299875e-01, ..., 2.7321526e-12,
       3.1507941e-12, 1.9216287e-12], shape=(1025,), dtype=float32)), 'C3': (array([0.00000000e+00, 4.88281250e-01, 9.76562500e-01, ...,
       4.99023438e+02, 4.99511719e+02, 5.00000000e+02], shape=(1025,)), array([5.8512348e-01, 2.1191864e-01, 4.4778827e-01, ..., 3.4162612e-12,
       3.6947203e-12, 1.7259743e-12], shape=(1025,), dtype=float32)), 'C4': (array([0.00000000e+00, 4.88281250e-01, 9.76562500e-01, ...,
       4.99023438e+02, 4.99511719e+02, 5.00000000e+02], shape=(1025,)), array([1.01783305e-01, 4.95856144e-02, 4.62202489e-01, ...,
       1.95289921e-12, 1.39263926e-12, 4.97349232e-13],
      shape=(1025,), dtype=float32))}",166.6448670439422,52.37660161219537,26.948102051392198,38.88209087017458,6.137107361610106,168.6910823918879,50.88773253373802,13.615709380246699,13.415216460998636,3.82876834464696,144.65343207120895,27.332866797223687,9.744235896505415,16.769592475611717,3.8463051628241374
76,ID_34,Baseline OF,"{'CZ': array([ 0.00042614, -0.00112826, -0.01197219, ..., -0.20771475,
       -0.19420435, -0.21111923], shape=(63488,), dtype=float32), 'C3': array([ 0.00100706, -0.00124276, -0.01724879, ..., -0.23797661,
       -0.2284006 , -0.2570708 ], shape=(63488,), dtype=float32), 'C4': array([-0.00044267,  0.0010938 ,  0.01120395, ...,  0.07844126,
        0.07111017,  0.07399011], shape=(63488,), dtype=float32)}","{'CZ': (array([0.00000000e+00, 4.88281250e-01, 9.76562500e-01, ...,
       4.99023438e+02, 4.99511719e+02, 5.00000000e+02], shape=(1025,)), array([7.0013963e-03, 2.7091785e-03, 1.6981164e-03, ..., 2.1239451e-13,
       1.9978145e-13, 1.2191601e-13], shape=(1025,), dtype=float32)), 'C3': (array([0.00000000e+00, 4.88281250e-01, 9.76562500e-01, ...,
       4.99023438e+02, 4.99511719e+02, 5.00000000e+02], shape=(1025,)), array([5.5350023e-03, 2.1236432e-03, 1.3593194e-03, ..., 2.6218917e-13,
       2.4648897e-13, 1.0660485e-13], shape=(1025,), dtype=float32)), 'C4': (array([0.00000000e+00, 4.88281250e-01, 9.76562500e-01, ...,
       4.99023438e+02, 4.99511719e+02, 5.00000000e+02], shape=(1025,)), array([3.3350301e-03, 1.3603809e-03, 9.2836260e-04, ..., 1.9913814e-13,
       2.2714786e-13, 9.4073661e-14], shape=(1025,), dtype=float32))}",1.4241577846405562,1.1049880122300237,1.2344097267487086,8.162027530488558,1.4216320614650613,1.3587436551460996,1.6555632319068536,1.236474359757267,12.547043112135725,2.2684822456540132,0.9408445785084041,1.278020950849168,1.1274425123701803,14.123801367531996,2.475828717024342
77,ID_35,Baseline OF,"{'CZ': array([ 0.00042614, -0.00112826, -0.01197219, ..., -0.20771475,
       -0.19420435, -0.21111923], shape=(63488,), dtype=float32), 'C3': array([ 0.00100706, -0.00124276, -0.01724879, ..., -0.23797661,
       -0.2284006 , -0.2570708 ], shape=(63488,), dtype=float32), 'C4': array([-0.00044267,  0.0010938 ,  0.01120395, ...,  0.07844126,
        0.07111017,  0.07399011], shape=(63488,), dtype=float32)}","{'CZ': (array([0.00000000e+00, 4.88281250e-01, 9.76562500e-01, ...,
       4.99023438e+02, 4.99511719e+02, 5.00000000e+02], shape=(1025,)), array([7.0013963e-03, 2.7091785e-03, 1.6981164e-03, ..., 2.1239451e-13,
       1.9978145e-13, 1.2191601e-13], shape=(1025,), dtype=float32)), 'C3': (array([0.00000000e+00, 4.88281250e-01, 9.76562500e-01, ...,
       4.99023438e+02, 4.99511719e+02, 5.00000000e+02], shape=(1025,)), array([5.5350023e-03, 2.1236432e-03, 1.3593194e-03, ..., 2.6218917e-13,
       2.4648897e-13, 1.0660485e-13], shape=(1025,), dtype=float32)), 'C4': (array([0.00000000e+00, 4.88281250e-01, 9.76562500e-01, ...,
       4.99023438e+02, 4.99511719e+02, 5.00000000e+02], shape=(1025,)), array([3.3350301e-03, 1.3603809e-03, 9.2836260e-04, ..., 1.9913814e-13,
       2.2714786e-13, 9.4073661e-14], shape=(1025,), dtype=float32))}",1.4241577846405562,1.1049880122300237,1.2344097267487086,8.162027530488558,1.4216320614650613,1.3587436551460996,1.6555632319068536,1.236474359757267,12.547043112135725,2.2684822456540132,0.9408445785084041,1.278020950849168,1.1274425123701803,14.123801367531996,2.475828717024342
78,ID_36,Baseline OF,"{'CZ': array([ 0.00025148, -0.00045907, -0.00494681, ...,  0.21668118,
        0.20076393,  0.21556777], shape=(64512,), dtype=float32), 'C3': array([-1.7014070e-04,  1.1131796e-04,  2.1948416e-03, ...,
       -2.9862922e-01, -2.8124475e-01, -3.0875385e-01],
      shape=(64512,), dtype=float32), 'C4': array([-0.00242744,  0.00335363,  0.04513065, ...,  0.21870749,
        0.19765376,  0.20471291], shape=(64512,), dtype=float32)}","{'CZ': (array([0.00000000e+00, 4.88281250e-01, 9.76562500e-01, ...,
       4.99023438e+02, 4.99511719e+02, 5.00000000e+02], shape=(1025,)), array([1.3024430e-02, 4.7596684e-03, 1.3376968e-02, ..., 3.2412387e-13,
       2.5592690e-13, 1.2010647e-13], shape=(1025,), dtype=float32)), 'C3': (array([0.00000000e+00, 4.88281250e-01, 9.76562500e-01, ...,
       4.99023438e+02, 4.99511719e+02, 5.00000000e+02], shape=(1025,)), array([1.0022574e-02, 3.3563143e-03, 1.0594438e-02, ..., 2.8711679e-13,
       2.2636863e-13, 9.0449031e-14], shape=(1025,), dtype=float32)), 'C4': (array([0.00000000e+00, 4.88281250e-01, 9.76562500e-01, ...,
       4.99023438e+02, 4.99511719e+02, 5.00000000e+02], shape=(1025,)), array([7.4401096e-02, 3.0198393e-02, 6.9036171e-02, ..., 7.4568178e-13,
       8.4420025e-13, 5.1552989e-13], shape=(1025,), dtype=float32))}",3.1723164065624587,1.8828963802661747,2.1430062770377845,8.659908326080767,1.439279529677151,2.853916499589104,1.8079331930493936,1.6300908173434436,5.661211238475516,1.3380538646288187,22.06381637370214,18.68156553246081,13.689404062461108,15.658465563319623,4.248300859671872
79,ID_37,Baseline OF,"{'CZ': array([-2.6547161e-05,  5.9792085e-04,  4.6865493e-03, ...,
        2.6561427e-01,  2.4900030e-01,  2.7172062e-01],
      shape=(60928,), dtype=float32), 'C3': array([-1.4706311e-04,  1.5488522e-03,  1.1909217e-02, ...,
        1.4726782e+00,  1.3902700e+00,  1.5313703e+00],
      shape=(60928,), dtype=float32), 'C4': array([-1.8716656e-04,  1.7420319e-03,  1.1914089e-02, ...,
        1.2980641e+00,  1.2190312e+00,  1.3332871e+00],
      shape=(60928,), dtype=float32)}","{'CZ': (array([0.00000000e+00, 4.88281250e-01, 9.76562500e-01, ...,
       4.99023438e+02, 4.99511719e+02, 5.00000000e+02], shape=(1025,)), array([2.6411186e-03, 1.0502924e-03, 1.7160462e-03, ..., 3.0805111e-13,
       3.2729689e-13, 1.2977294e-13], shape=(1025,), dtype=float32)), 'C3': (array([0.00000000e+00, 4.88281250e-01, 9.76562500e-01, ...,
       4.99023438e+02, 4.99511719e+02, 5.00000000e+02], shape=(1025,)), array([2.9604833e-03, 1.1524460e-03, 8.0409192e-04, ..., 2.0034022e-13,
       2.1480028e-13, 1.0799511e-13], shape=(1025,), dtype=float32)), 'C4': (array([0.00000000e+00, 4.88281250e-01, 9.76562500e-01, ...,
       4.99023438e+02, 4.99511719e+02, 5.00000000e+02], shape=(1025,)), array([4.8807953e-03, 1.9955405e-03, 1.1359694e-03, ..., 2.5223766e-13,
       2.8585822e-13, 1.1324373e-13], shape=(1025,), dtype=float32))}",1.1605402369241347,1.4687725197291002,1.3969361170893535,3.580116139346501,1.2556056973380691,1.0905841972999042,0.9239895953214727,0.7323370809899643,3.5672431040438823,0.8934844963732758,1.3959260650153738,1.2137550947954878,1.1384629469830543,6.294519305811264,1.8272940988026676
80,ID_38,Baseline OF,"{'CZ': array([-2.4611352e-04,  1.6983014e-03,  1.2785629e-02, ...,
       -3.1659317e-01, -3.0123812e-01, -3.3519894e-01],
      shape=(60928,), dtype=float32), 'C3': array([-6.0124439e-05,  2.0155662e-03,  1.2666394e-02, ...,
       -8.5716897e-01, -8.0674195e-01, -8.8492548e-01],
      shape=(60928,), dtype=float32), 'C4': array([ 1.5350706e-06,  7.0582828e-05, -1.5336024e-03, ...,
        6.7764789e-01,  6.4008260e-01,  7.0545638e-01],
      shape=(60928,), dtype=float32)}","{'CZ': (array([0.00000000e+00, 4.88281250e-01, 9.76562500e-01, ...,
       4.99023438e+02, 4.99511719e+02, 5.00000000e+02], shape=(1025,)), array([9.9572353e-04, 4.2185441e-04, 5.4329651e-04, ..., 1.1389151e-13,
       8.6816147e-14, 5.9549737e-14], shape=(1025,), dtype=float32)), 'C3': (array([0.00000000e+00, 4.88281250e-01, 9.76562500e-01, ...,
       4.99023438e+02, 4.99511719e+02, 5.00000000e+02], shape=(1025,)), array([4.2201770e-03, 1.8755009e-03, 1.2921956e-03, ..., 2.3987897e-13,
       3.0104611e-13, 1.7398438e-13], shape=(1025,), dtype=float32)), 'C4': (array([0.00000000e+00, 4.88281250e-01, 9.76562500e-01, ...,
       4.99023438e+02, 4.99511719e+02, 5.00000000e+02], shape=(1025,)), array([5.1438231e-03, 2.0426179e-03, 2.4244059e-03, ..., 2.7551290e-13,
       2.3006068e-13, 1.0037589e-13], shape=(1025,), dtype=float32))}",0.3094139055974665,0.361081853043288,0.2801276023092214,1.1254350101808086,0.6543345060663341,0.8632081553514581,1.297545008128509,1.415350750903599,6.555341686180327,5.308970498845156,1.739852674290887,1.6747217741794884,1.00119793205522,4.9078859519795515,2.866594069473649
81,ID_39,Baseline OF,"{'CZ': array([ 0.00211542, -0.00444049, -0.05107156, ...,  0.22678067,
        0.20842734,  0.22124279], shape=(60928,), dtype=float32), 'C3': array([-1.1813751e-04,  1.1321227e-03,  8.4903063e-03, ...,
        3.2382882e-01,  3.0222571e-01,  3.2777083e-01],
      shape=(60928,), dtype=float32), 'C4': array([ 0.00054631, -0.00138667, -0.01365575, ...,  0.43967348,
        0.41533   ,  0.45782548], shape=(60928,), dtype=float32)}","{'CZ': (array([0.00000000e+00, 4.88281250e-01, 9.76562500e-01, ...,
       4.99023438e+02, 4.99511719e+02, 5.00000000e+02], shape=(1025,)), array([1.0064237e-02, 3.9246990e-03, 2.6560333e-03, ..., 5.2287704e-13,
       5.3705619e-13, 2.4805928e-13], shape=(1025,), dtype=float32)), 'C3': (array([0.00000000e+00, 4.88281250e-01, 9.76562500e-01, ...,
       4.99023438e+02, 4.99511719e+02, 5.00000000e+02], shape=(1025,)), array([8.6081289e-03, 3.6866483e-03, 1.4004149e-03, ..., 3.7939500e-13,
       3.3156870e-13, 1.2555633e-13], shape=(1025,), dtype=float32)), 'C4': (array([0.00000000e+00, 4.88281250e-01, 9.76562500e-01, ...,
       4.99023438e+02, 4.99511719e+02, 5.00000000e+02], shape=(1025,)), array([6.3750488e-03, 2.4237067e-03, 2.3917430e-03, ..., 3.4095209e-13,
       3.3753832e-13, 1.5818751e-13], shape=(1025,), dtype=float32))}",2.1738350405939855,2.018239683820866,1.2104726920370013,6.106736233050469,1.7579513801138091,1.2313531105974107,2.0780692429980263,1.8005293241003528,24.575616989750415,4.039771265524905,1.3149173228157451,1.5507200150750577,1.578215233166702,11.768399039283395,3.1212249245982093
82,ID_40,Baseline OF,"{'CZ': array([-0.00042748,  0.00107451,  0.01176558, ..., -0.09085809,
       -0.08702195, -0.09768309], shape=(69632,), dtype=float32), 'C3': array([-0.00142405,  0.002656  ,  0.03269418, ...,  0.11157137,
        0.10091811,  0.10463482], shape=(69632,), dtype=float32), 'C4': array([ 0.00136762, -0.00101942, -0.01996301, ...,  0.23979354,
        0.22483702,  0.24537721], shape=(69632,), dtype=float32)}","{'CZ': (array([0.00000000e+00, 4.88281250e-01, 9.76562500e-01, ...,
       4.99023438e+02, 4.99511719e+02, 5.00000000e+02], shape=(1025,)), array([1.4340977e-02, 6.4360802e-03, 1.6958138e-03, ..., 2.5338439e-13,
       2.2656760e-13, 1.1594382e-13], shape=(1025,), dtype=float32)), 'C3': (array([0.00000000e+00, 4.88281250e-01, 9.76562500e-01, ...,
       4.99023438e+02, 4.99511719e+02, 5.00000000e+02], shape=(1025,)), array([7.3440643e-03, 3.2224115e-03, 2.1999595e-03, ..., 2.9169248e-13,
       2.6622162e-13, 1.5503949e-13], shape=(1025,), dtype=float32)), 'C4': (array([0.00000000e+00, 4.88281250e-01, 9.76562500e-01, ...,
       4.99023438e+02, 4.99511719e+02, 5.00000000e+02], shape=(1025,)), array([1.0067617e-02, 4.6077082e-03, 1.9136115e-03, ..., 1.9714132e-13,
       2.0038656e-13, 1.2387824e-13], shape=(1025,), dtype=float32))}",2.038635098870145,4.441774159204215,7.242697640322149,41.66546881606337,4.422213168709277,1.926626602653414,3.601022675866261,5.976928398013115,45.50141959043685,6.8510709811562265,1.8437797461956507,4.5271762064658105,6.925653724465519,39.97325722593814,4.7439386862606625
83,ID_41,Baseline OF,"{'CZ': array([ 2.4094665e-04,  2.2397866e-04, -1.9095608e-03, ...,
        2.1827610e-01,  2.0989919e-01,  2.3685509e-01],
      shape=(62976,), dtype=float32), 'C3': array([ 7.9954602e-04,  1.0042684e-05, -8.2265623e-03, ...,
       -3.9600798e-01, -3.7225679e-01, -4.0767089e-01],
      shape=(62976,), dtype=float32), 'C4': array([ 1.5259522e-04, -4.4801465e-04, -6.0317256e-03, ...,
       -1.9135648e-01, -1.8408683e-01, -2.0771876e-01],
      shape=(62976,), dtype=float32)}","{'CZ': (array([0.00000000e+00, 4.88281250e-01, 9.76562500e-01, ...,
       4.99023438e+02, 4.99511719e+02, 5.00000000e+02], shape=(1025,)), array([1.6874366e-03, 7.2215998e-04, 7.4045645e-04, ..., 3.0619010e-13,
       3.7021056e-13, 1.8107579e-13], shape=(1025,), dtype=float32)), 'C3': (array([0.00000000e+00, 4.88281250e-01, 9.76562500e-01, ...,
       4.99023438e+02, 4.99511719e+02, 5.00000000e+02], shape=(1025,)), array([2.4685727e-03, 1.0475444e-03, 8.7231700e-04, ..., 3.2851762e-13,
       2.8692096e-13, 1.4121857e-13], shape=(1025,), dtype=float32)), 'C4': (array([0.00000000e+00, 4.88281250e-01, 9.76562500e-01, ...,
       4.99023438e+02, 4.99511719e+02, 5.00000000e+02], shape=(1025,)), array([5.8868816e-03, 2.5718978e-03, 2.9788236e-03, ..., 2.1663055e-13,
       2.4365907e-13, 8.4858214e-14], shape=(1025,), dtype=float32))}",0.808092336228583,1.244201252120547,1.1593305025598966,4.341943164035911,1.539779544373232,0.5728684168389009,1.249389853910543,1.2950131422257982,6.649603346886579,2.168983800629576,1.3842055268469267,2.126167484675534,3.5066534037468955,5.603480516583659,2.495819671821664
84,ID_42,Baseline OF,"{'CZ': array([ 1.4955898e-05, -5.6463643e-04, -2.7701252e-03, ...,
       -3.1186017e-01, -2.9552403e-01, -3.2705519e-01],
      shape=(60416,), dtype=float32), 'C3': array([ 0.00068853, -0.00149552, -0.01792036, ..., -0.23082082,
       -0.21969552, -0.2445355 ], shape=(60416,), dtype=float32), 'C4': array([-0.00083566, -0.00313648, -0.00430244, ..., -0.0772277 ,
       -0.06664878, -0.06424669], shape=(60416,), dtype=float32)}","{'CZ': (array([0.00000000e+00, 4.88281250e-01, 9.76562500e-01, ...,
       4.99023438e+02, 4.99511719e+02, 5.00000000e+02], shape=(1025,)), array([3.7181375e-03, 1.5905899e-03, 1.7241430e-03, ..., 2.3260978e-13,
       1.7384328e-13, 9.5774449e-14], shape=(1025,), dtype=float32)), 'C3': (array([0.00000000e+00, 4.88281250e-01, 9.76562500e-01, ...,
       4.99023438e+02, 4.99511719e+02, 5.00000000e+02], shape=(1025,)), array([1.0177681e-02, 4.2406372e-03, 4.1094502e-03, ..., 2.4165641e-13,
       2.5176863e-13, 1.4570955e-13], shape=(1025,), dtype=float32)), 'C4': (array([0.00000000e+00, 4.88281250e-01, 9.76562500e-01, ...,
       4.99023438e+02, 4.99511719e+02, 5.00000000e+02], shape=(1025,)), array([2.6895327e-03, 1.1412078e-03, 1.5494935e-03, ..., 1.5273721e-13,
       1.9792615e-13, 1.1182676e-13], shape=(1025,), dtype=float32))}",1.0393081538495608,1.2094768608221784,0.736128662538249,3.2079671800602227,1.5322377821576083,2.1616901576635428,2.0897316717309877,1.1845832705148496,3.6781857161258813,2.013840073004758,0.9475987963014632,1.075704480172135,0.6046665293979459,8.683037609444,4.49897882026562
85,ID_43,Baseline OF,"{'CZ': array([ 0.00077342, -0.00041364, -0.01371105, ...,  0.08514443,
        0.07372067,  0.0714707 ], shape=(61440,), dtype=float32), 'C3': array([ 5.2462181e-04,  6.2809698e-04, -3.1339482e-03, ...,
       -5.4633832e-01, -5.2023792e-01, -5.7949954e-01],
      shape=(61440,), dtype=float32), 'C4': array([ 1.00680365e-04,  7.74408923e-04,  2.66501028e-03, ...,
       -3.36582124e-01, -3.16466689e-01, -3.46732616e-01],
      shape=(61440,), dtype=float32)}","{'CZ': (array([0.00000000e+00, 4.88281250e-01, 9.76562500e-01, ...,
       4.99023438e+02, 4.99511719e+02, 5.00000000e+02], shape=(1025,)), array([3.5115499e-03, 1.3818796e-03, 2.9117824e-03, ..., 3.0709682e-13,
       4.1115234e-13, 2.3400926e-13], shape=(1025,), dtype=float32)), 'C3': (array([0.00000000e+00, 4.88281250e-01, 9.76562500e-01, ...,
       4.99023438e+02, 4.99511719e+02, 5.00000000e+02], shape=(1025,)), array([4.6383073e-03, 2.1560020e-03, 6.3233324e-03, ..., 5.1937637e-13,
       5.1304555e-13, 2.7958571e-13], shape=(1025,), dtype=float32)), 'C4': (array([0.00000000e+00, 4.88281250e-01, 9.76562500e-01, ...,
       4.99023438e+02, 4.99511719e+02, 5.00000000e+02], shape=(1025,)), array([3.1461061e-03, 1.2913344e-03, 2.6144441e-03, ..., 3.6689694e-13,
       3.4456826e-13, 1.8550889e-13], shape=(1025,), dtype=float32))}",1.5827329516469035,2.05549065140076,1.6937979526119307,7.912002067314461,2.075514868920436,3.8765725676057627,3.4705010475590825,2.3268957884283736,10.341910892748274,3.450081010669237,1.7108823376474902,1.9072569120908156,1.22305875265738,9.039000637130812,2.010155379821299
86,ID_44,Baseline OF,"{'CZ': array([-3.3231737e-04, -3.6110426e-04, -2.0946504e-04, ...,
        1.3318125e+01,  1.2702669e+01,  1.4181463e+01],
      shape=(62464,), dtype=float32), 'C3': array([-3.7322578e-05, -1.8727465e-03, -1.2207155e-02, ...,
        1.2826951e+01,  1.2244965e+01,  1.3685684e+01],
      shape=(62464,), dtype=float32), 'C4': array([-4.2699958e-04, -2.9452092e-03, -1.4457133e-02, ...,
        1.2267303e+01,  1.1708296e+01,  1.3083534e+01],
      shape=(62464,), dtype=float32)}","{'CZ': (array([0.00000000e+00, 4.88281250e-01, 9.76562500e-01, ...,
       4.99023438e+02, 4.99511719e+02, 5.00000000e+02], shape=(1025,)), array([1.3562997e-01, 6.2959768e-02, 3.1594321e-01, ..., 2.1646398e-12,
       2.0334400e-12, 1.2329898e-12], shape=(1025,), dtype=float32)), 'C3': (array([0.00000000e+00, 4.88281250e-01, 9.76562500e-01, ...,
       4.99023438e+02, 4.99511719e+02, 5.00000000e+02], shape=(1025,)), array([1.3916299e-01, 6.3544482e-02, 3.1058511e-01, ..., 2.5899189e-12,
       1.9249858e-12, 1.0607147e-12], shape=(1025,), dtype=float32)), 'C4': (array([0.00000000e+00, 4.88281250e-01, 9.76562500e-01, ...,
       4.99023438e+02, 4.99511719e+02, 5.00000000e+02], shape=(1025,)), array([1.6284563e-01, 7.4469082e-02, 3.2397902e-01, ..., 2.9860528e-12,
       2.0584749e-12, 8.7226152e-13], shape=(1025,), dtype=float32))}",67.41566630080342,38.30705280415714,12.139947444666177,30.99696384742856,13.573692619502253,66.15708337631077,37.220856407657266,12.948260526172817,41.078171401750296,17.848856889031595,76.58263447228819,51.265519578009844,19.372213631868362,29.703909676754847,9.585954929207219
