,ID,grupo,Desempenho,Acuracia,Similaridade,Especificidade,Protocolo,Complexidade,psd_delta_CZ,psd_theta_CZ,psd_alfa_CZ,psd_beta_CZ,psd_gamma_CZ,psd_delta_C3,psd_theta_C3,psd_alfa_C3,psd_beta_C3,psd_gamma_C3,psd_delta_C4,psd_theta_C4,psd_alfa_C4,psd_beta_C4,psd_gamma_C4,psd_norm_delta_CZ,psd_norm_theta_CZ,psd_norm_alfa_CZ,psd_norm_beta_CZ,psd_norm_gamma_CZ,psd_norm_delta_C3,psd_norm_theta_C3,psd_norm_alfa_C3,psd_norm_beta_C3,psd_norm_gamma_C3,psd_norm_delta_C4,psd_norm_theta_C4,psd_norm_alfa_C4,psd_norm_beta_C4,psd_norm_gamma_C4,Proporção espacial x,Proporção espacial y
27,ID_05,CF,0.6653993493184877,0.75,0.8461980479554632,0.4,protB_CF,4,4.233905183355091,3.5576799418777227,1.9307267357362434,2.5518142811051803,1.4059379559512308,2.143261895980686,2.2053825086914003,1.3641908808494918,2.6323150523239747,1.4456115311531903,2.2772977645217907,2.382535589276813,1.2892728409497067,1.5464548732779804,0.9597890937129705,9.193548244713806,3.3870062882451792,1.7146025286221802,0.28530354171001165,0.9054689069951323,1.8548982856617902,1.5174343252395583,0.8315829828622903,0.15797520351994285,0.3502087056875269,2.3411484144455357,2.219185266667594,1.0541571045427824,0.13909628293651888,0.396012736173195,0.7769230769230769,0.9357622243528284
28,ID_05,CF,0.736197249936716,0.76,0.7610917498101478,0.6875,protB_CF,4,1.5285166582543752,1.9091183639829978,1.970715180505067,2.357958042921382,1.0395433965868506,1.883131088106893,1.8171867268392816,1.4677358194603585,2.9961944255774142,1.004641962254027,0.8227371649809356,0.7687832476221956,0.5777852256869664,1.3131237556081032,0.9024701981843464,3.3190378697556593,1.8175316524965262,1.750114694713436,0.26362960103731364,0.6694991191447383,1.629766587814789,1.250332540413514,0.8947018690233663,0.17981298391620312,0.24338098700672056,0.8458049883981703,0.7160742798817528,0.4724185457200134,0.11810925530181761,0.37236273556222305,0.8403846153846154,0.8370086289549377
29,ID_05,CF,0.6089947022696526,0.75,0.8769841068089578,0.1999999999999999,protB_CF,4,1.2740221618514624,2.03918619081378,2.6881187804974616,2.8456528452807106,0.8882972243782206,1.5580446743115317,1.2211522116558626,1.842833407863509,2.6468158212082926,0.9247447238749373,0.8059127148953849,0.9923176694428548,0.8270282196463086,1.43744679462543,0.7792201531628962,2.7664257234344563,1.9413596962136146,2.387212634997852,0.31815592586312313,0.5720917579896801,1.348418688721458,0.8402253463995808,1.1233537210534177,0.15884544962276909,0.2240253663314842,0.8285088160419056,0.9242828362324429,0.6762088253990713,0.1292915231516558,0.3215092846508394,0.9346153846153846,0.922339405560882
30,ID_05,CF,0.4790789102516173,625,0.8122367307548523,0.0,protB_CF,6,1.6241373205048149,1.6984366229735315,2.1768303704448044,2.531847381760599,0.9634175273731671,0.7431759995597531,1.129010401200503,3.0524138419423252,2.831777343089925,1.0278932938945218,1.0438280914968345,1.1292829731246457,3.0918662378098816,4.12519960445934,2.433395262414706,3.526669626613822,1.6169570102365816,1.9331574937366496,0.2830711586004112,0.6204716302010089,0.6431859261406828,0.7768263009171517,1.860689323793091,0.16994569160816994,0.2490137718758572,1.0730948404872682,1.0518575869909588,2.5280240592692307,0.37104214372270894,1.0040284082952118,0.9057692307692308,0.9376797698945348
31,ID_05,CF,0.4563182191888928,625,0.7439546575666784,0.0,protB_CF,6,1.4208994143700693,1.3613278861157596,2.0625314937205985,3.1684517743997276,1.2059596583640086,1.060843188497529,1.4516729133902118,2.831792371580377,4.520296410191804,1.1716871669023021,1.1416603501857026,1.2599442270584404,3.283019905211404,4.53367768204771,1.3460002994634124,3.085356603698237,1.2960204925584249,1.8316531537269454,0.3542462003081616,0.7766765020582174,0.9181128145796076,0.998837298798519,1.7262029678274156,0.27128012079711705,0.2838487638959333,1.173670110387981,1.1735605033961674,2.684318359552706,0.40778280989757254,0.5553649910923576,0.9153846153846154,0.965484180249281
32,ID_05,CF,0.8128438052134682,0.75,0.7885314156404046,0.9,protB_CF,6,1.6862158227013424,2.2570716391783208,1.6975167382042855,2.2976129857852357,1.204315991913063,0.7164554890550789,1.0609117161948234,2.0215909753460437,3.2287375252053607,1.3118675931309554,1.6313160194840748,2.2245994477998465,3.166548995068297,2.602267213660525,1.1130959373986116,3.661467568510832,2.148792460201462,1.5074978959120582,0.25688277049673874,0.7756179284145495,0.6200605072546026,0.7299703556450498,1.2323206942703673,0.19376877673000414,0.31780837515685106,1.677054697006971,2.0720774711670873,2.589087440618992,0.23406159654727052,0.4592677398398475,0.9961538461538462,0.87248322147651
33,ID_05,CF,0.4703851430507793,0.5,0.911155429152338,0.0,protB_CF,8,1.7057385339285247,1.007560480502434,2.834738857927732,2.549516888393555,1.1306219529387818,1.2144883767177816,1.8674320308491588,5.123613897012547,2.964293886179803,1.3090913362248102,2.3256348376889946,1.4793380541959777,2.9173196671763435,3.8249260069278535,1.3122511882102117,3.7038593982193304,0.9592244774688532,2.51742016300044,0.28504668356709006,0.7281566157444946,1.0510859228891383,1.2849042977781466,3.123250702906913,0.17789851163474715,0.31713580903738914,2.3908407576987245,1.3779123506351942,2.3853083348214987,0.34403395744949833,0.5414399757131033,0.9519230769230768,0.8034515819750719
34,ID_05,CF,0.5314858431944031,0.75,0.8444575295832093,0.0,protB_CF,8,1.8343220199312782,3.085066331550479,2.6591999776428565,3.1028594203235116,1.2264692388725962,1.387582698953338,2.570187352830544,2.86815689469222,5.400464880949585,2.694992852411815,2.1684097482648212,3.320676274597645,3.640528622781858,5.976331009151181,3.089977034051117,3.983066992826593,2.9370655132906545,2.361530982808826,0.3469126999568207,0.7898853263647457,1.2008913956475717,1.7684417538052597,1.7483700406500107,0.32410236681855725,0.6528793789624684,2.2292074067373693,3.0930055765490367,2.9766306945315937,0.5375426359575108,1.2749366167864176,1.0057692307692307,0.7833173537871524
35,ID_05,CF,0.894287334470372,0.9375,0.7453620034111159,1.0,protB_CF,8,20.784134918358177,19.78039206005633,8.228133374359459,16.351231970475055,6.792653319280362,21.949499612674117,21.335635567083955,8.332134340889752,20.701917732367292,7.993849083504756,21.345217886846513,21.369437221437693,11.339094024151564,17.853739380370826,9.2421942990768,45.130898974253476,18.831461341630842,7.30708185078169,1.8281363291368076,4.37468549061563,18.996320178619104,14.680186150340718,5.079099432545517,1.2424005493326222,1.9365614348430105,21.943692998916582,19.904315575486184,9.271262175842468,1.6058591991520286,3.813365536862681,0.9346153846153846,0.8887823585810163
36,ID_05,CF,0.6278724462171376,0.6875,0.7961173386514129,0.4,protB_CF,4,3.2103044886753196,1.9013164419448003,1.2027521115669515,2.6539439604675863,2.262323254853982,0.9465199491387466,1.1541195708559826,2.2474027500720695,3.169091694871895,2.4113587155625282,1.6246510749624576,0.9616878887754865,1.7136494570877403,1.7711991204123478,1.467348291498638,6.97089044716629,1.8101040144190472,1.068116877250352,0.2967220683056003,1.4570083666717382,0.8191711121700301,0.7941029029412133,1.3699709540896994,0.19018920437686718,0.5841671822110013,1.6702028814287706,0.8957530806710933,1.4011431037004147,0.15931096228341346,0.6054336474979949,0.8807692307692307,0.9386385426653884
37,ID_05,CF,0.3757930938958776,0.4375,0.6898792816876329,0.0,protB_CF,4,1.4972569624660537,1.1694508866639808,1.7099373799283057,1.906868474179646,0.8439152869641475,0.9129212412517518,1.8689807038754225,1.661367052292917,1.6120395112011465,0.9086396220254755,0.6539598725794349,0.6945179484318942,0.863637549628038,1.4609025438403478,0.8109996399525699,3.25116022278453,1.1133484663137638,1.518528179645605,0.213195894892084,0.5435083740711076,0.7900929179573152,1.285969876923426,1.0127355257752229,0.09674460115986432,0.22012380166343914,0.6722955349327567,0.6469007243934156,0.706141966055601,0.13140125657205012,0.33462162526837325,0.8596153846153847,0.8024928092042186
38,ID_05,CF,0.4899122638333068,625,0.8447367914999205,0.0,protB_CF,4,2.6819701633939985,1.6027247620513663,1.1804675377788953,2.3738704003335442,0.8895756601532412,1.586410811796668,1.416009254171513,4.65307553531602,2.924572461779462,0.7931911810601378,0.6990606707404368,0.7533182215411216,2.022973436396569,1.1932800925933407,0.616967923519951,5.823659486986147,1.52583676330624,1.0483268231432397,0.2654086693497142,0.572915111423572,1.3729683249048374,0.9742985802547636,2.8364200988736474,0.17551467840087726,0.19215567314978427,0.7186608648205811,0.7016695598925891,1.6540578165812443,0.10732988608329287,0.2545633797306906,0.9903846153846154,0.9050814956855224
39,ID_05,CF,0.5056281779181734,0.75,0.7668845337545204,0.0,protB_CF,6,2.4241331357188756,1.7825636314228177,1.7578425467945635,1.7298524462603382,0.876421681255124,1.2207528543513035,1.7272635886911303,1.5656910836696625,3.049272076168563,1.0072160184790846,1.0726241243901313,1.6258080140687525,2.8789533535018563,3.1441398641618434,1.5322232152357174,5.26378933152687,1.6970481683182719,1.5610708754723301,0.1934047603731001,0.5644435292708185,1.05650755094345,1.1884600734280792,0.9544134034880392,0.18299837490771625,0.24400456870866316,1.1026982537082968,1.5143401036651996,2.3539386193892824,0.2828004720308646,0.6322012949180762,0.9307692307692308,0.9022051773729626
40,ID_05,CF,0.4835230008582039,0.6875,0.7630690025746119,0.0,protB_CF,6,1.7610287195566343,2.101247606333345,2.3979359539225698,2.483000589563744,1.0971848869303358,0.7582671105410554,1.4454225893132389,2.3511129693361,3.8586645350733306,0.960365415949127,1.2938746049258043,1.3943694793852046,1.6230050678132102,2.7791039428848308,1.1954725196119398,3.823917114917748,2.000443820715051,2.12951267207777,0.2776098823162688,0.7066220782610767,0.6562466145896515,0.9945367041121589,1.4331905919714452,0.23157308419644718,0.23265470844599034,1.3301521333770252,1.2987693526466326,1.3270289023415305,0.24996722182401349,0.49325664003946995,925,0.8830297219558965
41,ID_05,CF,0.822996737099337,0.6875,0.781490211298011,1.0,protB_CF,6,1.2550309929793002,1.5664466482121497,2.8609883738681674,3.4063089296978433,1.1138235831822385,1.121830894589948,1.7651766538619995,1.7757082678144798,3.2993513104884187,1.1665933554922958,1.336873045147513,1.253786831512116,2.544480870710686,3.7048881822556723,1.0133986754681246,2.7251880906371686,1.4912990303717115,2.540731326394785,0.3808396281019077,0.7173379295867074,0.9708949741884829,1.2145465170443652,1.0824356025037167,0.19800657763136514,0.2826147552688081,1.3743561596211837,1.1678252684057866,2.080461560996698,0.3332371243105564,0.4181322594049396,0.9865384615384616,0.8849472674976031
42,ID_05,CF,0.4703851430507793,0.5,0.911155429152338,0.0,protB_CF,8,3.121638459560927,3.9414278289768845,3.13275346707087,2.6749707431008574,1.0397455467909822,2.4092566782201175,1.9181317184120417,2.792003026115708,2.8738579730998026,1.4556074870597513,1.723300583762466,2.5359891005791724,3.6178668960928917,4.077067074831575,1.251930446642291,6.778360057129446,3.7523445221335425,2.782075224198587,0.2990729508131786,0.6696293103267952,2.08510499371561,1.319788698050501,1.701948193035897,0.1724711097127349,0.3526302903973235,1.771618315418567,2.3621177680469216,2.9581016295954368,0.3667128509155011,0.5165514016786789,0.9692307692307692,0.8149568552253116
43,ID_05,CF,0.5314858431944031,0.75,0.8444575295832093,0.0,protB_CF,8,3.0343529215315357,2.4703568196855485,3.6999815347371623,3.1686692127550486,1.2479688838311631,1.7472392864874564,1.6951963916653767,3.8360011822078377,5.227625868428731,2.784335077421929,1.9936605294788023,3.0273287557065487,3.7917987938271835,5.680852249497548,3.422194394261169,6.588827280605832,2.3518456463703705,3.2858081767312135,0.3542705108284593,0.8037317837699346,1.512158249640117,1.1663959347630948,2.33834821075571,0.3137296425676885,0.6745231084912972,2.0495585866049724,2.819770416970911,3.1003147747728,0.510965722615452,1.4120107997322418,0.9884615384615384,0.8197507190795782
44,ID_05,CF,0.9248859634416524,0.9375,0.8371578903249574,1.0,protB_CF,8,53.471531718969345,36.54389129951596,21.520014153793454,32.268930983264,14.703105231092195,53.923731204122305,37.1479329187423,25.11369250714779,32.085056853247806,15.912540828139754,55.123353842645884,42.26367291994393,20.263149868696928,34.93429537047632,18.173526446844335,116.10867161355137,34.79076017250767,19.111078746215714,3.607801854895912,9.469268943681088,46.6686020754577,25.559987122616604,15.30879557908759,1.9255458733428734,3.85491552020016,56.66889699631801,39.366010178956756,16.56789991695425,3.1421742185982513,7.4984681335450025,0.9634615384615384,0.8897411313518696
45,ID_05,CF,0.6206988897471611,0.6875,0.7745966692414834,0.4,protB_CF,4,3.150253680360038,3.5539373056963086,1.553142246848438,2.267601115818252,1.4387033306775265,3.053982657547749,1.7101739649660885,1.5727731588413008,2.933058734924998,1.6177055638308957,1.0705500271797064,1.2289243459235877,0.7412089180434123,1.4056936888664495,0.9554090358960821,6.840495462046873,3.3834431986789006,1.3792845846415325,0.2535273175320299,0.9265708538592328,2.643086785870431,1.1767013959453263,0.9587304923051251,0.17602397181775312,0.3918995936901486,1.1005660031650255,1.1446673932583498,0.6060397939743862,0.1264354818541802,0.3942055071767156,0.8865384615384615,0.906040268456376
46,ID_05,CF,0.3995246176427351,0.4375,0.7610738529282056,0.0,protB_CF,4,1.6901396338653285,2.077756042126566,1.7564779263921082,2.3461810069420608,1.174641349734884,0.9863234577096591,1.7054997297236696,3.3095312246587127,2.4824858410283923,1.0773032839779262,0.7305863055080408,0.7664566073799506,1.6308947451761924,1.3458058092510328,0.9591463597189431,3.669987775194031,1.9780792244081997,1.5598590097280216,0.26231287900913713,0.7565065119364531,0.8536192866791594,1.1734852441108314,2.0174228447882574,0.14898338465435707,0.260983660260283,0.7510704122238228,0.7139071576907288,1.3334797940229308,0.12104885105660836,0.39574754161193815,0.9980769230769232,0.9319271332694152
47,ID_05,CF,0.4916666666666667,625,0.85,0.0,protB_CF,4,1.2557444333651802,1.4676411665277556,2.324309665709734,2.331380082978285,0.9927364774284797,1.2825833182432689,1.395099621731788,2.7656018792185932,3.2906801570788957,0.8803927311191728,0.6432162563214661,0.8141060898196883,1.4315214211819693,1.5881797025940614,0.6339486025126462,2.7267372629316027,1.3972335738816857,2.064128059327455,0.260658073618826,0.6393539696018734,1.1100190801177239,0.9599115095914489,1.6858545914762555,0.1974861888490981,0.21328081038202498,0.661250690222677,0.7582897179641304,1.1704647988493695,0.1428492334844553,0.2615696743364792,0.946153846153846,0.825503355704698
48,ID_05,CF,0.4995509363515786,625,0.8736528090547359,0.0,protB_CF,6,2.3958609363035066,2.955908013973385,2.2607301507377997,1.8442681885062484,0.8175106862040593,1.5205285944830393,1.7165993776870891,3.4130351414205506,2.1353286574594676,0.7880601912120255,1.078239251000923,1.3697050962946378,2.2201975662028417,2.6800443811225705,1.0341179411170742,5.202398767011821,2.814103346665318,2.007665591013481,0.20619692034016493,0.5265029686130098,1.3159501825211086,1.1811224620317091,2.080516724865466,0.1281491662429656,0.1909126578065338,1.1084708166847184,1.2757959977836963,1.8153155511887635,0.24105728395997203,0.42668110949595095,0.921153846153846,0.8082454458293384
49,ID_05,CF,0.526898012166812,0.8125,0.7681940365004358,0.0,protB_CF,6,1.0725586225817096,2.4571508110966533,3.3291552390437573,2.9982284941070247,0.9455834212985792,1.1497612504172139,1.6709239280316979,3.1069971446413547,3.356972123583546,0.9380007144272895,1.2240799187566154,1.4571320352843031,3.3196363074239343,3.6375953732203925,0.9260654940135282,2.328965580229372,2.339273173617355,2.956491918502132,0.33521452346999814,0.6089858968041417,0.9950674606396609,1.1496950362428975,1.8939621936752509,0.20146462102463256,0.22723671543454652,1.2584005506866376,1.357228810703231,2.714257282726409,0.32718445522405154,0.38209824696086025,0.9384615384615383,0.950143815915628
50,ID_05,CF,0.8128438052134682,0.75,0.7885314156404046,0.9,protB_CF,6,1.5492485581489746,1.3883974024793133,1.8493942989152856,2.0787148114322918,0.8751945225071722,0.8004141609490034,1.3464129515341483,3.3118316787295043,2.7789157975348644,0.8349507943421486,0.9421142422070261,1.6451775445602834,2.236072141386103,3.147822999380878,1.008442769375506,3.364055345025273,1.3217913948433342,1.6423743881758626,0.23240903630723392,0.5636531998786046,0.6927230208067423,0.9264121849852365,2.0188251547472094,0.16677326989897262,0.2022722084722705,0.9685291483315077,1.5323816292073726,1.8282951903151927,0.28313175257928075,0.4160874331563282,0.9865384615384616,0.9079578139980824
51,ID_05,CF,0.4703851430507793,0.5,0.911155429152338,0.0,protB_CF,8,12.395016645314172,5.664280703058466,4.272971244063228,3.9830488385632634,1.735698394213614,16.63305942201987,6.879308144561946,4.2297826876165345,7.7710795812890865,6.338868866805569,16.917371016461402,5.795568285975605,3.2188978657359257,7.071684354741592,5.322249942764756,26.914675361819356,5.392546455294442,3.7946578167660183,0.4453215693870507,1.1178451518641008,14.39517656011805,4.733373132016199,2.578389398144277,0.46637194029642426,1.5356318163815854,17.39169859506376,5.398215166266182,2.63188981120831,0.6360644754928305,2.1959811548579786,0.8942307692307693,0.8322147651006712
52,ID_05,CF,0.5167701290807313,0.75,0.8003103872421938,0.0,protB_CF,8,2.6390681487100665,3.286072809714824,3.982361376984045,3.032258482562611,1.2378215884609745,2.128929700120352,2.8854870761279017,3.113833168754354,4.347310303273844,2.552787563217862,2.4006176499824505,3.248021734179929,3.829725814284757,4.722468780528288,3.6933929695806,5.730501580818868,3.1284290470101395,3.536578615958497,0.3390192189380887,0.7971966017521869,1.842494404651748,1.9853867150464002,1.898129294777163,0.26089856885394785,0.6184292316045491,2.467925930681518,3.025332343722139,3.131325307841999,0.4247636740041907,1.523908393236923,0.9884615384615384,0.8053691275167785
53,ID_05,CF,0.9379762479366412,1.0,0.8139287438099234,1.0,protB_CF,8,10.450968111399561,5.874214926734567,6.162736157421023,4.917418671539053,1.634657541217166,9.442007401958108,8.031602599658072,7.57302189595066,5.019850181270158,2.6582630550819886,9.125365169893485,6.1979981837794185,8.236658031819388,6.404900595953222,3.860562840145576,22.693347010661952,5.59240944109567,5.472883760899519,0.5497880364763135,1.0527716183292233,8.171639395046594,5.526220246770724,4.616359943408012,0.3012602360517804,0.6439813489552073,9.381221257738702,5.773053848253655,6.734595894795929,0.5760904381170687,1.592883336046549,0.9673076923076924,0.8542665388302972
54,ID_12,CF,0.4442746258674876,0.5625,0.7703238776024629,0.0,protB_CF,4,7.847419634344988,2.9693768883589655,0.6819958434789442,1.1966661641054088,1.2979799330423702,0.8502532982674893,0.7945845572976395,0.38831304300401825,1.1238839879297302,1.5566529839361465,0.35481795475789113,0.3419757886149455,0.1362911107207765,0.6480228739746963,1.4167463900776056,2.0027998194122842,0.618097170652035,0.3927595146999808,0.19157021799240712,0.6842103197524634,5.107248377987183,4.9420722726491935,3.9660585487270925,2.3768052346507194,6.0627157808837255,0.42836546647677004,0.4351417509545136,0.3637250524811967,0.2822470743611271,1.4489256456777295,0.7365384615384616,0.6768935762224353
55,ID_12,CF,0.4834688645687433,0.5625,0.7450494508490871,0.1428571428571429,protB_CF,4,7.368506834609434,2.45261361123994,0.46044304326642305,1.242821586856735,0.6540712751075262,0.736506547582394,0.35763319829129614,0.23779450202709995,0.7020757357167895,0.5981378554906769,0.43694339774447144,0.21141561774129514,0.1989866668736795,0.4582367905641149,0.2676184304846174,1.8805728309858323,0.5105291752465524,0.2651678715485983,0.19895908270942136,0.3447836941771991,4.424001504236151,2.2243688186759027,2.428728405074775,1.4847593716917107,2.32957496182465,0.5275140671121652,0.26901250072607263,0.5310429672846908,0.19958553732534481,0.2736969791494895,0.7788461538461539,0.8763183125599233
56,ID_12,CF,0.491634892917024,625,0.8499046787510721,0.0,protB_CF,4,5.362949710615794,2.152439614292234,0.8545298624085262,1.121792999583704,0.8296147057080816,0.4472787250051624,0.7174919956014492,0.3191540381521918,0.7331521092055482,0.47681019896117505,0.35333369805812254,0.29760679899482056,0.08051846771195414,0.39747238315612776,0.3233343383612919,1.3687193004092488,0.4480457973553657,0.4921213776672763,0.17958402762499825,0.43731873553190215,2.686685894010059,4.462580180728857,3.259698905764478,1.5504801115325746,1.8570386255378823,0.42657354950909154,0.37868512310498276,0.21488256819798268,0.17311953295269414,0.3306783897675955,0.7826923076923077,0.725790987535954
57,ID_12,CF,0.8309097708015619,0.75,0.9245474942228676,0.8181818181818181,protB_CF,6,6.887918436405016,3.5288251820020378,1.0858591849682853,1.8714297148108017,1.0755492755833984,0.2667898679646896,0.40367939800489694,0.1968469377970905,0.48044467143881775,0.31487103979088715,0.48403392611362506,0.366516691428842,0.2550697290644166,0.8795465928415069,0.4743418875250427,1.7579182002938687,0.7345503594616224,0.6253432929226167,0.2995908208800947,0.566959392069758,1.6025367066525795,2.5107620599935943,2.0105080025159556,1.0160509646011833,1.226332163676233,0.5843656324881461,0.46636843943937434,0.6807138785477423,0.38308748435245255,0.48511584745705105,0.8730769230769231,0.7689357622243528
58,ID_12,CF,0.6261701726862824,875,0.6701771847255139,0.3333333333333333,protB_CF,6,5.493391619893373,4.133237031055614,0.7800822131684981,2.0426628670975333,0.893912882929726,0.39170738364191493,0.3122446723864414,0.16089433984234347,0.46537173011529376,0.3423307430807654,0.44992504444962833,0.5663501833623741,0.2567036481195828,0.7673700738450862,0.40985427676787367,1.402010374994014,0.860363035943739,0.4492471829553102,0.32700295410074015,0.47121253872283775,2.35288343347467,1.9420661067610299,1.6433039875174247,0.9841745020622624,1.3332798123763099,0.5431865805008567,0.7206434450808454,0.685074377856519,0.33422887832122244,0.41916349796885016,0.8923076923076924,0.9194630872483222
59,ID_12,CF,0.8128438052134682,0.75,0.7885314156404046,0.9,protB_CF,6,6.449575928854756,2.374137577135116,1.2490889494074509,1.8219454741483787,1.202714213377476,0.5017708426748868,0.4498828639043495,0.24671671599207912,0.6474144374806201,0.6991533732616517,1.2582228846440557,0.7624755235156044,0.5518729085451923,1.7244123664568178,2.070286461730575,1.6460454655773358,0.4941938239362002,0.7193468615348324,0.29166905702043394,0.6339924490026557,3.014005741106062,2.79813344875876,2.5198559723993976,1.3691609103061617,2.723001358089054,1.5190303243816083,0.9702000709065385,1.4728033366372077,0.7510696998075248,2.1173098935064307,1.0076923076923077,0.9980824544582934
60,ID_12,CF,0.4703851430507793,0.5,0.911155429152338,0.0,protB_CF,8,4.587860817991896,3.216114768292755,0.9948225633706897,1.4582269650418311,0.9393293853463547,0.31664597872804734,0.1494630678280373,0.12667007740674308,0.3306817377506377,0.2969003955399785,0.61656920297537,0.48244236313621514,0.27183338897884823,0.654793853755109,0.5440125592031109,1.1709029522963468,0.6694574361938203,0.5729155550405143,0.23344259740502105,0.4951531550986887,1.9020092771768544,0.9296144463342986,1.2937524309780584,0.6993302633814673,1.1563416715004249,0.7443731375656399,0.6138762497777343,0.7254516684880226,0.2851961820397774,0.5563689832708761,0.85,0.8801534036433365
61,ID_12,CF,0.5314858431944031,0.75,0.8444575295832093,0.0,protB_CF,8,8.001812275324482,3.0307195556815714,0.7957860216265544,4.192180422251113,0.9697173728113739,0.20129336598984082,0.21459369781950954,0.13036973632551963,0.4288895988793229,0.25128374116434316,1.0110031125805108,0.38467988269985653,0.22376826291292673,0.6994976479290926,0.5202389272085384,2.0422035429138283,0.6308660883535888,0.45829096269077724,0.6711119119462342,0.5111717190924634,1.2091164115987578,1.3347069913942415,1.3315391191837294,0.9070215917760349,0.9786779190724608,1.2205662484738882,0.4894799084840153,0.597178515467357,0.3046669686820119,0.5320553691130495,0.903846153846154,0.8533077660594439
62,ID_12,CF,0.6648724223121572,875,0.7862839336031381,0.3333333333333333,protB_CF,8,1.946388954820577,1.7961167031899095,0.8567847908125259,4.236189743096475,1.2676293882805112,0.6848083676231909,0.2871349824999925,0.19734819215955213,0.568209296943678,0.524600237042705,1.1506487926453701,0.45430404134094715,0.39448642201023176,1.8923577608802589,4.133372208343644,0.496752770829248,0.37387461886526807,0.4934199846809501,0.6781572145050697,0.6682114931084346,4.113464107580897,1.7858915360083853,2.015627594003144,1.2016567954141715,2.0431670825773547,1.3891580180850591,0.5780720816975752,1.0527802861828022,0.8242185007714438,4.227255518521306,1.0134615384615384,0.9683604985618408
63,ID_12,CF,0.6451363699593685,0.75,0.7854091098781056,0.4,protB_CF,4,5.662431416567415,2.6861378573812544,0.7470595010090619,2.454743183989194,1.1146956179572953,1.0926116701739375,0.44424829684430733,0.36275213096814696,0.9318449738202617,0.5951994563702101,0.7040597392915515,0.29263551732583437,0.16384316222683992,0.5084874965177733,0.49972025067290815,1.445152310818441,0.5591389278126425,0.430229494613317,0.392971491112339,0.5875947892364946,6.563031500890654,2.763088169587312,3.7049906409667046,1.970678500134873,2.318130742141762,0.849998920868959,0.3723594933909844,0.4372542161002285,0.22147228748434486,0.5110706418138947,0.7057692307692308,0.6097794822627037
64,ID_12,CF,0.4600796829519714,0.5625,0.6748819059987713,0.1428571428571429,protB_CF,4,6.715796926073381,3.017363662365824,0.6774988614779431,1.8071660342684481,0.8460320839276392,1.6802105674287304,0.6793862194172107,0.42792751446540933,0.8318084410348092,0.5847523406714572,0.3330506006022915,0.28443418523238506,0.16542861703783274,0.3874375065606728,0.32508219544524763,1.713989756821769,0.6280859630342475,0.39016971523827454,0.28930306673464645,0.44597290599721234,10.092583836678807,4.225573938689146,4.370663328358792,1.7591198719006946,2.2774422304020474,0.4020861232479559,0.36192383646405124,0.4414853771149507,0.16874883143212913,0.3324659467867344,0.8134615384615385,0.8571428571428571
65,ID_12,CF,0.4640647368109619,625,0.7671942104328858,0.0,protB_CF,4,6.2295443458424415,2.964267070638016,0.6227670310181566,1.2279636539460625,0.726444532460846,0.7687193246965762,0.4756502021336928,0.2892574448196683,0.6427003650060215,0.5601515151738568,0.25599113905627746,0.43136126987519674,0.11692261432472151,0.4112140582037682,0.30054199561391215,1.5898895270324684,0.6170335253167969,0.358649805878752,0.1965805267411895,0.382934152666318,4.6174952007641155,2.958398390524435,2.9543482571048467,1.3591915253389568,2.1816290886766936,0.3090535927658639,0.548878910485689,0.31203564052409655,0.179104734609587,0.30736835336090573,0.8384615384615385,0.716203259827421
66,ID_12,CF,0.8104701424375594,0.7755102040816326,0.827328794659617,0.8285714285714285,protB_CF,6,6.532129502375028,3.8363967032637447,1.0925053429673426,1.6356946362066083,0.9501374345290969,0.4265811467121239,0.44377209269441664,0.17151654719782528,0.4341906774243398,0.3875940650459597,0.7008050652075326,0.3604687371989712,0.2829021213983651,0.5601812063105172,0.4055257239201637,1.6671145927353408,0.7985735852805812,0.6291707968807251,0.2618527935578108,0.5008504533380314,2.562360974152908,2.7601263258116173,1.7517945392708574,0.9182323852123755,1.5095674366608893,0.8460696101800962,0.45867281454166564,0.7549911979474108,0.24398753955003788,0.4147366285773744,0.8461538461538461,0.8533077660594439
67,ID_12,CF,0.5199851944803562,0.8125,0.7474555834410685,0.0,protB_CF,6,10.495889420781168,5.3452017600648105,1.1527160168043338,1.8164608627557755,1.0022881576787768,0.2654599757079268,0.3499926497170236,0.17150971052615205,0.4621013486030279,0.3715861915907226,0.40590065600554226,0.5727757816202939,0.283465024040197,0.8527057270839578,0.43904838480557373,2.678735994250986,1.112642217097009,0.6638459569452536,0.29079104422822794,0.5283409114361997,1.5945483929523099,2.176846949656496,1.7517247125147828,0.9772582544947738,1.4472213723697636,0.49003671184476366,0.7288195972236796,0.7564934367351007,0.3713969157974854,0.4490207061006407,0.8346153846153846,0.9041227229146692
68,ID_12,CF,0.822996737099337,0.6875,0.781490211298011,1.0,protB_CF,6,8.920226318878122,2.6885900733759627,0.8437303113169037,1.7773373183445074,1.4352783039157657,0.6516523853861145,0.32207133699557744,0.14761253260076046,0.48531748234381666,0.5897981229168181,0.7935955618449952,0.5752445795224048,0.26622513905749656,0.9540189530525822,0.9432709842940312,2.2765989959777406,0.5596493742211462,0.4859019461468637,0.2845278890089064,0.7565850613377108,3.9143048254635255,2.0031849471052214,1.5076494528525135,1.0263560517728574,2.297094101410896,0.9580939422177461,0.7319609805544364,0.7104847276054993,0.41552400262135053,0.9646959607869062,0.8788461538461538,0.9616490891658676
69,ID_12,CF,0.4703851430507793,0.5,0.911155429152338,0.0,protB_CF,8,8.71972534514498,3.8406412641052157,1.0507096740184352,2.027247035584878,1.1546522659955372,0.4015451852410479,0.33800291384977754,0.12875841366621898,0.45377234118859633,0.5354622094841943,1.2714025760942604,0.6716461139149033,0.3227638153475709,1.7090234032366425,3.9297970815823646,2.2254276131925965,0.7994571211688879,0.6051007870560381,0.3245350860419643,0.6086573266721866,2.4119765253362497,2.102274469431829,1.3150817785849207,0.9596439556572827,2.0854713420443725,1.534941933702335,0.8546256073110577,0.8613715528141942,0.7443670199781781,4.019056490062617,0.8961538461538462,0.8053691275167785
70,ID_12,CF,0.5314858431944031,0.75,0.8444575295832093,0.0,protB_CF,8,3.8550518693227787,2.4292066518682986,0.6469159889093135,2.0388211924000643,1.0065997158790196,0.3687380276460317,0.24557989308959804,0.12189047174615553,0.3865678763759206,0.2988056353387947,0.8131457107083406,0.4702942715084646,0.24041967844823375,0.743319304092438,0.669646218852904,0.9838771911614616,0.5056568481876677,0.37255712374957406,0.3263879534586854,0.530613683564429,2.214912541280049,1.527431623496342,1.2449356419691928,0.8175190339801754,1.1637620326945062,0.9816964925544438,0.598418600325225,0.6416167547438273,0.3237535391450268,0.6848562218492369,0.9403846153846154,0.8456375838926175
71,ID_12,CF,0.6648724223121572,875,0.7862839336031381,0.3333333333333333,protB_CF,8,4.211295654386049,3.601648146286607,1.1834610922960564,2.845513605279848,1.752342331201362,1.8638708088474232,0.433434484875761,0.15722226544312434,0.7896106781117851,1.580569451334668,1.9327716909174342,0.5878477677470073,0.29535019166360144,1.265699151190347,2.4906590679165674,1.0747968847214735,0.7497089836023465,0.681551960647483,0.4555285993828802,0.923720526200094,11.195782697533163,2.695829575394201,1.6057990354562748,1.6698794655214335,6.155863544589779,2.333401215668129,0.7479977105635244,0.7882118165671289,0.5512766551799014,2.547230628868181,0.9634615384615384,0.7660594439117929
72,ID_12,CF,0.6391419222978835,0.75,0.7674257668936506,0.4,protB_CF,4,6.449766633522813,2.434424779494293,0.5839444911543978,1.3604379564640112,0.9904691401061427,0.38962684902799083,0.5075519839010667,0.3863113342958968,0.8899392523744609,0.5838693158466413,0.3194519376847893,0.21410035878943745,0.14495909272227436,0.4327694077801425,0.3946802175960329,1.6460941367702302,0.5067430390091738,0.33629201284803645,0.21778788746800293,0.5221106966334351,2.3403862081725615,3.1568176898584728,3.9456139768103458,1.8820557070673543,2.2740031026095533,0.38566869705516077,0.2724286575402134,0.3868576118368838,0.18849319078775667,0.4036447829489325,0.8192307692307692,0.7766059443911792
73,ID_12,CF,0.3545708952116432,0.4375,0.6262126856349297,0.0,protB_CF,4,6.9274008437787415,3.084814190515317,0.6153241265565157,1.7558737999934237,0.660243263951088,0.23387929559248732,0.4317794373491779,0.32654379356245045,0.7843363337087794,0.5089770632480395,0.38292544786600047,0.298135000775801,0.16497579326824052,0.4402964327709924,0.26453496724343495,1.7679948066234168,0.6421262759267033,0.35436345784266954,0.28109186732404917,0.3480371639363685,1.404851537175376,2.6855356873291463,3.3351746157512663,1.6587252098143948,1.9823193128497039,0.46229914777811093,0.3793572252112869,0.440276909823954,0.19177159478803493,0.2705434796954276,0.8384615384615385,0.6279961649089166
74,ID_12,CF,0.5722426609655904,0.6875,0.8292279828967711,0.1999999999999999,protB_CF,4,7.282753096660599,4.045917536132038,1.408393269230146,1.6259049316431629,0.9068917388503905,0.39035862073433236,0.3136014493065886,0.17745166951499414,0.45762537820337457,0.30431462488422767,0.5590669638877444,0.7229376860777847,0.3659588419395732,0.5793666100544215,0.47375075627087426,1.8586869654554374,0.8421868546153879,0.8110897774798971,0.26028559303559795,0.47805414461630047,2.3447817687283217,1.9505048431241359,1.812413266938743,0.9677924110533751,1.1852179629490234,0.674951697246936,0.9198907671943403,0.9766476939433872,0.2523437632184102,0.4845112895487868,0.8384615384615385,0.6845637583892618
75,ID_12,CF,0.5178770463790756,0.6875,0.8661311391372267,0.0,protB_CF,6,7.8615676357003395,4.75429417565465,1.1300551341264509,1.7104786911659176,1.0823356103628612,0.26675063236325514,0.41303331090603024,0.19071140832238598,0.43049621490354184,0.4639841634457298,0.5006786004742025,0.5554310155275743,0.34183654497610405,0.6748081323166844,0.6826870899203641,2.006410638749067,0.989640550493953,0.6507956174624833,0.2738247186783151,0.5705367049165907,1.6023010286937949,2.5689405296918797,1.9478424043277762,0.9104192853257682,1.8070849051338396,0.6044604546390935,0.7067495205143,0.9122716412235577,0.2939134230451834,0.6981932966171385,0.8615384615384616,0.862895493767977
76,ID_12,CF,0.5122825142324611,0.8125,0.7243475426973831,0.0,protB_CF,6,6.920063900906825,3.4235730418004096,1.1919185417355038,1.8137686020054389,0.9333385658010229,0.4600963420671178,0.42866720468737185,0.24758133804425597,0.3913960908903391,0.3448030892627685,0.5497898819157854,0.5104295123601332,0.3585952526918845,0.8202919070754433,0.4061731896740639,1.7661222894720974,0.7126413689529602,0.6864225823223782,0.2903600493573903,0.49199518597116676,2.763677955179033,2.666178554595212,2.5286868415737267,0.8277298080948824,1.3429088898702137,0.6637516396028039,0.6494880606806209,0.9569962150508813,0.35727904089878454,0.4153988005384921,0.9096153846153846,0.9683604985618408
77,ID_12,CF,0.822996737099337,0.6875,0.781490211298011,1.0,protB_CF,6,1.80390713376255,2.0329950202722102,0.5310955602908507,2.0857786930719158,1.111669111082847,0.3081918262068939,0.21221835595497396,0.1848149076977279,0.5031024993513711,0.4544287537555647,0.4485263161768671,0.5939160510024521,0.2823409413394984,0.9404081047250656,0.7787529036704655,0.46038889852711784,0.42318254543780287,0.30585646014364454,0.33390522010323037,0.5859994123099456,1.851227402129857,1.3199330934384237,1.8876181416321816,1.0639680490749759,1.7698693319012704,0.5414979204964765,0.7557192028123088,0.7534935562796362,0.40959578268606994,0.7964411003103581,0.8480769230769231,1.0047938638542666
78,ID_12,CF,0.4896089890583219,0.5625,0.9063269671749656,0.0,protB_CF,8,3.8603214670729358,2.1453070803545415,0.7213758799480274,1.4492150621663313,0.9553958075230184,1.3366044477152172,0.441759006207576,0.2074918902508216,0.37581414107989985,0.3353919803998906,1.3499982233042829,0.9778079984243959,0.40625035398988985,0.6743716194250737,0.6411124776377619,0.9852220853960199,0.44656110908162355,0.41543836847945,0.23199991251079535,0.5036223244401644,8.028632069424122,2.747605545212891,2.119230862694198,0.7947768874435808,1.3062553268684518,1.6298290740758765,1.244196515358587,1.0841751200355583,0.2937232993759026,0.6556743797755216,0.8442307692307692,0.8609779482262704
79,ID_12,CF,0.5167701290807313,0.75,0.8003103872421938,0.0,protB_CF,8,5.141366244060919,2.9718043806497008,1.045609897118993,1.8044172356894705,1.4324175049296173,0.5692338818334974,0.6493546716228593,0.1912933048515697,0.67343612863624,0.7997319362402777,1.5573394994135015,0.8131309223244898,0.28364952049741987,2.3384329924738267,4.840796927055635,1.3121672938288216,0.6186024706436141,0.6021638396842102,0.28886302091502924,0.7550770347964436,3.4192385088224237,4.038786921126196,1.9537856394202422,1.4241919387907573,3.1147259410768684,1.8801485442983423,1.0346557419418247,0.7569858091519891,1.0185070577324176,4.950748321825369,975,0.9156279961649088
80,ID_12,CF,0.6324206923810857,0.75,0.8139287438099234,0.3333333333333333,protB_CF,8,6.474385376350256,2.7977849094895646,0.8838937792461365,1.9460212479316397,1.178689711196057,1.270224602194503,0.4034804878756404,0.20386451615195256,0.5535449708986562,0.5651195800737696,1.057005591064808,0.5341578071238473,0.3552140806277748,1.106201811126084,1.1787717207880632,1.6523772739014682,0.5823790652604438,0.5090319759313352,0.31153192583398065,0.6213282991949515,7.629905761560917,2.509524899989011,2.0821824598309906,1.1706444780568999,2.2009782729714455,1.2761042303904453,0.6796807587440303,0.9479727579819472,0.4818074135690291,1.2055457410101011,0.9346153846153846,0.9587727708533078
81,ID_18,CF,0.5444405648362717,0.6875,0.7458216945088149,0.1999999999999999,protB_CF,4,1.4512409397866577,2.2796757984906435,3.7707738229073584,3.638131332991179,1.6049867788296979,1.2582274484884692,1.4846713747829199,5.147114454302937,2.657357370480895,1.1131520800518047,1.3479320314218057,2.225991280283779,9.934260160662234,3.8084155894466676,1.2533911349237314,0.9148664677942345,1.1083417031842713,1.3841740639658555,0.10402974574242463,0.5792900944107625,1.0268690848371957,0.7966662371224482,2.769531473155449,0.09572759098460307,0.3676387094936583,1.075086057912383,1.393234183844685,4.971811319135734,0.15462816663381565,0.46440209385332654,0.5403846153846154,0.8763183125599233
82,ID_18,CF,0.600361334897365,0.5,0.8725125761206665,0.4285714285714286,protB_CF,4,3.655514215097355,2.007422619499266,2.757353999186307,2.5341108012071345,1.4055935988608326,2.230350608442677,1.8016386893577874,1.8517559801694006,1.9518761146173347,1.2898013512767648,1.6003631981220678,1.6627021977910772,8.69164606774575,2.7590588233579183,1.1577271567375647,2.304446688521182,0.9759765869250113,1.0121683426516097,0.07246107361274562,0.5073228386223693,1.8202417145715315,0.966749099958063,0.9963828302663057,0.0703136132265458,0.42598034247440714,1.276420562602319,1.0406750287094089,4.349918725971763,0.11202249267986879,0.42895701167736383,0.903846153846154,0.8149568552253116
83,ID_18,CF,0.4801516895156554,0.4375,0.8029550685469662,0.1999999999999999,protB_CF,4,2.881695174437482,2.671672365977429,4.468633851502091,2.6636194161255844,1.5089613938243929,1.433187582733808,1.4131199714029208,2.8827438945882022,1.7791189948184183,1.2010747574322522,1.187342877528863,1.8733266333583742,6.611521865124814,2.6968882484652568,1.417127637523663,1.816628936808297,1.2989241287810815,1.640344228824622,0.07616427920052822,0.5446315195992528,1.1696581752765547,0.758272159982038,1.5511312242987563,0.06409027906475936,0.39667677197104295,0.9470030712501109,1.1725035610960857,3.3088764250311016,0.10949826133262254,0.5250691693805967,0.9403846153846154,0.5474592521572388
84,ID_18,CF,0.4851606221250789,625,0.8304818663752367,0.0,protB_CF,6,1.551136880152626,2.515078231226653,2.8054540016455576,1.9281130498711718,1.543934877531683,2.0418264139152598,1.3799413427477702,2.4642197822686285,2.329205712158,1.5643481012830307,0.8335615475516533,1.2997896410524845,8.714776777196676,2.8871451795566827,1.5603730626025936,0.9778411562860242,1.2227905793819718,1.0298248712602267,0.055133004276631266,0.5572545473686418,1.6663826747480073,0.7404686960690582,1.325934036314235,0.08390638542233858,0.5166543974187093,0.6648335207520727,0.8135303025493754,4.361494980389091,0.11722301714067176,0.5781439626258936,0.8365384615384616,0.7775647171620326
85,ID_18,CF,0.8089378876605421,0.88,0.7134803296482928,0.8333333333333334,protB_CF,6,2.0842105259362143,2.240929999970831,3.3866235316963866,2.5653332377260085,1.9123647346077632,1.465283055040345,1.4545086596626788,1.6001618350856006,2.1847051375516457,1.4030817853836197,1.0117791025550105,1.2535492642200552,6.6945276921615005,2.505190896044951,1.3231328982783452,1.3138923177588533,1.0895041191948653,1.243160337146998,0.07335385670253225,0.6902324444482493,1.1958520469127394,0.7804810953029312,0.86100641510058,0.07870095386969274,0.4633932650680454,0.8069765993294418,0.7845887364940999,3.3504184526950627,0.10171502196256864,0.4902425677712122,0.8461538461538461,0.8053691275167785
86,ID_18,CF,0.765637495908614,0.5625,0.7344124877258417,1.0,protB_CF,6,1.4509780057778698,1.9768034107983112,3.6082925216760486,2.609383282106137,1.4322119566259062,1.5522145749855554,1.7934187490027398,3.9136367850005627,2.086383698042482,1.2052489489633444,0.5229248599789571,0.9996785956900567,15.551356227661017,3.618462371377973,1.0806885463807703,0.9147007134378848,0.961090020184144,1.3245304964632052,0.07461343600228218,0.5169302392478327,1.2667989098482786,0.9623383265955172,2.1058284883283904,0.07515906121690012,0.3980553746033075,0.41707535186782513,0.6256926541939007,7.783006250104372,0.1469157420923482,0.40041293556227076,0.9307692307692308,0.9395973154362416
87,ID_18,CF,0.4703851430507793,0.5,0.911155429152338,0.0,protB_CF,8,2.44371274675359,2.3635549878235906,3.9325973630184308,3.136912469926756,1.3662299513725884,0.9580579953762935,1.0416306322440505,3.6991997476434335,1.826277870350168,1.105069272171022,1.710130023639067,1.9384743500268087,11.972165870247409,2.605703160043049,1.1614830431199152,1.540523553073732,1.149122415787593,1.4435761807940088,0.08969775326786227,0.4931152629771393,0.7818937173202423,0.5589330880597585,1.9904453684767827,0.06578911174656014,0.3649692152604554,1.3639685850424053,1.2132791142915682,5.99172447928912,0.10579599126363647,0.43034862954638997,0.7615384615384615,0.7794822627037392
88,ID_18,CF,0.5314858431944031,0.75,0.8444575295832093,0.0,protB_CF,8,1.8775218522932846,2.4900616554077715,4.824947707675165,2.745052915997803,1.7449235583626432,0.9520937032903021,1.0954296158161014,3.0381979959202,1.7274209840252297,1.082660190718343,1.3389289488259237,2.0327512320363894,14.965491180191748,2.762085925496649,1.088231890435054,1.1835951826624715,1.2106279226264387,1.7711397688143846,0.07849281149121319,0.6297976694864196,0.7770261179339776,0.5878013174412435,1.6347771253356258,0.06222793036943414,0.3575682087548414,1.0679053630765636,1.2722864320315077,7.489797654055329,0.11214539818819154,0.4032078689839744,0.8153846153846154,0.7526366251198466
89,ID_18,CF,0.8170381537492103,0.8333333333333334,0.791694171392558,0.8260869565217391,protB_CF,8,2.8371418302413076,3.9126405608840287,10.691547824535519,5.324352910974994,1.2515757121036586,1.2803036479454022,3.3102864981628954,9.080976335098967,3.880402704453445,1.07709419648927,1.6645117138978094,8.378037920920178,18.327521785977297,5.633828324789647,1.246310742658352,1.7885423803201876,1.902262903378305,3.9246488645034328,0.15224603756024166,0.45173295007165715,1.0448859916852042,1.7762809555577748,4.886242571507462,0.13978609240662446,0.3557299379811567,1.3275842513778782,5.243762151433485,9.17239721867264,0.22874303618698685,0.4617786917071599,0.7807692307692308,0.8475551294343241
90,ID_18,CF,0.4896634037660036,0.6875,0.781490211298011,0.0,protB_CF,4,1.5079538916324964,2.237635795609094,2.068285561108496,2.7985353735857643,1.6425640724264667,0.8447161926596891,1.657756874919869,1.877541362773627,1.8909395912487525,1.2449873329387628,1.1080021376983495,1.8586544611025602,2.338959078770131,2.7251562496530823,1.193188174511306,0.950618475962509,1.087902530023571,0.7592253911304886,0.08002210385460382,0.5928529188791646,0.6893927999628793,0.889542934576605,1.0102572893061779,0.06811846000784429,0.4111796982818891,0.8837223410442518,1.1633203391674483,1.1705817076215392,0.11064599038041563,0.44209590379606195,0.7230769230769231,0.7833173537871524
91,ID_18,CF,0.4627740374501374,0.4375,0.6651078266361264,0.2857142857142857,protB_CF,4,3.295232028904138,2.4794336641207337,2.2464859939645976,2.469794846547302,1.5256481919436737,2.4690820500836708,1.0680755804060027,0.8862739778123796,1.9153646535414737,1.5423325864958315,2.633227370097302,1.168850518297404,3.7970258272252977,2.837206677213544,2.622846143822244,2.0773237607871917,1.2054607642207118,0.8246391308378264,0.0706220052015064,0.5506543086872602,2.015076072456705,0.5731232972204632,0.4768815026714761,0.06899833879227286,0.5093833734586879,2.1002142295845614,0.7315763149300903,1.9003021545180685,0.11519542879575588,0.9718077678284295,0.8173076923076923,0.8600191754554171
92,ID_18,CF,0.7714781694372533,0.6,0.7144345083117603,1.0,protB_CF,4,2.557860418164637,2.667862136149779,3.017526207258925,2.3959116279002046,1.755893168365219,1.5401789169118274,1.4403846871573478,2.1499855938600376,2.0832384034292772,1.136231393502385,1.214105282087985,1.411535413353704,8.506839483743533,2.846544772182824,1.3948825740044413,1.6124825738591526,1.2970716563288596,1.1076722470202842,0.06850936776569118,0.6337569459725941,1.2569763255401476,0.7729022517822981,1.156852605841768,0.07504575636765266,0.37526107230016365,0.9683482780906769,0.8834712907505222,4.257428349100882,0.11557457137382783,0.5168270063491377,0.946153846153846,0.6931927133269415
93,ID_18,CF,0.9215501190053796,0.8333333333333334,0.9313170236828052,1.0,protB_CF,6,2.0907820799038745,2.3298875166801736,3.997704159701243,2.564193342550425,1.3024160599002244,0.992695715467562,1.8276999180670828,1.981672045076266,2.0531783211481525,1.1074283706875576,1.1308646990073612,1.8064823234453797,7.838263132725842,2.221460672444664,1.06292601185487,1.3180350443051403,1.1327538328804496,1.467475556250785,0.07332126222079553,0.47008282700735593,0.8101623773098942,0.9807334074373243,1.0662873629559324,0.0739628838516951,0.36574835042961146,0.9019571038798521,1.1306661206751962,3.922825125917865,0.09019509109801473,0.39383162347530437,0.8884615384615384,0.775647171620326
94,ID_18,CF,0.8160326254627887,0.8571428571428571,0.7576216859121756,0.8333333333333334,protB_CF,6,1.6852549524628557,2.1572673867922276,2.431727771181613,3.5063660143350717,1.7778082103632187,1.4310995475170785,0.9767117371666245,3.7349346675910056,2.8798310631827917,1.2671262454659882,0.7774459099891828,1.8443287553964183,9.155456951702945,5.164439760847017,2.465273796588008,1.0623895753100006,1.04882870243402,0.8926376042623178,0.10026201133625781,0.6416667723434343,1.1679540805084054,0.5240979772480867,2.009673420692088,0.10374189530677536,0.41849147658869806,0.6200767094530334,1.1543539685107982,4.58204272569627,0.2096850601398208,0.9134246135599772,0.9403846153846154,0.8044103547459253
95,ID_18,CF,0.822996737099337,0.6875,0.781490211298011,1.0,protB_CF,6,1.7580293970240746,2.330772433197126,6.066398287657648,2.798426870867843,1.649907250225624,1.0081214168167207,2.0164237066637725,2.9616551983053796,2.369511215874809,1.0288154285262863,0.9338129666502937,1.7242696922039613,12.69180333474651,2.66252307301329,1.2177821746490736,1.1082667947407019,1.1331840650565441,2.2268509239274237,0.08001900129751487,0.5955033021824155,0.8227516558591832,1.0820015217624896,1.5935913912860569,0.08535833494824402,0.33978499724221556,0.74479222819906,1.0792097429239054,6.3518823203167365,0.10810297661345691,0.45120838659729323,0.7903846153846154,0.7948226270373921
96,ID_18,CF,0.4703851430507793,0.5,0.911155429152338,0.0,protB_CF,8,2.6943928605760448,2.698501804843545,6.257468485273421,2.553580819949275,1.8257107240060577,1.1801854607256246,0.9361434786114842,1.8023600641754456,2.0349979185994016,1.6306501715916966,0.8802264137557358,2.0455323974601924,11.91178175213281,5.951463605015306,8.594335482484894,1.6985530187479294,1.3119681703891195,2.2969888914527914,0.07301780477881922,0.6589562927411705,0.9631771786963941,0.5023292798523686,0.9698041432747556,0.07330796022025018,0.5385518613877848,0.7020525688055844,1.2802860844719908,5.961503965925981,0.2416395701618013,3.1843430850392838,0.8096153846153846,0.8302972195589645
97,ID_18,CF,0.5038410210535559,0.6875,0.8240230631606676,0.0,protB_CF,8,1.9747341775655514,2.2446371731348336,4.592253535520285,2.1810493872180814,1.4269630049739135,0.9568636069161585,1.2799838004866615,2.949928108137101,1.450795878554345,0.9796159986308339,1.715604288619943,1.136209182732273,8.867235839716159,2.6475204267626395,1.0648674473259234,1.2448781124707893,1.0913064871549543,1.6857224902769912,0.062365536710138926,0.5150357278797967,0.7809189487388761,0.6868320459539382,1.5872813421123053,0.052262896969429914,0.3235359911641367,1.3683347591677057,0.7111463047505857,4.4377963536650515,0.10749384359477532,0.39455095734700374,0.8653846153846154,0.8159156279961649
98,ID_18,CF,0.8537475507330922,0.8571428571428571,0.842988683945308,0.8611111111111112,protB_CF,8,1.5229585987981409,2.351228380575776,3.806488501140848,2.038052538409829,1.451022132982871,1.2641826060644235,1.3939705095253885,3.270353947300464,1.6849493367772084,1.0488570754887405,0.9758869991856045,1.746390902553685,10.506113882001955,2.277314853927237,1.0727544533324362,0.9600774865710011,1.1431294176250595,1.3972841929832376,0.058276644786806456,0.5237194221753423,1.0317292293344626,0.7479966673740365,1.7596943424941593,0.06069794854562503,0.34640411547183003,0.7783497108646751,1.0930552717542452,5.258007649679304,0.09246286610277399,0.3974732231917204,0.8423076923076923,0.8897411313518696
99,ID_18,CF,0.574628995875627,0.5625,0.761386987626881,0.4,protB_CF,4,2.7809060557046905,3.218053694581613,4.236434440826997,2.7841202427225653,1.6066663704350503,1.6230132532655261,1.880941228591837,2.2915593726793304,1.9825605613732478,1.1194169492227957,1.177782418380957,2.1478830312844366,8.814169457764365,3.1795741742826067,1.1152643834293485,1.7530911861018443,1.5645659418556401,1.555108567122481,0.07960991356753426,0.579896311728232,1.3245793803509478,1.0093023926253262,1.2330298581050811,0.07141897760141996,0.36970779642117185,0.9393778230198178,1.3443467135701999,4.411238156659274,0.1290961329451392,0.4132238536186429,0.8538461538461538,0.8053691275167785
100,ID_18,CF,0.6246233189901389,0.6111111111111112,0.6701662532667129,0.5925925925925926,protB_CF,4,8.681092731421813,1.7033034382620826,4.9057904980145395,3.7073158637213055,1.418887545241887,4.262218717485666,0.7924370438558981,6.613783247303218,2.937732671853155,1.3870930963548744,3.076938864978729,2.176184207201004,8.215915382606909,5.579423872404732,5.065722444669518,5.472585858112308,0.8281187329588481,1.8008155061833562,0.10600802758065794,0.5121210410473064,3.4784971819350528,0.42521722221351577,3.5587086750561006,0.10582771995863391,0.4581127098713558,2.454110443015525,1.3620602446514793,4.111829208787645,0.22653412265551526,1.8769337397040609,0.8846153846153846,0.8245445829338447
101,ID_18,CF,0.6366666666666666,0.75,0.76,0.4,protB_CF,4,1.3225336333562154,4.436051240190864,21.903089713305235,3.883845743985148,1.5257949982014907,1.1327721622365061,1.8039232527371496,9.771636221557856,3.475721943686949,1.2179943203136645,1.8155280649807537,4.577351035550237,21.197301990468986,3.9554927207063884,1.1465710659877004,0.8337290111630573,2.156736756262064,8.040176930712528,0.11105577239219268,0.550707295672619,0.9244820679776423,0.967974983707031,5.257869103183822,0.12520803272360087,0.40226476517914955,1.4480321447296087,2.864935721299164,10.608639623579853,0.16059974894312867,0.42482349600209146,0.8307692307692308,0.6347075743048898
102,ID_18,CF,0.499824877398402,625,0.8744746321952062,0.0,protB_CF,6,1.6669447804815718,2.6013028400484473,2.800243179081008,2.7448982691566925,1.3392442117492465,1.410607160323707,2.0403673697728664,2.2621094685746357,2.288845738803502,1.1530603163123487,0.959218015850638,2.590097617940046,8.695159325725399,3.1044531242514495,1.152269613498902,1.0508467901624945,1.2647115972131997,1.0279120847117573,0.07848838947614882,0.48337526271025316,1.151229760188843,1.0948495555536972,1.217183613180184,0.08245247370374663,0.3808191299770047,0.7650548331073052,1.6211260901025277,4.35167701048493,0.12604609022550717,0.4269349018692517,0.8711538461538462,0.7948226270373921
103,ID_18,CF,0.9209440781520494,1.0,0.7628322344561482,1.0,protB_CF,6,1.3803833189740544,6.276327359955758,16.527540632523596,5.352965355996275,1.6125833116120702,1.5031235307105817,4.842098947847262,11.401271971408278,4.412133781443117,1.0341400904962939,1.980919925699709,5.205075984122232,17.26130853057839,4.414298982737819,1.238589185049932,0.8701976195748208,3.0514494036744746,6.066922642165336,0.1530641898225421,0.5820319214779635,1.2267345512389485,2.598242826039581,6.134734682735279,0.15894096243551273,0.3415435636503675,1.579945682954218,3.25782488674601,8.638788168167213,0.17922806548889245,0.45891772722349333,0.926923076923077,0.87248322147651
104,ID_18,CF,0.7864708292419472,625,0.7344124877258417,1.0,protB_CF,6,1.6347871896869037,1.8305951671209186,4.792720079421997,2.706099574425025,1.4553575679201458,0.8009987868717872,1.4981128479121253,3.029176627023844,1.8612954881973565,1.0850157042909814,1.3208849359216401,2.274468482937664,13.94757122034207,3.563111400580965,1.4029144780351999,1.0305745523165755,0.890005923961219,1.7593096646325397,0.07737896873823531,0.5252842166940591,0.6537139944124132,0.8038788553496922,1.6299229560119737,0.06705057256314732,0.3583461599311077,1.0535137867581907,1.423575765356158,6.980358008172585,0.14466839829944383,0.5198029593023554,0.9442307692307692,0.8341323106423778
105,ID_18,CF,0.4896089890583219,0.5625,0.9063269671749656,0.0,protB_CF,8,1.8678421110962518,2.79042636975646,8.03168211132288,3.646766850579297,1.5240407021792635,0.4932831525366055,1.5797516389284283,4.584794893162325,2.1035449481132673,0.9266115905575134,1.5786100339028053,2.0161146530881524,12.491398229030892,3.0529441210092045,0.9930189781925947,1.1774930459356825,1.3566604151844146,2.9482664807352426,0.10427667214964356,0.5500741151868075,0.4025800104896638,0.8476857674696848,2.46696160874376,0.07577727130253242,0.3060303218753151,1.259070634696133,1.2618737000957565,6.2515853322274815,0.12395473686623766,0.3679299141818114,0.8596153846153847,0.8533077660594439
106,ID_18,CF,0.5167701290807313,0.75,0.8003103872421938,0.0,protB_CF,8,1.082621529349126,3.0378414667211473,4.529226091108285,3.0148569640005007,1.690163342118467,0.7141802516343887,1.1332245485391468,3.088417652179487,2.5752892997843446,1.0631533973537444,1.9763483869610354,2.2596884082304314,8.808070546365343,3.414367889490677,1.4453649580445926,0.682487729886693,1.4769496554987183,1.6625864025744739,0.08620766396492008,0.6100329890189746,0.5828593409606607,0.6080818639286217,1.6617990460284657,0.09277120326204652,0.35112573564857297,1.5762995068514287,1.414325007950105,4.408185827020462,0.1386291581276774,0.5355315624910484,0.9173076923076924,0.8657718120805369
107,ID_18,CF,0.790266106919462,0.84,0.7807983207583857,0.75,protB_CF,8,0.9914195015880978,3.6858745152130723,7.529742098995484,2.5385072112840135,1.390489470168177,1.1313577142573195,1.431872689863667,2.7583864430198446,2.0621255971491337,1.1240491219268733,2.03055708334432,1.5824935981072485,14.1928502562223,2.5919223626260646,0.9493807560829737,0.6249937089382009,1.7920128996498288,2.7640145527862474,0.07258678579315256,0.5018712845960235,0.9233277036346278,0.7683347623233296,1.4842176401735683,0.07428519698389278,0.3712376556610698,1.6195353765694303,0.9904729619234249,7.1031131069130975,0.10523646739096743,0.35176123294969336,0.948076923076923,0.840843720038351
108,ID_25,CF,0.7003696707777145,0.72,0.7382518694760007,0.6428571428571428,protB_CF,4,21.818212640937418,16.062688664533198,8.077766629867256,7.918100556707941,2.476215552633221,15.171895327512175,14.008602360263467,7.173769525252283,6.661384366452694,1.6673791217272083,2.1758610164397396,3.5392659483477473,7.171466815634631,5.0992566139029805,1.3740839237925684,26.93608092773531,7.746053579144563,3.3496325643675373,0.2327665198426523,0.7967392164191454,34.06762807389668,16.718934604513347,9.872215419247032,0.6775794807650499,0.9660679863538286,2.321670974263279,2.2020601282962464,3.938330409110533,0.20315111299217856,0.31686974704505433,0.8692307692307693,0.3068072866730585
109,ID_25,CF,0.495632072266723,0.5625,0.7815390739430262,0.1428571428571429,protB_CF,4,1.4066240669308172,2.3550991172669455,0.8257997033069842,2.2299080537777627,1.0975562890962465,1.3341553785721771,1.4851629384793341,2.05069720686879,3.061821284063626,1.2158862963360662,1.4887125216773711,2.2606922721024603,4.118857439607382,3.035634375009977,1.1421620706641988,1.736573949722069,1.1357204467783901,0.3424369265156131,0.06555207698230509,0.3531462100787375,2.995770024036852,1.772506735997885,2.8220762480022565,0.31144085999589094,0.7044761510026711,1.5884749184283975,1.406557288261501,2.26193914330501,0.12093772653825624,0.2633875559921441,0.7480769230769231,0.7718120805369127
110,ID_25,CF,0.7384110700658685,875,0.7402332101976052,0.6,protB_CF,4,4.1314113477710634,5.563800019444898,1.5336700162151828,2.421961222353275,1.4576278756521788,6.2208412564359605,5.454594240291044,1.6720046842237934,3.0412921514653135,1.384469719369008,2.341279323445633,3.0407453887164593,2.2856714203953743,3.5575472174969036,1.4408426660565965,5.100510854886602,2.6830808935135524,0.6359717066241721,0.07119781832568887,0.46900169504340417,13.968545238161994,6.509928831748635,2.3009368180206367,0.3093526875918822,0.8021522259275886,2.498174381000054,1.8918906571344456,1.2552145176985485,0.14173039944415602,0.3322646042353361,0.7403846153846154,0.588686481303931
111,ID_25,CF,0.5029611588277282,625,0.8838834764831844,0.0,protB_CF,6,1.3321287860890152,2.095369913149625,1.081878253899049,1.8312556858290918,1.1942515004648158,1.4627404143539025,1.8197280733147636,2.68254047841765,3.7777824254590087,1.2483975928034852,1.6866558025867562,2.9965981957502663,6.262301802053116,4.228083336784039,1.1242335609722431,1.644604412780067,1.0104689167774625,0.44862581403900964,0.05383298808593667,0.38425855280485915,3.284500408759248,2.1718022878603858,3.6915902275042365,0.38426664991393633,0.7233129723966543,1.7996828799505526,1.8644231610983149,3.4390473040027523,0.16844412837539616,0.25925316344696037,0.8423076923076923,0.6529242569511026
112,ID_25,CF,0.8246008113209022,0.88,0.7604691006293736,0.8333333333333334,protB_CF,6,1.8093446851707995,2.0380371570354328,0.691938756062882,1.6156417586898897,1.0831115523615154,1.439403728909383,2.851720026228577,1.2946598144480959,2.1453050303534837,1.1216949626486894,2.496861128747696,1.2035932959406637,1.805849518859759,2.344884444028139,0.9543849881765709,2.233760192367181,0.9828208305837015,0.28692839197488473,0.047494636723717364,0.34849851766958023,3.2320992088406237,3.403460202720749,1.7816519666380715,0.21821510193438048,0.6499023405947028,2.6641821171395206,0.7488515546317993,0.9917123312762123,0.09341869231361372,0.22008534162339846,0.6596153846153846,0.713326941514861
113,ID_25,CF,0.8854745413128672,875,0.7814236239386015,1.0,protB_CF,6,1.630892471439438,2.394820883637294,1.4859935763524845,1.616416944671073,1.1130411887734226,0.9567419183440506,1.7684095510048792,3.532771341269836,4.324052071751794,1.0546464435492453,1.6320125323545653,2.5496940361335874,12.039203822496347,5.053989400039427,1.174180003431502,2.0134486870249657,1.154875828357961,0.6162015693034522,0.04751742468173565,0.35812858199785524,2.1483095640494483,2.1105548488629755,4.861639279766461,0.439831842211927,0.6110548901316619,1.7413778257773393,1.5863683764554577,6.6115292358668265,0.2013476962248476,0.2707710309613284,0.7288461538461538,0.8092042186001918
114,ID_25,CF,0.7156019502484638,0.8125,0.8343058507453917,0.5,protB_CF,8,2.143240682926262,2.1587607479887083,1.1521365231601521,2.1267149022605736,1.0436704668563834,1.1286329299764475,1.6328293277183548,1.2420384664437734,5.224213397013955,3.462391407083487,1.7290128125750925,1.455118675949052,1.283874677028507,5.655616863805335,4.757989388963324,2.6459777174687993,1.041038444292146,0.4777600286575572,0.0625185324373444,0.3358080798251597,2.534281054567144,1.9487430686083973,1.7092368602813381,0.5313940175530736,2.006085749199628,1.8448783404618163,0.9053455900205786,0.7050611558300686,0.22531614851600568,1.097213109052761,0.75,0.7181208053691275
115,ID_25,CF,0.5880098488710038,0.52,0.7894840920675568,0.4545454545454546,protB_CF,8,1.2822792978113284,3.0576524513890035,1.588017024914734,1.7332761253783247,0.9792845796710026,1.2243397522979649,1.362716306175571,1.6259931289823726,2.972841124574188,1.0196244111284614,2.1826209140272113,2.1293300087563694,7.102132170984987,3.0333583872561576,0.853863821134837,1.5830617982427713,1.474519005473748,0.6585079494320402,0.050952706238225474,0.315091482172754,2.7491852808750785,1.6263695850258157,2.237617807907621,0.30239001906725815,0.5907633656080026,2.328883869709839,1.3248263285939408,3.9002541345563158,0.12084705264589234,0.19690472199626988,0.7980769230769231,0.7622243528283796
116,ID_25,CF,0.8021974704874301,0.7755102040816326,0.825526651825102,0.8055555555555556,protB_CF,8,1.4017447138030548,2.188048092648387,1.1632089590420946,1.621926039661048,0.8733461579595314,1.4623196075262967,1.7407738268957473,1.2258432761882432,2.16795437518158,0.7982288099128709,2.227060698714922,1.5364892751676962,4.092631941603031,2.5081376788875787,0.9463441704156139,1.7305500534072167,1.0551619416506959,0.48235147001708994,0.047679374237581174,0.2810050735750366,3.283555510960762,2.077572267714155,1.6869497758697907,0.22051893706294287,0.4624882781567558,2.3763016769284215,0.9559727411784616,2.2475369744126668,0.09992259648483055,0.21823109397095705,0.8346153846153846,0.4870565675934803
117,ID_25,CF,0.6324697728945532,0.75,0.7474093186836597,0.4,protB_CF,4,1.5912299313640688,3.0464123119600117,1.281773620576132,2.2752841305191396,1.0796210185617383,0.9409807717020158,1.7311471310677007,1.6245657971012406,2.489117856384837,1.1995115567060566,0.9562586737956735,1.674051585723646,5.131275866006035,3.1792535410204437,1.1207338550320856,1.964482559191692,1.4690985728131642,0.5315170462778829,0.06688598672385991,0.3473754146499091,2.112918805661779,2.066083034608132,2.235653578675598,0.25318688907759024,0.6949887395703841,1.020339989578741,1.0415612455893768,2.817925579264946,0.12665942199921543,0.2584461159902599,0.7923076923076923,0.5292425695110259
118,ID_25,CF,0.7105390303659013,0.76,0.6841170910977037,0.6875,protB_CF,4,2.927329091107822,3.0247911636251956,1.3703527365578339,2.557670552050695,1.2583427674144332,1.8103116344718728,2.4551024253014475,3.095569249126129,3.9763045861036517,1.6935158155320096,1.7989703901548637,1.5918692370178178,3.2963128032861277,4.903722343442496,2.492141621587507,3.613988670742295,1.4586720136647002,0.5682484232798046,0.07518723323114708,0.40488035439012365,4.064951815822252,2.9301065045881582,4.2599816407532565,0.40445983126035134,0.9812114068422627,1.9195239525066905,0.9904290402179986,1.8102250606277566,0.1953611530666754,0.5746987295021257,0.7634615384615384,0.6922339405560882
119,ID_25,CF,0.6185568962156982,0.6875,0.7681706886470947,0.4,protB_CF,4,1.9978634627477732,2.7229365368839353,0.9587827444192953,1.8297460683243116,1.0992778395575442,1.432151685548888,1.22990230738651,1.4774842638871633,2.527774291593232,1.4725695111792447,1.5585613036819268,2.014521334785968,1.5446920733666047,3.2956743707472924,1.4513476210140652,2.466499561662874,1.3131059654966095,0.3975814169953714,0.05378861021900196,0.3537001306629539,3.2158151579262264,1.4678592280885043,2.033246660670877,0.25711892570178524,0.8531966389007717,1.6630044442309988,1.25339467948297,0.8482933717254251,0.13129755318680822,0.3346870926746924,0.7403846153846154,0.5100671140939598
120,ID_25,CF,0.8148420726677239,0.7777777777777778,0.8485666220435755,0.8181818181818181,protB_CF,6,2.173527449485846,3.0390438332688063,1.5322252147598192,2.1155147478566505,1.5133324679936777,1.9607040103437612,2.3828597040846944,1.7477083019912243,3.864704951411113,1.477628858310709,3.3444953842263203,1.9016205187654123,4.825943076866679,4.129731676584925,1.363264568226441,2.683368809420928,1.4655452056321836,0.6353725863195525,0.062189284160736824,0.48692502696251666,4.402649342449816,2.843886530559838,2.40511669444204,0.3931081934672589,0.8561279898046354,3.5686184910013106,1.1831500612374726,2.6502469942167006,0.164525861312781,0.3143747564538197,0.7576923076923077,0.6490891658676894
121,ID_25,CF,0.8202102832510273,0.8571428571428571,0.7145991037213356,0.8888888888888888,protB_CF,6,3.30410769674927,2.267865478643216,1.1535720841493458,2.4300180302816443,1.6596754766169397,2.731844324443955,3.229091438697651,1.7645051702857018,2.731805190705927,2.3734338105896313,2.52170447492972,3.0784830887569115,2.6790827250806615,2.7593875202001072,1.5351287639759903,4.079147718388338,1.093652991398075,0.4783553171893846,0.07143466239316394,0.5340118865434316,6.134201060046662,3.853844031487277,2.4282317808116387,0.27787244224964136,1.3751512132197308,2.6906902788734697,1.915370295512985,1.4712628860953845,0.10993222901883261,0.3540073897233742,0.6326923076923077,0.6212847555129435
122,ID_25,CF,0.798419494237281,0.72,0.7863695938229543,0.8888888888888888,protB_CF,6,1.5564533969154581,3.4543893416412175,1.746249537973199,2.527767601350206,1.2996246800867084,2.7188386156922206,2.5365767651237547,2.0517283264780417,4.243357350787846,1.4017824787515565,1.4044023337191902,3.0613472627010196,8.020359906367958,5.0687344519246835,1.6917073269269167,1.9215485406398543,1.66584097360119,0.7241227168261133,0.07430818329767755,0.4181630909111086,6.104997480729313,3.0273441964294903,2.8234952279220478,0.4316237755213768,0.8121831195479918,1.4985148912307638,1.9047087289978393,4.404514184238695,0.20193512963493532,0.39011508938846984,0.7365384615384616,0.7152444870565676
123,ID_25,CF,0.4871835813759811,625,0.8365507441279434,0.0,protB_CF,8,1.0437324726808583,1.9308887276565656,1.3515290920622647,2.1113524126121774,0.918562510605625,2.3589683914906345,2.048273425316438,1.7253547739528585,3.937997782486491,0.9662858933552343,1.841518746005022,2.9908149081165902,1.808690227335319,2.1101128768350463,0.9064974472607901,1.2885593707289567,0.9311496880854656,0.5604427641822389,0.06206692498098965,0.29555374295007164,5.296929359488209,2.444565743915085,2.3743547856020477,0.4005633582936508,0.5598593955457519,1.9649235814506256,1.8608249157857433,0.9932723536343058,0.08406554365187385,0.2090422657865809,0.7403846153846154,0.7334611697027804
124,ID_25,CF,0.7308305665928833,0.6666666666666666,0.7530977603847103,0.7727272727272727,protB_CF,8,1.6509131837665336,2.3075647186487913,1.848625804996118,2.0680270699813263,1.096308334922469,1.5545227288384922,2.0635332039091736,1.4356585670611821,2.892088690714445,1.1437802791078866,1.4903744449838996,2.190009006881155,2.4412768179900013,1.9584596375352703,0.820118992010066,2.03816563044964,1.1127975098879028,0.766575401281048,0.06079330018259905,0.35274467232509354,3.490592375921214,2.462777927672616,1.975688038572311,0.2941760819642208,0.6626984209352207,1.5902482114250853,1.3625795814846797,1.3406678126691984,0.07802377586387509,0.18912301719374797,0.5884615384615385,0.8897411313518696
125,ID_25,CF,0.8021292707650067,0.8055555555555556,0.8182235610872907,0.782608695652174,protB_CF,8,11.091976819443516,5.02072399831377,1.5020818646007683,2.7488364503369667,1.514781915830099,4.323437773564365,3.8387587410397828,1.780350983608514,5.371585102693643,3.8436325385191594,2.803812771162484,2.234642321127467,1.4638904249295592,4.1276892334281,3.139149720482237,13.69380664557763,2.421188501455998,0.622872949734539,0.08080689170075235,0.4873913966742337,9.7080336300065,4.581467494287635,2.4500380685750414,0.5463843016022552,2.226974236624008,2.991703366572499,1.3903495324095045,0.8039198011119335,0.16444449168737307,0.7239016195752536,0.6865384615384615,0.638542665388303
126,ID_25,CF,0.73083038975695,875,0.7174911692708499,0.6,protB_CF,4,2.2356918307195883,2.6930437015835196,1.442073640646413,2.1890455591346836,1.0822439310231857,1.9533384747774107,2.2152926394483075,1.3072737929178402,2.736642702075187,0.9043275344993162,0.8617131825303659,2.565794304246083,1.8114247868652456,3.8781188195571303,1.0601890617181198,2.760115004505345,1.2986904769874636,0.597989153222746,0.06435085194076394,0.3482193545957056,4.386110451241909,2.6438992139469533,1.7990107502327648,0.27836450189692513,0.5239611488916132,0.919458765474965,1.596385639634552,0.9947740825314896,0.15450176646550984,0.24448422253520805,0.7538461538461538,0.5023969319271333
127,ID_25,CF,0.5030187277238493,625,0.7411990403144051,0.1428571428571429,protB_CF,4,1.7281799919146579,2.7509380597621202,1.3580263912444934,2.1012242450524354,1.2135046990806586,2.3594053054694086,1.5914185059955344,1.9748098784475587,3.2938390195340617,1.1647467051716376,2.010461386817042,2.601522166514769,1.7085211002267897,3.3568596372788306,1.4663258568816673,2.1335568080661145,1.326609389552321,0.5631370194038199,0.06176918964681696,0.39045340056859135,5.297910424978569,1.8993202352308942,2.717643557332675,0.33504112806029895,0.6748462238820769,2.145187496528455,1.6186147973523726,0.9382628096334154,0.13373513496308428,0.3381411392058886,0.8653846153846154,0.7497603068072867
128,ID_25,CF,0.7527004356102834,0.76,0.7838155925451363,0.7142857142857143,protB_CF,4,1.2849963823100552,2.5409451336599886,1.2641491775866598,2.4781224092293996,1.1454103268988547,1.4399446663446724,2.3335880832746625,1.1943098616029602,3.1921285117277876,1.0453221224224762,1.8751405023067491,1.2181948259240016,2.7760010852944106,3.287119157903362,1.178046841005198,1.5864162255347611,1.2253426283767737,0.5242086637915537,0.07284877538613109,0.3685435726148049,3.233313853086374,2.7850820199458464,1.6435549245863028,0.3246953877041657,0.6056524426512574,2.000798416800724,0.7579363330739056,1.5244872173296578,0.13095671899415534,0.2716627405742751,0.7326923076923076,0.4458293384467881
129,ID_25,CF,0.4761751345948129,0.5625,0.8660254037844387,0.0,protB_CF,6,2.7527191687113373,4.360161197837442,1.0460285193403251,1.8925797194242477,1.1201427446394518,1.7667677857389208,2.5141745136352256,1.4097199164098129,3.791520397498971,1.232254133810784,1.429399429980549,2.842901652911678,1.9852527475450188,2.8853273834101856,1.0720463100142297,3.3984207377562305,2.102639412213091,0.433759893320549,0.05563571612411065,0.36041355595742836,3.9671765799985366,3.0006076407047737,1.9399924470128787,0.3856640423251116,0.7139595633736906,1.5251871062262885,1.7687962616843753,1.0902346014320765,0.11494959239518317,0.24721855571761556,0.8826923076923077,0.6615532118887824
130,ID_25,CF,0.7109140581512942,0.6875,0.7785755077872157,0.6666666666666667,protB_CF,6,1.2612952641575248,2.6110004546353593,1.2086057977285236,2.1238143326627323,1.131680142748337,1.7121987712016562,1.503942912677303,0.9096663925447501,3.517663080856437,0.968315364616501,2.5675305660115555,2.100932309986092,2.1224513766355813,3.156484912324231,1.0829184853946572,1.557155568525831,1.259126030465465,0.5011763180414381,0.062433265082375164,0.3641257923655285,3.8446449614048146,1.794920189704082,1.251841525607876,0.35780795593129006,0.5610352572254305,2.7395872923889417,1.3071578512571114,1.1655795129999094,0.12575233443505363,0.24972572678844573,0.6423076923076924,0.6807286673058485
131,ID_25,CF,0.8206795112654657,0.6875,0.7745385337963969,1.0,protB_CF,6,4.152176930801943,2.380465070018545,11.83566017425619,3.5207178625569213,1.5692443253101374,3.0873537543811835,2.9131025075912476,5.60898581170477,7.823976138752187,1.8866925313432148,2.0939188834745437,2.7983897016383708,13.392930370173417,6.215065121068619,2.6978569123912166,5.1261473923168905,1.1479528963516539,4.907929946117792,0.10349770609075928,0.5049150477987413,6.932477265782291,3.4767187381101388,7.718831225582527,0.7958354296911587,1.0931366663242565,2.2342376914216193,1.741101820361769,7.354950709520404,0.24760420827253965,0.6221375729610873,0.8807692307692307,0.7727708533077661
132,ID_25,CF,0.4764738156210035,0.5625,0.8669214468630108,0.0,protB_CF,8,2.048878322057135,2.0545144070638344,1.0850927646970376,2.0634841202991083,0.8963288847780859,2.030144587479299,1.8829488544724882,0.7964076430653222,2.889757877710508,1.0609642390591034,1.0988774738507345,1.9805811461992562,1.6489097106386907,2.5284925832238514,0.8579231455314584,2.5294809067202464,0.990766801785819,0.449958785210477,0.06065975217070188,0.2883999224350715,4.558574209055005,2.247254790446973,1.0959799846091605,0.29393899745173996,0.6147153773639127,1.1725160366563616,1.2322777763950445,0.9055262224916718,0.10073352281858063,0.19784081991027574,0.7769230769230769,0.738255033557047
133,ID_25,CF,0.5361503434057037,0.48,0.7648146665807475,0.3636363636363636,protB_CF,8,1.669596100327908,2.0694022823590785,1.1802731096395291,1.8550640379544348,0.9009051780139998,1.9573092058635666,1.9517739492584951,1.0715471908042673,2.597783262899611,1.0836721719442721,2.526847591070691,1.943146256962791,1.7007176647894084,2.151942728232825,0.8647185625250131,2.061230973186243,0.9979463146385594,0.48942751431788667,0.054532876553848295,0.2898723759470483,4.395026502065125,2.3293959084032285,1.4746145192247042,0.26424006446470766,0.6278721973760933,2.696178048253747,1.2089865408117766,0.9339774231331852,0.08573201810318647,0.1994078727128951,0.6346153846153846,0.763183125599233
134,ID_25,CF,0.7700664628047879,0.8125,0.8310327217476967,0.6666666666666667,protB_CF,8,1.8680412031244487,2.381729573244229,1.2142951236455701,1.5809456217539264,1.0106347783676028,1.0760069490061142,2.3499649978475645,1.3522767258109525,2.9282397681527073,1.169756513718312,1.9600691084633581,2.140246404451318,1.3937337353127077,2.742480384767987,1.0260891652933424,2.3062250722267366,1.1485626890172351,0.5035355284809396,0.04647468263387867,0.3251786220897746,2.416112407340176,2.8046274789949743,1.8609417401335169,0.2978532798156276,0.6777488724708937,2.091418303966618,1.3316182905587584,0.765392086876652,0.10925865958693147,0.2366206376643811,0.6884615384615385,0.7861936720997124
189,ID_38,CF,0.711610047510582,875,0.6598301425317459,0.6,protB_CF,4,1.9793302981270244,1.9972137233708054,1.9383567705517635,6.6612079717742745,1.7174930919736653,1.276906021303148,1.8474946700735018,2.1024069283157587,8.434762508841231,1.7524231802781287,5.1024015847360715,4.671544709708542,3.673609666293487,9.06473230861593,2.4011018076635082,6.397030845478689,5.531193790037976,6.919549267547427,5.918785111785633,2.6247936877976445,1.4792562064977843,1.4238386017439217,1.4854317550539335,1.2867006652945359,0.3300871949955887,2.932663012295372,2.7894452569575705,3.6692142236545493,1.8469728971262556,0.8376148682254261,0.7307692307692307,0.675934803451582
190,ID_38,CF,0.4929058079897752,0.5625,0.7733602811121825,0.1428571428571429,protB_CF,4,2.4555470154155046,2.5465234357398003,1.495793774665799,9.188902615278494,2.278627837995373,1.5734519856778206,1.8116920546162874,1.213985713548027,5.50676419516094,2.0994124637354616,2.042582636931911,1.9260088593000546,2.4958863796200603,12.60624967108015,3.1288307875456667,7.936123655056603,7.052482390406175,5.339687138681124,8.164756336000105,3.4823592560347576,1.822795551598078,1.3962460209602665,0.8577278284231437,0.8400422828866495,0.3954462478539183,1.1739974695066684,1.1500470639331608,2.4929000728505675,2.568570221843307,1.0914802443799558,0.8730769230769231,0.922339405560882
191,ID_38,CF,0.7991787483763556,0.88,0.7318219594147815,0.7857142857142857,protB_CF,4,2.596186735900119,2.173490764107555,1.2805644582840614,8.188197050913004,1.7712899202706467,1.5672544204790029,1.1801132641267031,1.6274871813948266,6.537579709402053,1.4185041868586268,1.3842816551914439,1.9927854591514915,5.483315733727068,11.29247788048815,1.5861229196616478,8.390659530595372,6.019385144643623,4.571361162189164,7.275584098660416,2.707009782870949,1.8156158636393906,0.9094969783197105,1.1498825977156462,0.9972904575186798,0.2671900676726664,0.7956315357308265,1.1899203138550192,5.4767549932107515,2.300884336852959,0.5533127067338014,0.9865384615384616,0.900287631831256
192,ID_38,CF,0.498418021136974,0.44,0.7825267906836493,0.2727272727272727,protB_CF,6,5.752033081080299,4.297523002605885,2.8992202132940292,10.346338971430669,2.25062622803307,5.578601558227092,4.0587185067124665,2.387207612628117,9.217550221364945,1.6172025918876898,6.224991215276532,3.1807964551262558,3.2066920248325914,9.330860069894698,1.80329185127448,18.590092355330125,11.901797121862545,10.349641205445808,9.193190983538692,3.4395652270976385,6.462637689000686,3.127998243827,1.6866544463611657,1.4061128561455407,0.3046169859560295,3.5778840974645485,1.8992984411901208,3.202855245170012,1.9011974175555655,0.6290712295315283,0.953846153846154,0.9424736337488016
193,ID_38,CF,0.9188909830712918,1.0,0.7566729492138756,1.0,protB_CF,6,3.5077141292276792,2.5937455793609843,2.048727488727309,8.7654774360999,1.766508551327206,1.5690639847889543,1.8719789804890752,1.4232044923119247,6.628406285017263,1.5062725725556447,1.2798524821846513,1.8129398085875437,1.9146582635585219,6.3106418965617195,1.6999998001665517,11.336640227770037,7.183261998263536,7.313550843373369,7.78852387829921,2.6997025587077634,1.81771218802967,1.442708321300616,1.0055489821416883,1.011145810902728,0.28372215910472653,0.7356096875882217,1.0825319384623,1.912367391273462,1.2858167400421103,0.5930382060664832,0.9615384615384616,0.9424736337488016
194,ID_38,CF,0.7314695753749927,0.64,0.7766309483472004,0.7777777777777778,protB_CF,6,2.5861137510219123,2.6087891892530024,3.253803704865277,9.883008126053028,2.0257052631222905,1.5283544853446074,1.8450533098075539,1.7217796703334898,8.703029587195488,1.327841579040978,1.3593564690381754,1.7208276694873348,13.269541930640116,9.590891160769388,1.558029179705045,8.358104481530088,7.224924600838712,11.615433951477703,8.78150053323711,3.095825195938187,1.7705514896604895,1.4219570791372655,1.2165038856528811,1.327624097084492,0.25011281929892426,0.7813055031180782,1.0275304805960592,13.253665036876399,1.954179718731656,0.5435123166726203,0.9423076923076924,0.9443911792905082
195,ID_38,CF,0.7640952559216769,0.68,0.8850130404923038,0.7272727272727273,protB_CF,8,2.5827578338066814,1.7352057184325531,2.4882488360162824,7.052797362121055,1.8033301080322417,1.9197733236069325,1.6433603159384802,1.5482991584576666,6.836409655079478,1.3179614543332718,1.665182011493016,1.0579248337307945,3.2390015112468973,9.680607523478102,2.213355870480882,8.347258436299022,4.8055743769043735,8.882554889949974,6.266730028584318,2.755975850324439,2.2239981303528005,1.2665150770444193,1.0939331988116818,1.0428761737151988,0.24825179469728906,0.9570821921296844,0.6317018444745027,3.235126073559343,1.9724597610660826,0.7721204406542305,0.8192307692307692,0.9395973154362416
196,ID_38,CF,0.5314858431944031,0.75,0.8444575295832093,0.0,protB_CF,8,4.693733055319171,2.1139189339010045,2.5897847444866784,5.5756049368937965,1.7887383742163365,5.090823658974841,1.5963990881573409,0.787726112321252,4.977815100573935,1.3856863063210767,2.4921553194872104,1.3636234070872888,2.8371924126986414,4.965732641721843,2.113173873794949,15.169754721449092,5.854403633930013,9.245017947195155,4.954177625067516,2.733675736866633,5.897562050838242,1.230322708003693,0.5565589447826587,0.7593525004299834,0.2610084773728731,1.4323944528825923,0.8142387757246311,2.8337977361710642,1.0117864809882942,0.7371723473727115,0.9634615384615384,0.950143815915628
197,ID_38,CF,0.7730877590316635,875,0.7775966104283237,0.6666666666666667,protB_CF,8,3.1039892928674817,2.130898821633309,1.831443194532767,8.64850736252265,2.0016600919916527,3.3273520384682342,1.8990214739460498,1.3244711080915295,5.309729025611887,1.5549862632724398,4.251454000041122,2.3766000667819753,4.2176937276963145,8.369852817850187,1.8919420572274248,10.031835146108886,5.901428671101274,6.537889003620608,7.684590667844427,3.0590776749725075,3.8546346183597993,1.463549597162005,0.935790030042721,0.809985089992428,0.2928978911468224,2.443571264891086,1.4191014313087107,4.2126472931175964,1.7053886183502194,0.659996503228977,0.9403846153846154,0.9415148609779482
198,ID_38,CF,0.6238800400037653,0.75,0.7216401200112957,0.4,protB_CF,4,2.3533802159363404,2.6093956839758903,1.5373205606010742,7.0330187227227725,2.531756026655785,1.3590660428235424,1.2713211181107908,1.2806312151951715,6.534476684464607,3.1751118431202485,1.331869204477698,1.4360939094331115,1.0025680894614197,7.836885699362028,3.895032654327224,7.605929059303436,7.226604260759768,5.487929529126222,6.249155811280493,3.869207549576359,1.5744360550789676,0.979789610492555,0.9048154512543121,0.9968170992887059,0.5980654523906134,0.765506886967041,0.8575119351611166,1.0013685252917992,1.5967945871760754,1.3587667349527244,0.6307692307692307,0.7871524448705657
199,ID_38,CF,0.6678516267861054,0.72,0.6585548803583164,625,protB_CF,4,2.351162467675749,2.5166627019643784,2.685773026314564,13.811434553645086,2.2056426039398502,1.2280860946702887,1.1672780092339963,2.016977552557364,8.939830418967176,2.374985165261023,0.8898030519048916,1.621182294911705,4.854091908782721,13.251286407466978,3.037025913272373,7.5987614814393805,6.9697844280940435,9.587677077498714,12.272085416774958,3.370818090281815,1.422699828606542,0.8996050248134352,1.4250725991470352,1.3637474363561735,0.4473532421733454,0.5114243665875614,0.9680308215410799,4.848284029207231,2.6999988541731184,1.0594544771170074,0.946153846153846,0.9520613614573348
200,ID_38,CF,0.6504696053715853,0.8125,0.7389088161147559,0.4,protB_CF,4,1.7314160559180891,1.9862047920469195,2.784681841148995,7.229764880321454,1.9211398370089228,0.6499545879705693,1.4422160893445835,1.5120970347197726,6.793293567170622,1.2978765402067438,2.1598608000203967,1.6568276478210464,3.280954697402194,8.472554447507719,1.889957055936975,5.595792640847186,5.500705048717462,9.940761931453,6.42397368715683,2.936020960505229,0.7529523255094109,1.1114960023041809,1.0683549991413928,1.036298928779248,0.24446859150734912,1.241404420003948,0.9893151646832746,3.2770290630851613,1.7263144570854527,0.6593040433803271,1.0,0.8494726749760306
201,ID_38,CF,0.5074085680392407,0.6875,0.8347257041177223,0.0,protB_CF,6,2.0072472616448067,2.604650624562055,1.46715732262237,6.9317506640800275,2.2346475852828007,1.1594216430239612,1.8324719640077092,1.1941721313633025,6.0260557947913185,2.626329793201876,2.411518620647257,1.8074569088639691,2.2261007834458724,14.147319947369397,3.731453355612757,6.487256148908009,7.21346303162838,5.237460683895991,6.159174552575781,3.4151455419026986,1.3431541811046708,1.4122608098587213,0.8437287667942236,0.919258840083832,0.4946966259792126,1.386047598329049,1.079258021679161,2.2234372728415996,2.882569018053507,1.3017027436218214,0.9596153846153846,0.9434324065196548
202,ID_38,CF,0.931160992405862,1.0,0.7934829772175864,1.0,protB_CF,6,1.7694824600766879,2.0276220748201013,3.0239105690270662,6.227272853720933,1.9743158579785813,1.9973521966676344,1.5449335623998195,1.8066365155391395,7.083116506692022,1.5099528256996564,1.9642831175588071,2.6578901743050665,4.728865955257788,9.461712528718635,1.6206297967755745,5.718820092005511,5.615408354925787,10.794761047567112,5.533214097174157,3.0172882941764,2.3138708598674045,1.1906589387817283,1.276458526595368,1.0805106500587645,0.284415373192997,1.1289939352821303,1.5870637232308458,4.723207907467825,1.927859092356533,0.5653502943256322,0.9557692307692308,0.9520613614573348
203,ID_38,CF,0.8512763226250705,0.75,0.8038289678752113,1.0,protB_CF,6,2.2941316310607363,2.1332222677301615,2.8952554566785693,9.803661323530832,2.000845478505653,2.7477742660266813,1.4990347408456728,1.8055016407743096,8.715942392882425,1.7887732469716866,2.5217914298991673,1.6696536040399224,13.713204098166898,11.276602770522004,3.069691519385742,7.4144425624015025,5.907863350811319,10.335487810595437,8.710997303878987,3.05783272537356,3.1832116610482157,1.1552853515330301,1.2756566937099343,1.3295939113680342,0.3369341094211755,1.4494281424873952,0.9969737241028892,13.696796366403072,2.2976497241972162,1.0708497446033027,0.8442307692307692,0.9319271332694152
204,ID_38,CF,0.5635872751226979,0.44,0.8871254617317299,0.3636363636363636,protB_CF,8,4.059328661242034,3.018908901140094,1.7300380059168674,7.972295359650161,1.8919788575431085,2.1127092877577525,1.7457829671911895,1.7765565571608022,9.330766843049787,1.8511443407760453,1.83304981328547,3.7362348521128297,8.367482965695672,10.84687977709109,2.7905980846298917,13.119412501528089,8.360732740457067,6.175892590332397,7.083745663158832,2.8914551015858736,2.4475084887231584,1.3454507984344903,1.2552058733796192,1.4233837517151067,0.34868235586894275,1.0535661095745175,2.230958544707139,8.3574713436811,2.2100920672121918,0.9734891038218585,0.953846153846154,0.9395973154362416
205,ID_38,CF,0.5314858431944031,0.75,0.8444575295832093,0.0,protB_CF,8,3.3479913836345077,2.7138846344314516,2.23557953722775,6.591374396521132,2.106351974134668,3.7791443755850196,2.198378904722631,1.7964111029868945,7.318169446079992,1.9197159509758421,3.6354074472910725,3.3106852788478136,3.415348124690354,12.329859062447213,1.9920157815249695,10.820429602766763,7.515981720530047,7.980575601139155,5.856734815914002,3.2190751694001913,4.378022093693413,1.6942602306284726,1.2692338774044525,1.11636735297991,0.36159853429086336,2.089491542019647,1.9768568904347397,3.4112616897836134,2.512254608123522,0.6949068261160698,0.9173076923076924,0.9578139980824544
206,ID_38,CF,0.8799242424242424,0.8125,0.8272727272727273,1.0,protB_CF,8,2.6819315571628977,2.604831548524089,1.9652055780170485,4.476728288864251,1.8662931399830995,1.6127361814142205,2.3349652328761294,1.9560094078769907,6.538505826028995,1.6942976163818457,1.859034840890672,2.1823744755238295,2.8885957435704768,7.433060083712917,2.0191184632949444,8.667779659043408,7.213964092423007,7.015394185703568,3.9777759316200476,2.8522003822317545,1.8683050796219476,1.7995254255140831,1.3819962484486001,0.9974317341555476,0.3191386384140581,1.068501298047181,1.303126590441006,2.8851395633958545,1.514513617162178,0.704361489448902,925,0.9300095877277086
207,ID_38,CF,0.6572522007884322,0.8125,0.7592566023652966,0.4,protB_CF,4,1.2968190712854266,2.86244458402507,1.4180820144247264,5.82407672482077,2.20041229204071,0.9214741012328886,1.3238305255072191,1.029347869916819,5.202302651014179,2.4242403370635657,1.8914667234639637,2.3933612392283976,2.105882886098698,12.240798692801036,3.6353626860545774,4.19121134449765,7.927411834906453,5.06227156595203,5.174956067252861,3.362824759931763,1.067499299584012,1.0202578848626012,0.7272740554543708,0.7935974812695784,0.4566309678290552,1.0871418893182263,1.4291097638597305,2.1033632151834407,2.4941082268135983,1.2681818936258817,0.8557692307692307,0.8887823585810163
208,ID_38,CF,0.4051636501707798,0.5,0.7154909505123395,0.0,protB_CF,4,87.07292517647147,21.08272712212056,4.366091758129187,7.7841527163400315,1.8488918112780084,82.63896219432354,22.99892733572051,4.680034588091075,6.758516003174009,1.6286396494251676,78.51491821929812,22.41324749775231,5.9792194224428385,12.203567282995209,2.2376532701855467,281.4124498003312,58.38766676313689,15.586081719315192,6.916572399565416,2.8256064483417918,95.7346865666217,17.724955351562414,3.306625324656057,1.0309937035657508,0.30677127510492674,45.12733714726651,13.38326630925512,5.972065337391803,2.486522188694436,0.7805964924346618,0.8980769230769231,0.9271332694151486
209,ID_38,CF,0.5876982108242368,0.75,0.8130946324727105,0.1999999999999999,protB_CF,4,10.81519146100618,8.057834231294692,4.257164633600041,9.239273029379547,2.484933944288059,8.64188774721697,7.885477039963007,3.244766849093139,9.388750702783,2.5034037471414194,9.593243230483495,7.659710827283561,5.359570845030248,16.684338232153095,3.286586882154552,34.953798990134125,22.315810341053723,15.19723348652204,8.209512731284423,3.797650751576596,10.011360172678623,6.077228142811389,2.29255319247376,1.4322290358374357,0.4715422222982737,5.513825033716386,4.573721405775806,5.353158164218021,3.3994959224536982,1.1465128339918733,0.9673076923076924,0.8906999041227229
210,ID_38,CF,0.512294891823294,0.6875,0.8493846754698822,0.0,protB_CF,6,1.7236821786354994,3.05680901510641,2.287025039549917,8.410068610828603,1.8116102771728038,1.4320748286991147,2.208553545642644,2.1181523479754105,6.596952916879673,1.6803709413579782,2.2790769289713353,2.6549637550488114,5.982569535262883,14.176635006151628,2.402470430070025,5.5707973929198,8.465695405473413,8.164225842064942,7.472727032963263,2.7686301869244594,1.6590144796721025,1.7021016857273508,1.496556502620207,1.0063476829571016,0.31651540382895405,1.3099252382965243,1.5853163170041076,5.975411441830426,2.888542070230346,0.8380923067384562,0.9576923076923076,0.9424736337488016
211,ID_38,CF,0.918087028584798,1.0,0.7542610857543938,1.0,protB_CF,6,5.068824117188342,3.4441627794876695,3.208940732292831,12.577855966810603,1.8992243926732044,1.1888944573001936,2.074516305583529,1.2678703860729001,6.17301920283353,1.5348295657986455,7.429804740240797,4.204828233923763,4.246417025569826,9.548400325002149,2.2796782463956333,16.382017826253268,9.538454275003609,11.45528203635049,11.175994947161723,2.902528237753389,1.3772975265926806,1.5988010377965007,0.8957994322602041,0.9416777184699934,0.28910116681426506,4.2703642957981875,2.51076226436709,4.241336223810141,1.9455220530261017,0.7952567391589113,0.9019230769230768,0.9319271332694152
212,ID_38,CF,0.8075189324907986,625,0.7975567974723957,1.0,protB_CF,6,6.852326721855206,2.7616521110758185,2.8946343809366226,7.947837140818592,2.3654303665807674,3.4950790795846842,2.6574815274216235,1.8893619344453327,4.969182722561527,2.3264928786375094,2.1588645704468945,1.8220418714918196,2.2440910834120587,9.317064585047774,3.631985049651121,22.146149859113873,7.648271603725513,10.333270693364714,7.0620134274900925,3.6150169826833096,4.048941217615873,2.0480842751301513,1.3349072324754616,0.7580356540433784,0.4382192139028809,1.2408318257905282,1.087966908643383,2.2414060475672892,1.8983865362468295,1.2670036185265232,0.8923076923076924,0.9319271332694152
213,ID_38,CF,0.4510048415500681,0.5,0.8530145246502043,0.0,protB_CF,8,1.8442833261360647,2.5111297727562487,1.6911677303141914,6.284420407610014,2.157518637886824,1.6365774918085663,2.0044587072334252,1.7367081309203058,6.083113476051949,1.3697898486952909,3.1426539208041504,2.324643894098699,2.4627771344967186,5.714648592402227,1.8873025383072672,5.96057026776099,6.954461228919808,6.0371334149514375,5.58399228824204,3.2972716621080536,1.8959245017121371,1.5448086152514438,1.2270514200578844,0.9279628381349049,0.2580142136772576,1.806275880275325,1.3880776675502609,2.4598304426566764,1.164380889299444,0.6583780254049488,0.8288461538461539,0.9415148609779482
214,ID_38,CF,0.5663214237683324,875,0.823964271304997,0.0,protB_CF,8,2.996832270582672,2.0375857275212184,1.9422519399086013,7.831924576748861,2.1055212412193214,3.481563981040381,0.9143613133346662,1.3606459251604974,5.369943355617579,1.3947050822480378,2.0093771836400265,2.8473194397520274,3.1399478612001985,10.523036577069433,2.1267743754833646,9.685512565428832,5.643002244003167,6.9334542496846465,6.959019862150009,3.2178055849560745,4.0332843931749585,0.7046856237021628,0.9613489364959829,0.8191706264432027,0.26270725794227406,1.1549122597170416,1.7001746102853654,3.1361909403602426,2.1441078116385195,0.7419168285909516,0.9903846153846154,0.9453499520613614
215,ID_38,CF,0.9257804182804182,0.9375,0.8398412548412547,1.0,protB_CF,8,2.87284378282493,2.2821325110271573,2.0464929257286713,11.526556645549135,2.0562196530136134,2.5501457203063183,1.495384582085535,1.0964293687720783,6.476986818597652,1.502743884202573,2.1846448435098864,2.3920584353618324,2.2124323731986806,9.095977769902674,2.152043696696637,9.284792088699367,6.320263587881224,7.305573896613403,10.241867864344442,3.1424594318184025,2.9542650917935522,1.1524722246378,0.7746697271648146,0.9880471726213969,0.2830574938266205,1.2556493292745512,1.428331841289754,2.2097852167307113,1.8533392759877663,0.7507319313452984,0.9365384615384617,0.9175455417066156
243,ID_02,SF,0.4433408596267325,0.5625,0.7675225788801975,0.0,protB_SF,4,169.70714088529348,60.606240294873714,9.097611415199935,11.332434209180064,7.081070903041109,39.08193635288626,17.5799346761778,5.866467778105289,8.97978238936048,6.117322263889946,39.72142020938918,18.548158463090658,5.044250603532419,8.322210982441902,5.4348614230548264,1053.1979531314148,260.54395693347607,48.47145141750169,8.142571989752684,12.472483369908096,86.14590061816924,23.7475198318069,8.593988929963517,0.6742643102949225,1.068883193006659,66.10568976100122,25.995234743061804,7.395424947527827,0.9506865819445788,1.2260391507236876,0.5615384615384615,0.7603068072866731
244,ID_02,SF,0.4507182768278854,375,0.8342976876265135,0.1428571428571429,protB_SF,4,4.067677589773666,2.720349555602297,1.738495659083128,5.976348038529977,4.224489319312852,4.619270835974021,2.8338911943137646,2.0655822299886495,7.2030110022751614,4.806943666153529,4.318000916100573,2.0204724569339305,1.5311685274355114,12.752075999742374,11.01842704883893,25.243897747613293,11.694680844916162,9.262585972620759,4.2941210371313945,7.440946927795228,10.181973655838005,3.8281079297378175,3.0259419279014765,0.5408519978446478,0.8399199965008997,7.1861586882533315,2.8316911306534402,2.244861093684806,1.4567315789602078,2.4856241750642907,675,0.6701821668264621
245,ID_02,SF,0.5586368791730955,625,0.8509106375192863,0.1999999999999999,protB_SF,4,51.768339704722166,7.774555997457355,1.9349644862813875,7.767895520373713,6.362206338963006,50.21522147580981,38.28527987934649,13.132217922247946,12.37235807639081,6.338268705349037,10.871054604649544,5.414734332589433,2.098285942338407,5.93158918491099,3.3892937588007044,321.2729242246632,33.42252502585547,10.309358447062028,5.581382368166135,11.206286993194832,110.68631399720807,51.71694092999502,19.237834369579968,0.9290024104574742,1.1074892901914222,18.091965475594897,7.588747439648743,3.076317460149492,0.6775942426357281,0.7645837709800225,0.7961538461538461,0.7027804410354745
246,ID_02,SF,0.5527027572983406,0.75,0.9081082718950216,0.0,protB_SF,6,1.7115802147600334,1.69474926951807,1.0315087783965282,3.3431584561185446,1.819137257143666,2.2373800220520934,1.4751971029909328,3.401344525627792,5.139812652487308,3.2034897985795396,3.51129712544207,1.2905280018458143,2.234167914139107,4.5504065237764735,3.7146310778553016,10.622020790650815,7.285663630378742,5.495808224479439,2.40212366554434,3.204198841952039,4.931718717425901,1.9927419017416919,4.982745717846271,0.3859327635022214,0.5597475916680853,5.8436157924258225,1.8086743445303974,3.2755353426770664,0.5198150387768745,0.8379759440831629,0.5615384615384615,0.713326941514861
247,ID_02,SF,1.0,1.0,1.0,1.0,protB_SF,6,1.7789782577892765,1.7594193195691332,0.7065114587021526,2.9015403779339977,1.9400121811941062,1.705811380816158,1.5067426866153255,1.131428660301026,3.802043829637114,1.6812301314530487,1.889185223262757,1.094324528821744,0.7280771096702665,4.088752179086441,2.204155170602462,11.040291233445208,7.563677753238219,3.764244732323186,2.0848125806336535,3.4171059714951917,3.7600147638098895,2.035354652387536,1.65746847156653,0.2854838067722827,0.2937622955871251,3.144043984624589,1.5336952759175215,1.0674409429239686,0.46707802070328885,0.4972308073882247,0.8211538461538461,0.6481303930968361
248,ID_02,SF,0.822996737099337,0.6875,0.781490211298011,1.0,protB_SF,6,2.4627919556223787,1.1019118537660688,0.7320059376070276,2.591210686659906,2.433665951457442,1.5027695280878106,1.9793250394286588,1.0080447027576156,3.3932508995349053,2.1612411346723093,1.6689607218722813,2.161306401831098,0.9505725465714931,3.5426131216809154,2.4429541981589864,15.284020655342843,4.7370777856417705,3.9000775723131986,1.8618347274103748,4.286619710929378,3.3124621372324863,2.673733520245571,1.4767190998201083,0.2547887997980172,0.377634890762955,2.7775391494513295,3.029069833486846,1.3936436703654147,0.4046899035494808,0.5511009862481817,0.7346153846153847,0.7909875359539789
249,ID_02,SF,0.6078579509760685,0.5625,0.7610738529282056,0.5,protB_SF,8,1.8632851642905734,0.833319456432946,0.734737503080396,2.5459571625106037,2.2525158537973766,1.332900475972565,1.4572092186426744,1.2680002982961014,4.4982012987020425,2.553430287662195,1.1413103384256829,1.175082172267139,0.7980721420608461,3.6916652315994725,3.1138448239289573,11.563497628289975,3.5824091300225005,3.914631166338427,1.8293191997334337,3.9675448687960997,2.9380302680054675,1.9684433108674402,1.8575369266353712,0.33775613536366095,0.44616232417690727,1.8994060825437866,1.646877072527519,1.1700613417562178,0.4217168500194828,0.7024458153101095,0.7634615384615384,0.7334611697027804
250,ID_02,SF,0.5499026512907877,375,0.774707953872363,0.5,protB_SF,8,2.9460468140314333,1.4308889803942293,0.7227203896036372,3.1805954495212063,2.266725689651139,2.317044898518361,1.5433980734087527,2.85008831997402,5.358919101126958,5.180827300137025,1.3225037819211138,1.4942476555006579,1.29890585958492,5.470051692100242,3.6917945308232447,18.283087312539315,6.151338130703235,3.8506048076071533,2.285319017958811,3.992573843057473,5.10731908862693,2.084869883294453,4.175191682240149,0.4023847945278535,0.9052488961837303,2.200954151552789,2.0941873365113,1.9043385338027168,0.6248705731198688,0.8328242946574987,675,0.7315436241610739
251,ID_02,SF,0.8613144840791426,0.8125,0.7714434522374274,1.0,protB_SF,8,2.5223740667570382,1.1856031705974601,0.4987834890926024,2.651774086189107,2.013567291214713,1.3238479905339773,1.3334656541701406,0.8965250417531934,2.8934207730344497,1.8809432965554151,1.4229842827262473,1.4936755469534546,1.1537757309270091,3.278182583017042,2.21073278203221,15.653785634959618,5.096863621920882,2.6574843171483966,1.9053506950752206,3.546664748559516,2.918076432967752,1.801286674309967,1.313350141121962,0.21725808904173408,0.32865829033636035,2.3681770951998065,2.0933855266705734,1.6915618384174753,0.3744827187647521,0.4987146371500856,0.7846153846153846,0.7459252157238735
252,ID_02,SF,0.4600157067606695,625,0.7550471202820085,0.0,protB_SF,4,340.15446715056896,26.695822598412633,5.040528572862968,8.769015577854589,4.86606256754385,55.54689827840775,17.330637900158763,2.740665469900705,6.961694634810556,2.846028771273268,64.03233879245818,6.803364347433671,2.161815486033447,4.799294281838229,2.6791952327585022,2110.9894768283825,114.76434142001797,26.855591505024407,6.300706388756516,8.571003635136261,122.4386001638294,23.410762031418717,4.014894413460323,0.5227322921528724,0.49728822337585404,106.56471748925554,9.534911705981115,3.169458743022778,0.5482466962413134,0.6043941127661481,0.5826923076923077,0.800575263662512
253,ID_02,SF,0.515821449443266,0.5,0.7617500626155123,0.2857142857142857,protB_SF,4,41.69668769463897,17.735661007463932,7.611920416820794,9.622677927836776,5.092059636808699,200.64454735256732,154.15466763079166,55.2670294418931,36.85440856497735,6.0222004331080825,51.35870911180973,27.998452074825764,8.860301226377487,10.186782565142494,3.3730241855209897,258.7685226636164,76.24494235631155,40.555791387327545,6.914079209755609,8.969071205232648,442.26839427149605,208.2368958792826,80.96255825153408,2.7672844724872525,1.0522625014974127,85.47284747558649,39.2398164796671,12.990173939073673,1.1636856501595612,0.760913551584569,0.6596153846153846,0.697986577181208
254,ID_02,SF,0.6655897321957776,0.75,0.8467691965873326,0.4,protB_SF,4,3.999425382062327,3.563172649592161,2.6306935324100778,5.939007583947387,4.656497942050919,3.2600471895420924,3.2876728218980134,2.1376154109020717,5.289511485898402,4.298908309465332,3.930057409888832,2.324902161490172,1.219109988596756,4.1502960229991,3.748276231362979,24.82032638176918,15.317945756823393,14.016155222623196,4.267291202167734,8.201879904817583,7.18592084755019,4.441090196103639,3.1314657938418002,0.397173189637879,0.7511506901292833,6.540530386665905,3.258349208243629,1.7873490300293862,0.47410847291514674,0.8455658846946266,0.7942307692307692,0.5896452540747843
255,ID_02,SF,0.5318694239650072,0.6875,0.9081082718950216,0.0,protB_SF,6,1.5505154015045264,1.3296320976223797,0.4957630517310463,2.2731313147232868,1.5881004362654494,0.743726846849313,1.3170101010473445,1.6369356599170715,4.151703818934038,1.96251884335652,1.4255758742365288,1.5310123708331957,1.2343721318757161,3.9926052231749054,2.4191724733100273,9.622456890408987,5.716038584389713,2.641391633459394,1.633288579544705,2.7972543351540025,1.639351194302165,1.7790580038783022,2.398002933365358,0.31173870263706005,0.3429120319531348,2.372490106755355,2.1457130665309645,1.809725006964181,0.45609468693864863,0.5457361161131538,0.6519230769230769,0.7219558964525408
256,ID_02,SF,0.8988423152599347,875,0.8215269457798041,1.0,protB_SF,6,1.0548107002250617,0.9479729123995639,0.5743204565078486,3.7571908251265995,2.1268952161790367,1.2893962884845678,1.7735641667968594,2.1268836717354134,5.581889716268051,2.1750957707808993,1.0420926846563816,1.0277397741447203,3.7115287268534303,4.467608861887129,2.817328774199268,6.546126843118715,4.075300042712351,3.059940113422154,2.6996138877249334,3.74627871639264,2.842136672100299,2.3957853655203496,3.1157445027538766,0.419126973961096,0.38005571919782616,1.7342848103356618,1.4403767757773196,5.441508421650655,0.5103566597066184,0.6355553727600228,0.7076923076923077,0.6682646212847555
257,ID_02,SF,0.822996737099337,0.6875,0.781490211298011,1.0,protB_SF,6,2.692748748813756,1.9732627552002668,1.1797478000517003,5.058104979980271,1.9897903264336492,10.557877976680174,5.260921374429017,1.8161800689995289,5.667172292305622,3.2121256203936355,3.115396510111168,1.5564627392450348,1.3262613720144145,4.531674145255238,3.615017035372148,16.711126330651584,8.482982673202,6.285615593513868,3.6343457346394645,3.5047843886705414,23.272078914039753,7.10661540979018,2.6605841876529266,0.4255305809549891,0.561256533717677,5.184745008972118,2.18138174504046,1.9444447170545598,0.5176751481942375,0.8155042182120823,0.6903846153846154,0.7861936720997124
258,ID_02,SF,0.440149683803976,0.5,0.8204490514119283,0.0,protB_SF,8,1.5667682600906119,1.2785471335519105,0.7173659214458894,2.6022770725830924,1.9159572209446196,3.1648301919631194,1.971005491213873,1.342675466730725,4.759719504363602,4.2558454670142964,3.6121142366027925,2.013712713960558,0.9867892003967427,4.65217020973796,5.418766630100436,9.723321693776155,5.496426237311812,3.822076567464779,1.8697861385884724,3.3747359548997258,6.9760398954772285,2.6624952170401546,1.96693113029323,0.35739273510786873,0.743626295213764,6.011398934062227,2.822217354281233,1.44674125933684,0.5314399988958765,1.2224083596604294,0.75,0.7679769894534996
259,ID_02,SF,0.511804986334174,0.75,0.7854149590025222,0.0,protB_SF,8,16.081971436506137,1.4221486781025305,0.4751040069095325,2.116370502335485,1.794782295519326,6.29434033180587,2.1043315646238625,0.8232922082243022,3.7086392785568023,2.234584385405469,3.056589819607325,1.6345336771337315,1.2629139600903727,3.7243289552861825,2.49866804733756,99.80428231181116,6.1137638985318565,2.5313216555611358,1.520652920119849,3.1613004078036293,13.874225979610097,2.842596203233867,1.2060688631089735,0.2784703455900615,0.3904501986129124,5.086876986685257,2.290798125166075,1.8515704593449387,0.42544818582565447,0.5636693582844372,0.7769230769230769,0.710450623202301
260,ID_02,SF,0.6682794728493354,0.5625,0.7756717518813396,0.6666666666666667,protB_SF,8,6.471149550634436,1.7254832055186853,0.7610288812429644,2.026947146077873,1.61854036036857,1.560616226925049,2.2263292921707034,1.6418132436228916,3.5273515786684584,1.8394514952433383,1.9199321686755866,1.8001627759076655,1.3949299027444795,4.0834938117768615,2.0816278054098802,40.159780110502545,7.417787670061465,4.054709831071998,1.4564005183452098,2.850870723459673,3.43997004585109,3.0073945092412173,2.4051482722572266,0.26485800838298224,0.3214084043311969,3.1952140592051173,2.522927223668113,2.0451203188804437,0.4664773318653466,0.46959011242517146,0.698076923076923,0.6270373921380633
261,ID_02,SF,0.7741330080996827,875,0.8473990242990481,0.6,protB_SF,4,25.14050924219191,9.480281616561115,3.182589600328356,7.532837400503922,5.038844441060064,75.18173707649112,16.976430371869355,3.0147622746881098,6.421598649467342,2.9645928370882757,31.91042342223227,27.670198323903605,2.4242688668891788,4.410387540701777,4.0275649148497905,156.0213243616814,40.75537557196808,16.956619727286053,5.412488587051992,8.87533882307048,165.71846369158794,22.932287540041546,4.416428180486675,0.4821781415888259,0.518004989924558,53.10637282786903,38.779769013095574,3.5542442013392774,0.503819990260623,0.9085700413151353,0.7442307692307693,0.710450623202301
262,ID_02,SF,0.515821449443266,0.5,0.7617500626155123,0.2857142857142857,protB_SF,4,48.35964227095246,15.468757832422853,4.894052544841543,9.302121790824458,4.826730257263989,81.08972269110382,50.715803634375334,21.06780163012445,15.585576635203324,3.985602541888511,12.640995613764971,5.23141206940636,2.8622387908399105,4.089366273547057,2.6517586293266504,300.1186396060973,66.49961051693955,26.075177245496146,6.68375345853568,8.501724342133429,178.74107180942786,68.50847712337494,30.862941864897316,1.1702731341168326,0.6964065954439783,21.037559329668653,7.331821380139585,4.1963561732512,0.4671481716962144,0.5982047461288249,0.6903846153846154,0.7027804410354745
263,ID_02,SF,0.8569524219849048,875,0.8958572659547143,0.8,protB_SF,4,2.3859866778366268,3.2297555881086737,2.848479460226372,5.30459693618468,5.610394673112751,2.558553876951919,3.565236649592407,1.8478479178156704,5.2621953436755575,2.3754289704811526,1.5490923269680934,1.4418028149520978,1.5984962446964346,4.730285410914803,3.0791226045039366,14.807369166597777,13.884598298123045,15.176503751240917,3.8114549471212356,9.882058126118654,5.639662426650824,4.816032004715521,2.706975500527328,0.3951221043223121,0.41506005294444853,2.5780502368214533,2.0206859188996726,2.34357091582228,0.5403634777359834,0.6946129016254096,0.8576923076923076,0.5848513902205177
264,ID_02,SF,0.8443694239650071,625,0.9081082718950216,1.0,protB_SF,6,1.70205966787762,1.2516029346443247,0.5333332810550928,2.7807325077446876,1.7725967421711175,1.3169723497412633,1.7782249342417344,0.7075338398863096,3.9448965835617855,2.0433759355000802,1.8738066682999488,1.978080443223007,1.0994365875376388,4.127838965359842,1.935871433261127,10.562936532693593,5.380594135441951,2.841563245799565,1.998009801831876,3.1222231341854676,2.9029208822532944,2.4020812744282813,1.036490477327973,0.296210181802581,0.3570402375796084,3.1184504892766154,2.7722787447910147,1.6118946909590157,0.471543094145894,0.43670923381366533,0.45,0.5503355704697986
265,ID_02,SF,0.9430220883534136,0.9375,0.891566265060241,1.0,protB_SF,6,1.6214220340771135,0.8096265519270673,0.6195658606884535,2.6456924206286203,1.93982980704277,1.3182932179915952,1.432666918844916,0.9257451893063262,4.273293598089367,1.8134272036149923,1.4136514364508912,1.1465210991445929,0.822259702545125,3.232872797525488,2.4733767647830973,10.062501545567994,3.4805542210036555,3.301004532478485,1.9009809013724919,3.416784740624778,2.90583239062881,1.9352908127551927,1.3561557328514078,0.32086850612519535,0.3168611650765897,2.352645066455276,1.6068487429328717,1.2055229598011281,0.36930676189602,0.5579639501479483,0.85,0.6960690316395014
266,ID_02,SF,0.8084404335756262,625,0.8003213007268788,1.0,protB_SF,6,9.721520444145426,1.6428635572083294,1.0657725579221733,3.1905219693726394,2.215941838130675,9.772236982826144,2.912167925387621,1.5236587714753114,6.065052148187533,2.579253641442847,2.59141079368419,1.6794089751783758,1.2991673065698706,5.301802098983899,3.0230259262680192,60.33149447741613,7.062608896613394,5.678363298428021,2.2924514134359035,3.9031239911605176,21.540338951950826,3.933846560613639,2.232059752202329,0.4554061586665739,0.4506744534472805,4.312710801063054,2.353690832771346,1.9047218437741928,0.6056506049009894,0.6819581679736864,0.7942307692307692,0.8322147651006712
267,ID_02,SF,0.6078579509760685,0.5625,0.7610738529282056,0.5,protB_SF,8,2.1648986148647964,1.1772867947001942,0.6484677505795844,2.335980188945541,1.6052647758897365,1.421509892679751,1.865606231149286,1.4090727090660948,3.23563988058595,1.9005282867965434,1.8522029640735127,1.7448335129301995,0.9739526140037924,3.5700106418516953,2.3722762136912934,13.435302592563005,5.061111833440395,3.4549918251640506,1.6784467047438845,2.8274873244081324,3.1333465373061173,2.520118634604198,2.064198717399038,0.2429542719243339,0.33208038680289986,3.08249689643545,2.445383289475297,1.4279214149807644,0.4078196553497979,0.5351568858735072,0.8442307692307692,0.8705656759348035
268,ID_02,SF,0.511804986334174,0.75,0.7854149590025222,0.0,protB_SF,8,7.005755891441368,1.8195968732470647,0.48536201211391017,1.746485722833313,1.6451014873837266,3.0298908095574006,2.2113790619187057,0.9525352361379191,2.3923248445498757,1.8679334625630872,2.68993029021658,1.4501029072562233,0.8484700992994476,3.221317660063505,2.5888475900046615,43.477532686686146,7.822378802462535,2.585975605725872,1.2548835902992133,2.8976550615236065,6.678601341736231,2.9871992755307937,1.3954013870699797,0.1796323330978523,0.32638507465500055,4.476670177108747,2.032318494083035,1.2439502778066567,0.36798676241982203,0.5840127748497997,0.8673076923076923,0.5714285714285714
269,ID_02,SF,0.7033652042283737,0.6875,0.7559289460184545,0.6666666666666667,protB_SF,8,3.7631703235092573,1.4882900577504188,0.4388721408759011,1.99355297445436,1.8349797514929378,1.353225257844315,1.404808775987476,0.823677568405401,3.4848361792683136,1.71872082205482,1.63629492817563,2.1187727979850024,1.2436359684215859,2.8454841958591715,1.8351973160406487,23.354133840977884,6.39810321221731,2.3382807512991244,1.4324061636052243,3.232103554390986,2.982830930475213,1.8976591712178192,1.2066333903945017,0.2616656574761922,0.30031306524577045,2.7231756646483043,2.969459009121298,1.8233068079661312,0.32505348036068715,0.41399836787451605,0.5846153846153846,0.7698945349952061
270,ID_03,SF,0.7685546572168943,0.7551020408163265,0.7610882466238301,0.7894736842105263,protB_SF,4,0.6385638048413966,1.28999947628472,0.6507103098556399,1.0842284300451865,0.6470969840393082,0.781130056566326,1.0272128274664283,1.059422102116514,1.2662932849707431,0.9645323005997852,0.783670808232273,0.7843829152989201,0.6742147124896292,1.270140433916822,0.820450552055263,1.643157506761211,1.7223040639208709,1.0580221393930165,0.3720476644520879,0.9314699479230243,1.8716854125604547,1.4451451606224894,1.6109799015671182,0.3230279513131287,0.8169897387772974,2.044728590366237,1.1720640748010833,1.117925202540882,0.5600153175057686,0.8719922010360985,0.8653846153846154,0.9300095877277086
271,ID_03,SF,0.74523459319014,0.5625,0.8160609224275623,0.8571428571428572,protB_SF,4,1.1282767318334663,0.7182047629612498,1.5324125197366811,1.596714100742247,1.1227166892240348,0.8335846046065853,0.586653666687198,1.605383433343377,2.1068642436148366,1.6534587462047057,1.1455292697064579,0.8285200747195631,0.6441105979320128,1.8724530182225863,1.8269741269705264,2.903290740189444,0.9588895226051015,2.4916254560714393,0.5479046071076654,1.6161052853559519,1.9973730769437401,0.8253398757349057,2.4411803758466086,0.5374553023279354,1.4005324946617146,2.98887801391208,1.2380160198418413,1.0680091331631243,0.8255798677953325,1.941746746616519,0.2634615384615384,0.0278044103547459
272,ID_03,SF,0.3958401750702753,0.3125,0.8750205252108261,0.0,protB_SF,4,0.7753742193017388,1.4195655385265127,1.5696519294579048,1.0513363595237024,0.782181886052058,0.8676649558765348,0.9509319133940153,1.6597776921116747,1.6909522200876381,1.0791560241614206,1.273205692996271,0.9095803980017081,1.055921249644598,1.3596654334833147,0.9308450496519072,1.9951991630831798,1.89529030123932,2.5521748577732857,0.36076091188464093,1.1259192032070815,2.0790338654266427,1.3378285550739566,2.5238934488146967,0.4313572834242082,0.9140797023918581,3.322007218514283,1.3591403979455603,1.750838353137119,0.599487622865206,0.9893218081652897,0.9961538461538462,0.99712368168744
273,ID_03,SF,0.520666583436905,0.6875,0.8744997503107149,0.0,protB_SF,6,0.5470066957968811,0.5650768398481887,0.40877389983506873,0.8155992227329989,0.6354245902002731,0.9527006332064047,0.7238050020532683,1.4582351432181895,1.4170068679959513,0.8947035645405776,0.8582665532230749,1.0168523658649065,0.8660411003802437,1.267209123398061,0.896622909067446,1.4075620190695517,0.7544453742733866,0.6646457409403492,0.27986887037642444,0.9146680088790269,2.282789994726221,1.0182926731274853,2.2174235394845394,0.3614745738590415,0.7578425637198263,2.239361401618221,1.5194315227436532,1.4359953210991443,0.5587228786958255,0.9529497932794968,0.9846153846153848,0.9520613614573348
274,ID_03,SF,0.623540170974025,0.8125,0.7247871795887415,0.3333333333333333,protB_SF,6,0.8300745794258546,0.734763489163015,0.28301806923991535,0.7029864818832721,0.5444012759880934,0.8513710945408093,1.0664930159691721,0.8010443489183672,1.3343919017643202,0.697120507766158,1.003843379294267,1.1518461105879396,0.5426944990176708,1.2365705842967145,0.7406711748672024,2.1359545686965733,0.9809974086585055,0.4601731040200158,0.24122636104936043,0.7836436279280414,2.0399917336843076,1.500406906587139,1.2180851652927698,0.34039972207995806,0.5904833888735578,2.6191957596619804,1.7211459092081252,0.8998496272676403,0.545214095930882,0.7872009914534639,0.8711538461538462,0.6922339405560882
275,ID_03,SF,0.9030346227496896,875,0.8341038682490691,1.0,protB_SF,6,0.8972037394414656,0.47290876682382077,0.31606997072231025,0.7297340707737021,0.7085462975737755,1.038954558680416,1.1800371285062283,1.8078730681736488,1.9531401248968905,1.1691471561334765,2.1851977180631366,1.1035916395485401,1.7784671726985835,1.660746020206716,1.2513901663169236,2.3086918619254346,0.631389939250413,0.5139138285602013,0.2504046649018008,1.019923750505388,2.48946519910312,1.6601476344700032,2.749090444303305,0.4982407003662567,0.9903050723005737,5.701547387997691,1.6490416717869723,2.948902237552338,0.732236518866237,1.3300039383825335,0.8115384615384615,0.7027804410354745
276,ID_03,SF,0.6898445479250288,0.6875,0.8820336437750866,0.5,protB_SF,8,0.830199288429867,1.2631853460334241,0.6299622182268649,1.2236310340085765,0.9627204290154623,0.9453340892378037,0.7501318686990999,0.6723068727296777,2.1600713171210373,1.3453995733243573,0.6943396883798414,1.0975354234687984,0.6812019782955758,2.4200787520385347,1.877865921414923,2.136275470906423,1.6865039831058632,1.0242867890214067,0.41988298382381584,1.3857971370563382,2.2651388330904445,1.0553309021198316,1.0223242062716926,0.5510282811584061,1.139596512504393,1.8116487144120448,1.639992171654001,1.1295108894097963,1.0670325379158645,1.9958356222240485,0.7269230769230769,0.9798657718120806
277,ID_03,SF,0.6435531648369203,625,0.8056594945107608,0.5,protB_SF,8,0.7942995653138496,0.8405117150687147,0.7014599614194594,1.1231218732064008,0.7823393358421527,0.5417161628429312,1.4128338880254887,0.7623652127222158,1.8226237407361623,1.280830124642307,0.6440380866479245,0.8872277903719805,0.9136089392995927,1.7272337627218803,0.9947962512342201,2.043898015307629,1.1221839770084063,1.1405385128202556,0.38539375858653774,1.1261458458145999,1.2980197487193297,1.9876602019071068,1.1592688437364311,0.46494632797352037,1.0849041222351001,1.6804033979832342,1.32574001674151,1.514868245366817,0.7615515089575688,1.0572904979138318,1.0076923076923077,0.9837008628954936
278,ID_03,SF,0.903394087533942,875,0.8351822626018263,1.0,protB_SF,8,0.9507212871540105,1.1766382231144235,0.8394850883632898,0.9391878447786439,0.8247092879969387,0.7715642168477643,0.9513676341157407,0.7502684202336241,1.5760520273033762,0.8478224249302002,0.6278157459291833,0.7697643377468921,0.869583323947154,1.2656802482524654,0.8588308537582634,2.4464036451499176,1.570953190826972,1.3649604066911267,0.32227769946700435,1.187135679024396,1.848764462957227,1.3384415533500174,1.1408742024186627,0.40204655871208816,0.7181327375376996,1.638076589938547,1.1502202670902841,1.4418687334188793,0.5580487851253633,0.9127835975128171,0.9826923076923076,0.9261744966442952
279,ID_03,SF,0.5381979378112962,0.6875,0.7270938134338887,0.1999999999999999,protB_SF,4,1.0386479607404908,1.3935734459664673,0.6933711956662592,1.4921896472515073,0.7997075117600616,0.981096434770734,0.8282866328954697,1.1057013180106878,1.6252278510364704,1.2492867085711623,1.3532827906601597,0.9752344340085983,0.674479226290714,1.6255143618764123,1.308539745878079,2.6726572671885993,1.8605877393631687,1.127386587735269,0.5120375538910846,1.1511466328941296,2.3508298904121503,1.1652837534063065,1.6813530668209427,0.41459117675845486,1.0581858389385397,3.5309417983236826,1.457243933181342,1.1183637967144808,0.7167025922237663,1.3907437203779058,0.7884615384615384,0.8302972195589645
280,ID_03,SF,0.830991691094957,0.84,0.8404750732848711,0.8125,protB_SF,4,1.1248201262787916,1.2459737044991925,0.9189149641315453,1.196615941807977,0.8784447919651939,1.411638189892983,1.204049345687963,1.0567288190941326,2.074844374874374,1.943709703255081,1.7847588314907625,1.0057397448690608,1.0688600013963878,1.9958267985202838,1.564357219649537,2.894396175038688,1.6635243767524313,1.494109377929488,0.41061288752337843,1.2644857645872856,3.382461839261714,1.6939294745406621,1.606884437814172,0.5292871214465324,1.6463843478686921,4.656735163951859,1.5028264901861206,1.7722922852522065,0.8799763777404892,1.662631942597595,0.9653846153846154,0.8935762224352828
281,ID_03,SF,0.5330041578459618,0.6875,0.7115124735378854,0.1999999999999999,protB_SF,4,0.906187626242172,1.2521953176474199,2.070768765406683,1.3133237189322244,0.771350425793571,1.2917173326059128,1.160061699920334,1.2463235179893672,1.7486293691035826,1.0130097256251247,1.5045606596686412,0.9693367319414392,1.5324204141506925,1.299947920415434,0.9419641820613833,2.331809271532044,1.6718309767211357,3.366965554687261,0.4506605884498903,1.1103277540553262,3.0951164511804974,1.6320449928553482,1.8951861909621361,0.4460705662831891,0.8580516698120795,3.925651133674656,1.4484312925921945,2.5409285352750985,0.5731576823733232,1.0011394572838899,0.6288461538461538,0.9702780441035476
282,ID_03,SF,0.4918572325323304,0.6875,0.7880716975969911,0.0,protB_SF,6,0.9945950091605482,0.501644015457714,0.3394972845853772,0.8493346986142569,0.6195927099952314,0.9485001555731287,0.7917182228993624,1.2575845321407542,1.5905583140920498,0.8481403312998737,1.649114434258081,0.8767590697971173,0.9995054715545848,1.5839758634683676,0.8369363783344852,2.5592998586810034,0.669754943585506,0.5520054591340778,0.29144503335370286,0.8918786573693652,2.2727251244195417,1.1138371015300084,1.912309929869324,0.40574707277002553,0.7184020144108054,4.302816178797504,1.3100971323089083,1.6572945324825827,0.698387928149213,0.8895136859167003,0.971153846153846,0.87535953978907
283,ID_03,SF,0.7602785704349482,0.8125,0.8016690446381777,0.6666666666666667,protB_SF,6,0.8275397540273843,0.6312628611340187,0.5413492690422572,1.3302764236868825,1.5213318220048677,1.1978480033576488,1.2108197552151978,1.4017914072610438,3.0815277314104605,3.805105171068135,1.6433253076684196,1.285582096897997,1.2784072168869898,6.717972704791464,9.679003465862479,2.12943193564057,0.842811653121533,0.8802066036390316,0.45647782588375235,2.1898956539263255,2.8701937859163786,1.7034544963298155,2.131593987680151,0.7860892905351803,3.2230459029707594,4.28771137646624,1.9209808903185601,2.119745565312173,2.9620091737944407,10.28704961547147,0.5211538461538462,0.763183125599233
284,ID_03,SF,0.8933413013117506,0.8125,0.8675239039352518,1.0,protB_SF,6,0.8452884467260446,0.661983936879551,0.4233364488754887,0.8240022571044392,0.7026466399793208,0.654380144624156,1.065657488652505,1.6108307318063453,1.8130700354959117,1.1531663441246565,1.3586806617240654,1.5969534433679655,1.4881787938065827,1.7148597435152624,1.315612053986115,2.175103014116816,0.8838279748931809,0.6883237110868173,0.28275233037947445,1.0114314319073823,1.567976754531959,1.4992314362016812,2.449463654366235,0.46250920391400285,0.9767688128923444,3.5450257493596737,2.3862474865202556,2.467570862314667,0.7560957025681547,1.3982603190298089,0.8692307692307693,0.785234899328859
285,ID_03,SF,0.5383112794424839,0.8125,0.8024338383274515,0.0,protB_SF,8,1.2691114370682044,0.9837940669967793,1.5477194901905023,1.2836249770771246,0.7853807002220492,0.6998177314017084,0.9608941763872281,1.6652732592774555,1.8135526534024393,1.1727911314665107,0.8254992908405256,0.9593950017006136,0.8229841987485997,1.8753778349491768,1.1745996623631072,3.2656877338249344,1.313483106620905,2.5165138178845026,0.4404696109416775,1.1305237668842878,1.6768509012103407,1.351844069452802,2.5322501257559256,0.4626323184210945,0.9933916360720465,2.153866117733955,1.4335758634014724,1.364602047434742,0.8268694434391349,1.2483893664944166,0.9846153846153848,0.9904122722914668
286,ID_03,SF,0.5928998234524586,0.52,0.8041540158119213,0.4545454545454546,protB_SF,8,1.2295040314711514,0.6967398658161983,0.7436550367856398,1.2805380629288265,0.820226479277153,0.9077565127881826,0.523446811712347,1.2908248172607273,1.6231279514613561,1.3657869135386136,0.9526779476800584,1.024020093609579,0.6009279968566261,1.3915424451624858,0.985157271998105,3.163769639913711,0.9302313097420708,1.2091455768771935,0.43941035150204955,1.1806828571016255,2.1750982552264952,0.7364166476144325,1.9628558181830151,0.414055498124,1.1568652423806776,2.485696566172828,1.5301418990453657,0.9964074354262387,0.6135424583306008,1.0470459868963353,1.0096153846153846,0.9942473633748802
287,ID_03,SF,0.7256432596721983,0.75,0.7602631123499285,0.6666666666666667,protB_SF,8,0.9237149697582936,1.3568246795330197,2.8082327262382023,1.9781760129262693,1.4409789437195286,1.507074574874423,1.7843375535449013,2.6422045775689185,4.838458677113522,5.974557747322251,0.6612735141970916,0.7965294789755717,2.14380442048423,4.1784674394875765,4.6259575278781995,2.376910772515569,1.8115237273724876,4.566044754365703,0.6788013900850111,2.0742309341115237,3.6111393662569866,2.510314037629813,4.017792777579825,1.234277566288542,5.060641691583979,1.7253735195020679,1.19021407608236,3.5546732318077914,1.842320508289079,4.916565509681461,0.9865384615384616,0.8859060402684564
288,ID_03,SF,0.573634774990739,0.75,0.770904324972217,0.1999999999999999,protB_SF,4,1.3281301612551033,1.3425857468973845,0.45069962288835086,1.2796499740943545,0.8254840632844207,1.4980209689383628,1.4051023754291236,0.5878309457330033,1.4959157942939783,0.9151175257215982,1.2226118305989075,1.2573046842589974,0.6379336336976849,1.233741948453826,0.7387418186795003,3.417555188497313,1.7925130440388168,0.7328148517237232,0.43910560817717886,1.1882509367283929,3.589445792928003,1.97678304216555,0.8938683053743876,0.3816040249940203,0.775133842407249,3.189999344985986,1.8787273699574405,1.0577670190934836,0.5439669272262542,0.7851504308870988,1.001923076923077,0.969319271332694
289,ID_03,SF,0.830991691094957,0.84,0.8404750732848711,0.8125,protB_SF,4,1.3066440660622902,1.397436804836616,1.0706483299145475,1.5542546598226181,1.0858098989956488,1.3577569534390932,1.818832846765872,0.8235366112785414,2.6535862944001565,2.2550749913534673,1.979727156140143,1.881644784589298,1.5271247320924886,2.9747350308753084,3.764006240089657,3.3622669959323965,1.865745786947502,1.7408201766544233,0.5333348583440852,1.5629794528764849,3.2533556508188126,2.5588441033859954,1.252287380378358,0.6769226011748803,1.9101207154632593,5.165440226637103,2.8116474881575937,2.5321476879755065,1.311585032903742,4.0004654488773035,1.0134615384615384,0.925215723873442
290,ID_03,SF,0.4670380000387551,625,0.7761140001162655,0.0,protB_SF,4,5.568399159528781,2.256806707009673,1.1097358583356254,1.4970615175116109,1.01499055676868,1.021786534693092,1.5072790120029822,1.1615895782597363,2.179944218369201,1.2254896332706267,0.6302454066826613,1.4080363980610855,1.1743016293621622,1.8166322806791868,1.6603843738494106,14.328649400814546,3.0131077061838636,1.8043745261357291,0.5137093122600379,1.461037872799378,2.4483284642029,2.1205313170362903,1.7663379503861412,0.5560978038772213,1.0380289542791472,1.6444159823917806,2.1039582147844214,1.9471265793075916,0.8009680475398566,1.7646916332641698,0.8596153846153847,0.8398849472674976
291,ID_03,SF,0.5516065242115539,0.8125,0.8423195726346616,0.0,protB_SF,6,1.0681688754630159,0.5552943439397495,0.5381865157687571,1.2123911747039529,0.8663294722737191,1.2171149373898515,1.1414995387895033,2.0677747525041923,2.599104112960049,2.1627209143844084,1.3649921811520471,1.6639018576825038,1.449532966944389,2.9380580126598943,3.6064863907085964,2.7486207218426295,0.7413845686156056,0.8750641263582531,0.41602608126788393,1.2470462516851466,2.916359772066441,1.6059306214109443,3.144302502843027,0.6630243458002775,1.8318938554907622,3.5614935622314543,2.4862851463831883,2.403491655762285,1.2954138352529985,3.833050021068056,0.9942307692307693,0.8983700862895494
292,ID_03,SF,0.6371763624102106,0.8125,0.7656957538972985,0.3333333333333333,protB_SF,6,0.622953933543613,0.6091382238082588,0.3548844179022126,0.7623911669725203,0.6063187369136358,0.8592089525336633,0.9452316626266111,0.8221272364608012,1.5700818730692845,1.0353785698953288,0.8819795675663045,1.2351133555057459,0.674005234031938,1.540791477964376,1.2114313747133565,1.6029900606766332,0.8132726079672842,0.5770241617186663,0.26161078718366265,0.8727713097537652,2.0587722227304353,1.3298090973816625,1.2501442548945512,0.4005235887065206,0.876998797062976,2.3012326336228144,1.8455679796947464,1.1175778632691276,0.6793475789771678,1.2875348894510017,0.7980769230769231,0.7641418983700863
293,ID_03,SF,0.9300308161067546,875,0.915092448320264,1.0,protB_SF,6,0.8137889199133497,0.49567475434741937,0.5960238886473235,1.2418319474818418,1.047124715796599,1.7486438828200335,0.8035996870603412,1.2273723623366095,3.2265608570014592,2.4877221940187155,2.641473987750942,1.3660180702572688,0.9145261501544155,11.80567717528902,6.222769263331429,2.094048178955025,0.6617852638624763,0.9691047771102417,0.42612853795334615,1.5072936956119716,4.189969672431144,1.1305526642393429,1.8663686584535448,0.8230868439363123,2.1071803444819626,6.89204871066504,2.0411723336267458,1.5163890860006028,5.205219734090479,6.613690798158744,0.9384615384615383,0.8619367209971237
294,ID_03,SF,0.5412949277328069,0.75,0.8738847831984206,0.0,protB_SF,8,1.2339811846686644,0.7909977939561941,0.7203296408988535,1.192012568935752,0.8010409883354441,0.8319088301504962,0.9175417508231476,0.5433596015791409,1.9475881126709282,1.6105592726489704,1.1968843864451628,0.9829674017964862,0.9483953908784315,1.7775745363906026,2.162079764275404,3.1752902864483836,1.0560769520673126,1.1712196597915987,0.40903326271530915,1.1530661185150868,1.993357711540966,1.2908532539859603,0.8262442285456906,0.4968243972425617,1.3641952671036648,3.122872127708523,1.468798919348173,1.5725481657342477,0.7837471682695388,2.2979041061564547,0.8826923076923077,0.9434324065196548
295,ID_03,SF,0.6733277748706813,0.6875,0.8324833246120438,0.5,protB_SF,8,0.8108700585580664,1.0692368232412264,1.3211513505666517,1.7249156117031816,0.9919995575273788,1.452056235393684,1.154054727521725,1.265820043045096,2.972111595227034,2.95743808737825,1.213407068462402,1.062397175701335,1.8319268492632546,2.3801406314305495,3.9230459412920027,2.0865373414932615,1.4275594368968187,2.1481254518598383,0.5918963263897882,1.4279432588632817,3.479308536597119,1.6235940206130586,1.9248330238462443,0.7581775336527711,2.505044744436965,3.1659825765797613,1.5874868492452279,3.037544503353159,1.049423493517606,4.169496207350382,1.0057692307692307,0.8791946308724832
296,ID_03,SF,0.7389100744166992,0.8125,0.737563556583431,0.6666666666666667,protB_SF,8,0.9795478813430236,0.7191570584836882,2.3536162334494293,1.4781355694140075,0.7894980938090157,0.7063300868139777,0.9596144736860879,1.2923199465149082,1.4242115521483356,1.1316223994981556,1.010956113532302,0.8274970459751785,0.8507610036758706,1.7350694506603759,0.8807408983102505,2.520580468635553,0.9601609513758116,3.826861269766487,0.5072149660575855,1.1364505884962355,1.6924553201212376,1.350043706260152,1.9651293436965178,0.3633124690680149,0.9585204020493976,2.637754076367681,1.2364873592662533,1.4106591709282248,0.7650063279300039,0.9360700563077151,0.9923076923076924,0.9578139980824544
324,ID_15,SF,0.4699540876769324,625,0.7848622630307973,0.0,protB_SF,4,2.4136357260431396,2.627377980388701,1.4576090761693195,1.5503383310715435,1.0856648473236419,2.0573980909830425,2.4288401182275265,1.242383754288312,4.039762388856616,5.619033959192166,0.8226187073887559,0.8992324947030284,0.5442943729576655,1.0452352626089123,0.4945145167312148,2.2835095852558562,1.516835329344537,1.093323255786285,0.21979885468305682,0.9584135249646186,2.6207296751362867,2.1362735967164164,1.1825657721823744,0.9452250533060568,1.9703630943512322,0.7881843563738752,0.6670349539181366,0.5296922432247031,0.2960422743718677,0.13059866169747208,0.5557692307692308,0.4976030680728667
325,ID_15,SF,0.7252151335950572,0.7346938775510204,0.6909515232341512,0.75,protB_SF,4,1.9950457972299773,1.732401506160386,1.79310731618898,1.878228889836464,0.9649218800404924,1.7807216609071475,1.5012802177807316,1.3078223200864159,3.677729171613464,4.743840676383115,1.1028893404727569,0.6600585911655799,0.5908659368287772,0.8940948373492574,0.5399760299269474,1.8874870602232872,1.0001483717866138,1.3449737388176175,0.26628546204707954,0.8518229015564779,2.268297088614243,1.320443147512772,1.2448536182898529,0.8605163912295043,1.663468963190122,1.0567230202331397,0.48961993092432227,0.5750144022676562,0.25323472965536203,0.14260480627205432,0.6653846153846154,0.6845637583892618
326,ID_15,SF,0.7772078702738047,0.8,0.8173378965356997,0.7142857142857143,protB_SF,4,3.4914299758384004,1.9336695404490456,1.304865196289029,1.8553470490587642,1.0751964814517123,1.2964176676177885,2.08666936669033,1.0642633133102208,4.048195965879131,6.049764298950322,0.6858782871859148,0.631750859611202,0.4591912802425213,1.0382565906184027,0.6936541478239633,3.303196803913281,1.1163442398176007,0.978753143139189,0.26304139441669183,0.9491721615174475,1.6513868987180433,1.8353191054792741,1.0130214296234328,0.9471983446839498,2.1214024315825832,0.6571678123543674,0.4686217502267517,0.4468722650561051,0.2940657031614695,0.18319038232794474,0.5923076923076923,0.5934803451581975
327,ID_15,SF,0.5075353142891498,0.6875,0.8351059428674495,0.0,protB_SF,6,5.319527939718682,1.5846880560275167,1.4884911943227053,1.3711161136598093,1.0173299879170372,2.071898488793522,2.086553882691078,1.39157642115606,3.608727642131271,5.284102247060218,1.2702170279226266,0.778615809394978,0.6340967884170823,1.0981566920236219,0.6054140928881679,5.032736675346526,0.9148705847862976,1.1164873115794682,0.194389666681087,0.8980882287709566,2.63920039454142,1.83521753213297,1.324575147859918,0.8443713886018954,1.8529163785090776,1.2170464658971074,0.5775636040724171,0.617085472431199,0.31103122555577245,0.159886651713723,1.0173076923076922,0.7027804410354745
328,ID_15,SF,0.4559695779349595,0.5625,0.8054087338048787,0.0,protB_SF,6,2.0256327097740723,2.392642287304625,1.2457827178877778,1.7041372411767952,0.8619607815489871,1.5587791604048107,2.115560506354086,1.0520370487938635,3.3451800991315395,4.811293576494791,0.6725097514390654,0.6753031339030713,0.4528092104010284,0.9635861624701647,0.5713760848493621,1.916424943112652,1.3813179447178199,0.934436564228099,0.24160365923128208,0.7609299251625797,1.9855850068884815,1.8607301559554037,1.0013838322314945,0.7827064399237856,1.6871219088658789,0.6443588759070809,0.5009280663868467,0.4406614110427015,0.272916777012394,0.15089739427776377,0.8730769230769231,0.6778523489932886
329,ID_15,SF,0.8676675137413534,0.8125,0.7905025412240602,1.0,protB_SF,6,1.9358872978045838,2.454358516843058,1.0992348688887432,1.1824799094029004,0.9196212931783521,1.508813705186185,1.6476152813993394,1.2427898327587172,3.521197988447966,5.921988411500934,0.38022496255507576,0.48111397518368904,0.45770152064505965,1.0911797007793211,0.4297529062569083,1.831517968023653,1.41694789901316,0.8245139697440006,0.16764581289352662,0.8118320192463988,1.9219386217785495,1.4491513857933471,1.182952298888204,0.8238911688253854,2.076596706113281,0.3643089619734674,0.3568819411625103,0.44542247218252273,0.3090551303835909,0.11349546377069715,0.8557692307692307,0.6433365292425696
330,ID_15,SF,0.5108360150191666,0.75,0.7825080450574998,0.0,protB_SF,8,2.5107097535510547,3.336505586048588,1.216319898958318,1.7400776541762752,1.0383464959886624,1.3858983911632095,1.4852807580609806,0.9128055826295167,2.846897070412524,3.368114045315451,1.1007828325091396,1.337766894721426,0.5027094484830741,0.8051601535044028,0.4464059108499896,2.375350068847436,1.9262281967991415,0.9123370962409382,0.2466991028875463,0.9166413813695956,1.7653681396727787,1.306370906567586,0.8688560478585869,0.6661179980684863,1.1810584631899428,1.0547046894942602,0.992332110138446,0.4892229438461674,0.22804573439485212,0.11789343398090309,0.9,0.6673058485139022
331,ID_15,SF,0.4864577631379088,0.75,0.7093732894137263,0.0,protB_SF,8,2.048862268566154,2.410720961051993,0.8944306791818235,1.7669157296040794,1.127572712903202,1.120998827900621,1.1068818857893348,1.4876046916469932,3.3807861182140186,4.906750521513459,2.1785695862490684,0.7657761198061053,0.6058797334844712,0.681157001054089,0.5686087149570085,1.9384021286467523,1.3917551072625272,0.67089446561913,0.25050406476115983,0.9954093485586715,1.4279370176086972,0.9735521616058562,1.4159798732134783,0.7910375490449779,1.720594716279084,2.0873759029916417,0.5680393466599163,0.5896254142953199,0.19292428700984565,0.15016654656321693,0.8653846153846154,0.8111217641418984
332,ID_15,SF,0.8284456282114805,0.8125,0.790483943457971,0.8823529411764706,protB_SF,8,3.0642663077742327,2.0639855065383017,0.9765024005901068,1.61331430899736,1.0434663256546628,1.3338286016733036,1.4966260641813278,0.9392310385010205,2.3756977880111663,2.034346372965956,0.7547066452389117,0.8097367826849222,0.34622578823473305,0.5517969866559724,0.4109203339908163,2.899062774916006,1.1915781280579996,0.7324548134003797,0.22872725924044965,0.9211611132274579,1.6990412372165344,1.316349611106298,0.8940091774935259,0.5558666208948752,0.7133612367410723,0.7231150545031344,0.6006485983387788,0.336937369820211,0.15628561412427067,0.10852188129524198,0.5596153846153846,0.6318312559923298
333,ID_15,SF,0.7190653405309457,0.75,0.6871960215928373,0.72,protB_SF,4,11.690564482705668,3.0922080914024264,1.4304776123026386,1.9512773578753695,1.5001211959315697,8.460057215415873,2.5061887281481177,1.8402846762910485,2.9055108607281,1.9286653132439824,0.9911325169014162,0.6876650295453146,0.810226280009374,1.1547007561603095,0.6783486096537672,11.060292058683643,1.7851906020885264,1.0729724903485967,0.27664189153702573,1.3242912366658943,10.776486619173197,2.204305161196939,1.7516791102119358,0.6798324737585258,0.6763032546465768,0.9496442737059977,0.5100979045973617,0.7884898266459796,0.3270462165803501,0.17914827085506022,0.7173076923076923,0.4276126558005753
334,ID_15,SF,0.5378490029599794,0.5,0.8278327231656524,0.2857142857142857,protB_SF,4,3.093345891102217,2.5123349187197164,1.38717946538236,1.7462742907810025,0.9787967054535329,2.6454000471858308,2.2937776084290817,0.9333536945632659,4.025255097076297,5.520794131371076,1.1496424831420882,0.78207809565356,0.6375144766934682,1.178486469143536,0.5127781646478979,2.926574593103069,1.4504187795987475,1.040495421061404,0.24757762959446503,0.8640714517100196,3.369731135968076,2.0174800740702126,0.8884148144409331,0.9418306319697415,1.9359144448965628,1.101519102953233,0.5801318675288076,0.6204114722204757,0.33378305068938596,0.13542199426897894,0.7192307692307692,0.7603068072866731
335,ID_15,SF,0.7663830773066768,0.8333333333333334,0.665815898586697,0.8,protB_SF,4,2.211330080172047,1.795665913959965,1.2108658702345565,1.5928954926494043,1.205653942747631,1.4857751339150127,2.0722085173474625,1.1525848240125924,3.9793017858755775,5.73128524592903,0.7038265694063739,0.5857813921466004,0.6113464769441634,1.1062401727031101,0.4420579599582197,2.092110826730122,1.0366721188670642,0.9082461389747513,0.225832386323154,1.0643386382130717,1.8925919106740134,1.8226001412273964,1.0970904583301828,0.9310784597258726,2.0097249836521387,0.6743647896937895,0.4345224024023402,0.5949454979672552,0.31332071203867556,0.11674516320546675,0.5230769230769231,0.663470757430489
336,ID_15,SF,0.7672212972145794,0.7551020408163265,0.7751332793988405,0.7714285714285715,protB_SF,6,2.519833444239339,1.5507940552197397,1.3952923400211148,1.773874904756667,1.046567516596042,2.943985877209343,1.8258125055581331,1.2728897490887903,4.040817460918333,6.200729703778052,0.7797118641974521,0.9870726426015608,0.6003595299262088,1.100706107536098,0.6217726881914132,2.383981874763634,0.8953029328299306,1.0465807251795287,0.25149070019255004,0.923898812020085,3.750072086388579,1.6058838203911385,1.2116029719790542,0.945471919445642,2.1743397628670373,0.7470735692242334,0.732193240958253,0.584253304732724,0.31175329722100553,0.16420686999159326,0.9557692307692308,0.775647171620326
337,ID_15,SF,0.5165969695258489,0.6875,0.8622909085775465,0.0,protB_SF,6,3.7558095646090806,3.0958334682509303,1.5455428438144736,4.430163200595416,3.390950432731188,2.0788568726857193,1.7072596383513883,1.3424069620668888,10.096138103108387,14.558060614945134,1.3389590676524676,1.1503054629429244,0.8222709147958085,1.7241196710529039,1.8840107700270892,3.55332291805295,1.7872836011648088,1.1592806065651482,0.6280853527480528,2.9934954283781616,2.6480640380128486,1.501611267361334,1.2777730875827504,2.362298016096177,5.10491048271579,1.2829110029586102,0.853276495217528,0.8002113323896095,0.4883228943441751,0.49755725436650367,0.7057692307692308,0.6586768935762224
338,ID_15,SF,0.7931786554785006,0.7222222222222222,0.90731374421328,0.75,protB_SF,6,3.04949489509454,1.9551627774490044,1.3039360783295706,1.788678091543261,1.2018617348985572,1.381005105940858,1.5241719374898821,1.078221590432804,3.0086973965808284,4.734298806397419,0.6198910568855354,0.963532344030682,0.7086493606038857,1.193814128782833,0.5206768455536803,2.885087732171198,1.1287526947361006,0.9780562304421893,0.2535894185407598,1.0609909169517737,1.7591350349336783,1.3405774396100956,1.0263076471120531,0.7039760964430937,1.6601230235486366,0.5939427699671169,0.7147314587551633,0.6896379755651438,0.33812430799550613,0.1375079940133125,0.6211538461538462,0.6951102588686481
339,ID_15,SF,0.6742204632022148,0.68,0.797206844152099,0.5454545454545454,protB_SF,8,4.299349275243003,1.6678167303325608,1.371122409182135,2.5227709775208496,1.5529151191913115,3.3205453801201656,1.8552960100350901,1.2683519889833406,4.768116436025593,5.685333222572808,3.374879313923884,1.5294010954676196,0.5987481563352048,1.5927458080113865,1.3076467433847938,4.067558817781911,0.9628623511056651,1.0284513461100389,0.3576652659445532,1.3708971576486129,4.229736507220928,1.6318158822342035,1.2072836948116275,1.1156455946131496,1.9936115072806804,3.233608786175486,1.1344830121764011,0.5826851604811972,0.4511138385467713,0.34534257110986843,1.001923076923077,0.5781399808245445
340,ID_15,SF,0.7004773528701765,0.8125,0.7889320586105297,0.5,protB_SF,8,3.245774238166632,1.5639618795830756,1.580385105626192,1.7798670287447749,1.3482011851237985,2.28717582194804,1.3345103652682155,1.3212723861215636,2.5320030472357757,2.834115441146423,2.4253560659417417,1.251317429705523,0.6474567162513267,0.9575042313372251,1.4618601255733665,3.0707850834561095,0.9029049685301601,1.1854150864786919,0.2523402321710277,1.1901778466727722,2.913422334308397,1.1737615977569287,1.2576560939113002,0.5924389815342381,0.993807211510198,2.323832041067797,0.9282054073637934,0.630086985023341,0.2711941899646948,0.3860695076269114,0.6942307692307692,0.725790987535954
341,ID_15,SF,0.7655468853662498,0.7222222222222222,0.7483314773547882,0.8260869565217391,protB_SF,8,2.828099168254994,2.0822996157221496,1.4343089569592848,1.808953169529559,1.3805730563944962,1.5566282509098528,2.01673005358316,1.0187023581238464,3.316160087706521,3.606938380471547,2.012248973187525,1.4491001202259213,0.5384708529163618,0.9920363718265435,1.0130498835678736,2.675628094613714,1.202151211962518,1.075846304927916,0.25646391298541293,1.2187553946432477,1.9828451616603393,1.7738043491797268,0.9696541319061461,0.7759163272374999,1.2648042920000242,1.928017376155138,1.0749171516948834,0.5240249544423844,0.28097473772756887,0.2675411025368448,0.921153846153846,0.7679769894534996
342,ID_15,SF,0.54428533083331,0.6875,0.7453559924999299,0.1999999999999999,protB_SF,4,3.386386235433747,3.280594275565818,1.1405455516069196,1.7010880710586207,0.9742519632709445,1.6685123300703708,1.672940605203621,1.345527773082722,3.4089603050233563,4.368717228317109,0.8662007840030128,0.7409912504954264,0.5114845371281262,0.9587239787833823,0.4998941242320143,3.2038162778890045,1.8939495327914333,0.855500282100733,0.24117136385015367,0.8600594010426267,2.1253639710810117,1.4714261416183052,1.2807436385707487,0.797629755384185,1.5319286658253233,0.8299421120595982,0.5496543636261619,0.4977626176326807,0.27153965937338886,0.13201938751297723,0.7826923076923077,0.5234899328859061
343,ID_15,SF,0.515821449443266,0.5,0.7617500626155123,0.2857142857142857,protB_SF,4,1.9213101604691474,3.511410322971642,1.5228713527903892,1.3992295353091322,0.8550627328531846,1.9756654928642092,1.2973787015653215,1.1827007183455862,3.36173868709011,5.5950893756744335,0.7895657699918956,0.6712308240821585,0.5916714544582646,0.9266115748687298,0.4576536260856301,1.8177267266727348,2.027204031344025,1.1422751770674644,0.19837544046729796,0.7548404002210479,2.5166180565561076,1.1411026375498103,1.1257563401190676,0.7865808242759412,1.9619667180318172,0.7565149961290702,0.4979072981097506,0.5757983097657288,0.2624444542740955,0.12086389593344336,0.5942307692307692,0.8485139022051774
344,ID_15,SF,0.6498342287778464,0.75,0.799502686333539,0.4,protB_SF,4,6.986300857533934,2.693780552363023,1.0374277553637512,1.4945643579267198,1.3225850536855432,1.825693660066463,1.9007903756573796,1.4572706058970653,5.45118505397113,9.828929272771347,0.5256174536043545,0.5941643903497607,0.3723723675648216,1.1385519874238526,1.0204257775967562,6.609649004414351,1.5551707983489222,0.7781536968184997,0.21189151267088924,1.1675641948738609,2.325582770594588,1.6718302130865712,1.3871063054334016,1.275470234941069,3.4465994754090152,0.5036154060768763,0.4407407640085758,0.3623824983133628,0.3224723963160841,0.26948903703907506,0.7134615384615385,0.7708533077660594
345,ID_15,SF,0.7075298037311638,0.68,0.806225774829855,0.6363636363636364,protB_SF,6,1.099236589652719,2.6662470772862434,1.8253523157909513,1.6382640296797035,1.0614946943405812,1.5290583887690445,2.03216136287665,1.050267048412934,3.670310245070141,4.905568089270673,0.7594973858431331,0.9075012530956883,0.433634555520257,1.0377163143857615,0.6842725921387682,1.0399735394416674,1.5392751989917608,1.3691600645780915,0.23226450006120067,0.9370763677594874,1.947726457036039,1.7873768763951057,0.9996990533859791,0.8587805081348129,1.7201800861363092,0.7277052574316315,0.6731685744288474,0.42200116676777993,0.29391268057371167,0.18071276321733584,0.8307692307692308,0.7353787152444871
346,ID_15,SF,0.6851145362492407,875,0.8470102754143884,0.3333333333333333,protB_SF,6,2.662918639543932,2.6348633982706815,1.4897410219418816,1.7797641776269302,1.0077340891712083,1.7611921666684793,1.5502003661822528,1.607995931408368,3.8597579004999716,5.447666193504119,0.5739409025409259,0.8429058361798525,0.8436138305114582,1.350815260593663,0.6179778063142294,2.5193529299153115,1.5211568035987346,1.1174247821428107,0.2523256504778243,0.8896170701395748,2.243420267100704,1.363470607654481,1.5305745456896644,0.9031075385305417,1.9102714979086117,0.5499160629373793,0.6252528227188217,0.8209816681932787,0.3825917822598395,0.1632046618102517,0.6038461538461538,0.675934803451582
347,ID_15,SF,0.8953900709219859,0.75,0.9361702127659576,1.0,protB_SF,6,1.55756310596189,1.5931103844195604,2.0112106867600232,1.6128422521433095,1.111049274186371,1.5411860549647827,1.6688813775544986,0.7007964377407916,4.53336679856875,6.072635529562831,0.9715718952065799,0.9808994582272135,0.737570364435669,1.2555906778288772,0.7053323449781601,1.473590336656,0.9197329553153006,1.5085686910646052,0.22866033349025297,0.9808226303977452,1.9631747724731998,1.4678558692134631,0.6670546662245525,1.0607187902073278,2.129422427376978,0.930902448505162,0.7276140806421761,0.7177830973174113,0.35562129717743257,0.18627453227253837,0.971153846153846,0.716203259827421
348,ID_15,SF,0.6833341075177662,0.75,0.800002322553299,0.5,protB_SF,8,3.49036292755045,2.6376075111329556,1.3531474105548114,1.7183422396556125,1.037178963997576,1.159378622105578,1.532152105937712,1.493873176514171,3.1338571243395563,3.7640009977621958,2.0895056732115336,1.5997257141862065,0.4790930324816145,0.85159069931251,0.5154858104106097,3.302187283310327,1.5227410321978454,1.0149686611135738,0.24361756957191116,0.9156106963899312,1.476825497693995,1.3475963549452428,1.4219465446399042,0.7332610144543233,1.3198796638271413,2.0020401546758024,1.186648585687793,0.46624010038819563,0.24119627080810957,0.13613706915757556,0.9692307692307692,0.6567593480345159
349,ID_15,SF,0.5327650464645511,0.8125,0.7857951393936532,0.0,protB_SF,8,3.2854974233487155,2.1406974410638213,1.6841351898619905,1.5493217688344885,1.0486733420975725,2.1356316392484587,1.6870454273885116,1.193032061564736,2.6809691262315027,2.6119806084352604,1.353147265035659,0.9005959364003502,0.459139311715262,0.6673004995718657,0.41077289233726333,3.1083666758817756,1.235865388337717,1.2632359382690028,0.21965473180939718,0.925757812656292,2.7203841768241044,1.4838319640492814,1.1355902524102288,0.6272941181501773,0.9159137017854615,1.2965052904725352,0.6680463311482749,0.4468216907214276,0.188999706238053,0.10848294273635041,0.8134615384615385,0.7440076701821668
350,ID_15,SF,0.7942397666996612,0.75,0.8066323435772447,0.8260869565217391,protB_SF,8,2.522063998185331,3.7770151684526354,1.1001097955158912,1.486200189901865,0.994084270928397,6.605369970202446,5.441255925688893,1.7896468634717166,3.0573917283618357,3.1931634071042936,1.8687096489884425,1.061917075276142,0.441382457211148,0.8732951173442416,0.5257698250034082,2.386092173041516,2.1805427653510234,0.8251702346124119,0.210705684703281,0.8775671539527617,8.413971594526146,4.785828132445654,1.7034793941325646,0.7153696136658808,1.1197105013573687,1.7904865263920426,0.7877115334957193,0.42954121059485756,0.24734361916870135,0.13885302288037954,0.7538461538461538,0.6893576222435283
351,ID_28,SF,0.7496580226825861,0.76,0.7746883537620438,0.7142857142857143,protB_SF,4,2.1865325870749075,1.4860929077258334,0.8580751236877404,1.612460062460741,0.7769751782689127,1.7056133219739422,1.757393780280836,1.369080193398986,1.6595697452430613,0.8773605603664691,1.4166853943606839,1.6451709670946002,1.9191106548532844,2.560036864451831,1.1766266982249363,2.212492469221079,1.14662213887405,0.7329540621318327,0.22723807892966819,0.41778307851525615,1.9216268962748242,1.2025948154675408,0.9236986515159462,0.13638310254655533,0.1791798203140664,1.5175419042230796,1.181880298552521,1.7092375604856325,0.275589459040716,0.3445631816941733,0.6153846153846154,0.5934803451581975
352,ID_28,SF,0.4731657097190653,0.5625,0.7141399863000529,0.1428571428571429,protB_SF,4,1.537354693027737,1.4493592752842233,1.0269118429278024,1.4786458214075537,0.7499177190766204,2.423232914225082,1.176972800749354,1.146223905379884,2.2208848495210987,0.793730635450629,2.024848481596564,1.259404030861333,1.6428773815277964,3.247060827561654,1.2517584605120646,1.5556071292748703,1.1182796335166512,0.877171690388177,0.20838012903170092,0.40323415994704365,2.730132019914232,0.805409353333034,0.7733407296662191,0.18251186311664508,0.16210041693509528,2.169001270682217,0.9047477993252547,1.4632130360373985,0.3495479886894626,0.36656475542949435,0.7230769230769231,0.9108341323106424
353,ID_28,SF,0.6123725465122362,0.6875,0.7496176395367088,0.4,protB_SF,4,1.4843179415038321,1.1750977573683485,0.6984396459301934,1.4098859483056003,0.6180279534646616,1.2776267212757375,1.7172993393614888,1.3199462773627602,1.702818462945288,0.8559608514815409,1.0143433446501149,1.2434531599865295,1.552403686218895,2.9036127616564045,0.9905063377573242,1.5019406922721779,0.9066681476878251,0.5965959873517404,0.19869005246181,0.3323164345896075,1.4394363830141237,1.175157955658596,0.8905487073379624,0.1399372733298543,0.17480944379386681,1.0865563638220437,0.8932887957269975,1.3826335041240971,0.3125756044219903,0.2900597239046009,0.7538461538461538,0.7737296260786194
354,ID_28,SF,0.7594136052572841,0.76,0.790968088499125,0.7272727272727273,protB_SF,6,1.7503354665677762,1.6300775605486706,1.4763925937586464,1.3899950554332463,0.913825155748782,2.0605575355148176,2.310615629539825,1.2622180220205337,2.42429140052991,1.0722255476594,1.8453655720804818,1.5202089853119105,2.0508642483036965,3.0968661958468147,1.1215072393042647,1.7711165437385263,1.2577161288436312,1.2611109668884266,0.1958869019282013,0.4913679322987001,2.321524304808129,1.5811677540925475,0.8516002864411575,0.19922777191432736,0.21897631332495124,1.9767406337286968,1.0921084102253988,1.8265826390952942,0.3333794491344764,0.328422007804766,0.8346153846153846,0.8360498561840843
355,ID_28,SF,0.4840122153064471,0.6875,0.7645366459193415,0.0,protB_SF,6,3.768330674574827,1.4201375961420126,1.0076641265186481,1.6221679416048573,0.6791556097027751,2.180611385483644,1.9753999658860266,1.4777012838749215,2.630355393193895,0.912384095897778,1.2688415590673685,1.6238328535109758,1.2504444748628885,3.0589067664550385,1.1043042011351645,3.8130706527384426,1.0957331129960683,0.860730598531067,0.22860617470986622,0.36518505268688034,2.4567828092588604,1.3517777199994783,0.9969837339257049,0.21616206872420854,0.18633253618340295,1.3591727869640504,1.1665511342546007,1.1136964188762621,0.3292930944585589,0.3233842727480197,0.948076923076923,0.6241610738255033
356,ID_28,SF,0.8570883036319633,0.75,0.82126491089589,1.0,protB_SF,6,2.026695183303673,1.9236103944422211,1.5295471821445972,1.9644232343125623,0.9235519297590145,1.2528003098850604,1.5854124649195,1.3642161356983706,4.181169548246544,0.964021125923864,1.7512108461232856,1.3675244699697942,1.999947737203911,3.355513617862016,1.37111077060581,2.0507573758434883,1.4841967506668243,1.3065147670953254,0.2768389570460202,0.4965980628146722,1.41146574086934,1.0849069981260113,0.9204169419706494,0.3436076590921011,0.19687815924829374,1.875882854937827,0.9824208311310669,1.781234335181422,0.36122299471197655,0.4015158675965827,0.8057692307692308,0.9271332694151486
357,ID_28,SF,0.5255361496495913,0.6875,0.889108448948774,0.0,protB_SF,8,6.193115223140921,2.551253572164569,1.3048065011389554,1.5650237637601094,0.7181364459256656,2.9212995323177893,2.089162095217034,1.2364484355202876,2.091546313749859,0.8618817718115679,2.3493761218560394,2.0736768638016656,2.4303213722305372,2.657174572959775,1.1264532999462062,6.266643759720144,1.9684663135914022,1.114544867814917,0.22055305544337153,0.38614522518117045,3.2912780880956864,1.4296258087233127,0.8342139182684467,0.17188284867608186,0.17601864955117258,2.516632646803401,1.4897161935817462,2.164542499392767,0.28604638992006537,0.32987041144392426,1.0115384615384615,0.7718120805369127
358,ID_28,SF,0.8371071506315103,0.8163265306122449,0.8092806355680002,0.8857142857142857,protB_SF,8,2.020958774664905,1.6384572300012223,1.1951078413403593,1.5726791789347772,0.8030029212022782,2.1279020020301687,1.3536535116145387,1.3366566636250354,3.592661571019562,1.075624449526913,1.6080569748737616,1.9287006289232522,1.7692661422188394,2.890585717977956,1.2110101871485313,2.044952860974296,1.2641816159345063,1.0208420251497583,0.22163190500882726,0.43177831397918964,2.3973978551046335,0.9263129944314089,0.9018229638287041,0.29524419377967576,0.21967045738999985,1.7225375891239276,1.3855661938624362,1.575779977630913,0.311173235585004,0.3546320373126402,0.9826923076923076,0.9022051773729626
359,ID_28,SF,0.7389100744166992,0.8125,0.737563556583431,0.6666666666666667,protB_SF,8,1.0209848987869918,1.2721774037345313,1.3344132821657695,2.10309608883108,0.944077698250112,2.317955415492179,1.0197186420555227,1.574224566866178,4.094021973287454,0.8519071708406045,1.51274306972482,1.556623901706189,1.691101184405852,3.849363925837679,1.4132354531284363,1.0331066699429337,0.9815717228134693,1.1398345071730531,0.2963816135087123,0.5076348616583726,2.611521271199186,0.697799415208813,1.0621066001893416,0.33644588918975304,0.17398157689208793,1.620438106984538,1.1182686532157313,1.5061631051124564,0.41438626791009375,0.4138516531603047,0.971153846153846,0.8974113135186961
360,ID_28,SF,0.8095553228479185,0.84,0.8029516828294699,0.7857142857142857,protB_SF,4,1.5154804132180288,1.524516977951862,0.917044271773193,1.548949057905702,0.6475907891854149,3.04907791360165,2.094211959047243,1.4204794279066846,2.2752442655473715,1.0158438426515204,1.2788099538738606,1.71906896866858,1.0699809063225985,3.4651123969524633,1.5809651301879057,1.5334731443369378,1.1762689323940039,0.7833245663412226,0.21828770614092702,0.3482125054841432,3.4352394250963583,1.4330814600003166,0.9583769733795048,0.1869791088178471,0.20746170436179837,1.3698508506307674,1.2349681501555259,0.9529682665582717,0.37302136709499567,0.462969586043635,0.6211538461538462,0.6538830297219559
361,ID_28,SF,0.4940856162606714,0.5625,0.7768997059248713,0.1428571428571429,protB_SF,4,1.2415170003805542,1.6507593099959195,0.917833465791773,1.3460540558298817,0.7769698191850694,2.157422132768261,1.661538946791552,1.484930340666324,2.7387493100832216,0.7999884165883486,1.0580213956927764,1.817699521780014,1.3628247870656196,3.334124747198075,1.6651439207180374,1.2562570665487258,1.2736735105548131,0.7839986832638091,0.18969445811605512,0.4177801969115592,2.4306566696771044,1.1370007937490296,1.001861074232099,0.22506985866489265,0.16337841842099862,1.1333439378422767,1.3058237085681603,1.21378686972663,0.3589204703313249,0.4876204901409043,0.7634615384615384,0.9645254074784276
362,ID_28,SF,0.6679676787479222,0.72,0.712474464815195,0.5714285714285714,protB_SF,4,1.121944497754157,1.9330363284097984,0.6631824981013779,1.7730369545461144,0.78362118779296,1.4893537136231316,1.793388742953539,0.8270055514003616,4.1026358740055,0.8442945420483738,1.7262919936911203,1.1219695152249187,1.1412247331463732,4.594492002070183,1.0537822631135896,1.1352649244006252,1.4914695022630409,0.5664798949410287,0.24986759101959338,0.42135666798948407,1.6779783068607659,1.2272263783983157,0.5579687123573001,0.33715377779059225,0.17242688031609887,1.849189982320172,0.8060157224647917,1.0164208999184043,0.4945997391676398,0.30858943617297724,0.8134615384615385,0.7325023969319271
363,ID_28,SF,0.514542338634135,0.75,0.793627015902405,0.0,protB_SF,6,2.019832540099742,0.8757268078625202,1.423872308805585,2.0566477614920586,0.837341309193107,1.4723073891218519,1.0910785058513284,0.9709827972983476,3.0206388200895162,0.9534565009516882,1.3553331400544266,1.4341644564410672,1.4808507112320513,4.284454422304407,1.0876916452389196,2.043813255048124,0.6756830210819612,1.2162489785403336,0.2898358212005865,0.45024222099617106,1.6587730888771388,0.7466313862765562,0.6551080826631213,0.2482354809957312,0.19472058835929767,1.4518218670158687,1.0302945711140283,1.3189055309075906,0.46122401318635053,0.3185194544294163,0.928846153846154,0.7641418983700863
364,ID_28,SF,0.517300268976444,0.6875,0.864400806929332,0.0,protB_SF,6,0.7915630571915244,1.4548503604601137,0.6101879771449603,2.253163249406498,0.8150952485266316,2.775145610939944,1.7435459012631327,2.241081354441121,4.407545246067457,0.8067442161063809,1.2258397264304222,1.8112101242877543,1.5136232104850933,3.3258650364587083,1.1202810396753193,0.8009609887830426,1.1225163806247132,0.5212128217752159,0.31753002770729233,0.43828041324475203,3.126613974197546,1.1931186310751898,1.5120252524400644,0.3622111676812721,0.16475812819871333,1.3131095726154598,1.3011617669225921,1.3480940441038602,0.35803130766101227,0.3280629276936492,0.9730769230769232,0.7123681687440077
365,ID_28,SF,0.8033446358058205,0.7222222222222222,0.9378116851952388,0.75,protB_SF,6,0.7378627724392572,2.084312647639308,1.3534929894376546,2.062570089037763,0.905635223716672,2.980590310471598,2.1032247022958472,1.209555339301005,2.7178600030310918,1.0854915728941705,1.86159504664829,2.214244901551865,1.8459933198755607,3.1472742412006482,1.2731711295828063,0.7466231406705834,1.608189510691972,1.156132088309205,0.29067043308686435,0.4869641686870634,3.358077961509881,1.4392489327804807,0.8160695342998442,0.2233531796798827,0.22168558033013233,1.994125515254412,1.590699372683517,1.6441163049965426,0.33880590456692095,0.37283523815329256,0.8884615384615384,0.9319271332694152
366,ID_28,SF,0.546113379671778,0.8125,0.8258401390153339,0.0,protB_SF,8,2.197699559474131,2.754287386778742,1.6939136767177843,2.9020673609920777,0.8242197084200598,2.5151481586362934,1.9701242999872193,1.1204568290850148,3.695304967550328,0.9260063632154925,1.5204887567961123,1.6084150120150298,1.4898261215421371,5.335278696293244,1.3426794671431708,2.223792022899506,2.1251207633679767,1.4469140008570867,0.4089777026972956,0.443186676727401,2.833688203231236,1.3481675510497333,0.7559560550928555,0.3036794071323583,0.1891145570771148,1.6287352241528767,1.1554750555523097,1.3268993943067502,0.5743458581240979,0.3931900490548324,1.0269230769230768,0.8216682646212847
367,ID_28,SF,0.8461988805680573,0.8163265306122449,0.836555825377641,0.8857142857142857,protB_SF,8,1.9560834916774184,1.4296956651378423,1.7243112160940655,1.9126991828670725,0.9270130467484705,2.723785544731072,1.8621739582158625,1.726006950775627,2.825208990543615,0.9949569706577677,1.7575359024704085,2.496884517313447,1.400586661475245,3.8610640658589546,0.9609670421468763,1.9793073380596713,1.1031078157878846,1.4728790933642615,0.2695496763012956,0.498459121123096,3.0687492264555414,1.2742965024555832,1.1645119844882401,0.2321750975379026,0.20319606245831426,1.8826582039966508,1.7937458645925004,1.2474191222140236,0.4156457947957952,0.2814094411123648,0.9653846153846154,0.9367209971236816
368,ID_28,SF,0.7256432596721983,0.75,0.7602631123499285,0.6666666666666667,protB_SF,8,2.1083856554469094,2.0561640267260373,1.291269640205428,2.559500184361241,0.98165515078108,2.521224378142506,1.533118585939519,2.426195136649767,4.4602555863093585,1.0024441775158266,1.4295039254648145,2.1926619665464386,4.084195927134715,4.9818675506685395,1.0410272942635856,2.1334177283543165,1.5864709278563125,1.1029818974690324,0.3607009677044579,0.5278404283743213,2.840533967555646,1.0491219916876922,1.636918850220214,0.36654289267148765,0.20472514461687502,1.531273010775416,1.5751943302423042,3.637550062778835,0.5363009425238191,0.30485427305284957,0.9807692307692308,0.9424736337488016
369,ID_28,SF,0.6073453637232124,0.6875,0.734536091169637,0.4,protB_SF,4,2.133944895831519,1.3460510672302917,1.014242196106352,1.5826160142751178,0.7875057911519434,2.4875673261703923,1.7972964706132188,1.3686237289221026,2.603252429253189,0.961135213401576,1.4187758515618043,1.4027802753844298,1.3023979554418474,3.3202300473931246,1.4350405764389507,2.1592804240233576,1.038570297804043,0.8663494804823026,0.22303226674549784,0.42344543684017333,2.802614296381829,1.2299004592312635,0.9233906815198897,0.21393475268579792,0.19628878093503827,1.5197811850219873,1.0077483762084918,1.1599682897446495,0.35742469780712754,0.42023706212343553,0.6442307692307693,0.6711409395973155
370,ID_28,SF,0.4202093658677904,0.5625,0.6981280976033711,0.0,protB_SF,4,0.8928671604735428,1.5325813656090759,1.1594760726438835,1.8881061987485737,0.7633132169075907,1.652817543799756,1.64605796453543,0.9336866933153942,3.208884474588558,0.9960650679659011,1.448110642741085,1.880290059489198,2.29644107457716,4.793315813003574,1.6848969671627856,0.9034678377262372,1.1824911580544268,0.9904059375787966,0.26608387730488076,0.4104369799065382,1.8621446056276916,1.126407067284047,0.6299449394652613,0.2637054704162277,0.20342236471707878,1.5512043754094915,1.3507883504648828,2.0453032920133247,0.5160032381798618,0.49340496922966115,0.9,0.9741131351869609
371,ID_28,SF,0.665654846850912,0.8125,0.7844645405527362,0.4,protB_SF,4,1.8488215628167382,1.7674560367595404,1.269745291210711,1.8387689069641056,0.664497545812992,2.5457407609792426,1.1977579270023853,1.7861141095636413,2.0937858353136107,0.7731401809678573,1.4068067921471084,1.5725628763902932,1.3949647545814514,3.8296564598567784,1.0410913191662985,1.870771928507025,1.363713002531172,1.0845961424285888,0.2591309538398582,0.35730334522926144,2.8681553164578233,0.8196327364764175,1.2050654172138302,0.17206689210056575,0.15789531118830064,1.50696002565362,1.1297191106666906,1.2424120245773531,0.41226474772256994,0.3048730220955321,0.7980769230769231,0.7555129434324065
372,ID_28,SF,0.5033317859124732,625,0.8849953577374196,0.0,protB_SF,6,0.8607642694187234,1.8978512816829607,1.723646608297713,2.1962800456094556,1.026008758685748,1.5079476943355985,1.7643520259298384,1.6224079736275598,3.4655300587473903,0.956700000415367,1.5367705800599651,2.0485920686041936,3.2827203976921737,4.291519122489262,1.2171506539289112,0.870983801074384,1.4643218365117465,1.4723113960023249,0.309513686555575,0.5516895645783321,1.6989271895797047,1.2073563835555436,1.0946152494748418,0.2847965520792814,0.1953829952161183,1.646176181177214,1.4716954371800728,2.923723543568545,0.46198453227467473,0.3564302106620355,0.9673076923076924,0.7929050814956855
373,ID_28,SF,0.4915534343108595,0.6875,0.7871603029325785,0.0,protB_SF,6,1.3897775679652113,1.5089115768205374,1.1498328458401375,2.17273711496091,0.8119304076217304,1.7863112643681234,1.751228017383255,1.365283751511015,3.426421262702206,0.9666306334565888,2.4709489844099153,1.9525403913576156,1.6933190927375108,3.715386694238987,1.0645740550216942,1.4062778763013586,1.1642282999879392,0.9821688473022623,0.30619586774102053,0.43657866393120703,2.01254512174883,1.1983755479492229,0.9211372469544126,0.281582599211804,0.19741108848165995,2.6468605111381756,1.4026925266916044,1.5081384639676625,0.3999635409201985,0.3117497028587899,0.9826923076923076,0.7535953978907
374,ID_28,SF,0.8343453583130626,0.75,0.9530360749391876,0.8,protB_SF,6,0.9136888456851011,1.3510290591511875,1.0759154465631582,2.147475743186078,0.8113441751333994,1.7786837106541498,0.8465516584692523,0.978495241724886,3.6763248244824354,0.9186888287331385,1.2113441771361977,1.678994252870325,1.1156465843669139,4.594318259478314,1.0035601270601546,0.9245367310047468,1.0424111584352738,0.9190297857368342,0.30263587532515834,0.4362634440624768,2.003951548879342,0.5793002381844566,0.6601766205178353,0.3021196228534532,0.1876201264257729,1.297582057779575,1.2061787306852236,0.9936399662025819,0.49458103567646333,0.2938823935602649,0.9076923076923076,0.9376797698945348
375,ID_28,SF,0.5618493685208357,0.8125,0.8730481055625071,0.0,protB_SF,8,1.6361130565201165,1.3250571937533095,0.9424396339454688,2.5565010928403353,0.8487094074780543,2.8011285394313745,1.9305574169266038,1.150105286797043,3.2186347252718406,0.9109901465080839,2.1764504490420222,2.255233033793047,2.556402367190458,7.2958212258527055,1.485805702259313,1.655538013813753,1.0223720910941638,0.805016878995018,0.36027831674297933,0.4563548990213956,3.155887604738455,1.321091702160987,0.7759594417024717,0.26450674402500757,0.18604785550312714,2.331396068621789,1.6201449846832656,2.2768353323797066,0.7853994029578368,0.4351031137761452,1.0403846153846157,0.8446788111217641
376,ID_28,SF,0.8099300810667125,0.7551020408163265,0.8461167738123826,0.8285714285714285,protB_SF,8,1.8979489941557404,1.0333724494557828,0.8767177205299959,2.834267357684439,0.8016003311013264,1.9223039089411031,2.424759164568968,1.1905814171768725,3.5572936012613354,0.9349436063530447,2.653447532793507,2.081134094623849,1.9309612907818519,8.366268397367094,1.2792726857355774,1.9204826314310215,0.7973173965695984,0.7488782705222273,0.39942289705482836,0.4310241349183138,2.16576104715245,1.659276840960517,0.8032681028245133,0.2923376612520578,0.1909397743159896,2.84235147598783,1.4950734205002723,1.719792216098389,0.9006336642396494,0.37462201692047176,0.9788461538461538,0.9415148609779482
377,ID_28,SF,0.7389100744166992,0.8125,0.737563556583431,0.6666666666666667,protB_SF,8,0.6909617691235326,1.2630595592781901,1.3653061832883395,2.4020728742470965,0.8138057520454822,2.088208088025567,1.5574048593407497,1.4146653047646396,4.6829432976664975,1.148102021033992,1.8301186100870837,1.2811739507014863,2.2308292536763474,3.600484244088875,1.1837450174141395,0.6991652993155766,0.9745366833094792,1.1662227297700583,0.3385153146428806,0.43758704513635316,2.3526767616498843,1.065741230248261,0.9544542683897251,0.3848433232866712,0.23447226046399938,1.9604082117038901,0.9203871704755878,1.9868667508936573,0.3875942252595419,0.34664770919286664,0.9769230769230768,0.9568552253116012
405,ID_32,SF,0.7414953751083585,875,0.7494861253250753,0.6,protB_SF,4,0.7822143625162425,1.0102350424858741,0.7041315802780446,1.0853427247639047,0.7346116253756918,0.6544860816575238,0.8009305674931966,0.8146301042870618,1.8123559220839525,1.0907655137089023,0.6809715250710724,0.8419956939178519,0.9359708928968757,1.5077420812303899,1.0427560882817488,0.0033034081264742467,0.014399415262823782,0.021686741188771664,0.03529930853433162,0.09482331962882765,0.002211416019762714,0.006837267884199702,0.017042431349166873,0.03986446280366013,0.11049591627838541,0.00250059792875395,0.009165185293777682,0.02445073581035958,0.03795239640660559,0.10602566068329602,0.7903846153846154,0.6011505273250239
406,ID_32,SF,0.6578289043512582,0.6388888888888888,0.7049681945352559,0.6296296296296297,protB_SF,4,1.0793850806294358,0.9842586441664025,0.6968045272515155,0.9582339853295707,0.7418077184411231,1.1590034355322132,1.0002530325436965,0.827748554002028,1.3549364521168172,0.8284181866429208,1.0376306854595896,1.0291010003129486,0.7334434412769042,1.2652948607865255,0.7590752190935746,0.004558404470452687,0.01402915989580129,0.021461073277953067,0.03116526819082764,0.09575218790323485,0.003916108892346365,0.008538814989780583,0.017316875268558324,0.029803093938979633,0.08391980260132875,0.0038102872841870804,0.011201840368081917,0.019160031525123966,0.03184959332608375,0.0771814737090925,0.8576923076923076,0.6442953020134228
407,ID_32,SF,0.759139785491045,0.6,0.8202764993302779,0.8571428571428572,protB_SF,4,0.7490680609407718,0.8648189468658529,0.9983802556234878,1.355908194454969,0.895068217005246,0.7648600167158293,1.38823279121425,0.8269384052255191,2.8323240658210125,2.2670316420771996,1.437660859664902,1.5613092837156728,1.578413364768494,3.4051042239298113,3.8344144850270823,0.00316342634240837,0.01232672261341942,0.030749386646081935,0.0440990855775129,0.11553498025203149,0.002584353955331997,0.011850864312583162,0.01729992658861929,0.06229961565165618,0.22965315219001722,0.0052792394917738576,0.01699496682645215,0.04123351321540225,0.08571218308567198,0.3898767254176409,725,0.6327900287631831
408,ID_32,SF,0.5046631422179252,0.6875,0.8264894266537754,0.0,protB_SF,6,4.7123896511038765,1.7226911877514794,1.6399715095758438,1.3850980694769532,0.7724115271230403,1.0084963182634965,1.4262106706155464,1.6314370586769655,1.8432439719617832,0.8774933401127782,0.8366315423700144,0.9389281331095845,1.5836269958526827,1.4191036916599842,0.8549761209906137,0.019901125592342268,0.024554430146277107,0.050509931213547445,0.04504844689995024,0.09970251298966513,0.0034075666031453105,0.012175068364319142,0.03413040339004139,0.04054387433669748,0.08889117727443879,0.003072197624948168,0.010220302051009867,0.04136971095105793,0.03572121950990854,0.08693251385934687,0.7134615384615385,0.7804410354745925
409,ID_32,SF,0.6634936109824167,875,0.7821474996139165,0.3333333333333333,protB_SF,6,0.8725264051463455,0.9978693560697138,0.930274498387007,1.0191846449743025,0.7949834858891336,0.7147675278247334,0.8984212472569197,3.339829643664416,1.949896211954183,1.832282421560194,0.66886718650494,0.9032178641064093,1.3045835003140382,2.433493220451055,2.1269169640163454,0.003684809376360624,0.01422316058324149,0.028651778795473044,0.033147606203586186,0.1026160907044629,0.0024150985112391136,0.007669512177039686,0.06987075130236782,0.04288979006014725,0.18561251021097452,0.0024561495445953787,0.009831593136381286,0.03408014795204448,0.06125510490493044,0.21626128954081142,0.7461538461538462,0.6337488015340365
410,ID_32,SF,0.7875744192597524,0.7222222222222222,0.7905010355570349,0.85,protB_SF,6,0.5037230696416373,0.9796977392397821,0.768282527133124,1.1636435592663474,0.7611697054699107,0.7338641148635361,1.0583043840597384,1.1674114648485556,1.5893955969659146,1.1455176911567833,0.777075176301878,1.1680357565637678,0.8197458082577214,1.3923130736657185,1.2605585252458695,0.002127297786241025,0.013964150901606175,0.023662543752422324,0.03784593758756327,0.09825142399106697,0.0024796231813336254,0.00903437934637307,0.024422777455939678,0.03496024201620033,0.11604238060944871,0.002853500483950164,0.012714155447580207,0.021414542205820054,0.03504685473177183,0.12817144102163464,0.7173076923076923,0.822627037392138
411,ID_32,SF,0.4544669563504164,0.5,0.863400869051249,0.0,protB_SF,8,0.6704708102915902,0.57797060435405,1.744451335980557,1.2979450311831897,0.9443030653528695,1.3851622006768594,0.6475100162788294,2.076079814287368,3.0298525125544984,2.335306383884017,1.86925868911203,0.7066333491820842,1.1680956158670597,3.2206118485191837,3.498567632959748,0.0028314984094082282,0.00823812122109748,0.05372783397227911,0.04221391185563491,0.12189019108790133,0.004680267413462677,0.005527569578043946,0.04343253155534718,0.06664443849882486,0.23656946927173586,0.006864111397038249,0.007691756177375856,0.03051462125751334,0.08106820063486281,0.3557283902710011,0.8326923076923077,0.75071907957814
412,ID_32,SF,0.5537969612987381,875,0.7863908838962145,0.0,protB_SF,8,1.6672980709699914,0.8798310882411897,2.0316556219768245,1.5231796442094492,1.0065095805202873,1.1777463405451272,1.0945340764010325,1.3931547000538558,3.006457385708927,1.6449308445771749,1.4616557746194303,0.9843236985034309,1.5552088880212978,1.9994066042272607,2.3675275606365176,0.007041248870935603,0.012540698617573636,0.06257351735470533,0.049539363914618606,0.12991977851472558,0.003979438520835146,0.009343659728410267,0.029145428347772503,0.06612984081270933,0.16663356019398315,0.005367351303247411,0.010714436131927147,0.040627333541580025,0.05032841688659018,0.24072616465469598,0.6461538461538462,0.775647171620326
413,ID_32,SF,0.9466666666666668,1.0,0.84,1.0,protB_SF,8,1.2362960442260373,1.2057296989951283,1.8769935923046432,1.6365918891096953,0.8191617345119084,1.0041006453320733,1.44291712786071,2.5074521618080325,2.225463522336213,1.2379483732729568,1.1704870503308484,1.3194598141126335,2.2215022836462595,1.4594541935366578,0.9076876523295141,0.005221062914374004,0.017185904171199983,0.057810039187874265,0.053227944243174105,0.10573700755089878,0.003392714245225691,0.012317685625062013,0.0524570367631234,0.048951150668607384,0.1254057247785681,0.004298149608216232,0.01436241749380679,0.058033178009874085,0.036736909302939526,0.09229213246876142,0.8173076923076923,0.7976989453499521
414,ID_32,SF,0.6606268235732258,0.8125,0.7693804707196773,0.4,protB_SF,4,0.6945602103769488,1.3182286347728223,0.5170519070816226,1.0196666307820124,0.6401923562293632,0.7004417930147611,0.953487258811947,0.8761183707974851,1.2949223200848792,1.0628072710687775,0.7864274011808448,0.872656142746564,0.831866778753465,1.1247271522734081,0.8291168369396473,0.002933231545255898,0.018789411102520283,0.015924823149690508,0.033163282142022334,0.08263572522096099,0.002366693876913792,0.00813959171651157,0.01832879377951219,0.02848302700017978,0.10766371119009871,0.002887842821772799,0.009498926542973372,0.021731183086007386,0.02831126839513502,0.08430318595888016,0.7211538461538461,0.5541706615532119
415,ID_32,SF,0.840237837484945,0.828125,0.819861239727562,0.8727272727272728,protB_SF,4,0.7460549813913531,0.9402116775163449,1.2310356687521562,1.1283695766906021,0.87588693725138,0.6991805821598973,1.0811121028382331,1.2484220642363653,1.9721813332580496,1.0614653990614897,0.44947527021577116,0.931366033910308,0.47740511945448816,1.5706661706644809,1.2448069812762697,0.0031507016572757105,0.01340133514493813,0.03791500436868972,0.03669869887138104,0.1130590697734019,0.0023624324235889467,0.009229080971514108,0.02611755594663869,0.043379972136674216,0.1075277778706913,0.0016505197182956702,0.010137988042907518,0.012471441728456566,0.03953630125044898,0.12656985089434922,0.7942307692307692,0.5819750719079578
416,ID_32,SF,0.7576262541783444,0.84,0.7185930482493189,0.7142857142857143,protB_SF,4,0.7840717953513376,1.467824899009429,1.777775862137787,0.9899479591695126,0.6722323788608264,0.6234274251255556,0.7869893961469643,1.7022012325469404,1.7853495046438184,1.132256724531544,1.0343148933316115,0.8113590556604322,1.0635206090228166,1.5250923297571717,1.0170225571073388,0.0033112523428628277,0.02092168590978637,0.054754205170862366,0.032196722423562606,0.0867714361217303,0.0021064732065662023,0.006718256914981663,0.035610822010483864,0.03927043140486932,0.11469902803772086,0.003798111352269024,0.008831703224408472,0.027782767217906092,0.038389131255383034,0.10340911912085174,0.8211538461538461,0.8312559923298178
417,ID_32,SF,0.6260610634014285,0.1875,0.6906831902042856,1.0,protB_SF,6,0.6586984927707817,1.083288065274246,1.163641041785013,1.1608964232436847,0.6332803272925958,0.8319739672515425,0.9415673121111467,2.36395861429628,1.429932637620368,0.8638951372859083,0.88650236648391,0.8585891482653096,1.259507811482763,1.305313540797215,0.7282818917246914,0.002781782153571944,0.015440678698653376,0.035839298813808755,0.037756590692949094,0.08174352380933805,0.002811122513936581,0.008037835244644307,0.049455086651474064,0.03145270514999661,0.08751366225199803,0.0032553284533208293,0.009345806269463014,0.03290261800165005,0.03285693060634018,0.07405046069884699,0.5923076923076923,0.7190795781399808
418,ID_32,SF,0.960246285732856,1.0,0.8807388571985678,1.0,protB_SF,6,1.2134953467466403,1.0117938873008825,0.9054765178007074,1.0373254572186852,0.6746010192273388,1.1492873472889187,1.4654021506430581,1.4081820409046486,1.5381570810859557,0.9975128355108609,0.8557973469578428,1.348659789073281,0.6208669947227463,1.3682317849088577,0.9342539490262425,0.005124772162181177,0.014421634303816828,0.02788801900676011,0.0337376116588834,0.08707717909502545,0.003883279602629104,0.012509632505833989,0.029459807135718597,0.03383320295862787,0.10104930287394304,0.0031425764432845508,0.01468026137712018,0.016219152728513722,0.03444068831361595,0.09499334820927122,0.7769230769230769,0.6778523489932886
419,ID_32,SF,0.8033446358058205,0.7222222222222222,0.9378116851952388,0.75,protB_SF,6,0.6323651041384437,0.8801976873655804,2.7740668156184256,1.2050731311319396,0.8281113850898691,1.0070993303088471,0.972422247286886,1.6053209692472592,2.5546504148223903,1.4375925459262362,1.6269313782686368,0.9680731091066264,2.322214932064526,1.7448579092160799,1.3468108948018198,0.002670572318807674,0.012545923949110442,0.08543924282862138,0.039193378544563215,0.10689222419600194,0.0034028463781796345,0.008301233179382186,0.03358404295127024,0.05619192411220242,0.14562993017350645,0.005974260427847929,0.010537547266543776,0.0606641341410152,0.04392099939913446,0.1369414348585812,0.8769230769230769,0.8926174496644296
420,ID_32,SF,0.733613379671778,875,0.8258401390153339,0.5,protB_SF,8,1.2304928332014242,0.9732359976624139,0.7887804240453988,1.2871034177805996,0.9517329285699816,1.097953043426969,0.9964931814465672,1.4117273676674813,2.614083372463938,1.7308999676970416,0.5163054584045312,1.1402394156903028,0.6738136398780625,2.4614940703031607,1.8842174404198886,0.005196555087137638,0.013872048275602802,0.02429386408757203,0.041861302999670794,0.1228492343024358,0.0037098282411636586,0.008506718438345126,0.029533976979980392,0.05749920757696946,0.1753423403226095,0.0018959270870481425,0.012411590224937671,0.017602298767094782,0.06195993324827796,0.19158401589454838,0.6826923076923077,0.8370086289549377
421,ID_32,SF,0.5663214237683324,875,0.823964271304997,0.0,protB_SF,8,0.9504635727353161,1.1157127446494997,1.0863955176318996,1.5275494315574178,0.8924967374923654,0.7571519827251905,2.008725547057111,2.0053428306709975,2.5754954149306286,1.5205589204470016,1.35889031298575,1.2205125240143389,1.2446282016753685,1.8782492807076778,1.2300116584356147,0.004013949679972021,0.01590284483173396,0.033460192781328175,0.04968148535543714,0.11520305489808115,0.002558309597284527,0.017147796860907952,0.041952681767345325,0.056650429376721136,0.15403452809831233,0.0049899858906748305,0.013285368935697985,0.03251391210158108,0.0472786838937787,0.12506548770066317,0.8365384615384616,0.9069990412272292
422,ID_32,SF,0.6459450056110759,0.8125,0.7920016834998942,0.3333333333333333,protB_SF,8,0.8465950922982302,0.889624745468609,2.5552032311679795,1.0500300168132526,1.014916281292244,1.000611409835983,1.2994794233236462,4.736077717097942,1.9761371349886758,1.3406813657184102,0.8948266613515443,1.172706310171634,1.6384793343604542,1.6032003695727326,0.9809150537876121,0.0035752975677087705,0.012680292802519302,0.07869840341086733,0.03415081032755185,0.13100491145679616,0.003380924611360236,0.011093207436292019,0.09908089442459186,0.04346698369385658,0.1358127059212725,0.0032858961257388073,0.012764994768434016,0.04280264016671219,0.04035524159118001,0.09973776976301042,0.8365384615384616,0.700862895493768
423,ID_32,SF,0.5652892457160901,0.75,0.7458677371482704,0.1999999999999999,protB_SF,4,0.9927053106366657,0.9542737097945064,1.019311326672323,1.358680513476429,0.7691021535265463,0.8393639491259819,0.6975224532652646,0.8430890520685352,1.7302096839557635,1.012524220072919,1.100779555599729,0.7001352387305815,0.9098624504986219,1.2211834091431228,1.0556183244716522,0.004192342850625181,0.013601768740781554,0.0313940484299784,0.0441892515152036,0.09927534061793597,0.0028360922188102175,0.0059545084952189594,0.017637805447524985,0.038057579500872483,0.10256997498077541,0.004042176472004595,0.007621023765348502,0.02376869469952556,0.030739234120963566,0.10733347092312522,0.6346153846153846,0.6251198465963567
424,ID_32,SF,0.6938475528507589,0.7346938775510204,0.6218487810012564,725,protB_SF,4,0.8253555879491614,0.9536036450299434,0.6473978137364611,1.1705506385624176,0.7415430187052152,1.097088925234857,1.0191423207288608,0.8537948233424686,1.7983030593313742,1.791679073448904,1.0829529633156199,1.0546934208832681,0.9984666830860078,1.8059459689538926,1.474462432497603,0.003485599967369015,0.01359221795270536,0.01993938239090938,0.038070581027446385,0.09571802058706853,0.0037069085078544864,0.008700066325046812,0.017861775039387254,0.03955535694997057,0.18149934005924145,0.00397671537987195,0.01148041575550682,0.02608333792092809,0.04545868829681908,0.14992082550758323,0.7269230769230769,0.6807286673058485
425,ID_32,SF,0.7906777980336891,0.8055555555555556,0.8064778385455118,0.76,protB_SF,4,0.6984351011851686,0.890004237589892,2.0535093353828415,1.2435321950761136,0.6812041356170084,1.0613277158881829,1.269876753212884,1.5278795835911296,1.8494546411602641,0.977506134631767,1.229657318617683,1.009387313388288,1.9841952889692038,1.3727017067139968,0.8719181909100371,0.002949595788100912,0.012685701904771267,0.06324659585299217,0.04044420773715978,0.0879295062218168,0.003586076432961402,0.010840499656305095,0.03196393403105794,0.04068048381181868,0.09902259895127664,0.0045154289581955595,0.010987255430423478,0.05183391404041388,0.03455320374073512,0.08865515463482236,0.7923076923076923,0.7018216682646213
426,ID_32,SF,0.5596566170104812,875,0.8039698510314434,0.0,protB_SF,6,0.42647431746445363,0.9011270885821432,0.7926804391900077,1.0426144017401384,0.8113435726500029,0.8201107034437882,0.7883674334152602,1.3196582294767722,1.621205621631816,0.9093988242057094,0.9656937727413606,0.6055757694412023,1.0409029237052891,1.294433104703785,0.8577127217677116,0.001801064763772322,0.012844241792627291,0.024413981721040517,0.03390962744728273,0.10472784293175429,0.0027710382212886783,0.006730020743633177,0.027607848840675586,0.03565993324661782,0.0921232428786826,0.0035461274943553653,0.006591736960702451,0.027191916527422446,0.03258305178526382,0.08721076675921374,0.7576923076923077,0.7468839884947267
427,ID_32,SF,0.5117419787388231,0.6875,0.8477259362164693,0.0,protB_SF,6,0.7201992139016511,1.0840394534170628,1.9805521806119941,1.1127294255857123,0.8052023948721398,0.6701469101244584,0.5971347782178782,1.462151289160829,2.281418261190993,1.9423624739829393,1.1386650257918518,1.0429103422211483,1.1458925728220493,2.7833017957163975,2.28899005560379,0.003041508887959951,0.015451388631923316,0.060999568482397945,0.03619002404749518,0.10393514262153261,0.0022643317469647744,0.005097533553284556,0.03058886829308529,0.05018192745951499,0.19676375775552243,0.0041812958401491055,0.011352156074311797,0.029934602430219094,0.0700603733126851,0.23274060508511935,0.8865384615384615,0.6768935762224353
428,ID_32,SF,0.8343453583130626,0.75,0.9530360749391876,0.8,protB_SF,6,1.5137537138798507,0.8146710315486416,2.997918229084462,1.2812062013836112,0.7800082867106539,0.4562855779113306,1.3233901117928326,2.4898852134356275,1.8938590546895284,1.3730972015082443,1.0959953760902863,1.7866060079541057,1.6278917028103024,1.9011205877177417,1.2829296689460534,0.0063928081093083166,0.011611937809043021,0.0923337037568781,0.04166950398877652,0.1006830991084204,0.001541724514636521,0.01129732473308986,0.05208952823369939,0.04165720039926485,0.13909647079329182,0.004024608469626153,0.019447338303696105,0.04252605530295755,0.04785439304243811,0.13044610076009888,0.7634615384615384,0.7535953978907
429,ID_32,SF,0.4701086956521739,0.5625,0.8478260869565217,0.0,protB_SF,8,1.1972784832323669,1.2225751270307228,2.3145411105360836,1.8794937514030607,0.8925130821353378,0.8750715578571544,1.459850071114488,2.6583678263705224,2.289990417921217,1.4045449004242982,0.9723032680994947,1.1017037322744727,1.308029270148836,1.8667034892132506,1.3227491274392378,0.00505628592453828,0.017426010981361373,0.07128618491326216,0.061127999760220486,0.11520516465683156,0.0029567431847949367,0.01246223631870877,0.05561426093061355,0.05037048006055499,0.14228216218424966,0.0035703982454722114,0.011992126465823842,0.0341701631528732,0.0469880569615736,0.13449487538940627,0.8653846153846154,0.7804410354745925
430,ID_32,SF,0.7499005380238642,875,0.8747016140715925,0.5,protB_SF,8,1.412566232829704,0.8122986109810881,1.1635464397841133,1.4064066017454024,0.7878789306232648,0.9446668109376333,0.7865945153753273,1.8336970242671669,2.2324454694171436,1.58826390259037,0.9495892863924382,1.0172120310016908,0.9133445346378721,1.5903544226603117,1.0802515982959449,0.005965478258034239,0.011578122441832827,0.03583638514090029,0.045741478177348235,0.10169903808573852,0.003191895714199138,0.006714885954092442,0.0383617736280374,0.049104725121789206,0.1608931278106422,0.0034869901534752773,0.011072428059353,0.02385965855321415,0.04003188756696881,0.10983814019464856,0.8634615384615385,0.9108341323106424
431,ID_32,SF,0.9327075991897988,1.0,0.7981227975693966,1.0,protB_SF,8,1.0356529928685632,1.3690201158169657,3.6937752593075857,1.7925840566022089,1.4664902341792185,1.7834527825471014,1.820100427721627,3.146809744066559,3.9356022753054276,5.275230959796318,0.9532016210869187,0.6795446388423443,2.12822050525574,3.892417280439986,5.090659156394395,0.0043737173296640236,0.019513368990150864,0.11376559481462206,0.058301379134862524,0.18929386277683014,0.006026035028623911,0.015537569304451514,0.06583268743680709,0.08656725127893827,0.5343875206512622,0.0035002550203932312,0.007396893565338068,0.05559634141948837,0.09797866985753165,0.5176095411339859,0.8173076923076923,0.840843720038351
