CZ_0,CZ_1,CZ_2,CZ_3,CZ_4,CZ_5,CZ_6,CZ_7,CZ_8,CZ_9,CZ_10,CZ_11,CZ_12,CZ_13,CZ_14,CZ_15,CZ_16,CZ_17,CZ_18,CZ_19,CZ_20,CZ_21,CZ_22,CZ_23,CZ_24,CZ_25,CZ_26,CZ_27,CZ_28,CZ_29,CZ_30,CZ_31,CZ_32,CZ_33,CZ_34,CZ_35,CZ_36,CZ_37,CZ_38,CZ_39,CZ_40,CZ_41,CZ_42,CZ_43,CZ_44,CZ_45,CZ_46,CZ_47,CZ_48,CZ_49,CZ_50,CZ_51,CZ_52,CZ_53,CZ_54,CZ_55,CZ_56,CZ_57,CZ_58,CZ_59,CZ_60,CZ_61,CZ_62,CZ_63,CZ_64,CZ_65,CZ_66,CZ_67,CZ_68,CZ_69,CZ_70,CZ_71,CZ_72,CZ_73,CZ_74,CZ_75,CZ_76,CZ_77,CZ_78,CZ_79,CZ_80,CZ_81,CZ_82,CZ_83,CZ_84,CZ_85,CZ_86,CZ_87,CZ_88,CZ_89,CZ_90,CZ_91,CZ_92,CZ_93,CZ_94,CZ_95,CZ_96,CZ_97,CZ_98,CZ_99,CZ_100,CZ_101,CZ_102,CZ_103,CZ_104,CZ_105,CZ_106,CZ_107,CZ_108,CZ_109,C3_0,C3_1,C3_2,C3_3,C3_4,C3_5,C3_6,C3_7,C3_8,C3_9,C3_10,C3_11,C3_12,C3_13,C3_14,C3_15,C3_16,C3_17,C3_18,C3_19,C3_20,C3_21,C3_22,C3_23,C3_24,C3_25,C3_26,C3_27,C3_28,C3_29,C3_30,C3_31,C3_32,C3_33,C3_34,C3_35,C3_36,C3_37,C3_38,C3_39,C3_40,C3_41,C3_42,C3_43,C3_44,C3_45,C3_46,C3_47,C3_48,C3_49,C3_50,C3_51,C3_52,C3_53,C3_54,C3_55,C3_56,C3_57,C3_58,C3_59,C3_60,C3_61,C3_62,C3_63,C3_64,C3_65,C3_66,C3_67,C3_68,C3_69,C3_70,C3_71,C3_72,C3_73,C3_74,C3_75,C3_76,C3_77,C3_78,C3_79,C3_80,C3_81,C3_82,C3_83,C3_84,C3_85,C3_86,C3_87,C3_88,C3_89,C3_90,C3_91,C3_92,C3_93,C3_94,C3_95,C3_96,C3_97,C3_98,C3_99,C3_100,C3_101,C3_102,C3_103,C3_104,C3_105,C3_106,C3_107,C3_108,C3_109,C4_0,C4_1,C4_2,C4_3,C4_4,C4_5,C4_6,C4_7,C4_8,C4_9,C4_10,C4_11,C4_12,C4_13,C4_14,C4_15,C4_16,C4_17,C4_18,C4_19,C4_20,C4_21,C4_22,C4_23,C4_24,C4_25,C4_26,C4_27,C4_28,C4_29,C4_30,C4_31,C4_32,C4_33,C4_34,C4_35,C4_36,C4_37,C4_38,C4_39,C4_40,C4_41,C4_42,C4_43,C4_44,C4_45,C4_46,C4_47,C4_48,C4_49,C4_50,C4_51,C4_52,C4_53,C4_54,C4_55,C4_56,C4_57,C4_58,C4_59,C4_60,C4_61,C4_62,C4_63,C4_64,C4_65,C4_66,C4_67,C4_68,C4_69,C4_70,C4_71,C4_72,C4_73,C4_74,C4_75,C4_76,C4_77,C4_78,C4_79,C4_80,C4_81,C4_82,C4_83,C4_84,C4_85,C4_86,C4_87,C4_88,C4_89,C4_90,C4_91,C4_92,C4_93,C4_94,C4_95,C4_96,C4_97,C4_98,C4_99,C4_100,C4_101,C4_102,C4_103,C4_104,C4_105,C4_106,C4_107,C4_108,C4_109
4.2426724,3.6397545,6.491481,5.558067,7.3388314,15.520636,14.742343,6.596062,3.8828826,3.026616,1.3267846,2.9225638,4.832434,6.131687,3.7703183,3.2647152,1.7015523,1.633829,2.4414024,2.6962817,2.5090168,2.172353,1.2314217,1.2508588,0.86974657,1.2608635,1.1851853,1.0519394,1.0657699,0.38462922,0.09758258,0.15709141,0.14711232,0.25968418,0.20243016,0.12150535,0.048983615,0.10048423,0.11818207,0.11543864,0.3335238,0.5692619,0.39838225,0.37249047,1.2918335,1.5249127,0.76291525,0.36348146,0.39864355,0.8391324,0.53970057,0.60850424,1.1936013,0.917692,0.98793614,0.7640226,0.7090906,0.67447317,0.3574386,0.29706895,0.33357418,0.4279311,0.6449475,0.75172603,0.3359625,0.5749887,0.70759857,0.5215814,0.7768466,0.7059182,1.1177217,0.56456137,1.0908127,1.4155041,1.021186,1.056405,0.7014803,0.5684223,1.5139921,0.7503556,1.302967,1.094135,0.7821644,1.0296799,0.6358813,0.8651111,1.3418418,1.1546499,1.0769432,1.3799258,0.9122896,0.64239573,0.3718172,0.89615333,1.6596134,0.66285247,0.39390266,0.81695706,0.74194086,1.0218043,1.421308,0.68777,1.0091789,0.63858545,0.61786383,1.3914611,2.2542677,1.3907533,1.3095245,1.5870028,1.3092135,1.498308,4.9931827,6.163731,2.4111576,1.1342896,1.3098307,3.2319193,1.7735398,1.1654309,1.1545163,1.472686,1.855964,1.2100329,2.125503,1.8797841,1.3331845,1.251467,0.7510454,0.35719466,0.5145623,1.2836764,0.8013447,1.188463,0.7569192,0.9501372,0.77686757,0.66575015,0.6512043,0.5038686,0.292073,0.4497127,0.21462949,0.12047108,0.22770588,0.2286681,0.12609808,0.05274916,0.054442916,0.043589663,0.07781415,0.08521591,0.14080174,0.16253051,0.1085269,0.09290739,0.11630133,0.17491533,0.15888669,0.07148,0.111355305,0.19008258,0.62234867,0.32114685,0.48509145,0.3382231,0.23543306,0.43482715,0.4809951,0.21799093,0.21622978,0.21485518,0.27647343,0.30833805,0.233941,0.27127835,0.14221705,0.19101244,0.43137804,0.48033914,0.30689093,0.19821592,0.23672926,0.22689591,0.28087702,0.22443894,0.1480846,0.22725493,0.3172268,0.27813578,0.40819734,0.29949385,0.10450723,0.37251925,0.5561303,0.4866544,0.23677886,0.17556778,0.20453551,0.4259834,0.15706466,0.13307722,0.21161807,0.22169165,0.3460519,0.55262685,0.5190948,0.7548594,1.0196254,0.643335,0.69135326,0.90042514,1.2830101,0.69816595,0.87549925,1.045781,0.7148323,2.1075516,1.2297515,1.4869328,1.7640924,1.6413263,3.6693146,3.6330636,4.657105,2.8588378,1.2739897,1.5676067,2.5901947,2.7855823,2.000617,2.83973,3.0750096,2.3557158,1.050641,1.4219807,1.5074091,1.366757,0.8598908,1.4115329,0.67356724,0.9022934,1.4293652,1.6345552,0.8961441,0.7007848,0.7987292,0.62829274,0.69382995,0.54360974,0.18068114,0.14041997,0.1586524,0.13717705,0.13401742,0.17259943,0.05059564,0.04713317,0.073069945,0.05975056,0.116577804,0.1800458,0.18189947,0.15518798,0.2205956,0.14849657,0.09723928,0.08443317,0.051074825,0.15180236,0.21596146,0.16737759,0.2383984,0.2574539,0.4590668,0.2832679,0.2819664,0.16882609,0.23171276,0.23214602,0.26681605,0.16545029,0.24053007,0.20596987,0.0753616,0.19865137,0.18613331,0.24442536,0.25070262,0.24711618,0.37383673,0.27206683,0.41436434,0.23219539,0.2982883,0.3739506,0.19034389,0.14540185,0.23192234,0.1333022,0.17028503,0.21756242,0.40997192,0.51905894,0.39955962,0.312086,0.34996504,0.6983661,0.4120899,0.52259564,1.1528015,0.8343844,0.48277393,0.50427073,0.65889764,0.8568327,0.789449,0.4926581,0.59167665,0.3844621,1.4374714,1.6561722,1.4807324,1.0787135,1.0533185,2.0759091,1.335348,1.3806155,1.4968108,1.2914429
2.799095,2.7658842,9.340454,1.2395353,2.9831898,5.1536007,5.2217293,2.4416614,1.6671412,1.7910801,1.6677239,0.9083378,2.862975,3.1135037,1.2738934,2.0275176,0.7927611,0.88893515,2.1660542,1.1508546,3.4103007,0.878333,2.0739653,2.5418549,1.4533322,1.495232,0.7680855,1.1402112,0.65776736,0.51132375,0.11599991,0.2969616,0.4114256,0.32552257,0.21492521,0.17435332,0.08746389,0.09613326,0.04958884,0.083365716,0.28628007,0.40844473,0.28795424,1.0667739,0.83439314,0.38683352,0.20384616,0.24790283,0.3620904,0.216225,0.44231296,0.36846548,1.16313,0.7308152,0.6001526,1.21646,1.2587522,0.7019675,0.63523376,0.65509814,0.21012968,0.35976312,0.69730425,1.073237,0.45805126,0.1788959,0.31990445,0.24896576,0.39919585,0.46981922,0.4986359,0.8118951,1.0321771,0.6466626,0.39364448,0.20225608,0.21231245,0.21820739,0.55508035,0.82174885,0.6910274,0.8670433,1.1873765,0.85915786,0.46347836,0.50621724,0.39095157,0.5066737,1.2104337,0.5447301,0.48154685,1.2854569,0.63642585,1.827037,1.5113294,0.8129598,0.35804525,0.23991035,0.8801586,1.2633156,0.8094665,0.6915842,0.67579085,0.8692709,0.27266526,0.79713815,0.9412187,1.4847088,1.6912026,1.2429142,1.2403396,1.0594729,3.2641127,1.3698041,1.6223565,1.4974799,1.319965,2.1031659,2.1433706,1.3437926,1.3979316,1.4475038,0.9104404,1.0749992,1.7966201,0.9510321,0.57415664,0.38994828,1.0886033,0.24912255,0.555711,1.0608565,1.024092,1.3038257,0.95803493,1.1343771,1.0864913,0.7176102,0.30503094,0.28520325,0.4633321,0.3637832,0.21071872,0.23738621,0.41840568,0.20039207,0.05094404,0.043346144,0.10356543,0.15230282,0.10160572,0.2543827,0.3250439,0.25508356,0.15644844,0.16944279,0.1403084,0.11410986,0.120172724,0.16664523,0.10005413,0.19984058,0.29346326,0.15561783,0.14787138,0.33038095,0.33672714,0.288971,0.32527706,0.44578046,0.4338437,0.16066392,0.28670627,0.46166572,0.2546976,0.19513077,0.3552145,0.22638953,0.2101874,0.1539559,0.0977157,0.056487154,0.14741552,0.12083566,0.19816406,0.06420471,0.0809033,0.20922549,0.16216984,0.088286676,0.15628964,0.2099827,0.16997844,0.21537203,0.27751005,0.27921775,0.18767808,0.14772162,0.30317003,0.33795282,0.27797762,0.16594304,0.27726573,0.47120744,0.4281416,0.28729042,0.3693252,0.38721886,0.4576336,0.41657844,0.6309061,1.1623878,1.1397847,0.45391962,0.40641445,0.6546333,0.5806152,0.71318656,0.37988472,0.43895528,1.9935075,1.7925153,1.4843128,0.34450975,0.2161886,0.5224628,1.0468692,1.1703233,1.1927088,1.1786326,1.2166127,0.5379436,0.683355,0.42985573,0.42018706,0.5806914,0.47339818,0.44406486,0.64564043,0.7310708,0.69829506,0.4087184,0.08900083,0.36046666,0.6993504,0.39865604,0.31213287,0.34736753,0.29788423,0.17992912,0.19942711,0.2176439,0.11412522,0.038632482,0.051893216,0.07028513,0.035307772,0.014204216,0.022882586,0.03735372,0.09547576,0.19365335,0.16310737,0.28405076,0.23965928,0.1313384,0.21973754,0.18081403,0.12743866,0.087760895,0.1297687,0.45912293,0.41608095,0.34114867,0.38394743,0.4092073,0.3144023,0.24944913,0.42500618,0.2612708,0.22357422,0.19973542,0.1984161,0.34737024,0.15508445,0.16497387,0.27993074,0.1789497,0.2228487,0.32519707,0.40008762,0.28604895,0.3488654,0.16267094,0.13233013,0.13841428,0.08707131,0.10993868,0.19782908,0.33054918,0.30315584,0.27192447,0.34415475,0.23316997,0.23368283,0.6593061,0.3956205,0.44959354,0.8348437,0.6605719,0.86904275,0.6553551,0.6604215,0.32790792,0.19055158,0.48117244,1.0897148,1.6292028,1.6505256,1.0931613,0.42165986,1.2550613,1.4857814,1.1044155,1.145229,1.4154634,0.90676314,0.654189,0.8973973,0.64958507
6.3992643,5.7253075,4.0117006,1.5735508,1.8592284,2.569601,4.3597455,3.0748181,1.842262,1.5253514,1.1174797,1.5169237,2.1391375,2.5979817,2.4390852,2.1550756,2.56957,4.3426623,4.8333335,1.0197186,1.3366879,2.790695,4.0167294,3.5235493,0.6959918,1.0023834,1.3689916,0.93016183,0.8031813,0.52157587,0.46978706,0.5848688,0.2816898,0.20060459,0.19763143,0.11207462,0.08117006,0.13135925,0.17178358,0.19042373,0.28444132,0.73621374,0.7225302,0.69276565,0.5193059,0.73553306,0.8560318,0.3960124,0.56222504,1.0178667,0.4533959,0.7053807,0.804677,1.010454,0.6970347,0.76933384,0.40836722,0.26578042,0.17782746,0.40876564,0.9129491,0.94054645,0.42188752,0.31877157,0.5558602,0.43506455,0.35209733,0.37786302,0.50665647,0.6076409,0.76117384,0.46537045,0.3308547,0.41494823,0.56896156,0.55478746,0.35324758,0.48677862,0.7345978,0.4155297,0.3747291,0.6213004,1.349832,0.6330357,0.27313447,0.17466007,0.23238477,0.4413396,0.37185934,0.21272278,0.2743268,0.51342523,0.9894851,1.4337698,0.74752074,0.62063897,1.2529598,0.73629576,0.30279207,0.48223433,0.65068054,0.4291042,0.80017745,0.9011172,0.8116521,0.79293704,0.8455276,0.98009217,1.4668596,1.0934854,1.1665456,0.99198633,3.7138321,4.32067,1.9155143,0.70833087,1.157523,2.2569451,1.0899953,0.7305736,0.6876286,1.5493085,1.263886,0.4141145,0.6475677,0.716052,0.4910196,0.4700791,0.78639513,0.7592178,0.8231742,0.99685013,1.8718314,2.00611,0.6752826,1.336817,1.2734609,0.8232286,0.41110066,0.26162544,0.24076784,0.4393222,0.18981123,0.1056743,0.2108829,0.12710793,0.06207285,0.06442712,0.06578795,0.13635758,0.28315353,0.35386735,0.28430313,0.15393862,0.07968749,0.11456681,0.15823212,0.1186334,0.09301382,0.09848512,0.1069856,0.13250902,0.2358396,0.1582645,0.24836308,0.3216536,0.31483105,0.41449663,0.37677547,0.29926953,0.18912454,0.09233523,0.16133857,0.40209743,0.21275805,0.23539266,0.18944295,0.140758,0.23140487,0.20065492,0.14304876,0.040096026,0.10901314,0.21933433,0.11406489,0.05884186,0.11677718,0.22398533,0.12021029,0.093305185,0.15679182,0.11795115,0.14868933,0.2183987,0.14061292,0.100269996,0.15552308,0.30639187,0.2140587,0.17124806,0.15047623,0.16586038,0.21680756,0.5322453,0.72653645,0.45555565,0.35955235,0.38622528,0.28242114,0.25516567,0.25391695,0.3932601,1.2844323,1.1222126,0.809523,0.5749259,0.800553,0.6884247,0.8801101,1.204237,2.8900836,2.4294128,1.5826639,1.5712475,1.3654172,1.0006367,0.43587747,0.5639529,1.255349,1.6820595,1.1761997,0.9421606,0.57340556,0.42952433,0.5618888,1.4192466,0.9137448,0.55934167,1.2931165,0.9729269,0.35944936,0.383848,0.58933586,0.94677013,0.479585,0.5931769,0.45054945,0.46227363,0.67600596,0.714304,0.22791502,0.119794026,0.09448283,0.15895614,0.10864797,0.04985353,0.015155935,0.018467765,0.08924358,0.10309932,0.14081466,0.17386796,0.11058423,0.20655157,0.18376246,0.13255858,0.11228346,0.1498756,0.17366666,0.14407991,0.071795955,0.3736039,0.23305859,0.21942732,0.25282434,0.22817206,0.35680187,0.3469101,0.19428052,0.08247895,0.14239028,0.057214115,0.03661065,0.17966351,0.25333813,0.1292052,0.23747486,0.4460662,0.3342041,0.29424563,0.22087097,0.12036203,0.16848265,0.1958035,0.23268759,0.20245762,0.085067,0.15049146,0.13898984,0.3000302,0.39657155,0.3258618,0.4899192,0.31344885,0.17324878,0.23265478,0.3139015,0.66440046,0.5924126,0.53859526,0.5886289,0.34379658,0.4957136,0.52051616,0.37303796,0.6225156,0.77640015,0.55256325,0.2460591,0.37851733,0.48120853,0.35916597,0.6802382,0.9250197,0.9222745,1.7096043,1.0813004,0.65907454,1.7174629,1.2489187
1.3799708,1.4355946,2.7363436,2.3357744,3.1625981,2.7065527,3.4958892,4.449286,3.432178,2.4657469,1.4899393,0.9863274,2.312299,1.3167101,1.3431008,2.0033667,1.2631669,2.2474766,1.8331002,1.3577056,3.4183915,2.0621758,1.5176224,2.7845883,1.8566327,1.3964095,0.68774545,0.33030468,0.5205924,0.38986507,0.15946029,0.38452065,0.3002741,0.39690977,0.20428465,0.13635162,0.115539275,0.06513049,0.05482998,0.117734246,0.3138675,0.8822296,0.87365943,0.31402153,0.39170653,0.51408446,0.5679335,0.5110545,0.590014,0.5241117,0.66119105,1.1830934,1.047119,0.62378657,0.44214082,0.7604286,0.67254925,0.6747234,0.8708479,0.8291534,0.81147325,0.88367575,0.3360833,0.4520305,0.68533427,0.48236766,0.26374283,0.46414444,0.49029183,0.5937469,0.69830203,0.68606305,0.53954244,0.5030334,0.5305755,0.37665656,0.9424921,0.67369753,0.40953946,0.7115621,0.44727352,0.8808532,1.1528922,0.66863704,0.20713352,0.11361104,0.7231155,0.9439178,0.8770809,0.65645486,0.26363078,0.3892934,0.6997744,1.598447,1.6784822,0.5922386,0.5075524,0.5335582,0.824042,0.7787062,0.6956739,1.006526,0.5770402,0.7555786,0.7218963,1.022032,0.5051722,0.3492454,0.680386,0.60715586,0.5609109,0.5118273,0.7269736,0.9499974,0.5340279,0.42366776,0.90693414,0.64475495,0.89303577,0.33880103,0.5754886,1.0927904,0.61412084,0.5510265,0.9561836,1.2554778,0.9272144,0.5231844,1.3587248,2.3080025,4.993147,4.123956,0.72475857,0.7338779,0.9280838,1.2063891,1.3397076,0.97700256,0.73227817,0.38813797,0.36373025,0.36147007,0.29761103,0.16408382,0.12541714,0.17628789,0.12146178,0.025933616,0.018582996,0.06263818,0.1082227,0.22392808,0.42054147,0.20007715,0.13511135,0.19546762,0.18368733,0.08799044,0.23423733,0.14545217,0.14580056,0.1244298,0.23414479,0.33743456,0.3535181,0.5798515,0.50706226,0.45425907,0.16833675,0.31623936,0.35546896,0.46274912,0.26540115,0.27068624,0.3242347,0.21460824,0.10953174,0.08411487,0.06961617,0.111157715,0.049638517,0.052428577,0.07523982,0.25764364,0.24426313,0.11561347,0.11154748,0.21883397,0.1291802,0.1306282,0.1434154,0.17078249,0.19811814,0.26721388,0.15172108,0.08566311,0.14463648,0.29515862,0.30682352,0.25275686,0.2986413,0.28199777,0.2573141,0.5857916,0.7510084,0.60832804,0.36857927,0.5962433,0.5659472,0.4793024,0.5745781,0.12819076,0.8585901,1.0461003,0.942497,1.1176136,0.4831057,1.2146405,1.2510521,0.63695663,0.5528707,0.5379717,1.2064071,1.9499362,1.2156372,0.9945062,0.95809954,0.96491385,1.450459,0.8226172,0.5135943,1.0501693,1.1169211,1.1743149,1.5356977,1.1189815,1.5265799,1.4572058,2.019844,3.891053,5.598703,2.2171063,1.5553026,1.4068466,2.4602497,3.1248572,1.5932809,1.2682357,1.0312759,0.6100963,0.68661106,0.28153744,0.5214096,0.21204026,0.16444199,0.26328015,0.07946567,0.15910873,0.17596135,0.18385427,0.5010217,1.0243286,0.69840735,0.45665997,0.4611633,0.26586545,0.56626743,0.4912778,0.34869835,0.4504642,0.64738643,0.6790424,0.5346887,1.296827,0.78322303,0.53811723,0.71335477,0.9331789,0.65270054,0.5098895,0.8086678,0.6340926,0.4892594,0.5605602,0.94440466,0.7639308,0.6826871,0.4321606,0.47766036,0.5852066,0.5183462,0.48714498,0.6407693,0.3420806,0.27297646,0.6443939,0.9121552,0.4842725,0.6477044,0.92804486,0.4665011,0.91324645,1.2883394,0.9803693,0.36196527,0.67974883,1.3594561,1.8005702,1.2213827,1.5157399,2.2254062,2.0122993,2.2171364,2.0099833,1.6848155,2.905406,1.4174178,2.0119119,2.505822,3.458059,2.4481275,2.208482,2.460824,2.8164792,2.7977557,2.1388738,3.7337112,3.3245573,1.8510139,0.81650794
3.844333,3.640334,7.1732516,3.0842013,6.102229,5.688258,2.6042285,1.5161713,1.3719221,1.5357462,1.1070515,0.95816106,1.5572108,1.1844075,1.2464669,1.7774669,1.1030836,0.74866205,1.1462406,2.3091462,4.270361,2.4423647,1.7780074,1.3087839,0.934647,1.5664816,1.1062227,0.80754876,0.44057256,0.31192473,0.4448528,0.34145588,0.30262107,0.20040888,0.13452977,0.10978053,0.1305983,0.10814565,0.07801823,0.15814638,0.47586507,0.723684,0.9361278,1.2405717,1.489373,1.2170062,0.58213526,0.4773451,0.5580388,0.53259796,0.9731591,1.4190758,1.3321759,0.77048963,1.3907828,1.1769569,0.95378286,0.9699206,0.68814075,0.5474899,1.1640575,1.0424911,1.1332011,1.0694114,0.5956324,0.3519429,0.5199139,0.4852995,1.1535726,0.9926796,0.5851408,0.64770174,0.79956603,0.81090003,0.45841292,0.64266455,0.66146606,0.42263862,0.5039624,0.63456124,0.6659062,0.5455075,1.0731486,1.2157336,0.5715641,0.3452767,0.81329256,0.9787344,1.0686132,0.6021975,0.25047955,0.4753283,0.540569,1.013142,0.7675,0.5009837,1.0860777,1.4317675,0.699486,0.4087986,0.47702605,0.87268764,2.1828017,1.6071309,0.86025727,0.7468326,0.9423989,0.81061465,0.70425534,0.6465916,0.637747,0.5893969,2.6151576,0.9318261,0.719456,0.7726232,1.1961104,0.9157252,1.0544349,1.5962731,0.91222775,0.86707234,1.057108,0.49548933,1.0676285,1.4959191,0.55118644,1.2593421,2.1029181,1.2527808,0.65705764,1.723786,1.7795813,1.2066853,2.6128542,2.6113431,1.4030876,1.2037212,0.9147895,0.54227155,0.21239503,0.27076396,0.34508938,0.28020057,0.3093356,0.1558107,0.08336265,0.077847496,0.14542134,0.30759206,0.50222725,0.3120357,0.6144217,0.32641718,0.16732685,0.22994581,0.2225636,0.20837754,0.16293739,0.1829871,0.35822782,0.20087416,0.24130006,0.3667182,0.34960708,0.83585215,0.7219984,0.9704456,0.71223545,0.54132116,0.5224634,0.47310042,0.37144953,0.466905,0.38204494,0.29003504,0.24362943,0.29979327,0.24757823,0.2164889,0.17534964,0.21583457,0.3071012,0.2488277,0.16785473,0.17821775,0.13660933,0.15730841,0.16810548,0.24120149,0.18168649,0.1933872,0.21634296,0.194258,0.12552726,0.17186043,0.11346236,0.23359478,0.21363397,0.3601958,0.19427101,0.15612507,0.31062397,0.6295262,0.43363962,0.2699293,0.41188028,0.5896061,0.28970203,0.19466205,0.43158442,1.0820885,1.6962498,1.0365835,0.4104344,0.24378899,0.5418013,0.786974,0.8159891,0.57197016,0.976468,0.87582743,2.848856,0.71443474,1.510553,1.508239,1.0982479,0.8112267,1.0785592,0.5760613,0.7066701,1.6894594,1.3046718,1.1861589,1.4588443,1.0397921,1.4738632,1.227842,1.0346456,0.9776055,2.1131198,3.5130525,3.4662383,4.3750443,4.8270497,2.4169698,1.1845663,0.9162725,0.8238072,1.2595818,0.48165962,0.15708613,0.4845719,0.5646026,0.17314592,0.18668967,0.22132756,0.094631724,0.1352733,0.24660608,0.47741953,0.7278105,1.0793301,1.1639713,0.7160862,0.65266794,0.46617085,0.24839339,0.47337893,0.4950929,0.41789615,0.71365094,0.8995559,1.0093881,0.69919086,0.5764563,0.75330657,0.619443,0.6500208,0.59276885,0.7140795,0.668668,0.69407296,0.41492248,0.3625469,0.66182816,0.73877203,0.41130733,0.42178416,0.36616918,0.37016836,0.38508147,0.71648306,0.23903921,0.12146541,0.26229382,0.18026055,0.23938887,0.43447894,0.4171028,0.21226668,0.1553329,0.71760327,0.7794022,0.42060438,0.48323372,0.43090832,0.9913808,0.89916956,1.0165011,1.7385685,1.1119148,0.73380053,1.2282264,0.9744154,1.0123402,0.9165335,0.71508956,0.5403641,0.56474453,0.6409406,1.3089412,2.355,1.2680639,0.6519001,1.2956843,1.3981832,1.1990016,1.1949283,1.4816481
2.3574104,2.3288503,7.539155,6.9490666,7.498187,6.2288003,3.5589976,1.5301775,1.4293836,1.9785147,2.0852966,1.3694046,2.4110324,4.5904818,2.2637637,1.2545048,1.0166098,1.980773,2.4750292,1.2204857,3.1707487,1.4851006,1.2060262,1.1248271,0.930635,1.0870183,0.6339955,0.40892074,0.68337935,0.52912414,0.21199138,0.32571912,0.29043764,0.19054067,0.13610873,0.083946474,0.055960763,0.058034357,0.058302246,0.092998914,0.09455783,0.19730249,0.24878529,0.52642125,0.5304845,0.75720173,0.8711512,0.6204475,0.6480645,0.82525474,0.5046432,0.5770244,1.2540357,1.7349335,1.2501274,1.3114868,0.73204595,0.359672,0.5208184,0.6863906,1.0774231,0.8456914,0.9793655,0.88709223,0.8514312,0.73782074,0.2372037,0.6500241,0.5636004,0.5064981,0.86371577,0.60874104,0.3860988,0.6809746,0.43415508,0.38758197,0.46552524,0.27722213,0.39259845,0.97544104,0.9344503,1.144617,0.7391159,0.50507545,0.39245266,0.31512868,0.3791326,0.7005815,1.2204014,1.1004345,0.80657685,0.9944403,1.4384618,1.398532,1.568825,1.2530378,1.1222717,0.35768902,0.95345235,0.92588323,0.5255615,0.8856973,1.4840937,0.84574944,0.25335842,1.3429992,1.5111499,0.62671685,0.6569625,1.5206366,0.7152803,0.6877393,2.9376113,1.3485622,0.45572987,0.57095844,0.842197,0.5145369,0.5513796,0.709252,0.40085244,0.4379621,1.0377151,0.6589273,0.7196701,1.3197945,1.0046285,0.8503239,0.71666235,1.0272874,1.8955681,2.9460514,0.6986591,1.0275029,1.2559341,1.0951302,0.6610648,0.85250854,0.3045805,0.6758137,0.47685385,0.45475492,0.268427,0.20293237,0.18910375,0.14765282,0.05379617,0.060680117,0.03660957,0.13875964,0.13599412,0.099609114,0.21600033,0.2243129,0.25925443,0.22066155,0.1945117,0.23076138,0.2889361,0.25424653,0.23629402,0.30517337,0.33970168,0.17856455,0.28937757,0.75490344,0.7043663,0.84328514,0.54701823,0.27167207,0.12397264,0.25666225,0.23945826,0.29030988,0.30215546,0.23554477,0.13470523,0.26287028,0.35533077,0.33884808,0.254925,0.18647623,0.21383983,0.1327876,0.07316535,0.20139562,0.1873267,0.16693644,0.1477064,0.12679727,0.25217074,0.45618445,0.388866,0.4136693,0.41831946,0.19541046,0.1888292,0.15618922,0.20963228,0.203877,0.37110835,0.368352,0.6710193,0.7603349,0.5869478,0.53068113,0.4349822,0.5442722,0.5416765,0.32899386,0.5807972,1.1650921,1.7109853,0.98092335,0.5687091,1.2513783,1.1157733,0.57940483,0.48207924,0.8653085,0.73372036,0.6869529,1.4008123,4.4569354,3.2491574,0.9347128,1.2343174,1.383494,2.6911325,2.0427744,2.1699436,3.1098464,1.9270207,1.9587256,1.2298843,1.5234777,2.3833401,2.790379,3.3574526,4.463352,8.080679,3.1062202,1.2042434,1.7029154,1.1180627,0.7404972,1.5848777,1.7200712,1.1137993,0.8695793,0.43771508,0.5439165,0.5289632,0.23535842,0.068005696,0.20456445,0.13923533,0.054187354,0.05554752,0.15303697,0.16317928,0.12684594,0.29603738,0.11607308,0.05958771,0.28118354,0.32481712,0.29123738,0.24912219,0.29099426,0.31034422,0.288228,0.3312476,0.39515266,0.3742244,0.63925755,0.5599254,0.2375185,0.444478,0.41833436,0.44284403,0.55225205,0.5081782,0.492377,0.4434231,0.3255096,0.19173063,0.24272372,0.57139593,0.57276386,0.42143235,0.3572124,0.2747721,0.23382826,0.16184182,0.13655749,0.1342475,0.12709625,0.19638756,0.34612367,0.29270244,0.18351942,0.39335132,0.31666386,0.33980688,0.44438952,0.32243565,0.42192948,0.8096771,0.90135485,0.74736077,0.79680514,1.2026584,0.9895761,0.95585436,1.4007702,1.2162088,1.0465506,1.1134843,0.6946877,0.74440503,1.7721965,1.1114808,0.7115267,0.63132674,1.2129699,1.0447334,0.806813,0.8851671,2.0345755
3.8369243,3.783278,7.1956205,0.95505404,2.386406,4.3763785,3.7392216,4.221298,3.6155767,1.5947978,1.3028681,0.6106058,0.49756923,0.9814324,1.1501917,0.8299535,0.78424686,2.2497694,3.7359247,3.6751301,2.8123066,2.200716,4.7205024,2.0649571,0.8005781,1.6512768,0.726945,1.0166951,0.5867832,0.2658184,0.2659937,0.23400098,0.30629188,0.17472371,0.048477586,0.11320365,0.086128496,0.05131524,0.08178151,0.1545112,0.3558475,0.6641702,0.6975219,0.71103156,0.86098695,0.6757024,0.56811714,0.8315981,0.7503058,0.50308204,0.28735363,0.5420084,0.9648805,1.2030675,0.868633,0.80723166,1.1402805,1.4633026,1.3359057,0.94463277,0.53625053,0.41521809,0.4483877,0.4888889,1.0103276,1.1148716,0.84604627,0.6555998,0.7733083,0.7242297,0.39430434,0.2899028,0.32584777,0.60795003,0.48665383,0.51400816,0.47201693,0.3721807,0.7700023,0.7978623,0.73304856,1.1673397,0.80194855,0.47257808,0.7662264,0.5361227,0.58981514,1.161369,1.3645623,0.71625155,0.46130392,0.48516542,1.1873331,1.8125511,1.1570139,0.67773575,0.52619135,0.56488544,0.77165854,0.26101878,0.43475485,0.71940416,1.6494915,1.1655356,0.90827614,0.51509553,0.31269485,0.46935573,0.8936216,0.5476486,1.3184937,1.1492592,3.4382937,4.818209,2.506103,0.81643796,0.50204694,0.3865262,1.5418041,0.55915624,0.89874005,1.3027292,1.8118117,1.4445298,1.3611306,1.7163368,1.251853,2.0069113,2.8574214,3.8133588,7.0485506,6.157196,3.7911744,2.4116287,0.85930324,1.0198318,1.3085159,0.7210246,0.6161842,0.6287456,0.5243726,0.59133285,0.2898136,0.16224858,0.14257565,0.1477427,0.06301048,0.055631585,0.08638311,0.06471754,0.08392728,0.20142043,0.17581046,0.14440475,0.17040443,0.15253355,0.19844101,0.24468249,0.16699825,0.16289574,0.18832426,0.19386992,0.3094952,0.23151214,0.37037432,0.53347206,0.53889006,0.42997423,0.32187983,0.31731734,0.21639813,0.15679215,0.18370973,0.22157107,0.21932918,0.38692564,0.3330316,0.17325573,0.115226485,0.09666387,0.13277647,0.25163984,0.20261358,0.36787677,0.25623128,0.194863,0.2607574,0.20564258,0.17440496,0.18048617,0.23159231,0.31053886,0.1581585,0.19143681,0.34900132,0.3501879,0.17772219,0.22106552,0.35990205,0.46192968,0.47698504,0.3553529,0.27955404,0.51271564,0.33617827,0.19666506,0.21827024,0.6135845,0.6680697,0.45445332,0.7158611,1.1424328,1.7414415,1.8659115,1.6039542,1.3500339,0.8200353,0.7069384,0.42775884,0.6477618,2.0348525,2.0324783,3.4105914,2.0797136,2.1492658,2.4988053,1.8940506,3.060754,2.355847,1.6763773,1.3024333,1.9061075,0.6789668,0.69733727,1.5515684,1.8525966,2.019003,3.2595603,3.2744524,1.8067676,9.234035,4.841936,1.877554,0.57970625,0.34768134,0.41388404,0.57352096,0.81309396,0.92216235,0.60791725,0.37987676,0.43714648,0.24801666,0.7826766,0.5645543,0.36151856,0.23997904,0.17688736,0.21574621,0.27569532,0.23847443,0.34318227,0.1011217,0.35876974,0.39035928,0.47897878,0.71059054,0.56734955,0.23360784,0.3260906,0.33089018,0.20957536,0.22357863,0.5034897,0.41626725,0.28691247,0.28920013,0.35990494,0.4009847,0.37815437,0.43393496,0.16506803,0.22617343,0.39821714,0.41379496,0.43947783,0.2809196,0.2890386,0.27659822,0.28919548,0.6864719,0.32786682,0.28659418,0.4826354,0.258729,0.23528399,0.4058886,0.29737446,0.25400034,0.34859887,0.2643959,0.7850587,0.8071855,0.38284504,0.5823575,0.47502753,0.18689828,0.18866424,0.6735941,1.2322894,1.5099604,1.2182363,1.1730508,0.85951656,0.6032475,1.7389113,1.1322856,1.0018209,1.3862472,0.457263,0.8027103,1.3073945,1.5673313,1.4310477,2.1986992,2.1954103,1.1585943,1.0253468,1.662418,1.3365216
1.2810265,1.2789305,5.216772,3.628403,4.147186,3.475741,5.960091,4.4734945,1.9359114,3.0511687,4.3667116,2.1007617,2.8326993,3.1960218,1.7750857,3.1093087,3.257174,2.426649,1.8690786,1.5159601,1.7644444,2.328696,4.3707623,3.4372835,2.0736692,1.9847267,1.1746125,0.5243433,0.6956576,0.71566236,0.46705988,0.4722527,0.40084523,0.3248785,0.22067487,0.08033862,0.13565993,0.14381908,0.14567511,0.08368261,0.17975329,0.8868666,1.1736081,0.810779,0.710121,0.5730877,0.43134606,0.3533249,1.1437969,0.9191367,0.4049094,1.2196981,1.0866919,0.9400909,1.4680027,0.8212505,0.50510645,0.60627586,0.96831477,0.51381046,0.54195493,1.051755,1.0307294,0.52343994,0.8776317,0.78505415,1.1339452,1.0122365,0.28177065,0.45914274,0.90044785,0.9415666,1.2815561,0.8746725,0.6228341,0.59946716,0.6461559,0.2858785,1.1571364,0.42913523,0.70656,1.4208858,0.86511517,0.43989104,0.40255755,0.5609845,0.6556304,0.6878936,0.7076368,0.8522819,0.7547367,0.85728186,0.8663206,1.9958838,1.3018854,0.47779083,0.66775,0.92700106,0.9093631,1.012664,0.5418991,0.8266699,1.5651547,1.4290003,0.6220279,0.54758996,0.8395667,1.0123184,0.9105441,0.6429197,3.7450762,3.8109267,3.264264,1.092828,0.78780293,0.9075871,1.2484261,1.6820886,2.0121305,1.1920136,2.4807906,2.8662028,1.3407525,1.3953494,1.3607835,1.2570368,1.1901774,1.6218239,1.7543572,2.3350008,3.9242473,2.6662202,1.8011642,1.2766732,0.7043901,0.7719066,0.57422453,0.63362825,0.45373252,0.97583246,0.6898361,0.7379651,0.4195743,0.45837066,0.6078445,0.32240635,0.2660426,0.1469235,0.11989322,0.20916267,0.29182112,0.3745597,0.32191396,0.2729344,0.26673207,0.34723592,0.3128357,0.21142022,0.13249391,0.25800624,0.04465387,0.1449167,0.38504392,0.6143173,1.2818815,1.2610501,0.41080508,0.4683967,0.55912155,0.61602557,0.6757224,0.95521724,0.7985682,0.51093787,0.30387908,0.62039995,0.50247896,0.58999896,0.81799155,0.624794,0.2308126,0.27630574,0.2338995,0.22183011,0.111717284,0.12512651,0.14973962,0.25131834,0.2850309,0.25997093,0.44077057,0.74597317,1.0479888,0.96455,0.85425264,1.3340461,1.1036928,0.64826584,0.94222885,1.3508471,1.0449361,0.63592476,0.8493001,1.2567043,1.0184376,0.7246412,0.6134512,0.78736556,0.9853588,1.8659806,1.6690818,0.7241226,0.7255057,1.5694835,2.384601,1.3138868,3.3562706,4.011903,3.2767212,2.9818401,1.4173248,1.1927161,2.6048467,2.2385368,3.1451263,3.1776924,1.2562608,1.73426,2.6240313,3.892854,3.5613766,1.8801767,1.856867,4.6796427,3.6354272,3.0461051,1.7643259,2.4580655,2.2763464,3.0205207,5.5431275,2.8551373,4.6782823,3.484992,2.729195,1.7216148,1.2074441,1.1054454,0.6581437,0.56859785,1.151017,0.99149495,0.81950325,1.4620986,1.096841,0.3216615,0.24575906,0.316985,0.24268389,0.1903281,0.42014313,0.61611664,0.6426267,0.41041183,0.37491542,0.3751378,0.41763648,0.5200845,0.32701588,0.45086652,0.62679017,1.1553416,0.7464732,0.9779641,0.8498992,1.0257729,1.2237866,0.8368108,0.8022265,0.5716077,0.68866926,1.307385,1.4713194,1.0445666,1.0954235,0.5782676,0.5596714,0.9465453,1.0470908,1.3722297,1.2649851,0.6985872,0.38444638,0.48478347,0.9746275,1.451009,0.68117577,0.17634726,0.41763282,0.951657,0.3575217,0.33549204,0.67313457,0.5474176,0.6873961,1.6974688,1.0284024,1.3393164,1.4479063,1.2670555,1.3053831,1.8288971,2.5523727,1.7604825,2.7891488,3.7982643,2.8523319,4.495811,3.2606711,3.520003,2.7984364,5.723403,3.727493,2.7791872,4.5828505,3.586935,2.4237351,1.6336015,6.137289,9.981432
27.42286,15.025656,169.92934,85.94029,72.97548,78.584274,57.41662,20.829786,13.885772,8.773817,20.55934,21.265398,24.941645,14.66181,23.333786,16.45293,11.805308,22.573593,14.51392,4.193854,10.410708,8.631967,6.4742546,5.6907077,2.773672,3.9269097,2.106819,2.7023664,4.2810106,5.045116,3.7780533,3.062578,2.0886364,1.6598299,1.2926239,0.7403773,0.37893194,0.3463603,0.12533952,0.52996826,1.0610723,3.4411938,4.387728,5.7277827,4.646906,2.9793358,3.4271052,2.9357128,3.8327112,4.306574,2.7124794,6.2555456,5.4303727,2.2532728,6.8070087,4.5880733,2.5723844,2.1151254,3.5848525,9.277393,11.265264,5.148314,5.311401,4.1282945,1.716632,0.9991727,4.678383,8.091012,2.7014914,1.7274846,6.010998,7.397067,5.6432943,3.850493,1.629186,2.223767,6.5657306,1.938979,3.5329003,6.0341554,6.6127152,7.219641,7.716153,5.6830506,2.601032,2.0551517,4.198004,4.4889116,3.0441303,4.467295,5.8445125,5.024431,4.0970407,5.3176656,5.1046433,4.584554,6.3476105,3.5813086,3.256576,1.913922,5.2541933,5.7482543,4.2681575,3.8327127,3.0396583,4.966914,1.1725932,5.838472,9.185055,12.2452,12.558085,7.2483177,76.45025,52.06988,24.657524,19.00035,18.083893,13.736646,15.789227,8.315721,11.85923,19.447916,22.872374,9.254819,19.775318,14.034595,7.00681,10.047799,6.79387,3.1046143,4.3261547,6.209738,5.199282,5.309218,5.051289,4.150444,3.3884406,2.2740462,3.6864903,3.5853875,3.276046,4.4513636,1.6283443,0.76263034,1.0787704,0.5939778,0.25003308,0.37256926,0.13236271,1.0584084,1.0820589,1.3980998,2.1560366,2.1101005,1.3498144,0.83488065,1.1194253,1.2019309,1.3186505,1.070614,0.975454,2.3179898,3.2936535,0.98931724,3.062969,3.221445,1.4113721,2.5729635,2.440141,4.280214,7.6340904,1.9823707,1.6819814,2.121297,0.85631615,0.38814354,1.291476,3.5001962,1.1654851,0.6437137,1.5608845,2.6900063,2.054362,0.9334328,0.4552802,0.53206533,1.2615744,0.70218337,0.42018324,1.3406094,2.1295652,2.5317767,1.591554,1.7416322,1.2645378,0.5590934,1.0274041,1.5859295,1.8220899,2.9931242,2.2087035,2.131355,3.1552317,2.192665,1.457598,3.3736598,4.520456,2.174866,1.8230474,2.8495567,9.402413,10.133193,8.035857,5.2057366,4.372279,9.393046,1.5789517,8.331532,9.799938,11.866171,21.198704,11.746378,96.87939,52.9032,33.530888,27.650362,16.736921,15.445091,17.083757,13.914793,21.387136,21.389769,25.556562,11.010121,24.395355,24.483269,10.19663,14.865095,10.29067,10.56585,20.03928,15.354092,9.894246,6.2051215,4.405814,3.7597327,3.3096628,2.564645,2.8050635,3.3650682,2.8654087,2.390578,1.600263,1.3719883,1.7750438,1.0421807,0.4916425,0.23580222,0.330443,1.089571,1.0727453,1.7917984,4.6059823,3.716062,3.0009449,1.6060108,2.191802,2.5725644,1.1294887,1.8327507,2.0119758,2.5480306,3.1201258,1.6384026,3.6303735,1.9924529,1.4161167,3.3580592,4.170453,6.481397,9.699219,4.128958,4.111065,4.408233,1.9813395,0.5517336,2.3848531,4.6640835,1.9183599,1.6022383,4.387471,4.3481584,3.1491904,1.948038,1.131029,2.315546,3.3689923,1.397444,2.175799,2.062626,2.3249295,3.8298194,6.437503,3.4013803,2.6383102,3.9936323,4.053699,4.7207375,4.4292383,7.676538,12.056988,10.315257,5.0996184,2.2308714,4.9561753,5.894305,9.768289,9.151161,9.56727,4.7530627,7.9630933,13.947379,6.086788,4.690898,6.053225,8.068485,6.150617,11.991024,15.339112,18.469225
6.3231907,4.868223,7.767376,1.7861999,4.3171,13.8104725,13.0474825,4.0251575,1.91842,2.27786,2.1438646,1.4490294,1.0375444,1.4127064,2.2043653,2.4238899,1.4057057,0.29587343,0.68254423,1.3749514,0.85428536,1.2190002,1.8090749,1.036318,0.8312817,1.0116265,1.0391195,0.5456274,0.7823604,0.49564728,0.31718764,0.24399206,0.22221893,0.23301171,0.16891965,0.120537125,0.10680409,0.07748026,0.142093,0.17085578,0.21537817,0.44385287,0.50062466,0.4183188,0.70049506,0.7332695,0.4265603,0.27034053,0.53564894,0.56848466,0.46650457,0.7854306,1.6281544,1.0297849,0.6943529,1.2004274,1.2894726,1.1221191,0.77653897,1.6239091,1.1824225,0.9835536,0.558661,1.1477407,1.0851902,0.33266702,0.9593237,0.95364577,0.5652984,0.72409177,1.4165168,1.1146362,1.3244315,1.1522696,0.75738555,0.88094354,0.8044591,1.2487452,0.6585735,1.4945669,1.353772,3.2895882,2.1375856,1.1390603,1.0292058,0.9765072,1.0516391,0.8085688,0.84823567,1.2027022,1.701604,1.2839621,2.1371114,3.5454142,6.3434534,2.8986335,2.7206166,1.3271227,1.1490071,1.2558448,0.8934938,2.4052143,2.2525856,1.2215279,1.8400636,3.4938135,2.8135066,2.1213737,2.1949444,4.2989793,1.9358598,1.8088177,5.9759097,2.4592752,0.77211815,0.9648407,0.5698133,0.6977586,0.96364063,0.8949229,0.75444514,0.48609373,0.9705067,0.7633608,0.69891804,1.06076,0.92212933,0.40323508,0.6609348,0.8221655,3.1288168,2.031028,1.138937,1.7527055,1.6059594,0.9272833,0.4879344,0.7082481,0.68052024,0.4881758,0.2238829,0.38370806,0.2681544,0.14991307,0.16874579,0.12212709,0.1384404,0.116674036,0.050813474,0.055254553,0.11049095,0.16527551,0.26977688,0.22877361,0.21892007,0.094588175,0.16879714,0.08314078,0.16807434,0.31783304,0.19830038,0.46029815,0.5257894,0.16305469,0.24783275,0.42032516,0.42877263,1.4021529,0.74589765,0.6717765,0.56623375,0.40470976,0.3684684,0.57216454,0.3603254,0.20220625,0.21936592,0.14520732,0.104186915,0.2923195,0.6572549,0.3585756,0.38674334,0.26194602,0.21780697,0.26793337,0.449403,0.8127346,0.23369679,0.3093046,0.30659512,0.72396797,0.78435075,0.8465478,0.55849457,0.40537432,0.418875,0.9056215,0.64106685,0.40285847,0.64149666,0.70026904,1.4023988,1.2334924,1.0645555,0.51899594,1.0287983,0.69613016,0.6512124,1.1562845,1.1130321,1.9035017,3.2251925,2.1461434,1.6715846,3.840786,2.155486,2.2915494,2.4594488,2.4222846,2.614289,2.1616042,3.4859164,1.7498896,0.99906874,2.0028346,1.984861,1.5562354,1.1599704,0.9812603,0.5937567,0.9143159,0.7662837,1.3194028,0.9209565,0.8459394,0.9968292,1.1207267,1.4773408,1.0940946,3.3849018,1.8841205,1.1851962,1.4032723,1.3918378,0.77839303,0.5701164,0.85112554,1.0200974,0.2864498,0.16444187,0.13655247,0.13127455,0.043205198,0.06977894,0.1426087,0.088034645,0.06252145,0.049299076,0.05940607,0.1272601,0.15982188,0.18223952,0.1680801,0.24465977,0.34958595,0.24700965,0.10259263,0.11613213,0.09142673,0.13507782,0.26938418,0.3484661,0.40214598,0.45131248,0.47538984,0.5534157,0.5511825,0.26882476,0.48862094,0.63311714,0.4276187,0.22456498,0.47561067,0.393308,0.15770023,0.39304557,0.4743381,0.34434804,0.34399313,0.44069073,0.4172168,0.5096443,0.25202814,0.34986174,0.21038157,0.14117046,0.18534331,0.19319654,0.543734,0.27364555,0.5927488,0.834781,0.77684206,0.89599913,1.0121484,0.57036126,0.6690256,0.95592767,0.83694535,1.268273,1.1128881,1.4263197,1.1234887,1.2627404,0.944808,1.5734069,0.826884,0.69908476,0.5180115,0.7472352,3.4892023,2.626043,2.1694329,1.5020975,2.1170402,1.953603,2.578062,1.7659627,1.6101961
1.675447,1.5030004,4.4067206,5.162886,4.022605,2.8870637,3.7283106,3.5459967,2.000637,0.9433701,1.0536311,1.0390487,0.8611452,1.2349904,1.3142412,1.1638641,1.4501394,2.9797063,2.725461,2.0538657,1.2396071,1.0728651,1.2976153,1.7176932,1.0758142,1.0742733,0.7858191,0.50796795,0.31493956,0.38254356,0.5708323,0.48818836,0.27800402,0.20308632,0.12141085,0.06599753,0.10583274,0.085158326,0.062138125,0.04080351,0.049468152,0.25830027,0.4596821,0.733657,0.60936815,0.30402586,0.5851386,0.37730578,0.3060422,0.32042587,0.38424963,0.24287081,0.7934072,0.5265041,0.38136944,0.39500207,0.59111196,0.7735752,0.5958902,0.33925617,0.30016947,0.59786785,0.33532473,0.3887436,0.52265143,0.23865028,0.19741772,0.23970771,0.6621497,0.983461,0.8223549,0.67393064,0.43779284,0.21760604,0.121083625,0.3095829,0.5794281,0.33203864,0.36211246,0.5038968,0.56621367,0.7097132,0.55380374,0.53880984,0.55305976,0.63133895,0.62115574,0.39087263,0.3636634,0.4865859,0.48271483,0.72019976,0.7684337,0.6092019,0.88568974,0.44009224,0.42143098,0.72545487,0.42405212,0.318646,0.3983286,0.5374878,0.91592646,0.9012435,0.78613925,0.34322158,1.0506315,1.2672764,1.1937779,0.6444433,1.3326081,1.1723936,2.4612806,2.1251094,0.79858637,0.27892017,0.6673498,1.4306612,1.6199895,1.476797,1.7101943,1.0854787,0.94702774,1.2168103,0.9778467,1.5955592,1.0123879,1.3141788,1.9800265,0.7700166,0.5925339,0.878451,1.3065495,1.0601118,0.9000014,0.7462486,0.98174083,0.76150644,0.47983083,0.22236408,0.12344264,0.068947576,0.10476723,0.18077318,0.22308004,0.09092106,0.062571906,0.03551384,0.024348143,0.06497967,0.084293224,0.14228046,0.072826855,0.055681866,0.059224885,0.085245825,0.06778218,0.058378175,0.05324708,0.12580846,0.12355685,0.07126494,0.1506105,0.07109276,0.2335736,0.1943155,0.16565281,0.21685547,0.3569377,0.1711179,0.07839354,0.16037399,0.14196262,0.17155895,0.17416966,0.27153265,0.22484826,0.22540712,0.18977979,0.14205395,0.05137859,0.016844079,0.06263575,0.07961131,0.09307334,0.1322549,0.13525833,0.1615117,0.08068014,0.13747853,0.24579766,0.19868794,0.20101944,0.21344903,0.23132889,0.35098532,0.15790792,0.27323586,0.33653525,0.18299903,0.27278373,0.26234826,0.23244412,0.4020737,0.2947347,0.18534507,0.31691954,0.4277465,0.27067235,0.38948026,0.48565114,0.404679,1.604096,1.2629318,0.5307646,0.5548994,0.4021023,0.6568075,1.06391,0.4781318,1.251499,1.109724,0.965565,1.7427832,1.0410292,0.54515237,0.5785138,0.63665897,0.6326967,0.9440616,0.72352576,0.37598264,0.22557193,0.6412685,0.80618703,0.8801522,1.0531538,1.1036149,1.4408473,0.77606505,0.8773639,0.59364456,0.68296576,0.46684828,0.6694407,0.32026723,0.4317916,0.43160722,0.28026193,0.1714658,0.15437838,0.18320131,0.19791016,0.15745875,0.13173938,0.045555387,0.046790347,0.027860329,0.017805096,0.035634458,0.11258305,0.29367915,0.3439624,0.29622883,0.21831812,0.122450046,0.24617696,0.20262586,0.08131361,0.12445086,0.13479392,0.24483326,0.3376927,0.4377115,0.3947324,0.22992757,0.27804807,0.44581422,0.296174,0.21834676,0.16161868,0.22476004,0.105370946,0.1750305,0.1636718,0.16763122,0.23812634,0.29365557,0.59416026,0.26443753,0.15747494,0.23008725,0.36817116,0.1949857,0.11867967,0.10701411,0.15631638,0.23289606,0.22522962,0.28162497,0.15190956,0.07415714,0.25018188,0.21193035,0.18286759,0.20738797,0.21133481,0.5589576,0.61627156,0.49436685,0.97597015,1.171321,0.56755716,0.13054194,0.32092208,0.52080005,0.6570476,1.0057876,1.0528944,0.7138752,0.76005006,0.54990137,0.6220539,0.9664862,1.3284199,0.57857084,0.8992868,1.1271933,1.3890347,1.5867803
6.302999,5.118314,6.1856837,9.448544,12.211709,9.779918,5.6667037,3.3614678,1.1790035,1.9138894,1.2135501,0.4387769,1.6632615,3.3957186,1.5992525,1.0484593,1.5993766,1.7367208,1.1870941,0.729786,0.78107244,1.112654,1.7969934,1.3182027,0.5077856,0.86082286,0.7156943,0.2966289,0.55862904,0.4664746,0.45544764,0.4462123,0.2232174,0.26028866,0.15752399,0.02905474,0.093680345,0.13860011,0.09316148,0.06295504,0.15563372,0.33176142,0.35593686,0.3756187,1.0920663,0.90935516,0.6116087,1.0736197,0.55683106,0.429991,0.93312925,0.69453686,0.76795655,0.8946122,0.48175392,0.43042246,0.7849403,0.6514682,0.32530874,0.4040063,0.2735,0.6110961,0.5507503,0.29749307,0.3625497,0.24009708,0.16745907,0.21061787,0.9447282,0.9504538,0.6735441,0.37469852,0.36269853,0.27210087,0.35934907,0.43413004,0.6138503,0.3872232,0.4007648,0.306603,0.5111275,0.66567546,0.6885636,0.6576536,0.2170386,0.22114725,0.44994175,0.86782724,0.96759915,0.9868404,0.6766065,0.40157557,0.8034631,1.068789,1.3684807,0.96438587,0.75526226,0.47066143,0.41867456,0.78913534,0.89325815,0.7104848,0.8805899,0.5221468,0.5088148,0.3305042,0.5778518,0.6623617,1.3064722,1.4810246,0.39323545,0.36516938,2.2084122,1.7549546,1.2673283,1.0866153,1.4953986,1.7122582,1.603647,0.744321,0.51127476,1.6913475,1.6652858,1.011872,0.70415527,0.8234556,0.48535326,0.8408557,0.9580791,1.2785457,5.2925787,10.03483,5.1664925,3.02287,0.67597914,0.59118456,1.1015421,0.6162681,0.32878587,0.2945479,0.25933823,0.1152552,0.10294104,0.32020774,0.2093428,0.0435247,0.06879396,0.1429186,0.20175514,0.24958588,0.16783726,0.11234073,0.26860246,0.14019983,0.039079607,0.086119674,0.076064095,0.071397424,0.20836413,0.19884305,0.20169233,0.10594742,0.21418455,0.25591078,0.38264382,0.51538825,0.40776405,0.60882306,0.40511498,0.34919432,0.36162096,0.39985657,0.33583722,0.16793303,0.12979385,0.120787,0.16432102,0.28296864,0.21611995,0.12727852,0.08813846,0.066435285,0.0931738,0.03951046,0.04447183,0.09278956,0.18784976,0.16139801,0.047712386,0.07215883,0.14818774,0.10338966,0.1455694,0.1425113,0.12172317,0.14332044,0.14155549,0.20524533,0.20411327,0.19246899,0.10897173,0.15144949,0.3799155,0.46366593,0.5081428,0.4990853,0.22168426,0.2376673,0.21541859,0.2279045,0.39303952,0.56001455,0.73993176,0.70598507,0.6701029,0.99621546,1.0011504,0.85491997,0.5103001,0.7259844,0.7324305,0.8077962,1.5150056,1.6935754,1.0054213,0.87128955,0.68930584,0.4492164,0.51260936,0.60219955,0.44854933,0.54567575,1.168513,1.2788026,0.4630302,0.50648874,0.30509698,0.45262557,0.6268911,2.0012734,6.9410825,3.5381215,1.3653601,0.83390594,0.6498159,0.5467729,0.46727178,0.27889377,0.23707005,0.33187148,0.24509633,0.18383138,0.11817025,0.06947351,0.07929533,0.08068736,0.052200105,0.03986811,0.023733404,0.048219968,0.13299716,0.16349418,0.12632294,0.07357959,0.08881108,0.26778778,0.16559374,0.08623948,0.095784344,0.0700946,0.083929986,0.22486827,0.2298101,0.25762504,0.24514589,0.072697185,0.34730083,0.5095434,0.24670291,0.17664425,0.25972524,0.2908913,0.18099482,0.19536017,0.15180278,0.13485748,0.1713089,0.097846724,0.28455853,0.28221145,0.15712939,0.08175472,0.11668128,0.09728083,0.124168046,0.2310412,0.1450411,0.0842528,0.12053461,0.16924673,0.1960796,0.18332642,0.15516603,0.0707884,0.16298464,0.28218788,0.20528151,0.6040818,0.690204,0.39753455,0.36416024,0.28493476,0.22663373,0.1784299,0.35370323,0.2996854,0.7711876,1.1229234,0.79448766,0.33725718,0.90234184,0.494199,0.70865756,0.54685557,0.6459198,0.81265485,0.6639424,0.78809977,1.3548939,1.1968417
2.9239674,2.2172813,4.668783,2.796966,6.484676,9.856427,5.250245,4.8095016,1.4449638,1.3114293,1.8268862,3.3132622,1.3789638,1.6969717,0.788478,1.3994071,1.1648495,1.1422715,2.6598969,2.0771098,1.4748496,1.8638486,1.682685,1.5988026,0.9623082,1.0575647,0.8257925,0.5733342,0.7727532,0.39443374,0.36845934,0.2538606,0.056518354,0.101686254,0.027090957,0.0137892775,0.02683373,0.048334684,0.061231427,0.08470379,0.40302998,0.52275807,0.3149796,0.39203444,0.5775179,0.5724928,0.41075358,0.5265449,0.42473635,0.33018562,0.47889003,0.38924634,0.37244973,0.5421237,0.72661453,0.49012503,0.49744332,0.50836205,0.16173509,0.9604668,0.38921323,0.58242655,0.41259322,0.13869669,0.50576586,0.20833063,0.379834,0.5073008,0.7800189,0.88198864,1.0343575,0.27096158,0.4136581,0.6238761,0.2232019,0.18474557,0.60910386,0.663128,0.56938076,0.45812273,0.71122146,0.8661579,0.861627,0.6193662,0.36352804,0.2991544,0.34902418,0.17619684,0.80512184,1.3614414,0.46471474,0.6452882,0.8102913,0.6861068,0.8034841,0.619803,0.51628435,0.40238723,0.43663839,0.29989085,0.26464915,0.38172597,1.0045875,0.4752513,0.6377264,0.9276506,0.47854125,1.4529752,1.6860886,1.2673125,0.9190732,0.8622718,4.344494,1.8049889,1.3190309,1.0708418,0.98125786,0.82242763,1.0604538,1.9518868,1.0410962,0.47193223,0.8114378,0.80836445,1.2101681,2.3864434,1.556919,0.67273474,0.60583055,0.39960298,1.0232333,2.3026562,0.7762652,0.4963746,1.1586548,1.2214139,0.8462091,0.35424045,0.6619159,0.7855357,0.6536024,0.6298656,0.23225406,0.20874648,0.28794277,0.12518907,0.086366326,0.121611826,0.118499115,0.1653505,0.10155058,0.0941526,0.13784115,0.18603143,0.10361041,0.12760241,0.07347088,0.041147213,0.17420954,0.11750499,0.13285278,0.111066364,0.18797213,0.36211216,0.45213223,0.26142544,0.10833865,0.32332024,0.30874223,0.4670736,0.4450522,0.1779472,0.08087347,0.09237958,0.088838,0.21475631,0.3132359,0.22998954,0.11652528,0.28070483,0.21590796,0.09724644,0.20311068,0.090975106,0.036144238,0.050663844,0.04859047,0.09041887,0.15081194,0.14141348,0.097596765,0.109002255,0.20915371,0.22868806,0.2718933,0.30192673,0.4641651,0.34298536,0.23122308,0.2650174,0.25850186,0.370907,0.6657704,0.5755428,0.41371804,0.24323004,0.256835,0.27380127,0.24645714,0.47282922,0.5470195,0.928137,1.747794,1.1154227,0.86124694,1.1510893,0.7482409,0.79355925,0.5983352,0.43138328,0.796712,0.6372457,2.1633034,1.590992,1.7705983,1.232041,0.7592337,1.0971117,0.8201812,1.3633378,1.2480531,1.3381429,1.4466146,1.2684523,1.3521276,2.83941,2.147061,1.6035963,1.5661618,1.672321,4.2274714,4.7981305,2.837087,2.2603729,2.104943,1.5071661,0.6881889,1.074263,0.95840424,0.8413375,0.74377906,0.78336865,0.52426505,0.26645115,0.18090665,0.11638522,0.06350168,0.042826574,0.058970906,0.15972906,0.19756277,0.3906249,0.85019684,0.6115954,0.26176056,0.33399463,0.3375137,0.595552,0.35216126,0.25474876,0.31860793,0.51040304,0.398637,0.3281867,0.33225748,0.34656844,0.4796329,0.55794334,0.33115292,0.3282545,0.3412175,0.23483206,0.24813384,0.39548868,0.5556084,0.5693156,0.66215235,0.95243365,0.48277283,0.3534487,0.45758456,0.42706674,0.5353765,0.21403787,0.2709903,0.2657632,0.14177991,0.38408893,0.6445337,0.65859914,0.6299867,0.50757587,0.8771141,0.62788266,0.31937662,0.6734695,0.49855074,0.34345153,0.5286144,1.0000509,0.48700398,1.2655272,2.1454282,1.2868612,0.81149757,1.0532861,1.735448,2.252596,1.5652958,1.4803617,1.4326551,0.7167973,0.70663595,0.8511908,1.2075162,1.3050432,1.421973,1.5471296,1.764006,2.2314718
3.4745905,2.7756963,5.429663,3.284544,6.1057196,5.6236024,4.636974,3.1458774,1.0176533,1.4556435,2.195694,2.6887896,2.172738,1.2315933,1.9918435,1.9859313,1.6267898,2.3481057,3.1660137,4.337758,3.438924,1.8756914,1.3786358,2.3717613,1.1845772,0.56082547,0.9595504,1.0351735,0.98633856,0.7314887,0.50664693,0.43914703,0.31958726,0.26013917,0.13715518,0.094909035,0.0771252,0.03733997,0.038751926,0.055310942,0.21002841,0.35631192,0.41074628,0.65409553,0.7768393,0.37637094,0.3592593,0.36897758,0.7471204,0.6179612,0.3024159,0.6057691,1.5753502,1.9500394,1.1478815,0.78829145,0.73114276,0.6680888,0.70285386,0.74098605,0.42330468,1.0189223,1.5299562,0.92855704,0.9468874,0.75594336,0.6570342,0.62745035,0.5847415,0.53944266,0.5727411,0.661931,0.3245829,0.28010973,0.36314064,0.5878107,0.9622568,0.5414987,0.6920095,0.72519016,0.56839395,0.40088362,0.66945726,0.41633582,0.44205084,0.38942185,0.677206,0.9216025,1.0411922,1.2455478,0.8840083,0.7045973,0.65729344,0.7685342,0.69827193,0.7814867,0.92203945,1.1039362,0.6038627,0.7393716,0.8676803,0.36793235,0.93909943,0.8010414,0.34452608,0.6614484,0.86177236,0.56804395,0.9152859,0.8984469,0.94878566,1.2292719,2.8823278,0.8589411,0.31187764,0.29580003,0.58547413,1.0908557,1.967183,1.9196373,0.9473374,0.6722434,1.3012463,0.83928895,0.44682762,1.2656335,0.86226404,0.491981,0.9857932,1.1603273,1.4430865,1.8618433,2.3606794,3.1564765,1.1999611,0.631164,0.6038386,0.82335335,0.6479598,1.3291092,0.7859382,0.3857112,0.19346827,0.17107311,0.207651,0.13081339,0.13129397,0.10303461,0.08262502,0.16283973,0.26315987,0.20405614,0.13745049,0.2400458,0.27630028,0.2470723,0.12701343,0.08613836,0.19225146,0.16976772,0.1143736,0.21874577,0.53860635,0.6733799,0.6299383,0.57739675,0.38866085,0.7980223,0.67331624,0.56352234,0.5060536,0.25527585,0.33124903,0.40279064,0.19329788,0.1329903,0.08257436,0.21649425,0.32023695,0.10453878,0.15596585,0.16554856,0.1393277,0.12291707,0.0927764,0.09593809,0.12350924,0.15510511,0.18440835,0.21682048,0.17575711,0.15222588,0.08700784,0.117135346,0.23353098,0.21478423,0.18748121,0.2655516,0.38787064,0.29740715,0.24553566,0.2502033,0.35859445,0.3052468,0.2805395,0.28201708,0.17185941,0.12931909,0.18128774,0.46686167,0.31676033,0.5068806,1.5912153,1.1743273,0.86915624,0.7787276,0.6497671,0.7499319,0.8652405,0.6124059,1.9945687,1.4768224,1.9715672,1.1602579,1.1066484,0.9222064,0.8378328,2.1619742,2.0284328,1.114988,1.1595292,1.3678547,1.216354,0.9222234,1.9348271,1.6260161,1.0335091,1.6494528,1.8275819,1.3178368,1.3623421,0.8573391,1.0614905,2.2363307,1.6270912,0.78869426,0.66316223,0.8498613,0.9551235,0.42943016,0.24034593,0.21436104,0.23301578,0.25067204,0.17343125,0.14154097,0.087174,0.10666513,0.111467674,0.13669428,0.18704548,0.3958027,0.37202218,0.27087426,0.3511277,0.4048784,0.3143625,0.20556857,0.18427871,0.24046928,0.43947765,0.773193,0.6194054,0.2942076,0.9328188,0.682884,0.7307269,0.77935505,0.63538456,0.5982346,0.617937,0.4524612,0.2630271,0.34650716,0.4512627,0.4212464,0.47355595,0.4245332,0.33732113,0.2916934,0.37458807,0.12803267,0.19394518,0.2638672,0.1259561,0.2847501,0.31431976,0.21919046,0.21401985,0.27019164,0.22398736,0.22689675,0.35149372,0.31675676,0.48291516,0.75017816,0.46808743,0.60864854,1.1430867,0.934333,1.0623314,0.8770289,0.40799114,0.50380486,0.75461286,1.3271974,1.0923396,1.5634928,1.1911026,1.1086421,1.538463,1.1642146,1.6117775,1.7520822,1.3579572,1.4505774,1.3653127,1.5832397,1.8251001,1.4096334
2.8654528,1.6451595,6.922224,4.0420322,4.92482,5.438478,1.9059529,1.3651156,1.3121372,1.108031,1.6144122,1.451623,1.4510976,1.0362576,1.346043,1.5379764,2.9979615,5.176215,5.205494,1.6592238,4.4022155,3.059406,2.1612551,2.039685,1.3405367,1.0462682,0.71783155,0.7983735,0.82285863,0.36731,0.27898633,0.42629036,0.23617372,0.12513913,0.13428517,0.085469276,0.16231306,0.11789078,0.14105235,0.2415359,0.37996852,0.35683742,0.3913328,1.43257,1.5585102,0.9117212,1.0135144,1.5764617,1.2339575,1.4406809,1.446641,1.2071465,0.9719986,0.8448267,1.1756827,0.9405068,1.0785583,0.61716723,0.29394212,0.42337728,0.5623355,1.0970614,1.3174846,0.6365758,0.8311707,0.6147258,0.5226922,0.23681809,0.37508875,0.8298679,0.42864725,0.5138565,0.36177114,0.713196,0.43194407,0.7233891,0.7560074,0.69551843,1.6101389,0.61538935,0.8887196,0.66430163,0.7343281,0.7561186,0.31525734,0.40819824,0.93056124,0.528193,0.81544584,0.90282995,0.70479834,0.7354102,0.8099062,1.3024015,0.7234787,0.32069126,0.5224607,0.54287153,0.2983934,0.90091336,0.74730253,1.2847698,2.468253,1.194494,0.5139198,1.281868,0.655009,0.7612446,0.9746059,1.2577577,1.3348856,1.5430418,2.0142963,1.4122833,0.7890899,0.44510084,1.2390487,1.5481201,1.387413,0.8813627,1.0984207,1.9185915,1.3804833,1.1833758,1.1747547,0.91656435,0.78133035,0.99308735,1.0328315,0.9114359,1.0047773,2.166457,1.5643296,0.757095,0.8358908,0.8710627,0.90566266,1.0531852,0.7055482,0.14327438,0.33128005,0.32064742,0.16441941,0.20647323,0.2623611,0.16087866,0.10362834,0.049039453,0.024300065,0.07293218,0.13093443,0.3858193,0.3744399,0.09816864,0.19878757,0.26713514,0.12390484,0.18357854,0.35339165,0.3625664,0.30114317,0.26503673,0.33853102,0.5823958,0.69373095,0.62428916,0.3980465,0.32635722,0.24857381,0.56236124,0.573886,0.42890263,0.30337474,0.20381448,0.23880331,0.22150989,0.11182825,0.17046405,0.2867305,0.32463998,0.21266581,0.21244706,0.30500603,0.24440077,0.13925302,0.07527164,0.17519243,0.15598947,0.1880799,0.18024626,0.18638499,0.26299876,0.27658015,0.4352792,0.39098895,0.17215873,0.12726328,0.18163043,0.30081025,0.19807127,0.3215603,0.49983913,0.4766151,0.5584232,0.4722715,0.42621484,0.41122782,0.23160502,0.16539781,0.25636378,0.7431819,1.1590173,2.1390214,0.9835102,0.3870851,0.9385746,0.4992648,0.40189496,0.5309141,0.34185788,1.5906818,1.3068066,1.1831225,1.0177981,1.9337183,1.9218981,0.663249,1.2704402,1.6292329,1.2553527,0.5738496,1.3067029,1.5568501,1.2119805,1.0674412,1.6466545,0.8287272,0.70696545,1.3368022,1.3159856,3.5565133,4.497579,1.3585536,1.1079159,1.6836381,3.0537925,1.2025257,1.0809659,0.57361865,0.74635214,0.47840717,0.42080212,0.4415504,0.7008247,0.34292385,0.2456651,0.36668277,0.12747455,0.11097676,0.22033241,0.22070208,0.41061535,0.6170448,0.49796984,0.35982352,0.37683728,0.33696085,0.3083837,0.18101157,0.13550441,0.49082658,0.5250428,0.31007254,0.48562938,1.0660914,0.6920577,0.36416212,0.61400187,0.22840497,0.56089866,0.32159683,0.3094509,0.40920022,0.64535916,0.34408978,0.28900307,0.29606095,0.46839988,0.38808888,0.31301525,0.56868905,0.5436149,0.40350765,0.23324443,0.29782176,0.39390555,0.23011993,0.15078345,0.19328128,0.17612667,0.13534181,0.3110081,0.5028068,0.29341096,0.24627545,0.33796868,0.26791075,0.5305928,0.5407381,0.7768181,1.0153487,0.7142122,0.68396664,1.2991015,1.022445,0.41369942,0.2694257,0.3581266,0.36841923,0.47930846,0.3175698,0.6750474,1.1286778,1.1441674,1.2910751,0.7981218,0.8343328,0.8290311,0.531787,0.5785785
3.3730586,4.496686,16.914083,13.856585,11.988477,14.503148,7.7512517,1.7376696,1.6021264,2.3965745,3.9092276,2.2437897,4.247267,6.1395955,4.702556,3.6732574,1.6614949,2.254615,3.4816384,2.7644093,1.6974747,3.0541127,7.172764,2.5302112,1.0529705,1.2949852,1.7173606,1.840706,0.31959066,0.5473061,0.48244548,0.5254851,0.285025,0.21637125,0.17568117,0.099507555,0.06491467,0.08136892,0.10739299,0.1682866,0.37692186,0.38734567,0.36113882,0.68549466,0.78105766,0.50592625,0.66613114,0.48233953,0.46564403,0.38322166,0.27980232,0.56006867,0.42925447,0.71969813,1.107465,1.2456375,1.1894207,1.4060973,1.2768959,0.7297699,1.1170344,1.4669789,0.76221025,0.74129283,0.9139376,0.24045092,0.24247189,0.20800574,0.25699908,0.42164508,0.7255156,0.5658396,0.41090772,0.54698324,0.3278638,0.34206742,0.34880778,0.23307025,0.50357246,0.46607655,0.6625932,0.2097205,0.897479,0.6921347,0.29557282,0.4650855,1.2671361,1.2471439,1.2808058,1.4648184,0.8230874,1.0011573,1.4962448,1.4498014,1.8608506,0.90629387,0.5328163,0.6423648,0.65144414,1.1276591,0.7589693,0.5534626,0.75304836,0.43969017,0.7488744,1.2897639,1.0580426,0.7612765,1.1869105,1.8868102,1.2738833,0.9777333,11.64805,5.4563375,1.2649312,1.4785821,2.7862084,2.6070595,2.3050568,1.926069,1.5613317,1.2100996,1.3866683,1.3999783,0.45379293,1.0090781,1.9982903,1.2375429,2.1664748,3.1095026,3.4848366,2.277783,1.4977425,1.143192,0.67739624,0.46054813,0.87901497,1.6242715,1.0725479,0.4515777,0.28002977,0.20384768,0.14996311,0.22613561,0.16888037,0.116685614,0.08245528,0.06672127,0.05187361,0.07093833,0.085334346,0.13077478,0.37059984,0.23004225,0.09776896,0.113973565,0.16369942,0.21395026,0.13506342,0.14843118,0.22479354,0.21798626,0.3242736,0.33978608,0.45745608,0.54946744,0.3188928,0.3203963,0.1943613,0.2920273,0.39373064,0.49403167,0.26810163,0.26868737,0.26201284,0.45974648,0.5632719,0.53979176,0.16928862,0.22665924,0.2170078,0.13592832,0.19274852,0.12709305,0.18576825,0.25252596,0.254352,0.21001284,0.21383452,0.13223836,0.22157979,0.22504607,0.29653797,0.43234146,0.5565834,0.32323828,0.46060985,0.42254737,0.47918394,0.19635136,0.13486898,0.2601801,0.49901354,0.84247434,0.7948423,0.35492092,0.43595186,0.7041506,0.7236331,0.5296346,0.5059549,0.80839145,0.97209597,0.5171765,0.5727816,1.7321239,0.49280724,0.62460625,1.0989207,1.3192763,1.0621423,1.690576,3.0261848,2.9108632,2.597407,2.0440733,1.2959093,1.3502162,2.1069071,2.5206068,2.1771631,2.516891,1.7197993,2.9019244,2.577971,2.8426113,1.3123448,1.9760498,1.9113932,4.962343,8.3334055,3.6333194,2.3368447,2.866507,2.3731673,1.2978913,1.1271206,1.4588335,1.1105787,0.8497756,0.68259245,0.78066945,0.40635008,0.15358396,0.1711408,0.20799813,0.21838781,0.16338895,0.1562856,0.17989418,0.20944469,0.38988245,0.69636333,0.74803287,0.56150854,0.3766796,0.4501684,0.4314966,0.251925,0.22340208,0.24240233,0.5469777,0.6606873,0.589906,0.9565852,0.7372241,0.31155655,1.0027725,1.3590857,1.632261,1.2503842,0.44049215,0.11194806,0.20751168,0.2730063,0.33060855,0.63921344,0.4137489,0.42909005,0.33833337,0.38823077,0.33440685,0.30625337,0.3431762,0.3588134,0.38342863,0.44848976,0.40750793,0.28853157,0.31724495,0.34256488,0.36772048,0.5975397,0.51942164,0.37940755,0.580265,0.35522002,0.557165,0.42836726,0.583384,0.47306448,0.44030645,1.182661,1.3248312,0.8290205,0.9294644,1.3394033,1.025022,1.1495336,0.599502,0.9674003,1.533693,0.924174,0.7265734,1.7990397,1.8942142,1.8627193,1.6760814,2.1309628,3.5897353
5.8560753,4.8840365,5.617476,11.3318405,12.869709,11.643804,5.834277,3.5985408,2.1630914,1.2721195,1.2274097,2.7530627,1.3987173,2.5070536,3.0780563,3.6149049,3.3488648,7.6335855,5.1465373,2.8403902,2.1417847,3.3221796,2.3076363,4.922454,3.6618092,1.6997321,1.0938386,0.57263035,0.50108385,0.28146034,0.26022902,0.15722665,0.39964315,0.3360009,0.19698349,0.10173749,0.08128089,0.07535868,0.15261982,0.34765682,0.7685282,0.31759384,0.5416623,0.856471,0.8165397,0.18043602,0.49938938,0.7614001,1.0627701,1.0341668,0.75165105,1.0390948,1.1907482,1.5556831,1.3201329,0.6335726,1.2869924,1.9801098,1.3829317,0.77943057,0.98290056,0.62286973,0.22130708,0.5435486,0.98683,0.5585334,1.0931072,1.4490892,0.75462717,0.34469557,0.45379582,1.000202,1.5442187,1.1240392,1.1189872,0.71265733,0.7888771,0.50029016,0.82530314,0.41273704,0.23739271,0.60066867,1.1099015,0.7325625,0.5368178,1.0049884,0.99565184,0.49682048,0.6681008,0.73530585,0.5666835,1.9884663,1.2259864,0.44138762,0.26352564,0.41255963,0.537992,0.62539494,1.2771627,0.8128388,1.2722967,1.0464814,0.5316481,0.42059666,0.24841346,0.50572586,0.40555277,0.33984,1.430104,1.8184701,1.2242543,0.9868605,1.4119387,3.6969373,1.8335464,1.2331218,1.3103372,1.502214,2.2218099,1.4175485,1.413523,1.5513046,1.1637311,0.8104059,0.60205305,0.99907136,1.3453243,1.6579385,2.3136036,1.5293772,1.7028483,3.654525,2.3021061,3.2480497,1.8327101,2.467607,3.0959644,2.5980973,1.0434245,0.9776826,0.5160218,0.35253716,0.27738684,0.19706756,0.25888082,0.22887869,0.279469,0.22471747,0.21852687,0.19279543,0.1451077,0.3612252,0.5357644,0.19958171,0.20626824,0.11460029,0.051384088,0.11703264,0.24748251,0.31795382,0.25286576,0.4305002,0.6474017,0.7573814,0.5785696,0.5836706,0.5055214,0.96158177,1.1808039,0.9852245,1.4029267,0.94366515,0.83588034,0.6441679,0.6634769,0.38665938,0.38832256,0.573615,0.26416355,0.24296525,0.36959487,0.39327073,0.47075674,0.24321297,0.26083675,0.22535536,0.21888413,0.15538245,0.34813467,0.4681757,0.506255,0.5433504,1.1392298,0.47377062,0.99845743,1.0316344,0.8338547,0.5235761,0.88229954,0.87734735,0.5689275,0.4725111,0.87472546,1.6777668,0.9192299,1.0180546,1.4826491,1.349886,1.9142683,1.5449922,1.1105607,1.8562343,1.267991,1.2828016,2.3866928,3.2716968,2.1481888,0.9397673,3.0250936,4.1515174,1.3663604,1.6376417,4.2856584,2.823958,2.485904,3.9450655,1.7851101,0.67817485,0.83307683,0.96560216,0.9295756,4.8734946,3.3265269,2.5029085,4.7324243,2.717024,1.5887648,3.2444632,4.2040906,4.482686,3.4018536,4.1585026,3.165631,3.259813,2.8663204,1.5129437,0.86065376,1.2316931,1.9945265,1.5428786,0.5538784,0.64228,0.7402232,0.54463196,0.4590827,0.533262,0.3820942,0.34990007,0.20169139,0.30538103,0.47072122,0.66246045,0.38971564,0.43213254,0.37649795,0.30694425,0.5980087,0.4620038,0.5317209,0.8192858,0.6078513,0.7518494,0.6971538,0.5588951,0.78474975,0.62706894,0.63979757,1.1118145,0.879981,1.0446494,1.0602599,0.63741213,1.0424353,0.9566449,1.1764324,1.0429869,0.9937209,1.8718728,1.6774502,1.1522381,1.0987183,1.2651423,2.4958045,0.8164904,0.37537056,0.6857152,0.77064836,0.3329296,0.58145213,0.5142106,0.4738588,1.051664,1.0923183,0.62933934,0.6124994,0.9797802,1.1807636,1.0324703,1.3680134,1.7708786,1.9901195,3.312651,1.8454188,1.6152296,2.5552661,3.0512114,2.9208426,2.3895352,4.362648,3.3482194,4.4599977,5.5681696,4.2048254,4.267584,4.1854787,4.344693,6.345862,7.2576175,2.274585,2.4353614
130.81165,81.364525,605.81647,375.1993,342.83472,149.22578,69.72156,58.117172,24.118103,46.065994,41.288013,34.403133,30.9665,39.315464,24.633224,24.946545,45.498337,39.31513,14.337378,23.702326,26.088858,12.621989,13.585273,20.263144,18.686068,18.296036,14.944,8.608918,7.2775064,6.4789066,4.558501,5.9197893,5.837949,3.5342135,1.5503521,1.1431414,2.272637,1.0691917,1.0808649,1.50762,2.6217227,3.482315,6.8157816,9.034118,8.78766,3.8245425,3.9239278,4.418854,6.910331,7.488788,9.684592,15.494647,12.994597,11.117431,7.2184076,6.0640287,10.822832,12.005035,11.040705,10.112055,7.8302073,13.145828,13.371123,12.698837,10.481219,6.9391394,5.1784773,9.838152,6.4939957,13.107527,15.400202,11.789699,17.7882,14.147382,9.102405,5.720355,13.233083,10.984879,8.328149,7.710443,7.980376,6.276207,12.8702345,16.600525,8.217857,3.3243165,5.6255417,16.552998,15.841895,4.907179,10.600386,11.412164,9.029465,14.869637,6.0818696,3.8795762,5.9219675,6.1924524,5.8161664,10.44777,10.467504,6.113524,7.6596437,4.5419164,4.962998,7.818957,5.951012,5.0600586,8.91732,9.049377,65.10441,42.859943,304.10754,253.8399,124.90828,33.323727,22.783972,33.522602,15.996943,32.662815,25.04935,30.101519,23.961903,22.508574,17.978476,22.021414,38.51339,17.605171,6.0878057,17.503368,28.955189,23.390493,13.8487015,12.679684,13.130444,10.923303,8.212397,4.315429,4.0655684,4.064413,3.7554798,6.5320168,3.7075286,2.2889228,0.7236323,1.1203643,1.9052197,0.6379032,0.56802154,0.8837202,0.7305065,0.811015,3.0148141,2.595179,1.3083692,0.7280149,1.0551838,1.5151931,3.0382195,3.1059823,2.925911,3.9087036,4.4792767,5.1404524,3.6175578,4.660664,6.31595,7.0318894,5.0251117,5.5249233,5.5789666,4.029286,6.320185,6.9093957,2.2755048,1.9724678,1.4520807,3.5078287,3.4625814,3.7434258,3.5357318,3.8203764,6.988016,4.706958,2.209408,1.6273437,3.9048169,4.31161,2.1249363,1.7939054,2.089626,2.259443,2.6468225,5.481536,6.0836487,3.210278,2.03453,3.689457,4.3580503,1.3691086,2.5251553,4.352525,7.691145,12.225831,6.357223,3.2447047,4.2797136,1.8072939,2.5703862,5.1828156,7.9412603,8.022842,14.489519,4.9521103,3.8394537,6.936387,6.385916,6.7705307,9.030633,10.917296,106.98487,74.219444,276.84058,219.3933,148.38495,54.39795,31.92901,40.426064,19.604696,41.06993,44.018818,44.93337,41.75931,33.57847,25.55984,34.786327,53.051346,30.38297,12.137563,16.082361,25.407787,13.153221,20.454653,16.41421,13.920676,12.606281,15.354721,10.3766775,8.627183,9.939645,6.4312024,5.907241,3.9089892,3.377598,1.8765241,1.3007503,2.4036777,0.83796525,0.89487183,1.3058274,2.42764,2.4631376,3.835715,4.2050986,3.9048722,2.7148125,2.9672096,1.5734782,3.1456218,6.2977004,7.523423,12.661381,7.899116,5.313091,7.1692133,6.48158,8.890623,10.605432,5.3034062,3.9944315,3.6332479,7.3016205,8.304845,7.5909696,3.2774413,5.1719027,5.6319337,9.082848,4.883689,8.915693,9.690816,8.335704,11.33711,5.312958,3.554836,2.571058,4.7261124,4.727639,3.7232966,4.62652,3.33999,4.208262,10.083736,12.3733835,11.88399,6.9302106,4.2595305,12.371031,10.54516,4.9919295,11.678974,9.408688,11.409016,13.910485,5.8052635,9.193706,11.38337,18.457722,21.220974,14.698822,10.224984,9.932497,12.012337,10.552379,13.297018,18.945118,10.434387,8.229841,13.415845,18.935724
6.6762013,6.695628,10.207794,5.3285437,6.0139017,9.016813,9.549136,6.812065,3.3069339,3.904764,5.756826,5.879113,2.1766787,1.1101134,2.337902,2.0439968,1.9194877,2.1707702,1.8856307,2.3504126,2.5064003,1.2885095,1.1218665,1.1250865,0.63019544,0.70165074,0.44207907,0.6603754,0.44799832,0.33868372,0.3933472,0.42088923,0.22745086,0.10274262,0.114859715,0.096685894,0.13662943,0.15373205,0.11972102,0.12237581,0.21755774,0.38566965,0.62642556,0.26105255,0.20502326,0.2344234,0.38700396,0.3696984,0.6355705,1.0535283,0.9518947,0.6718086,0.47647753,0.6220598,0.25451803,0.4783265,0.67985785,0.8367954,1.0648326,0.63964605,0.5053236,0.77987045,0.7967141,0.7424561,0.60271436,0.37741235,0.39430577,0.35008183,0.71094435,1.0792762,0.35117543,0.44489,0.7611866,0.8229792,0.7846036,0.47648996,0.67657185,0.69468594,1.3508561,1.0537128,1.6554724,1.0115141,0.5432811,1.0052823,0.8573895,0.3191873,0.4634391,1.3765036,1.2093332,0.8003319,0.86779535,1.4270877,1.7547088,2.1961544,1.5659415,0.78740376,0.95204085,1.5522492,1.1373816,0.30809987,1.0452888,1.7359128,1.6312811,0.74888885,1.308081,0.86193895,0.7541704,0.98304826,1.3942066,1.291104,0.5145663,0.54243284,2.453014,0.7639761,1.3743056,1.5605643,2.980706,5.503501,2.947696,0.8565714,1.1848767,1.6294125,1.897369,1.0272164,0.62202173,0.9911374,0.92738736,1.5884538,1.7579231,1.193737,0.7596059,0.28445527,0.8293643,0.95303345,0.5138455,1.0355371,1.0445422,0.7519644,0.45889595,0.2588368,0.27890864,0.22291604,0.30448088,0.21229948,0.20495047,0.13836691,0.09660258,0.07561559,0.11514787,0.17156953,0.11466031,0.21760784,0.33116224,0.112163916,0.12274572,0.17316927,0.15068789,0.11200821,0.087208726,0.16968472,0.16177101,0.245455,0.3970728,0.34819204,0.23958763,0.34294713,0.40704885,0.43273002,0.4980829,0.34859583,0.31690317,0.29052776,0.4595977,0.39169827,0.12905766,0.18697353,0.18564336,0.22135586,0.36401507,0.23224585,0.11150916,0.16013572,0.1598376,0.18276183,0.19307964,0.12814161,0.21702261,0.47950435,0.35775405,0.15576516,0.18592206,0.51166916,0.57834756,0.6118024,0.32970765,0.26059675,0.31383148,0.2334035,0.2158148,0.5831334,0.7597269,0.4311013,0.41888723,1.0528595,0.6997743,0.61008555,0.9595986,0.70062375,0.68900657,0.78250873,0.9426865,1.321051,0.7939877,0.86984557,1.8106686,1.5461171,1.2357961,1.0898588,1.180564,1.227276,0.60474735,0.64408857,3.4580603,1.0831267,0.7868633,1.2373173,1.2730187,1.0054142,0.9332595,0.8510637,0.96537983,1.1472609,1.5413942,1.258317,0.87819755,1.2556187,1.3193707,0.6577053,0.622515,1.0411088,0.5608158,0.57928073,0.71245384,0.28948596,0.4324876,0.56586254,0.7457304,0.9737423,0.21040675,0.22303163,0.2514213,0.38140008,0.24059966,0.15050344,0.07287437,0.06199654,0.030955669,0.006532298,0.033938676,0.13936363,0.13092317,0.10805694,0.10622171,0.10115125,0.13537537,0.14782481,0.124260135,0.10195746,0.094553046,0.11818218,0.3434468,0.42841148,0.18000044,0.1405659,0.15429401,0.17972524,0.32063633,0.439374,0.4832427,0.2737702,0.36518556,0.61015767,0.3997028,0.4733647,0.24839076,0.19770287,0.25717232,0.29972306,0.29010788,0.16451323,0.38161618,0.34906182,0.0971906,0.07338063,0.07863953,0.11611549,0.07554825,0.07164792,0.17102364,0.31708166,0.34009266,0.114930205,0.16472751,0.23887031,0.42604816,0.35970053,0.30715868,1.1195834,0.6016639,0.57007605,0.3776441,0.49381876,0.88483757,1.0775259,0.98533696,0.8796074,0.5745843,0.48230803,0.75384426,1.1883057,1.5128076,1.5743818,1.6292183,0.617093,1.152654,2.2533882,1.457778,0.7582025,1.8398455,1.8645989
4.2151146,3.6083484,4.259603,1.3184686,2.54145,2.3229074,5.3592844,5.325187,2.1647563,1.9412317,1.3833442,2.7032082,2.8357112,2.0498006,1.2527418,2.1046474,1.2055222,0.8561813,1.7955104,2.0469613,2.7349558,2.1692357,1.611148,1.3007091,0.6466408,1.1044645,0.9418947,0.9140207,0.43005183,0.187262,0.32459643,0.24244682,0.24866347,0.13980973,0.083423376,0.044038907,0.031581964,0.042796228,0.120734826,0.067019165,0.18187869,0.78114367,0.7948498,0.43056783,0.5845523,0.50158316,0.66418695,1.1751359,0.78530306,0.72613114,0.8253476,1.1934088,0.9277839,0.7588671,0.59273607,0.6389526,1.5372391,1.1534396,0.76397914,0.34165806,0.28018183,0.65904826,0.8159587,0.783001,0.5303431,0.42932674,0.59465086,0.4418495,0.7570465,0.85055345,0.93753797,0.9443467,0.5725448,0.43093312,0.34196326,0.31779516,0.825276,0.64159024,0.83583057,0.5980375,0.494307,0.8230071,1.5298985,1.1523871,0.23693918,0.23580207,0.75260407,0.84283674,0.9388378,0.88651985,1.5407631,1.2126628,0.24012108,0.77969664,1.232646,0.91543406,0.6821231,0.6590878,0.8265461,0.7949432,0.6086185,0.84641284,1.1889315,0.99323344,0.7472689,1.2192284,1.3496591,0.81490797,0.6524093,0.7475054,0.3615458,0.33211818,1.9003913,0.79846543,0.48285407,0.53239596,1.0698761,1.4081544,1.085759,1.7669067,0.8446236,0.9405001,1.3705962,2.2374878,0.90086496,0.6947743,0.6655589,2.105911,2.3409612,1.5101393,4.3484583,3.3929493,1.9951843,1.1736807,1.4362913,1.1978465,0.8398471,0.47460347,0.33841163,0.110543266,0.29059762,0.22817351,0.121174194,0.14416683,0.15582088,0.12826985,0.10178812,0.063024044,0.05713534,0.06888146,0.16136749,0.21922414,0.0947485,0.09583835,0.21875791,0.24073464,0.21640912,0.12508579,0.053722367,0.20597771,0.22832067,0.20904839,0.24331482,0.27456388,0.44807523,0.5193711,0.17793618,0.21641871,0.53068346,0.6451737,0.31569314,0.22836807,0.33804074,0.09149286,0.15836038,0.18730557,0.18592836,0.2578356,0.35198054,0.38400942,0.20948115,0.20722985,0.30183783,0.22332233,0.19486792,0.07131781,0.1408366,0.17431277,0.13594969,0.06915516,0.033698253,0.11958153,0.17229506,0.1462233,0.18769558,0.41075712,0.36316028,0.22786598,0.24120905,0.2709631,0.18815254,0.30524278,0.54288787,0.56644315,0.49180642,0.2650702,0.21032289,0.19350134,0.4291472,0.62810117,0.35397726,0.81780255,1.1822658,0.75874025,0.62666416,0.5331873,0.71412754,0.7218414,0.79453385,0.9116858,1.1561166,1.1424354,3.0313983,0.80751836,0.6898272,0.7250467,0.688257,0.8372896,0.84606385,0.49870902,0.64868003,1.0603435,0.69383734,0.4921415,0.95817745,0.76597816,0.27036628,0.54578215,0.69315994,1.7876682,2.740915,0.9154276,1.878366,1.5659285,1.3951635,0.9555514,0.84404075,0.47365463,0.27435327,0.248849,0.15963803,0.2081242,0.12555669,0.15013689,0.08594569,0.041940175,0.056266755,0.04503656,0.05384873,0.062178414,0.09001136,0.16959916,0.15155283,0.15223345,0.14215387,0.07603361,0.16407338,0.18401282,0.03841869,0.06417162,0.1964232,0.46664092,0.3723882,0.37168238,0.19622743,0.22814439,0.4643406,0.60531765,0.30781427,0.27852115,0.24441098,0.16935264,0.16981225,0.11446273,0.15728967,0.1240108,0.22371542,0.19366579,0.31875676,0.30605084,0.48329544,0.5284607,0.5293266,0.18606105,0.14739643,0.18696731,0.12668322,0.09348369,0.23349772,0.41569817,0.3076294,0.25644383,0.24927408,0.3484247,0.31089061,0.3829801,0.22743283,0.28213835,0.27594078,0.3124412,0.67116666,0.88138884,1.1681267,1.1061206,0.769632,1.0071672,1.1706654,1.0856931,1.0548446,0.95652455,0.5431376,1.0618207,1.7199255,1.7432331,1.7633115,0.8457077,0.92099607,1.0018572,0.89403325,1.0714397
2.7009428,2.517077,2.6926937,2.9029913,4.186069,5.5176716,2.2530355,1.4114026,1.5120232,1.6702368,1.3103094,1.4216819,0.9431161,1.4858614,1.2590936,1.4917052,2.0954847,2.2595642,1.8694175,1.6983751,2.5559258,3.2054174,2.7219074,1.4874179,1.3152772,1.538466,2.107699,0.8836947,0.69152534,0.66332096,0.15993237,0.28526086,0.2099742,0.09388898,0.10753989,0.14388238,0.15168199,0.044315316,0.06311538,0.10031259,0.17066579,0.4003605,1.0147471,0.9822684,0.34328002,0.3118791,0.11656872,0.28772902,0.27448922,0.43005776,0.8272092,1.1741592,1.509159,0.7987065,1.0046327,1.0389037,1.1558551,0.76419485,0.23462836,0.41085368,0.348303,0.7284481,1.1600581,1.3317926,0.89678645,0.99289465,0.50481904,0.5255989,0.7085549,0.28796238,0.734865,0.5183375,0.37811443,0.71856374,0.675789,0.2798285,0.37840563,0.60381436,0.55325794,0.29425305,0.59063774,0.64042234,0.857706,0.6087002,0.12984937,0.37138134,0.7161484,0.9022747,0.9563455,1.4055654,0.60194707,0.504075,0.33047688,0.82630247,1.0346476,0.25366682,0.20793927,0.54129285,0.6074753,0.45004496,0.5425471,0.3724487,0.887692,0.41126615,0.7718239,1.2349007,0.7548368,0.6629345,0.8080484,0.603741,0.86292005,0.82776356,2.2790787,5.4483514,2.7764535,0.9030361,0.5521229,0.49161172,0.9657174,0.6728127,0.29651958,1.1288614,1.7274305,1.1723448,0.70819604,1.3127799,1.0462838,0.7696581,1.8973287,2.6473148,4.2195296,3.2965953,0.6813332,0.8800893,0.86716807,0.40600252,1.1409732,0.9381654,0.7536795,0.6651758,0.2937483,0.20289063,0.23727429,0.22883892,0.17202906,0.07315769,0.07066172,0.10509945,0.06240782,0.15809454,0.24420084,0.2740129,0.3859075,0.18961811,0.122071385,0.14709812,0.18545215,0.09120202,0.21298479,0.1510992,0.080723554,0.29417717,0.5061128,0.33224773,0.25362486,0.30195472,0.4984498,1.069103,0.6618116,0.62246525,0.5059814,0.35163924,0.36559576,0.3281849,0.104656644,0.22688776,0.20340861,0.18314345,0.20057823,0.13890035,0.084131286,0.116177514,0.17267843,0.12861349,0.035819404,0.08538123,0.13277969,0.1891294,0.11510049,0.11332995,0.11933676,0.17751384,0.31717432,0.5255354,0.25438827,0.17335969,0.14692736,0.13829659,0.16828533,0.2949115,0.24808633,0.1299459,0.1304031,0.27147868,0.38916734,0.24359776,0.2270047,0.09105497,0.44254634,0.7579519,0.39513806,0.6858966,1.2306497,0.67031693,0.41698524,0.765396,0.55190104,0.29254043,0.69144386,0.4094787,0.45581117,0.3950659,2.0809498,1.3474894,1.2459579,0.9371106,0.45038584,0.4133233,0.2963757,0.72306955,0.8616383,0.6343711,0.6934518,0.67675775,0.712835,1.0780976,0.79000676,0.68247694,0.45450485,2.326595,4.7603664,1.5518359,0.798145,0.8098295,0.7156887,0.28920078,0.21938019,0.3105408,0.37289304,0.3491887,0.43762952,0.48604023,0.085086316,0.11049199,0.11082366,0.04915829,0.045568716,0.040880963,0.08204441,0.076336905,0.034063805,0.13371488,0.32123774,0.2456554,0.19743428,0.10266709,0.12944356,0.17170636,0.090756275,0.10697907,0.30892542,0.32611823,0.21288581,0.3280855,0.46811548,0.4328696,0.36077413,0.50023806,0.19883199,0.32341042,0.20068765,0.36135325,0.13125391,0.22626683,0.23981054,0.2986703,0.23346347,0.22260678,0.23183139,0.16683513,0.20494904,0.119269885,0.14240792,0.07180524,0.09778172,0.07580105,0.089654915,0.06656612,0.10794912,0.1940511,0.14063607,0.17059605,0.3059461,0.27752542,0.24242431,0.4315021,0.3311924,0.55952996,0.4144548,0.29435515,0.42713472,0.4909356,0.26214674,0.33652827,0.112983584,0.5325244,0.7345581,0.7414427,0.7177273,0.69376457,0.71140546,0.29093865,0.46655384,0.41170216,0.5774451,0.5964358,0.44717863,1.1338029,0.6995108,1.1944278
2.2386622,1.6995119,3.543316,2.9523237,5.8880644,9.495672,7.195344,3.8600159,1.3359357,2.1076348,4.110258,2.9473784,1.5793849,3.3121235,2.8863502,2.7360713,1.7987502,1.1997277,2.5893776,3.206843,2.6011844,2.2812078,2.2891955,1.7737496,1.4474678,1.3140422,0.6319618,0.2528126,0.47534913,0.2896255,0.23124447,0.12082618,0.18624999,0.11927221,0.06663547,0.1148566,0.08452979,0.04037648,0.06959254,0.19612572,0.109774776,0.1409484,0.27196026,0.25949603,0.3954362,0.6293402,0.44930357,0.16844252,0.15745108,0.58365375,0.5483379,0.5528332,1.341642,1.566263,0.54568225,0.4574693,0.49130574,0.85494125,1.7097152,0.50181764,0.63810694,0.9389886,0.652243,0.29389918,0.6346479,0.59673876,0.5091567,0.6360747,0.2507308,0.35672098,0.4102718,0.5992906,0.56506747,0.72703004,0.4038776,0.4217399,0.4356244,0.41077775,0.35487446,0.37902313,0.56809705,0.56973773,0.41413674,0.20060973,0.34090468,0.6266135,1.2311832,0.7398067,0.44069704,0.31448644,0.8250402,0.7297911,0.39426777,0.8611868,0.67167455,0.25790286,0.24574278,0.39054886,0.62614733,0.6903439,0.39501268,0.76914215,1.0465856,0.98540145,0.41668734,0.41336176,0.50631034,0.31272104,0.46435654,0.60029155,1.9854214,1.8843695,1.9474759,1.7011187,1.500805,1.2505553,0.9424817,1.4001031,2.0470338,1.3943313,0.5899908,0.84819645,1.1596823,1.237896,1.8851923,2.0073817,0.45530084,0.7986619,0.8970954,0.8577248,2.2404473,5.65136,4.9729276,3.4426131,1.0040971,0.53068095,0.5011056,0.23481004,0.23421663,0.3237468,0.2896334,0.118941315,0.17704515,0.09566983,0.07062387,0.07933161,0.11717841,0.045463696,0.037956443,0.057326756,0.05142913,0.11266013,0.29756573,0.20290942,0.16041958,0.3015413,0.23091668,0.102328055,0.09693385,0.11157452,0.1257045,0.17333065,0.33089358,0.11851892,0.19102567,0.22084746,0.15432513,0.3625331,0.4861543,0.37347704,0.32749066,0.2535609,0.261356,0.2694244,0.17610414,0.09645638,0.08152938,0.0694917,0.14696008,0.15793392,0.1570644,0.13838007,0.15152355,0.23415191,0.0833291,0.030673558,0.074058525,0.18097875,0.08994383,0.12061537,0.15728755,0.10697527,0.21834245,0.26763168,0.13246499,0.085797034,0.120673314,0.28741214,0.3157031,0.27869406,0.18984261,0.1421338,0.2609777,0.18078838,0.48394772,0.18178459,0.14907211,0.27066752,0.31568697,0.17919566,0.5551962,0.68549335,0.9613338,0.7539966,0.73245233,0.68900067,0.23774561,0.4317089,0.4932898,0.4784504,0.45542517,0.6153695,2.1465888,0.7724077,0.87829304,1.1699643,0.9873791,1.227993,1.370891,1.7179215,1.7691427,0.90495765,0.70934683,1.1511952,1.8405923,1.0274124,0.8802679,1.082567,1.4353465,1.6785975,3.4061654,2.878272,1.8005078,1.5356417,1.0154053,1.4624456,2.1410935,0.9743247,0.7423527,0.63291407,0.30559886,0.31693625,0.35059804,0.5437982,0.1860303,0.21953678,0.094988994,0.10277703,0.17310323,0.112027116,0.09716693,0.13541524,0.28999522,0.2969158,0.22924793,0.30702916,0.5010598,0.12157522,0.060163707,0.17753884,0.36875328,0.64808327,0.73453605,0.46942043,0.42583537,0.27735317,0.28823632,0.45875347,0.7392242,0.35992122,0.30108273,0.3044956,0.14937332,0.2616521,0.5709722,0.27346444,0.46689463,0.6292803,0.37019795,0.2743846,0.28845373,0.3022745,0.22857475,0.17390494,0.25320363,0.3426518,0.46088648,0.24853203,0.4141649,0.646982,0.3036633,0.31897736,0.26605323,0.21706139,0.22057249,0.27798194,0.40514767,0.43856588,0.81140053,0.7974614,0.5319617,0.36662084,0.54673696,0.62021506,0.3684345,0.4084015,0.5831834,0.8496961,0.47205046,0.64157844,0.69723886,0.65802634,0.8903652,1.0420136,1.1461103,1.4429241,1.4499336,0.60769415,1.6215035,1.5654712
1.5265316,1.726333,8.152612,2.1456347,1.9743518,2.8378353,3.7174854,2.1860292,1.0820478,1.5517716,2.1946614,2.3717947,1.8334241,2.6952114,1.8680265,2.5047562,4.95467,6.488549,3.3284323,2.2312376,3.959832,4.097555,1.9888965,3.2708638,2.5028052,2.0819795,1.1042733,1.0545259,1.0680255,0.86537147,0.56328636,0.4356155,0.36655214,0.17639592,0.11043412,0.13760492,0.09127603,0.037563574,0.06082607,0.17130302,0.4769889,0.51501364,0.30387327,0.44699576,0.57821465,0.8350811,0.58203506,0.4608906,0.71606356,1.4012915,0.924321,1.6769787,1.8205281,0.7694941,0.65388614,0.6441758,0.5754066,0.90088075,1.3071998,0.98423463,0.7155174,1.0732459,0.56601703,0.5724074,1.029683,0.5047988,0.48133144,0.6281039,0.7774405,0.8358836,0.8424346,0.69787884,0.6690594,0.49415603,0.3720917,0.45417738,0.32453066,0.2295812,0.35265246,0.38237512,0.6035099,0.59857637,0.3591851,0.30991226,0.24059373,0.22953092,0.47354686,0.6804001,0.8233031,0.67957056,0.60018873,0.82094705,0.62679446,0.47827867,0.47017932,0.43040368,0.73768723,0.44746834,0.31947196,0.386699,0.7354955,0.49955672,1.1424379,1.0076977,0.7931693,1.019923,0.97481114,0.44244966,0.7596306,1.3822916,0.82225907,1.0642426,2.4309528,0.8936355,0.36015254,0.40948,1.0764823,2.1093245,2.014384,0.75989324,1.0656267,1.1915628,2.067102,1.8093388,0.5132196,0.67353046,0.8643765,0.9989228,1.3264989,1.5027609,4.145799,4.931862,1.0840005,0.81710285,1.5864089,1.2865549,1.1852663,1.0787046,0.81428266,0.40149242,0.33042502,0.20484975,0.13637817,0.16746573,0.11652534,0.06463259,0.093305014,0.06257958,0.106959276,0.19271375,0.25273442,0.16010399,0.20773417,0.27440864,0.23930322,0.16020484,0.16582526,0.18893719,0.34580323,0.4250576,0.19069918,0.35567883,0.329966,0.260108,0.21264818,0.54771465,0.71573925,0.55889684,0.53067034,0.45578477,0.39868924,0.4660676,0.3069659,0.16396803,0.19596475,0.24077441,0.20152408,0.44202337,0.3758171,0.22929652,0.1407295,0.078158855,0.05301042,0.116801515,0.17753594,0.17016558,0.13343482,0.13720994,0.10602092,0.11138506,0.20113094,0.16735162,0.18471529,0.18475391,0.17779803,0.15335132,0.1387818,0.13547325,0.1831193,0.47954792,0.2158487,0.24566944,0.35260892,0.43623075,0.2772461,0.14055492,0.18001707,0.13336964,0.12772757,0.21487495,0.43054837,0.7261794,1.3946958,0.8196577,0.24134661,0.31299913,0.24181105,0.23387407,0.24054986,0.9558734,1.0246838,0.94836235,1.4827797,2.6363108,2.219206,1.0130785,1.1072657,1.177006,0.9489895,0.74068934,0.85424834,1.0542998,1.3918782,1.8610269,1.7611414,2.3802986,0.9627391,0.8586426,1.2979743,3.4062283,7.1908765,5.1623774,2.7802687,3.4749205,2.1533453,0.7352806,0.29562995,0.49693227,0.78329784,1.049783,0.35223493,0.38033172,0.32763153,0.24802677,0.19177514,0.18726139,0.14332111,0.0657004,0.055530824,0.10796292,0.46440208,0.8174643,0.67510325,0.33975527,0.6988822,1.0802304,0.82862973,0.6548111,0.3508168,0.5552436,0.2942303,0.31549248,0.3362915,0.41186813,0.4236224,0.22836867,0.3044256,0.7677051,0.53666776,0.51403874,0.3885935,0.32399854,0.28427848,0.2599584,0.23281217,0.1979094,0.4458224,0.2260184,0.3100449,0.45404825,0.2904262,0.19242875,0.16508658,0.1665235,0.16628808,0.24609785,0.22141302,0.20137343,0.3060456,0.39880016,0.15533479,0.17766908,0.41681188,0.24847443,0.36744446,0.3557924,0.21089198,0.37591845,0.41011855,0.5440444,1.4921668,1.2521896,0.70357174,0.69863486,0.5249568,0.4414686,0.76761717,0.52998614,0.52002686,0.8988022,0.48282176,1.2618327,2.0027797,1.0470489,0.5002006,0.5575468,0.50647,0.5065071,0.6417651,1.1099302
1.7748818,1.4128221,7.174031,5.387037,7.3448324,5.6896586,2.7863421,1.1144972,1.9869331,1.1198411,0.4287362,0.5887684,1.5632689,2.2252858,1.5466021,1.9805554,1.7956139,3.0088046,2.3722334,1.9924961,2.6101587,1.779728,2.1939826,1.5210853,0.5468213,0.68897057,0.24408811,0.44669953,0.84635097,0.5698906,0.31782687,0.30779755,0.16667289,0.14502822,0.07876319,0.061533034,0.123988986,0.0858746,0.07423649,0.09193902,0.18199195,0.4362378,0.43976828,0.69586426,0.4116166,0.3792778,0.32859123,0.41045624,0.3308236,0.38023806,0.44887543,0.3594421,0.27347943,1.1267883,1.4187843,0.8127275,1.0033903,0.76675564,0.36232787,0.44350955,0.7941489,0.5660663,0.54469115,0.2586389,0.33717328,0.16852605,0.1825765,0.5368362,1.3029933,0.7153604,0.44325277,0.22083096,0.34584808,0.38108587,0.2605594,0.45482838,0.45948312,0.6023309,0.8987119,0.5147776,0.5438524,0.46034187,0.24254347,0.24987124,0.40822944,0.2675255,0.08529551,0.34249794,0.6142271,0.9518708,0.83398515,0.72003067,0.55829173,1.2975211,0.9061547,0.79960907,0.72864246,0.6111319,0.43278924,0.16722743,0.30649793,0.560156,1.0918258,0.9354179,1.1407236,1.453827,0.60967696,1.0157301,1.0792923,0.6351951,0.63972545,0.6411017,1.2194685,0.31329122,0.4440272,0.48225355,0.35234004,1.1435186,2.0789068,1.2176317,0.16608615,0.5177628,1.2508769,0.91404086,0.796589,2.0180879,1.6077025,1.4708928,2.1750765,1.5732929,1.7784603,3.25296,3.5913308,1.7512274,1.2347536,1.7803904,1.7570992,0.7320746,0.2550486,0.5580061,0.35113332,0.38092676,0.20331104,0.11160674,0.15206522,0.06080233,0.11198235,0.11585142,0.08148747,0.10281839,0.1604732,0.21133879,0.19726233,0.13045926,0.0826734,0.064358525,0.14325562,0.08370245,0.08909672,0.1917723,0.19146256,0.20152202,0.30306792,0.5595084,0.632127,0.5836787,0.56322014,0.46207952,0.2292557,0.30708337,0.52823865,0.40273458,0.1787361,0.2849248,0.09407587,0.30346113,0.33723074,0.18601815,0.24187504,0.17271227,0.16186707,0.07451083,0.06555208,0.16614491,0.13424788,0.15004738,0.14017904,0.16883382,0.09822401,0.07805388,0.14056467,0.11796752,0.29363644,0.2398692,0.23230745,0.16612126,0.07847006,0.08860304,0.10244308,0.0795904,0.1472142,0.22906785,0.22309557,0.45898822,0.31192267,0.14001575,0.2603393,0.27497998,0.31190863,0.42104068,0.39701492,0.5936385,0.6228479,0.42538327,0.37472814,0.6602111,0.45842496,0.5425342,0.4767161,0.46708065,0.6990862,0.6012999,2.2480054,0.90587056,1.1141243,0.95288557,0.8516958,1.0688542,0.921961,1.9218506,1.9716091,1.435902,1.2918879,1.2455429,1.2500864,1.5923293,1.6034993,1.5614448,1.5426694,3.1191094,3.7423224,2.0314922,1.6145142,2.6092758,1.4337826,0.48587275,0.8505021,0.690987,0.9409114,1.7362976,0.90011597,0.28457737,0.29698747,0.25803706,0.13180913,0.21112536,0.15045077,0.09146215,0.13243249,0.2297113,0.39876086,0.57075113,0.48563153,0.281027,0.35652804,0.25363454,0.3204765,0.19957897,0.19552305,0.1990492,0.15514092,0.11057913,0.16981214,0.3574573,0.89185256,0.57278043,0.31457335,0.56124336,0.62077653,0.20888026,0.1858359,0.3177882,0.2529148,0.3407595,0.2152256,0.20511425,0.4132397,0.5438608,0.58192474,0.41814873,0.22633024,0.28272924,0.34605932,0.31279263,0.38118854,0.39160284,0.21434724,0.17976621,0.09223098,0.13024011,0.17087962,0.3464556,0.5705492,0.39938012,0.27012557,0.5520061,0.46078694,0.4511967,0.65400165,0.46475402,0.4747872,0.5314659,0.5368191,0.48991418,0.5514057,0.74047464,0.6787657,0.8221502,1.3514026,0.7731425,0.45351198,1.183934,1.3926938,1.1625825,1.4732072,1.2910818,0.5386813,0.34238806,0.5441061,1.7945044
1.9198688,2.1397467,116.05333,40.761154,29.78365,32.983997,38.90745,22.942308,12.43603,6.8388247,6.664224,6.1875634,5.099905,3.7964075,3.257629,5.8193216,5.5900517,6.2873836,3.5941534,4.192611,6.9146442,6.939825,4.0553293,2.4550438,1.718591,1.479944,1.0340887,1.5172272,1.6131281,0.63688165,0.5732173,0.6769653,0.55826455,0.51253074,0.2310201,0.16694267,0.19090514,0.20281127,0.18175714,0.22396103,0.3170843,0.62231153,1.0536454,0.88254666,0.70585525,0.8646189,0.64290035,0.40229827,0.64687896,0.84441245,0.40096173,0.56212616,1.9111397,1.4361308,0.8868665,1.037643,1.05659,1.1318514,1.7142725,1.2596059,1.0586368,1.8112754,1.2921399,0.90372,0.86351985,0.67958355,1.094674,1.3041868,1.4631052,1.5968668,1.6970273,0.6196858,1.126052,0.8406291,0.73525727,0.9077158,0.5411483,0.30569237,1.0251698,1.8586942,1.653313,1.0846475,1.1473138,0.6904936,0.36489376,0.3714847,0.9451908,1.4002986,1.5237719,1.301624,1.5688512,2.3677726,1.3840952,2.5974865,1.9279357,0.5828563,0.93370456,1.4432124,1.452399,0.6764402,0.8201485,1.1739535,1.1855369,0.96191245,0.99386793,1.2024927,1.0955642,1.4854964,1.558494,1.9905068,1.6255383,3.996276,88.80831,51.366062,20.954927,12.075261,13.947423,13.512908,8.192023,4.5115848,5.946412,8.170113,5.9713717,3.3993442,2.0470827,2.7214742,2.6239624,1.6857421,4.1729875,2.2225373,4.3611484,3.9407516,3.3286736,2.9118202,1.8185256,0.6005387,0.7427471,0.6767542,0.6546032,0.6396997,0.94891953,0.7315211,0.46189633,0.49265656,0.4518989,0.25574642,0.1515772,0.115460165,0.06520057,0.16763067,0.80535895,0.6622544,0.5500079,0.23317544,0.11018956,0.39432785,0.49158403,0.3776645,0.56296825,0.418847,0.26386833,0.95904344,1.3416787,1.054669,2.4849668,3.5765555,2.006583,2.7008166,2.8229926,2.1665425,1.1685405,1.443434,1.8238106,1.0430658,0.69005775,0.4848946,0.7213281,0.34350985,0.5861672,1.1099923,1.0465664,0.45828414,0.38915887,0.53057575,0.5271186,0.270771,0.78037983,0.7826526,0.9774526,1.4453893,1.7040552,0.98741335,0.6406374,1.4148421,2.1684282,3.0223083,2.0515354,1.8470896,2.5152237,3.5078723,3.509333,1.754459,0.7521943,1.3173661,2.1748197,1.218183,2.6298378,2.6687675,1.626007,1.838737,3.2191293,3.2827845,9.459092,7.0246882,6.918352,21.527464,5.065429,3.4534817,4.9840937,5.2225904,5.1380577,4.321114,100.44981,53.874508,25.2477,19.318619,15.515469,13.178261,10.798925,9.10723,8.517008,8.182568,3.9694211,2.2335753,2.8200793,3.0250428,2.3007193,3.787176,6.232814,3.9657369,1.8161854,1.3319871,1.3078448,2.6885805,2.5065482,1.647718,1.6839278,2.169753,3.2967513,2.3778605,0.59729534,0.37675983,0.7436034,1.0199386,0.3981317,0.19044454,0.12453654,0.25915048,0.31648237,0.3119973,0.34461048,0.98428726,1.2588179,0.7038778,0.71010077,0.6910255,0.8323445,0.5200199,0.6912855,1.1463301,0.8066988,1.2924765,1.3649101,1.0168002,0.5766919,1.3977203,2.2062588,2.32906,0.9454138,0.9427735,2.1712887,1.7501296,1.7383732,1.493209,2.2774792,1.6745614,0.83645356,1.331202,0.87418544,0.73659056,0.8249998,0.21228859,1.0531931,0.5256209,0.36422226,0.74724126,0.81385344,1.052228,1.4121335,0.8059452,2.944448,5.3352056,3.09493,2.5476687,2.1296458,5.838954,2.0039556,3.732917,2.6034095,2.1376698,6.547709,5.5860934,4.1949105,3.2289524,1.8760027,1.5694014,3.7154918,7.333169,4.3911643,1.162418,1.1061864,3.2224548,5.7982306,5.3946986,8.405166,6.8274794,7.770695,3.1883082,4.4741,13.918088
9.800352,8.063926,7.2987037,9.566766,10.171135,6.706043,5.093797,5.2725897,2.678894,1.8706987,2.4755738,2.6653047,2.6332748,3.360692,4.5628667,4.375369,2.636793,1.1446551,2.9557328,3.021076,1.5789442,1.515161,5.579016,8.272551,4.920273,1.9880122,2.2961154,2.1924074,2.59293,1.1063973,0.40793929,0.23918791,0.35814825,0.12513186,0.12811528,0.07547119,0.040367287,0.04948915,0.053654984,0.18547603,0.5223622,0.8557725,0.44066292,0.49765694,0.6878186,0.6220446,0.4592532,0.29843196,0.33576208,0.5430792,1.1478646,1.2139708,0.55249447,0.44723675,0.6959103,0.9333551,1.5456079,1.7479407,0.7890309,0.6879901,0.82306,0.52647614,0.48474705,0.7160278,0.75410885,0.438811,0.8993054,0.48857665,0.6041214,0.64217234,0.87239116,1.041875,1.0283871,0.76405555,0.58758986,0.5661705,0.64459556,0.63897204,0.64994997,0.71183676,0.7699801,0.43024898,0.7894106,0.6559711,0.51356596,0.7122721,0.9969084,0.6829548,0.39832732,0.5737563,0.33531463,0.35682514,0.4696007,2.381784,1.7111678,0.7964333,1.2728715,1.5259194,1.2340944,1.1568131,0.7625187,0.76038206,0.94888306,1.0763309,0.9255599,1.3939643,1.2909788,0.5974011,1.2447495,1.003977,5.256426,5.193464,10.448139,4.879628,1.8897135,1.0241075,1.7636205,3.5615196,1.2914119,1.2921951,1.3547515,0.8391419,3.3463964,3.661953,1.800518,1.9937518,1.8481015,1.8464746,2.0561817,0.8523374,1.3932722,2.658778,2.5776296,2.7741294,2.2241635,1.6282928,0.8784032,1.4221851,1.5540123,0.96344936,0.6289482,0.6265974,0.30147967,0.24751543,0.16033135,0.1680052,0.16026062,0.12718791,0.083313875,0.08821594,0.09699467,0.13949181,0.30620366,0.21836999,0.2636925,0.20649338,0.06655884,0.12723148,0.43472233,0.4340773,0.43870488,0.34914443,0.31954807,0.31749657,0.49335235,0.8629971,1.3076178,0.9891194,0.7158437,0.48237592,0.39958113,0.6081876,0.5881891,0.4402023,0.3000147,0.34524477,0.54694074,0.6008629,0.5175913,0.52553,0.3804133,0.511404,0.6041608,0.1400072,0.1452413,0.18425801,0.14762476,0.18925212,0.3143717,0.353329,0.53175116,0.49077922,0.99423206,1.2149322,0.47586876,0.74757844,0.48454088,0.48621336,0.4082265,0.5609114,0.99408084,0.8856071,0.74639195,0.49960223,1.1440265,0.9256182,0.8645921,1.0513943,1.0645686,0.57549095,0.92968273,2.100172,3.7043822,1.5929348,1.9710923,4.9820967,3.6606593,2.996793,2.461596,2.414799,5.657024,5.03325,3.0608141,5.526039,4.737027,3.3687267,1.6324899,1.3499306,1.751116,1.5041873,3.9377415,2.275712,2.6285353,3.1299264,3.8209224,4.333302,1.6325734,2.9942718,1.2495463,1.9404038,5.452539,3.546065,4.4771914,3.627669,4.7494392,2.0022128,1.2788275,0.94755703,1.2239407,1.8794312,1.433751,0.83131653,0.2734083,0.4616314,0.3614318,0.24285425,0.17265783,0.13490018,0.16527435,0.27662286,0.2832294,0.5989323,0.71231467,0.5609204,0.29220533,0.3737935,0.38952792,0.3879187,0.21673255,0.39487287,0.86114794,1.2248772,0.54514575,0.5958763,0.9152647,0.75115514,0.56824845,0.44622067,0.94974136,0.93089336,1.4596925,1.7751744,0.87173843,0.7316304,1.3335546,1.0368088,0.8458521,0.8535169,0.38354582,0.3261053,0.86857885,0.75410295,0.9552603,0.5686408,0.57296777,0.8057801,1.0738976,1.3052003,1.6202629,1.1309178,0.6347262,1.731045,2.0281427,1.304827,1.414942,2.446528,2.0891826,3.5810637,2.3992836,1.6649806,1.7371554,4.2476053,3.9147785,3.4433405,3.705656,2.9500773,4.285821,5.1656137,4.550723,2.4382508,1.451411,2.0043614,2.5305595,1.6716765,3.8171911,5.4310293,2.6702409,1.3178734,3.9196665,9.289091
31.541212,26.678024,19.980991,44.278164,45.831673,30.821587,20.348267,17.600706,6.686454,5.2092056,3.1364474,4.794904,6.458376,7.209838,8.8222275,4.4821734,4.536733,4.538289,6.0428743,6.208052,7.6568727,4.459254,7.0299454,8.9692745,3.0533583,3.3404243,2.466353,1.6188564,1.9143527,0.92130053,0.6585602,0.9925211,1.506972,0.99861556,0.31130105,0.19772416,0.14178713,0.18123066,0.28715152,0.2534598,0.29558206,0.5181006,0.47948372,0.6701478,0.66546434,0.7963601,1.5856223,1.2288178,0.5852203,1.0752695,0.90972704,1.2618413,2.2607346,1.2513062,1.1802156,0.8812739,0.53572875,0.4097125,1.0630242,1.254095,1.3603781,2.0040545,0.8676203,1.2004619,1.9425639,1.2739563,0.8392146,0.9880036,0.9452792,0.95172983,1.3631505,0.73039377,0.51708496,0.80590934,0.5993018,0.39794976,0.6735176,0.7311729,0.8582057,1.0188916,0.8810775,1.2089641,0.97550505,0.77181304,0.8799923,0.6337272,0.46935084,0.4478596,0.9769201,1.9526361,1.5347549,1.0075067,0.94938827,1.3463871,1.0162627,0.8767407,2.00531,2.4400594,1.0940819,1.111607,0.7586219,0.5924477,1.9040017,1.8553137,1.0879765,1.3017739,1.3090749,1.0352687,0.8974601,0.582875,13.671009,10.378348,19.559628,35.697906,16.89095,6.9221716,5.0364537,6.148997,5.4835663,6.168613,2.6175056,4.2380247,6.445954,7.594874,8.93274,4.7731586,4.839305,2.9462214,4.2343097,4.654829,9.498551,7.030257,5.4987316,4.2511744,2.749362,2.6202993,1.852182,1.245431,1.9637163,0.9864145,0.77916825,0.54181385,0.5025405,0.49180385,0.43461105,0.19068968,0.17956342,0.14000905,0.083529525,0.12405981,0.2162615,0.13697016,0.19118568,0.4145497,0.26932868,0.1586996,0.24853948,0.18601473,0.19437176,0.21905908,0.29568437,0.4778495,0.7195884,0.66049653,0.508493,0.45099986,0.21296452,0.41024902,0.9789873,0.85387266,0.39223427,0.5069696,0.42892003,0.90309817,0.62614375,0.36533183,0.41751045,0.7216471,0.81723547,0.9928384,0.59365773,0.08193194,0.102417104,0.3802411,0.33525884,0.4503429,0.42910075,0.23582144,0.2592204,0.34644532,0.20692262,0.55959713,0.6516339,0.5453263,0.82939047,0.7749852,0.71344465,0.53660333,0.49184605,0.3693074,0.29901803,0.1788324,0.32424048,0.61434466,0.34896928,1.0219926,2.8418162,3.020372,1.6222954,0.91727036,0.8060281,1.024684,2.8252249,2.505597,1.767182,2.4336956,2.1047044,2.3849666,1.6899899,1.081828,10.219668,7.9710474,11.440479,12.335418,9.3401,7.9722943,7.2890325,13.483628,8.638468,3.946252,6.1680193,9.221225,5.014434,2.2455037,4.9389772,7.053022,8.649512,6.306241,8.122245,10.198252,10.054098,7.751225,12.238695,6.519571,2.78592,2.1899574,2.435622,2.0688148,2.4753659,1.8205446,0.5817744,0.3637721,0.5879803,0.59244806,0.29591942,0.32887217,0.16686484,0.3017135,0.5597912,0.41320896,0.42318785,0.8503127,0.900145,0.69538283,0.49640355,0.4488437,0.76846755,0.36241707,0.4111389,0.7723183,0.8202857,1.2822713,1.2945869,1.4395142,0.7654298,1.036991,1.2260087,1.4207741,1.0511962,1.1142623,1.2660247,1.0971959,0.73015434,0.957986,1.3351313,1.0290648,1.2385352,1.8206158,1.4329554,0.97358394,1.0933068,0.5760151,0.90420336,0.31787673,0.5776841,1.3348446,1.5432281,1.1443338,0.6255116,1.4673195,1.8542899,1.2070862,1.1014686,1.0971338,1.1010001,1.629196,2.0174873,2.0745747,1.3265841,0.9117662,1.8117347,2.3352673,2.943198,2.0743866,2.3776233,3.7859917,4.423893,4.815741,3.5291085,1.467593,4.134693,7.8344364,4.1907125,4.11446,6.641307,5.8970695,6.836285,4.6768928,3.227623,4.840837
1.6474706,1.71058,12.807811,3.284205,1.1833742,1.1865462,2.7687652,3.648522,4.9270797,3.070345,0.579423,0.34656116,0.5941024,0.73983204,0.5653579,0.27831256,0.26188368,0.45104045,0.39400044,0.2929664,0.3394445,0.3422284,0.63055086,0.62850964,0.35985845,0.29414237,0.3738995,0.35006192,0.18772343,0.18356393,0.19984181,0.2938232,0.25061962,0.2557855,0.3004123,0.26303473,0.2531056,0.19264239,0.124936156,0.13756628,0.17589554,0.10835619,0.066259146,0.07052169,0.082603514,0.07986592,0.11313689,0.17161268,0.16647802,0.22820269,0.40911955,0.47245902,0.4948456,0.734979,0.9733141,0.8778334,0.8870147,1.1075667,0.51935184,0.75491756,0.88771904,0.8727787,1.0571458,1.1727334,0.9408993,0.575445,0.50601816,0.36525804,0.7838669,0.92668796,0.66171813,0.55612874,0.4306003,0.40874964,0.7493644,0.57245827,0.46787772,0.6595247,0.542992,0.7333737,1.3424985,0.99937767,0.57784736,0.38302574,0.2925529,0.60153455,0.95360345,0.6842531,0.7429402,0.59611756,0.6674032,1.0180876,0.48185176,0.29583675,0.60925055,0.7650864,0.60557383,0.4774807,0.5786963,0.6280595,0.86729294,0.6341109,0.9392633,1.2518625,0.8722451,0.5117856,0.39751336,0.5335861,0.8029639,0.91385883,2.9087467,2.6124287,6.1335735,11.676048,8.126747,4.484689,4.497449,3.5536883,6.66998,6.8045506,4.4239826,5.701313,5.081989,4.424976,5.031334,4.266696,3.0791793,3.4889872,3.7598674,3.972948,4.037045,3.7325363,4.712208,5.707185,3.377659,2.5090249,4.6248035,5.5284843,4.338434,4.2570233,3.0728395,4.417369,7.026554,4.7276073,3.420425,3.040357,3.0113385,2.5178216,1.6929964,1.3772771,1.7242887,1.4290293,1.0992002,1.8205895,1.7617047,1.181984,2.0411618,2.2896802,2.0875115,2.3810775,3.9415572,3.9702575,3.5438166,3.4880195,3.1470702,2.6828122,1.6521273,2.9985135,4.072381,4.8701105,4.66395,3.572293,4.27037,4.866338,5.1870723,4.1170936,7.5939636,3.1604245,0.73517054,1.496554,7.042968,5.7005186,3.7072675,3.7185514,5.4735293,4.992152,5.473143,7.373568,4.719779,4.8161383,6.0058107,6.492288,5.802572,3.428373,4.316945,12.228318,11.727837,6.1943026,5.8691072,6.433224,4.446728,3.6348362,3.8055882,4.3178735,9.550901,8.474765,7.9872375,9.220406,12.208788,15.6107435,11.652675,6.5600996,10.301625,14.695174,16.664282,5.7850366,12.781281,21.03104,7.5806,5.829652,0.33286756,0.292428,1.0865715,0.64723563,0.34496632,0.336332,0.549595,0.3860322,0.5806035,0.44478118,0.4079924,0.32190067,0.48921615,0.7452004,0.4709881,0.3321991,0.26876023,0.34517366,0.34159008,0.48678383,0.39836797,0.24591179,0.20032535,0.3796746,0.5319831,0.3811018,0.38849208,0.42809275,0.4810758,0.60746455,0.4529613,0.2854276,0.3316531,0.397816,0.5412671,0.6607412,0.44127125,0.3099016,0.22841777,0.19352134,0.23456298,0.19626537,0.10168499,0.08497288,0.07535889,0.10737091,0.09123514,0.23380804,0.33051348,0.3724762,0.77709335,0.47698012,0.5811185,0.6826399,0.4891784,1.0715429,0.6872969,0.4473837,0.5246672,0.46977237,0.57325804,0.92571294,0.62685996,1.8370949,1.9494272,0.85773015,0.33791968,0.37112567,0.41512114,0.3676806,1.8314524,1.6535774,1.2773733,0.64879495,0.32822233,0.7867737,0.9824184,1.4074388,2.6441658,2.1971545,2.175983,1.6453375,0.6844099,0.47977215,0.51195204,0.40717235,0.32068652,0.5750895,1.465212,3.0193331,2.88339,0.90494967,2.0261881,2.6129706,1.3172853,1.1258116,1.3476133,1.9849102,3.6819167,3.1424613,2.377349,2.0839808,2.6273324,2.5391815,2.6347024,4.2349744,1.9870546,3.7409017,2.2106884,0.8913155
2.3028064,2.2884557,4.817931,2.4965699,1.5765564,1.0908945,0.98607725,7.2087235,5.0188704,0.91940826,0.43603754,0.48285943,0.8317582,0.4586647,0.60554624,0.34869388,0.2510127,0.27488112,0.3213755,0.2306223,0.27110317,0.28820705,0.2728726,0.3852426,0.20242243,0.20273712,0.1680914,0.17399484,0.16258317,0.17695056,0.131056,0.21018954,0.25575352,0.5736923,0.44360653,0.3481835,0.31528178,0.19076897,0.12704253,0.12451944,0.0968357,0.05602448,0.17369865,0.20210128,0.08717797,0.06794062,0.13617982,0.163861,0.20698056,0.28047547,0.5827193,0.36102465,0.5976143,0.36682284,0.4754816,0.81751525,1.21001,0.6611248,0.30478358,0.4428951,0.4287987,0.4680855,0.672066,1.13246,0.780576,0.316747,0.14093916,0.5768544,0.4759797,0.6143661,0.6687765,0.31590736,0.27309945,0.38282734,0.3073808,0.2628012,0.12908767,0.38737312,0.501951,0.2837925,0.27920407,0.3163406,0.31327572,0.24701302,0.11945163,0.23952934,0.29641938,0.23505114,0.29865143,0.32567242,0.22574247,0.2321695,0.19491696,0.17345919,0.21548599,0.25424463,0.18993561,0.23636839,0.45419067,0.3424307,0.26781586,0.5607865,0.53712577,0.4950177,0.2890507,0.24701832,0.28176624,0.26213518,0.2960775,0.26426893,2.2791934,2.2133286,7.4953055,7.560578,7.195593,4.668217,2.5952413,3.9577327,5.543468,3.2516763,1.4876655,1.7475888,3.105063,2.6707582,1.9364699,2.119023,1.4510658,1.4943076,1.3805931,2.9909203,2.6768525,1.5323565,1.5962117,1.8695766,1.9098864,5.2967668,6.1414685,4.933575,6.67529,3.8250887,2.0516584,1.8251665,2.487586,3.3867428,3.117657,2.580613,1.5404005,2.3169892,1.9717357,0.93667376,0.8479349,0.60305494,0.4015147,0.28242052,0.44309038,0.5109621,0.99205256,1.4658389,1.1339493,1.9885007,2.174398,1.9166884,1.4002484,4.284453,2.964969,3.6520019,2.9554746,1.3177844,2.4063485,3.0219536,2.3696349,1.7467513,1.411347,1.3405129,2.6152153,3.3628423,2.823063,1.2912505,1.5441238,1.9370859,5.699621,4.91838,2.5503151,2.790006,3.2421541,1.8452406,1.4627405,3.0982006,2.5567744,2.199324,1.5319002,1.4061239,1.7041407,2.5427191,1.9181149,1.7682853,2.69987,2.5932417,1.7576317,1.3819507,1.3158708,1.2753365,3.5491104,2.200883,0.9678408,0.8837995,1.8925852,3.8905134,2.935062,3.0414348,2.2933407,2.7428923,6.0495887,7.309563,3.1049554,4.0528936,2.7254608,2.4010427,1.372609,0.7629861,0.32332292,0.35270932,0.32251197,0.11555828,0.31064716,0.63630736,0.6446349,0.59365374,0.49027777,0.218108,0.15786842,0.3009666,0.42572302,0.4125578,0.15383211,0.3071672,0.23270912,0.30912197,0.7038456,0.69339955,0.5041694,0.43175626,0.22759037,0.48238492,0.7340975,0.7640944,0.4692093,0.250241,0.19800805,0.6200753,0.6192832,0.51104605,0.3343731,0.27563903,0.9088371,0.43807983,0.16207212,0.13722965,0.16933392,0.31312087,0.29106364,0.12519562,0.04506885,0.07894794,0.08833108,0.046492625,0.052867964,0.09714172,0.16990119,0.26678404,0.4604065,0.21728964,0.14699642,0.15479292,0.32538623,0.4531366,0.34696344,0.39698216,0.1997075,0.40679953,0.28738737,0.13238814,0.33320498,0.4975816,0.3691369,0.31942424,0.29214287,0.1251277,0.1772386,0.2707992,0.37130702,0.35792464,0.4223817,0.3482117,0.19144836,0.20496657,0.16645233,0.1883432,0.117141634,0.09441755,0.16563654,0.3672297,0.33705863,0.1549295,0.21418498,0.14498281,0.22880821,0.30367252,0.16323763,0.1918563,0.12640132,0.17051208,0.23407365,0.08724555,0.16406894,0.22075124,0.33874947,0.27773574,0.16950269,0.18952028,0.15130043,0.3456657,1.2476279,1.1406796,0.44960538,0.4660518,0.45000583,0.38137046,0.24599941,0.15950133
1.0537411,1.2452403,7.270818,0.81662375,0.7336744,0.82406455,0.8404886,5.009143,4.7443886,1.2745273,0.31411913,0.28466848,0.56219083,0.5696828,0.5173437,0.3821283,0.33857656,0.30852598,0.64385307,0.5372567,0.38749593,0.6002562,0.9051229,0.2898204,0.43158215,0.5130921,0.14774397,0.2723105,0.37592456,0.19847511,0.09911139,0.103848465,0.23103493,0.5929411,0.24392806,0.1363993,0.1434416,0.10903613,0.1022099,0.22352244,0.19971909,0.05525297,0.043024246,0.02670983,0.027823852,0.073101744,0.13534759,0.15105097,0.18691632,0.2343779,0.70047694,1.1268342,0.7523508,0.76732534,1.0068941,1.25485,0.7896413,0.32444808,0.23970017,0.3910169,0.44506165,0.34294146,0.71426266,0.6499793,0.80401236,0.70196325,0.5404686,0.41914555,1.1853777,0.72925895,0.6780072,0.46104357,0.29965478,0.4744847,0.60655683,0.42087156,0.33888572,0.27565482,0.14917275,0.25091344,0.49424216,0.5218751,0.53445125,0.20592086,0.143827,0.1238573,0.1368822,0.12544385,0.1072234,0.15709086,0.104189456,0.12547417,0.39218464,0.30048797,0.2937275,0.43530896,0.5213311,0.59581965,0.55549204,0.13156582,0.25662935,0.5562774,1.4707004,1.5185927,0.5045387,0.52801836,0.5462783,0.703034,0.4711896,0.3237813,5.2733164,4.6913085,10.000336,6.1607375,2.1701274,1.7727125,3.449258,2.8626094,2.7870595,2.4341147,4.7189827,5.49803,4.349933,4.1431828,3.7228549,5.658745,4.6803017,4.488105,4.571935,3.4378242,4.5551023,3.182472,2.1850688,2.8859255,1.5673113,2.1235435,3.7828505,1.1921593,5.1025057,4.8994064,4.2839136,4.452976,2.580038,2.507809,6.502587,2.8630157,1.0652258,1.5075642,1.3729856,1.1050837,0.9687858,0.36654148,0.22274935,0.79722846,0.66057295,0.37098455,0.6545516,1.7568524,2.175025,1.244596,1.6380917,3.0185077,5.1319118,2.5238166,2.6265402,2.8700376,1.7759279,1.5162481,2.894868,1.9384896,1.5066563,1.4099858,1.583188,1.9196477,2.6319602,2.0090387,2.15328,1.6325338,1.1559141,1.1142569,3.0523539,2.7095559,1.8513578,1.8805733,1.6597534,2.1001425,2.0787416,1.8885313,2.2260413,2.1533124,1.8941163,1.848461,1.3171817,2.2978644,1.3251926,2.1762142,1.2286171,0.76079136,2.2368689,1.5548999,0.991983,1.5114989,2.1321895,1.3684497,1.0018564,1.7643086,1.8920336,2.1605308,1.765049,2.007508,3.8412,2.5500011,4.483817,4.7217207,2.2816305,2.1894119,2.5781538,2.7895203,2.1889265,2.0835557,0.6050138,0.4489087,0.2745456,0.22192907,0.30515218,0.3988523,0.4364706,0.61940444,0.4331509,0.28156462,0.29160133,0.41640964,0.39181104,0.5079686,0.5657101,0.29207352,0.35260853,0.23262021,0.16868733,0.23870559,0.22752154,0.26678744,0.1437139,0.2536804,0.34233442,0.1344183,0.09780461,0.15680954,0.5319323,0.38464808,0.16254331,0.39611298,0.37575862,0.52485883,0.4331141,0.44202173,0.18831275,0.13382973,0.08976237,0.2212074,0.17788422,0.08177578,0.054953232,0.054458566,0.07613077,0.057066172,0.09764393,0.12596817,0.18537384,0.35584623,0.39849776,0.24255423,0.19564061,0.3512958,0.53868556,0.2492582,0.23697777,0.23502216,0.13019536,0.14751978,0.15910968,0.13358325,0.17793772,0.721173,0.60866,0.32609904,0.2607508,0.28449893,0.40919054,0.3465123,0.16150235,0.303503,0.32737213,0.2365948,0.25940284,0.18301547,0.305621,0.20684975,0.07158269,0.15396518,0.2575566,0.24484079,0.22482482,0.15982035,0.17815468,0.17613178,0.16749725,0.18989821,0.19838907,0.34352946,0.39720047,0.19500324,0.18421493,0.24358636,0.23619267,0.33293238,0.30466694,0.5057885,0.35958236,0.3620533,0.39167574,0.34016722,1.3102703,1.3194603,0.9476732,0.4841253,0.06828753,0.22670855,0.37374172,0.4652956
2.062629,1.8906602,7.2811403,1.0060428,0.89190876,1.2506478,1.5350671,4.4088106,5.791514,2.4470427,0.53674984,0.45826614,0.7527473,1.0234697,0.83022517,0.55136085,0.6020364,0.6692319,0.6819419,0.93770313,0.40202418,0.42693037,0.60900885,0.82528687,0.6353712,0.61511165,0.39901233,0.38523868,0.33204445,0.44587138,0.2877131,0.27059767,0.63115036,1.1907471,0.6831071,0.8215282,0.5112574,0.22382523,0.20271121,0.098090604,0.2183607,0.18778625,0.051718842,0.05028579,0.05681779,0.14627033,0.24865067,0.34231183,0.29089206,0.18023255,0.43969956,0.7735113,0.95061564,1.3261343,1.800264,1.2087328,1.0374577,1.2986006,0.7242412,0.6463045,0.49106643,0.38796195,0.35117868,1.1264027,1.3209567,0.5572755,0.6509352,0.7022483,2.1216345,1.7276703,0.58857167,0.40775302,0.6874612,0.5178849,0.44452572,0.356606,0.24345143,0.4634027,0.8626885,0.68250316,0.47149652,0.3024794,0.54927087,0.35240537,0.37114766,0.48102856,0.4571995,0.351528,0.4685135,0.5416538,0.34585243,0.38069093,0.35248038,0.2980269,0.3893825,0.5355092,0.7656078,0.5677695,0.41420305,0.50308514,0.8777932,0.45390555,0.55339116,0.87273633,0.47449395,0.2619215,0.4013295,0.61308235,0.691079,0.558514,0.6437554,0.5564731,1.0834838,1.6769508,1.344314,0.92637664,0.8494435,2.024139,5.210416,3.1263773,0.69867784,1.5815527,4.139715,3.411326,1.8388085,3.5117247,2.7455661,3.4305894,2.3858075,2.753932,2.7257366,1.9682595,1.2664777,1.5778148,0.8383566,1.0573664,2.5277944,3.1698754,2.500874,2.7754576,1.9652979,2.057207,1.408008,1.9972063,3.2184806,2.4970841,1.4964092,1.0735284,1.1861603,1.078791,0.5955847,0.3039882,0.35961598,0.5878224,0.42455772,0.41105816,0.62835693,1.2761894,0.6863674,0.6887435,0.6860491,0.80121374,0.60000706,0.9892292,2.3937588,2.4146898,2.6390557,2.1192615,0.5660722,0.49642283,1.8987013,1.7946557,0.76562136,0.9010584,1.1480945,0.5430993,0.7334301,0.9616618,0.89361256,1.060306,1.0984384,1.2916847,1.4875562,1.5677572,3.0829253,1.7251979,1.082918,1.6986192,0.8644095,0.76878583,1.3019387,0.95352453,1.3595657,1.4973166,0.69537646,1.1296889,1.2829216,1.2797265,1.274727,0.9262221,0.5421995,1.2328119,1.3587555,1.2287316,0.96928954,1.3375435,1.6859185,0.47586364,0.78057057,1.0796634,2.5034578,1.7251508,5.4583783,3.9955907,0.74760014,1.4436764,0.7292529,0.53342766,0.8185145,0.7403545,0.72199064,0.55492,0.9376074,0.4331369,0.32737407,0.769958,1.0219679,0.4121355,0.21412815,0.2941743,0.290381,0.38542095,0.4363752,0.48117056,0.71658033,0.8278356,0.7318611,0.65866584,1.017029,1.1424311,0.76467323,0.73543495,0.6078145,0.23299725,0.498131,0.5978848,0.53434277,0.69654375,0.66734046,0.94203633,0.5085359,0.5338391,0.62707084,1.2063919,1.3638175,1.553647,0.85777074,0.38633683,0.18603608,0.30316406,0.4666355,0.24996838,0.21145636,0.19870533,0.18505266,0.189363,0.13022101,0.095647916,0.15887308,0.2247118,0.27088416,0.53198695,0.53539103,0.41945133,0.6356706,1.0354912,0.6155261,0.80367225,0.6170485,0.43309265,0.4580182,0.3609163,0.4119489,0.38043004,0.36785176,0.34485728,0.31610933,0.27253133,0.2500568,0.34769902,1.0143952,1.1558101,0.8046364,0.72746843,0.35754538,0.29165056,0.47025222,0.30915982,0.18314591,0.3049339,0.5671951,0.48719642,0.5163346,0.36364126,0.3150619,0.42388502,0.44875988,0.37516713,0.5799324,0.73635715,0.5643369,0.2576775,0.40854466,0.7259789,0.74243146,0.719011,0.86116105,1.1048896,0.8115297,0.3454034,0.30800447,0.8297628,1.2853596,0.37432957,0.24681877,0.7467064,0.65159506,0.44651365,0.63033503,0.40446636
0.65418077,0.823291,5.438184,0.6680207,0.6005257,0.786639,0.88252896,5.6903467,4.8128333,1.298048,0.6456658,0.6978355,1.5559863,1.2134475,0.94303095,0.6314305,0.3562403,0.22171678,0.2593318,0.23636808,0.35630518,0.2703306,0.8969468,0.96453726,0.7123267,0.63251007,0.48233798,0.2569974,0.6044482,0.47050312,0.39368492,0.57875526,0.7616582,1.3307979,1.363662,1.2651536,0.32105446,0.3332418,0.18598029,0.15872662,0.19026984,0.07878088,0.16742252,0.11550472,0.065536074,0.06734683,0.074792646,0.12640946,0.31261685,0.5520312,0.6761148,1.1182537,0.57119286,0.44223082,0.36496544,1.0083785,1.391873,1.241727,0.6383149,0.9599307,1.079699,0.70854306,0.3982232,0.5858045,0.36590436,0.30697334,0.88127065,0.93800753,1.1698304,0.91769445,1.0332832,0.8064631,0.82144284,0.7700005,0.44163266,0.35025248,0.35621032,0.39119285,0.29804197,0.36593503,0.3735981,0.3030471,0.31197822,0.2797645,0.43906748,0.4676332,0.25981086,0.31933957,0.43201151,0.36483997,0.25721464,0.35223228,0.25853387,0.31058812,0.18150544,0.51349974,0.7252207,0.30770922,0.39313123,0.3926558,0.2778115,0.24088167,0.8433303,0.8746751,0.24650921,0.31847188,0.4048209,0.46706873,0.48047632,0.39052832,3.2327037,3.4357247,1.3302294,1.4985745,1.6150146,2.1850646,2.8588274,2.5628898,2.1212668,2.1457725,2.5359402,1.7435844,1.8903489,1.9518038,1.127257,1.8585927,2.1442535,1.4072238,1.8208638,0.6836087,0.5352825,1.1684272,1.4809517,2.1795344,2.6106036,2.8675897,3.0095935,3.6738164,4.1508355,2.262843,0.96500987,1.9608915,2.3477962,1.7349169,1.9855239,1.2644751,2.2240207,1.5550696,0.4362631,0.5545364,0.83634365,0.35691258,0.54217386,0.549934,0.5457712,0.5215974,0.42823043,0.78875136,0.7313899,1.275117,1.1097374,2.0176406,1.5871614,2.0017927,1.1416391,1.3401275,0.9944502,1.099909,1.360772,1.1273683,1.3581269,1.1831288,1.6056933,1.3451185,1.2544243,0.5628824,0.76775235,0.84985006,0.7563164,0.935954,2.252814,2.0685096,1.7374902,1.0331008,2.0070212,2.8896375,1.4447738,0.917948,1.5425708,2.742829,2.415652,1.4070897,0.99163276,1.0062108,0.78706,1.2252268,1.449516,1.7953064,1.2578971,2.1022506,0.8915066,1.2089323,1.1131815,0.80931425,0.66250414,1.1972188,2.0557058,1.4927396,1.4859967,0.30093008,1.2503496,2.3605065,3.3065224,2.8531706,1.3960447,1.7952473,1.5215938,2.0694904,2.2399082,1.0924755,1.4371693,1.0775946,0.40989336,0.8408944,0.87457335,0.40406737,0.26799023,0.5582652,0.6168446,0.2938954,0.5212434,0.9224725,1.0347409,1.0062289,0.56660783,0.79262197,0.7222097,0.6393737,0.4602976,1.108091,0.96702117,0.44325176,0.75081074,0.609933,0.35927805,0.80430955,0.6926659,0.83160746,0.5672576,0.3334206,0.5004497,0.89921695,0.79868895,1.0457634,0.62189287,0.9883952,0.9498359,0.4405349,0.32318565,0.36616516,0.26189476,0.13010041,0.10843339,0.08884782,0.127964,0.20173387,0.25376475,0.18572375,0.13241906,0.22684544,0.4123897,0.39491582,0.3438731,0.5948011,0.6375561,0.5290787,0.38020837,0.6054568,1.13581,0.53498924,0.3566553,0.44861278,0.33357394,0.31138498,0.62670696,0.44839552,0.32331315,0.39586902,0.19368759,0.43610334,0.7733897,1.1633627,0.59281516,0.50203437,0.47874218,0.2374171,0.2469499,0.3020845,0.23987561,0.20446146,0.37681022,0.67400783,0.63666445,0.3887308,0.2758879,0.3419662,0.23215659,0.28034806,0.31383628,0.24456465,0.2655028,0.30101898,0.49249285,0.32974294,0.31135517,0.5658246,0.47159928,0.31282967,0.49324676,0.7875644,0.4384949,0.6121868,1.2137574,1.1131591,0.7204979,0.44525635,0.32359833,0.26272917,0.5352928,0.46029937
2.563404,2.4849563,7.093254,2.3548622,0.6696265,0.7691011,2.4727254,4.5222073,3.269854,1.4107535,0.3871311,0.3642653,0.34684053,1.0397625,0.72548985,0.18229817,0.348437,0.19552217,0.5094995,1.0104864,0.9570332,0.4755639,0.58314586,1.0231631,0.83736753,0.9909108,0.5054083,0.33329034,0.4531704,0.67180485,0.59056777,0.72620517,0.34091282,0.29496944,0.58039373,0.7119183,0.1872225,0.25000268,0.1388348,0.1509029,0.12303943,0.09032652,0.11607658,0.08224752,0.11137919,0.12678073,0.10101637,0.14216298,0.10422963,0.18732727,0.5052463,0.9231035,1.89522,1.4908115,1.3178724,2.748658,1.0684674,0.8926149,1.1973433,0.9215725,0.45472142,1.5302631,1.7712115,0.6900907,1.2253702,0.90069026,0.770757,0.8951421,1.147619,1.1506268,0.9435623,0.6099761,1.1700704,0.9066226,0.7589275,0.6085425,0.56323195,0.38020453,0.2786666,0.25241837,0.26307234,0.8884222,0.43519795,0.31752342,0.5087975,0.45587495,0.5244819,0.22681999,0.49361658,0.25805905,0.3057146,0.32879746,0.35781163,0.2507583,0.34723908,0.3729012,0.5522723,0.31227154,0.911312,0.7511285,0.5362561,0.40807807,0.5048387,0.9197582,0.8672982,1.2623104,0.77625465,0.71523875,1.0060816,2.1864269,2.0921764,2.8141012,57.119286,23.354673,3.9966905,2.6344922,1.2956305,2.0259147,5.533192,5.3520846,3.3436806,2.6941748,1.7547864,2.2657883,3.200608,1.8463211,1.690551,1.3991313,2.5977654,2.2892232,2.0871022,3.081212,1.6871997,3.0775843,2.8374367,3.4195428,2.5819607,2.7079096,2.5160596,4.2598953,2.5626972,2.498675,2.8851676,3.5635154,3.3915899,2.0005982,1.1091197,1.3158054,0.7995561,1.3507605,0.8246074,0.421253,0.54257697,0.7250835,1.1262127,0.94555956,1.2867886,1.2093822,0.999837,0.78047365,1.0204494,1.8045682,0.704645,1.8917426,2.8746536,2.7292361,2.0627599,2.7328346,2.788528,1.0731832,1.8219699,4.410333,5.6094813,2.4370196,4.242733,2.0857518,1.7177554,2.1605105,0.6326144,0.9650364,3.9811068,3.0551288,3.421338,4.1834817,4.346743,3.1297598,1.3214403,0.6861719,1.0453912,1.533381,3.3087656,3.655318,3.9248495,2.2087224,1.2876709,2.7795227,2.1262753,1.2731656,1.178568,0.8037214,1.4363964,1.1624452,1.3288885,1.8524466,2.8855603,3.4441962,2.5606704,2.8351178,5.4557896,3.7292523,2.9050398,2.2749362,4.612627,1.9460237,2.9494014,7.434838,4.942056,3.1474745,8.061173,8.063394,1.0648086,1.290112,2.785412,0.92587024,0.92339885,1.2493669,2.30821,1.8387402,1.5318354,1.3182595,0.93208796,0.5100971,1.2525244,1.3574272,0.7962406,0.67296094,1.365343,0.5183652,0.6381212,0.6777283,0.73676443,0.9193246,1.8725662,2.3351688,1.7146816,3.2239444,2.188807,1.1891242,1.0785975,1.729048,1.2111688,0.8937999,0.8090994,1.2274694,2.0616813,2.495371,1.2369367,1.1224818,0.37073654,0.23590405,0.4969157,0.54531044,0.28262198,0.053268995,0.21318063,0.3895711,0.2392966,0.15641697,0.51469225,0.6937413,1.2270715,0.6155036,1.6548904,1.1367245,1.790343,2.5823886,2.312231,1.1630977,2.4375114,2.4520211,3.9884124,4.1629233,1.7576054,1.702358,3.4169207,4.0738277,2.069781,1.368644,0.51116395,0.5891218,1.2030132,0.98528713,1.4968928,0.71667206,1.1256465,1.936427,2.7656047,1.4485917,3.1603937,0.8629783,0.6586301,0.63775855,0.86566997,1.0772516,1.2796767,4.0600343,3.570917,1.4594845,0.46530795,2.6254425,1.9696866,2.6427612,2.4180806,1.2919734,0.3600749,1.6217036,2.5780225,0.8328704,2.422716,8.598978,3.7176883,0.6998274,5.3072195,8.167158,0.8750559,5.269209,9.557224,2.9897094,5.0984325,5.2370305
1.2297192,0.9170347,5.2347183,1.5954587,1.0155693,1.0264037,0.77763563,2.01253,3.420451,0.8156314,0.61343396,0.5538038,0.47958672,1.3330847,0.99328554,0.51542825,0.2912454,0.28175834,0.5855302,0.61142594,0.5361288,0.5989239,0.46082878,0.89719284,0.611367,0.61694455,0.6367792,0.36479452,0.15924135,0.24152282,0.18452069,0.3137052,0.35694927,0.31186956,0.34931314,0.8532225,0.41112104,0.27336493,0.17502092,0.10630485,0.19467743,0.1374627,0.10958594,0.052786328,0.056890976,0.14637177,0.17219155,0.15432921,0.29515687,0.47079614,0.32955322,0.35059503,0.24822702,0.51962465,0.47782928,0.4858703,0.67565775,1.1236032,1.7922285,1.1947216,1.068408,1.0795665,1.0601876,0.35799053,0.6569115,1.0269148,0.80433154,0.8594495,0.8132998,1.2055645,0.7422835,0.39654338,0.36771104,0.42066208,0.2843289,0.2907769,0.223931,0.149088,0.27436474,0.47109765,0.9310421,0.693288,0.36800316,0.57102543,0.62227046,0.24441896,0.5347622,0.42925936,0.5174743,0.50272536,0.35726696,0.31258798,0.41335633,0.21147835,0.14808503,0.22357288,0.46187773,0.6193359,0.69571006,0.39317068,0.2821669,0.33385366,0.45920134,0.7621413,0.7740904,0.23451006,0.35439616,0.20462692,0.26571974,0.3155802,2.3227742,2.0237563,1.6778152,4.1590605,3.2318807,1.5226728,1.4076419,2.0208654,1.9093466,0.48653626,1.0121237,0.8797535,0.84096724,1.7562422,0.50795746,0.7496483,1.1174786,1.6097023,0.9163509,1.3717134,1.5082272,0.89993924,1.3451025,1.6025131,1.2320327,1.4295154,1.0154797,1.7835877,0.5248257,0.87545455,0.89386684,1.765809,1.9966812,1.6058205,3.1399713,2.0406353,0.9954992,0.654728,0.507998,0.36867929,0.3963055,0.5036373,0.26289085,0.21388346,0.38444978,0.3947222,0.3961603,0.8742681,0.46055952,0.6479438,0.6860137,0.5874133,0.36341423,1.1940694,1.7313068,1.0649443,1.1013572,0.9935416,0.96537596,0.6593369,0.6970018,0.7649793,1.0811853,1.5918667,2.958327,1.6710937,0.54246145,0.81326026,0.6630843,0.9700202,1.8705403,0.65571207,0.51722807,1.2576536,1.2487379,1.4226851,1.552431,1.1516632,1.7151581,1.5827274,1.3610069,1.4378775,0.8805344,0.37000263,0.96350676,2.1080499,1.1711878,0.85007215,0.85729533,1.4264649,0.8774546,1.6053993,1.8616805,1.6505138,1.5424709,1.2786936,1.2022865,1.0840592,0.76648766,0.4208941,0.64066994,1.1065155,3.4650419,2.7648158,0.49231303,0.53224665,0.90257967,0.6892064,0.67397165,0.89734465,0.11125518,0.12413145,1.4356265,0.67836094,0.55359745,0.75136006,0.77250785,0.8975118,0.777438,0.29855922,0.35691416,0.5035947,1.0282292,1.0503045,0.91253495,0.4690321,0.6127951,0.9347058,0.81591296,0.35516718,0.41039658,0.7028235,0.97998476,0.89891183,0.706691,0.7794676,0.55669487,0.58139557,0.54253334,0.71607673,0.7857916,0.84809685,0.5015176,0.5289872,0.9679555,1.0766172,0.64589334,0.3814458,0.29163852,0.1367358,0.15746385,0.19266236,0.10968099,0.046613973,0.12598349,0.123643756,0.10681516,0.11334055,0.1301823,0.29233116,0.3706491,0.14900225,0.28205284,0.5064271,0.2599758,0.7354478,0.8305123,0.36767066,0.5050819,0.40780252,0.45473802,0.6822891,0.6528207,0.6951895,0.61005044,0.33176172,0.50122607,0.3406009,0.46474206,0.5379573,0.676389,0.4778191,0.6313137,0.75344694,0.18228349,0.23177694,0.4457355,0.9156049,0.5908085,0.7366326,0.9363529,0.83658475,0.28734547,0.2412989,0.18883072,0.15980509,0.29768658,0.63574755,0.75802946,0.808319,0.5195945,0.45351586,0.24262011,0.1350993,0.2017068,0.7450208,0.7646093,0.6858884,0.42603245,0.3391871,0.3244052,0.7296528,2.804494,2.1353245,0.33443844,0.9247072,1.0566965,0.43347928,1.0845588,0.81498116
1.4199518,1.589895,8.219611,1.1528285,0.5815651,1.1629292,2.5105412,6.1096973,5.354008,3.0956912,0.4250483,0.4676578,0.8254807,0.6041876,0.4354277,0.33081445,0.49414596,0.74590755,0.2355641,0.18698886,0.23324648,0.40466562,0.94723445,0.5923806,0.7819547,0.56812745,0.29740202,0.20515089,0.16911216,0.29810664,0.42276484,0.30848807,0.4861823,0.5908041,0.18600175,0.6620938,0.8307749,0.576917,1.0375658,1.7324901,1.0432092,0.757268,0.40360403,0.36753264,0.4867189,0.6680209,0.4457733,0.28326893,0.17388074,0.26124573,0.72626853,1.879405,2.1984155,2.0252979,1.817185,1.9713465,1.5408577,2.5053732,2.6925268,1.1678833,1.234824,0.70175093,0.3549449,0.4612929,0.68231106,1.5732096,1.0469977,0.7103277,0.98626256,1.3129464,1.4774909,0.5306962,0.41093737,0.36222127,0.79354066,0.55805594,0.16924037,0.4189219,0.49817535,0.43590584,0.5730355,0.34762192,0.14324282,0.60164666,0.22391984,0.17964062,0.29489827,0.18840007,0.20829867,0.4201563,0.24604046,0.46299693,0.41564092,0.31923226,0.27230072,0.8839205,0.8937877,0.4786029,0.35782278,0.34795573,0.5682745,0.28012767,0.41034415,0.46961117,0.58157456,0.24928974,0.45567203,0.50316066,0.7653295,0.8195989,0.52716005,0.5295253,2.9693406,1.1564175,0.5045023,0.87178564,1.4453218,1.8192222,1.1533897,1.3150247,1.7123421,1.3715034,0.96322113,1.4651084,1.4353033,0.6052593,1.96797,2.2425735,0.9219391,1.9590384,1.5097764,0.6950316,1.1055508,1.3773917,1.1567507,1.3552614,1.286711,2.116508,3.2109222,1.5327191,1.552748,2.0297308,1.547882,1.5733595,3.04933,2.3348846,2.322808,0.6703936,0.3018261,0.51178896,0.34368038,0.27598998,0.26911873,0.36531898,0.8321219,0.7714035,0.33100563,0.63486916,0.44487917,0.8711705,2.3746164,2.6345608,2.259112,1.6110253,1.2796137,1.0984708,0.95643187,0.7700543,0.8684636,0.669962,0.761609,0.5157483,0.69678533,0.8212836,1.0039766,1.314483,2.9288318,1.3024932,0.57711434,0.40672716,0.68224496,1.105899,1.1553892,0.93324214,1.0847603,1.6324692,1.4439354,1.01789,0.59722257,0.8391762,0.93991566,0.9157862,0.83896285,0.5118172,0.55931336,0.41781104,0.4503099,0.65040636,0.6536832,0.59180945,0.18586616,0.5054883,1.1063614,1.4286244,1.748979,1.0091306,0.54400736,0.8344874,1.3917305,1.3701992,1.0834893,0.79335815,4.125763,4.517733,0.86007226,0.6833986,1.0062587,0.95393264,1.1836518,0.8404836,1.0739748,0.75085294,0.5347714,0.7945239,0.83266145,0.9754575,2.0566852,1.5719262,0.6309147,0.56102157,0.42848232,0.46723866,0.43535504,0.39599323,0.65167314,0.5782293,0.4655924,0.22738974,0.24543358,0.42108858,0.63852346,0.7621356,0.7918509,0.68938845,0.6233281,0.68645084,0.9268159,0.47558466,0.574095,0.5830701,0.43303287,0.46457648,0.37188524,0.5199311,0.71599567,0.4688825,0.362998,0.3847814,0.428305,0.33437508,0.32542005,0.3082095,0.09072349,0.051074047,0.09141095,0.17561696,0.27157322,0.12621173,0.19444837,0.20153825,0.090263724,0.20301029,0.5445956,0.6347749,0.6901251,0.6943469,0.7822335,1.2959635,1.4654436,0.41075534,0.28147912,0.3043985,0.6464735,0.43581253,1.0302924,1.2839245,0.596014,0.19708496,0.2637289,0.34800598,0.7512636,0.6066994,0.45539212,0.47605768,0.61000264,0.4338267,0.5521933,0.5240152,0.29821333,0.16164112,0.28257197,0.14385718,0.20408072,0.39119503,0.6938318,0.59561384,0.4189652,0.25211963,0.4241558,0.7038705,0.39778933,0.52062273,0.6443561,0.33938035,0.1361792,0.9905711,0.95478934,0.3562478,0.5298935,0.35796615,0.31543627,0.42545402,2.4642437,1.7817442,0.9776593,0.98161924,0.69168353,0.37303412,0.3585178,0.551698
0.8422153,0.91708183,1.0091614,0.83775663,0.4221777,0.2750587,0.43597314,1.7984298,0.6716631,1.0798773,0.27796978,0.41517183,0.6778369,0.37897608,0.17844577,0.112095825,0.439392,0.40186185,0.3436913,0.5542864,0.47819403,0.41323417,0.58554846,1.0833004,0.46400192,0.36442018,0.50021595,0.6820148,0.5347356,0.33059886,0.38052177,0.74615854,0.38287595,0.95752823,0.7657918,0.88263714,0.33946928,0.41251606,1.0953074,2.0060308,1.6504076,0.77547675,0.3632354,0.43258306,0.21083982,0.2905104,0.39444494,0.44904807,0.43564576,0.44498703,1.1723549,1.3454177,1.0734215,1.0507482,0.95332086,1.0747507,0.8840448,1.3964113,1.1437548,1.8145664,1.7791167,0.83512807,1.2688147,1.2623547,0.9090304,0.5805595,0.49628183,0.81589913,0.9250333,1.205549,1.4880214,0.9818034,0.4849631,1.1823335,1.5375566,1.0790069,0.48455223,0.58648276,0.34108284,0.61968356,0.97197884,0.60524416,0.35996768,0.29742634,0.33709356,0.64848065,0.9384004,0.29393435,0.33065498,0.28885373,0.19143243,0.44755548,0.38377997,0.40146184,0.7992323,0.92579335,0.63013273,0.34464002,0.59018224,0.59328806,0.6342027,0.8544864,1.1104515,0.8692391,0.58028394,0.5880189,0.50728875,0.618832,1.2084527,0.5510888,0.8373694,0.7884811,6.895361,6.0985265,3.9383464,3.9359894,4.03009,5.146592,2.415494,1.7927088,1.9333129,1.9423301,1.4120923,1.1504362,1.9490975,2.6167138,1.3613188,0.98474824,2.3880146,2.6098661,2.5135813,2.3933792,1.668797,1.4387105,1.8533804,1.4277283,2.5124881,2.4096153,1.9908025,1.6754701,1.9144733,1.8185508,1.7681634,1.3228686,2.9998856,2.7410767,1.8597411,1.5160469,1.4239929,1.6787925,1.3069264,0.8141482,0.3957274,0.6984223,0.25893152,0.31511965,0.6975384,0.90875983,1.1886631,0.9949274,1.3656721,2.5532105,2.066982,0.8622396,1.6398951,2.427825,3.7250195,2.8677592,1.6514685,1.1350993,1.0602189,1.5678548,3.0156515,3.1378937,2.1410844,1.7148105,2.9471893,1.6532354,0.45206022,0.5517177,1.9362551,3.697765,2.8129265,2.015383,1.4207424,1.9559829,3.151409,3.100391,1.6449255,1.4364723,1.6188117,1.885983,0.97493595,0.7557957,1.1400155,2.7887254,3.8264651,1.584089,3.1247144,2.154371,1.1193056,0.7318829,1.880676,3.1220896,2.650546,3.5111456,2.5653057,1.8080812,2.708543,2.4418018,2.4923036,2.0795426,8.316325,6.073218,2.0071497,3.0629086,2.6334872,2.0235755,1.4242113,1.5099046,0.50489175,0.4774663,0.40488198,0.9252226,1.0299369,1.1755124,2.5799503,1.5382957,0.43852845,0.4088834,0.3833217,0.58953154,0.9504898,0.6585484,0.91813904,0.4076067,0.31872234,0.58582425,0.6818213,0.9036032,1.2940255,1.0621098,0.99523926,1.362388,1.675809,1.0014856,0.6279149,0.87176055,1.1740569,1.29845,1.0294803,0.87539953,0.48022306,0.9032849,0.89921963,0.96804875,0.55771285,0.4468501,0.64025956,1.0844123,1.3025172,0.8723643,0.52381796,0.4370578,0.67780113,0.6522908,0.37320542,0.35673797,0.5315013,0.42655146,1.2867901,1.2275918,1.1926191,2.0770173,1.2369239,1.7225057,2.5141978,3.0802603,1.9435489,1.7113589,1.3103261,0.7549899,3.5904717,5.2065773,2.7337587,1.3124182,2.1563952,3.027563,1.6101233,2.2092762,4.014046,4.729545,4.7933745,4.0969048,3.2938306,2.0638132,1.2016832,2.0256596,3.6166332,2.495382,1.9695797,0.7234855,1.2275003,1.863036,2.7887204,1.7459197,1.775205,1.637188,1.0245987,0.9018031,1.5889753,2.1996827,4.2122693,6.754797,6.762595,8.619245,6.947891,12.789976,14.674955,14.417449,7.699628,5.928629,3.9324088,3.281213,9.4270935,18.762575,13.89049,10.70072,16.607597,12.389089
0.947999,0.9752951,5.8645744,2.0516248,1.8790357,1.1036807,0.89957666,3.8494372,1.4917772,0.9388717,0.6164777,0.6137111,0.92020226,0.46713358,0.53930825,0.23656303,0.23182833,0.5696362,0.45925117,0.5704642,0.28016084,0.25665137,0.61087203,0.5252766,0.3147517,0.39969733,0.40025052,0.31338775,0.37390363,0.44305682,0.31526673,0.25080535,0.36824608,0.54209113,0.18720861,0.25930378,0.4070534,0.42314893,0.22245413,0.20533642,0.38125342,0.28907147,0.31599948,0.40230933,0.2699332,0.3090794,0.35857567,0.21389027,0.2480504,0.43070653,0.91229117,0.9277512,1.149526,1.7479117,2.137551,2.589137,0.7392288,0.5531686,1.1406084,0.7656964,0.57045305,1.337468,1.5252116,1.0740979,1.0106775,1.0308669,0.6547589,0.56797314,1.7180226,1.3324068,0.6006935,0.45910507,0.451065,0.5084606,0.41968226,0.3455432,0.6942557,0.8332837,0.9323553,0.57188183,0.3476032,0.21626204,0.39298445,0.5103316,0.38429594,0.2367375,0.44994438,0.33715943,0.30478275,0.31974003,0.23103923,0.43636954,0.2066516,0.33190498,0.4995364,0.5797906,0.9112395,0.46597016,0.47883955,0.44302374,0.27684107,0.3414283,0.95918125,1.7404929,0.8181854,0.64402074,0.56464994,0.21255007,0.4413994,0.5450698,7.222463,6.9045544,6.1861954,17.208746,14.527279,4.629308,3.2562125,7.6521635,6.342199,4.596098,2.2639656,2.1465013,3.2211456,2.4357755,1.9374708,3.157199,3.1528523,3.924322,2.2333505,1.8290466,2.4707239,4.363907,4.2116537,2.062811,3.638675,7.3147955,10.443911,5.7221456,4.645424,2.9895926,1.344148,4.3593464,7.115421,4.707303,1.8992214,2.7873836,4.5914145,3.8709376,2.1393318,1.2864023,0.8147263,1.0964344,1.1946787,1.1948082,0.55795443,0.4898398,1.147978,1.7548745,1.6747783,1.2948701,3.4107132,2.970502,2.3076406,2.1105754,1.8587683,4.118723,5.898005,3.4690375,1.2747896,2.628521,4.956667,2.792066,2.4614227,1.8012754,2.6706016,2.9151366,3.096388,1.5533507,0.70322895,0.6264931,1.8199592,3.524033,1.9337895,3.5862584,2.8848302,2.3402987,3.7229426,4.684277,3.6615832,0.9705182,0.46716934,0.9836685,2.2690318,1.9334072,1.4797235,2.8917975,4.2152405,2.6157532,1.8756678,1.9182489,1.6653945,2.459566,3.1272082,2.478116,0.82070166,1.7328339,1.5576779,3.1351898,3.0769575,5.9687376,6.5059648,3.3890743,6.1948824,5.5031624,1.4394192,1.9033169,3.2527013,3.3339212,2.2685368,3.056011,1.9344959,1.5451254,0.9132411,1.7088896,1.3683876,0.8769792,0.5187816,0.66794974,0.4418328,0.45495424,0.4976474,0.44035718,0.2990774,0.24029158,0.31530863,0.22809282,0.25587288,0.155073,0.19174232,0.4538156,0.4771941,0.39482215,0.3471283,0.43299133,0.7344203,0.6888029,0.565801,0.32979965,0.2884455,0.39318055,0.3941643,0.3594014,0.2246969,0.4543023,1.0358908,0.71851623,0.21803486,0.1329366,0.1581174,0.20244202,0.27788588,0.13481903,0.08521502,0.10430927,0.0909555,0.09858574,0.12648697,0.10680225,0.12421605,0.2322631,0.24638869,0.17310478,0.20754112,0.40342852,0.660385,0.51508164,0.46260256,0.5973366,0.42805314,0.407211,0.40119287,0.7849182,0.74438685,0.74740386,0.65931237,0.35519055,0.23811029,0.2692434,0.29806927,0.34922424,0.43283847,0.30353743,0.21077107,0.18228509,0.28105596,0.30446965,0.3499521,1.0649492,0.6120645,0.27792612,0.43363327,0.32865053,0.38684306,0.24027593,0.16437662,0.22573785,0.22086646,0.28240985,0.26229212,0.41717997,1.1438404,0.59828,0.3830745,0.2723944,0.45215327,0.86172485,0.72194064,0.9316136,0.7580261,0.8070421,1.1056303,1.4091793,2.2140722,1.9722853,1.0642649,0.9694402,0.7075448,0.8523221,0.74331045,0.2580189
1.501207,1.4963331,9.178258,1.1252851,1.1700373,1.1385071,1.1903957,5.61841,4.577547,1.2877687,0.6567154,0.4625336,0.57079124,0.57619196,0.93066186,0.5609037,0.28259107,0.17690165,0.17303535,0.2202703,0.23573406,0.157168,0.7027972,0.9480376,0.7460119,0.75260633,0.29905215,0.22726335,0.23665258,0.4015186,0.25498894,0.22952527,0.30867013,0.19992895,0.16262843,0.29586315,0.46072423,0.30319384,0.30321705,0.26924136,0.22907257,0.27465194,0.23598723,0.07724748,0.17723271,0.16672774,0.25507897,0.45157737,0.51597565,0.43426093,0.40975314,0.65023947,0.75399673,0.525963,0.47194067,0.8163783,1.0245032,0.9085353,0.5039052,0.6961424,0.4343811,0.7990221,1.5792062,1.4713315,0.8965391,0.31288794,0.5911843,0.79299915,1.4155599,1.2779413,0.5243684,0.26504102,0.23022018,0.26501054,0.38837153,0.42450988,0.2588128,0.20151052,0.18324758,0.1815429,0.28888705,0.23449387,0.27765286,0.40058428,0.5762446,0.54163486,0.39669934,0.25506073,0.3439471,0.35860208,0.21794844,0.5383194,0.2492436,0.25049677,0.27481255,0.49914426,0.91157675,0.5004684,0.29599082,0.25065905,0.2220383,0.5602099,0.8407614,0.7228561,0.07763319,0.09724624,0.07505674,0.16584891,0.27671185,0.3164575,1.6584162,1.3747815,7.5744243,12.340275,9.276513,6.6943393,11.0232935,13.124352,11.506838,7.0265102,4.373802,3.5268135,2.4621527,4.866426,4.645656,3.701566,3.816616,5.594166,2.701509,3.3984747,4.172752,5.3720875,4.0305743,6.563752,6.3340116,1.5539252,4.2878447,3.7505856,4.0973244,3.795205,2.5071368,3.0361953,3.1099977,2.082563,1.9345851,2.323983,1.5449584,0.85136425,1.6106492,1.7445403,1.4476806,1.0242834,0.38454333,0.6750533,1.3008368,0.77742845,1.2286478,1.5812474,1.234388,1.6199309,3.3578813,4.8566823,2.1040587,5.699015,5.418331,3.3008397,3.1459897,1.7454617,2.1505518,2.713588,4.7550316,5.47011,4.350021,3.662902,2.1460996,1.5810983,1.6920528,2.7775452,0.8594095,1.0060523,3.2526748,3.2858925,1.6400988,0.9203505,1.4518908,2.1063335,1.115511,3.0953956,3.1217453,2.1621556,2.8306937,2.5683866,1.7159936,1.5585047,2.4383287,4.927869,3.387634,1.588281,1.7726607,2.3803809,3.0902836,4.058263,1.6175864,1.4962388,1.4360212,1.9052131,1.3259127,1.6283929,2.9872627,2.8896174,4.401966,4.6897187,6.3031406,6.5955772,4.2255025,3.667001,2.0295954,2.0602024,2.02056,1.267994,0.30437598,0.34044003,0.34929293,0.35476163,0.31290296,0.33724573,0.52063334,0.42415246,0.49115664,0.3480804,0.19378048,0.35618615,0.43731448,0.30376837,0.3758544,0.57953346,0.6192409,0.43911868,0.34049785,0.32102764,0.4800643,0.49801096,0.47491074,0.40924183,0.4638482,0.5190345,0.50218785,0.4191755,0.39113325,0.17416593,0.1984323,0.1326618,0.18403237,0.23505598,0.52011806,0.51799774,0.4169137,0.31608075,0.19642718,0.1490326,0.09018982,0.081914105,0.04549684,0.043113656,0.105629265,0.076582514,0.05199272,0.058114503,0.15066198,0.2992594,0.2604766,0.22115733,0.41263518,0.5398897,0.6352122,0.37822393,0.20477064,0.16348128,0.35988098,0.20048103,0.16872066,0.2712878,0.27872235,0.43426087,0.45534983,0.34971902,0.34210917,0.27550793,0.39798594,0.27437955,0.41320863,0.34352875,0.45835707,0.31959584,0.2007914,0.2197568,0.39473355,0.31541803,0.3766302,0.41030547,0.3802288,0.17739539,0.43869457,0.21273024,0.1916677,0.2606355,0.27416044,0.18593563,0.22928104,0.18957265,0.1780511,0.10789787,0.31609026,0.23264828,0.18642363,0.19625762,0.19092675,0.3161492,0.20763634,0.20035392,0.23483862,0.472318,1.0688854,1.0861151,1.0072687,0.6326255,0.5306154,0.39111546,0.3409715,0.1733781
1.2760011,1.2621926,8.414738,1.6422933,1.167389,1.1966604,1.0745893,3.5989397,5.5988083,1.3079089,0.6618129,0.6359696,0.59657687,0.858319,0.5936301,0.25394192,0.48938832,0.27450392,0.30426174,0.18666957,0.30538994,0.6260452,0.7313868,0.574651,0.2390597,0.23411432,0.3126141,0.30467007,0.34288928,0.45593765,0.09430306,0.09511883,0.1541975,0.34311172,0.33624047,0.18672393,0.14025763,0.19560564,0.23589498,0.24978566,0.14634696,0.045771416,0.058535755,0.04228049,0.1476815,0.16637605,0.14565781,0.23326807,0.25195038,0.17504823,0.2665129,0.26319778,1.1088777,0.51790833,0.6842622,0.67277986,0.46339327,0.53873706,0.43103132,0.6862366,0.65000117,0.5204268,0.3113331,0.26991776,0.29107693,0.46949592,0.6510277,0.640771,0.88294727,1.068808,0.9717418,0.61993116,0.56121224,0.24706873,0.17215379,0.32398972,0.26562023,0.14233209,0.20856899,0.31549463,0.37223142,0.17267942,0.26847234,0.39609888,0.46496633,0.41293803,0.2678849,0.11246066,0.1511051,0.23083577,0.1933107,0.19189054,0.17343909,0.26525635,0.18824288,0.2506479,0.35771573,0.25138316,0.2982997,0.24499114,0.39739668,0.69004625,1.2737551,1.2145312,0.55342203,0.2675648,0.15377834,0.21722718,0.39686796,0.47140142,2.4471178,2.020891,4.1155505,5.18772,2.6273308,2.8523889,3.3908439,8.288058,7.9287877,2.57567,2.367471,1.9443866,1.8526714,3.6212487,4.8409796,4.3897142,3.0388026,1.7009627,2.024532,2.6128464,2.8410766,3.461246,2.9237087,2.2672238,3.374496,5.4690967,2.6409242,7.234043,6.738185,4.3125362,2.6554213,1.9246974,1.2544328,2.186668,2.9456773,1.8342851,2.2664967,1.6051189,1.1796241,0.95821923,0.8927832,0.5940582,0.85245854,1.2380869,2.0318515,0.80793744,0.41508055,0.8867247,0.85287374,0.3053641,0.9128602,1.9899261,1.4475833,0.454358,0.48827073,1.6845942,1.769619,0.895234,0.59513885,1.7915165,2.4258544,2.6255472,1.343978,2.7200325,2.6032565,0.72453666,1.347337,2.1199455,0.5472463,0.38274264,3.2632773,2.5101779,2.888056,2.7769501,2.7987409,2.7908049,2.0765758,1.8691067,1.7527767,1.9249277,2.97295,3.569076,3.4372797,1.7441493,1.4467251,4.04869,2.2770965,0.5858644,1.9885525,3.0472922,3.0577748,3.2925832,3.098061,2.9659932,1.5418795,1.8945189,4.3299117,2.4572601,1.709131,1.7392128,4.5726533,3.9567468,7.1609836,5.227259,2.0428095,2.3700945,2.0851583,1.343986,1.5293579,1.2086638,0.6502543,0.5932989,0.3001384,0.1511509,0.15223202,0.26701373,0.42419085,0.42816782,0.34333777,0.3805238,0.8063098,0.76182026,0.44231874,0.4437909,0.44102535,0.34646553,0.205523,0.27087027,0.34446204,0.43416888,0.31679448,0.20378467,0.31277305,0.22814119,0.24870522,0.44706967,0.33984327,0.38850155,0.33783853,0.38933182,0.39976013,0.1848019,0.16594388,0.12441707,0.33807456,0.31646627,0.10732257,0.1459578,0.23935463,0.3293177,0.14792967,0.08451847,0.044594876,0.05567486,0.08383458,0.106187,0.07671021,0.1154015,0.08911749,0.09211279,0.19007947,0.15117854,0.17532055,0.2644859,0.5506375,0.5506132,1.0989572,0.6748162,0.30233508,0.4680744,0.5599134,0.52351195,0.22200508,0.36160952,0.25023124,0.230476,0.34221965,0.390015,0.27556878,0.36187342,0.28430116,0.1371272,0.28688926,0.25597015,0.28073207,0.113123626,0.17378667,0.27337918,0.2886858,0.24126211,0.26178446,0.25830713,0.25222352,0.45794302,0.2892777,0.15981273,0.22890134,0.15291764,0.12783489,0.23314929,0.2593199,0.25873002,0.42984146,0.24274842,0.24342541,0.39803,0.79647624,0.55020094,0.101560794,0.06908464,0.1726544,0.7128388,1.1322634,0.5156859,0.17295092,0.3428521,0.31382403,0.34542477,0.50326824,0.37238187
0.3615336,0.45831257,5.3488855,0.71035284,1.0550413,1.382464,1.0216305,5.1159983,3.648765,0.82000154,0.836059,0.39504018,1.7048591,1.7042658,0.406998,0.46524805,0.32496452,0.27768052,0.46730906,0.6279645,0.8083141,1.00209,0.75463146,0.29176095,0.44471955,0.8254608,0.71685094,0.5759558,0.19768101,0.21066295,0.43630412,0.28639296,0.20558469,0.31125537,0.42634708,0.70454067,0.4888879,0.22625475,0.14731783,0.16736732,0.15928939,0.20017774,0.18862669,0.10524659,0.08095504,0.13752396,0.118501656,0.20620659,0.27649328,0.3871284,0.5837216,0.58270687,0.43659395,1.0851597,1.4570624,0.90545815,0.86478174,0.8258899,0.94872385,0.7801206,0.68639576,0.79189247,0.6557745,1.2279232,0.62665975,0.35827377,0.6313034,0.39700282,1.0679475,0.7688053,0.26915628,0.28396454,0.42354667,0.63747877,0.5493383,0.42549682,0.3237072,0.3860758,0.48374873,0.5787993,0.49031243,0.3532674,0.29619145,0.54381233,0.4852384,0.16939272,0.22687252,0.21945022,0.42803302,0.3379128,0.4235676,0.597704,0.47678712,0.26996973,0.6746188,0.8410017,0.6702627,0.39114982,0.26792577,0.18709698,0.6147252,0.9844,0.8462822,1.0501502,0.6996386,0.3330954,0.4387342,0.47226328,0.39065784,0.24126394,1.1419923,1.1539578,2.5632832,3.1347759,2.5356357,2.7792232,2.8476455,2.1061158,2.0211437,2.1260967,3.7729933,1.4925776,3.1994145,3.631035,2.9556105,1.6888888,2.7327235,2.8161454,1.6617885,1.0740019,0.58404624,0.94030637,1.5844132,1.1054007,2.7102146,3.6566286,3.3709774,2.6836658,2.4626844,3.996951,1.0843076,1.1285063,2.2079697,3.2617962,2.642029,1.5289059,1.0354848,1.0587332,0.7002333,0.5424588,0.5478894,0.36037084,0.43645808,0.2873805,0.19530734,0.5270894,0.71674114,0.86732244,0.6019063,0.62707704,0.57952195,1.0129879,1.3748151,2.5484474,1.8340614,1.9148946,2.6510537,1.0373238,0.8455032,0.8060826,1.1169645,1.3010947,1.3082116,1.0909894,1.4995544,1.3916284,1.27903,0.712202,0.7250452,0.98859274,1.6818163,1.1144587,1.1211661,0.618158,1.2340127,0.9192767,1.002937,1.689032,1.8191134,2.8166964,2.8503487,0.9722444,0.7796989,1.1600716,1.3947382,1.1352736,1.6271007,1.4719354,1.7248367,0.84750724,1.6991805,1.554384,1.0060849,1.3914768,0.8424448,0.680142,1.350852,1.3009498,0.85384494,1.5275754,3.0351818,5.4952817,10.176457,6.9988375,1.8645183,1.152869,1.5169128,2.2752457,1.4269607,1.2249615,1.7735944,1.3650666,0.7330276,1.2175604,1.5074937,0.87858254,0.3591889,0.64506644,0.63210666,0.30730602,0.24346927,0.4788393,0.58039844,0.34446335,0.63606787,0.808214,0.54120564,0.5789116,0.62476516,1.0644814,0.61108816,0.4946054,0.501302,1.0440407,1.196414,0.873911,0.41675335,0.7206716,1.2208204,0.6197493,0.29519123,0.12628196,0.8164677,0.9034898,0.57599896,0.50970703,0.2706711,0.16075082,0.21577923,0.20689636,0.163605,0.11114096,0.101927996,0.07216184,0.09055189,0.17808376,0.10715142,0.07780805,0.15287828,0.26153618,0.38853338,0.1959216,0.27176464,0.5288072,0.5287722,0.5701376,0.41784182,0.4068865,0.32291114,0.299742,0.32816744,0.7694807,1.196387,0.53866637,0.61648405,0.836127,0.37050405,0.3023567,0.34339744,0.4525447,0.72763926,0.44962364,0.6297185,0.5995988,0.3118957,0.25062338,0.46866286,0.43885642,0.24240291,0.4502372,0.66692966,0.47370455,0.23680827,0.33193436,0.3119289,0.28235847,0.36874464,0.2686726,0.096168734,0.31642634,0.36758155,0.31735027,0.18492688,0.18689398,0.31991386,0.38358468,0.6671174,0.7148373,0.3221426,0.37765977,0.39852977,0.75004196,1.233029,0.63866305,0.34063968,0.38762686,0.4273177,0.5356578,0.34281397,0.19175114
3.1712272,3.5073333,10.43954,0.8319728,1.0527339,1.9423286,2.701721,5.844672,9.346541,3.0950315,0.59421664,0.91443443,2.0390754,1.7688351,1.329786,0.44987082,0.4906566,0.651546,1.2144957,0.5968897,0.24069694,0.42258927,0.94429845,0.49641097,0.5976967,0.935814,0.5572941,0.27527758,0.3308804,0.3631943,0.29702207,0.16905306,0.2666004,0.34890595,0.4152115,0.5062495,0.28953254,0.14045879,0.18586096,0.22237934,0.16459365,0.11375459,0.100907154,0.08715896,0.14514889,0.18330461,0.1859665,0.28225744,0.4029171,0.86568516,0.57546175,0.4831507,1.7108232,0.91378015,1.4692947,0.83263147,1.3766685,1.225056,0.79571235,1.351231,1.9708439,1.451997,0.9269662,1.1041867,0.81456697,0.39528257,0.730918,0.5915042,1.1936299,1.4457245,0.92935294,0.6230418,0.6944658,0.7029383,0.33254611,0.15907513,0.23691559,0.38560137,0.30707356,0.399184,0.48502642,0.47327968,0.26767594,0.13018315,0.31789583,0.3077046,0.15560877,0.17490137,0.6268375,0.5895137,0.30884188,0.28037724,0.23384188,0.171554,0.47628585,0.7623998,0.8502231,0.54768705,0.5583978,0.7126747,0.40380108,0.6276833,0.96020633,1.3174716,0.5038306,0.3740465,0.42694268,0.49452955,0.56765884,0.60742044,0.7675615,0.9649939,2.778126,2.3135407,1.718368,1.6776122,0.8779302,1.4123553,3.5009162,4.1133366,2.5588584,2.5423288,2.033421,1.2834287,1.7718205,1.5688314,0.8808706,1.4820874,1.998374,0.87438834,1.7031772,2.6557028,3.0512886,1.9011194,0.8299958,1.0820814,1.8683677,2.3543885,2.181494,1.5994216,0.7623554,1.4807507,1.4215375,1.0116775,3.1016436,2.933288,1.7105217,0.89373404,1.281396,0.64157623,0.6576771,0.641391,0.3534039,0.6546907,0.24408218,0.22291158,0.4782368,0.8218565,0.68796825,0.5222661,0.73040575,2.8448677,3.516667,1.6086411,1.6310883,1.4637033,0.59025365,1.0429243,1.6247789,2.3802707,3.6756492,1.9541315,1.1098673,1.2331239,1.6246513,0.9692222,0.827623,1.1345952,0.9809135,1.2398111,3.333142,1.5610857,0.79861856,0.77453214,1.4846592,1.7163568,2.118543,2.151153,1.625919,1.5346457,1.3156645,0.99945456,0.85022885,1.9158758,1.2923559,1.5286297,0.9562084,0.4725457,2.193438,3.5520618,1.3748516,1.4304549,1.6086553,1.160369,1.4865367,1.7477022,1.4445373,1.8092766,1.3024007,1.8319701,1.7292683,2.141723,2.9851484,2.7315004,1.1370261,1.6221634,1.1448842,1.7401736,0.7546887,0.8437391,0.209278,0.21784385,0.4807349,0.1784337,0.18736975,0.5816753,0.7540033,0.29827383,0.7994768,0.9014519,0.47471133,0.5164923,0.9601889,0.8828833,1.0368947,0.83208793,0.36476576,0.42978784,1.0361085,1.1099331,0.5815885,0.44134945,0.7869179,0.7373996,0.776374,0.8952806,0.67103153,0.38943952,0.4971495,0.31399733,0.6390448,0.41547167,0.89247555,0.95016706,0.9133448,0.71571356,0.4022448,0.40376738,0.39576215,0.2487112,0.36341834,0.22762983,0.1909106,0.124462925,0.23234697,0.2316812,0.28596544,0.46171856,0.4950522,0.681324,0.5944315,0.4537083,0.34847307,0.3483027,0.7905061,0.45284042,0.40457207,0.21428838,0.70585907,0.52290213,0.48947167,0.33782285,0.59438056,0.6807801,0.39626387,0.14558126,0.19512023,0.26853278,0.31182933,0.4088185,0.8719371,0.32103607,0.37946278,0.3996328,0.23189315,0.19849585,0.6180113,0.89974284,0.35158426,0.1781645,0.15364386,0.29933178,0.19182964,0.2609064,0.5014845,0.20112818,0.26393032,0.44448107,0.6873778,0.6792914,0.39858806,0.2646009,0.51991993,0.3382449,0.29663038,0.5633735,0.7022464,0.69832426,0.39365482,0.57793057,0.6313617,0.95467794,1.0653532,0.5999007,0.64972186,1.3332697,1.2298765,0.8971059,0.67019325,0.423619
2.836401,2.3758187,7.539191,0.92617583,0.69856715,1.5749313,2.6385672,5.0327888,7.3532763,2.6472974,0.6204384,0.30089092,0.46848422,0.9384353,0.40541938,0.16273871,0.1950719,0.20062645,0.25188786,0.26705167,0.3743696,0.7869266,1.2005215,0.90810484,0.47252706,0.42799243,0.4663097,0.43758658,0.46965823,0.2633058,0.22727385,0.33219698,0.55501115,0.64073986,0.49761733,0.519052,0.31060496,0.27243793,0.33682844,0.29214826,0.15329507,0.20433804,0.19861574,0.06645877,0.08143907,0.1657048,0.14672476,0.2083264,0.17242117,0.36265478,0.6035097,0.53365827,0.62405765,1.4328401,1.3415881,0.9365121,0.8035958,0.6990951,0.6398407,1.0157623,0.83836585,0.7771848,1.1548471,1.5119894,0.9843121,1.4351875,0.69439465,0.74402106,2.4162025,1.764553,0.8481078,0.87023765,0.8222618,0.9857512,1.6562877,0.92126155,0.1386867,0.47165442,0.58895373,0.32001457,0.30965903,0.5103953,0.76204836,0.4230847,0.27483293,0.15485245,0.274934,0.43044734,0.7320606,0.39319184,0.442054,0.42762628,0.4091822,0.45285246,0.43190783,0.64197856,0.9079937,0.8628595,0.5478013,1.0925274,1.4122258,1.0608851,0.91195333,0.75546783,0.6573896,0.7796872,0.560181,1.0969039,1.7867838,1.3928484,0.91599303,0.79115117,6.119386,7.7759085,5.753723,3.849093,3.7242668,3.6117816,1.9949347,3.4967675,3.3095844,1.3275934,1.3015466,1.0591818,1.5450171,2.2384334,1.4598231,1.3272356,1.2403013,1.6834987,1.3559108,1.4805747,1.5900662,1.4450434,1.1937745,2.2428696,1.8137683,3.3736935,4.652292,1.2674778,1.648443,1.316585,1.3302941,1.7428782,1.7408762,0.8314578,0.5882671,0.40468237,0.59812033,0.37874764,1.0600839,1.1945809,0.48941642,0.42675412,0.38408136,0.33739117,0.32007492,0.86176497,1.1863259,0.74525326,1.1555067,2.934698,2.5375314,2.0866942,2.456775,1.5502852,1.7679024,2.1037083,2.5139604,2.2940435,1.6861742,1.545882,1.7864814,3.0673714,1.7774453,1.9773233,1.9556962,1.2459154,1.2897832,1.3992444,2.6542785,4.251071,2.1111763,2.3771813,3.817,2.4370408,1.6549617,1.6589762,0.9820894,1.3666555,2.3639812,4.231021,3.0140862,2.356219,1.97296,1.6973872,1.1266842,1.1614778,1.7695371,1.0521742,2.2169008,1.9440906,0.9611251,1.7377332,2.1056712,3.5190501,3.0765917,4.6548934,1.7850856,2.8995583,5.0232997,5.3859544,6.532689,4.9846716,2.5719097,4.290671,2.8064148,2.195991,2.4434056,3.1348877,0.9283164,0.78893983,1.0840119,0.7998344,0.82160926,0.9958783,1.1504624,0.954913,0.84757113,1.295442,0.8647233,0.4462426,0.5281439,0.8245595,0.49459267,0.535183,1.0078051,0.8418768,0.81289333,0.42674434,0.43601435,0.8555294,0.95434296,0.6972473,0.77079195,0.5966462,0.69171584,0.9222776,1.03595,1.2626342,0.6798128,0.5193106,0.58509105,0.64067316,0.96293706,1.5553653,0.7081126,0.4320465,0.49145827,0.35703227,0.19573042,0.42283028,0.46179372,0.13576274,0.11555447,0.1582056,0.14380169,0.17168964,0.203867,0.11226706,0.5397389,0.3707921,0.43111682,0.5018779,0.49639723,0.5789967,0.96753025,0.87297016,0.7263549,0.7463205,0.87802655,1.1012747,0.85521764,0.6765023,0.3130963,0.6235076,0.65235525,0.48735878,0.6815347,0.6379915,0.66920567,1.5160408,0.86856854,0.4041955,0.8058706,0.633175,0.5889797,2.0092642,1.6318755,0.5528706,0.7145672,0.8343722,0.8006662,0.75259745,0.67567635,0.56674945,1.2452676,0.43182528,0.8629806,1.7178519,1.3570987,0.8752667,1.0198418,0.44674864,0.4750955,1.144678,2.0178616,2.13067,1.3775123,1.3350842,0.9186457,1.3707789,2.101314,1.605409,1.4766918,3.5529304,3.9470236,2.2506785,1.4536566,0.7914352
2.3390183,2.3842416,8.890822,2.0235107,0.46279365,1.0544189,4.1578727,4.3003464,5.0342827,5.4500675,0.6256762,0.21818756,0.5076722,0.88659203,0.69744676,0.4642933,0.5221828,1.1645755,0.8299332,0.5615723,0.4563168,0.691361,0.5478442,0.5164418,0.23279583,0.40736675,0.4756573,0.5368074,0.3808681,0.6296222,0.4746697,0.41866657,0.36396143,0.49161145,0.59365374,0.6415048,0.39347276,0.2799175,0.2622819,0.23726647,0.17353262,0.24238047,0.24319234,0.1306792,0.13385223,0.28700954,0.10806531,0.090884574,0.087072335,0.37967366,0.6505739,0.7097614,1.426736,1.4983891,0.56517726,1.0212168,0.7407364,1.0069486,1.3160591,0.4901159,1.0764593,2.3880308,0.76909864,0.4271022,1.1575084,0.6752752,0.79440993,0.75026196,0.8811051,0.8300854,1.0889846,0.8273503,0.71255887,0.72802263,0.42682368,0.572675,0.37751594,0.301624,0.3662686,0.34443933,0.5650522,0.5132407,0.41250166,0.52582157,0.21869498,0.28101936,0.30194852,0.33461258,0.49791035,0.79240173,0.6035889,0.8404231,0.6593271,0.26806182,1.2000561,0.32920864,0.35263252,0.48322755,0.4093697,0.6379465,0.79658043,0.650664,0.5972729,0.94438565,1.4594761,0.77539146,0.5726852,0.45203555,0.5598435,1.0842453,11.875517,10.860798,2.0382044,1.702871,5.254223,3.5278482,1.2393085,0.8905634,2.0736043,2.5978374,1.99668,1.8269717,1.6219983,3.276755,2.188899,1.577574,1.648018,2.1758416,1.3346174,0.40013298,0.7138379,2.2122283,1.3818358,1.170583,0.9279901,1.865652,1.717835,2.0447526,2.2423084,2.3560534,2.339086,1.9322383,1.979823,1.9111627,2.3853168,1.5310941,0.9377061,1.4473132,1.3952944,0.5926556,0.32040977,0.41099328,0.4171013,0.44729865,0.64426935,0.5334925,0.35771874,0.6482531,0.70604527,1.0499984,1.434476,1.6372648,1.1205454,1.8370697,0.8652348,0.48047498,0.7050194,1.4662908,2.3369422,3.1508095,1.59424,1.2473999,2.3138635,1.7964301,0.924998,2.2077637,3.688083,3.3683763,1.4499992,1.2516625,2.133409,2.9762433,2.806411,2.0584013,2.477285,1.5937699,0.6962737,1.6719098,1.2732304,0.90197927,1.6126591,1.2452661,1.5095206,2.1050286,1.1960498,0.97580683,1.8913394,1.414423,2.4327018,1.9804276,3.2496803,5.1541266,3.3283815,1.4176869,1.1086994,1.1991416,1.2739518,2.743377,2.7969093,1.4007916,1.1285882,1.5121386,4.337578,3.0795224,1.5873867,0.8475492,1.9749169,5.1182647,3.6480756,3.814885,5.622405,6.688632,2.2341733,2.754881,2.4821177,1.483603,1.851332,0.55557716,0.69099295,0.9010057,0.3236371,1.1618714,0.73322326,0.9470673,1.0701821,1.023426,1.3514285,1.0842355,1.9478422,0.6286705,0.36771592,0.5796021,0.6076694,0.7456805,0.9295316,0.98033035,0.85175455,0.42753813,0.64198405,0.7905011,0.32039803,0.43598616,0.7131523,1.4210114,1.4185896,1.0036923,0.40487444,0.93814564,0.5985948,0.3657642,0.30003375,0.5649643,0.28530568,0.1460266,0.39266318,0.4942501,0.5002733,0.6594307,1.6584836,1.5877692,1.0511292,1.7151769,2.3313303,2.7741435,1.5908496,0.4390424,1.3083433,1.8020942,0.5770753,1.6158714,2.445425,2.8296463,5.901581,5.525003,2.9807887,1.2476877,2.0661087,3.134078,1.7062553,2.195026,8.193884,13.169124,8.777328,4.901076,4.1304502,3.96907,1.9054939,1.6515166,5.058481,4.1920996,2.4244123,1.7719482,1.5181738,1.5895548,4.7839866,6.378645,4.654305,1.9467427,1.524413,4.633734,5.714736,2.393005,1.4890395,1.4316378,0.82376456,1.9533393,4.7330093,1.9202372,1.6668205,3.9068286,1.6687906,4.6852837,5.550165,0.97508293,10.510319,29.667362,18.812477,3.5698318,4.054568,11.467975
0.25392365,0.36463392,5.617219,2.502333,0.9828363,0.55040115,0.7534488,2.7333033,2.648582,0.92448556,0.29513374,0.13724126,0.67760766,1.2332298,0.79565,0.40212995,0.3270768,0.37587216,0.23054571,0.20560753,0.21492533,0.4301104,0.6733436,0.7314026,0.3434917,0.42973858,0.555788,0.42822072,0.2908067,0.22548166,0.17209433,0.4523589,0.7731664,0.6526546,0.48192954,0.67013955,0.2923391,0.22517157,0.23902735,0.22787455,0.1858741,0.097677685,0.09534588,0.1129881,0.1349291,0.117694534,0.112329766,0.18568832,0.3069772,0.48271617,0.8341633,1.3756847,2.0983632,2.0212812,2.476265,3.2556267,1.8222444,0.9169726,0.658183,0.8911252,0.64860296,0.6638278,0.65255284,1.2240514,1.481125,1.1583085,0.6918828,0.3303133,0.46407202,0.62348646,0.42820045,0.3429928,0.5615806,0.47407642,0.16692747,0.4223167,0.40950277,0.27086124,0.18683805,0.48202518,0.41752568,0.41183445,0.18706715,0.6565162,0.44791478,0.20155445,0.14046374,0.43074986,0.8378536,0.5729215,0.3341096,0.6403791,0.6813091,0.59619176,0.3235799,0.73077625,0.9317516,0.46825376,0.51636803,0.51088494,0.4076932,0.67478836,1.0047141,1.4620146,0.3083033,0.119335055,0.32777596,0.2829135,0.38862202,0.8020481,1.7111917,1.8840647,4.132935,3.9552867,4.0445237,1.7640748,1.788107,2.0217593,2.3378217,0.9090522,0.7234399,1.34628,2.0831144,1.7159842,2.9420445,1.4636961,1.107601,1.0496527,1.3618143,1.5853676,1.2148396,0.35361812,0.6757336,1.3242792,1.9695792,1.6010925,1.4532825,2.5137901,2.4990904,1.2635517,1.0509698,1.8903095,1.821229,1.5193255,2.018632,1.2313585,1.1994182,0.7419122,1.0260892,0.68719554,0.6930387,0.49572414,0.27368423,0.4730444,0.29787007,0.16253424,0.264569,0.5336304,0.72700673,0.8139125,1.2960852,2.1447,1.0730842,0.6325909,1.473503,2.526932,1.515516,1.3793538,1.8002505,1.0428813,0.6478092,0.7305077,1.3216232,1.9001833,1.9383749,0.990462,0.9094967,1.1059628,0.31423724,0.6523709,2.353358,0.71367073,0.44688293,0.79719806,1.338187,1.9302294,2.701191,1.4595628,2.0355883,1.2601103,1.1021779,0.73636854,0.97022414,1.64796,0.9581679,1.3175025,0.66318154,0.26476362,0.51762456,0.97438526,0.5372012,2.0431962,1.655524,0.57022053,0.8198595,1.359459,1.816877,1.9728001,0.9569576,0.8604855,1.4905139,1.5293093,3.6833029,4.3533063,1.8701493,1.0645797,1.3536754,1.5620803,0.963164,1.0094424,0.5369474,0.5919378,0.7842634,1.1396741,1.0703433,0.9329166,1.0189627,1.0096157,0.7765179,0.54967713,0.824932,0.2598978,0.6524246,0.6470718,0.62649786,0.57439905,0.6568757,0.75669664,0.92468375,0.65636694,0.43766207,0.9846376,0.70497966,0.2830662,0.51718605,0.65189916,0.45931187,0.48110953,0.8567275,0.6851167,0.48821673,0.46436125,0.861717,0.9434477,0.88882655,0.64512247,0.36757526,0.26225802,0.23014227,0.16166154,0.15416294,0.11508948,0.14225377,0.083498225,0.079380676,0.15177448,0.086258866,0.1854617,0.32736596,0.30443257,0.19551167,0.37107483,0.37916028,0.56787163,0.6518234,0.34766558,1.2857175,2.8639596,1.5993515,0.37020183,0.43430567,0.41058612,0.62674797,0.37659892,0.7054543,1.158469,0.86963755,0.45947826,0.28493357,0.25347838,0.8890077,0.7559531,0.38290513,0.81168646,0.57939506,0.4157027,0.535712,0.49507278,0.48670363,0.53890145,0.5655869,0.8201923,1.5821362,0.7916204,0.62424237,0.7914649,0.6118153,0.35569397,0.21522963,0.76180756,1.4195002,0.992479,0.81964314,0.6133691,0.8290038,1.0659668,0.9789601,1.0852201,0.7887036,0.61533034,0.44195175,0.84093213,1.8111022,1.3477306,1.1099124,0.6812302,0.71701723,0.37297347,0.2970565,0.40227053
1.0216292,0.9410816,14.850597,2.290944,0.35844895,0.60326284,1.8732578,1.2483506,2.9971342,2.8122315,0.50960785,0.54403335,0.8513514,0.9191411,0.8844969,0.5298501,0.30897385,0.36270255,0.9684339,0.4898684,0.3817863,0.9030413,0.6628449,0.7177096,1.114297,0.7233119,0.5104295,0.26907566,0.061462004,0.2788403,0.38636705,0.33764526,0.22574747,0.40445495,0.4755274,0.79166037,0.26001093,0.23584566,0.25133646,0.37193593,0.4324597,1.1211277,1.0936294,0.27269328,0.09386348,0.14668497,0.17304817,0.2655367,0.3915052,0.5542269,0.95340645,0.7308896,0.7949628,1.1652243,1.3607533,1.118534,1.2267895,0.71363974,0.7751138,0.5495304,0.77331847,0.86839944,0.39932954,0.7237139,0.83386064,0.9074651,1.5886022,1.0430179,1.0975438,0.8785826,0.46948567,0.7571215,1.2278371,0.82354814,1.0452857,0.6486898,0.57679117,0.6139677,0.6188489,0.22301206,0.5109406,1.0582176,0.7171688,0.3212315,0.28692457,0.24798502,0.5197374,0.80559874,0.8764061,0.7326396,1.5129769,1.107469,1.1021528,0.5686866,1.4546703,1.0146873,1.3909731,0.9478324,1.359197,0.6675843,1.3956077,0.9744729,2.2119741,2.450544,1.3052806,1.6539719,0.8365413,0.6171288,0.72726214,0.7939306,5.5053883,4.727171,8.769872,7.7451854,21.859415,14.903468,8.275914,6.311529,5.4135346,2.4110281,2.9774933,2.6818867,2.0955324,3.114508,3.8084567,2.2590437,1.5574301,1.7243507,0.73941374,1.4169147,2.5369945,1.9146725,1.1424005,1.851377,1.6570128,1.3026159,1.8386681,2.7762868,4.820494,3.1015553,2.7247894,3.9206188,3.2351484,4.6087294,5.064516,3.1982098,1.4287895,0.9662172,0.7964145,0.4946371,0.41063496,0.54804033,0.81274605,0.7821137,0.30244422,0.41372356,1.5254434,1.6266757,0.5642496,1.4114541,2.2960124,3.1158519,4.324924,2.8079777,3.1174383,2.30494,6.991304,2.9419625,2.2318351,7.400623,4.8271213,2.9276156,4.884711,7.7993975,12.047437,6.305948,1.4856825,4.3476534,1.9376578,2.6906095,10.701626,12.043041,7.714783,7.027906,5.4427614,5.5504575,9.872588,8.313872,8.600043,5.5096393,4.2646537,3.707979,2.7282,1.5172007,0.9348363,4.023652,4.189596,3.2865672,2.555996,1.8069798,5.659525,8.222522,8.417481,12.24581,7.561827,3.3774536,3.4186459,6.8627105,18.468115,13.608525,7.256469,6.06412,6.5987363,11.96911,8.399397,9.154117,14.376486,11.26805,3.8780594,4.0121818,0.5898691,0.39503568,0.8655061,1.2128879,1.8466452,2.461207,2.6357584,2.6992483,2.159112,0.6555815,0.22240503,0.44755933,0.80059665,1.4297311,1.825276,0.82947797,0.320171,0.44158608,1.1394039,1.2444474,0.8637531,0.604826,0.39569598,0.5572115,0.61671317,1.0459545,1.2387376,1.105207,1.6852717,1.1963661,1.1304783,0.4827982,0.5410881,0.7780009,1.1780069,1.1837101,0.7434345,0.5377195,0.34907147,0.24811053,0.23901412,0.23887531,0.2963865,0.3899648,0.33749366,0.190312,0.25819957,0.2985575,0.43109095,0.50701356,0.7034298,0.75742185,1.0680517,0.37943837,1.8882238,2.0023727,1.108927,2.1719217,2.3076158,0.96525806,0.5017586,1.0590523,1.5978464,0.9356801,1.3739052,1.0795377,1.3465722,1.771999,0.7833507,0.47429937,1.1785078,1.4362028,3.0879052,4.6645894,3.4196055,0.94391495,0.6466782,1.3167126,0.9547674,0.7209503,0.9162381,1.6825716,0.7749144,0.56873405,0.87751675,0.9233038,1.8336346,3.356158,0.9082902,3.6714063,10.82804,6.6665998,8.589338,1.7514584,5.044216,9.472912,8.487641,5.774664,3.8254554,1.6191598,1.9579916,2.5103147,1.9347187,2.4948716,2.973238,0.64971846,4.9618645,10.56464,6.0652423,1.4980989
1.3064333,1.3690339,6.594155,0.86799806,0.72718155,1.1934433,0.98712695,5.55483,5.3734365,1.1424019,0.5399093,0.36562264,0.7097354,0.4353802,0.41083086,0.42414,0.35763437,0.22266586,0.47145674,0.30718386,0.218794,0.21286061,0.08203914,0.45079732,0.45833185,0.4519752,0.6482548,0.6159329,0.27932245,0.100231774,0.2196406,0.1816289,0.14064626,0.4996979,0.75362045,0.5411631,0.24703985,0.18357088,0.093210585,0.090710185,0.07627788,0.14157619,0.12224318,0.06791174,0.08869226,0.09773004,0.09641614,0.10999401,0.27783525,0.22955233,0.35097346,0.2649771,0.5098101,1.0931002,1.0790554,1.0155351,0.7422654,1.9650344,0.75577,0.7371642,1.2691752,0.87123966,0.9066361,1.0976976,0.66263515,0.327375,0.45113254,0.6793711,1.4901814,1.4022729,0.65660644,0.31397364,0.2866941,0.43223652,0.6383978,0.49903813,0.5379812,0.53681326,0.7166272,0.3189294,0.38586015,0.4114069,0.498033,0.40099308,0.30409026,0.5217243,0.53308463,0.2872571,0.38914797,0.54278946,0.24443668,0.3195829,0.33310336,0.22966248,0.29289106,0.32291818,0.67983997,0.6851998,0.3925885,0.29487398,0.54257995,1.1139604,1.1758667,0.53864574,0.18285324,0.29802784,0.6939552,0.5354359,0.43276393,0.50703156,1.598029,1.4829252,7.682626,5.1429524,2.4327123,1.9960032,1.9881315,2.80354,2.6351097,2.5103233,3.2451904,2.6260016,2.240652,1.9774957,6.2095704,4.4457273,1.9660599,3.4084222,3.4949749,2.8117054,3.6376736,3.05136,5.0788665,5.5648546,4.2502174,4.031014,5.2237983,2.0686598,3.885289,3.4245515,0.9256502,2.8789716,5.592175,5.143159,4.652621,4.236701,2.198438,0.5272379,1.239718,1.4563628,0.9719144,1.0181632,1.1225549,1.6525489,0.9705245,0.93662536,1.2340424,1.1463512,1.0336392,1.6260972,2.4996982,4.5568914,6.331522,5.229097,4.6857276,2.248693,1.6704249,1.2363228,0.9848706,1.5246869,5.643591,4.166964,1.9674575,2.3961275,2.4421918,1.7729434,1.946206,1.6198021,0.43345585,0.33350393,4.7948794,4.0386105,2.0964468,3.1760752,1.5973612,0.5400637,1.5996876,3.268822,2.0804658,1.8912268,2.0352073,1.2274452,0.8890326,2.2312932,4.3254166,3.4934766,0.97007596,0.77166665,3.101823,2.869367,1.6325524,2.669312,3.7307675,2.4349244,2.3661706,1.7313082,2.217033,2.125761,2.622418,4.6152368,4.170121,4.5970654,8.349256,7.2468243,3.0904875,2.7498877,1.78726,3.2912931,3.72174,4.7366657,0.2836489,0.31153652,0.5108553,0.48242754,0.40220377,0.36287442,0.2914354,0.49846703,0.3428754,0.25445658,0.22436588,0.10584317,0.34462306,0.4044119,0.40701604,0.2976154,0.31705832,0.52955663,0.58211595,0.50191253,0.5315528,0.2783865,0.202682,0.37992674,0.21808943,0.26981667,0.44065022,0.3261684,0.2516741,0.14343032,0.28504157,0.49915522,0.39534646,0.45142692,0.64581186,0.40534365,0.2452617,0.35916877,0.23864828,0.07812787,0.1220226,0.16649927,0.14046697,0.13269578,0.08657959,0.061987784,0.049694877,0.07639813,0.07325116,0.12090123,0.34934574,0.23930584,0.16551629,0.18025291,0.23956898,0.31723738,0.31331077,0.39792633,0.31522357,0.32495376,0.38836953,0.6209742,0.7076202,0.7108117,0.4438144,0.52593553,0.44341272,0.23619333,0.28718263,0.26646638,0.18394868,0.34915167,0.5700519,0.2591728,0.34629193,0.30291554,0.36965758,0.36066198,0.25556132,0.19697833,0.17996655,0.15828672,0.24872498,0.13341522,0.23537043,0.37743193,0.32528245,0.30938977,0.1811031,0.1393016,0.5584826,0.49302953,0.21902597,0.2773458,0.5935697,0.87782234,0.4298667,0.70314604,0.6270963,0.35245562,0.3656339,0.7957246,1.1903776,0.9997776,0.95955974,0.97611827,0.9408329,0.8140199,0.30433238,0.48664773
0.78540087,0.89862376,8.37674,0.66930026,1.3451257,1.1546235,0.7899567,7.0046606,4.654591,1.337343,0.7655916,0.51263744,0.77767485,0.89193213,0.6688073,0.2913543,0.240533,0.29486412,0.3110975,0.36756897,0.24567391,0.14761144,0.3470526,0.5932737,0.49072513,0.6524088,0.22523455,0.04612756,0.26738212,0.34606612,0.24586919,0.23368302,0.32427502,0.35518757,0.30508858,0.29870212,0.1645682,0.18698898,0.25438604,0.2577728,0.3740483,0.26910448,0.17702782,0.22321036,0.17883518,0.13968325,0.18941271,0.3187117,0.3303037,0.36561275,0.66714376,0.8129092,1.1512895,0.8883262,0.6275647,0.944911,0.65767,0.5757186,0.2637653,0.5045595,0.7050363,0.56678194,0.4972598,0.7795293,0.8175485,0.7636673,0.64943343,0.5769479,0.7948798,0.6330968,0.291564,0.27691975,0.15253718,0.15694082,0.28469345,0.31500977,0.37312564,0.41869247,0.3831711,0.3318061,0.22464666,0.23676886,0.30199954,0.28005183,0.39572537,0.2807263,0.14400654,0.20907117,0.4095546,0.30924577,0.2575107,0.24109712,0.17829753,0.26744092,0.17167617,0.084563285,0.2847694,0.16900729,0.17023621,0.24033733,0.23289485,0.25160894,0.6722203,0.7922114,0.3738427,0.3555402,0.217084,0.22885838,0.38570964,0.4154969,1.2844158,1.1761612,2.9368167,3.4064164,2.0097995,1.3187461,0.96611965,1.2261466,2.077987,1.7403997,2.2828355,2.2234461,2.3631558,2.2293148,3.5561097,4.18839,4.162288,3.4233637,4.3742194,3.8834386,2.8444836,2.9438648,2.0216255,3.0583806,3.7608159,3.8602498,2.9210663,3.5112793,4.410545,2.370188,1.087582,3.2461045,3.616644,4.273126,1.6909796,1.3367492,3.3558333,3.4411633,2.1683662,1.3101246,2.2062228,1.7184715,0.7934206,1.0299978,0.45541075,0.4948749,0.5174715,0.5159993,0.8280522,0.90222555,1.4883738,3.970386,1.8196007,3.117534,2.7646916,3.0441258,2.2248094,3.1982715,3.0568995,2.860676,2.1582608,1.5113853,2.4157789,3.498834,5.245624,2.9883797,1.7838155,1.2061127,0.6501815,0.8141224,2.2821438,1.7973107,2.9944372,1.1802124,0.82611287,1.7067994,1.9798572,2.1830206,1.4591148,1.5924672,3.3591213,3.0645077,2.5086467,2.326342,1.8916764,2.070088,2.7264774,1.0420109,1.4093661,2.3984158,2.2253313,1.3275846,1.8640457,2.4075322,1.939827,0.8830157,2.0496538,2.2790663,3.8331425,3.7901208,5.1402383,3.633536,1.7150116,1.986595,1.8897759,1.7985005,2.3398602,2.9336452,1.834212,1.8222282,0.8311706,0.7864589,0.24896991,0.24845658,0.37224838,0.40030602,0.5864201,0.6741293,0.27346933,0.28744277,0.40775457,0.47521073,0.5242091,0.29996088,0.2491054,0.29092246,0.40209633,0.38853317,0.5441829,0.58042485,0.6261993,0.39820713,0.30327556,0.30133274,0.51349247,0.37969038,0.3490716,0.21497838,0.28691947,0.27015522,0.23382993,0.2658845,0.34819344,0.43199208,0.8527497,0.7990528,0.43828702,0.09293379,0.09742163,0.22544706,0.48054373,0.17627528,0.08449471,0.05533603,0.042654213,0.055590533,0.04547334,0.06318873,0.09238046,0.08979409,0.24184777,0.30305535,0.37753928,0.4198683,0.26556012,0.24190454,0.2780737,0.22093277,0.28249776,0.25856957,0.26769155,0.22793494,0.19947603,0.2568721,0.16675241,0.1862842,0.2823932,0.08803211,0.15461929,0.21408881,0.27313638,0.26810008,0.39676034,0.65121186,0.21506222,0.2127473,0.4226303,0.36488646,0.19077358,0.2733551,0.50837076,0.41061583,0.17938396,0.12157563,0.13468021,0.09658497,0.13357466,0.21465576,0.23779191,0.37206456,0.19244173,0.11298051,0.17889863,0.17240198,0.13011457,0.19758299,0.17983128,0.19234246,0.23866963,0.22411136,0.42629758,0.9135988,1.2553933,0.59355897,0.3167766,0.3316803,0.282184,0.26997447,0.33347145,0.267316
0.8901467,0.6990472,4.2792616,1.2356682,1.7171667,1.3969445,0.7403004,6.527674,4.0838995,1.0951507,0.59383166,0.4827556,1.6840756,1.4637796,0.92786753,0.7014253,0.27168223,0.44775307,0.38397038,0.6051352,0.40833983,0.7875011,0.99336696,1.0681093,0.89933693,1.5384579,2.3821025,1.328171,0.41718814,0.36848542,0.23539679,0.37666106,0.68629044,0.5158561,0.22238192,0.21648338,0.106957056,0.19566183,0.16549194,0.18716724,0.16465221,0.055637326,0.037901677,0.082087465,0.19970386,0.21997784,0.15272227,0.26378918,0.41621232,0.29323265,0.27978137,0.28702548,0.3021609,0.83883184,0.38656983,1.1043142,1.2404262,0.85746974,0.9657958,0.9038274,1.4105603,2.2764273,1.3537264,1.5528767,0.51729,1.1217121,0.88141,0.64054275,0.6300716,0.44709754,0.8103891,0.6532165,0.88305116,0.7126962,0.52930623,0.5635984,0.35965922,0.15962471,0.28330046,0.31086212,0.24565066,0.319779,0.5200032,0.3242325,0.3943056,0.45439857,0.32482782,0.22417916,0.23027876,0.37435392,0.28976366,0.21767592,0.32130173,0.31288132,0.4351811,0.62434375,0.50655895,0.29092124,0.40247038,0.28830573,0.34479693,0.40197366,0.8898612,0.7082262,0.5303843,0.3994972,0.21871354,0.49708194,0.3681274,0.6849329,0.98743296,1.0758755,1.6364117,4.1314244,2.8132155,1.3513111,2.024939,3.3944392,2.9034011,1.5394282,1.0313208,2.4768748,3.2184868,2.1066647,1.3624423,2.101084,1.4026251,1.2934849,1.8584102,1.7049652,1.3451734,2.081206,2.5319154,0.6502304,0.8884231,2.736381,5.3630886,3.4873624,2.5876725,2.344071,2.0750527,1.8840449,2.2498798,2.96801,2.3150854,0.72456896,0.33389392,1.031495,0.9301418,0.46399665,0.35552987,0.2363986,0.38851196,0.6120352,0.6272823,0.89098,1.0816036,0.540892,0.46788052,0.5237399,1.1172472,1.1291281,1.3344045,1.2410858,1.3024552,1.4500272,2.3027394,2.261033,2.0113828,1.132384,2.1814299,1.283064,0.90454596,1.5845994,1.1691178,0.42956147,1.2398871,1.7040226,0.3568068,0.4190387,2.2271864,2.6077726,1.703584,1.6441678,0.66364753,1.1481334,2.23467,1.5986973,1.0888699,1.4237831,1.3557545,0.8459573,0.7677104,0.673489,0.8056844,0.83792466,1.0601549,1.6822428,1.227071,1.8030958,1.7508686,1.0885309,0.72376794,0.8763236,1.1902826,0.5711388,0.8245518,2.2373974,1.716282,1.8001813,2.5032654,1.1005324,3.912462,3.4922078,1.444285,0.74431694,0.81718904,1.4012295,1.0301383,2.0504875,0.7762545,0.6419281,0.24043545,0.12856591,0.3601428,0.71953624,1.0749565,0.63058555,0.72057754,1.2050804,1.0700041,0.7309472,0.93017894,1.1079307,0.8311994,0.64749956,0.52428657,0.6475173,0.97248316,0.6807163,0.60270745,0.847618,0.6449396,0.76141256,1.3488241,1.866303,2.1337395,1.152418,0.44398093,0.44288045,0.5335239,0.20773044,0.1351088,0.19247472,0.5901066,0.5244904,0.27803463,0.37333614,0.26782,0.21185394,0.40343955,0.18608445,0.070251726,0.07930208,0.1383446,0.14994074,0.13156864,0.12159903,0.16145368,0.35201067,0.41019955,0.17698722,0.33645806,0.36559764,0.5337302,0.60854733,0.41368252,0.67286986,0.78757274,0.49315855,0.37450778,0.7957125,0.70725447,0.66473216,0.7732085,0.7418329,0.59265405,0.13717109,0.26974842,0.47928616,0.5873177,0.42407948,0.6108214,0.7548071,0.3650317,0.3750563,0.2690746,0.19497216,0.33570203,0.25029063,0.52870727,0.4897762,0.40385056,0.7579917,0.6538814,0.281069,0.3049155,0.3958338,0.42679363,0.3508238,0.34552905,0.6401783,0.5568943,0.45436433,0.47931144,0.73009026,0.608204,0.3447278,0.6641347,0.8603588,0.706086,0.8701909,0.8137976,0.57800084,0.5980872,1.0981998,0.8247055,0.2840676,0.53063005,0.47742677
0.90543926,1.072792,12.478549,1.6576842,0.61649173,1.362282,1.8939825,4.375832,8.846513,2.3920212,0.78131723,1.0631799,1.0071023,0.7797971,1.0517415,0.86270505,0.8050386,0.94949603,0.9468358,0.28985834,0.35599104,0.727948,1.152426,0.7483341,0.5158391,0.54296,0.45862222,0.35453373,0.29772148,0.43956155,0.37553972,0.39907813,0.25215897,0.7047384,0.55461174,0.52793026,0.44624603,0.24861507,0.19446903,0.26538852,0.26391968,0.12663707,0.09736591,0.08055839,0.1524894,0.12343087,0.092636734,0.14436059,0.45070267,0.43758976,0.5130497,1.0922685,0.6879721,0.5065539,0.47590408,0.5457713,0.79650235,0.92394805,0.5004348,0.9861053,1.1219254,0.94260895,0.823537,1.0451872,0.7906753,0.54205424,0.8108641,0.95805514,1.0873456,0.7840997,0.97561216,0.8004754,0.8419677,0.8076519,0.49651983,0.2652204,0.24774839,0.40376902,0.6623185,0.83477694,0.781823,0.44194874,0.41677013,0.37123743,0.19963397,0.10557706,0.16449033,0.08559845,0.3255105,0.85012215,0.43581465,0.4168489,0.45189068,0.3104441,0.56682706,0.6048916,0.30277205,0.3245255,0.44916916,0.4793288,0.61326057,1.241677,1.2885523,1.0208993,0.0923466,0.506018,0.8363804,0.7614337,0.4287341,0.4749058,1.8579563,2.009195,5.523987,2.7480102,1.3290948,0.9994002,0.819795,2.133238,4.613345,1.5129477,0.62488526,1.7998601,1.4490747,3.3762221,4.785364,5.942687,2.7052832,1.7765373,3.3080773,1.9639136,1.4243933,1.8673128,2.973003,2.0340843,1.2446818,1.297867,0.42823163,1.6848433,1.7168123,1.3927772,1.6106983,2.4209569,1.7619056,0.8303952,1.2518504,1.8097776,1.4801909,1.1622146,1.0785304,0.6079871,0.2729812,0.40321413,0.4107049,0.61101085,0.4719187,0.42554796,0.6438232,0.27945322,0.70054334,0.99291366,1.5506097,1.7602403,1.5799543,2.3217366,2.2482245,1.0848986,1.9184895,1.8458855,1.306708,1.6742092,2.0723515,1.3569342,1.2228066,0.97912335,1.210737,1.2332275,2.1989214,1.4542031,0.7648788,0.7439123,1.8710521,2.159685,2.0599012,2.796545,1.4461187,0.5797014,1.8568249,2.7011395,1.6258613,1.9593372,2.9816055,2.1331904,1.0041094,1.6808143,1.4005498,1.5281601,0.70804846,1.4103168,3.1471794,2.9836967,1.9377482,4.8100085,5.50501,2.3673267,1.3722306,0.64568216,0.41869488,1.4536178,1.1976562,1.1217008,1.1254276,2.1592684,6.0580816,6.818908,2.8767776,2.2933648,1.1094102,3.215938,1.9890604,0.78986716,1.390857,1.1516721,1.1393867,0.84357363,0.6238852,0.87144345,0.56667906,0.3309538,0.38995096,0.47887874,0.6370341,0.5347793,0.46286288,0.9029442,0.72520894,1.2221206,1.3136973,0.7143975,1.0979263,0.4073731,0.56133044,1.3654048,1.0989803,0.44022837,1.4951252,1.2513428,0.5467955,0.509918,0.5386402,0.5273615,0.34939837,0.49626237,0.4719907,0.7616358,1.385204,1.0999495,0.29141706,0.26178873,0.39570266,0.30398247,0.14084944,0.027724203,0.07663898,0.08934787,0.112921976,0.17455468,0.122362405,0.15224008,0.26578295,0.47381458,0.6703601,0.3911232,0.36156315,0.42518228,0.9063322,0.6939639,0.36643043,0.33828828,0.5729449,0.5735582,0.584426,0.69160515,0.4980262,0.3520216,0.41209123,0.423161,0.81149256,0.3686439,0.32562935,0.30713102,0.24684903,0.41374493,0.31952304,0.12709233,0.26714113,0.3257509,0.32070997,0.41362497,0.53560746,0.5727566,0.6708628,0.9742384,0.9463973,0.41366768,0.14821765,0.34020856,0.6190032,0.47491047,0.6302609,0.6653166,1.2274265,1.0392566,1.650996,1.2587248,0.9900878,1.5007724,0.44734547,1.3310039,1.396298,1.2368481,0.50158405,1.1482378,2.3158288,1.9332693,1.3330187,0.796215,0.83840543,1.2339661,2.5712335,1.4480317
2.1291323,2.1315346,8.261869,2.2132614,1.4258517,1.1815746,1.1566725,5.345316,4.84031,2.2118177,0.6787107,0.6473552,0.9832204,0.8687719,0.5764713,0.22622782,0.511495,0.9537213,1.1100873,0.35632432,0.21143575,0.52651143,0.96207964,0.898392,0.5281878,0.96349776,0.6863233,0.5830909,0.671175,0.7677517,0.4227984,0.43104288,0.43246618,0.4774565,0.28846604,0.3024624,0.27807695,0.24561802,0.15781537,0.13122405,0.1308855,0.15187338,0.07515717,0.09204859,0.09655029,0.12772164,0.15731318,0.21607083,0.21806256,0.28887618,0.5693202,1.0636514,1.3853118,0.6347858,1.8898296,2.0166657,0.5135548,0.59292424,0.64844847,1.4157966,1.8553861,0.41786453,0.4513817,0.95479274,1.3618516,1.007629,0.69841486,0.49117866,0.9002539,0.9721258,0.59833,0.8909792,0.8787858,0.6220812,0.6939761,0.31661418,0.11014423,0.24460208,0.25022003,0.3302331,0.5352762,0.3947014,0.3719574,0.32000393,0.31589094,0.23607424,0.44203034,0.21782874,0.6002666,0.54920834,0.21701704,0.30721256,0.36778748,0.25093,0.34941036,0.61787915,0.55170745,0.44747627,0.44054553,0.29579476,0.40622956,0.5003663,0.81497663,0.6388011,0.23901746,0.15236641,0.32644808,0.5120235,0.5330092,0.7548702,2.1579716,2.087878,3.4964228,4.309266,3.569671,2.4486263,3.3212428,2.0084279,2.3366625,2.1251547,2.0452778,2.329359,3.863541,3.3527887,3.7226279,1.9731371,1.0772086,2.91264,2.8695927,2.2927542,2.069481,2.7766361,4.045595,2.755891,1.8115189,1.7548735,1.3453866,1.8207926,3.0685563,3.9615831,1.4061055,1.1494803,0.6204468,1.5686154,2.133015,1.1931533,1.1284028,0.70870304,0.43103987,1.01773,1.1425611,0.44924337,0.23855773,0.18081802,0.21922179,0.22291206,0.21359538,0.8783204,0.68440056,0.5370125,1.039195,1.9843458,1.161889,0.55202997,1.2638334,1.385956,1.6483203,1.3424792,1.4251343,1.7534893,2.2247064,1.3915937,1.0611995,2.6022139,1.1801199,1.009985,1.3789741,1.2752779,0.5499577,0.6795753,0.8961359,0.9981507,1.9906105,2.2778776,1.9809061,0.7781738,0.9791031,1.754722,1.4061221,1.6557875,2.3034549,0.8479235,0.7759577,0.8737499,0.6732728,1.3147391,0.9009385,0.7748978,1.3901458,1.0808046,1.3810873,1.6089984,1.8908615,1.2967888,1.3188719,2.2328532,1.802836,1.4992385,2.851819,1.7195755,0.912498,2.2112265,3.6082718,3.2184744,2.558341,1.1375505,1.3457601,1.548515,1.1509695,1.1197039,0.5579568,0.75731325,1.1221513,0.77134234,0.68300074,0.59352446,0.734985,0.69132805,0.5884084,0.51985043,0.6234313,0.46376213,0.43091947,0.4920527,1.2254252,0.8444841,1.0264329,1.9988904,1.1535157,0.75187117,0.9849273,0.7132511,0.69389945,1.0954295,0.74146223,0.84435743,0.70294946,0.7287273,1.082787,0.87249064,0.5863434,0.7975298,1.4339902,1.2744242,0.88609916,0.7005623,0.2805698,0.14902374,0.24728636,0.31529555,0.47097892,0.1530832,0.053387787,0.06515003,0.101414904,0.14767931,0.079006374,0.13956386,0.4308741,0.4578649,0.6110373,0.4330542,0.7090962,0.4606991,0.89454263,0.7305489,0.8590055,0.8217022,0.77999246,0.5259279,0.46318722,0.3785574,0.25045165,0.19332655,0.4843313,1.0539438,0.8655821,0.3738782,0.23161952,0.2313836,0.5695226,0.6039268,0.8910473,0.6010452,0.36312667,0.30739602,0.3475106,0.54618204,0.48702347,0.25244525,0.26890206,0.27164903,0.5341013,0.4031621,0.25655586,0.3489466,0.3341571,0.3813095,0.35365713,0.38049835,0.20390043,0.26578167,0.44434002,0.20220594,0.3804825,0.8742567,0.53617823,0.47740045,0.5022492,0.46908724,0.50104326,0.8832276,0.695556,0.42932895,0.407651,0.5622476,0.2625424,0.21240811,0.31182858,0.3781603
0.83101934,0.93878156,2.1082997,0.5165259,0.33947095,0.41920358,0.43839765,0.47147837,1.3110127,1.2099559,0.4080254,0.30545953,0.65033954,0.66104114,0.2257943,0.20143679,0.27944037,0.2566071,0.13401058,0.14706379,0.35361907,0.63278776,0.46895984,0.19043706,0.10809017,0.38111642,0.5949571,0.50691074,0.46830067,0.43087715,0.4346399,0.7026984,0.47985327,0.39857092,0.39686885,0.7155616,0.37741706,0.19735517,0.22744334,0.28597668,0.2646173,0.25189933,0.11126116,0.06305213,0.085359104,0.19835344,0.22840561,0.23732921,0.36636823,0.7617117,0.6001627,0.49566123,1.0018985,2.0804408,1.804882,0.89319205,0.7821253,0.80932045,0.6954248,0.74284136,1.7412897,1.7868395,1.4366057,2.132096,1.5257852,0.81763136,0.662871,0.32375556,1.1153154,0.9107751,1.2438532,0.5836939,0.4546315,0.8552589,0.7024023,0.33105233,0.18711133,0.43674618,0.34651676,0.27665073,0.3837815,0.4726209,0.575099,0.5233824,0.54011124,0.2304685,0.25954643,0.17464152,0.2226106,0.60857415,0.4578527,0.5944859,0.86704105,0.577404,0.35344246,0.2749782,0.6912787,0.29719436,0.18312569,0.4382316,1.0014392,0.5606027,0.9698011,1.0904012,0.6477951,0.34544167,0.62940466,0.58907527,0.38825357,0.62433976,0.8172367,0.73124295,3.4952726,2.634597,2.0518153,1.7495457,2.131273,1.8755388,0.84594226,0.6061311,2.1725392,1.7655542,0.4895376,1.4684733,1.6038452,0.7486394,1.0529068,1.6181898,1.8267626,1.6064794,1.7411023,1.7607727,2.0243816,1.664609,1.9003966,2.8324118,2.213501,1.03206,2.7827396,2.2894735,1.5521877,1.9137652,1.8810534,1.3483735,1.2057208,1.2903965,1.0129027,0.6969914,0.8204164,1.9335139,2.8975008,0.7974445,0.25067568,0.42880613,0.3268004,0.65726554,0.18663706,0.77344763,0.61877245,0.6518615,1.0429822,1.6303636,1.8681507,1.8536497,3.9728189,1.8543727,0.9077206,0.4959446,0.7329551,1.025192,1.8290124,2.3270466,1.2422227,1.1842337,1.7366598,1.3559415,2.8396409,0.9691024,0.39264536,0.4886903,2.698435,1.7632786,1.9263456,2.0107281,2.5156298,3.31313,2.7952125,1.9572452,1.5517303,1.7314835,1.617286,1.2273136,1.651678,2.047705,1.918514,1.99668,1.5276324,0.75902593,1.4236045,3.2687595,2.4365501,0.7304597,2.7048209,3.1780012,1.7115321,1.1544209,1.7180047,1.4539874,0.8311661,1.7495539,2.7139156,3.407775,6.7024155,5.6542435,2.504078,1.9448882,2.5115933,1.5269392,0.9299242,2.7249737,0.27369928,0.22671303,0.66997766,0.3510401,0.112399064,0.44064337,1.0387793,0.7761787,0.36852247,0.39051133,1.1408552,0.83987427,0.48475847,0.92900157,0.6391384,0.631614,0.48199213,0.58864516,0.8678301,0.60723233,0.5473928,0.64088947,0.80580235,0.62351495,0.88392717,1.1348743,0.9501382,0.6696165,0.7850164,1.0780118,0.7764408,0.8014457,0.7271413,0.99287856,1.2801894,1.3960595,0.80659497,0.2386126,0.26445413,0.5383016,0.7774608,0.20901132,0.12859254,0.16649804,0.14990473,0.041886877,0.06944607,0.20958136,0.21983506,0.40287384,0.6491439,0.37370634,0.520988,0.6462488,1.246626,1.5942267,0.9387392,0.63798994,0.6175752,0.34420884,0.2383274,0.4557478,0.69245154,0.68097436,1.0082873,0.93472517,0.30227813,0.23701376,0.29778355,0.5447003,1.4838982,0.8742788,1.1054068,1.6680498,1.0077546,0.5898118,0.69922173,0.588904,0.43978214,0.7642488,1.1085523,0.6984699,0.87988514,1.1403874,1.0291606,0.47068956,0.2818302,0.5027108,0.51681805,0.74554086,1.1627924,0.7252834,0.9016039,1.003428,0.8662618,0.4938421,0.70046806,0.90791565,0.70179105,1.1589034,0.50491965,1.3528596,2.0103526,1.2339605,1.0341766,1.5949054,1.3101249,0.89082664,1.1802663,0.8633734
0.49858555,0.56647676,3.3500557,1.9257396,1.0193079,0.6054118,0.34734887,3.3726735,3.1403496,1.0998325,0.4524385,0.390498,0.6133224,0.42828774,0.28785136,0.30605188,0.38118178,0.4363581,0.49408332,0.29138097,0.30332166,0.46817875,0.51429236,0.6640426,0.4465704,0.36249137,0.24867857,0.17422633,0.25335693,0.58208716,0.4935177,0.35043985,0.22017825,0.35200974,0.33044764,0.2859041,0.22914824,0.2718413,0.08757772,0.10498185,0.070664294,0.09796454,0.07190396,0.023656003,0.036048688,0.09136025,0.19416882,0.16676395,0.21803766,0.33417305,0.34462386,0.98289067,1.0642264,1.9345865,1.4029297,1.2046602,1.2986442,0.6539606,0.68360204,1.1037278,0.6614369,0.90728635,1.546892,1.4654255,2.335061,1.274546,0.77383155,0.42413408,0.35701767,0.6230287,0.9374028,0.7485969,0.58954364,0.45256302,0.33947664,0.33958942,0.22737521,0.27524316,0.636332,0.750259,0.4434535,0.1369487,0.19323987,0.45985436,0.31758678,0.24057756,0.14729407,0.13805267,0.3971366,0.26460427,0.25870833,0.32056478,0.30451617,0.5041478,0.57755387,0.36039835,0.48638633,0.37273088,0.2559065,0.3811753,0.4549819,0.53908795,0.82090527,1.0820872,0.54613006,0.27570245,0.5158897,0.6816082,0.31953242,0.20587938,7.8862567,5.4422884,4.5753775,12.31807,16.348196,11.966166,5.8943663,2.9061427,1.4742385,2.625711,3.8413353,3.6116693,2.7430258,2.175136,2.157791,2.123344,0.8754643,0.61799335,2.7098897,2.1768692,1.5907664,2.2608426,2.1318312,2.0187986,2.3588934,2.68383,2.433126,1.6656791,2.1078746,1.3875397,0.5918719,1.1203644,1.2567066,1.694177,2.1032498,0.9125718,1.0092462,0.8345628,0.785693,0.9984071,0.44260374,0.56787777,0.47437406,0.30873471,0.37054372,0.22553366,0.5750287,0.9999765,0.55591357,0.35578203,0.526113,1.3570836,0.99813175,1.1514559,0.8226012,1.2357106,2.0257957,2.0071158,2.2447062,1.5480883,1.4286964,1.2911694,1.106056,1.2520013,2.1010308,0.9922335,1.3012514,0.47966227,0.6128785,0.64722264,0.8818606,0.91259223,1.065111,2.2433915,1.2942948,1.2278581,2.1618536,1.2111877,1.4070042,1.4738253,2.0105693,1.5565943,0.76565164,0.9760821,0.5146994,0.43142915,0.74953145,1.0749264,1.6734371,1.2739508,0.5960718,0.9607091,1.1535367,1.1662441,0.9853843,1.103582,1.4127805,2.864265,1.7745936,2.159764,2.4799244,1.6148413,5.344729,5.2838535,1.3969742,1.5062922,1.7778274,1.3937517,1.0501008,1.7239854,0.61206156,0.7082642,2.6956758,2.9271104,2.3022733,1.555471,1.0133086,1.6192634,1.218665,0.6780208,2.0034037,1.2736096,1.090346,1.1275573,0.6886979,1.17905,1.1248391,1.0229418,1.8050894,0.7623661,1.1413931,0.9472091,1.0262963,0.6500423,1.541495,1.1513361,0.6096103,0.75879467,0.6696589,0.3158475,0.4718674,0.8888243,0.8242508,0.8977063,0.891791,0.70168066,0.23008841,0.56701976,0.4805525,0.16170283,0.19307034,0.15131085,0.086872615,0.06860486,0.09226845,0.06460442,0.1628164,0.21486343,0.13477895,0.38712537,0.37038162,0.21154147,0.3365306,0.42182696,0.47457775,0.4544056,0.44051102,0.30738392,0.35607782,0.6633342,1.0617756,1.2731541,0.7063663,0.33903462,0.849662,0.9316892,0.47400394,0.42504716,0.32171786,0.41183195,0.83222866,1.0030699,1.4889333,0.70040166,0.2702312,0.55086994,0.66583043,0.39509225,0.42675692,0.5289996,0.598767,0.45933583,0.4941306,0.24944024,0.10794782,0.5089817,0.7239095,0.31432495,0.25147426,0.58977,0.9189241,0.7071997,1.1470774,1.0774223,0.93832284,0.8832071,0.747357,0.55683,0.46606752,0.9099036,0.92470616,1.2022065,2.355134,1.5004321,0.648458,1.1486129,1.5808777,1.3525403,0.54031515,0.9211898
5.1823473,5.5860195,13.937301,3.040206,1.5838828,0.9198596,1.2278421,2.1346176,2.5362015,1.9395832,0.6066163,0.67096573,0.47834945,0.69854367,0.6370083,0.28391576,0.36044833,0.9744949,0.96104914,0.51697576,0.24853753,0.22734085,0.53602415,1.1435075,0.72510225,0.45513546,0.32982308,0.26715556,0.24276632,0.33104756,0.39204296,0.5577339,0.6139686,0.46839544,0.7876942,0.9695086,0.47110963,0.21591006,0.07212349,0.080192596,0.18864705,0.09187308,0.049160328,0.06654943,0.06258945,0.06333216,0.12794095,0.17871894,0.17118149,0.25800008,0.38543862,0.66231924,1.1487036,1.8234895,0.7626785,0.9365346,1.8696285,2.84019,1.922293,1.470144,2.0486965,1.861033,0.74079174,0.38392848,1.0449734,2.2957404,1.0623922,0.57193816,0.6283769,0.35681838,0.56375384,0.55770475,1.0108734,0.94484776,1.3161044,0.7047407,0.32851985,0.21912242,0.70655125,1.040004,0.39811546,0.15119855,0.2890087,0.62992144,0.738686,0.38134193,0.30739278,0.9037549,0.89999557,0.49896255,0.45983118,0.42446133,0.49775618,1.1829708,1.8990247,1.2013814,0.9443628,0.19139308,0.45419404,0.90445465,0.8889993,0.98413485,0.94405985,1.2025862,0.646538,0.95186085,0.88432497,0.76915514,0.767326,0.9283913,2.3949168,2.177514,7.876681,8.028665,4.7071843,3.4810348,3.0585465,2.3783033,3.8488843,7.000982,9.101071,3.245758,1.4289964,3.0089188,3.183895,1.490712,0.6207329,1.6961904,2.8480856,2.4847815,2.0289552,1.3139316,0.897881,1.9951626,2.138045,1.7100468,2.6199753,3.3615782,3.6720765,2.6574953,2.5758574,1.9194539,2.1154127,1.748594,2.604288,2.9217875,2.1914454,1.326029,1.3221813,1.42689,0.9753225,1.0937257,0.99931735,1.0158052,0.6720227,0.5288051,0.8368985,1.314764,1.2362443,1.7088491,1.6448046,1.3172375,1.5864276,2.1820796,2.9288728,3.0492477,1.7973506,2.0921664,1.8090686,1.2226962,2.493591,1.7759142,1.69056,2.1780443,3.7446215,5.163508,7.4894686,5.695135,1.2607894,1.2048769,4.0706687,2.0092292,1.332533,1.7261058,2.524432,2.0509527,2.231618,5.7603083,5.083395,3.336177,1.7805551,1.7653302,1.3902292,1.681732,0.78159046,0.9174741,1.0311205,1.8630613,1.4460336,1.0434302,1.8219472,2.967478,3.8988533,4.0931897,6.515507,5.6167555,2.6014009,4.5824003,6.991941,7.487971,5.496433,4.5724797,3.3056567,5.742929,4.86464,4.5910387,5.1076846,3.6252034,3.1042185,2.0789993,2.6458738,2.3341196,0.7982678,3.8372247,2.9929636,1.3535802,1.8611042,1.4861164,1.180527,1.2107801,1.002399,0.83937657,0.84749764,1.4812702,1.1415702,0.9995325,0.8020389,1.4539378,1.298465,1.1368384,0.51959604,0.45307842,0.3643061,0.30889753,0.8403489,0.58191335,1.2015646,1.2566621,0.89110506,0.55518985,0.5927728,0.7620418,0.43900833,1.1428778,1.5597863,1.7295116,1.2433393,2.0206401,0.9703895,0.5825789,0.7203913,0.40229148,0.20879133,0.39938086,0.47856885,0.34382412,0.46332905,0.47411463,0.6388127,1.3963315,1.4843205,1.0241443,0.6683254,1.5666709,4.2404666,3.8415842,5.356997,8.553804,6.0341325,3.2163951,2.7280464,5.0549784,6.889336,6.419313,6.7529664,8.22442,10.436272,6.432717,1.9310515,3.6446245,9.214205,2.2790039,2.4882367,7.6540976,8.333598,3.9710016,2.5313094,4.210887,4.55118,3.2318897,3.6491973,5.051239,2.4416618,1.1702328,1.5169526,0.86775106,1.3211341,1.8775022,1.1061274,1.3258107,2.1281319,1.2552798,2.2061005,4.92813,8.372578,5.907282,1.4586669,9.521026,12.761942,8.5030155,5.3165746,4.2409077,5.7250624,9.503386,13.346993,25.610146,13.291361,11.183036,17.824978,8.707131
4.3335085,4.512343,12.851634,1.3002731,0.41850686,0.775377,3.1714048,3.69611,2.2564151,2.1336052,0.55491126,0.21943316,0.40183523,0.81221247,0.76843446,0.39979485,0.54623395,0.2755316,0.5001003,0.5147175,0.33476615,0.39660418,1.2710547,1.0030781,0.4651076,0.33010325,0.36982667,0.26615328,0.20817427,0.4124704,0.34737295,0.31871733,0.46832654,0.44022217,0.41491312,0.43446836,0.38600415,0.20760821,0.23524271,0.22246197,0.14928898,0.09653589,0.16239022,0.0845635,0.044194106,0.118226975,0.22736719,0.4403872,0.577737,0.39181134,0.84765965,0.64376515,1.2404299,1.4312466,1.6671546,0.74045914,1.763154,1.840439,1.9270725,2.0585048,0.5483236,0.3816536,1.5969906,2.4043708,0.8836531,0.16050397,0.52630424,0.66837996,1.2285105,1.3204503,1.1005669,0.4879652,0.37394622,0.34546006,0.39674187,0.5935786,0.37162432,0.42045078,0.6231301,0.42840028,0.30240923,0.3665656,0.7103024,0.6791968,0.62616926,0.3260224,0.15726565,0.30679524,0.48519328,0.49853054,0.5430879,0.8701719,0.5540734,0.14786854,0.5634921,0.4806313,0.3996801,0.5789814,0.6525572,0.83954257,0.8012146,0.42387062,0.7704485,1.2625673,0.6782356,0.28541425,0.41373554,0.8346489,1.2013718,1.4893055,3.2629588,3.5491247,14.247815,19.105446,13.874298,10.442285,6.276978,3.069966,2.273175,3.5829575,2.6716192,2.586617,2.1500921,2.506911,2.790635,1.6874729,1.8088335,2.139674,3.8625607,2.5904675,1.2838688,1.329567,1.678846,2.519945,1.9253502,1.2265726,2.346454,1.748183,1.5736644,2.1490035,1.053839,1.2292763,2.7116275,2.7917442,3.0755763,2.0388377,1.2046095,1.0323856,0.5787849,0.7738513,0.9108296,0.7645634,1.0769527,1.1642773,0.43474394,0.43634546,0.94377613,1.2307851,1.4198899,0.5980688,0.79425657,1.4119228,1.6714754,1.1538101,0.67890596,1.0949926,2.0908806,1.8782783,3.585682,2.629014,2.37029,2.5011845,1.2490314,1.1745024,2.4638867,1.6074477,1.9201081,1.1278092,0.5966545,0.92266124,2.752947,1.7545531,0.6843229,0.42949885,2.897363,4.182071,2.6624725,1.5465223,2.1297934,2.9542103,3.0808072,1.1272608,2.3243341,2.4562678,2.3288565,1.7885096,3.326291,2.6253226,2.149487,1.3510708,1.0953202,3.0055516,4.2343087,3.2171593,3.5317817,3.162988,1.9251424,1.9313741,2.4733799,0.82713985,1.7451794,2.8017528,5.2057824,4.3797846,5.720191,5.190954,2.3518507,2.8110845,5.595266,4.5922527,2.2358599,2.2581866,1.7291967,0.52227426,0.8097232,1.3594967,1.743708,1.4277797,1.1199679,0.76044047,0.27644235,0.58807206,0.8798972,0.9311247,0.7704742,0.83585006,1.0469791,1.0690973,2.274671,1.0636681,0.41378632,0.89794487,0.6803879,0.9063298,0.7632471,0.4955498,0.92780656,0.5151911,0.36772364,0.5773069,0.8083617,0.81685144,1.3420464,0.9183322,0.6864717,0.49488825,0.5918237,0.23222908,0.34175718,0.5291391,0.21108362,0.32029068,0.30391046,0.14450714,0.13700192,0.29376742,0.3894253,0.2917702,0.101443484,0.23571613,0.625778,0.24297452,0.4006061,0.945181,2.4880323,2.4712055,1.106426,1.1219769,2.5643523,1.9860702,1.1913811,1.1531394,2.5952325,5.975818,7.3035946,2.278316,0.6485274,0.730742,0.24215434,0.39126474,0.8458896,0.42121506,0.76956576,0.80472,0.43316832,0.47871703,1.3980932,1.3967341,0.6507964,0.18010937,0.80482846,1.227975,0.6434153,0.95719117,1.3661693,0.62704724,0.6359696,0.79657435,0.28047717,0.30487242,0.6883842,1.3041492,1.4695907,1.364517,1.0006557,2.2572625,1.1555009,0.7046255,0.8751015,0.4694657,0.16532837,0.7413117,2.7572699,2.993016,1.1329969,1.9899226,3.5674067,4.5083055,3.4967892,2.816192
0.885998,0.8368365,1.0342528,1.269331,0.9997138,0.9097916,0.89491415,0.8653842,0.9559517,0.59844,0.66733545,1.5259264,1.4784472,1.2996056,1.168974,1.2902305,1.3899475,1.7981232,2.4571738,1.9843786,2.4972165,2.1280947,1.7468699,1.1333634,0.65921986,0.47988865,0.35198465,0.16358472,0.13472305,0.1620536,0.115698956,0.084359504,0.101641916,0.055759717,0.04655745,0.030213255,0.020804929,0.0126822395,0.011385178,0.03915352,0.08521535,0.11724321,0.19764952,0.23691982,0.21454388,0.38765806,0.59049875,0.24982578,0.46302447,0.5962501,0.6893279,0.9343907,0.87155795,1.0286417,1.0359848,0.8615837,0.9589736,1.3580494,1.9861025,1.6884171,1.4931343,1.960301,2.499467,1.61001,1.2320192,0.74194735,0.78787017,0.7142944,0.7628015,0.7623888,0.37422094,0.575774,0.5728793,0.51777995,0.4230326,0.41762447,0.5066249,0.39191884,0.398425,0.73179877,0.661997,0.5694785,0.7504918,0.6710997,0.5076737,0.4590066,0.3262171,0.5670915,0.68036693,0.58685875,0.52601075,0.505121,0.5191552,0.7117311,0.57294047,0.40663418,0.5067055,0.43189523,0.2730403,0.35839456,0.5312733,0.63047373,0.587509,0.35374457,0.3098758,0.24200338,0.239857,0.3654267,0.37660214,0.2491896,0.72456634,0.5975963,2.6016393,1.6272564,1.1937364,1.574192,0.98194176,0.7760146,0.70751953,0.5032472,0.4604087,0.98586506,0.9198232,0.75569737,0.8896547,0.9302349,1.6304983,2.4846141,2.0890064,4.363267,6.843862,6.696351,3.5925639,1.9644091,0.9047717,0.6267611,0.4894675,0.4885694,0.330865,0.24690783,0.21016765,0.120516546,0.09714341,0.07250403,0.046261005,0.03216354,0.032809462,0.04610739,0.04011449,0.040396653,0.05320477,0.052135278,0.0751286,0.10252369,0.13938464,0.23095481,0.35459167,0.21266805,0.18329489,0.22507043,0.2664948,0.45920062,0.5158878,0.41038027,0.609542,0.5910264,0.5617754,0.7055503,0.73202294,0.6177823,0.6481903,0.5644603,0.40281516,0.4196096,0.4848879,0.51345736,0.47658023,0.24951914,0.3960751,0.23513713,0.23005843,0.31692782,0.35376632,0.33127433,0.34338543,0.37146965,0.24915025,0.20733814,0.16403618,0.25684297,0.17320307,0.11996881,0.35703325,0.32864416,0.15047276,0.1644389,0.21936347,0.41532633,0.30450377,0.30533624,0.49572703,0.6614419,0.5266352,0.425638,0.46013096,0.49051258,0.631428,0.39324695,0.49175805,0.58463705,0.6911053,0.91070914,1.8724209,1.4146613,0.5218436,0.43720987,0.3895093,0.42191932,0.3990563,0.5516042,1.7349776,1.6791959,3.9117281,2.2052796,1.4545175,0.88756394,1.0037214,1.0034666,1.2071145,1.3835317,0.8888679,0.93479663,1.0745112,1.085243,2.0193584,2.4948592,2.5994024,3.251473,4.570544,11.709191,15.500882,13.167305,5.357897,2.3839016,0.7986339,0.46521464,0.38125244,0.39480984,0.2802688,0.15683877,0.18883677,0.16491614,0.17041053,0.09779462,0.10060766,0.0788638,0.07203317,0.08208158,0.113606706,0.07272201,0.08408792,0.08605297,0.13426286,0.33000833,0.2731125,0.22919598,0.37340346,0.44871533,0.697076,0.8987843,0.69426674,0.5157443,0.6284528,1.2660414,0.8976357,0.64960015,0.7934633,0.7852524,0.95455927,0.89585423,0.66652435,0.69069767,0.37904367,0.5651118,0.7068021,0.58417976,0.28586936,0.4903957,0.5781655,0.5480117,0.40740186,0.5003623,0.5429186,0.40720484,0.41536868,0.4442198,0.29417893,0.3329347,0.55251914,0.4346466,0.33404988,0.351759,0.35911125,0.37854692,0.39405614,0.2924167,0.37336013,0.42551923,0.42967662,0.34551215,0.3138998,0.46181878,0.80194044,0.73366565,0.5205511,0.55063546,0.5035561,0.5375921,0.5765994,0.36519668,0.46214014,0.4698254,0.6050535,0.6457977,0.3587671,0.4357791,0.41799477,0.486447,0.5991917,0.49948233
2.533258,2.256771,2.189316,0.6542042,1.6722802,3.7507925,2.8518627,1.5052147,1.86058,1.0280143,0.59866863,1.112906,1.2398527,1.2590926,1.4076754,0.8326492,0.39142686,0.83929795,1.3786336,1.2648759,2.0809238,1.6401049,1.3766962,1.1916158,0.6360623,0.20625967,0.3072581,0.2586459,0.09149332,0.0953123,0.0494716,0.10865047,0.09035276,0.038241226,0.037136797,0.04302066,0.040152166,0.018233333,0.012286692,0.021130985,0.08112876,0.12790018,0.11746853,0.06660904,0.07667683,0.09984001,0.14734715,0.3495348,0.50083244,0.59719086,0.70865446,0.46504128,0.26430175,0.43295035,0.19795157,0.4316159,0.5375215,0.8721046,0.844852,0.91654754,0.8060109,0.73674166,0.71325076,0.52919644,0.94179505,0.67034507,0.614064,0.38844088,0.416955,0.47234735,0.78459734,0.8314941,0.9774551,0.6020638,0.44135687,0.66736114,0.24486841,0.45333222,0.21524334,0.25229028,0.2926776,0.4073848,0.6383382,0.6724794,0.4236939,0.5760758,0.60352707,0.882149,0.5512898,0.4630093,0.5271721,0.26968867,0.42902344,0.44583312,0.4965296,0.8029964,0.42347118,0.56259423,0.3721708,0.27974015,0.35677788,0.49728104,0.5804614,0.5637233,0.3232655,0.30894858,0.27405697,0.2972499,0.6018134,0.74318385,1.4267203,1.306424,1.3247371,3.507206,2.4704297,1.443444,1.943291,1.773855,1.5022646,0.6515305,0.62484145,1.0286225,1.1304508,0.98341167,1.0946448,1.3721764,1.307808,1.0808676,1.3820735,1.2104663,1.1669686,0.93799365,0.9388619,1.3339738,1.2100914,0.5684089,0.15715882,0.50150007,0.29164457,0.10705307,0.13470356,0.10018215,0.043251254,0.043385934,0.051102374,0.010367724,0.020228207,0.023159472,0.031096533,0.02269617,0.0441325,0.05456139,0.07107092,0.0841733,0.06847451,0.107220955,0.2025112,0.31015956,0.23663615,0.19776325,0.26327837,0.20164193,0.24419793,0.55358934,0.63043165,0.6495225,0.5283906,0.3476768,0.39659822,0.40515354,0.50427926,0.5092006,0.4437794,0.44563305,0.53828394,0.525109,0.6751814,0.5011368,0.39833605,0.47782156,0.7004546,0.6358563,0.3332237,0.16484658,0.22727893,0.22413899,0.17690983,0.22027445,0.20987697,0.13340439,0.13190705,0.27247417,0.17955711,0.16786318,0.28221685,0.32666624,0.40179414,0.38866496,0.2485123,0.18586232,0.4752753,0.56514406,0.7662429,0.5541478,0.86031383,1.1387411,0.7860882,0.49462864,0.4366615,0.33742136,0.28182068,0.68571883,1.5697421,0.9598976,0.25122193,0.4663184,0.90464365,1.1407262,0.7654043,0.5469406,1.6557568,1.5001987,1.0288494,1.0911726,1.8206416,1.8815216,1.3403969,0.82357514,0.82809967,0.5366981,0.52039725,1.2235969,1.7999476,0.57174325,0.57152206,1.5505159,2.7016249,3.9130397,5.9208083,12.244612,17.706654,9.211922,1.6202842,0.77553374,0.35015303,0.09627059,0.11143298,0.2581247,0.153595,0.07195926,0.19432181,0.1965165,0.115099184,0.050012115,0.048863422,0.03604713,0.026665013,0.040569562,0.075484335,0.117204726,0.08178812,0.035066653,0.066269465,0.17068803,0.14473656,0.15152484,0.33814263,0.3388587,0.33089077,0.6644142,1.5256764,0.89317787,0.6875908,1.0027962,0.5565527,0.37424132,0.21023932,0.31327406,1.1645099,0.8216463,0.43729737,0.2187666,0.4321279,0.4222388,0.23778635,0.13439514,0.38660294,0.6767399,0.6572625,0.9005014,0.6316427,0.49037173,0.4012657,0.27398846,0.2840255,0.47806764,0.31840584,0.1836107,0.26231888,0.20860067,0.18382116,0.3422956,0.19085044,0.43944684,0.34797093,0.28368473,0.2171934,0.33818874,0.5674908,0.6389577,0.46964076,0.5635822,0.58919054,0.56869775,0.35090834,0.24105059,0.4528215,1.014003,1.0319397,0.9025806,0.49983546,0.4155205,0.44554546,0.69124985,0.622139,0.45929956,0.35082304,0.26826942,0.4299457,0.51148576
0.77848256,0.58884084,3.5018995,7.941266,4.286704,2.9824166,1.6567556,0.48757577,0.86953366,0.4919128,1.1068889,2.951834,1.5855862,0.55881435,1.0299225,1.2988404,1.3059838,2.108309,2.1855166,3.7214332,3.1683552,2.860683,2.2190416,0.6378042,0.7310892,0.4294601,0.2917216,0.20039639,0.16270143,0.081174396,0.04881849,0.0670836,0.07158589,0.050380524,0.022460138,0.025390571,0.037830878,0.042804122,0.02337871,0.02870595,0.06384251,0.1569475,0.12705454,0.15835577,0.18596962,0.1895062,0.1959958,0.21012165,0.27268755,0.31451553,0.36415002,0.5992962,0.55995613,0.64759874,0.5133283,0.4059274,1.2668991,0.9973938,0.65141904,0.36502767,0.57042384,0.6140461,0.70350975,1.0261548,1.0426809,0.680975,0.58555025,0.5775035,0.6069256,1.201937,0.8077562,0.3217346,0.9876874,1.0362394,0.40381113,0.4032768,0.43427405,0.5735688,0.55809087,0.25677437,0.27175614,0.090973474,0.2919473,0.5871198,0.71429825,0.33268195,0.37342966,0.5630407,0.64149016,0.35520542,0.59580743,0.46623072,1.0103004,1.0471032,0.5701143,0.2967173,0.16994114,0.2396619,0.21902262,0.31604373,0.4898701,0.9480114,0.6336754,0.46904403,0.34564006,0.19697718,0.14238824,0.45813638,0.33842936,0.22096102,1.7560974,1.5318278,4.430872,4.25838,2.4081488,1.8532048,0.9040695,0.5882792,0.47202614,0.6443226,0.6320225,0.935544,0.8569221,0.563154,0.7079342,1.0633473,0.70435077,0.38202405,1.4859823,1.9640933,2.37044,5.45774,1.9192746,0.79223925,0.9344099,0.6214899,0.28161806,0.15786928,0.092428386,0.1410347,0.1435504,0.09419164,0.107785225,0.049608473,0.027396832,0.031690422,0.04170693,0.047861718,0.016392937,0.012055387,0.024791751,0.029626228,0.05700769,0.056164462,0.061198846,0.09664142,0.3030857,0.2757822,0.1693737,0.18853168,0.22288504,0.13078201,0.15435745,0.20427868,0.39212868,0.68027776,0.47928312,0.39259303,0.63526994,0.7587027,0.50948304,0.42793566,0.43044937,0.2991063,0.20559417,0.36827448,0.3108286,0.49558088,0.78314114,0.32651645,0.21308658,0.2825544,0.16338645,0.3025966,0.30913556,0.39751798,0.5778397,0.3072416,0.11472739,0.24021368,0.28120163,0.27238494,0.2895404,0.2902622,0.3331417,0.19083673,0.4973142,0.6100831,0.21388462,0.32167202,0.28463137,0.2839429,0.7676003,0.8873119,0.44800353,0.5590289,0.78563476,1.0355313,1.1242104,0.81941164,0.47995165,0.54063916,0.9435915,0.6188664,0.2789956,0.46429917,0.22773866,0.5268749,0.5177481,0.3381138,1.8400091,1.5836053,1.5524274,1.4255672,1.9256495,1.6209805,0.65501004,0.4762473,0.5863856,0.69886583,1.325451,1.8369213,0.990618,0.6233915,1.3959001,1.2019311,1.3560859,1.5847882,1.9200653,5.649589,11.158655,9.693097,4.385679,1.6729474,0.7815062,0.4529788,0.26258755,0.17810132,0.10901359,0.2301836,0.26452306,0.21589334,0.12685147,0.02720062,0.051926263,0.0335707,0.03671318,0.043151464,0.046486206,0.06691499,0.09138314,0.06957034,0.049325448,0.04688456,0.106040746,0.3799192,0.72827315,0.6256097,0.519785,0.37835282,0.37650982,0.3484691,0.52885944,0.732649,0.6896095,0.36785576,0.48016378,0.41012222,0.4532312,0.687961,0.89323765,0.6423171,0.746015,0.4933187,0.3056676,0.20643075,0.5381029,1.0370015,0.58871007,0.45389768,0.42588013,0.8410748,0.52048284,0.39109674,0.50781304,0.56867576,0.20497316,0.22817343,0.33160618,0.34732062,0.37215286,0.5680583,0.5500964,0.37115026,0.31238136,0.48480424,0.11931631,0.24125919,0.9963153,1.0769533,0.5788929,0.6202167,0.9803777,0.5329633,0.30958655,0.23330337,0.7966287,0.8823836,1.5271509,1.0196685,0.50841475,0.29814807,0.7001717,1.1633096,1.0320657,0.6590703,0.48876712,0.4386976,0.5406535,0.32691517
0.53877026,0.47817218,1.4925303,1.3637773,1.9170009,1.4259214,1.0782428,0.5246571,0.44690344,0.3941586,0.9277527,1.7553807,0.522949,1.6592227,2.2386115,1.477523,1.3681475,1.8960878,0.42237508,1.3107461,2.1066077,1.2641478,1.14436,1.1901996,1.1018476,0.522008,0.24540581,0.21753012,0.10717441,0.09309756,0.02851555,0.030434977,0.023905925,0.033195276,0.03196916,0.018403245,0.012962415,0.021558776,0.03329063,0.039735146,0.06180511,0.112905465,0.13639297,0.15954143,0.13988253,0.19638936,0.31726065,0.23298271,0.20450673,0.21958348,0.18817288,0.24647981,0.27075222,0.2682126,0.24484208,0.30238798,0.22940019,0.2533014,0.32881057,0.42590448,0.42626327,0.8594709,0.52311486,0.50286055,0.2871371,0.47209683,0.8210203,0.6815895,0.5821328,0.52345306,0.5010554,0.56870276,0.79471135,0.9314761,0.9122543,0.55638355,0.40219247,0.2863404,0.27509394,0.57054967,0.67304957,0.36485195,0.2829592,0.96927935,0.86832774,0.7166329,0.57444346,0.79935557,0.6994239,0.47026634,0.65561575,1.1854637,1.0011208,0.75531095,0.905811,0.38044623,0.22091547,0.46473277,0.40348,0.2633073,0.62350434,0.62040585,0.72789484,0.5737498,0.31737867,0.60434407,0.5085548,0.4709863,0.30875996,0.2109532,2.4570336,2.0599532,4.430435,3.191513,1.7227535,1.7166661,2.3027813,1.6480074,0.63153535,0.7329308,0.6625589,0.82410604,0.52113616,0.6920067,1.0161506,0.9126607,0.5136183,0.7071362,1.4568081,2.3134208,2.3610373,1.835845,1.6022658,1.2338587,1.0460405,0.6951272,0.25127685,0.28064242,0.11178035,0.10419548,0.056830596,0.09705202,0.13497937,0.09561623,0.07205318,0.02852299,0.0187925,0.030159928,0.04218152,0.018324492,0.028988361,0.044366818,0.06521941,0.18185359,0.18855502,0.07701449,0.16821492,0.51509655,0.47512117,0.1472006,0.29427612,0.33264145,0.90654683,0.8100213,0.86069226,0.34275123,0.8085973,0.3896843,0.47168723,0.43639314,0.26030517,0.5019269,0.79206246,0.65445757,0.45905453,0.7279815,0.9006646,0.37888682,0.4285284,0.40186617,0.5203063,0.24864861,0.668826,0.4008646,0.310467,0.470603,0.55696714,0.50282204,0.32074142,0.594939,0.34201154,0.2507584,0.6946301,0.49686554,0.27387953,0.22519404,0.24628328,0.6722125,0.3942048,0.28168058,0.25962737,0.24707901,0.6205694,0.52666545,0.15286581,0.4907159,0.7298746,0.3168262,0.86250323,1.4853232,1.2273358,1.4475735,1.5674886,0.89109755,0.7863472,0.77729154,0.45764607,0.84043056,0.474227,0.63595426,0.56729615,0.56528187,1.8672832,1.4427086,1.1067547,0.86607367,0.69082516,0.37165472,0.5206355,1.1962252,0.29416206,0.5513191,0.48253658,0.75561535,1.6286312,0.89418375,1.6473907,2.6067424,5.275436,7.683986,16.344372,12.309477,3.8514233,1.3529133,0.5312083,0.2927836,0.22886062,0.14885354,0.1002536,0.13311152,0.11002014,0.05837128,0.07092345,0.05035738,0.03781848,0.02351733,0.02848991,0.07203836,0.046854325,0.04554961,0.05767893,0.11460279,0.24633022,0.31205308,0.24310407,0.32899123,0.74118936,0.6580121,0.60587215,0.55775726,0.35813987,0.284295,0.4897259,0.6842408,0.4541764,0.53812206,0.5641026,0.70806795,1.6750866,1.3631593,0.85556996,0.64093024,0.62206376,0.5314596,0.19834936,0.38358945,0.56967944,0.5926133,0.64758116,0.57042754,0.3724585,0.32542077,0.6094252,0.81450593,0.78491455,0.48148802,0.31452727,0.5193608,0.42307705,0.36515146,0.22231042,0.18527782,0.44689324,0.5029748,0.48536828,1.0056499,0.8092099,0.45612732,0.591916,0.47044826,0.27566427,0.38285556,0.5421526,0.6134485,0.6024163,0.48115766,0.7791346,0.9180476,1.632375,1.2825035,0.87672377,0.84618855,1.2658894,0.51585203,0.5056218,0.9402165,1.0993768,0.71838385,0.32564712,0.7999862
2.0218658,1.6214511,3.0089977,2.8817594,1.8489244,1.3834295,1.9572961,0.79596496,0.7160446,0.80958486,1.4461846,1.8457984,0.89981055,0.49126872,0.82138896,0.55439717,1.5611686,0.7886362,0.6112088,1.5628561,5.802539,2.8139367,1.2902648,0.6707243,0.22447403,0.37648717,0.21641172,0.085878536,0.07724675,0.11280163,0.11125701,0.096429355,0.079817876,0.06492952,0.03540281,0.020523783,0.010471073,0.0075012567,0.0076720505,0.016766548,0.050425254,0.19824654,0.18175195,0.15801412,0.30525625,0.2583566,0.17175078,0.13502051,0.34523112,0.38151672,0.1738473,0.20192048,0.43453735,1.1082135,0.876957,0.7720031,0.7946655,0.5913059,0.9995291,0.8353828,1.0000876,0.69552416,0.7245296,1.8403121,1.7419567,0.6765449,0.6833879,0.974426,0.6597634,0.9926665,1.339885,0.5936844,1.3720872,1.1688571,0.7790676,0.4424071,0.5322626,0.6620496,0.33135077,0.41609594,0.6362132,0.30705944,0.31772044,0.65109783,0.80348927,1.2163942,0.9187584,0.495358,0.3262654,0.3810837,0.76449525,0.6208275,0.6361236,1.0519902,0.4039762,0.4044702,0.57987237,0.5545281,0.38841844,0.29040554,0.74521136,0.90667635,0.86777496,0.5010143,0.1781615,0.1341098,0.47090864,0.7491656,0.51367635,0.2492629,0.43281808,0.39958578,2.1845498,1.0954014,0.9909241,1.3756492,1.8939694,0.91060925,0.7643926,0.81398255,0.51202375,0.62847006,0.68618673,0.8258347,1.4127505,1.007417,0.3918325,0.56449926,0.46912995,0.8926152,1.4677882,2.6523287,1.4824314,0.2757805,0.5274198,0.46923026,0.2144848,0.5961753,0.44796905,0.18735625,0.10905856,0.07028469,0.07626852,0.06645541,0.04531883,0.044358615,0.04166455,0.019409904,0.008248492,0.015198231,0.040302858,0.05696356,0.033474445,0.10199043,0.12956153,0.18213604,0.4245023,0.18580487,0.2830638,0.41313547,0.2888433,0.27759132,0.54648685,0.4332636,0.4643427,0.6693211,0.3505904,0.29004726,0.6156373,0.5130505,0.16046296,0.57362646,0.7372696,0.6315355,0.7247166,1.3179123,0.68012863,0.36385438,0.3692886,0.287911,0.5354552,0.26076034,0.3807225,0.563319,0.46821666,0.55066556,0.46603063,0.16957447,0.10265187,0.13413943,0.15022394,0.15561673,0.3249452,0.55748445,0.45514092,0.26819006,0.14527933,0.6031265,0.6505392,0.5961381,0.48218772,0.36691356,0.36567205,0.38087186,0.42939168,0.59885323,0.5938934,0.7318712,0.71415365,0.66889745,0.6463871,1.1932366,1.7781789,0.91855794,0.26007432,0.33854923,0.5254381,0.43398893,0.2761392,0.21116108,0.42039847,0.32402027,4.426389,2.839628,1.1444999,0.73045075,1.1553644,0.6122033,0.22912203,0.21000883,0.2053825,0.5173878,1.0593374,0.95013607,1.0499552,1.4026275,1.4446181,1.3380885,2.1275413,4.6675706,7.1128535,12.80262,8.294155,1.0684059,0.34020028,0.26828158,0.15911987,0.14302954,0.11971913,0.11985694,0.12128107,0.10544537,0.03501268,0.036179405,0.06748077,0.028133407,0.022868346,0.0386486,0.029930891,0.03387697,0.05951514,0.16864178,0.2527104,0.28679404,0.21470338,0.19566709,0.32620755,0.2645881,0.4314319,0.7980732,0.4573988,0.6390765,0.8479385,0.5405603,0.488488,0.2874034,0.43906727,0.37456188,0.35229674,0.4326338,0.6523147,0.7794071,0.76434773,1.2709359,0.59429604,0.39958626,0.78104067,0.9184203,0.3546453,0.39064175,0.23143975,0.5211005,0.54394126,0.44775873,0.36980128,0.29986212,0.21384679,0.6002496,0.7141504,0.6139689,0.3583246,0.25006357,0.2393281,0.37001926,0.37578976,0.31163988,0.2810463,0.4105568,0.42310688,0.36806655,0.28899413,0.4703346,0.3088688,0.42771125,0.32398596,0.29905504,0.4166407,0.42686507,0.67116797,1.0798676,0.84864396,0.25548816,0.7492007,0.441286,0.53012425,0.48164564,0.3495402,0.48211643,0.46780485,0.53449935
0.7169421,0.7757486,1.6936035,1.0873436,1.5568004,1.6127237,1.1318836,0.3277414,0.39314798,0.52017605,0.68213737,0.6991042,0.36809355,0.67857814,1.0962892,2.29187,2.8885233,2.167137,1.8062983,2.0420768,2.8653328,2.1428006,1.9838616,0.7520045,0.5771019,0.40961194,0.2408891,0.226145,0.17365341,0.19556485,0.19055456,0.14549536,0.052984707,0.022461537,0.016785378,0.019816693,0.010752454,0.02155361,0.019207757,0.014022561,0.06718594,0.10709453,0.18442884,0.2071823,0.1340452,0.09624563,0.40087545,0.37231046,0.30549258,0.18531664,0.36387843,0.28615147,0.55143934,0.357449,0.30906412,0.25917625,0.47503683,1.2024082,0.9453749,0.95569384,1.3095183,0.89815617,0.7852434,0.7509223,0.61351633,1.2074032,0.5219867,0.8395209,0.5030858,0.5763493,0.5129855,0.660281,0.6095593,0.8022096,0.6546751,0.5545174,0.5879402,0.28082874,0.17705885,0.31565806,0.3591123,0.44723478,0.6093484,0.7852361,0.41177353,0.6856405,0.2316824,0.36664888,0.23881137,0.26933625,0.68226933,0.6026514,0.6798195,0.72494817,0.52792776,0.6550868,0.65458524,0.47589758,0.5081553,0.47048226,0.3822637,0.30303603,0.47182313,0.3191049,0.14834958,0.28370443,0.3556239,0.38232973,0.22668214,0.3075882,0.48919562,0.46879876,1.7458155,0.7743921,2.4984689,2.2330246,0.8677523,0.81190234,0.6152568,0.57046306,0.71535105,1.5719209,0.8612529,0.32839796,0.5450265,1.5877155,2.7415555,1.4532316,1.3810464,3.804951,9.585943,2.8843849,2.1034727,0.3450115,0.64663905,0.45439222,0.36283007,0.3245421,0.34616897,0.19094324,0.14447516,0.17892915,0.079335585,0.04315072,0.043976873,0.030405438,0.018341713,0.021781314,0.0427265,0.024203932,0.027261795,0.021261053,0.061416507,0.12259107,0.1482086,0.34040013,0.25115803,0.14475557,0.20206937,0.20130734,0.45848402,0.5131553,0.3607469,0.20147571,0.3697666,0.4210278,0.3784882,0.55347526,0.20939746,0.21626213,0.18779558,0.22929415,0.73084724,0.658483,0.31446066,0.38023755,0.41239774,0.4943273,0.80380654,0.33152455,0.20007966,0.25849167,0.4617518,0.54754907,0.29540038,0.3577662,0.49498075,0.32970014,0.08003788,0.20078917,0.329015,0.21735378,0.3093458,0.37654912,0.19910724,0.15245198,0.23137717,0.45494536,0.41000804,0.43129995,0.47799602,0.34541392,0.21980909,0.17478025,0.19247773,0.38889766,0.73740226,0.7891138,1.2252445,0.7038006,0.5086411,0.4131961,1.7874601,1.8131316,0.46370542,0.1393262,0.099961855,0.07447783,0.084052056,0.7322835,0.5166793,0.5030556,1.0548494,0.44265902,0.5704566,0.43057358,0.5470234,0.32992628,0.24376518,0.13427745,0.43849924,0.8996245,0.78774357,0.4264102,0.50170755,0.63316995,1.77857,2.6310964,4.364469,14.108694,41.473625,20.828209,4.5436435,1.5870137,0.4381088,0.3510153,0.17633173,0.15180239,0.1352876,0.16039307,0.19613554,0.09330078,0.058744065,0.050463744,0.108731546,0.09059107,0.06365767,0.06681645,0.036714993,0.14051028,0.3142395,0.23333737,0.20424435,0.16002068,0.06690318,0.21184938,0.24220611,0.39278802,0.46300396,0.3352591,0.22272782,0.44105163,0.67002493,0.37716618,0.243297,0.46328858,0.73782265,0.7744619,0.4803269,0.7511311,0.78041846,0.35892352,0.25393504,0.617158,0.58372694,0.63921815,0.41361842,0.37151513,0.46370447,0.63468206,0.4469938,0.41249892,0.35578528,0.24523039,0.1983897,0.31689033,0.08065524,0.29245615,0.47801223,0.46497992,0.4906012,0.5527785,0.15245533,0.10886548,0.046983555,0.12071346,0.13565789,0.22530869,0.44333145,0.61989456,0.672272,0.5251081,0.29933056,0.23789656,0.39739165,0.79297066,0.5435276,0.51029,0.8141006,0.4401971,0.21979108,0.4921372,0.58310854,0.36859328,0.51599914,0.5031103,0.37344468,0.36054233,0.2248604,0.35698915
1.5362711,1.6382759,5.2887416,3.3798506,1.6305492,1.3893797,2.205696,1.4972384,0.51388526,0.27644256,0.8309727,1.0068916,1.0997641,1.589842,2.1808906,1.7050364,1.0951258,2.572576,2.2072978,3.2509677,3.308652,2.3664193,1.6047807,0.79029495,0.5031348,0.1266416,0.16606523,0.20246632,0.091514274,0.1309397,0.14152564,0.08276959,0.11009172,0.08563988,0.048892237,0.032888718,0.034885697,0.021636223,0.01972618,0.06484823,0.11048151,0.103847235,0.12685308,0.08551679,0.09260259,0.18486233,0.5102836,0.5279033,0.5111434,0.30765328,0.44767073,0.59283835,0.84472483,0.6929136,0.5003853,1.0813648,1.0098249,0.47801924,0.5755356,0.5851559,0.703905,0.46793383,0.6522274,1.3705598,0.75751024,0.39786646,0.45382348,0.28645417,0.45983207,0.8990333,0.8095082,0.63919425,0.5381071,0.5952265,0.36619416,0.32566416,0.58212405,0.53553456,0.37470925,0.24643806,0.2836867,0.4608682,0.8488078,0.4694951,0.25037682,0.8384461,0.6666361,0.22477041,0.3427672,0.42583033,0.64096594,0.5342131,0.47756565,0.27334514,0.124244414,0.45339137,0.56088686,0.46710452,0.43182683,0.47997776,0.4376456,0.67281336,0.9609659,0.6021564,0.33266705,0.3581233,0.2140632,0.13196447,0.23597609,0.28116274,0.14182141,0.1709846,3.3318317,1.1773851,1.2022661,0.70443964,0.69007987,0.7423529,0.69574267,0.41044608,0.5003797,0.7546243,0.6071596,0.698552,0.5483927,0.26379007,0.7486828,1.725731,5.476141,4.7910247,2.7116177,3.0802176,2.0605273,0.89154637,0.49385253,0.71727276,0.37218466,0.341261,0.22950402,0.098867245,0.07858946,0.117910266,0.10036264,0.051027484,0.0546788,0.017712697,0.02771398,0.026366495,0.022463132,0.030340536,0.028615508,0.03294758,0.05672682,0.07844091,0.11435115,0.17727138,0.24766931,0.14520895,0.088881746,0.17458169,0.186718,0.21742639,0.61886305,0.40200078,0.35828894,0.24975844,0.30959168,0.4227782,0.42616767,0.49528718,0.5112295,0.2725123,0.13160093,0.28973502,0.26409742,0.5246136,0.43441287,0.2724665,0.5421394,0.3813899,0.30933693,0.70103294,0.83930016,0.587015,0.41265392,0.43865964,0.28162393,0.2650878,0.14991695,0.110278964,0.28763372,0.18617141,0.27679113,0.40475744,0.29899088,0.1902042,0.1332507,0.23527512,0.21775988,0.18901211,0.33367637,0.4548599,0.6016896,0.4664001,0.1513012,0.28624418,0.42395023,0.46678555,0.27421635,0.3486071,0.39345175,0.5189274,1.2379315,0.88032037,0.42252767,0.5267287,0.62950116,0.30873033,0.33709487,0.4393347,0.8600943,0.85737056,2.9976122,0.9470117,2.7841303,2.3318849,0.86113614,0.8256649,0.7838548,0.56208223,0.78337306,1.4996831,0.7045571,0.8007174,1.8466138,2.461627,1.9321175,3.3708427,6.3224425,16.219858,19.995152,16.074638,5.7843976,1.086309,0.62329024,0.4124256,0.26566866,0.13107367,0.115927316,0.116437115,0.08512682,0.080178246,0.12254542,0.051043406,0.036347132,0.018275307,0.036683988,0.04665129,0.11616423,0.11397262,0.06791141,0.031341344,0.12896988,0.3455107,0.3119155,0.3782603,0.3395975,0.601498,0.6752692,0.5067744,0.23312275,0.44228244,0.8101954,0.5251023,0.30884525,0.4269427,0.32889748,0.12527645,0.22329119,0.11648014,0.12374923,0.097279385,0.447825,0.5187273,0.27154753,0.3583047,0.5444124,0.804306,0.84010446,0.5104031,0.38003257,0.28474164,0.26042348,0.33436814,0.3416039,0.42765734,0.2733608,0.38982934,0.47392637,0.4569668,0.33555046,0.21439846,0.20872179,0.38347647,0.3097817,0.3064536,0.25790048,0.11682359,0.19012313,0.36714256,0.60034245,0.8434537,0.4931333,0.5139583,0.7006437,0.5284615,0.30959344,0.35712302,0.41444558,0.6800447,0.87182266,0.71247995,1.1172909,0.84151775,0.298448,0.3958494,0.21145856,0.13821082,0.34906286,0.7513609
4.066381,3.8696582,5.0537686,4.9802275,3.19173,1.9763774,0.96132225,0.3234783,0.42200786,0.2975271,0.14240624,1.4618423,2.1149862,1.1404059,1.3702847,3.0293703,1.533197,1.2416126,1.5724597,3.5378325,8.516489,3.272662,1.6551287,0.79770505,0.13366872,0.11600198,0.18851072,0.19357629,0.20772047,0.071540974,0.14125176,0.14873022,0.088852696,0.0309539,0.033539206,0.021503007,0.008724494,0.017908178,0.02008048,0.05138659,0.038179345,0.13015993,0.21203469,0.21541795,0.17775966,0.28194895,0.7193015,0.33557236,0.3483357,0.31932425,0.36418766,0.5315006,0.5668703,0.8504943,0.27011427,0.43755835,0.8294457,0.5894404,0.3951435,0.36932942,0.51695734,0.41324845,0.7613429,1.7684339,2.0458918,1.3075049,0.79607505,0.81833243,0.61496043,0.65864694,0.54807895,0.8675637,1.4013454,0.71033007,0.7558652,1.0824907,0.5368887,0.22641309,0.3302507,0.3729293,0.22990553,0.36774895,0.954533,0.87515277,0.42796418,0.67203003,0.6232825,0.6284507,0.27141556,0.54629993,0.5619693,0.65291286,0.64030963,0.79663646,0.6070181,0.34126374,0.27626696,0.18222111,0.36135077,0.5447737,0.81027496,0.6499521,0.30143806,0.2745558,0.18918183,0.11081846,0.19108039,0.24018067,0.3330688,0.3658388,2.2503777,2.0069847,1.2193321,0.57106787,0.7915888,1.3079631,1.0422846,0.4847749,0.3603529,0.64034617,0.55698276,0.6025084,0.70842534,0.8022583,0.30593133,0.34008005,0.9076256,1.7789859,2.1610878,4.1223965,3.4873652,2.4421773,1.1601415,1.3782357,0.8722734,0.3710532,0.21400177,0.081689455,0.21712129,0.18523052,0.16841716,0.16648103,0.099577725,0.034340244,0.018653505,0.014080417,0.02154148,0.030124232,0.020203345,0.007992964,0.020688273,0.020027108,0.037107177,0.06695585,0.101177305,0.23932062,0.19855367,0.0755284,0.19736382,0.3255992,0.2830764,0.20752177,0.3600465,0.36250404,0.5663539,0.6338376,0.22748502,0.23919486,0.287328,0.57847834,0.65442073,0.31017476,0.31412882,0.5061977,0.49647415,0.5640162,0.5148276,0.194221,0.4202894,0.5026878,0.4610053,0.45742297,0.5877756,0.4726977,0.25017375,0.28706694,0.23303893,0.19143882,0.29311422,0.35536572,0.2162217,0.099136025,0.1247266,0.2028355,0.20170803,0.33202937,0.46158072,0.51264757,0.33776233,0.2208873,0.26227614,0.36134508,0.600816,0.31725478,0.19794945,0.30880338,0.14120372,0.45575967,0.48174116,0.7367815,0.5772352,0.37782308,0.97738105,0.7248282,0.2732107,0.11681586,0.2318301,0.2875669,0.32827115,0.39950442,3.8080409,3.8734815,3.3978276,2.6025424,2.4488676,1.178349,0.99845123,0.6371633,0.66415167,0.8699667,1.0842866,1.0835042,0.8315934,0.72094756,1.2307678,2.1779418,4.141865,4.8772235,5.452987,19.838402,34.989513,14.090258,4.817397,2.455321,0.72700006,0.57746387,0.32367024,0.09399608,0.11150216,0.12600844,0.11748692,0.1254076,0.061435033,0.02143473,0.024113147,0.010555237,0.034467213,0.08220789,0.08966042,0.06454684,0.0990535,0.20376359,0.20303042,0.21121284,0.14893904,0.2196426,0.4796756,0.55943364,0.3820804,0.5154332,0.58005244,0.37334186,0.32007965,0.49791807,0.7399461,0.92354566,0.7264127,0.27234578,0.25875425,0.6010747,0.46716976,0.23023316,0.3235652,0.89878434,0.55897355,0.19242038,0.24817185,0.34962925,0.5338379,0.55575997,0.4860314,0.32877675,0.606847,0.5352364,0.36225414,0.6993483,0.3366493,0.30867872,0.3090356,0.21708922,0.25928137,0.088048905,0.2934774,0.5702313,0.38497138,0.35106686,0.22702833,0.23963897,0.20897101,0.25477618,0.42109635,0.44958696,0.8143628,0.40003574,0.3051721,0.2647452,0.31360152,0.3478637,0.40721473,0.35344142,0.37606868,0.35604218,0.5358025,0.42353177,0.4218284,0.29290676,0.15383413,0.09067345,0.3828764,0.6756413
1.619313,1.572789,1.4301007,1.4353268,3.4267352,4.06301,1.217577,0.70641327,0.83804965,0.88721496,1.3257439,1.7586337,1.3094326,2.6165996,3.9844,2.1741226,2.4750524,4.861838,5.9342136,6.382694,11.793199,9.766635,4.707072,1.5961511,0.32047787,0.36008483,0.28157473,0.39542544,0.33616823,0.2481618,0.3698175,0.28397015,0.15860356,0.06885505,0.08500312,0.11168358,0.08431298,0.0110350605,0.021686578,0.065186344,0.12950997,0.16587207,0.3021952,0.15479252,0.42265362,0.5627389,0.6862758,0.7619388,0.6073233,0.78101116,0.65204114,0.47739303,0.7194282,0.86627793,1.5424095,1.3513459,0.7157559,0.81854284,1.07461,1.0368578,0.7546394,1.233091,1.578877,1.2941476,0.6052624,0.36940843,0.44182962,0.16233289,0.34247345,0.43493456,0.41029263,0.218619,0.3561594,0.48771122,0.5405277,0.5616074,0.40361196,0.28513858,0.27385396,0.29493737,0.5477525,0.5696149,0.7092377,1.2801523,0.8494037,0.4707035,0.3306109,0.56646127,0.24785067,0.45825145,0.70371825,0.66954964,0.5307145,0.6176089,0.37337777,0.26975188,0.36871436,0.3262237,0.35772,0.41187882,0.7539769,0.5547837,0.60037816,0.36772597,0.2776508,0.26484954,0.18929742,0.17010067,0.21391357,0.22053799,1.7585269,1.7080051,1.2865056,2.9604588,2.3544147,1.7393292,0.68924886,0.32902026,0.7574307,0.560086,1.3938814,1.6447407,1.607401,2.8347955,2.6621656,1.8948203,2.090873,5.1015964,12.847021,14.697394,11.123411,4.701201,2.0293434,1.9569805,1.8488991,0.93488616,0.7394058,0.26099393,0.47436857,0.3397943,0.21899424,0.07167449,0.081020564,0.06534759,0.09194919,0.120938,0.15260892,0.04849579,0.04538478,0.07715999,0.09015822,0.056568358,0.08739307,0.18742938,0.25933176,0.18132694,0.7373778,0.9555127,0.56390136,0.55249953,0.5641822,0.36028898,0.30508733,0.529172,0.5711321,0.8139597,0.7487998,0.971373,0.60710275,0.3850079,0.2394589,0.20949274,0.5127078,0.5637347,0.39718235,0.46345195,0.68888545,0.66669685,0.6889064,0.31443068,0.29231933,0.29316774,0.36145726,0.3077666,0.17068341,0.18510927,0.15169895,0.36951184,0.17954026,0.21325298,0.26261133,0.115699954,0.15399168,0.1705862,0.2099754,0.2359555,0.20375957,0.1862903,0.28733262,0.45515272,0.36238155,0.35889244,0.26223937,0.4980682,0.5169198,0.24179082,0.20280008,0.54003555,0.4981217,0.4927297,0.45121032,0.46201807,1.622821,0.881307,0.43189698,0.47198942,0.29210734,0.4847878,0.55399156,0.43601692,3.3992746,3.6444771,2.0897913,2.4846706,3.0608027,1.6256057,0.5833442,0.9188502,1.4942423,1.1388738,1.141683,2.0298836,4.0441794,5.8572974,7.372411,11.781975,18.080114,29.370039,27.659744,18.074842,12.826323,19.25724,4.892299,1.7208108,0.8544233,0.7830958,0.52512586,0.5833691,0.62529737,0.51258236,0.25326398,0.07691763,0.22473995,0.11883682,0.16777146,0.24171823,0.11763365,0.06166704,0.14091544,0.17279418,0.17440966,0.20033632,0.3218573,0.13453187,0.1528668,0.31604698,0.84517175,1.0767101,0.94721484,1.044405,0.53637767,0.5466793,0.6933099,0.89350086,0.83794284,0.7792197,0.41556618,0.9338081,1.2548361,0.65006804,0.62259465,0.40994847,0.47358128,0.61089134,0.67219937,0.43233222,0.816173,1.1697956,0.44569078,0.34770757,0.5166288,0.34836197,0.3533878,0.3463828,0.4533618,0.29355788,0.14044541,0.23168357,0.22008844,0.2889275,0.26892796,0.39887118,0.22896327,0.284835,0.31567693,0.36500853,0.33615825,0.6159125,1.1510876,0.59687835,0.17497015,0.6278565,0.96060157,0.5044469,0.20180579,0.19530316,0.29350176,0.505595,0.8514246,0.7328767,0.70715576,0.5319169,1.0463041,1.0221744,0.3601812,0.48123938,0.33268717,0.28444162,0.3247971,0.34017003
2.3349376,2.381595,3.7428844,2.3372276,1.778325,0.6969594,0.5827274,0.87876123,1.2515674,1.169518,1.3099282,1.0582198,0.8360297,0.8246187,1.0077337,0.8504511,1.7361796,2.1359515,1.3969651,1.0707537,1.3515352,0.85249054,0.63514835,0.5476744,0.37342358,0.2085722,0.51852894,0.42326286,0.1503844,0.09891103,0.08060005,0.09914947,0.07708533,0.04972747,0.023807835,0.017488383,0.013515197,0.01796622,0.014342041,0.028501013,0.09180805,0.12977858,0.07937377,0.07439516,0.0846165,0.21230142,0.23281245,0.41133454,0.5579116,0.6575447,0.732771,0.6759912,0.47627524,0.67095536,0.6564291,0.87209606,1.0362303,0.5696272,0.4682917,0.90447485,1.5655601,1.2561507,1.3232964,1.4513738,0.6206842,1.0099185,1.2270066,0.44682086,0.62860936,0.72813624,0.6332316,0.4571715,0.6773657,0.62771785,0.46302858,0.44531214,0.37081778,0.41422445,0.40133822,0.34940603,0.46814397,0.4995727,1.0910963,1.2565694,0.5401998,0.87439346,0.86647886,0.7312399,0.60063714,0.51378334,0.8102533,0.62878585,0.81850827,0.92561364,0.4409676,0.42173904,0.6295009,0.3650186,0.1749094,0.57977366,0.9947691,0.5414792,0.6531091,0.46722263,0.26708215,0.17903017,0.21611932,0.27656844,0.19668654,0.15329191,1.0625353,0.9085106,2.1499119,1.6645585,1.3356662,1.0448141,0.43844005,0.3450695,0.60758036,0.6679968,0.6760007,0.6340317,0.76645577,1.018441,1.1340733,1.4767692,1.2767799,1.2994838,1.5780851,0.7729409,0.79318726,1.2591951,0.65917313,0.99977666,1.511306,0.7241516,0.6197073,0.43671632,0.16424258,0.1190972,0.09971216,0.08882239,0.035061613,0.028561287,0.03504679,0.021889756,0.037928745,0.05820289,0.036565103,0.034997955,0.030745262,0.025435857,0.048531435,0.05449808,0.10989981,0.13102864,0.102227,0.22409171,0.24472453,0.25324306,0.21816878,0.22704124,0.31490138,0.2901335,0.43382215,0.6205824,0.4927286,0.69785374,0.7051908,0.6818715,0.2473099,0.22584617,0.47405094,0.4820594,0.4596262,0.3741672,0.13820809,0.19885702,0.46294114,0.5149512,0.29146832,0.23304814,0.26031676,0.19069813,0.2447141,0.4494027,0.40167016,0.18025738,0.16513829,0.29721633,0.2829477,0.23852682,0.46862066,0.4243115,0.33996576,0.28295583,0.3430547,0.7972695,0.5114282,0.33144456,0.5536153,0.54434776,0.39687496,0.2101666,0.34799844,0.58364147,0.46494445,0.4576714,1.0095143,0.6311198,0.5690572,0.51231205,2.4096143,1.8849157,0.8616845,0.31576705,0.24331076,0.64409935,0.7801567,0.8955153,0.45466894,0.50242525,1.5006292,1.04914,0.8641143,1.2910749,1.3623837,0.39202297,0.57628375,1.1482936,1.4885491,1.2462618,0.8819484,1.1340759,1.3911248,0.99116576,0.51983255,0.6522809,1.8986826,1.9352287,2.2694314,1.6962842,1.7241346,0.80796903,0.6338271,0.57616436,0.38838834,0.24029951,0.15093094,0.159153,0.111918,0.14458133,0.10986592,0.03798764,0.051125713,0.051610813,0.05063284,0.071957186,0.05929303,0.05961143,0.084589876,0.10164215,0.07483403,0.04165569,0.16636561,0.34266412,0.34219876,0.42708132,0.34969673,0.24144422,0.3947119,0.8157788,0.77358747,0.8288201,0.7639628,0.36069667,0.41926196,0.7150078,1.1961682,0.7854099,0.5619356,0.8157151,0.9331033,1.0469784,0.4269358,0.262253,0.17105164,0.3652948,0.33444762,0.45141843,0.17935678,0.4891841,0.44613037,0.32158428,0.56229615,0.6347656,0.42046416,0.48644182,0.5168654,0.44375995,0.4012791,0.22067182,0.21836177,0.15807118,0.24114116,0.36666554,0.4311296,0.42162356,0.3749724,0.48825443,0.37337995,0.19354312,0.37572518,0.8186723,0.3796611,0.26601362,0.37168053,0.69902945,1.5074302,0.8169786,0.56789154,0.44911197,0.5944165,0.33286503,0.42432225,0.55696577,0.5474452,0.32690847,0.22083925,0.38292542
0.42262235,0.772537,5.7419195,3.1728191,3.3654237,3.3674552,2.2201524,1.2423623,0.8540482,0.8219491,1.1677337,1.1226369,1.300703,1.3762847,1.8164573,1.2029214,0.7846769,1.3785068,1.0070714,1.269426,1.3248953,1.0400956,0.40030023,0.62955475,0.9084124,0.5586613,0.33360195,0.1876565,0.16524765,0.21759953,0.16757831,0.054546755,0.025518226,0.016822863,0.028868489,0.016418856,0.0068108933,0.007344252,0.011327,0.015722018,0.027723985,0.10165184,0.07701764,0.14143361,0.20049897,0.28807133,0.3247123,0.16827634,0.17848286,0.25691268,0.5730722,0.6934026,0.45200565,0.658108,0.52303827,1.4329016,1.6350417,1.133685,1.2576413,0.7982771,0.59449327,0.44384247,0.3614243,0.45277318,0.6083099,0.55733174,0.6076703,1.1409414,0.9101623,0.7550024,0.7190821,0.3123366,0.35511214,0.2420873,0.3119734,0.5109831,0.5437715,0.34856552,0.1623208,0.58606774,1.1224433,0.5592523,0.40426663,0.5124188,0.67816156,0.52307314,0.23629497,0.5525945,0.9895305,0.6361409,0.56608295,0.4040867,0.5973772,0.4563422,0.48173782,0.7873611,1.2781881,0.82142556,0.7698742,0.77713555,0.7313678,0.78884727,0.44072357,0.25007185,0.21439469,0.24955651,0.34647027,0.5468302,0.570373,0.5311984,2.848922,1.825895,7.456862,3.9846675,4.808883,4.7665825,0.87780213,0.82199484,0.12798196,0.56237084,0.5792901,0.4453347,0.8539994,0.8099741,0.47311804,0.3181443,0.35758537,0.5559366,0.5793851,0.60448813,0.513636,0.6682323,0.7291746,0.61323506,0.30546248,0.18577656,0.22734033,0.41509447,0.21824875,0.049377777,0.060972672,0.0728059,0.09068592,0.04632109,0.028542234,0.03294914,0.02644652,0.018547753,0.008437759,0.0074335714,0.027644971,0.021453291,0.09025172,0.13028316,0.09494264,0.18640703,0.33052236,0.1853773,0.23122664,0.37083268,0.39374384,0.3309937,0.27947056,0.20782496,0.40085396,1.4797028,0.34689194,0.58895946,0.96701056,0.82787967,0.2425442,0.46819097,0.68948466,0.5141917,0.21333826,0.28757063,0.54619914,0.42635322,0.42239377,0.23606597,0.34247273,0.75754493,0.737719,0.3126678,0.3977082,0.4565246,0.53567886,0.45093316,0.573866,0.69789195,0.30396226,0.12213654,0.22638623,0.14036722,0.26015332,0.4515174,0.615951,1.2671127,0.8553175,0.5933854,0.6508743,0.7581192,0.67542493,0.49220216,0.45292482,0.40555888,0.42276958,0.7792658,0.962555,1.2397391,0.6499587,0.45770454,1.4118032,1.2950934,1.0328058,0.68126684,0.5669967,0.60132545,0.50767636,0.47001877,2.6255112,2.5098653,5.924418,5.5942707,5.196794,3.715561,1.7065026,0.6843112,0.4342088,0.48223057,0.7164264,0.8931964,0.7876819,0.94242656,0.6262833,0.5845588,0.52022594,1.0114303,1.2664735,1.4014863,3.3209007,7.6264424,4.3585954,1.0399221,0.44586414,0.34527984,0.33134347,0.31724638,0.16034687,0.11557271,0.078215815,0.08368403,0.06807906,0.029809445,0.05333894,0.04756605,0.049839884,0.047555506,0.027056945,0.019017875,0.06692112,0.13934678,0.090974405,0.26734444,0.14783901,0.19719997,0.47349817,0.34575945,0.15390113,0.34844193,0.47005603,0.6278707,1.0411626,2.0642715,0.6851172,0.987632,1.7782776,1.2161,1.4646355,0.49722046,1.0872097,0.7235973,0.33219108,0.24474649,0.18739781,0.3752424,0.58870006,0.35535356,0.44914004,0.7296127,0.62950313,0.8321548,1.1125057,0.79480433,0.95444006,0.99669147,0.80827856,0.7724124,0.6907397,0.4225877,0.6018083,1.4076828,1.0784117,1.3445498,1.0964807,0.8929539,0.47547796,0.4962014,1.5601711,2.1931002,1.6005511,1.1101022,0.74042046,1.1674753,1.2697692,0.8822838,1.9621007,3.6564574,2.224902,1.2341721,1.2987599,1.688639,2.5115914,2.2310708,0.99075,0.86933255,1.1447229,2.366337,2.3588145,1.5906883
0.73961055,0.8545233,2.4334905,1.3332831,1.0882269,1.2707438,2.517484,1.5403231,1.1783558,0.5779303,0.67149836,1.6171689,1.3489723,1.9372364,1.9064664,1.5870081,1.6288433,1.3253736,1.4578139,1.4538234,2.7380664,1.6191697,1.1939383,1.2395056,0.5602708,0.39099473,0.25615,0.18371893,0.24123958,0.1952153,0.1302276,0.0863979,0.04817729,0.013594535,0.01761945,0.015333757,0.005511582,0.011097026,0.028074646,0.023108663,0.05653375,0.105579935,0.062120058,0.0783488,0.26267073,0.33747172,0.44360912,0.45435655,0.7697128,0.44202596,0.19939618,0.24860941,0.4100493,0.6240125,0.51775485,0.5912988,0.22361958,0.19945733,0.5176281,0.64011407,0.65722775,0.47428322,1.1384361,0.94441795,1.3969132,1.1582863,1.1362267,0.592699,0.43062848,1.1303297,0.7511916,0.90331244,0.9110714,0.59205425,0.27422592,0.45257273,0.69954467,0.7603685,0.4634376,0.4637153,0.8775786,0.51847184,0.35146874,0.59559613,0.4512003,0.79208,0.6877039,0.9254797,1.0631648,0.25850865,0.38562736,0.9295635,1.0072311,1.0493711,0.67445153,0.33791885,0.44894648,0.5328309,0.31095153,0.39715743,0.5310987,0.5445694,0.5584475,0.18235078,0.3667112,0.693008,0.5175024,0.22916411,0.22242369,0.3241481,0.2203752,0.26551878,5.7562695,3.6298673,2.5511928,1.7669846,1.0881573,0.83795375,0.3946746,0.48850754,0.48898226,0.6894916,1.0086452,0.8092479,1.0116501,0.90700144,1.3089511,2.2640905,1.980122,2.1873899,2.816194,1.9898158,0.9593981,0.40200976,0.24914038,0.30928415,0.42932823,0.25364846,0.20762219,0.15467815,0.052928243,0.061161295,0.056342565,0.0548715,0.04598833,0.038055804,0.03466908,0.036828753,0.023269044,0.013010687,0.0261263,0.034936655,0.056854215,0.11956591,0.11923391,0.1634475,0.22167268,0.43761352,0.59318805,0.43104655,0.37711528,0.11301504,0.1402408,0.44744304,0.92548,0.74066573,0.8204453,0.7294359,0.4143114,0.25750303,0.34286284,0.57665205,0.4432942,0.30380973,0.30909768,0.5881645,0.45501694,0.42940593,0.33054015,0.25254065,0.4446305,0.7623087,0.49777004,0.20762905,0.11501497,0.32425183,0.37767148,0.28392166,0.13050525,0.20847397,0.2625412,0.22979856,0.274749,0.22185615,0.2751395,0.18107167,0.35714608,0.52515984,0.27809778,0.36646202,0.6939144,0.509239,0.44130722,0.1893564,0.39255098,0.6032581,0.460644,0.4231051,0.6150594,0.45791253,0.5108926,0.50090474,1.2895854,1.0788149,0.55485547,0.3035496,0.30242333,0.4293856,1.0243766,1.1683106,0.23888701,0.2577941,1.1689178,1.1558233,1.1061641,0.8618962,0.64883,1.166944,1.0691097,0.61790526,0.8380751,1.2658995,0.6647343,0.23150203,1.0973804,1.6209425,1.251747,3.6362617,5.251886,10.93501,15.2915125,7.137854,3.863861,2.3085082,0.78717214,0.40618297,0.120090656,0.054417346,0.06297302,0.30032155,0.12836905,0.05058612,0.15144497,0.060486075,0.032069385,0.044554304,0.045153208,0.040401977,0.07511901,0.100165725,0.1200369,0.098843,0.067507386,0.17816201,0.36016485,0.38848406,0.16173089,0.22668743,0.29874232,0.23809505,0.4340935,0.46706635,0.7181359,0.47387716,0.33916727,0.5221193,0.6481507,0.4328156,0.9454999,1.7704985,0.6139513,0.28899387,0.3127718,0.37004328,0.29600024,0.44081008,0.30103526,0.31218874,0.53379524,0.6443188,0.49045435,0.42939773,0.35891762,0.34203532,0.42552942,0.2580989,0.31544256,0.49864164,0.8207262,0.42336518,0.31922853,0.33185136,0.3342148,0.74126226,0.5461729,0.7602807,0.8931251,0.74210715,0.42157492,0.92106813,0.9853747,1.0523174,1.3677623,0.64208454,0.46278524,0.63434577,0.5887689,0.4844834,0.5005916,0.48942757,0.51887435,0.38012165,0.595885,0.39519554,0.45442027,1.2209538,0.73764956,0.30989343,0.23453647,0.59183425
0.76548934,0.755696,3.285959,1.9675859,1.5572551,1.2588706,1.7763466,1.1039454,0.86406237,0.5456089,1.2340956,1.6158895,1.252926,0.9377072,0.952419,0.95923835,1.6605507,2.2675955,1.6668576,1.7842708,3.533087,2.9765127,1.8298881,1.8673593,0.29993933,0.30505943,0.25259057,0.31289324,0.25195763,0.16235785,0.07956054,0.0682865,0.047869403,0.03525638,0.038506556,0.011459272,0.012097317,0.00795778,0.01515538,0.050186366,0.12725547,0.083169505,0.068844035,0.12122859,0.13729313,0.22026439,0.2500641,0.13934648,0.30379838,0.42563123,0.4110088,0.37222397,0.5811161,0.5294157,0.8172509,0.95698076,0.75591093,0.6004385,1.0323143,0.7306576,0.52989686,0.95920295,0.64901876,0.8041374,1.1084025,1.628428,1.0764638,0.45144114,0.51502484,0.48632944,0.3375155,0.6472913,0.38699743,0.5905577,0.37310836,0.40142024,0.33015427,0.6180749,0.58668274,0.18622369,0.5825951,0.5112049,0.5482854,0.66584706,0.5595862,0.50873613,0.6235901,0.34087682,0.30210027,0.16369942,0.27805212,0.31871033,0.34512112,0.38815695,0.24857862,0.16606447,0.26694092,0.51032436,0.38153854,0.47912142,0.50299,0.29778075,0.1429038,0.12814488,0.103194796,0.14094613,0.18453531,0.25381857,0.23145992,0.36070764,0.32530278,0.362028,3.2615798,1.6099023,0.9023198,0.7287535,0.8045757,0.8677135,0.6511466,0.76941544,1.047662,0.957976,0.5612515,0.65845567,1.6484269,1.045171,1.5189078,1.2762113,1.1839023,2.323642,2.5944257,2.0811927,0.86135066,0.48898846,0.4358326,0.35409236,0.31981963,0.3532641,0.22424932,0.11693035,0.091107585,0.14008288,0.14182529,0.0849763,0.08098832,0.031194177,0.023260541,0.02025702,0.011652345,0.005517029,0.027910689,0.04970832,0.040992416,0.026237283,0.106689416,0.14972849,0.15609588,0.18070757,0.26202872,0.3637011,0.3247019,0.567496,0.37393117,0.7359642,0.53437364,0.40183824,0.5822594,0.4989748,0.67524314,0.67140555,0.36645937,0.55708385,0.5188162,0.42990205,0.521796,0.36969423,0.25741112,0.20641007,0.7003467,0.38756636,0.22833565,0.28913468,0.4298006,0.41681138,0.17732418,0.19886819,0.26516274,0.23800606,0.19312872,0.23962776,0.34045258,0.33676645,0.26036078,0.21688195,0.16393954,0.20516773,0.14780368,0.17896973,0.44582194,0.61010575,0.44201288,0.22130074,0.34231842,0.21009988,0.2178026,0.33870813,1.025268,0.9617569,0.8728926,1.0767356,0.56754833,0.5832057,0.8918667,0.70028603,0.41338134,0.22488123,0.16586824,0.23759845,0.38107216,0.54019,0.94815385,0.99113125,1.0101247,2.2959735,1.8497553,0.9425989,1.0239985,0.5048433,0.59449166,0.7128402,1.3937908,1.3405542,0.40613663,0.88058156,1.5315748,1.3554298,1.6884229,1.4486388,1.7462915,6.1627364,19.047653,9.7305155,3.1320832,1.7402431,0.8521819,0.46790645,0.3128834,0.2731888,0.17422912,0.09210765,0.0662845,0.10980449,0.060568795,0.05066511,0.03680814,0.021534797,0.0189991,0.04601489,0.03268932,0.060327202,0.12700956,0.07801596,0.089786515,0.09470889,0.1687249,0.2812504,0.28996292,0.18243054,0.2215417,0.42744133,0.50857484,0.4859738,0.7795236,0.63669753,0.43912673,0.5221326,0.2540328,0.3668551,0.68209946,0.5497885,0.42961696,0.5685319,0.41336778,0.3592509,0.60544217,0.34239155,0.36082128,0.6829123,0.5669348,0.27330872,0.32482955,0.38826126,0.38810775,0.43349934,0.6265236,0.45445365,0.41279206,0.4816561,0.3422702,0.1453252,0.44243258,0.5856274,0.2586369,0.29673275,0.20399211,0.2647248,0.31249923,0.1959318,0.31148443,0.4496608,0.7253509,0.37785617,0.45555693,0.430688,0.24387279,0.35181323,0.2932862,0.39515826,0.3977104,0.19629322,0.34761634,0.33090824,0.5426756,0.45223436,0.36181787,0.10597169,0.15501857,0.18772224,0.22997749,0.6072082
2.6460423,2.3076117,2.9002771,3.8658016,2.2250025,1.5282179,0.93691754,0.52786016,0.6218664,0.5406464,0.7279485,1.2038398,0.87690544,1.160572,1.4503863,2.0094004,0.8039006,1.3815727,1.2660059,0.87888306,1.7639278,1.2729348,0.93998283,0.65280026,0.77084464,0.5085622,0.24307007,0.15014248,0.13863385,0.20132148,0.11003863,0.08738284,0.06677133,0.022538641,0.01873932,0.028950898,0.04000348,0.025279284,0.023755908,0.0583676,0.08800266,0.13134107,0.16013047,0.1721206,0.1849579,0.4032442,0.31213608,0.34645557,0.46914402,0.38956422,0.6486686,0.6673562,0.54343855,0.631766,0.7316617,2.097755,2.3660173,1.563833,1.5644766,1.227528,0.68894345,1.0583491,1.753459,1.4575465,0.57150036,0.4876631,0.41888908,0.23625492,0.4739828,1.0578843,0.56743723,0.6075679,0.8607825,0.49681303,0.8109643,0.6324035,0.6637957,1.0023555,0.5455807,0.36327848,0.31914723,0.52832633,0.5562447,0.5877862,0.5435638,0.5405269,0.2513536,0.6525602,0.8903784,0.64033556,0.43886757,0.63007826,0.84582835,0.81694204,0.8450489,1.307414,1.2082748,0.93019634,0.8614195,0.8198856,0.93316466,0.60334694,0.4646954,0.52328736,0.51994085,0.40248752,0.43342328,0.27694046,0.3054907,0.406317,1.7119796,1.6686242,1.7555045,1.1968688,1.6104963,1.6395096,1.0590072,0.96007806,0.80408454,0.20001766,0.25990215,0.6456321,0.701318,0.49489498,0.4548575,0.7945585,1.247396,1.4348571,2.2919836,4.1444154,4.1653166,2.5596328,3.385084,1.7021006,0.6269283,0.6634692,0.3740278,0.90264803,0.681436,0.255044,0.117224075,0.10453122,0.12950124,0.076518804,0.08726359,0.07274122,0.019494943,0.007687519,0.03021965,0.041170478,0.03354532,0.034609593,0.092502765,0.09144396,0.13530567,0.2913946,0.4944698,0.22339854,0.26898348,0.8053694,0.85370624,0.5026059,0.39948788,0.45081314,0.422238,0.5127857,0.49301952,0.7112363,0.595102,0.54406905,0.34935158,0.31314644,0.27030897,0.33397397,0.5195723,0.73135966,0.58823043,0.3645038,0.5558465,0.393638,0.36690715,0.38937563,0.238553,0.38309696,0.34007064,0.2886745,0.406062,0.52915883,0.45248455,0.23167014,0.27995732,0.3272203,0.18927583,0.14841628,0.13562034,0.10502509,0.10663473,0.26289737,0.8406836,0.7590637,0.5301605,0.27143767,0.37820813,0.57759696,0.20467193,0.51290965,0.6281645,0.34887397,0.80482423,0.7325428,0.6836089,0.4917628,1.3750373,0.7881782,0.46671852,0.77800053,0.5674409,0.44269454,0.4456622,0.41747126,0.71914035,0.8131102,0.839787,1.5295607,1.021973,0.41650605,0.4882208,0.6307834,0.69448274,0.32075894,0.75900155,1.252131,0.50420856,1.4740524,1.0037781,2.680045,1.896329,3.9430773,3.7429223,7.8386455,16.104328,7.2821703,9.11602,3.3998203,0.5797124,0.5249195,0.40352765,0.48525873,0.34991103,0.42079794,0.19556852,0.16081549,0.09748989,0.075195536,0.10640727,0.038177453,0.021010593,0.038017806,0.12873277,0.16192354,0.14025961,0.3833495,0.61347914,0.36270034,0.09628828,0.22983997,0.6087652,1.3748708,1.747624,1.9284146,1.2712568,0.86213696,0.66546446,0.66453195,0.70169437,0.84796584,0.642003,0.45041287,0.66924906,0.5446357,0.34006593,0.30487037,0.55171794,0.7068085,0.34478018,0.44849843,0.4907893,0.8474293,0.86033016,0.6203043,0.47598645,0.4972803,0.36193037,0.39443052,0.336403,1.1842308,1.8680674,1.5588492,0.5768752,0.23864417,0.32593197,0.9211227,1.2756624,1.9258614,1.1160586,0.60586166,0.7700124,0.5598627,1.641279,1.9958489,2.4492073,1.278903,1.766879,1.1176116,1.0149571,0.657631,0.79094803,1.0344248,0.82953525,0.43899804,0.8490135,0.68767864,0.5702947,1.0693111,2.2607589,1.6525319,2.0523376,1.3710736,1.2609801,1.2385089
0.7883953,0.8000558,3.733387,3.124094,1.7780164,1.3554676,1.0073369,0.93975633,0.5984395,0.4647951,0.48252338,0.9504526,1.1103649,1.1291523,1.7271366,2.4006882,2.3695414,2.7825353,3.6645215,3.809799,4.6302056,3.2495599,3.4136164,2.0019083,0.9148611,0.18105736,0.3376978,0.38849586,0.2724033,0.34125218,0.18230088,0.08739602,0.0699783,0.020628242,0.030513797,0.033640385,0.027828034,0.013889792,0.011448144,0.020530343,0.04522342,0.14225173,0.18278915,0.07537724,0.07881904,0.12845828,0.31906503,0.2765291,0.35814926,0.30985877,0.24167265,0.41043463,0.50211626,0.66292626,0.3316587,0.416388,0.58175015,0.39650574,1.0089078,1.7258369,1.113994,0.62643605,1.0113928,1.0771915,0.6851522,1.0114616,2.4016829,1.7110305,0.7602121,0.2950162,0.4578059,0.9523459,0.2556561,0.50799114,0.7621486,0.7276275,1.0981002,0.6267796,0.2643539,0.6788654,0.60507643,0.3531909,0.431438,0.49915025,0.535353,0.48026857,0.5231113,0.32324138,0.37429383,0.5640034,0.39886147,0.60951984,0.37343553,0.37825888,0.36586156,0.54126084,0.6122296,0.37436914,0.21835366,0.1936791,0.40734062,0.44583744,0.4447892,0.25624955,0.13054855,0.12181978,0.2533605,0.43410978,0.46364912,0.34002465,0.625983,0.5879467,3.49389,1.2479503,1.5837444,1.2012774,0.34610263,0.640344,0.69998014,0.8450406,0.79935044,1.0478834,0.9861769,0.91951424,1.1075723,1.6033013,2.5176013,3.3559558,3.2896802,3.0376012,2.7194393,2.7750916,1.0342712,0.6651217,0.97963434,0.4297412,0.27395782,0.7169043,0.42609918,0.2901618,0.31005335,0.1446515,0.07562191,0.039657533,0.020092629,0.0190649,0.037259646,0.024178766,0.03624505,0.033618674,0.026671646,0.020222686,0.033464655,0.06904987,0.1156027,0.15186445,0.34689975,0.47274378,0.3428096,0.3988354,0.38878098,0.45189622,0.55503553,0.4319783,0.24997649,0.31927595,0.68509483,0.9031254,0.47539228,0.32007217,0.2423243,0.27248985,0.3167597,0.3740825,0.36804312,0.68196696,0.56396586,0.48248872,0.42531002,0.23267756,0.34301972,0.51453245,0.39512044,0.27666706,0.2738579,0.58142483,0.54129785,0.26227996,0.1625014,0.12832974,0.114929356,0.13610087,0.20986886,0.2421454,0.17790218,0.12511349,0.1897987,0.25062805,0.1483944,0.099611014,0.22803555,0.39146906,0.23555605,0.20443366,0.14627844,0.2639555,0.2169091,0.19947776,0.5426895,0.44240826,0.33606017,0.6177565,1.9610634,1.3760588,0.655428,0.59402406,0.6081648,0.34680673,0.2535517,0.25074887,0.87075627,0.95907336,2.0931451,1.0508767,1.2382474,0.9326047,0.48100862,0.44712833,1.1673545,1.2082804,0.7391272,1.125395,1.2339888,0.236941,1.0420355,1.8985821,2.5984495,2.9519227,5.008798,22.7481,19.614662,13.8522,6.9492025,2.4519925,0.8508591,0.09298734,0.18992417,0.19941132,0.23731622,0.24543534,0.15504476,0.05981558,0.10008405,0.0577797,0.040483117,0.032191277,0.038511664,0.03143976,0.04094504,0.066666976,0.057723626,0.10857808,0.2672264,0.3101909,0.16629867,0.14419313,0.33408138,0.46703786,0.4601509,0.39480504,0.41866004,0.49049997,0.72236913,0.3426508,0.45340002,0.5405807,0.78253525,0.47476453,0.44079727,0.37485468,0.2714378,0.42835486,0.7496273,1.0255132,0.4473891,0.45138034,0.6029275,0.7692243,0.43284124,0.29369944,0.3627951,0.2519433,0.3209932,0.17993936,0.13899553,0.4855405,0.63713294,0.44186965,0.52457523,0.5666334,0.49080446,0.49205774,0.30969587,0.21776044,0.26655176,0.43334445,0.2091285,0.1126596,0.2352776,0.43910986,0.40699968,0.3117821,0.39457184,0.45583683,0.48185036,0.5880018,0.53457826,0.51060325,0.73631495,0.6179364,0.8953798,0.45031255,0.6134035,0.5972947,0.59969795,0.79418486,0.46781623,0.2623782,0.335649,0.4597685
0.16250758,0.21259995,3.8807592,3.7101512,2.463527,1.9791514,1.5379937,1.5445421,1.1418452,0.4945262,0.82745296,0.9416226,1.2567363,0.95504326,2.0351427,2.8450217,2.741313,3.7014391,6.6193986,6.101443,3.9138272,2.1243834,1.4737076,1.687233,0.60212153,0.121585205,0.22791992,0.190042,0.07343298,0.021609074,0.034833185,0.09380964,0.05330037,0.02906869,0.04241857,0.04862584,0.029040646,0.015094262,0.017553458,0.029611386,0.075287566,0.1303664,0.16272579,0.1538118,0.28052124,0.34885025,0.22198492,0.10736123,0.14087926,0.28276354,0.5839208,0.8983676,0.36509353,0.1909702,0.24763699,0.45824996,0.4554787,0.74153715,1.2177267,1.179736,1.4663025,0.9049685,0.8132061,1.2632945,0.7211948,0.52065086,0.62976795,0.7690631,0.5117251,0.4073247,0.8434511,1.0518951,0.39963531,0.85836935,0.8828547,0.70027065,0.44204676,0.7574175,0.93327874,0.67550683,0.86582834,0.45326647,0.38848892,0.6477223,1.0963432,0.85802996,0.4704011,0.6888281,1.184613,1.0854366,0.864843,0.5643125,0.6278078,0.3547514,0.21993576,0.2796589,0.59320843,1.0823082,0.7983865,0.69469064,0.838163,0.89837027,1.0055175,0.6639746,0.09687768,0.40373123,0.5104989,0.7835105,0.866914,0.43137756,1.5482497,1.4570861,1.4779052,1.1583048,1.158986,1.1644484,1.0070436,0.78275704,0.82403636,0.48814327,0.27347365,0.59311986,0.8905688,0.710632,0.27777424,0.37956664,0.4215244,1.1462296,1.4066714,0.7514584,1.3218161,1.914339,1.6109405,1.1525441,0.4349432,0.3174088,0.19324164,0.17600614,0.2311969,0.23835513,0.12190918,0.08513199,0.06617738,0.04190816,0.035758063,0.027732318,0.021229504,0.021381425,0.01582318,0.013340307,0.01733327,0.04627345,0.06538467,0.10329083,0.26010922,0.15221016,0.2562632,0.46664655,0.4871573,0.2750012,0.30014718,0.6075027,0.41866025,0.49073696,0.4719573,0.40035048,0.27084935,0.33086404,0.34467527,0.3304529,0.4129704,0.65478253,0.7739458,0.7100433,0.2608417,0.24576059,0.462208,0.40658388,0.526254,0.2831684,0.7023798,0.71174526,0.5185922,0.4578049,0.32024387,0.31081727,0.26846448,0.49557322,0.52152157,0.85967046,0.40300798,0.1187398,0.100671574,0.24926093,0.67698926,0.51949555,0.23657295,0.25907636,0.22207738,0.46770608,0.33807632,0.18083553,0.3720084,0.62727755,0.6006469,0.9155399,0.9756229,0.5904389,1.1201429,1.862076,1.9218776,1.7204256,1.8219808,1.3835975,0.83547485,0.4978843,0.82490534,0.8278714,0.8768744,1.4278134,0.115435734,0.22530097,3.5701392,1.0286081,0.75301224,0.54623914,0.91998786,0.6914011,0.51118535,0.27582324,0.41851753,1.2894304,1.1668345,0.9884992,2.2169433,2.1347032,3.327191,3.3489103,6.5476484,15.596743,13.02999,15.37373,7.712173,5.590782,0.6856625,0.3581173,0.36832812,0.24786197,0.1375948,0.13105921,0.07949565,0.16981591,0.10038155,0.02390149,0.084717356,0.07332267,0.054514393,0.050068572,0.04959043,0.11340955,0.29702392,0.30804193,0.17956467,1.0107149,1.6251038,1.2523507,0.33844736,0.21239112,1.3774669,3.3231828,1.7642548,0.3270952,0.71344036,1.8938793,1.8795979,1.061147,0.63072914,0.9113449,1.9950019,1.0430098,0.42575017,0.34770375,0.63519293,1.5129545,1.9080763,0.9711123,0.7578228,0.8520358,1.2487288,3.199405,4.5138927,1.5961322,0.36950603,1.3979099,2.3187563,2.6450336,1.3701339,1.0855577,1.4440817,3.416037,1.5750672,0.6844596,2.6179996,7.47412,9.637699,5.868901,0.5218626,1.4464465,6.656678,12.965565,6.9695807,1.6097673,8.650184,8.304921,2.295869,1.98375,1.4152433,11.779631,19.49332,7.5856857,2.5455468,1.9590224,2.2165494,1.6641337,3.0097466,5.3184657,2.9982374,2.9835434,2.3566048,2.7203228
0.39615825,0.32947353,1.3198514,1.4098923,0.86831933,1.0563258,1.7756033,1.4036131,0.5814508,0.3356211,0.4885889,0.612965,0.9827014,1.392868,1.2162876,2.5713165,3.0410967,2.034458,1.9545116,2.8883202,5.874965,3.049244,1.3888743,1.0751197,0.728151,0.26400203,0.28820068,0.44257563,0.18660194,0.11040632,0.05942572,0.06511509,0.03331241,0.023157556,0.022360746,0.015142422,0.024715828,0.037843175,0.01811854,0.020626804,0.037069775,0.06942268,0.09937935,0.16773124,0.17612225,0.20631738,0.35827914,0.20181854,0.18789136,0.2730741,0.21457465,0.2474013,0.16930932,0.11361436,0.22616397,0.64673746,0.7366069,1.1423663,0.9429951,0.4473436,0.4753581,0.62590027,0.66224813,1.1403134,0.68579704,0.5919066,0.6684354,0.7007233,0.7184293,0.79938704,0.755214,0.827883,0.25961527,0.32867974,0.33571714,0.5491765,0.57394004,0.3838388,0.3650923,0.659291,1.1649406,0.5333663,0.23919529,0.6813483,0.5102984,0.9932523,0.96977234,0.59654593,1.050906,0.5366365,0.49539933,0.27224225,0.38611507,0.48059607,0.311113,0.22327125,0.16117504,0.35421136,0.23338516,0.1437795,0.35642058,0.44583046,0.532035,0.33198377,0.14570747,0.10579521,0.54417664,0.39509797,0.3265273,0.58090305,0.51268643,0.47911215,1.4192542,1.4334353,1.6046283,1.2337023,0.8122143,0.2575678,0.44788995,0.593729,0.59674096,0.65832096,0.4267468,0.729808,0.37246537,1.1629667,1.8011122,1.3751628,1.839861,2.6533327,1.0076697,2.815412,2.5905252,1.1861708,1.2353423,1.1426141,0.5317583,0.2953464,0.19422844,0.099176526,0.080353394,0.15265028,0.1270021,0.025168082,0.02772209,0.025015334,0.018778065,0.010979739,0.0074709565,0.01320745,0.018773898,0.014207779,0.027851818,0.06539397,0.08583738,0.16005188,0.3412674,0.32828507,0.32909197,0.33689657,0.20779821,0.17603908,0.1889607,0.25804308,0.17281169,0.30555555,0.23558627,0.16166724,0.21460125,0.30968022,0.22951749,0.24935979,0.4083429,0.12760028,0.26616484,0.634741,0.46056712,0.3303136,0.39231053,0.22690718,0.4198648,0.55095667,0.1858815,0.58408976,0.5933091,0.27907917,0.2425208,0.3059219,0.267977,0.22963414,0.24573356,0.1442459,0.09654806,0.19900839,0.14949161,0.10997735,0.2026902,0.39374003,0.33399376,0.15228002,0.17278568,0.27666536,0.29999527,0.3924071,0.38818252,0.20488617,0.31334463,0.5221438,0.50606745,0.21639793,0.4744717,1.0159869,1.9679186,0.95031285,0.086439654,0.13494125,0.23862658,0.30847162,0.28103814,0.14952195,0.71377045,0.78359234,5.868815,5.179166,1.8564038,1.0277941,1.8053076,1.1505898,0.76155055,0.78723043,0.510409,0.29816425,0.3455259,0.4982389,0.9421338,1.6848661,1.573713,3.5367365,2.5736372,3.5517223,8.642579,16.644522,11.479021,1.8385012,1.0438982,0.59730583,0.39206704,0.72999036,0.34896004,0.19327392,0.16035643,0.07374018,0.071104616,0.040384766,0.020088337,0.020850332,0.04015522,0.03504699,0.049207643,0.050109133,0.052416645,0.1320136,0.25995317,0.31909257,0.11480145,0.1841439,0.56392413,0.3632665,0.45027822,0.48141405,0.34866467,0.2990399,0.110346615,0.2475584,0.28241786,0.36380494,0.30973563,0.49007854,0.88370156,0.783857,0.47606078,0.30841103,0.59132695,0.9293963,0.53240293,0.3631827,0.237589,0.5102751,0.435795,0.5097598,0.4674963,0.11736857,0.16603734,0.23504014,0.25398755,0.3004798,0.33528674,0.3094769,0.34861973,0.4037541,0.4086525,0.4051436,0.27286628,0.34124318,0.25120607,0.25311872,0.33980992,0.3491398,0.22209407,0.3452927,0.49960235,0.2834788,0.6013266,0.5146299,0.23926601,0.27758372,0.359602,0.6273194,0.74968255,0.4479452,0.3713525,0.27987388,0.6665688,0.9164958,0.6788426,0.32652876,0.5749959,0.35678613,0.3425388,0.41255364
0.9352488,1.2607656,1.9359232,3.069527,1.8191017,1.416653,0.9192038,0.5608064,0.4147829,0.34962058,0.8857777,1.5674547,1.604549,1.4913638,1.1058921,1.1998785,1.1956352,1.6965778,1.971984,3.1478288,3.8235497,2.308425,1.6158768,0.65413916,0.12687714,0.39635104,0.32330352,0.30706412,0.1128639,0.09065919,0.032188725,0.043732017,0.05723471,0.043853186,0.03244151,0.017105445,0.018780498,0.013567909,0.023130974,0.020173486,0.018781865,0.1085099,0.2571664,0.1494149,0.19359295,0.22401361,0.26230016,0.22468309,0.21249467,0.2869559,0.17206301,0.26339105,0.28085768,0.123349994,0.1873838,0.3646924,0.44388416,0.42616224,0.64559835,0.694238,0.7561964,0.81772894,0.7465552,1.2259274,0.97036177,0.5924037,0.3382728,0.82948196,0.83605325,0.69742376,0.4061417,0.36208987,0.72309387,0.8527026,0.67617536,0.61323655,1.1332331,1.2713873,0.55532527,0.36397704,0.18007849,0.25514045,0.38428634,0.4328887,0.24924515,0.27249816,0.36632624,0.34276652,0.28141576,0.54440457,0.65469605,0.7193594,0.6532839,0.4273756,0.36520493,0.22435322,0.23751089,0.37660626,0.30000836,0.3170227,0.31468976,0.19558518,0.4292389,0.42505082,0.3112624,0.45286846,0.38106248,0.31147495,0.26350912,0.21197754,1.3629636,1.1892476,1.0261167,1.1278672,0.89976716,0.9909023,1.7994618,0.9780178,0.29365942,0.47620723,0.3392582,0.28653643,0.36002567,0.9620218,1.8120224,1.4076388,1.0708638,1.0705159,2.5458496,3.4940403,3.453827,3.9125643,2.2961526,1.0148873,0.6114614,0.34005883,0.4290211,0.553494,0.14437184,0.07548373,0.11534618,0.12285054,0.100086786,0.06272009,0.059244312,0.020842306,0.02454876,0.02658821,0.01459024,0.016721388,0.038443755,0.040011935,0.036053676,0.047783677,0.09381891,0.11867342,0.14263575,0.15909524,0.1575275,0.24942505,0.36676097,0.2745687,0.31307888,0.2690982,0.52827364,0.58739275,0.26295957,0.16662341,0.2740415,0.20601948,0.2178235,0.28309652,0.1470737,0.19141741,0.2981455,0.10926494,0.35994682,0.26813832,0.35533068,0.42520857,0.31363136,0.279133,0.42691246,0.33040264,0.46926427,0.53822446,0.396401,0.2895978,0.30478987,0.23770662,0.36290246,0.20598935,0.10262398,0.25607753,0.30347565,0.35476857,0.2320678,0.54166377,0.3389394,0.16281493,0.29223013,0.37345007,0.5198131,0.5090146,0.27825865,0.3870708,0.5880066,0.6872873,0.53732777,0.3296721,0.64653736,0.68152595,0.9192362,0.61392045,0.32265264,0.22788925,0.5147259,0.27141395,0.34355623,0.6568563,1.8245152,2.0873222,1.117614,1.3682532,1.1932281,0.8918235,0.53797525,0.6405462,0.91512185,0.9424202,0.63755214,0.7031406,0.76484746,0.74612695,1.5716306,2.6206248,1.9220457,3.3008692,6.749908,8.0156355,12.262218,16.069849,8.818025,3.5512092,0.9150759,0.23667096,0.11625466,0.10647234,0.1279473,0.10680674,0.11083297,0.1071559,0.07537843,0.03651945,0.023439933,0.012414771,0.015519985,0.032358762,0.046976853,0.054652758,0.072619975,0.21834444,0.24685545,0.1871021,0.1289391,0.36723253,0.46877116,0.3836513,0.4841074,0.26545358,0.07699087,0.20367278,0.34385845,0.5126812,0.36049837,0.2073701,0.114773564,0.15200269,0.3820933,0.42937478,0.26021674,0.22157745,0.3624095,0.33715945,0.43125927,0.5798793,0.8654426,0.81035644,0.87659204,0.6297345,0.34998944,0.266472,0.27587107,0.22821096,0.5126109,0.33479348,0.34838697,0.42309606,0.3166311,0.40663135,0.5944191,0.46306247,0.2489573,0.3086544,0.39698115,0.38190654,0.28946617,0.14790723,0.22906543,0.23702271,0.26698238,0.2395673,0.24199541,0.13951655,0.08069666,0.20236234,0.1597284,0.15300949,0.23009638,0.3917991,0.55075485,0.2374131,0.6593954,0.6684036,0.481029,0.28848982,0.04291767,0.28679746,0.39292514,0.14679125
1.4658858,1.3552793,1.0946844,1.9782782,1.948538,2.1524231,2.3323495,1.3355055,1.018284,0.71596783,0.5350548,1.8612878,2.1936533,2.59307,3.0952802,1.2627616,1.2542527,1.5164948,1.3008943,2.1431403,4.304721,2.4576488,2.389694,1.8438947,0.7001046,0.29111674,0.2759475,0.29520872,0.18926491,0.06238172,0.06993033,0.07846168,0.02908091,0.031194964,0.028361397,0.026525002,0.037413724,0.018118301,0.008534037,0.054469503,0.09363961,0.12727837,0.15523577,0.17550193,0.1808855,0.28975233,0.29825115,0.14767215,0.2860994,0.25599602,0.4620879,0.5934589,0.44118777,0.3729923,0.73508686,1.1684363,0.36328608,0.6474041,1.7871597,2.0949118,0.7424605,0.34264627,0.6688809,0.49260655,0.7114043,0.74862236,0.44935378,0.91434133,0.6087911,0.5227167,0.894555,0.7817689,0.52807915,0.62859845,0.8999706,0.8478451,0.5075095,0.6204346,0.94737375,0.9000279,0.6316737,0.63389456,0.46174195,0.40624952,0.53838277,0.88970816,0.7071625,0.44156647,0.36804867,0.5402759,0.5065109,0.6818003,0.9524844,1.0925256,0.8605255,0.62102807,0.4756192,0.28180605,0.69191694,0.748539,0.46354696,0.36293554,0.33579433,0.322797,0.24166897,0.17043628,0.12585792,0.14508046,0.16858035,0.18654281,1.2622719,1.149514,1.0316184,2.3395462,2.2193723,2.1075804,1.452338,0.6574143,0.6555736,1.0454807,0.91642576,0.5993094,0.8983273,1.6014907,0.84502906,1.0017012,1.8410432,1.9020408,2.7287152,1.9320744,1.0312852,1.3708632,1.0052391,1.2771857,1.1658404,0.5039766,0.38566896,0.554808,0.2809922,0.15875016,0.09084094,0.0852713,0.06430091,0.08014171,0.032172915,0.015873717,0.03633989,0.05506275,0.075497195,0.026114361,0.025559593,0.019799309,0.05133531,0.06406597,0.07211793,0.13150682,0.20366362,0.43576536,0.33545005,0.31425256,0.25491047,0.13757043,0.2616639,0.2348645,0.31288767,0.40124747,0.20136157,0.21041247,0.22619542,0.3884326,0.5039887,0.2997277,0.35872474,0.33761126,0.35983428,0.5131663,0.29395053,0.15286766,0.33109558,0.3360884,0.40640846,0.6131912,0.6096498,0.4205747,0.2741516,0.2980337,0.33806807,0.18287809,0.11424465,0.11607189,0.12515791,0.19909701,0.23391598,0.20254366,0.32903737,0.39131612,0.26023585,0.49668843,0.5699744,0.49002162,0.58454114,0.43483794,0.71835434,0.3804972,0.17050186,0.4991719,0.47280067,0.36373997,0.8213895,0.83671266,0.61004823,0.3679893,0.8106391,1.003638,0.45077565,0.3198338,0.5364524,0.650591,0.5814122,0.38462803,1.6739936,1.4625658,5.52971,1.3830007,1.4398041,1.2295582,0.5238829,0.8436948,0.9200614,0.80242574,0.96913236,0.956195,1.3920208,1.5799291,1.6521013,1.2492996,3.0382261,3.4977007,2.7974458,6.912216,21.329647,11.215801,3.7082453,1.2073488,0.46542913,0.3478431,0.146717,0.21360946,0.27834335,0.20376134,0.047137246,0.07742354,0.07098907,0.051152878,0.060183473,0.06662502,0.057484265,0.0670033,0.082915515,0.09689435,0.12513149,0.14614725,0.1897402,0.29195854,0.27672806,0.21805274,0.34932822,0.41033798,0.26679677,0.25488445,0.44025147,0.5755552,0.7120417,0.9522274,0.44524816,0.37757173,0.5203915,0.7696586,0.9569202,0.34712932,0.6709353,0.61296386,0.2785011,0.36967742,0.53218484,0.17621031,0.38551202,0.4742725,0.24671827,0.35426605,0.5481171,0.49726942,0.43723375,0.3694774,0.2757924,0.49120438,0.46586722,0.48834825,0.25391614,0.18451591,0.5660444,0.4361434,0.18715534,0.24365896,0.27350792,0.3599508,0.38855106,0.20043279,0.18761678,0.33066094,0.4742826,0.9146781,0.83732975,0.59840983,0.47869727,0.2940267,0.38761914,0.56284994,0.44049022,0.55542034,0.38746387,0.6032253,0.9524537,0.7097718,0.9191055,0.6002174,0.15891618,0.20120281,0.40745163,0.6335303
2.1130412,3.276816,19.767677,22.942743,17.923977,10.169094,1.5479385,1.9607426,1.9511572,0.36746177,0.7021606,1.5266774,0.71520513,0.5921411,1.6598401,0.47925562,0.58811784,1.3949872,2.0367131,2.98432,3.222337,2.0334072,3.0490973,1.9374888,1.1999196,0.57616925,0.57609856,0.41039532,0.17555588,0.14029066,0.06032713,0.1071001,0.09130052,0.054222845,0.05403943,0.04212349,0.031170812,0.019516125,0.01687623,0.021626655,0.060100738,0.15524623,0.2224045,0.24199678,0.30679205,0.42388117,0.25716507,0.34620303,0.41872057,0.3511489,0.26477697,1.0490226,1.3590146,1.1109235,0.6098548,0.8648821,1.6690377,1.9314443,1.7743528,1.6411625,1.0233809,0.50171953,0.68142974,0.6145887,0.7351792,0.5300052,0.22003081,0.34024826,0.36040375,0.6130277,0.82771915,0.86462665,0.6702243,0.4911326,0.19788155,0.4077488,0.69139546,0.6216469,0.5170256,0.7440923,0.4968049,0.2852608,0.33256385,0.65839815,0.4676845,0.83731353,1.0668666,0.9508734,0.8111497,0.72993124,0.8213743,1.1294087,0.90636426,0.5764332,0.69720817,0.5600688,0.21532889,0.51945245,0.19995825,0.22420336,0.5826886,0.3514859,0.38934425,0.330596,0.29503137,0.28186572,0.12817293,0.36586532,0.3975784,0.33417448,0.42232463,0.81054693,23.845432,14.273054,10.410909,6.849633,1.8023028,0.58059233,0.43526453,0.31622013,0.3474536,0.5001464,0.3855027,0.2884103,0.3131583,0.7411703,0.8603791,3.1742327,5.926736,5.353031,8.746459,7.738922,3.4771647,1.5260298,1.2204511,1.1500175,0.882632,1.2594261,0.83104247,0.3226246,0.27385932,0.16864385,0.06985979,0.025994442,0.033016074,0.021083321,0.02095003,0.017595233,0.01842263,0.03528503,0.04302043,0.030417355,0.04367001,0.06714723,0.19759229,0.434501,0.59571755,0.60746187,0.42610875,0.6016129,0.48159602,0.3893731,0.6958033,0.61320055,0.3850172,0.2219795,0.65641797,0.9312541,0.624429,0.34889212,0.47963816,0.4270971,0.42996562,0.59429735,0.24166045,0.12813981,0.2558122,0.36635575,0.7113962,0.53213507,0.40030983,0.41336283,0.22665465,0.18669115,0.28494218,0.56106836,0.6260365,0.5225798,0.3019209,0.31983447,0.27972555,0.17410178,0.1501779,0.32140353,0.17664735,0.27693808,0.5544131,0.89599574,0.54613256,0.44641867,0.20807831,0.8590458,0.69219613,0.6789468,0.82688665,0.70337254,0.64854246,0.6348637,0.96010387,0.7991115,0.9851279,1.0001311,0.9494591,0.79987574,0.66333103,0.51458746,0.3328965,0.44941086,0.6449686,0.66495866,1.032518,1.2567108,10.982132,4.8402805,4.2778115,4.0137944,2.51795,1.177639,0.9780093,1.6183059,1.1544778,1.159362,0.85725266,0.7055281,1.2311896,2.8686302,2.9327385,3.2951365,5.546553,6.5288215,5.101095,8.928135,11.386282,3.5740108,0.7927944,0.82532096,0.3986414,0.19809268,0.302202,0.40872064,0.23638023,0.24968143,0.10467013,0.07769971,0.12506953,0.05113678,0.10392625,0.1261546,0.06392155,0.067089096,0.07866408,0.18164831,0.30907094,0.21488689,0.2025552,0.31086203,0.8533459,1.0251086,0.8736796,1.1193975,1.8789458,0.76356643,2.417659,2.560732,1.5990784,1.5911937,2.0739987,1.7176764,2.3109286,2.4787228,2.8881505,2.650531,3.610812,3.4374988,1.5294188,1.4795843,3.076693,3.2807689,1.4248334,1.2413518,1.3156059,2.1787038,2.4102886,2.0456474,1.5823152,1.1638079,1.431726,1.4193805,1.6921899,1.1734918,1.0871248,1.1334807,1.1035635,1.0992031,0.9528265,0.9347133,0.6388353,0.38840377,1.2993466,3.198415,2.2103527,2.3626242,3.8163617,3.5021698,1.6794475,1.6012126,4.402397,4.315478,1.8782725,1.2621611,1.8385556,1.6555877,1.6413586,1.2809467,1.270825,1.5115383,1.4036791,2.3096538,3.2581913,2.3211668
1.0271175,0.95905435,2.516362,1.549835,1.0159806,0.78388786,0.9952694,0.57700086,0.9594054,0.94772434,0.76279414,1.5099312,1.2333896,2.3194056,4.260262,5.8173413,3.297887,6.9377956,11.102832,19.242022,21.608875,23.189543,7.067232,1.3330268,1.1364138,0.6940417,0.59437704,0.41789424,0.11839417,0.29111007,0.14179596,0.17742404,0.19579387,0.059715524,0.054471925,0.03553203,0.055364396,0.029073829,0.019522462,0.049966518,0.10308818,0.1811018,0.2336535,0.1721683,0.22676504,0.3708951,0.31660897,0.20959525,0.13246208,0.2628384,0.3972001,0.7490051,0.73173285,0.8397544,0.53786075,0.882818,0.93361497,1.1423051,1.5462935,1.4527602,0.68895924,0.66776913,0.85608363,1.0671908,0.8244099,0.6818972,0.6309115,0.4205545,0.3647328,0.5694078,0.6263603,0.42961848,0.71419215,0.55634624,0.36203203,0.69147795,0.9247791,0.7462467,0.54615587,0.3786124,0.35525766,0.37376356,0.37751293,0.40841788,0.65621495,0.919936,0.3574502,0.3755505,0.5241208,0.47399247,0.7490101,0.89296293,0.92797416,0.95558864,0.7336403,0.61160594,0.51086825,0.6024812,0.567505,0.525944,0.535332,0.54205006,0.6775143,0.50838673,0.35487875,0.46117413,0.32908088,0.13028763,0.1278598,0.32425192,0.6734312,0.82367116,5.189568,1.0057358,0.7473976,1.2709146,0.8912729,0.7949737,0.91430265,1.1856728,0.4690305,0.63912475,1.346625,0.9590378,0.7021905,0.9755339,3.2759404,5.246539,8.133408,10.72804,13.027688,10.260704,4.6735363,2.648447,1.8792646,1.3591597,0.47683895,0.92096215,1.0540506,0.37648794,0.2171666,0.14446206,0.13425249,0.12250328,0.13326816,0.06996862,0.057821937,0.0541667,0.038181912,0.029882241,0.04257766,0.038845003,0.060522575,0.15873939,0.12510662,0.10674418,0.19009358,0.41682363,0.3811329,0.6637296,0.47546604,0.5413053,0.58011067,0.45838416,0.44589105,0.46200404,0.3490403,0.80069864,0.76457644,0.79310113,0.81248003,0.4343002,0.9255099,0.6813376,0.26043758,0.6678231,0.5863863,0.46018043,0.8191095,0.3533895,0.1298676,0.25776175,0.37938315,0.34464914,0.25465,0.358297,0.54863995,0.24346758,0.23953149,0.35208985,0.36512592,0.3361166,0.43782258,0.36202538,0.15278181,0.14877136,0.23142572,0.2295516,0.23456286,0.29141763,0.22708428,0.28239512,0.33202755,0.30051002,0.3802858,0.57353675,0.6438065,0.47234163,0.6276309,0.5358134,0.52937275,0.41245043,1.3248516,1.5049161,0.47278786,0.19622338,0.2830278,0.24910615,0.30059046,0.5542662,2.4132326,2.3435695,3.5127704,1.4811662,1.5083742,1.0587735,1.3530682,1.5494646,1.9577867,3.6345766,1.9728094,1.7648116,3.3829267,2.4411428,1.649577,4.8541927,6.253653,10.941068,21.531363,34.75826,14.576561,27.14083,10.4260025,4.5733085,1.064144,0.5958797,0.217384,0.44353947,0.4751637,0.46617213,0.30162275,0.124517195,0.14469098,0.09504975,0.13602981,0.050948955,0.055679243,0.08955868,0.08576966,0.119434275,0.07704948,0.0817985,0.13051346,0.18366197,0.13140334,0.1796586,0.3050667,0.34963644,0.40680176,0.78475744,0.7794426,0.68758607,1.0766273,1.602281,0.9908801,0.6919529,0.6533805,0.9388133,1.5470494,0.914709,0.48503348,0.40803108,0.7683871,0.768598,0.4926949,0.2710082,0.28361112,0.5455775,0.77674466,0.36795375,0.4739552,0.44568202,0.30674624,0.32244903,0.41367072,0.5534724,0.15602218,0.1883362,0.3628084,0.47885615,0.26824188,0.12888134,0.16284788,0.22629948,0.15057759,0.21512096,0.3020285,0.3334378,0.53497577,0.58828425,0.2835742,0.37410194,0.20502384,0.5854545,0.7060617,0.45703822,0.6026524,1.3448569,0.5952988,0.16767338,0.5951063,0.79833096,1.0595669,0.7696289,0.18920004,0.42176077,0.4108158,0.29407927,0.26506686,0.27915666
0.66490877,0.7387457,4.1574044,0.9360738,0.6332,1.3216546,1.8742328,0.6763707,0.48465446,0.77668,0.63464403,0.86209613,1.6703249,2.2531865,1.6523862,1.6505492,1.5566481,1.5839008,1.3358358,2.1819398,2.9620032,1.9545239,0.7302538,0.4768434,0.27906194,0.3017171,0.18817821,0.08870768,0.118006125,0.15609184,0.13703047,0.068016276,0.0429488,0.040791657,0.033221923,0.015518056,0.01228313,0.013834615,0.012971244,0.033714607,0.08620825,0.12190588,0.17279105,0.117981225,0.09416082,0.2165994,0.30348295,0.28717023,0.4423406,0.30575222,0.53276587,0.7260376,0.591353,0.2799856,0.45656368,0.7994662,1.0045255,1.2241076,1.4001735,1.69751,1.5431069,0.86603963,0.56970364,0.4570374,0.79325056,0.4250807,0.5487952,0.47578764,0.6942995,0.57251877,0.6545545,0.84677625,0.5012159,0.5321405,0.41114283,0.3878403,0.70875794,0.6698462,0.35362965,0.42136818,0.29847452,0.29932716,0.29723716,0.38191086,0.80594414,1.1217384,0.28560573,0.59259415,0.5958682,0.5830108,0.3892991,0.55912805,0.5275628,0.6283796,0.6539097,0.5341106,0.38758394,0.38352185,0.6228506,0.4225909,0.24913506,0.22434916,0.33352405,0.2389276,0.22543658,0.53256637,0.34888345,0.21601447,0.2570648,0.37419575,0.4838604,0.5024561,3.9105163,0.6871317,0.98009,1.4294533,1.1469101,1.1527672,1.0177212,1.2036155,1.113784,0.72232085,0.978762,1.7545127,1.1458282,0.95295393,0.70794106,0.8673645,2.0581362,2.1421356,1.8579608,2.573673,1.3031625,0.7683293,0.9599149,0.30395326,0.1702304,0.20457698,0.21890981,0.124151565,0.20081909,0.13524088,0.12276979,0.08190185,0.08188381,0.045931276,0.03538149,0.016423605,0.025992919,0.026411965,0.02632076,0.04681324,0.09578828,0.10785573,0.16264093,0.14866984,0.37336212,0.38763046,0.18396299,0.21592954,0.5168464,0.2442622,0.15541324,0.25687167,0.39795086,0.57830924,0.26734698,0.2994876,0.5835043,0.6663039,0.48459736,0.47890848,0.49963573,0.3217875,0.17770535,0.2553039,0.4065751,0.3302361,0.49204,0.33408493,0.48524132,0.85385877,0.45908082,0.26012817,0.19426003,0.2501817,0.23171961,0.34871563,0.34318325,0.42459062,0.458553,0.4165741,0.31962207,0.22222102,0.21325178,0.24608126,0.24415533,0.32200444,0.28588402,0.4081791,0.4301514,0.44461346,0.6552505,0.30530328,0.15220752,0.23252776,0.21151234,0.27876526,0.6515175,0.7037473,0.4364041,0.33876467,1.4109406,1.2443845,0.65403646,0.2456442,0.5392925,0.49104556,0.21956289,0.4299018,0.6861069,0.6664544,2.5474615,1.2869815,1.2653372,1.24687,0.52957404,0.29711688,1.0328993,0.5964328,0.99125344,1.6436018,1.2243656,1.7735264,2.644875,2.8029375,1.5999577,2.2769446,4.406927,9.858624,14.163333,11.159883,5.449964,0.8039818,0.76845104,0.64707285,0.54188603,0.23725717,0.104702525,0.117403276,0.09635376,0.1734112,0.15609972,0.043691512,0.055213157,0.036730878,0.032835778,0.058505543,0.09378011,0.09068108,0.141315,0.14752659,0.21430445,0.10712567,0.1903934,0.22542572,0.6265175,0.26582006,0.34849122,0.41088882,0.43289176,0.3112741,0.4688586,0.31395987,0.4622541,0.74245584,0.52287114,0.48651507,1.3968936,1.1321528,0.888374,0.65939647,0.63251626,1.0566599,0.70233554,0.7210862,0.46913645,1.0609536,0.8811232,0.43848425,0.25575784,0.42501864,0.42677358,0.2334911,0.34631914,0.32843843,0.15214126,0.32412544,0.36105412,0.3030593,0.329838,0.2687751,0.17249732,0.36515638,0.36987132,0.19427446,0.18635805,0.26136506,0.33087054,0.35030726,0.316137,0.23060633,0.620345,0.8472093,0.20528844,0.24110262,0.26252046,0.33585382,0.48108926,0.44021484,0.38488993,0.37690952,0.7401079,0.50476485,0.184544,0.30276665,0.31294626,0.42402554,0.24797088,0.2066407
0.8588947,0.9576259,3.3057725,1.4463028,0.54481006,1.5585295,1.4883912,0.4157005,0.12242875,0.41949484,0.9865122,2.8939893,3.2632139,4.0989714,4.772317,6.873492,5.016601,12.209765,17.103264,13.623193,17.214762,7.543425,2.1665168,1.9355267,1.2149189,0.4313683,0.21748345,0.5685076,0.33399093,0.46437907,0.2106927,0.14849986,0.12291157,0.072516054,0.062157508,0.10541289,0.071963005,0.042352345,0.022169972,0.065060526,0.10754829,0.06725863,0.059188243,0.07103588,0.2047462,0.43069375,0.71950966,0.63312906,0.5201931,0.41775587,0.7514311,0.7932957,0.8417628,1.1366031,1.8136691,2.284004,1.6497004,1.4397212,1.6555258,2.075262,2.3272302,1.7598287,1.5411031,1.500762,1.7431189,0.49947122,1.2327465,1.262976,0.76195633,0.9691375,0.7375429,0.68788815,0.5886871,0.52875036,0.42587936,0.6415359,0.31464005,0.45304647,0.5217377,0.37301126,0.2364177,0.31907168,0.5813235,0.4511063,0.18987256,0.47397023,0.44631198,0.6832633,0.64387864,0.45521545,0.6803753,1.1304585,1.0033731,0.610831,0.13984711,0.18587832,0.368042,0.40745068,0.4186082,0.3202296,0.37667802,0.38822204,0.4166374,0.28345734,0.1917851,0.21117517,0.23668483,0.5671949,0.36305186,0.15856951,1.0515832,1.1643989,4.075677,1.4281026,0.69108707,1.2205433,1.787269,1.139332,1.0452722,1.2935205,1.7461394,1.5649768,2.0650418,3.0577724,3.2321098,4.516834,7.3685904,17.1446,13.282299,10.864399,13.32058,12.829423,3.7056139,1.4035984,1.5253283,0.9594684,0.59632134,1.0858238,1.0720557,0.503045,0.111387156,0.32319078,0.22238077,0.17320152,0.09701909,0.11511093,0.06461729,0.1205405,0.13764851,0.07037012,0.039157394,0.060439304,0.14771397,0.114397384,0.1792077,0.17286715,0.35927477,0.32013565,0.5460026,0.8704868,0.272534,0.17405125,0.33039913,0.23610903,0.40557376,0.6872636,0.5880948,0.39691052,0.441983,0.5650275,0.47436953,0.7954964,0.47766498,0.8100636,0.46248803,0.33286455,0.25937566,0.24191211,0.31921828,0.17610568,0.23310867,0.30774885,0.18110892,0.24527065,0.33265463,0.52921337,0.5539716,0.2152839,0.1972527,0.16103046,0.13417193,0.18295166,0.119144246,0.3913576,0.44820866,0.16376601,0.26979402,0.38739353,0.12553886,0.12100402,0.20796223,0.2022098,0.4034997,0.353952,0.45348787,0.69555736,0.1797765,0.24956587,0.7402827,0.614144,0.3526877,0.53022367,2.0307765,1.5386957,0.39146054,0.4694096,0.40270618,0.4447472,0.3884795,0.45481297,0.8095532,0.93468446,3.2554452,2.837893,2.1952171,2.1501586,1.722642,1.1767942,0.66407967,1.2213271,1.3248217,2.9764693,3.18396,3.502759,4.185986,6.6188335,5.213615,11.038174,13.861332,16.245955,23.16173,20.734299,10.227276,3.5578802,1.3634185,0.97495306,0.442495,0.591169,0.3815064,0.22978188,0.22049114,0.19966342,0.21945287,0.08568714,0.09754281,0.21945538,0.14883976,0.08833944,0.17456956,0.097474545,0.06599437,0.085386895,0.15204938,0.19386432,0.2740331,0.2726027,0.45145106,0.37981138,0.3651636,0.75404996,0.47957757,0.5689125,0.73360735,0.5656259,0.61358255,0.7459724,0.4818084,0.4874876,0.5780581,1.0144466,1.0678028,0.8644818,0.97459155,0.78012455,0.67303556,0.5612092,0.34707424,0.32622218,0.35149103,0.3264728,0.42431122,0.26992363,0.39949542,0.4553021,0.39558986,0.8271826,0.39487058,0.18783575,0.2935646,0.34034204,0.36659557,0.3206959,0.31908527,0.25829065,0.13399297,0.19513878,0.30132216,0.3441368,0.51114416,0.27170762,0.32718763,0.54427356,0.70317996,0.81461287,0.597003,0.5453224,0.7370358,0.58816373,0.97631836,0.35860506,0.4141265,0.58589363,0.7469176,1.1310972,1.0879691,0.4935186,0.20798922,0.16286397,0.39965534,0.37729773
0.907288,0.99627936,3.2242823,3.3887165,1.5730199,0.8269278,1.0908206,0.8838722,0.85636175,0.74271387,0.77792484,0.95307696,0.93016344,0.6514678,0.89779234,1.2880437,1.1797838,1.8726319,1.8190613,2.8001695,5.1859202,2.678531,1.6724753,1.0439183,0.8981601,0.86262804,0.71776515,0.43670395,0.14567962,0.13183504,0.07419468,0.07164153,0.04975412,0.014299829,0.023199828,0.017873459,0.01920297,0.016026644,0.026034743,0.05766376,0.13104293,0.14186369,0.116072156,0.10231247,0.121094525,0.31563413,0.37303844,0.19454308,0.12679489,0.2129092,0.5236392,0.43017232,0.7638605,0.6937332,0.5842357,1.1376443,0.81569606,0.7122886,0.62040675,1.2865752,0.570281,0.31152847,0.35327888,0.5257966,0.99518746,1.3771002,1.0664803,0.5635593,0.35548374,0.6033239,0.4629319,0.5098393,0.75632346,0.7606846,0.74182326,0.84952664,0.8308392,0.6918705,0.48990843,0.65692645,0.47880796,0.4517245,0.45237657,0.7621344,1.0380961,0.7080297,0.34201595,0.5647422,0.5661733,0.55693394,0.26817116,0.39405698,0.70543736,0.57901114,0.28823835,0.2762162,0.25566447,0.2718738,0.2272206,0.1420139,0.20503473,0.22484358,0.3091405,0.27782318,0.20860678,0.33120278,0.2234688,0.25371987,0.3253039,0.23887572,0.6531013,0.55116004,2.6170204,1.9960412,1.8315887,0.5819717,0.5132952,0.4834966,0.18541417,0.68558645,0.90330976,0.7839637,0.65078235,1.0725275,0.5238409,0.811416,1.1653779,2.0248005,2.3540134,3.3983283,3.9076,3.2674363,1.1684633,1.2989273,0.55403763,0.16339363,0.19815314,0.4598878,0.4306595,0.17389686,0.11596267,0.050758075,0.015392577,0.023921588,0.023760796,0.02785816,0.031849258,0.024253983,0.016493056,0.017148083,0.02285797,0.027170219,0.018625606,0.06152919,0.12122782,0.19299936,0.22233191,0.1582847,0.30787274,0.20929495,0.09982154,0.21127424,0.45615527,0.5725192,0.4422829,0.69844323,0.8746736,0.8749546,0.6133581,0.22443388,0.6003106,0.66468585,0.92460626,0.5305023,0.22956118,0.5456932,0.64312357,0.5307316,0.2968743,0.44345367,0.3582376,0.25229827,0.43475732,0.28916982,0.2064535,0.281539,0.24735579,0.14170246,0.278713,0.32936314,0.13676533,0.09722463,0.1804474,0.17543806,0.08109406,0.22970243,0.39041227,0.3599716,0.2931446,0.2816343,0.35002053,0.540195,0.39567098,0.1474174,0.28688702,0.72998345,0.95415735,0.829372,0.8957884,0.6559173,0.66927266,0.6864685,0.75823706,0.93070465,0.14108406,0.121712446,0.27053478,0.5449781,0.6399603,0.4340091,1.0642227,0.9604612,3.2719424,2.2309937,1.3451388,1.2334511,1.236971,0.579878,1.195147,1.5168267,1.2484621,0.69203043,0.6456084,1.2875108,1.9425186,2.4633167,2.9854875,2.3848293,1.9393384,24.379757,33.27722,12.8750305,4.07084,1.7350464,0.75802016,0.5252663,0.23070256,0.21634603,0.19593659,0.1581055,0.10103582,0.19349536,0.12603204,0.09100832,0.07754206,0.021670967,0.038141653,0.048914317,0.06641125,0.09856771,0.18544926,0.14264235,0.23677744,0.28330466,0.21784225,0.4871378,0.74489504,0.22124045,0.33992425,0.5430874,0.5485547,0.37010166,0.33908576,0.5532919,0.5734883,0.8170416,1.0230095,0.9568379,1.105169,0.33560166,0.9168608,0.54639214,0.56559414,0.592808,0.5036446,0.5679148,1.1213039,0.9261166,0.5573035,0.3350255,0.29632473,0.40207058,0.28908834,0.2508815,0.85975546,0.75557226,0.3084562,0.2833826,0.59369487,0.75434333,0.570995,0.36798579,0.3520808,0.810864,0.55157554,0.43452466,0.64021623,0.4304403,0.47949326,0.4973508,0.26939288,0.24383044,0.3060868,0.6026773,0.51750684,0.48323038,0.116298795,0.27772498,0.47704998,0.7054413,0.7577526,0.28042984,0.9116024,0.8932907,0.467287,0.54085565,0.4571169,0.38956884,0.3761539,0.5200417
1.9846524,1.8350592,2.0525148,3.5961177,2.0185091,1.8443785,0.9769888,0.6344339,0.8923937,0.91359305,0.41713947,1.0756354,1.0338655,1.143554,1.7526469,3.4145539,3.4666421,3.9696734,4.7112727,7.1592536,10.121653,4.4768972,1.654605,1.7017759,0.5932951,0.2742266,0.3062641,0.20253296,0.10675446,0.09564112,0.11543955,0.06661751,0.055079658,0.060766056,0.077307716,0.042788606,0.04442839,0.039863165,0.035409052,0.037026763,0.108479105,0.293988,0.32409334,0.19967447,0.12080806,0.1539167,0.25823432,0.15593669,0.25594708,0.39054492,0.57878494,0.8497866,0.302792,0.34099084,0.4787553,1.3789321,2.2580698,1.8641868,1.0907016,0.39567086,1.3766363,1.1364319,1.2430084,1.3791993,0.88869435,1.0844685,1.0148709,0.97552997,0.5314795,0.8478272,1.2696879,0.97866374,0.7428197,0.30672163,0.24476758,0.35153556,0.65198725,0.55717623,0.2906928,0.6663343,0.590714,0.40639108,0.40440622,0.93522894,0.77579474,0.46016708,0.2297805,0.35716647,0.65242803,0.5140003,0.40067464,0.40905222,0.5606623,0.41902885,0.36918625,0.37481907,0.33765104,0.30557024,0.46857512,0.52392596,0.4218767,0.1545918,0.30513746,0.33628643,0.15094817,0.19577247,0.15749562,0.17596744,0.11045797,0.11107594,0.06938837,0.07038618,3.0258129,1.3503059,0.7092025,0.5253216,0.3548705,0.15824483,0.40593827,0.8711591,0.5425552,0.7161662,0.8007504,1.1936723,0.9700885,0.7116513,1.782575,1.8397088,2.238374,7.0678263,5.537344,3.5573473,2.0943658,1.5578142,1.1044708,1.0945684,0.6306922,0.9496881,0.3845939,0.07535969,0.11625016,0.108829945,0.14771172,0.07848975,0.055008236,0.046912204,0.030819608,0.01874925,0.013812806,0.011602889,0.026635986,0.02759278,0.034699738,0.09186666,0.17332917,0.12492439,0.16085696,0.3054994,0.12572928,0.33785444,0.478857,0.63712883,0.541978,0.499995,0.7405009,0.4008532,0.15798536,0.2288315,0.28523645,0.34383753,0.19386514,0.4568831,0.32114357,0.25999418,0.2601223,0.18895286,0.37907976,0.2838583,0.3165125,0.22156504,0.33117282,0.5939081,0.53354836,0.33112633,0.1193591,0.23058382,0.26496264,0.14376302,0.10353266,0.2836033,0.16078165,0.14439642,0.24122988,0.1872459,0.16818193,0.15290114,0.13272016,0.1918559,0.2753758,0.18744464,0.44486815,0.7186184,0.5795731,0.38720727,0.32481077,0.4436354,0.22379862,0.13150774,0.29149595,0.65243495,0.6494606,0.77414906,2.295203,1.1127881,0.1452838,0.23544452,0.5247494,0.35160267,0.2744272,0.19800873,0.63591063,0.63106877,4.798937,1.2145705,2.8585372,1.5812294,0.9324744,0.9115888,0.76584053,0.9590032,1.0193286,1.318789,1.2415638,1.276252,1.249183,1.4925663,2.029812,3.382687,4.4327974,12.249499,25.000204,16.10433,4.3207383,2.7194586,1.5202492,1.0489948,0.59540784,0.45470503,0.21717317,0.27698585,0.18384859,0.19180211,0.10100706,0.046071738,0.08875274,0.063926205,0.03864247,0.041149642,0.07174619,0.06570401,0.109339915,0.09149411,0.112685695,0.2939861,0.26842806,0.17316642,0.28383487,0.20979083,0.37122235,0.6380778,0.7605217,0.49222288,0.41819245,0.62719417,0.7851275,0.535689,0.5235595,0.4303471,0.479497,0.48621777,0.49749798,0.2962137,0.3153848,0.55552053,0.22296144,0.3853683,0.7475193,0.6459052,0.51916265,0.44330814,0.56657124,0.41285118,0.2837559,0.35714912,0.37615472,0.6713442,0.19187604,0.33296165,0.23634073,0.46201783,0.4444341,0.29445472,0.1956899,0.11223802,0.09996817,0.05699403,0.10279248,0.10967148,0.27981162,0.23743543,0.31707475,0.3758415,0.3359468,0.2943204,0.30623287,0.19376081,0.18703464,0.4084738,0.7147191,0.46461615,0.45400387,0.39214528,0.37036902,0.37830073,0.24662305,0.23135604,0.1889838,0.7713215,0.625244,0.26824823
0.38495523,0.4810288,1.4496841,2.4350204,1.5543993,0.5204767,0.39273286,0.6827809,0.5287601,0.4903016,0.5590564,1.1981473,1.738574,1.8218681,2.4624538,2.67529,2.8258638,4.506141,4.1086526,2.0159461,2.7795959,2.2226357,1.972174,0.91755456,0.53801274,0.43587354,0.2595508,0.109903336,0.22833718,0.2768136,0.12906334,0.059549924,0.09352749,0.064086586,0.038258135,0.02682126,0.019564126,0.016013166,0.03157412,0.047540076,0.09961909,0.09334625,0.22533421,0.12561193,0.12760253,0.28539738,0.37454507,0.44753042,0.37865734,0.6411185,0.9302289,0.6566809,0.38412175,0.30097565,0.43165782,0.528372,0.59942985,0.3155591,0.31836867,0.44403532,0.8239289,1.1472787,1.2621557,1.1076733,0.922193,0.6715957,1.2737842,1.8417398,1.2259971,1.1091444,0.7440429,0.83094156,0.91251504,0.70272684,0.8661292,0.51206136,0.38579795,0.4267045,0.47959098,0.33991686,0.25142178,0.31688502,0.469442,0.5563109,0.4277942,0.19774847,0.10232871,0.19445921,0.21211259,0.2648164,0.75665385,1.0009587,0.35646793,0.4466473,0.32889503,0.35381207,0.582751,0.561249,0.47557092,0.6766843,1.0670717,0.58782184,0.4034894,0.31529906,0.1480339,0.17559512,0.15921511,0.12583847,0.3611955,0.3579522,1.105192,1.1220832,2.391217,0.4448671,0.59521765,0.92307305,0.65086377,0.48752695,0.2846246,0.28009477,0.34406856,0.6780355,0.8433696,0.7251869,0.54448926,0.5044596,1.7798278,1.559011,1.8399076,3.867876,3.6924045,3.1779227,1.5367476,1.1137782,0.64350736,0.5126768,0.30030033,0.48778528,0.41845226,0.13538702,0.095140554,0.084535174,0.11327197,0.15043834,0.08903578,0.03298099,0.012391951,0.027075043,0.017225593,0.034941655,0.12999474,0.06904046,0.019803818,0.15444446,0.23893847,0.11002243,0.27511555,0.46509016,0.5102199,0.32609132,0.3011418,0.41539103,0.28694558,0.27605322,0.27234212,0.19215117,0.2583905,0.2738904,0.34036535,0.52904195,0.5220237,0.39863428,0.48163807,0.3944085,0.51677537,0.4258141,0.371999,0.45672846,0.7931248,0.45675635,0.27559847,0.27914506,0.16921583,0.15457907,0.14331813,0.21217892,0.45169777,0.39331454,0.36300853,0.32898465,0.29755795,0.14686905,0.09437301,0.24354349,0.246926,0.25016528,0.2842194,0.1650257,0.07086957,0.3337026,0.9333832,0.6199464,0.15885383,0.2868379,0.4414985,0.6423945,0.69469255,0.44673067,0.51819694,0.45447332,0.20919915,0.34923995,0.9154993,0.6849125,0.22365034,0.21520291,0.26059926,0.18532583,0.13290235,0.62929726,2.0083191,1.8160613,8.591254,4.983972,3.2003584,1.6811893,1.3660246,0.8253842,1.7605693,2.2934434,1.6721704,1.9546499,1.138978,0.55275476,0.97793,1.4313017,1.9585019,3.1941469,4.2586217,6.2559643,9.562789,12.142449,10.05932,2.9252925,0.68312955,0.6375504,0.43069398,0.31137916,0.31240252,0.32525587,0.22036776,0.19156596,0.08913557,0.05533288,0.10792135,0.10101517,0.066490665,0.04820932,0.042369813,0.06940088,0.08019214,0.07089422,0.12082408,0.27319473,0.3204261,0.5220526,0.5699997,0.7011113,0.5821021,0.4904997,0.6080671,0.38646063,0.2963284,0.61032677,0.55161226,0.24016288,0.36257222,0.5215472,1.1043841,0.7932062,0.31910664,0.35908002,0.46275392,0.8945464,1.2265471,0.8163244,0.5697263,0.8801756,0.7501385,0.58681023,0.20597214,0.15935671,0.44775683,0.22073667,0.21682546,0.4544684,0.27466032,0.4115548,0.7606874,0.71720636,0.37263557,0.32056835,0.2845503,0.12495481,0.41813058,0.4661508,0.3136825,0.380939,0.5652413,0.414565,0.71587044,0.8258786,0.6741782,0.7006759,0.5098001,0.57713103,0.5007416,0.7511029,0.64987355,0.75744194,1.1669977,0.774775,0.6821637,0.838087,0.33117002,0.45235273,0.13150325,0.20946391,0.63625175,0.58873814
1.2300669,1.3462117,1.0554742,0.50181025,0.6090505,0.3560902,0.47242203,0.74779075,0.98135,0.8691688,1.1207056,0.8006679,1.6423258,2.3960814,3.5002148,3.326132,2.1944308,5.107296,3.5566792,3.040113,8.76155,7.6118326,2.8142018,0.8781712,0.5251593,0.52137256,0.33296895,0.38551894,0.27099788,0.12862736,0.07530505,0.0746716,0.06133189,0.052679352,0.06424282,0.027231049,0.009069685,0.013095789,0.023069322,0.04245674,0.046841532,0.05304252,0.060290616,0.07019203,0.098221816,0.1343683,0.28913444,0.24269244,0.18534745,0.17839742,0.26812512,0.52919924,0.32295662,0.36170253,0.3902749,1.1169357,0.863365,0.6391569,1.0961547,0.8423553,1.3948604,1.0702959,0.80279285,2.3765178,1.4172734,0.46628025,0.50823474,0.29042846,0.2620045,0.4915494,0.3566923,1.0664843,1.0653975,0.55580956,0.4421193,0.23207751,0.19943656,0.45378175,0.44089946,0.28413495,0.41552457,0.29083627,0.6286323,0.7249364,0.37359372,0.5162476,0.5186029,0.5645937,0.40583187,0.38995826,0.39811373,0.6937292,0.7290762,0.84800005,0.33734962,0.3425863,0.2593212,0.3268067,0.5045877,0.41125458,0.7222838,0.29249057,0.43211246,0.26752213,0.25872687,0.29278314,0.29732803,0.36444357,0.23058283,0.1500426,1.361125,1.2505547,1.8051476,1.073897,1.0576104,1.4623047,0.64826673,0.9788237,0.4582542,0.1849255,0.4763617,0.4254076,0.5762736,0.8076131,1.3192751,1.6939493,1.5817965,2.5120847,3.1748776,3.8665936,4.329988,1.2057254,0.6576763,0.7320188,0.39746553,0.2661137,0.18619147,0.42298412,0.30468345,0.156862,0.14527,0.1516399,0.087125845,0.06409639,0.06009676,0.032755446,0.031803727,0.037087705,0.03118778,0.03349096,0.026440956,0.022866445,0.049940865,0.06008621,0.11785594,0.08446594,0.17676039,0.36306247,0.26044035,0.113140196,0.4035243,0.5656154,0.4355929,0.2075613,0.3431441,0.6011798,0.48480543,0.1626172,0.44779176,0.37955776,0.2790821,0.21559432,0.5196145,0.40796095,0.34426853,0.5896789,0.21784669,0.21582246,0.38387236,0.42274523,0.532706,0.7321163,0.548097,0.3703431,0.3901323,0.47379208,0.3758436,0.29757813,0.30142063,0.35042918,0.16985168,0.21188928,0.21026513,0.1290621,0.25338575,0.264041,0.25444835,0.17315064,0.18243682,0.17088619,0.17343007,0.23801272,0.39719746,0.50686777,0.6246912,0.7406438,0.59437025,0.4330318,0.7116779,0.798404,0.63540477,0.50815594,0.76489115,0.5995404,0.29980674,0.24487777,0.26393133,0.38170776,0.4563634,0.59460944,2.2374644,2.5726106,1.6928103,3.3820043,3.7668698,2.4348054,1.3409288,0.6788485,0.9797813,0.9419407,0.52501124,0.6752844,0.6979757,0.47204235,1.1884974,1.6665789,3.942017,2.8133657,6.529367,25.331982,33.314556,6.629112,5.955191,1.6885803,0.70237905,0.573029,0.15658213,0.2636298,0.33299074,0.25299433,0.17725861,0.15449496,0.05974129,0.03367056,0.031774197,0.013994923,0.06294454,0.085065454,0.062127255,0.072052404,0.08028276,0.07467222,0.08935855,0.109377384,0.07293294,0.08800589,0.23249504,0.49406266,0.4814893,0.30707222,0.5178392,0.5109992,0.9048556,1.1689692,0.8532691,0.3511443,0.36231917,0.49470362,0.21864335,0.2523805,0.40293124,0.7117551,0.51569134,0.51878166,0.4049749,0.2971347,0.35298458,0.7314501,0.6510492,0.4338126,0.20921849,0.22423366,0.31004262,0.2333014,0.2949681,0.2628593,0.10389021,0.14703585,0.33516693,0.43352166,0.1532702,0.2357909,0.22059263,0.28152508,0.20582575,0.21127954,0.16750488,0.24619225,0.32546836,0.24770297,0.5045094,0.44116038,0.5165299,0.16916184,0.15558662,0.3621161,0.19969842,0.27403158,0.9786249,0.77235836,0.55790025,0.60628164,0.8209857,0.41990018,0.36557388,0.44721568,0.3678178,0.2945264,0.16448341,0.15689266
5.736999,6.9832296,135.57881,55.543747,48.59885,42.938976,26.211271,13.340556,9.765021,12.436944,14.120841,8.850626,7.0222254,5.433282,4.9421177,5.610834,6.7019277,4.51801,4.8602767,4.7971635,3.8444474,3.2729795,2.7123494,3.2708325,2.3682873,2.1001046,2.0047917,1.4075869,1.173553,0.81397194,0.67092806,0.60414594,0.4678555,0.32315966,0.18261102,0.095965266,0.06685908,0.056310896,0.093889505,0.08281691,0.06721119,0.10717882,0.2006842,0.25052604,0.40040836,0.42808557,0.558053,0.72630024,0.92186075,0.8482763,0.9645787,0.9564734,1.0526122,1.1962963,1.0802102,1.1458794,1.3484124,1.3311809,1.2922814,1.5679622,1.2556705,0.86776865,0.80820364,1.0076792,1.1761669,1.0411273,0.8455997,0.58080375,0.4629653,0.77076536,0.7972848,0.66977006,0.56888664,0.50088316,0.5151356,0.63369834,0.4725558,0.4541813,0.44952208,0.45975232,0.50904214,0.62889665,0.801309,0.8462292,0.8688396,0.8861707,1.0119703,1.1515594,1.1217624,1.2238274,1.1301616,0.9131017,1.0559888,1.7126657,1.8960133,1.4968432,0.914926,1.2729042,1.1562546,1.0262347,1.160478,1.3020406,1.2434589,0.6416097,0.92408055,0.8261706,1.2371294,1.1340873,1.0877752,1.0332855,30.894041,44.492577,564.1265,114.98055,62.48206,36.04305,13.835307,25.195826,58.349335,51.01571,25.84767,12.037914,10.205523,11.681673,11.569203,15.025372,17.088505,12.46159,10.066735,10.823692,16.353828,23.768312,13.495715,8.112524,4.104066,3.8404953,4.156558,3.1794229,2.3784084,2.0471551,1.9932743,1.8209693,1.4005251,0.7676399,0.6070299,0.25964734,0.16334872,0.25722647,0.2526495,0.19730285,0.22165908,0.3380497,0.45861033,0.5440842,0.79809886,0.8997166,1.4081568,1.4458543,1.5897548,1.5006273,2.0552344,2.0757716,1.7533274,2.1234875,2.1522279,2.246605,2.7461522,3.2618618,1.8309487,1.5748404,1.7872566,1.5227576,1.4289719,1.2219442,1.1350871,1.2026383,1.0317827,1.1581384,0.99844426,0.86665475,0.5904282,0.445734,0.61015373,0.7722521,0.47492135,0.59985065,0.7311446,0.82572645,0.9005609,0.7430872,0.80178386,0.64229,0.70047903,0.75626576,0.7941616,0.8922744,0.8486064,0.9915583,1.541097,2.0021536,1.0423235,0.99501586,0.989008,1.1362066,0.87154406,0.9798921,1.5386403,1.3961402,0.9725116,1.3074542,2.186248,2.3913198,1.5598016,1.1840199,1.9284881,1.2862552,1.2080382,1.2555026,1.6324953,1.6103122,2.9088416,3.447443,22.287226,8.132411,4.60282,3.0579126,1.1874357,1.6189148,1.9222355,2.7241964,3.3935869,2.1192384,1.6961913,1.9102718,2.088644,2.0343988,1.9099158,2.7734485,4.685386,3.8699152,3.3947172,8.458967,8.585364,2.940118,1.5852891,0.8217635,0.76043403,0.67531186,0.5806272,0.37487945,0.22468452,0.23418494,0.3389807,0.20170535,0.20957778,0.16600968,0.12716867,0.11328242,0.106433325,0.08572306,0.07812476,0.09385816,0.16335346,0.23577769,0.2772653,0.5416884,0.6028094,0.46120495,0.36356196,0.49184257,0.7006982,0.37939072,0.316134,0.3130821,0.42903224,0.48698375,0.78213525,1.1732793,1.0941304,0.58601046,0.37164733,0.5813597,0.59930587,0.7153566,0.77042717,0.49152195,0.22995272,0.23323329,0.1938141,0.18802018,0.25663877,0.2066892,0.14403977,0.13571286,0.1413976,0.14897113,0.13647573,0.17549405,0.18704146,0.13860755,0.1360103,0.2423856,0.27706704,0.31292626,0.4365151,0.36997622,0.38163134,0.39547825,0.39718267,0.317311,0.37834096,0.67482156,0.5650436,0.68768334,0.5971478,0.56928664,0.5289134,0.7075217,0.69945455,0.87541276,0.43647185,0.47403628,0.6743574,0.4002548,0.34776932,0.39053887,0.8783953,0.77273387,0.85248524,0.7865867
1.4297101,1.4618298,2.6057758,1.044104,1.1259644,0.63154966,1.7426909,2.5612557,2.387165,1.5564153,1.4317368,1.1108888,1.4094478,1.3094379,0.74571085,0.78167135,0.78782487,0.20970649,0.4511415,0.32078582,0.314389,0.41104892,0.25594884,0.4022334,0.4225672,0.3237625,0.19096579,0.13063857,0.055325627,0.03649865,0.1334167,0.072125554,0.19517884,0.11774681,0.07837358,0.019181358,0.009725035,0.0139494715,0.03544352,0.018120429,0.026303016,0.054408662,0.0683648,0.1059144,0.15026188,0.19782396,0.24344032,0.197985,0.49315038,0.67331374,0.59755903,0.4316614,0.21155407,0.203019,0.18637712,0.078426756,0.28128886,0.33732688,0.24674045,0.27113616,0.45703816,0.6167241,0.20043917,0.18164061,0.34916672,0.37617296,0.28626394,0.20710626,0.18315464,0.4304161,0.3094971,0.21658759,0.15651171,0.28860998,0.21775393,0.3202005,0.19923404,0.29754922,0.23025914,0.2813688,0.20442277,0.23313056,0.28936562,0.31861684,0.26964658,0.24035817,0.20637445,0.3381326,0.5560245,0.48187864,0.472228,0.15721282,0.40951756,0.6398472,0.7827164,0.89105767,0.9825511,1.2721769,0.65932244,0.38338965,0.853447,0.694686,0.8777388,1.4387505,0.8454141,0.45988178,1.0281229,0.8924377,0.5176101,0.28908327,1.4992032,1.1855797,7.011584,3.0621681,3.097457,2.7344747,3.2373345,2.371129,4.316132,3.3227432,2.485201,2.4135735,1.4024717,0.9565501,1.5171772,1.3410424,1.2439585,1.7393043,1.5218563,1.2192031,5.375852,7.804439,3.3456779,2.7882118,2.5335455,2.081944,0.84930646,1.0463756,0.6985115,0.3596132,0.53211385,0.49458227,0.7516559,0.43841308,0.20282769,0.13288102,0.07183535,0.08410727,0.13986613,0.11252223,0.10777913,0.21350005,0.30942973,0.33873928,0.31907853,0.7316156,1.4944867,0.65174913,0.8166428,0.76227623,1.6608701,1.6645173,0.88594097,0.670437,0.3963361,0.7554755,1.6156707,1.1977619,0.5685767,0.51612985,0.7329233,0.6504492,0.79077,0.6533879,0.55328184,0.9318743,0.42692947,0.23576023,0.51242006,0.6679774,0.57300025,0.35256082,0.19887692,0.56477606,0.5637824,0.5704531,0.35659206,0.48308787,0.58742,0.34384492,0.12135302,0.48137516,0.38434777,0.22571838,0.2246495,0.28769454,0.4986905,0.7041732,1.3580931,2.9769683,1.0865211,1.0677806,0.7859557,1.1939306,1.3893113,1.5850974,1.7980429,1.7310492,1.0732492,1.0753934,1.7387931,2.3394024,1.8006672,1.33366,0.9044298,0.85268474,1.4432259,1.8015357,1.4121836,0.88081145,0.7177809,0.41950873,4.1239614,4.963181,2.8079972,2.816718,0.5343162,0.94047827,1.3705037,1.3825064,1.4075041,0.88673735,2.2118459,1.5978978,0.7986029,1.5918436,0.9173132,0.95266414,1.1650442,0.9586491,2.1205864,5.468106,5.682282,2.960929,1.3586016,0.34945637,0.2841185,0.3704096,0.38727978,0.20571308,0.117947206,0.09163755,0.106196105,0.12436018,0.086242095,0.029991109,0.0144160865,0.05101643,0.06363473,0.10740915,0.06746944,0.076500915,0.09854515,0.13124533,0.29726478,0.36210966,0.32881021,0.30552918,0.3331095,0.49420825,0.48883584,0.25870493,0.2525239,0.226229,0.111422256,0.03468914,0.47982818,1.3835938,0.8534919,0.3310957,0.5122637,0.38502914,0.25919333,0.23910211,0.43437973,0.30800438,0.23627715,0.19944093,0.33443528,0.25606492,0.1451988,0.12158956,0.13289082,0.22854373,0.22020505,0.21070328,0.19575424,0.12462349,0.13489649,0.06598304,0.15078685,0.17910992,0.24615976,0.14083454,0.3735707,0.3311494,0.21758552,0.28390497,0.35395288,0.42180756,0.27293402,0.3908565,0.21229465,0.42068106,0.32934418,0.37221545,0.43888915,0.3506295,0.32710683,0.4520338,0.4811722,0.32372478,0.4819583,1.0587013,0.86378956,0.650026,0.87269676,1.3443515,1.2041487,0.56084186
3.1689465,2.2636962,21.599453,23.534369,11.343167,3.8070586,3.5921893,4.4799285,4.1733017,3.515185,2.8827503,3.4373887,4.493157,3.0796616,1.1335847,1.0328557,1.4028152,0.71775043,0.5608151,0.7970584,1.1351241,0.8826138,0.6082953,0.47343457,0.30234018,0.42504367,0.57550675,0.22091801,0.17435609,0.2614064,0.14131665,0.08971977,0.06768243,0.06834957,0.06528471,0.035405144,0.022874832,0.0312799,0.028545424,0.018506916,0.018932441,0.06220002,0.081210144,0.08366358,0.1451792,0.12458452,0.22779003,0.3104565,0.20405084,0.25287408,0.51904964,0.76677907,0.5761036,0.26412636,0.18144658,0.19407378,0.33879474,0.31934226,0.37111917,0.60733217,0.3361416,0.3891139,0.32624918,0.34125146,0.7112226,0.57423985,0.33170822,0.3796154,0.23277193,0.3320394,0.20184627,0.15143622,0.3813923,0.3098755,0.1329322,0.11604652,0.24206339,0.2692798,0.30392304,0.44909447,0.16345872,0.30664358,0.32599306,0.42353106,0.8762357,0.6707249,0.404061,0.50889796,0.9980173,1.3218731,1.2205517,1.2013118,0.54494786,0.32081234,0.7438349,0.80266154,0.7472419,1.1264733,1.3632817,1.0311238,0.67474467,0.8887415,0.5410757,1.5279893,1.3070636,0.69613916,0.9286882,0.94603103,0.5764321,0.4730429,12.230577,8.088267,47.35012,81.69213,49.189262,8.364785,3.0688534,10.538113,11.532119,6.9842997,5.520543,11.07449,11.298708,3.042609,2.136654,5.2522593,7.2621193,5.0329947,3.8312237,3.5200498,2.5322344,2.108793,1.3142111,2.2690597,1.5709245,1.1246538,0.92499346,0.77528936,0.5180448,0.837997,0.764012,0.76266736,0.56563616,0.22867215,0.1674774,0.09564884,0.026942356,0.021132242,0.04126459,0.09762241,0.09521816,0.12472799,0.43137544,0.41251948,0.22359721,0.43354696,0.9212334,1.0256952,1.2880682,1.3033469,0.64502585,1.293457,1.2843909,0.81431854,0.9586476,1.1915444,2.9320464,3.0182056,1.190178,1.0955657,0.5386284,0.20044255,0.6650951,0.82178015,0.5368018,0.7775437,0.47548753,0.81230265,0.6631418,0.38762942,0.23391211,0.29885322,0.4839849,0.65366673,0.36176604,0.19445941,0.32344887,0.56430674,0.64030904,0.66490376,0.5717547,0.35447043,0.51840156,0.49593946,1.2582984,1.1081852,1.2722403,1.5180106,0.9495707,0.9951989,1.126787,1.0362284,0.6938165,0.47136086,0.49756283,0.89737713,1.6019118,3.3302157,3.3533895,2.391472,1.7237169,1.810017,1.4284576,1.6210828,2.215051,1.6158774,0.7551619,0.7305523,1.261682,1.160862,2.595621,2.6293304,12.130737,12.134471,4.696094,2.6164598,2.4551153,1.1040971,1.4369798,0.72894675,3.1860352,3.324721,1.0066186,1.927948,1.675763,1.1423576,1.1334776,1.1812334,1.4687921,1.1264737,1.1676109,1.9610839,2.4903092,1.017945,0.8387032,0.42277202,0.7613136,0.5835638,0.21292093,0.20124288,0.1641301,0.13792643,0.08180525,0.083943844,0.07459292,0.019088771,0.048873004,0.050394785,0.1127564,0.094642386,0.0822436,0.085393764,0.08695212,0.14642203,0.28702065,0.25821623,0.34250832,0.22950004,0.3283634,0.51911044,0.92543596,1.0598851,0.9421166,0.45467663,0.20093638,0.25330386,0.952262,1.5262984,0.999052,0.31073108,0.41976136,0.67869943,0.5934434,0.2994002,0.1885184,0.23049074,0.25011823,0.29353288,0.3705999,0.12886408,0.30375576,0.14414956,0.1359176,0.12244201,0.12918048,0.07710083,0.103977926,0.17965011,0.20343536,0.2343328,0.10655688,0.12866221,0.2393365,0.3062411,0.41067147,0.4891387,0.52520096,0.63625485,1.2710935,0.9071313,0.5411096,0.70852816,0.63624907,0.3934411,0.5225844,0.6412053,0.37855357,0.47011915,0.61867267,0.786984,0.261418,0.60965765,0.87562793,1.3734268,0.73167425,0.50967515,1.3056653,1.5813429,1.2787627,0.72245
1.1940323,1.2477518,3.285191,2.458518,2.580074,1.4884675,1.5228877,1.3200656,1.9314233,1.7356951,0.6244523,1.1705666,1.1228397,1.1096174,0.6568903,1.0893017,0.8896382,0.3557882,0.30073392,0.26660892,0.2813363,0.5788094,0.6167344,0.6424439,0.44584927,0.53307354,0.34329355,0.17711368,0.14048244,0.11824287,0.09537262,0.059431452,0.054694317,0.06576391,0.035021976,0.01584675,0.0127426805,0.005283449,0.010454772,0.014416266,0.023234513,0.057903424,0.08309197,0.05166855,0.052799262,0.08457825,0.14600441,0.25031582,0.3968955,0.44432646,0.3751261,0.18025841,0.26347092,0.48329002,0.40712178,0.6204703,0.4952993,0.19959609,0.19150886,0.26987875,0.7552602,0.51655906,0.27166823,0.4520972,0.8032851,0.5865207,0.10617479,0.3355848,0.4486627,0.589392,0.3154599,0.1576106,0.15964136,0.17351443,0.15651718,0.326128,0.16615364,0.22779936,0.32219684,0.15267856,0.22996603,0.17078039,0.37692112,0.44184372,0.25370347,0.22233258,0.22171196,0.27616566,0.62160754,0.9134202,0.84555113,0.77086866,0.40281597,0.23411709,0.48346898,0.5511215,0.4343307,1.1597897,0.8295243,0.728108,0.87711847,0.60924584,0.9324155,0.61488914,0.4036422,0.5831221,1.0289576,0.79257315,0.42552614,0.6279197,1.1986692,1.2384824,8.449516,3.618591,6.8154354,3.941346,1.9829054,3.0421753,2.3806798,3.6448267,2.0325167,2.158963,3.1357713,2.7296336,0.86871797,1.663161,1.5668973,1.189916,1.8477333,4.6568875,9.986268,8.198001,4.224904,4.7349157,1.4781935,1.3615415,1.2245154,1.0417097,0.73481256,0.4221348,0.515656,0.3717784,0.24574426,0.30872095,0.2808038,0.16427764,0.21790098,0.18710028,0.13873875,0.21121538,0.25834313,0.37308598,0.21478714,0.4187558,0.83445555,0.8468412,0.42383108,0.665264,0.7856428,1.3127475,2.1192505,0.8674011,2.3228085,2.6515653,2.223448,1.4927013,0.82716227,0.7011588,0.43448132,0.5586311,1.0878663,0.5931509,0.57111245,0.6452564,0.57622474,1.1384388,0.6077656,0.46791676,0.91242355,0.93945074,0.6514639,0.30825686,0.3728177,0.70043254,0.5687771,0.49584404,0.3549229,0.57409114,0.39855903,0.33508983,0.47688782,0.58274525,0.29917476,0.5886999,0.8125422,0.5957645,0.50667685,0.6955387,0.38643762,0.7969453,0.69439894,0.7438874,1.369578,1.5454971,0.8506913,0.86866426,1.1361759,1.9165066,1.6910329,1.1078695,1.1415199,1.5287337,1.4733993,1.045998,1.5774257,1.511044,0.9967901,0.93005306,1.2346506,1.4729748,1.8084606,1.8969855,1.7050595,1.7770482,2.6559453,3.4742877,1.0791306,1.2648345,0.5990199,1.2033328,2.3264756,2.4798436,2.3264985,1.543398,0.7417,1.7696669,1.7755989,1.7450196,2.00982,1.5190705,3.910081,7.835869,10.335044,3.3015668,1.1259886,0.41128355,0.3967748,0.19616152,0.3263221,0.25607243,0.1864189,0.19809924,0.16139953,0.110773005,0.08293602,0.09350941,0.041983154,0.07907159,0.08288344,0.05195317,0.06303108,0.10294127,0.26302364,0.36982045,0.23312864,0.24665691,0.4455155,0.50999606,0.52693045,0.47358868,0.54793423,0.619323,0.69776255,0.5655149,0.35707787,0.40138978,1.1144546,0.7392189,0.23105566,0.584731,0.88654536,1.1239401,0.44248527,0.4960214,0.8184323,0.2402714,0.21518984,0.11873197,0.20085588,0.1634594,0.043242194,0.09099634,0.071408466,0.13663948,0.12064161,0.2467727,0.22259979,0.17159446,0.16576958,0.11730607,0.14362821,0.15311114,0.054436877,0.18818103,0.42239785,0.24936391,0.37118706,0.30243137,0.24732114,0.28543603,0.4602316,0.6587803,0.48375922,0.29550883,0.3194686,0.4701858,0.50840557,0.753347,0.8086138,0.84476465,0.36341295,0.41939935,0.9647104,0.8031645,0.8190064,0.5536175,0.6832203,0.23097076,0.2813987,0.52651864
1.1394691,1.1238695,4.1342216,4.41196,3.8309088,1.5728214,1.7753824,2.51533,2.097131,1.1094295,1.3028404,1.2525932,1.0039308,1.0818857,0.685153,0.4990505,1.0288204,0.27441603,0.48038214,0.4737719,0.28989494,0.5463498,0.24675006,0.14269918,0.1322271,0.13055311,0.1375501,0.1727849,0.12164798,0.072563656,0.12600853,0.07686433,0.04918462,0.025184195,0.038507286,0.023368498,0.011457607,0.007677373,0.0110757975,0.017113145,0.018212669,0.028345302,0.044194832,0.060565777,0.11026138,0.11793262,0.26037747,0.25515985,0.50118786,0.29245096,0.13512501,0.3216373,0.27342385,0.14231943,0.09482761,0.14695774,0.4223913,0.35349703,0.23586653,0.4303823,0.33160388,0.42165214,0.3168613,0.14745471,0.13586766,0.14920284,0.21790247,0.23167336,0.27533543,0.32715783,0.1369451,0.17153528,0.20557474,0.18419799,0.19974603,0.4130674,0.40412024,0.21513925,0.21484086,0.30707157,0.26536456,0.22822498,0.3134417,0.44734225,0.5892039,0.41466755,0.40993562,0.3787358,0.2853144,0.2086678,0.28176707,0.36678502,0.42225266,0.7161125,0.6048428,1.2851099,1.1461852,0.476577,0.4994464,0.3834043,0.43905663,0.75462407,0.8958732,1.5219778,1.1289687,0.36244184,0.6965339,0.680145,0.6966576,0.7874472,2.929734,3.025869,5.6013694,2.6696134,3.5866768,2.754044,2.0948393,2.7273257,7.8729477,9.3886175,4.4491067,2.7227027,2.9382207,2.8478277,2.8557687,2.4436543,2.2373867,1.6249362,1.57714,1.9488646,2.5466065,3.0828147,2.0079987,0.81956005,1.4285424,1.9458059,1.2036538,0.95932233,0.5918466,0.5618267,0.6381067,0.42797711,0.23920526,0.2145107,0.23946755,0.0836669,0.060807753,0.056947853,0.11577905,0.15495309,0.061398566,0.08115614,0.063353136,0.06940567,0.13895431,0.20085843,0.37467328,0.35686526,1.0182792,1.1777008,0.96953404,0.91572946,0.53599787,0.73695517,0.79425764,0.6735085,1.3109065,1.3347417,0.5213634,0.64978534,0.9193377,1.0013602,1.3725724,1.3171958,0.6612146,0.6947414,0.52603126,0.84557116,0.976277,0.4535732,0.24022505,0.35969585,0.40798518,0.24832658,0.18741533,0.49251586,0.74248654,0.71975625,0.29331818,0.3573649,0.42227668,0.26492962,0.2487755,0.19974473,0.15416361,0.30873555,0.11933988,0.32010567,0.40011626,1.3513112,1.0204002,0.5987251,0.7068423,1.2494037,0.90058255,1.8560481,2.2503347,0.96983343,0.3785094,1.4998661,1.4829631,1.1177363,1.3553071,0.8518289,0.700148,1.5965766,2.3961809,1.1108242,1.0483787,0.73138505,0.36049384,0.3330492,6.0318484,3.595342,1.7126626,2.327354,3.3427513,2.8037071,2.2304254,2.3051238,0.89920604,0.8569826,0.26532927,0.5949521,0.37727007,0.84096384,0.743628,0.7055154,1.170908,0.67412895,0.7070204,0.9070635,0.7920748,1.1211665,2.062156,1.0538236,0.50895655,0.4025358,0.26805294,0.15031803,0.09812473,0.17271826,0.17461222,0.12769064,0.036100112,0.02439336,0.017591927,0.040337566,0.07545887,0.074364096,0.05165307,0.062434778,0.06272685,0.03808852,0.13078049,0.3920148,0.3290743,0.19345416,0.13834034,0.19511531,0.19387567,0.3166768,0.3172139,0.225468,0.21718867,0.3356646,0.7123559,0.6528446,0.27206445,0.18748443,0.29560226,0.5738264,0.53366727,0.33177754,0.4240519,0.36659825,0.1723301,0.1582897,0.2109896,0.1306492,0.20531356,0.059584428,0.087498896,0.064842194,0.1322538,0.11740621,0.13561271,0.14863418,0.13293971,0.12123336,0.094599806,0.32861963,0.17932607,0.0716257,0.107448086,0.15520857,0.19674085,0.34930575,0.29465237,0.10857838,0.17813,0.32434544,0.2642176,0.4197347,0.4209265,0.5562836,0.7822328,0.74486035,0.41578045,0.40348715,0.44721082,0.54395956,0.8553545,0.66258335,0.2336366,0.33635736,0.5244535,0.4221694,0.26287475,0.2929623
0.525008,0.46924183,7.8730545,2.4555182,3.3533242,2.7502558,1.9708744,1.4333106,0.99343103,1.2055537,1.0063179,1.2774378,1.3658459,1.22481,0.7086944,1.1470237,1.6409974,0.49576995,0.2391014,0.8740734,1.078593,1.144676,0.5456749,0.49601683,0.38508663,0.5172936,0.3393978,0.26668978,0.16677602,0.13237236,0.18065335,0.12998565,0.05691133,0.063128985,0.063292526,0.0227632,0.017024105,0.004682614,0.01124534,0.0104551865,0.014424894,0.030257128,0.03438013,0.05184909,0.095707245,0.18608677,0.2389293,0.18925807,0.26196843,0.13263118,0.2651987,0.24969278,0.14905483,0.12825666,0.12389637,0.18205163,0.2608695,0.23019426,0.25811434,0.39554703,0.19447352,0.23204541,0.37552845,0.25167203,0.12689397,0.17752959,0.29904822,0.24476562,0.15771967,0.09734118,0.2577784,0.275569,0.19381139,0.13630739,0.16256458,0.2900201,0.15500301,0.23967493,0.26249793,0.3922978,0.3957322,0.20708166,0.1734439,0.26242235,0.35888988,0.416856,0.66240543,0.5339248,1.1437966,1.0218484,0.3402923,0.3191364,0.54905254,0.4275553,0.4241354,1.4376854,0.6998624,1.184641,1.2793983,0.35357308,0.28189483,0.15983978,0.91587573,1.4780384,1.3733245,0.48161212,0.648336,0.57934654,0.5056643,0.33952135,6.4198427,5.596743,7.993522,2.755444,2.9827552,2.8354774,1.6472805,2.168395,1.182832,1.566034,1.8673853,1.6737063,2.4845438,3.3007002,2.116747,1.3356966,2.2093852,2.5721834,2.6533053,5.458162,10.960596,13.597233,6.7228355,5.287393,2.259385,1.4616491,1.0012578,0.6087971,0.9573105,0.7227461,0.61186016,0.35900193,0.52825993,0.28944942,0.1995846,0.094632305,0.1676114,0.3773071,0.38387308,0.23375842,0.16783422,0.4142328,0.75070727,0.8120568,0.9817521,0.41812593,0.3745184,0.49303362,0.966303,1.1971064,1.8641587,1.1610609,0.475841,0.9509416,1.2121862,1.2074177,1.2634419,1.1448932,0.96938074,0.92611897,1.5778375,1.4724951,0.84488404,0.61873186,0.38607952,0.45189518,0.61546457,0.6922538,0.76122725,0.65871954,0.15333895,0.20971502,0.27652523,0.3248733,0.54542613,0.60862976,0.42454085,0.34673974,0.27386895,0.31973353,0.3588947,0.42906314,0.41982836,0.3109146,0.3227817,0.37336856,1.0462345,0.7911547,0.33238432,0.46511105,0.61183393,0.23718171,0.2917917,0.89880985,1.1464396,1.8114591,1.2112747,1.5611415,1.5741458,0.65797734,1.195049,1.9616035,1.8046634,1.5666884,2.1632004,1.6785265,1.6605809,1.1908836,1.0802188,1.1857324,4.6605296,4.885297,2.5771472,4.7986026,1.9034443,1.0258087,1.4027983,2.4059079,2.1627133,2.2195146,1.1199685,1.5544597,1.6176418,1.8012531,1.646077,1.0590036,2.3838916,3.1789763,1.6440207,1.5848689,6.705967,27.419237,17.033619,1.6678809,2.3496475,0.7150367,0.30349576,0.32776582,0.21605323,0.28132373,0.2807851,0.18179624,0.18419556,0.12463867,0.088523276,0.04148013,0.04995334,0.074313894,0.08722515,0.09082358,0.041045323,0.14395696,0.49142087,0.5338001,0.22081594,0.5165658,0.6103209,0.23317352,0.2592982,0.35669747,0.6680749,0.6963029,0.88728106,0.81401587,0.39699292,0.76263714,1.6624229,1.0918022,0.82756555,0.64956856,0.5098032,0.6102171,0.9653286,1.0009667,1.1347129,0.5748452,0.3124067,0.39798036,0.21528813,0.14200695,0.12404322,0.11642036,0.07349718,0.12329736,0.120234676,0.094667256,0.065540105,0.10180764,0.17386226,0.17655756,0.18051197,0.10330773,0.046478886,0.11329711,0.23350424,0.22458321,0.24264248,0.28599137,0.48414406,0.44773763,0.34841424,0.5045744,0.40481946,0.2856444,0.3307413,0.33072412,0.2579838,0.36385295,0.51155454,0.5558859,0.36424482,0.13019681,0.4299039,0.6027164,0.38177153,0.28827295,0.8871873,0.88116497,1.0339602,0.80735457
0.66155356,0.5652683,7.3316827,3.8718958,5.9817977,2.9817896,2.3756845,1.8664739,1.4488455,1.2907647,0.8687632,1.1396806,2.2918615,0.878508,0.36535043,0.61438346,0.8525906,0.5096143,0.3764726,0.37379852,0.6860339,1.1704502,0.48749337,0.41425687,0.33933586,0.16842502,0.27198288,0.2761637,0.39675087,0.25531065,0.20038572,0.101894826,0.08063041,0.10057083,0.042728923,0.028667156,0.019361062,0.011874552,0.0138810435,0.0104176495,0.012417067,0.036721703,0.065068565,0.0705164,0.13008259,0.2621856,0.20737581,0.14962807,0.17001884,0.27581665,0.34670436,0.2663214,0.24412164,0.3638028,0.48103955,0.28832975,0.1902702,0.28246486,0.32920185,0.542878,0.24918318,0.2630361,0.2669625,0.41500252,0.54175746,0.16429332,0.3846743,0.5592706,0.5409189,0.49250743,0.1669889,0.1275955,0.13508491,0.18942438,0.1515651,0.20359293,0.16661161,0.10686225,0.10894576,0.16576159,0.116322204,0.1766905,0.15428796,0.39645988,0.20427042,0.13752161,0.26099208,0.49416092,0.5694894,0.43672028,0.56187534,0.49823898,0.35134187,0.33203304,0.256819,0.46965405,0.43364042,0.926173,0.9331478,0.5707429,0.41121992,0.97644746,1.5457172,1.1252201,0.62829137,0.18369816,0.36116904,0.56455797,0.6371391,0.41420817,1.1318038,1.2296064,8.450938,5.162865,3.6550376,1.9685683,2.9564273,2.1316779,1.8882769,2.4963953,2.2950168,2.1635494,2.6561985,1.5043117,1.3813497,1.8133374,0.849201,1.7153001,1.7991396,1.1378031,1.5024759,2.0245397,2.1147265,1.7217753,1.7650648,1.9228414,1.1751496,0.6840404,1.3098623,1.7659539,0.78272283,0.6421337,0.6106357,0.4512219,0.39839503,0.33872324,0.3035422,0.30869114,0.2806451,0.13967586,0.07870751,0.26570228,0.35529616,0.20333156,1.0190802,1.6740953,1.0048432,2.3065026,2.9368773,2.5150254,1.5178843,1.2006016,0.7353066,0.9312804,0.8425728,1.0544595,1.8734155,1.4394901,1.8041135,1.4863466,2.2636373,1.8985649,2.5148911,1.7297078,0.9383162,1.08081,1.0748155,1.2901567,1.192772,1.0126343,1.415301,1.0013763,1.7557182,2.1863809,0.78705776,1.0318289,0.96426034,1.2766494,0.67218405,0.76942486,1.0141716,0.59944254,0.47839382,0.78774834,0.63939255,0.5176702,0.87894285,1.2165347,0.99695903,1.1429489,1.300965,2.0486107,3.7649658,6.3205237,6.522405,5.76561,8.568642,9.706697,6.563822,6.0601935,3.7620668,3.803565,2.3030784,3.3312201,3.7670424,2.0371015,8.598414,7.982212,8.683155,8.438188,1.9836974,1.8975664,3.966792,2.397635,2.073458,1.4492453,1.1342957,3.0439541,1.9229466,0.83962667,0.9487555,0.9036285,1.2831637,1.1911994,0.6320493,0.5979635,0.42668226,0.7446391,0.5609507,0.3090697,0.43906537,0.87248135,0.66929096,0.7382153,1.0923204,0.9315045,0.7692291,0.5861555,0.4099527,0.36052966,0.31616333,0.30732813,0.31412426,0.20546848,0.09737302,0.020222997,0.01888636,0.026573427,0.022603527,0.034313884,0.04409701,0.06812416,0.09196052,0.12852123,0.28256664,0.6472736,1.2297775,1.3384184,1.2041086,1.1940526,1.3050315,0.8950595,0.671033,0.88144666,1.2159046,2.3967223,3.4791832,2.5130625,1.4646697,0.7052913,0.9133439,2.1259964,1.9790524,1.0090145,0.95495754,0.8875355,0.8262509,0.78857803,0.62963784,0.30090827,0.5937277,0.75102115,1.094574,1.3226432,1.1642886,1.949291,2.3731859,1.9576102,1.3519694,0.6849158,0.40128306,0.21313575,0.22581545,0.39178613,0.43339097,0.24686508,0.31613326,0.41438526,0.95273685,1.2886229,1.4320431,1.785061,2.9333405,3.415282,2.8633926,1.663262,0.88861424,0.57618064,0.64711934,1.0927398,0.934184,0.4390054,0.51925004,0.6561379,1.8366625,2.6063678,2.8425875,2.381084,0.7838311,0.6879055
0.86074454,1.0506324,1.797108,0.76334584,1.4976681,1.5376463,1.5844179,1.5159352,1.9428196,2.2328045,3.4151177,2.7187328,1.1431482,0.8854819,0.35369,0.42169285,0.9601384,0.67579585,0.19821423,0.2997649,0.74450374,1.6233219,1.1584512,0.77096003,0.4740839,0.25610632,0.2560603,0.13662657,0.06427305,0.07186537,0.15829138,0.1244821,0.08829253,0.11562101,0.046880297,0.02176104,0.024083212,0.017888954,0.027621781,0.018982273,0.022175418,0.029384444,0.011912913,0.040229954,0.04474648,0.060950562,0.052704282,0.11720855,0.17200351,0.20759137,0.44513008,0.4084976,0.27041188,0.32840806,0.18395582,0.19667867,0.45750836,0.37759733,0.42507634,0.40916717,0.383907,0.3976074,0.18124391,0.35457423,0.6597474,0.3885436,0.2535522,0.14270563,0.17822,0.23240136,0.1485832,0.28899467,0.20916827,0.09542447,0.13513827,0.19514063,0.24804841,0.18381894,0.14315736,0.16591716,0.15523334,0.42646718,0.8059355,0.32530063,0.121758565,0.20222878,0.21164852,0.23628989,0.4208509,0.5500005,0.3364064,0.23453546,0.5944528,0.58745795,0.56395,0.48115477,0.5414101,0.55362505,0.38733798,0.38070524,0.54917365,0.7122356,0.91888946,0.5973142,0.6237605,0.6851211,1.1655374,0.9948626,0.57835865,0.35626987,2.2180424,1.8318393,8.560769,3.299634,2.338964,1.7255896,2.20767,3.6231935,3.9284453,3.1453705,2.92159,1.6584109,1.1461504,1.4599437,1.1198273,0.8627214,1.4232602,3.0452921,3.309357,2.3541982,2.706001,3.659451,4.42635,1.3726636,0.51327235,1.5562509,0.716381,0.836009,0.7897656,0.7832732,0.6643598,0.26922885,0.15741585,0.14106481,0.07243308,0.09270589,0.07302358,0.20991534,0.18249458,0.12668873,0.13485931,0.36459365,0.29816514,0.31431875,0.26595896,0.198803,0.6629087,0.53527224,0.48466593,0.94967484,1.3048723,0.8170604,0.7010598,0.9756113,1.9409071,3.1131043,1.766191,1.0428416,0.88370836,1.0085789,1.0972942,0.73211247,0.60604244,0.41571298,0.4314249,0.7314654,0.4171867,0.370782,0.7258285,0.43156296,0.27971902,0.41127196,0.6549618,0.55313313,0.5301542,0.38197148,0.39395964,0.59099805,0.48419598,0.3151102,0.3005384,0.46034005,0.51119614,0.36149248,0.21969114,0.25729108,0.5052104,0.7471617,0.84004706,0.80942374,0.36024323,0.53221065,0.57919234,0.9129341,0.92697626,1.0958561,1.2610223,1.1183499,1.3217368,1.3474593,0.60257363,0.54332215,1.1257616,1.0484319,2.1323214,1.2976675,0.7011932,1.1946621,0.71302056,0.5352386,1.2717918,0.9391259,4.1240244,2.3340085,1.2569807,1.5131067,2.4213316,4.182508,1.4986742,2.1887589,1.9841721,1.0957156,1.274383,1.1744201,1.0958568,1.283159,0.6183035,0.63534665,0.85010135,1.3477591,1.2337134,11.027526,15.365354,3.7766757,1.3841457,0.25004548,0.50445116,0.7758848,0.20622489,0.17999093,0.2237997,0.122378595,0.115155734,0.094249524,0.032743957,0.018347407,0.03132896,0.0867982,0.118246004,0.12277844,0.06430793,0.0815507,0.1272799,0.23297238,0.25894246,0.23510796,0.4053933,0.118259706,0.116184264,0.13941482,0.29887527,0.24707086,0.15443687,0.44283536,0.3504411,0.24547528,0.46540293,0.2980537,0.2208656,0.26615417,0.4502082,0.84746426,0.5608731,0.27298218,0.5132145,0.5126317,0.19226478,0.24459977,0.27765378,0.07907133,0.100271344,0.13449311,0.016641168,0.052221145,0.09812299,0.07086735,0.07544079,0.11099651,0.122528546,0.1269965,0.1005653,0.09174726,0.19785956,0.18073897,0.1058366,0.1251233,0.17626436,0.19031794,0.16955209,0.0751045,0.18936355,0.52330816,0.46241963,0.61268437,0.19488548,0.15147507,0.3466141,0.7171009,0.4115572,0.2732856,0.501099,0.3171289,0.3450475,0.45431653,0.5363946,0.5471996,0.32351792,0.25183418,0.2796646,0.22155592
0.89740276,0.95987165,2.6102579,1.5760593,2.5663328,2.6240897,1.8317715,1.203793,0.55575585,0.7933076,1.5216542,1.5305506,1.418822,0.83317834,0.6909347,0.6113567,0.6089039,0.31839815,0.34918004,0.57670575,0.77596474,0.68099004,0.3912369,0.42412105,0.6879395,0.24024649,0.23936051,0.17106669,0.13515042,0.08880029,0.15743136,0.14956097,0.06573245,0.03613126,0.050181895,0.034752954,0.012352436,0.006469914,0.013588149,0.02163971,0.017858468,0.043185297,0.055523444,0.06768796,0.072952196,0.10473347,0.08321407,0.14371353,0.13715567,0.22092074,0.2771265,0.14135277,0.39559916,0.5137583,0.16831934,0.13932072,0.22635609,0.32209885,0.1934547,0.24296647,0.29173765,0.26670155,0.24904203,0.45440233,0.3030845,0.5237436,0.23068687,0.11281109,0.2946407,0.35285798,0.25329095,0.23912747,0.23717949,0.09069931,0.11495055,0.23617554,0.25913128,0.10818274,0.14349778,0.20506701,0.21332826,0.3414071,0.51137114,0.37988895,0.23834293,0.10480752,0.20745182,0.3170987,0.2753321,0.12335663,0.17898355,0.18252094,0.36303076,0.34072667,0.23773535,0.44877595,0.7546889,0.5023373,0.28435203,0.21877588,0.45146152,0.4583464,0.81879956,0.7710518,0.3352073,0.27447042,0.45127472,0.32440114,0.5075088,0.5017001,1.5484463,1.4476571,3.3083184,4.1412563,4.8383446,3.6915252,3.2435935,2.6255853,2.6414738,3.6488125,4.2737575,2.5805938,0.6144974,1.232457,2.2465017,1.35887,0.49314073,0.79042155,1.7240071,1.3182305,2.8904047,5.1131287,2.8384657,1.3357872,0.60010433,0.70979154,0.7118142,0.7960324,0.6349645,0.41297203,0.37731355,0.2866501,0.4127601,0.21738154,0.084320076,0.06238078,0.07565539,0.121393465,0.07045849,0.038068805,0.0976112,0.11852905,0.13139191,0.15163104,0.19863373,0.42160773,0.8986261,1.0698491,0.99666035,0.626834,0.481322,0.5432769,0.62477046,1.1883926,0.98059523,0.9130491,1.550422,0.9512765,0.42394584,0.4712965,0.54209155,0.97015494,1.3090316,0.98885953,0.60109943,0.52665466,0.38838053,0.30236512,0.46569446,0.2449354,0.13971649,0.23935604,0.13754757,0.11361524,0.21853828,0.26870608,0.13014852,0.29255897,0.2944954,0.39578772,0.51122236,0.5200912,0.48512787,0.4041954,0.23951967,0.1113554,0.23891416,0.5053123,0.49466082,0.7737074,0.71032274,0.43569934,0.41659275,0.38877353,0.2920838,0.73614794,1.133485,1.2359633,0.84082884,0.5821767,0.5062962,0.959222,1.5997051,0.9062162,0.75866467,0.41097367,0.574236,0.802429,1.1696336,1.8770121,3.8110297,4.101414,5.0773864,2.3640447,1.7047877,2.0416648,2.91648,2.895559,1.488085,1.9674367,1.345614,0.97600865,0.7106159,1.0588173,0.89308405,0.5145997,0.54371893,1.1539036,1.3064036,1.8596429,2.9724443,5.890829,3.6329508,1.8795762,1.9525137,0.3846703,0.25157744,0.3536146,0.36918882,0.122998185,0.25722432,0.1271156,0.10762436,0.10738811,0.054166872,0.026031801,0.032400172,0.05101975,0.05565131,0.028388277,0.049308665,0.07069683,0.071128055,0.082832225,0.14502347,0.3935046,0.588341,0.38669953,0.230532,0.22751288,0.15817073,0.07214346,0.14988147,0.2601781,0.15566912,0.28188705,0.62639767,0.66181046,0.32476297,0.32697347,0.5825567,0.8212603,0.54548967,0.34969184,0.30296814,0.46922338,0.2724882,0.2827559,0.259078,0.0669276,0.06107661,0.101727575,0.061529502,0.045225114,0.08650601,0.15546581,0.103045546,0.15449832,0.163796,0.14967786,0.08316934,0.14778242,0.10692776,0.10506914,0.24528413,0.23836663,0.11721451,0.2064622,0.15617211,0.29832652,0.44635153,0.39303797,0.33764908,0.3798128,0.37490308,0.30222452,0.31966364,0.3670441,0.5294712,0.6005741,0.455986,0.25395864,0.7240205,0.84745425,0.4428265,0.74002355,0.7965337,0.5493681,0.1742149,0.6193002
1.8706341,1.6027969,4.555541,2.5220523,1.3419504,2.4126174,1.8091756,1.9840893,1.9296764,0.83696723,1.9330127,2.261836,2.0161378,0.6684229,0.73961747,1.5606903,1.420662,0.43666753,0.49383113,0.743009,0.62223524,0.38168305,0.46049502,0.7972815,0.5085128,0.4813749,0.23781909,0.24830252,0.119627535,0.17571583,0.17108642,0.14884874,0.14895697,0.12433759,0.067500696,0.036357567,0.014437503,0.010441691,0.010773077,0.019773344,0.028336126,0.066300094,0.0708393,0.092315026,0.18417035,0.08795998,0.16793786,0.2462931,0.28643128,0.38578978,0.51659715,0.43770522,0.26642266,0.34942582,0.27516133,0.3513973,0.50713843,0.24254575,0.2113768,0.2383233,0.41141602,0.35251987,0.27102727,0.42877206,0.2898534,0.2454302,0.29411307,0.3776182,0.18114325,0.12475648,0.20138836,0.20280196,0.0970024,0.1834286,0.23898065,0.27947795,0.19379656,0.19216378,0.115125485,0.23419319,0.29029664,0.29648006,0.34456336,0.3977724,0.3814033,0.31571174,0.16289671,0.41363615,1.0576103,0.80343765,0.49137688,0.25444934,0.42731738,0.6251265,1.0346003,0.69041556,0.8101635,1.2286596,0.6397781,0.5035135,0.57646865,0.70569617,0.60153145,0.6951077,0.7598656,0.4133748,0.9144412,0.6731225,0.7662146,0.665969,3.176,2.5868006,11.646049,6.33386,4.4444404,2.877728,2.2117534,0.7831475,0.7977853,2.4561732,2.2874405,2.2866085,2.7345269,2.0953798,1.46686,1.4401052,1.6333982,1.3718004,3.79978,4.2677817,3.0431414,2.782796,3.1936905,1.7688036,0.63832504,1.1415987,0.5686744,1.1987555,1.0247616,0.6095904,0.42378312,0.22938572,0.31888616,0.25046962,0.17772841,0.07292809,0.08168905,0.07739997,0.0983072,0.09758833,0.057028677,0.08467985,0.16065575,0.16087486,0.30073398,0.49538362,0.7863205,0.7637167,1.1554078,0.9060536,1.1719186,1.5901225,0.7780664,0.8443683,1.2112744,0.88684684,1.849743,1.229375,0.4440961,0.38855886,0.75619566,0.6165535,1.0893513,1.0378591,0.55189234,0.53464586,0.39864483,0.5454142,0.45599055,0.35596216,0.43109435,0.38464603,0.46717516,0.18896174,0.2966363,0.22964178,0.33119556,0.4717085,0.5625098,0.7481195,0.69804287,0.63936085,0.54736114,0.5780401,0.39328018,0.29463825,0.3927502,0.6746813,0.7319938,0.8555436,1.3976009,0.62345654,0.8336957,1.1289557,1.4339975,1.5231354,2.5127351,2.7487314,1.1220099,0.63446563,1.3660549,1.8512278,1.0240613,0.39753878,2.083242,2.1947904,1.6498377,1.0621978,0.59885496,1.133931,0.42220083,0.41743642,2.8017726,1.6603383,0.68680364,0.6511108,0.9439655,1.3054048,1.6072787,2.1182368,1.0895355,0.8563334,1.0762628,1.0750512,1.2574735,0.6071827,0.61931425,0.42082262,0.68580467,0.8987177,2.041061,7.395841,9.727825,2.5420897,1.3842627,0.77499145,0.3278359,0.295505,0.6047321,0.3042423,0.1133895,0.15562764,0.07068572,0.070437066,0.046880133,0.030468395,0.030672869,0.051920358,0.062392473,0.031858966,0.051314425,0.07650213,0.086605206,0.09530608,0.27061838,0.42765763,0.8020168,0.547763,0.50442433,0.50294185,0.3222449,0.36795205,0.3590465,0.3880302,0.19587256,0.1765099,0.7763157,1.5935127,0.9841554,0.3314226,0.36750054,0.6537948,0.32206926,0.23484255,0.4664387,0.38042518,0.25847134,0.20345041,0.21648866,0.11855202,0.082541965,0.20718475,0.14281118,0.15012427,0.16584885,0.20507689,0.12308675,0.13006273,0.14395458,0.12742269,0.13162073,0.31833196,0.19927908,0.17908399,0.31270254,0.3716505,0.42707968,0.42687106,0.4403544,0.29447252,0.30062073,0.5867492,0.7192951,0.52350926,0.57470745,0.560638,0.4374529,0.45565766,0.4934928,0.5721917,0.2757127,0.17820242,0.39105278,0.34691644,0.56492317,0.6988415,0.5150285,0.49955198,0.34666425,0.48325914
1.7149566,1.3427128,5.3968573,4.465332,4.318555,3.6504128,4.5150557,3.3435845,1.7435344,1.8142073,1.29929,1.9490877,2.0006182,1.5327789,1.3400896,0.6469046,0.5722691,0.38860682,0.60318285,0.6660233,1.0947405,0.7212519,0.3635514,0.4603751,0.3676643,0.5661466,0.38078249,0.30069855,0.16751619,0.25342858,0.23297355,0.17936821,0.16733566,0.11147616,0.070394486,0.03207612,0.019160291,0.027628379,0.025018923,0.019877374,0.027206104,0.045593716,0.054874815,0.054578736,0.18902627,0.31315914,0.3943808,0.22034462,0.28032947,0.34502032,0.1653923,0.1307929,0.29346123,0.42558894,0.076302975,0.39072216,0.6189373,0.23916148,0.2569919,0.51117915,0.79065,0.33804196,0.21379915,0.31535032,0.1812177,0.22574717,0.260705,0.22518156,0.09689181,0.21282099,0.16514187,0.18866394,0.25093266,0.23417765,0.2501052,0.41415197,0.18451032,0.17919779,0.46854645,0.3046868,0.1886755,0.39800313,0.58970845,0.46841687,0.37097248,0.21408579,0.30943328,0.28716144,0.21363057,0.4840257,0.4872796,0.42759126,0.65224415,0.72677267,0.44964936,0.43172288,0.7943106,1.5425941,1.6132121,1.3173115,1.6992767,2.2265356,1.6213619,0.57752526,1.2966187,0.68681085,0.90865844,0.92533255,0.6146993,0.5104346,7.7989902,8.437457,12.429039,5.059186,8.406608,5.0303397,1.8154455,2.6442494,6.999242,8.236403,4.523927,3.6760921,1.932255,2.0152822,2.0674803,1.509196,1.5013714,1.5363611,3.111591,3.3177536,10.31319,17.57236,5.789012,0.9643359,0.7597363,2.2093718,1.7266498,1.5204306,0.84551746,0.91670156,0.42771676,0.10264203,0.33001912,0.33361542,0.31561902,0.2787214,0.27766037,0.19849136,0.11320251,0.25898725,0.21260612,0.18407828,0.1715241,0.39939255,1.3229289,1.0358849,1.2151965,1.2164135,1.1925998,1.6028011,2.1617427,1.3209996,0.62588334,0.6579933,0.38307622,0.7414569,1.8878903,1.024759,0.3657021,0.80961394,1.7319783,1.1629688,0.35264117,0.48238468,0.9527409,0.8209349,0.4726659,0.6557594,0.3961161,0.18191962,0.5586659,0.37264434,0.91493696,1.0213512,0.65727484,1.0464607,0.95922303,0.69640386,1.3483627,0.95109284,0.9499939,1.2067624,0.6209923,0.5107188,0.59120524,0.40891975,0.7742679,1.1232796,0.838752,1.3102111,1.3374108,1.2589607,0.806031,0.2321688,0.6853891,1.9790787,2.3196523,1.7816044,2.4834144,2.607404,1.9093366,2.6373982,2.459739,1.6958371,3.7037804,1.3713701,3.6196694,2.16659,2.4229631,2.7653122,0.890305,0.8172566,2.7791839,3.2425292,1.8588747,1.6923338,1.8346511,2.4840267,1.480197,2.8429785,1.5832092,0.9185793,0.48813376,0.5112099,0.86725926,0.9875454,0.645625,0.9349044,1.3865532,2.2558103,2.0572953,2.6989639,4.3976135,1.5665753,1.0553266,0.41283154,0.4330437,0.44871992,0.3564116,0.24066424,0.25887245,0.35411042,0.42093366,0.16896586,0.088148534,0.0770967,0.07070744,0.04456175,0.117474094,0.09147818,0.047551367,0.10809995,0.18555905,0.22031352,0.29840693,0.43844527,0.60754687,0.72216815,0.7413471,0.5474622,0.5564186,0.5980475,0.6105521,0.6218786,1.1622584,0.812393,0.55681777,0.66156846,0.9853263,0.7517814,1.3989645,1.0614167,0.8890694,0.3473517,0.66599894,0.55485564,0.36293727,0.5442376,0.40166283,0.12644064,0.15652068,0.23691972,0.3749948,0.48970973,0.22205211,0.24257547,0.27749974,0.15514104,0.43263003,0.38106215,0.24161309,0.6717893,0.43574506,0.42682305,0.5489539,0.8212354,0.95916605,0.44417566,0.5542292,0.7084094,0.54568094,1.0459555,1.2167403,1.7508284,1.6128234,0.92263323,0.3845468,0.9693025,1.4640495,0.84612745,0.852735,2.2376907,2.991742,1.4786124,2.417415,2.0618098,1.830395,1.9002693,1.542467,1.0344914
1.0536767,0.8252409,5.454748,4.6581593,3.9347613,1.826555,1.8228595,3.035248,2.1858864,0.8357543,2.3248966,1.3038434,1.1879064,1.116881,1.222255,1.1579608,1.0481186,0.72436017,0.5311694,0.52604115,0.45956734,0.2699108,0.31808075,0.277019,0.26634172,0.4145671,0.31893015,0.3203492,0.2619227,0.08594364,0.11272808,0.1330739,0.075427376,0.05041651,0.07004933,0.03808858,0.011582967,0.006311635,0.010568654,0.012093452,0.019797856,0.035281546,0.057854876,0.11413716,0.1561079,0.26950803,0.3289632,0.04964816,0.17210756,0.2639091,0.15634479,0.05674572,0.20567779,0.3424294,0.25275025,0.20651965,0.27046913,0.33856642,0.18860485,0.15691951,0.19227757,0.3411053,0.18395706,0.13302536,0.3757924,0.46158537,0.66522676,0.1912733,0.093094215,0.1529233,0.16656506,0.08586692,0.17078468,0.1147328,0.13644427,0.18287578,0.2432368,0.443483,0.4197178,0.29832634,0.1449782,0.50028384,0.5639975,0.28681886,0.316579,0.21052726,0.18303908,0.16411448,0.23352583,0.5284221,0.59026563,0.46963418,0.5302243,0.3359506,0.33803862,0.86637586,0.8157775,1.2333428,0.7231295,0.43164998,0.4678841,0.43781167,0.5016673,0.771784,0.9437275,0.6093752,0.84405804,1.778802,1.4749143,1.3368464,3.2664592,3.2202306,10.744339,2.4312327,5.3864784,4.22266,2.4894795,2.7338865,2.451976,1.7902836,0.99701256,1.2475917,1.6809351,1.9955193,1.3920963,1.4509728,1.1682487,1.3641164,1.100593,2.8655097,2.9049416,3.2897396,3.6917171,2.846967,1.1744474,0.97333956,0.7153966,0.75482005,0.83025837,0.6356169,0.4115252,0.4112973,0.22283673,0.11339232,0.18435065,0.15927297,0.08009186,0.13631545,0.1785558,0.12551452,0.041403893,0.15544061,0.19898,0.45351472,0.62918615,0.47030222,0.60062397,0.5908109,0.5625358,0.466534,0.5597432,0.56584585,0.5125424,0.33282194,0.22021104,1.2677332,2.4676945,1.1711365,0.42640203,0.39938092,0.62766737,0.93067116,1.1442701,0.82657766,0.73457,0.4720796,0.5058546,0.519293,0.38878605,0.4448766,0.3725082,0.28500736,0.42797992,1.0121127,0.6624433,0.48547342,0.17978847,0.17425556,0.3237965,0.43310767,0.51037544,0.99658656,0.53165287,0.6160443,0.5941878,0.9328054,1.464808,0.84999365,0.85017055,0.96487874,0.79863816,1.3409226,0.8966034,0.8535952,1.8588729,1.5059175,2.4919775,2.320866,1.7839434,1.4128369,1.488839,1.7576152,1.2129139,1.8904766,2.4186463,3.9044855,4.1664567,1.4641005,2.1904676,4.2970877,0.67058086,0.74059665,4.4926066,3.7882957,2.7334347,1.5056105,1.387205,1.5212146,1.5452746,1.6936793,1.7155395,1.6842511,1.1118019,0.7467111,1.3758373,0.9695464,0.5712114,0.99708945,0.84917426,0.81162995,0.52925813,0.74161315,0.99806637,1.0285162,0.7149562,1.1313689,0.6337156,0.5964716,0.35798994,0.16656697,0.22021553,0.19544993,0.15599841,0.09167874,0.05466217,0.084230475,0.06256379,0.065527864,0.05752585,0.012004645,0.039057493,0.05473341,0.067731135,0.0664307,0.15658166,0.2597939,0.41763186,0.418803,0.23835252,0.60782975,0.384662,0.17597885,0.4437115,0.4895728,0.66477126,1.0595677,1.6335454,1.3899902,1.130462,0.5724074,0.58017147,0.8492195,0.59709823,0.3975831,0.17914988,0.42308673,0.38458353,0.17069155,0.18496071,0.16507839,0.21375993,0.20273684,0.1463188,0.14621797,0.16904868,0.3171742,0.30888277,0.41046825,0.39927676,0.24294917,0.21050395,0.1936012,0.15228249,0.1847158,0.17208497,0.17282806,0.2586959,0.2407833,0.3350969,0.36353466,0.452224,0.4920092,0.323921,0.4771582,0.52983797,0.3754304,0.5091362,1.0006967,0.500048,1.0380733,0.37228817,0.5105442,0.82157964,1.6734008,1.9995522,1.7647657,1.2524445,0.5478407,0.70794654,1.3164037
1.899568,1.2942864,6.213084,10.920608,6.985963,2.201053,1.5068657,2.7225213,1.3075767,0.98519695,2.4639494,2.0245762,2.2332196,1.3110595,0.76743335,0.48865426,0.71208495,0.25301188,0.6059657,0.8683835,1.0924705,1.1997557,0.5414838,0.73441243,0.3523899,0.17339076,0.42960793,0.2589315,0.22641976,0.16619064,0.102241255,0.082311265,0.06981404,0.07287208,0.070800744,0.017014896,0.00554584,0.008926238,0.024065904,0.02845525,0.023397781,0.038501427,0.046479244,0.062149405,0.24502578,0.25749132,0.32929778,0.4603618,0.40350616,0.12760827,0.13639216,0.2083597,0.1817622,0.40131223,0.39222682,0.43793622,0.38117704,0.2748778,0.25679603,0.40970957,0.27931467,0.3658051,0.50662524,0.34675887,0.21767917,0.2870288,0.51034856,0.5401773,0.60007864,0.75340164,0.19301791,0.07529322,0.15599418,0.18833455,0.17367631,0.3146795,0.42787936,0.41795254,0.29375213,0.23989171,0.19997394,0.3759453,0.41569576,0.69181734,0.6519652,0.4809505,0.6351616,0.41248554,0.533305,0.73480093,0.74875116,0.33855954,0.89238673,1.4212811,0.954996,0.6715372,0.4657969,0.41433492,0.840333,1.4791299,1.3986567,1.131325,1.9190106,1.6348903,1.3108417,0.51027447,0.65997154,1.0501031,0.29625475,0.28274786,6.693894,5.9317293,6.1451073,5.28182,4.5973873,6.9938617,5.9403157,2.3378162,1.0115548,1.5666447,1.6997966,4.4102554,4.784245,3.4943178,1.3592256,1.6330744,2.8850667,3.0858426,1.8354826,1.8109705,3.8396,5.37253,3.0574622,2.155713,2.0381958,1.533333,0.5628361,1.2253361,1.6580017,0.96931994,0.2988866,0.2641021,0.32669857,0.3434906,0.52134365,0.23694319,0.1331712,0.13823989,0.11110379,0.10212209,0.15203853,0.4258707,0.4623458,0.65016234,0.8011039,0.6865183,0.77728635,0.78950274,0.64940906,0.96554524,1.8622154,1.2793533,0.60557556,0.82794994,1.1967894,1.5351077,2.230316,1.8098253,0.45958173,0.62019145,0.7081748,0.78536445,0.84539133,0.8301402,0.65372807,0.82761085,0.42249176,0.6755592,0.87355685,0.6676633,0.2226672,0.14249451,0.64150393,0.973586,0.54373556,0.51546884,1.1548667,1.2502033,0.6805804,0.27205598,0.26724574,0.6283399,0.3990744,0.28031203,0.38316634,0.75116825,1.2874197,0.7240585,0.52532846,0.6794787,0.40519714,0.5602365,1.5995184,1.6764758,1.5534903,1.5729069,0.91790026,0.6875552,1.1881895,2.8248003,4.1532564,4.669982,4.033906,2.6048021,2.795151,1.4540927,1.2983932,1.5167463,1.2469862,0.82403284,2.627203,2.534746,4.171289,7.8812284,6.65466,4.2144513,3.1656604,2.3987658,1.8775306,2.2110777,1.748225,1.2849004,0.9639189,0.97803414,0.94043607,0.9143223,0.74004686,1.0472465,1.882141,2.199455,4.4797425,5.3358464,5.8399835,1.9377578,1.2408166,0.62635773,0.30891857,0.4920887,0.66833436,0.30164114,0.21688972,0.1454987,0.026775122,0.1096368,0.040759712,0.03228164,0.0682504,0.08886069,0.06445619,0.056460537,0.052717827,0.13338703,0.25434726,0.23745704,0.3808154,0.7522823,0.66941637,0.5848105,0.4505482,0.67696655,0.6526316,0.20702274,0.3312834,0.5348195,0.56734455,0.3016701,0.66083455,0.58305275,0.71066344,0.49760777,0.20782894,0.21618068,0.6416153,0.52061987,0.40465543,0.50181484,0.33063126,0.37492037,0.27286562,0.27033833,0.17694606,0.10767895,0.07076451,0.049167316,0.17887457,0.2724013,0.21160582,0.2496812,0.24055468,0.23766983,0.28867704,0.28015614,0.20534737,0.26133627,0.1382799,0.10569691,0.37394187,0.53696775,0.5604224,0.2949263,0.25577888,0.22582316,0.36606,0.5995347,0.18106148,0.2675694,0.56054986,0.67340994,0.87699395,1.2346834,0.49732834,0.71960056,1.2166051,0.91806346,0.5839717,0.3992717,0.57205087,0.8920139,0.54899025,0.5175067
4.3720393,5.0588737,21.103428,8.975684,6.978116,4.7018085,3.543367,3.1660423,3.0757492,3.3113227,2.8060637,1.1964068,0.27741152,0.3901784,0.5156013,0.73500985,1.3207704,0.80574584,0.525049,0.36789575,0.65368026,0.48425066,0.18274134,0.2615455,0.45231384,0.7061042,0.5646717,0.24711318,0.12827806,0.059028387,0.1194231,0.23775119,0.13100496,0.10124853,0.04119915,0.030454265,0.030152753,0.01599275,0.020565432,0.015958894,0.019042898,0.039747834,0.08178226,0.11070842,0.15989338,0.22863966,0.2092902,0.19371928,0.33503318,0.4345975,0.23183843,0.36035094,0.49820587,0.4411961,0.64439774,0.58318174,0.3595467,0.38256544,0.46353835,0.32299212,0.5911798,0.8893833,0.33349934,0.25289515,0.62859404,0.46467134,0.2720937,0.16197495,0.3171281,0.45122865,0.13206401,0.21309699,0.35802722,0.32196277,0.33569238,0.36003613,0.12871997,0.2258283,0.14734271,0.6044912,0.6228694,0.41013822,0.79762876,1.2439822,1.013454,0.35822654,0.28838593,0.29396704,0.5734691,0.5016558,0.6639226,1.124243,1.2828424,1.464103,0.983641,1.125965,1.2019558,1.1784853,1.970871,1.5156906,0.55726576,0.3535214,1.2120278,1.9677354,1.4997821,0.45408386,0.60541993,1.0258143,0.696553,0.8741956,3.3795698,5.4486594,34.628265,16.738653,11.208623,6.1768804,4.159222,4.9086423,6.943952,4.923596,5.56352,5.1864524,2.8217213,2.498316,2.2030692,4.3224664,4.5593834,2.2193227,1.4441745,3.3016574,3.052632,2.9716427,2.6260574,1.9707171,1.6275709,2.801095,2.9333434,1.520896,0.48816702,0.43108505,1.0231749,1.1877128,0.4117265,0.12750347,0.11080016,0.09979225,0.12596375,0.07473089,0.057211142,0.11180803,0.08782476,0.10481037,0.13421984,0.32868907,0.38963142,0.57791877,0.30856884,0.042448904,0.97709334,1.7265302,0.83130425,0.82455355,1.1146456,0.90134436,1.104201,1.5035733,1.0908256,0.6189967,0.6322452,1.180568,1.3977143,0.9865258,1.111728,1.2302715,0.69985896,0.75937796,1.0749192,1.168698,0.9888011,0.6851087,0.3801309,0.5935182,0.4366848,0.3565449,0.5075178,0.49588224,1.0926929,1.7176322,0.56845003,1.1403962,0.7962832,0.5646333,1.1558717,0.9664783,1.1799105,1.1733385,1.5996938,1.1804061,1.1348288,2.0944326,1.7378052,0.8683353,1.3885478,3.4235575,3.1728146,2.7313483,4.1508393,3.8834157,4.0652213,5.47616,2.0532844,4.4235015,4.682607,3.8991454,5.3446875,4.0807304,4.6210585,0.8530774,1.5791531,2.4545634,2.6724167,2.524589,2.7067976,6.870031,3.7545261,2.7393801,2.1788447,2.5895226,2.4493861,3.2062767,3.056397,1.493217,2.12113,2.124819,1.5279757,1.2181319,0.45012754,1.8507394,2.0443163,1.3195716,1.2194381,1.1340394,2.155106,2.1058617,1.6723175,0.72132576,0.38199192,0.6580905,0.32422307,0.09734941,0.113196746,0.17628387,0.15721501,0.09041975,0.04766292,0.039866634,0.05974326,0.076680824,0.05051932,0.036153585,0.02707914,0.08026417,0.1594277,0.08566925,0.096255004,0.19233549,0.3018141,0.34568432,0.29687253,0.4290111,0.26562843,0.4321662,0.3442453,0.32696068,0.21400635,0.37766027,0.728034,0.66947865,0.5672758,0.30444777,0.58030105,0.6605057,0.60506773,0.6534468,0.89816946,0.49588767,0.33699548,0.29048514,0.2508543,0.19261183,0.16890736,0.081077136,0.13294046,0.20964971,0.22948873,0.22360863,0.26186478,0.2576684,0.22700566,0.058171127,0.06052773,0.28438497,0.3400685,0.13624792,0.17589769,0.16892403,0.3473756,0.57367045,0.48756218,0.40599078,0.53021836,0.6989222,0.77064073,0.7186151,0.7408297,0.55537146,0.45206797,0.5997445,1.1497779,1.5768259,0.7056013,0.78518856,0.79221153,0.529216,0.45156142,1.0532564,0.66966796,0.98619473,1.242761,0.58175135
0.7278758,0.8339697,6.1159687,4.873881,3.4705853,1.7489715,1.5580454,1.6617316,1.838758,2.049309,1.2924048,1.8219829,2.2462237,1.9908137,1.4292382,1.0529956,1.2770386,0.7865829,0.4136231,0.8670832,0.81668806,1.5911076,0.8297637,0.8268593,0.37712008,0.32929093,0.45312327,0.50851715,0.24982697,0.27813268,0.34259117,0.13982783,0.16370967,0.12936783,0.11599945,0.052328404,0.034417365,0.013454742,0.017614871,0.022411028,0.022363396,0.028055985,0.05111176,0.06983352,0.15902366,0.19499594,0.23981021,0.14954978,0.16392104,0.27980003,0.22477578,0.17417337,0.18929774,0.19422573,0.20750853,0.21750294,0.31984928,0.30769035,0.3855248,0.7690061,0.5083285,0.44384697,0.32993212,0.42084187,0.2551153,0.09300588,0.44580927,0.4493075,0.17470272,0.24579851,0.36368626,0.266083,0.18028855,0.09615363,0.16174611,0.34573972,0.10412465,0.22589028,0.31662685,0.22707865,0.102251984,0.25882635,0.57796097,0.51418144,0.5173554,0.29348075,0.185448,0.3151623,0.26393333,0.44835562,1.0960631,0.7292247,0.5485833,0.9374382,0.83684224,0.9546213,1.021738,1.9599382,1.4693214,1.2919074,1.3513166,1.1840994,0.8130117,0.45786363,0.63837975,0.4589582,1.2527105,1.0439652,1.5988963,0.6351385,1.8535976,2.0911088,9.701574,5.139026,4.9906416,6.5199833,8.023525,4.573926,5.8358493,4.6436563,3.6142557,3.1154206,4.1603255,2.6626458,1.6727847,2.0473442,3.4659266,2.0479686,2.138397,5.243109,2.6524258,5.8067656,6.4019537,2.5991418,0.89911824,0.8267904,1.3156599,1.2839553,0.6629077,0.6962285,1.1125401,0.9981978,0.9688809,0.5908439,0.7502061,0.46310145,0.3953744,0.14634643,0.07875811,0.14072295,0.1754232,0.22330604,0.21059039,0.3269663,0.524878,0.5750008,0.9032782,0.7499355,0.8509095,0.8250018,0.6906268,1.2033311,0.89065284,0.8650627,0.6400186,0.6828942,1.466622,1.4884275,0.8066416,1.4810334,1.5033655,1.0111986,0.5779033,1.070508,0.87222373,1.5072033,1.1839222,0.9255592,1.2749488,0.8579343,0.30649233,0.35452726,0.4156975,0.37246934,0.6065138,0.47623146,0.76380867,0.838692,0.5358277,0.21833436,0.32466254,0.70150524,0.62908655,0.12396847,1.0225885,0.7481097,0.34415835,0.384707,0.60180587,0.98224276,1.4292786,0.6001752,0.23795336,1.0027908,1.3371985,2.3216226,1.3311794,0.8000011,0.94736683,1.917459,1.797578,1.6952871,1.1816787,1.4091799,2.0254753,1.6053393,1.2062325,1.0440172,1.6968054,0.7498753,1.5744737,1.4318585,11.526107,5.126124,2.0115302,1.5762244,1.3857653,1.0812764,1.367767,2.0186508,2.8296888,1.8601615,2.4017324,2.3148007,1.4425663,0.8906918,0.7221026,1.1689641,0.6917654,1.8805758,3.6311157,10.064785,11.938551,7.777831,2.3950117,0.611722,0.793451,0.6898958,0.11179874,0.547993,0.4647689,0.13497552,0.34451416,0.23508263,0.13130085,0.1319328,0.06816959,0.05240969,0.05070525,0.08890488,0.07752746,0.07462266,0.13561003,0.3995686,0.67472607,0.8990748,0.69323117,0.54326296,0.53609455,0.49187252,0.42845058,0.29352334,0.428862,0.36442384,0.11977156,0.34594184,1.0270096,0.7223795,0.75771093,0.6606511,0.3491064,0.72325945,0.5794283,0.4761455,0.65322685,0.6066053,0.403721,0.32235926,0.26424316,0.53095865,0.31521258,0.13437805,0.06996273,0.16230433,0.33477783,0.17042002,0.2120585,0.4063153,0.28822362,0.15668665,0.059298307,0.17162302,0.19256534,0.21192178,0.40679127,0.55107087,0.29586086,0.23648581,0.4663216,0.942192,0.495622,0.53235567,0.5302739,0.42767122,0.54075813,0.6297998,0.8346097,2.0199406,1.229448,0.90128016,0.4213847,0.79736966,1.2975254,1.1761651,0.8588254,1.1878587,0.6748871,1.1271292,0.6159757,1.006074
0.79022515,0.8714267,6.5664096,2.5964074,1.554985,1.3363502,1.3607665,1.20363,0.87715656,0.98961043,1.438438,0.78060263,1.4621557,0.8136852,0.46806836,0.5239643,1.3520186,1.0274669,0.33449087,0.43947512,1.0050033,1.4861486,0.43869504,0.34564683,0.3184147,0.24104276,0.15854965,0.1875769,0.2991803,0.11131527,0.14513707,0.21377553,0.21519564,0.062466484,0.045983266,0.046685547,0.019632114,0.012499321,0.03689066,0.019297399,0.012241768,0.048439346,0.10748374,0.07631666,0.10417857,0.08346971,0.11780455,0.18263745,0.11965523,0.16324255,0.19231686,0.18427451,0.20909242,0.3611638,0.22685105,0.19442587,0.38245067,0.22296132,0.16428965,0.4037917,0.4880173,0.5489035,0.5930588,0.3207686,0.46632537,0.62208676,0.3619052,0.14653666,0.08949111,0.15237425,0.113823175,0.064313,0.11698866,0.111254364,0.103152014,0.1706243,0.09578839,0.08072913,0.10631217,0.1061961,0.1131884,0.44026914,0.33465806,0.1788386,0.2544958,0.22793561,0.20367832,0.36621118,0.2914851,0.5189697,0.4581892,0.2807288,0.3848606,0.52846605,0.7449687,0.9034729,0.78246564,0.9806185,0.81109744,0.33524296,0.18417083,1.1802199,1.2827449,0.82428557,0.3295836,0.34199226,0.62785965,0.7446537,0.62631774,0.5443559,9.995155,9.399831,11.223516,4.666351,9.249027,8.826562,4.4297676,2.944396,3.4529204,5.8867664,4.6240907,2.674268,2.3983543,0.98403746,0.9397835,1.1815324,3.6238072,5.297341,3.7789776,2.779376,3.704913,3.4937942,3.3644664,0.7315224,0.42929804,1.0177768,2.1483307,1.7970707,2.299399,2.5096395,1.3159469,0.20104647,0.7799853,0.7775751,0.4296739,0.09769059,0.07542219,0.23696485,0.22264314,0.15021576,0.12502266,0.19917883,0.2000569,0.21901095,0.48468962,0.6204715,0.6384914,0.9999094,1.2186911,0.5833859,0.57739884,0.50334746,0.3440906,0.7250212,0.74328613,0.48681486,1.0541945,1.0544475,0.61372423,0.5544321,0.7821717,0.5496137,0.5230842,0.50170344,0.42286262,0.27161336,0.42833358,0.42732552,0.34490776,0.39210632,0.1663629,0.20049173,0.22224739,0.20420869,0.17764382,0.2587704,0.28089368,0.3620777,0.32771292,0.27862385,0.801776,1.0922434,0.8206605,0.44650126,0.31105712,0.5041932,0.5700479,0.76317465,1.0263203,1.0546384,0.6556962,0.6177565,0.49425104,1.1335819,0.89941067,1.3563915,1.6189784,0.4648281,0.9288913,0.995859,0.9271504,0.9904957,2.041306,2.148327,1.0403863,0.85534585,0.528591,0.6113339,1.088852,1.385387,3.7122836,3.3156981,7.0532985,3.0478492,2.6704843,3.1298304,1.5572618,1.3008617,1.1476928,3.0347548,2.6953256,2.2946591,2.6815977,1.2178566,1.2676965,0.78824514,0.2761671,0.69851696,0.8720804,1.268818,2.1169498,1.6773503,1.2693576,0.49084586,0.40147376,0.4313131,0.27098283,0.08388797,0.3149277,0.3426787,0.18538737,0.06887914,0.15231434,0.09244956,0.07377134,0.036078416,0.02614882,0.025111696,0.059848525,0.042534247,0.033603303,0.059675556,0.059021633,0.030124227,0.08075477,0.1801439,0.22544172,0.19536185,0.23912245,0.28857213,0.19569914,0.31923628,0.35105392,0.24842823,0.13277048,0.13993871,0.3580173,0.9904911,0.5404098,0.23070458,0.08476591,0.32728368,0.5140567,0.54030323,0.44123304,0.35175025,0.14457491,0.072398104,0.19319722,0.108371854,0.052078594,0.03712902,0.08252334,0.08263116,0.08937522,0.1198751,0.054941423,0.09902179,0.12503602,0.09761802,0.21827658,0.20334919,0.062200777,0.08689908,0.22585222,0.17140934,0.14528859,0.19676502,0.28767478,0.34086862,0.2561542,0.5184137,0.4926455,0.53157705,0.25373068,0.19399945,0.2821219,0.47146848,0.7276064,1.0119884,0.5065214,0.5374878,0.8175711,0.6514152,0.30579427,0.35171923,0.47244033,0.87320584,0.9426559,0.47324964
0.70102,0.6969598,3.8367252,0.89169717,1.308085,1.3623762,1.9934553,2.630957,2.7121134,1.7854633,1.6640968,1.3584015,0.9799547,0.75168854,0.6435343,1.1094449,1.1813086,0.85825306,0.26364225,0.7485197,0.6875215,1.8129396,1.2542104,0.7158166,0.32893166,0.61401945,0.28094977,0.22798496,0.26578596,0.24347736,0.08271108,0.18493831,0.08667938,0.049393907,0.037288424,0.015613234,0.011235727,0.015392899,0.0351304,0.02212689,0.007735606,0.027408343,0.05165845,0.0910179,0.12135444,0.18371044,0.26344573,0.17540425,0.2722739,0.20881747,0.15574092,0.24791262,0.17747131,0.18584457,0.1439583,0.39477724,0.776365,1.0384958,0.34815854,0.40974918,0.35740507,0.3027528,0.30525523,0.21353671,0.26376873,0.31719062,0.34886184,0.1896268,0.24944535,0.3390687,0.48057607,0.2827846,0.25567874,0.05170896,0.17642035,0.33703938,0.2799863,0.18142667,0.1461163,0.14281672,0.076558515,0.14490089,0.38008955,0.5105644,0.32163933,0.26261297,0.42944348,0.35634178,0.37303805,0.71748084,0.44062486,0.27187967,0.6995366,1.0032696,0.9127268,0.67022926,0.8636723,0.95596695,0.5457687,0.48504424,0.6070927,1.0274261,1.1459612,0.6512688,0.5082391,0.41432968,0.5714796,0.97552806,0.8330816,0.61296046,6.409387,5.7924976,7.1983275,5.027122,3.1533678,3.5889592,3.51069,2.9899294,4.577937,4.0018296,2.9368045,2.8262482,3.2113888,2.3951674,1.5593592,1.0825492,2.3986044,3.1874564,2.2921097,1.5959101,3.8520775,5.1775217,1.3713253,2.1695056,1.0633124,0.5193935,0.40155753,0.83133525,0.9691942,0.7296149,0.3245652,0.2777565,0.31409696,0.23904262,0.35427195,0.23927896,0.20943475,0.2730067,0.23617734,0.114005126,0.099135846,0.250206,0.23246036,0.30235028,0.21513805,0.2967025,0.64878434,0.87602156,0.46437195,0.44151127,0.837928,0.50997746,0.30116498,0.32103452,0.50523597,0.6954276,1.0107392,1.32583,0.46933398,0.5791608,0.44971186,0.46580717,0.39798644,0.5895853,0.65057385,0.83852196,0.40991527,0.39883882,0.8566805,0.7289599,0.6455069,0.7123374,0.5368068,0.36029068,0.22255716,0.2942549,0.20063308,0.330955,0.41128972,0.2898362,0.34133044,0.28687564,0.31771657,0.43293688,0.45383286,0.27744818,0.7439351,0.75835496,1.0220534,2.083082,1.5383439,0.73123974,0.7194623,0.5928602,0.44660687,0.88592124,0.74766934,0.9763118,2.2581422,2.2200155,1.2346197,1.5979828,1.6002077,0.89656216,0.96268094,0.9044369,1.4155807,1.446755,1.2024684,1.363346,1.0724132,0.99034184,5.490598,2.1435213,1.1831784,1.6269894,1.6191,1.5298587,1.8636365,2.5188332,1.7294849,1.0026393,1.6766546,1.6971251,0.8442983,0.82472193,0.8427968,1.6952122,2.30463,2.0811179,0.6999786,0.96856415,2.2539248,1.7807901,0.6969339,0.3792328,0.43365878,0.3895869,0.39865616,0.26647508,0.119326994,0.050715543,0.07987564,0.05534883,0.03688232,0.030934414,0.065778606,0.03013596,0.029908208,0.03878465,0.019821532,0.052928146,0.03433902,0.06728674,0.12930293,0.1270755,0.1872184,0.24406926,0.1792908,0.22393851,0.12751244,0.22414967,0.2850536,0.32864326,0.41022304,0.41545928,0.5356893,0.3515838,0.23213594,0.19520034,0.32602376,0.6712273,0.5164114,0.378071,0.33883497,0.3637636,0.23350239,0.14025274,0.15639137,0.13526379,0.097640276,0.05497598,0.017966954,0.049364556,0.087234825,0.09599964,0.0886816,0.06716315,0.09364128,0.106776156,0.17998092,0.0887287,0.098847434,0.22416662,0.27446237,0.1428935,0.10725961,0.10550433,0.22624753,0.19205551,0.18590082,0.30653083,0.41909647,0.55084354,0.35713723,0.21887481,0.3364739,0.66968644,0.3104691,0.19436449,0.22102274,0.36151183,0.81866336,0.5902235,0.34247804,0.6774494,1.169682,0.734525,0.40311572,0.54437506
10.812463,10.001395,28.14182,10.513008,21.477684,21.68249,12.769217,9.129476,6.322047,3.0181906,4.280051,2.5769207,2.9727573,1.8847493,1.3880488,1.6885588,1.7755275,1.2261585,0.77653784,1.026,0.86614674,0.5507556,0.17905961,0.26384076,0.25528064,0.79175717,0.7359578,0.4100648,0.49539062,0.25740463,0.12885745,0.16774847,0.065433174,0.15995558,0.20337519,0.052425615,0.03347446,0.027894868,0.04096801,0.028306635,0.022481155,0.035616394,0.07028483,0.05886892,0.1215611,0.13891482,0.12185256,0.17615935,0.33180633,0.34463704,0.26981163,0.28699142,0.2811447,0.23594026,0.16290979,0.25085807,0.30901515,0.2701468,0.48992977,0.39164636,0.24070542,0.3295227,0.35049218,0.44644782,0.51244533,0.22244075,0.420874,0.40142572,0.255984,0.2590538,0.32011697,0.20735729,0.21026118,0.19508009,0.19262156,0.33461094,0.21844912,0.16846298,0.34432337,0.49567726,0.5471802,0.8085766,0.6833171,0.45092258,0.5358196,0.6619722,0.422412,0.42086428,0.71106696,1.0591129,0.78327733,0.5987883,0.87242,0.7663761,1.8018116,1.6621318,1.3010085,0.6633279,0.75783926,0.33761945,0.90131736,1.706098,1.2493073,0.4381813,0.65265816,0.39907715,0.33806908,1.3741413,0.57742155,0.7348737,2.9108534,3.626767,31.625023,19.861498,16.101845,10.522332,8.739889,8.960137,4.297358,4.501831,4.3975067,4.166277,3.5824854,3.5416975,5.064126,7.3597856,3.7904713,2.6398242,4.147339,1.957492,1.6059672,3.6638527,3.6107986,2.136405,1.6420132,2.2639074,0.7976185,1.1751007,1.2157303,1.1577895,0.8465812,0.777111,0.3844293,0.39311445,0.48417065,0.31035012,0.2469431,0.15618578,0.22811955,0.16747807,0.29570743,0.6138723,0.63637704,0.35130882,1.2954689,1.2738128,0.8863187,0.7496151,0.70328,0.8531116,1.2571086,1.3238662,1.1415759,1.9974598,2.107261,2.92374,4.2971153,1.8792048,2.300869,2.6601138,2.495652,0.9516563,0.74004036,1.548985,1.868816,0.61507154,0.55447507,0.4002335,0.4764617,0.5528476,0.37348247,1.2839655,1.2744997,1.0242002,1.113636,1.8672795,1.5581467,0.78185284,0.47051543,0.68747133,0.86242104,1.2969067,1.4404371,1.1444829,1.3629247,1.695282,3.0894308,3.05288,5.0885344,6.9439588,7.1089644,5.7381454,8.085839,6.286448,6.8930717,5.5543227,7.275045,4.0296726,3.5812666,3.0299442,5.8619637,4.627776,3.426215,6.9546404,2.576068,2.5371568,2.5976849,3.95691,3.550133,1.3862809,1.3077718,1.1060039,14.709914,10.434253,3.0867364,3.4453685,2.8962674,2.9392338,1.4817524,2.6466246,2.4482694,1.3574933,1.2775123,1.1580974,1.1429275,0.7654499,0.5160164,1.1456234,1.1249014,0.8815462,0.6361932,0.75337654,1.0612051,0.79842275,0.77507615,0.51195055,0.4426502,0.68467677,0.38031873,0.22129759,0.10487516,0.13160637,0.22645532,0.18325685,0.09571005,0.101477765,0.07912929,0.11099925,0.10819111,0.09162152,0.047974665,0.06943786,0.110006616,0.11851571,0.34351885,0.6988963,0.5603889,0.19738168,0.1711607,0.20976414,0.42800066,0.5903386,0.5903381,0.6309812,0.8140901,0.39257595,0.5136415,0.58520246,0.6000458,1.0016624,1.1885461,1.304918,0.7740649,0.332385,0.4472861,0.46484178,0.30496335,0.276518,0.2477454,0.4396609,0.44074187,0.25202134,0.5428229,0.18577336,0.1575216,0.1871012,0.16731997,0.37588486,0.28090188,0.44951656,0.5297124,1.165661,0.5069842,0.6738465,1.1360209,0.81471324,0.47576892,0.39344466,0.38096142,0.70378006,0.28960398,0.82535213,2.7984548,3.2495742,1.8080201,1.052552,1.2263086,3.7421381,2.856932,1.3547975,0.9307267,1.3225188,1.0902424,2.6692708,5.088694,2.1697817,1.364906,3.5770047,1.665457,1.5439366
1.0558103,1.2028922,4.3442807,1.3931794,1.2542752,2.3983383,3.2292826,3.0649605,3.1548045,2.764224,2.3418117,1.4426545,0.6184787,0.6879943,1.1277156,1.186097,1.3187438,0.8738177,1.0035096,0.5036505,0.765997,0.8893011,0.5032374,0.51104426,0.33965656,0.36081323,0.28274465,0.22093078,0.23227194,0.17045395,0.08051395,0.11109683,0.077987015,0.08681884,0.055620868,0.02381577,0.018145058,0.0107097365,0.012847995,0.017315151,0.016527498,0.043455057,0.07118313,0.11230249,0.21113886,0.24022532,0.36179802,0.38961425,0.34558,0.24922463,0.18156618,0.22305791,0.38684738,0.5861919,0.40210953,0.5062316,0.3518761,0.21156864,0.15069109,0.3760295,0.21149379,0.11437778,0.10999595,0.1880751,0.39718512,0.35325155,0.30175447,0.21688963,0.07545162,0.21597964,0.3839816,0.40541226,0.23852246,0.3663064,0.20553996,0.19119634,0.38021633,0.38807437,0.30417913,0.29999655,0.24211782,0.16374327,0.15079603,0.18025735,0.24931502,0.373876,0.41945866,0.50209355,0.61835104,0.37786168,0.34745806,0.24135569,0.26965985,0.29822844,0.36303023,0.5814911,0.92117083,1.2395624,1.1796017,0.7036256,0.5454152,0.85236144,0.7370924,0.44126576,0.4994849,0.4022265,0.44904342,0.35684508,0.5310056,0.5038473,5.275302,4.706927,3.160863,2.2718832,4.455731,5.0052466,4.5040097,2.961485,6.957438,4.6152678,5.1368036,5.687903,1.7989488,0.45684257,0.76152796,1.5205861,1.4050592,0.9989734,2.5851266,1.861489,2.1258926,2.5643837,1.7847534,1.541463,1.9029917,1.2957505,0.97647643,0.9681812,0.72942704,0.36353025,0.5117146,0.33176607,0.28313372,0.34764135,0.2784227,0.18234801,0.08074661,0.13351502,0.16582328,0.11144623,0.115650065,0.20900568,0.09777372,0.13164458,0.35131446,0.5673754,0.5802529,0.6987967,0.95131475,1.1102632,1.1902283,0.7453674,0.70229214,0.43071318,1.0428767,1.3939054,1.3999738,1.9241921,0.9369999,0.54123116,1.0210605,0.59217155,0.25896537,0.328668,0.30652443,0.31033772,0.45093527,0.49907172,0.20015825,0.21055238,0.23898444,0.45171738,0.31154308,0.51474756,0.40833685,0.39783248,0.37100402,0.3521763,0.29801047,0.50402457,0.38024825,0.30259797,0.30724338,0.1633892,0.29064327,0.6110184,1.0371661,0.4886591,0.7905435,1.2339218,0.4603937,0.3653472,0.59949535,0.7139225,1.0784814,1.0670713,1.3267345,0.769939,1.1626834,1.4008622,1.9056978,0.49142793,0.92298114,0.7011039,1.137383,0.91392505,0.7116147,0.4657303,1.2959423,2.0159354,1.6094096,1.6302538,2.4668212,2.8466172,0.9039043,0.7620511,0.8894145,0.8963121,1.080454,0.9787144,1.2984471,1.630175,1.554292,1.9484566,1.6719141,2.1767824,0.8905281,0.5692415,1.3717377,1.3867202,1.2928728,1.1335223,1.2040108,0.7845002,0.9482048,0.45897722,0.42192942,0.33982548,0.24773906,0.26263383,0.18605398,0.085149094,0.21261056,0.26718393,0.13122755,0.04615562,0.0716599,0.11190961,0.11117292,0.09333636,0.06372263,0.04935086,0.12413277,0.13618708,0.13924034,0.27844837,0.41898602,0.7998829,0.36379117,0.29673195,0.41885176,0.40634328,0.39222232,0.41171587,0.43461287,0.84336096,1.4422008,1.4483402,0.5340442,0.26419687,0.25877383,0.26851282,0.25736278,0.41485426,0.40948907,0.40009624,0.26553658,0.16353442,0.09918843,0.12743264,0.11319113,0.1086975,0.077105075,0.14763726,0.17662555,0.13415945,0.13244039,0.14700773,0.15940738,0.21608533,0.13759013,0.16706492,0.18987146,0.22031957,0.20176652,0.19504145,0.19353823,0.19952613,0.38055098,0.5358344,0.32499838,0.6999421,0.9189319,0.27955943,0.24045171,0.1932725,0.3963343,0.630816,0.67947066,0.31032637,0.1436791,0.35145435,0.97385496,1.1158397,0.87461925,0.5020939,0.40863883,0.40331644,0.22450253,0.36678115
1.6664312,1.4583555,9.46764,2.3486633,1.6727958,1.9262089,2.9059706,1.9630319,1.6453568,1.6542678,1.4116945,1.7799124,1.649023,1.486468,1.0228691,0.6817971,0.5120524,0.3934813,0.3474779,1.3156655,1.1565628,0.82900286,0.24141407,0.67984736,0.19159852,0.25705513,0.18304814,0.039458413,0.09528576,0.100140154,0.0837722,0.116844006,0.09119744,0.09486824,0.07651249,0.02160756,0.022967614,0.012418713,0.020956077,0.011887815,0.019847427,0.03448235,0.03340163,0.091957636,0.25877252,0.19677791,0.33190078,0.16907732,0.14327201,0.38590997,0.8142369,0.7944908,0.48016438,0.28866038,0.15732405,0.235556,0.13209991,0.28033537,0.22375336,0.29373813,0.47008124,0.32122144,0.2087862,0.148859,0.14725323,0.10611859,0.26238626,0.33013058,0.18863685,0.37191477,0.23335774,0.27755374,0.30751416,0.28190908,0.23603006,0.3635766,0.3308734,0.07781695,0.2736227,0.28574368,0.26248878,0.40819904,0.3363125,0.32915738,0.48988354,0.5613579,0.3940356,0.30586419,0.68159866,0.43300897,0.5500604,0.46882778,0.5480778,0.67031384,0.54191244,0.6768773,1.2001388,1.4491565,2.004148,1.0041931,0.56725067,0.6694325,0.9894929,0.42880762,0.9350101,0.4789849,0.84746957,0.89764863,0.5966599,0.56578195,3.0123413,2.4161177,10.520815,6.8757215,5.8968477,5.077513,5.8252506,5.155804,3.8499634,5.800343,1.9407386,1.1577954,1.8189688,1.8028713,1.2323468,1.712951,2.287486,1.7567698,1.7390795,2.460944,4.786774,8.122807,5.2336817,2.7352467,1.1210554,0.75583416,0.59003055,0.38075477,0.53592145,0.2667661,0.31200868,0.450628,0.30682746,0.15363562,0.1265279,0.035237655,0.09041428,0.17066295,0.20939551,0.1538879,0.13342059,0.3890994,0.38967812,0.5053588,0.8971514,0.68639046,1.0852364,0.66998875,0.47254947,0.9841805,2.0070474,1.5095054,0.73285973,0.33058023,0.20010771,0.4225915,1.3192667,2.9515662,2.6200006,1.4851828,1.3015257,0.68809277,0.7066144,0.65414786,0.2230266,0.30623734,0.38031927,0.85090905,0.45459592,0.5597353,0.46940127,0.31871057,0.32362762,0.12170511,0.13151337,0.33262134,0.4174517,0.42608628,0.5079307,0.24095984,0.49184224,0.7374297,0.51924706,0.6612331,0.14753565,0.46241155,0.69827586,0.5491937,0.7421229,0.87970066,1.165863,1.3860488,0.75929666,1.096951,1.1415182,1.4874063,1.5815082,1.6860241,2.9326773,2.0871098,1.4670278,1.3829043,2.0051455,1.2617438,1.3721356,1.0915837,0.73522186,1.2185676,1.8796606,1.6189498,0.33990037,0.37429494,2.726551,4.0879498,2.915894,1.6879454,1.7409577,3.013621,1.4959952,2.214887,2.6667485,2.5965443,1.6605387,1.1259815,0.7579355,0.83358234,0.56368876,0.9204022,0.47662488,0.5181638,0.99178404,1.5469624,1.8807253,1.3491137,0.6478327,0.48052385,0.321382,0.27837,0.40705615,0.36823663,0.29528093,0.3054097,0.10685354,0.042059872,0.07127625,0.051896628,0.10521622,0.08047956,0.10070965,0.070102505,0.060375642,0.026429819,0.057375435,0.09441178,0.15683633,0.56328565,0.46513778,0.23126885,0.12199631,0.24187998,0.56928474,0.6148701,0.34716374,0.44053215,0.42118093,0.30187282,0.2647835,0.6997914,1.350353,0.71138895,0.4174572,0.19090316,0.68297297,0.5405005,0.33072212,0.31277552,0.19866265,0.06229722,0.14708446,0.2237382,0.3510083,0.27793613,0.14539619,0.162524,0.2207274,0.10043337,0.21475409,0.15541421,0.3013576,0.18465008,0.065617085,0.07069059,0.122768134,0.19670016,0.27216807,0.34480128,0.2359727,0.27478474,0.47523135,0.63507825,0.4360097,0.6540299,1.01593,0.5194085,0.52658546,0.9317933,1.529354,2.696244,2.3955843,0.7914711,0.23740615,0.54551136,0.87919205,0.59438473,0.59414464,0.50267017,0.4912913,0.4279838,0.6505955,1.0322506
1.2791051,1.3925891,4.62092,1.677228,1.8472942,1.8767081,0.9440553,1.6059479,2.0949535,0.9603139,1.4093289,1.516366,1.4741715,1.254982,0.9359056,0.8399952,1.2400359,0.64688236,0.65406793,0.74238497,0.9474999,0.76863587,0.42540085,0.40332162,0.26034507,0.137824,0.34836274,0.30241317,0.25171727,0.22528426,0.14198154,0.098208204,0.092624806,0.04943521,0.037376057,0.01932202,0.014701076,0.012289025,0.039992705,0.033314653,0.029203197,0.045224026,0.1342124,0.18256085,0.10424327,0.08060356,0.20809896,0.2581614,0.35615325,0.30157116,0.31003588,0.27378798,0.25410995,0.5643803,0.62383914,0.27616864,0.5034812,0.5861293,0.5092475,0.30418387,0.4893342,0.34522054,0.20358521,0.274761,0.31243742,0.36731175,0.45204926,0.25086257,0.103316925,0.28626266,0.2746631,0.19726375,0.30591434,0.18691021,0.14504957,0.35990992,0.1902336,0.18422456,0.33338034,0.32644218,0.20576061,0.1895451,0.35740682,0.32996964,0.56356907,0.48383442,0.4777118,1.0433341,0.9762816,0.4811074,1.0103279,0.7722437,0.663376,0.4526292,0.2683515,0.22425602,0.43058997,0.5472662,0.18852451,0.56652355,0.6549908,0.6143484,0.46514612,0.45216787,0.63600457,0.5899026,1.1058602,1.1139376,0.40223804,0.7096797,4.7299542,4.1076956,6.2537026,5.4908953,5.382852,4.1531444,2.6721308,1.5525407,4.7144203,5.257101,1.6329583,1.6511381,2.3670897,3.5480797,3.5678813,3.014334,2.4790576,1.2140181,1.7912469,2.2189798,5.0232873,2.8858385,1.5011982,0.8788252,0.33418256,0.69897085,1.2566149,0.6407613,0.6121949,0.8363958,0.6433303,0.78122276,0.44108275,0.34249866,0.16345865,0.19866022,0.15520063,0.21844158,0.3852907,0.26432347,0.12559715,0.09051145,0.13157484,0.30406716,0.5099244,0.12627275,0.3384181,0.27475253,0.41894665,1.461197,1.898766,0.6162636,0.44666785,0.2133502,1.220922,1.3487394,0.863676,1.1705207,0.88302106,0.5220687,0.7065764,0.80585796,1.0495398,0.75792617,0.30667996,0.52895814,0.4118457,0.76403296,0.5827364,0.48980692,0.3216782,0.2634366,0.41526186,0.27333716,0.10668867,0.42852274,0.34692577,0.31078562,0.47572306,0.33041376,0.5968245,0.56363225,0.40288022,0.29947057,0.4485047,0.8318222,0.942709,0.97102344,0.7966954,1.0863929,0.3358061,0.3515205,1.1305878,1.1487532,0.90353686,0.97351253,0.82215106,0.7063841,1.4370582,0.93879366,1.2157031,1.2218903,0.63707936,1.1565492,2.3597734,1.859969,1.3011736,1.100128,0.91113853,1.6225044,2.162098,1.8606272,4.7799726,1.5826086,1.0654234,1.8121389,1.651934,3.0614202,2.312099,1.9241478,0.8192874,0.38472182,0.69463944,0.8929318,0.56576014,0.80248,0.54133916,0.5986884,0.668175,0.37643185,1.180599,3.5497017,3.0534465,1.9979334,1.9889252,0.5385561,0.6098358,0.26606402,0.28682557,0.48417997,0.32191917,0.12973605,0.07554621,0.09001211,0.08733304,0.034143463,0.048145793,0.10382576,0.0742855,0.04678542,0.06827297,0.14063028,0.1332034,0.1389528,0.30234858,0.4423087,0.33461356,0.3447141,0.18581489,0.20783854,0.3307222,0.20168222,0.26497683,0.33806223,0.28874552,0.28717843,0.58484435,0.41329315,0.42661676,0.3889072,0.3712825,0.6039122,1.0789573,0.47225955,0.2912557,0.38599017,0.3767709,0.23947102,0.3125912,0.1974458,0.13163485,0.07429945,0.07471996,0.06909085,0.062316295,0.1864769,0.24568246,0.14757092,0.21262518,0.31156567,0.22458036,0.19221354,0.17591089,0.11642851,0.2946625,0.2097859,0.16308798,0.31364274,0.3572873,0.25068954,0.35623038,0.6501551,0.54705,0.393838,0.47203523,0.45058802,0.76128596,1.082857,0.31041116,0.4045022,0.34147254,0.26631564,0.40831006,0.34973493,0.41216025,0.85928154,0.77001333,0.5284052,0.34366414,0.35509112
1.8300693,1.7306399,2.3703368,1.6294428,1.1268922,2.0754983,3.7280765,5.762711,2.195602,2.222082,2.9815052,3.0232098,2.505606,1.4058026,1.5106212,1.5111281,1.2469658,0.48503748,0.21930675,0.2581676,0.44266853,0.36307243,0.5696049,0.7794697,0.35423782,0.582724,0.14865834,0.12127141,0.21851952,0.29146087,0.17297281,0.06914889,0.062024944,0.082654335,0.041913737,0.018363882,0.010759242,0.012476848,0.022011103,0.018945033,0.022772713,0.030660277,0.04316097,0.07024796,0.09011505,0.10238109,0.21565318,0.27547938,0.29320303,0.32807797,0.42954725,0.288127,0.17719522,0.19838601,0.26860785,0.29084972,0.31413898,0.25423107,0.15660655,0.28451434,0.47568318,0.29888725,0.2089108,0.12701532,0.32717866,0.2815258,0.23827949,0.19472037,0.35242328,0.21439625,0.24479717,0.124000505,0.19388622,0.20879377,0.11924094,0.26290137,0.08771669,0.16173166,0.24009965,0.40190557,0.42171386,0.3639921,0.35068086,0.53947026,0.7421981,0.5752926,0.42606437,0.4007212,0.31981388,0.25319645,0.53327113,0.5006042,0.6394169,0.8983053,0.72388935,0.85838765,0.4923379,0.55602723,0.7755266,0.29744223,0.3588358,1.0469,2.031436,1.0384086,0.3536844,0.4315943,0.62026215,0.4650095,0.31282288,0.50306827,1.8697283,1.751318,3.6328273,3.4394827,4.7032113,7.6841474,3.9806113,1.6655669,2.6894295,5.278548,3.7683334,3.5368795,2.8056762,3.431558,1.9333166,1.8374188,1.9555086,2.66028,1.8263786,0.9675686,2.428918,1.7552882,3.276814,2.463952,1.2263129,1.6043996,2.0533488,0.8966624,0.5309286,0.6622699,1.0192026,0.63886577,0.41758746,0.56792563,0.34332126,0.20647891,0.060717825,0.040500604,0.0672327,0.14249101,0.2777999,0.26675206,0.2629412,0.5862217,0.6878084,0.92055786,1.8695438,0.942244,0.80659044,0.9252569,1.8207608,1.2824278,1.3717028,1.3460248,0.94788,0.89987046,1.0449524,1.0013542,0.8884793,1.1908027,1.5090402,0.74368036,0.5275765,0.76319635,0.52967495,0.14203787,0.3798581,1.0969946,1.314207,0.59221697,0.3754678,0.30231658,0.25874513,0.44494662,0.33487087,0.46537983,0.41698977,0.836079,0.42665634,0.3086641,0.7245087,0.7833218,0.7465238,0.3945711,0.61077505,0.2792007,0.5846654,0.804242,1.3073926,1.4558096,0.8156607,1.3753935,1.199245,1.2528378,1.2719547,0.9271618,1.1975093,0.6763779,0.99358994,1.0492768,1.7759584,1.5360252,1.7257469,1.4466332,0.27193084,0.7811462,1.8036982,1.1476933,0.5055445,1.214333,0.70329225,0.5333641,3.4924138,1.5350975,1.2797953,1.3744526,1.3092839,2.0282273,1.6851959,1.8095617,2.7139564,3.5944843,1.6628512,0.48789164,0.66081136,1.2105443,1.4153975,1.0093163,0.6165611,0.61522514,1.3248198,1.9940432,2.2914498,1.0510159,0.57393795,0.7303356,0.39292,0.5415968,0.5548792,0.25319532,0.24146283,0.17685618,0.10064042,0.043258503,0.06537149,0.06475314,0.046198964,0.09278209,0.11928065,0.06970095,0.031145876,0.09223964,0.10394916,0.1107994,0.03793402,0.13575299,0.24858958,0.19649357,0.110152386,0.16565922,0.3385928,0.53163946,0.36281368,0.36261946,0.37215883,0.4595691,0.45317164,0.4374462,0.4643552,0.4748841,0.3684111,0.47489867,0.40428582,0.33457267,0.3923664,0.4081159,0.1055011,0.1518525,0.39703697,0.21561915,0.18619333,0.14287812,0.080065005,0.05771706,0.05075209,0.093913436,0.11865366,0.16973564,0.18930377,0.13308957,0.2102865,0.27425772,0.19317633,0.18259269,0.24375935,0.25559983,0.19760734,0.34283918,0.5876366,0.23322009,0.29637137,0.4977553,0.5245041,0.4396638,0.29271263,0.62430805,0.6100705,0.60113585,0.72495496,0.51489115,0.4595064,0.23536645,0.5366481,0.70550704,0.48484716,0.3433503,0.23610865,0.49209422,0.54120404,0.53578186
0.42888752,0.39714444,3.19805,1.5323449,2.2572691,1.0402367,0.8441146,2.1031988,2.111186,1.9724748,1.3448915,1.7753717,1.4684976,1.0636302,0.98368746,0.80029094,0.6564041,0.49011907,0.7494142,0.834396,0.7601195,0.39652503,0.49353814,0.53806895,0.2412741,0.24354714,0.16941315,0.0943443,0.14117008,0.26216266,0.31804284,0.18235569,0.08660507,0.097839266,0.024057725,0.037553314,0.016268726,0.013634419,0.024284901,0.034349147,0.022646079,0.024199301,0.088881895,0.0678748,0.049907625,0.18165883,0.25166354,0.22126167,0.12405927,0.10723649,0.41691896,0.27406332,0.23890585,0.31596407,0.34824732,0.3217045,0.20406415,0.27013078,0.41709167,0.47675714,0.1974996,0.27302128,0.42983097,0.33593544,0.34226802,0.17573696,0.19918212,0.34961015,0.43025467,0.26115462,0.10203804,0.1205859,0.14614375,0.108522706,0.13600554,0.08890419,0.20496432,0.30556214,0.34379983,0.42072156,0.25805146,0.20628253,0.34189758,0.62393564,0.28642473,0.23524041,0.36053187,0.39493096,0.63124067,0.56172323,0.279364,0.28655732,0.46470553,0.84570646,0.6133748,0.7212979,0.47391936,0.6581252,1.0723406,0.35899717,0.5496161,0.8054963,1.460635,0.94358206,1.0376381,0.73703307,1.0841199,1.9366004,0.7967559,0.33077574,0.14875244,0.20553423,4.0949974,3.656969,6.401242,4.403606,1.7246697,3.2152061,7.1671305,4.069531,2.5929859,1.2234757,0.89704,2.2540762,2.2577043,0.8391354,0.8273773,1.844887,1.8205967,1.9207736,1.6064777,1.810731,1.2318981,0.9960789,0.38478228,0.7164877,1.0584435,0.33568576,0.24508257,0.74451166,0.8340135,0.38722637,0.39443535,0.4139043,0.31881762,0.28169963,0.17183793,0.12330635,0.22530521,0.24920797,0.23971277,0.26527396,0.24665701,0.22651446,0.31983086,0.30612943,0.4963186,0.89662427,1.1887337,1.0647063,1.9736022,1.8435535,0.9518499,1.0541825,0.83683074,0.7527727,1.0295486,2.8557787,1.2244369,0.43044236,0.74028903,0.38679722,0.328583,0.5822743,0.774047,0.6996172,0.4651419,0.3473924,0.637655,0.57269955,0.40393823,0.3042488,0.11123781,0.35068747,0.7008658,0.29153475,0.4559267,0.4207324,0.3892343,0.5556361,0.44329882,0.16427198,0.20804398,0.22965686,0.3013421,0.27181402,0.31699702,0.33567974,0.4310963,0.8174792,0.8761016,0.7549702,0.9395787,0.86813897,0.9607766,0.7863045,0.3346227,0.47049347,0.95114064,1.0444993,1.0969917,1.1422529,2.9482408,2.341404,1.0146084,0.54017466,1.0145603,1.0909733,1.0582504,1.0271966,1.7793677,2.0548594,5.598189,2.204505,1.8355547,2.867491,3.2430239,3.0403144,1.7624447,2.3002076,2.1323025,1.8064106,0.5599084,0.8247564,1.1509438,1.1330122,1.0259064,1.0733081,0.7967794,0.6519732,1.000263,1.624377,2.3043683,1.8078444,1.0498255,0.61523736,0.42602026,0.40004373,0.26393548,0.189399,0.29039735,0.26483417,0.25591436,0.117295,0.08728354,0.07933958,0.11587664,0.12140947,0.07844751,0.11218859,0.024417272,0.030783232,0.0644695,0.05178526,0.15420929,0.34479737,0.25089222,0.17340337,0.22542232,0.2941362,0.26048297,0.2823252,0.32705554,0.35929364,0.30386555,0.4126148,0.567524,0.78980184,0.46036944,0.2857758,0.17429192,0.2448537,0.46075198,0.6429791,0.49276596,0.46664998,0.28850752,0.23999874,0.15372437,0.0953047,0.102704056,0.22291647,0.1962856,0.03927541,0.06477519,0.062058434,0.107099794,0.0932052,0.2777103,0.2789259,0.13076973,0.12030458,0.1505421,0.24292862,0.21671614,0.30546448,0.19969782,0.122930944,0.18062747,0.124700785,0.18622573,0.43122688,0.56275076,0.54024124,0.2557629,0.437418,0.4024591,0.58072066,0.6423453,0.5960256,0.3910227,0.3669684,1.0918244,0.6088959,0.6293146,0.5869388,0.37911394,0.625093,0.81059563,1.0933567
7.852626,8.16256,23.807169,13.308278,12.033507,7.563493,4.625928,2.151516,1.7866524,1.5306726,1.3413862,1.1242623,1.0969344,1.1570609,0.9555482,0.905213,1.658796,1.5727477,2.6120043,5.3240304,12.8126,13.095476,5.99417,3.1463423,1.1684378,0.8536734,0.7450194,0.9560318,0.42043564,0.22903505,0.20340016,0.20613766,0.121025056,0.1431344,0.124855734,0.046267036,0.0441412,0.039030526,0.04905224,0.050385855,0.04371112,0.027962271,0.06808225,0.21628715,0.19822836,0.12354144,0.21449304,0.34483692,0.5279044,0.4023166,0.28607547,0.19957216,0.3120862,0.27731365,0.2524793,0.45586127,0.746091,0.9342135,0.52996504,0.32496622,0.39742845,0.41292256,0.2848377,0.47907436,0.4743649,0.2399232,0.19498809,0.063123904,0.1364135,0.37130803,0.6477571,0.5956555,0.29261604,0.10943866,0.12839772,0.35328522,0.37488002,0.20392644,0.43726274,0.26163197,0.43055123,0.38828912,0.267221,0.37189272,0.31635398,0.307554,0.35900885,0.49052167,0.8351697,0.58369297,0.4815738,0.7879927,0.6645331,0.80306524,0.4600207,0.30221164,1.507805,1.7074586,1.1657066,1.1636394,1.382849,1.0761423,3.5186906,2.8162615,1.2986007,1.2076887,2.0303586,1.3644743,0.8908656,0.87841153,12.285852,10.325562,11.430608,8.46275,13.504175,10.013179,4.03179,5.188957,6.3152294,4.082405,1.4712241,3.9829357,2.994909,4.034347,3.6488795,3.947293,5.0335565,4.8900523,4.14793,11.496425,19.35352,21.284176,9.164147,4.4578795,3.7732396,2.2413788,2.9262178,2.6898272,1.7594879,1.795733,0.64375514,0.59460175,0.67587477,0.46074185,0.45611855,0.5197617,0.22756355,0.26067623,0.9091805,0.7337711,0.64004844,0.92802256,0.18552957,0.6325269,1.4554964,2.1109548,3.6661723,2.176853,1.2609527,1.4971806,1.6353725,2.0888648,2.0194807,1.8430015,1.5864406,1.364839,1.6822171,1.6508107,1.3117018,1.259003,0.77911466,0.6260611,0.4434202,0.9938447,1.1672182,1.5127699,1.2863513,0.9452869,0.95419353,1.0552561,1.2902156,0.78360796,0.45411754,0.23209292,0.3664677,0.70802563,0.6762894,0.5451479,0.8318561,0.76312053,1.2014887,0.79770625,0.7084245,0.74018645,0.6193838,0.45319656,1.3218707,1.7357987,1.572471,0.7392192,0.97310597,1.642757,1.6910607,0.99517065,0.8355218,1.0321491,1.0343366,1.2530135,1.0998676,1.1543314,2.0265872,3.9822543,6.3586926,4.3325486,0.95539975,1.6290852,3.1458888,2.7187219,2.2434857,2.690877,1.4970342,1.8415585,7.301138,5.5145016,3.1296873,1.4938658,1.8333713,2.754074,2.360687,2.5365496,2.0260882,1.5450444,1.5129155,1.7317154,1.4010763,1.8323131,1.9101658,3.1820776,5.7276096,5.9212685,19.74892,19.734789,9.9925785,2.0523016,0.78944755,1.1293842,0.71846163,0.9185591,0.75052875,0.5517481,0.60104954,0.41860178,0.4614064,0.2907814,0.17406313,0.20163764,0.060239825,0.090184964,0.09519941,0.15351574,0.17464638,0.1765859,0.093605146,0.2170168,0.2944035,0.22039159,0.26504776,0.4333347,0.76771444,0.7808005,0.74501103,1.1223626,1.8185737,0.8503236,0.57564735,0.50929034,0.83112967,0.52734,0.49780893,0.9602598,0.8463839,0.51179934,0.5072261,0.65772754,0.98538554,1.5753235,1.0303522,0.5978096,0.28393787,0.239792,0.17728733,0.10456875,0.23046198,0.2825517,0.3320818,0.3396496,0.50488985,0.66207165,0.24012154,0.31018144,0.32011113,0.1598859,0.32472774,0.18068805,0.2967179,0.7062424,0.775413,0.5494609,0.3762799,0.56195974,0.44679734,0.4976736,1.3420078,1.8947867,1.5293887,1.3404638,1.3442085,2.1667998,2.127719,1.7639618,0.9354937,0.8635536,1.1072103,1.3504875,1.523666,1.5361536,1.4703151,2.4585683,3.8743575,3.1224637
0.9774432,0.9078516,1.461492,2.0391517,2.7702355,2.5933769,2.4486275,2.79794,1.9399194,2.0248106,1.2311054,1.2970681,1.50311,0.842419,0.27056122,0.42724222,0.89404255,0.36815992,0.24515751,0.8237771,1.0120575,0.6085956,0.36266053,0.23721166,0.22668263,0.35736078,0.2276087,0.14850013,0.1425643,0.06798343,0.11440656,0.1853091,0.13886184,0.07500198,0.08628091,0.036565103,0.017254159,0.015560772,0.021247411,0.021511192,0.015494268,0.035323698,0.06943154,0.07480545,0.08128065,0.103473805,0.18187144,0.22232907,0.2983786,0.31349212,0.25574616,0.12630181,0.18361679,0.4229456,0.73445314,0.7525873,0.350879,0.21485347,0.21103391,0.32683516,0.39882296,0.28870124,0.23053722,0.1737215,0.3109076,0.42030087,0.28542414,0.22783443,0.21876319,0.28345957,0.26866847,0.2713647,0.120682605,0.08747745,0.09225784,0.20584106,0.2401328,0.15013689,0.18545106,0.11204154,0.08230653,0.1962589,0.37146333,0.2187532,0.22656599,0.23938555,0.2383762,0.31462893,0.33972937,0.63918287,0.7197361,0.5006633,0.23616609,0.30827248,0.5992666,1.1017395,0.79667646,0.35630435,0.28899503,0.4054296,0.5139453,0.93371296,0.74640536,0.28307432,0.5125005,0.45809424,0.8265918,0.8714046,0.3826407,0.29668534,3.2683563,2.4239783,6.517177,5.7183237,7.0678325,3.772587,3.31115,3.7278678,8.3757925,4.6879935,3.0507202,2.6195436,2.4693403,2.197711,0.93072736,1.5093521,1.2076722,2.183869,1.1383193,0.90233254,1.8190875,1.4089051,1.1789514,1.1365108,0.6096157,0.8082895,0.575225,0.4034084,0.7452399,0.5104229,0.31907323,0.4808771,0.6745135,0.5791768,0.4327664,0.22935328,0.11199524,0.0919695,0.0684865,0.06059269,0.0742234,0.13136129,0.1537835,0.19211057,0.35969374,0.44912755,1.1073172,0.74762416,0.9488123,0.81367123,1.2110225,1.4626265,0.8470105,0.69290483,1.0590768,0.6838584,1.7142854,1.597857,0.8967904,0.71098375,0.41730985,0.30251613,0.6549397,0.4988469,0.3127083,0.491939,0.3963639,0.58905125,0.6573666,0.45699677,0.394524,0.35270044,0.35911036,0.21362457,0.12481522,0.40348467,0.45921054,0.35599625,0.25985575,0.2898958,0.36429998,0.5387692,0.30878076,0.102844946,0.5076472,1.2881646,1.2219962,0.4950049,0.5824371,0.73875517,0.83747655,0.78330815,1.0918936,1.3186891,1.3154666,1.5621486,1.7962472,0.9909249,0.6922438,1.2433996,1.891871,1.3367968,1.5662434,1.129772,0.8036273,1.2625647,1.9040265,1.196436,1.9418268,1.5770036,1.0837002,0.9491258,3.472973,1.2665488,1.0638129,1.5088677,1.0294071,0.95291317,1.3578223,2.0374203,1.6203696,0.98957366,0.9593077,1.3858715,0.98002404,1.1983918,1.1729752,0.86349297,0.43703315,0.33644614,0.83315915,1.2271315,0.85481954,1.7325618,1.6202885,0.5124761,0.5023042,0.49238095,0.32471937,0.22257659,0.13204138,0.114250556,0.18444121,0.15912399,0.09148528,0.049704563,0.05249917,0.024076106,0.039295174,0.04220472,0.038778428,0.05323217,0.03207992,0.052960474,0.14544146,0.2949138,0.43513384,0.41939765,0.39469275,0.40738708,0.41966966,0.24772283,0.14220484,0.1365975,0.26081237,0.37399185,0.49152222,0.4970654,0.22775878,0.2567252,0.35472354,0.7658133,0.41117054,0.1431517,0.2929338,0.3480567,0.27197477,0.1216377,0.186873,0.11684082,0.10500842,0.13313293,0.15767588,0.16065027,0.076579176,0.06785773,0.13693103,0.13823327,0.07198173,0.09403843,0.106818706,0.07834098,0.09754308,0.057074796,0.18709299,0.23432684,0.27803302,0.22967525,0.35060978,0.27484968,0.2998854,0.18782814,0.20466292,0.23595576,0.24385947,0.3426595,0.29163495,0.63438123,0.6532036,0.25503832,0.41191256,0.5291461,0.76280963,0.8246576,0.5062259,0.67156106,0.6766111,0.3624658,0.27381292,0.16488013
0.60490984,0.55454576,2.0200138,1.0597044,0.6648256,0.911365,2.0304515,3.0073025,3.2526305,1.2607803,0.870373,1.402662,1.4134358,0.74598503,0.5842288,0.8895669,0.8528853,0.5444862,0.19496362,0.47293684,0.7202636,0.88848794,0.33770856,0.33274898,0.41150528,0.6404414,0.41606036,0.14460437,0.24991944,0.26287633,0.2375342,0.18206747,0.12703249,0.1463092,0.03873918,0.012817685,0.0168406,0.014804613,0.016266331,0.014695581,0.011524564,0.035790402,0.04895531,0.079880714,0.15963556,0.12230118,0.077825084,0.21488641,0.25230342,0.13052726,0.08676736,0.10768218,0.15150203,0.19468665,0.22384241,0.1716554,0.10344824,0.103349656,0.1921423,0.27975413,0.48192182,0.31348148,0.15843765,0.2618087,0.25698033,0.15620685,0.17468207,0.18257892,0.31914473,0.24803467,0.17141719,0.1373916,0.1793866,0.1812489,0.3056425,0.32048833,0.21894196,0.19140632,0.1779114,0.1786664,0.20337637,0.25764227,0.45787123,0.16847466,0.22854498,0.29002967,0.25981015,0.25947317,0.3187061,0.46191257,0.38218823,0.3079305,0.5019122,0.37450296,0.38088536,0.32703277,0.7715932,0.96307665,0.28645235,0.3159777,0.573869,0.42071187,1.2673763,0.9739923,0.314009,0.37828586,0.35042307,0.4930703,0.44640046,0.26599887,0.8723235,0.8928236,5.1358075,1.7987638,3.4728963,4.945461,5.732662,3.4710088,3.8971012,4.576871,3.4310753,3.1934767,1.665435,2.4768567,1.4950236,0.98243564,1.3717947,1.5092843,2.3187146,3.099295,2.3169441,1.7808312,1.290449,1.3331281,0.6362566,0.43741027,0.5077401,0.54787683,0.5736333,0.7584848,0.71922755,0.39985186,0.12314798,0.12703973,0.2117648,0.13731664,0.07426507,0.1378514,0.1210253,0.18446885,0.15039808,0.14462264,0.16138162,0.26486525,0.5495445,0.48758852,0.53552717,0.36990538,0.6479551,0.6931693,0.48998073,0.663024,0.7686094,0.5898492,0.9892834,0.77274275,1.211047,1.8326381,0.9425847,0.93854785,1.1660455,0.7369142,0.30720413,0.2454507,0.4771887,1.1788133,1.2629745,0.34691128,0.45542324,0.6768556,0.51936895,0.19646266,0.2134063,0.4441555,0.39083764,0.29048848,0.6199917,0.8415876,0.39269254,0.285592,0.6261734,0.33352828,0.22025457,0.13773704,0.16181527,0.6745955,1.097311,0.68313384,0.79995984,1.1554017,1.2937618,0.6913058,0.29249224,0.5653119,0.46403643,0.80753666,1.4795227,0.86013424,0.726357,1.2940822,1.116653,0.48559064,2.3281326,1.9691052,1.1476469,1.61857,1.0371844,1.2210097,1.6763747,0.6840171,1.5587919,1.5761545,3.5607927,2.4909902,1.5777223,2.2667956,2.70067,3.8862708,2.5514827,2.6264567,0.96971965,1.3714999,1.5550194,0.8573428,0.8411684,1.015173,0.7583987,0.34472635,0.16537939,0.5414811,0.6008921,0.9808326,1.979927,1.9446687,1.3768128,0.5867654,0.24454308,0.48251268,0.46910897,0.29050824,0.16630365,0.11119562,0.037374567,0.07317919,0.057345975,0.023436025,0.026588362,0.022780733,0.028846763,0.054476347,0.057965893,0.07292126,0.029688384,0.04824821,0.12583514,0.24309775,0.2265614,0.10504403,0.15125509,0.15232508,0.2468433,0.18641444,0.25560817,0.22784674,0.2365365,0.4460334,0.79454863,0.7221039,0.44071248,0.23662621,0.57608044,0.4826372,0.17498253,0.18737838,0.23032302,0.4827432,0.2493237,0.09911492,0.114678115,0.11621105,0.1193996,0.09083163,0.12739076,0.049546313,0.102853976,0.10486582,0.06888297,0.07931551,0.13929045,0.22257935,0.15341447,0.17618342,0.17324674,0.08750912,0.13123924,0.30650228,0.19807255,0.2534186,0.1423195,0.19319904,0.25492743,0.29264408,0.4091126,0.4499227,0.6668046,0.58704215,0.70044166,0.5978616,0.4494418,0.4058549,0.21989508,0.15076514,0.2620541,0.31721258,0.23248498,0.3433482,0.3158448,0.38661796,0.7981964,0.51073545
2.5817268,2.5166874,3.8250053,4.79254,4.8363934,3.3330557,1.6099226,1.050675,2.230504,1.3818944,1.9709849,1.4081771,0.89900386,0.85213155,1.0041236,0.97447586,0.5978721,0.44414952,0.6190708,0.9810796,0.8699583,0.6334918,0.2651975,0.17587066,0.2532871,0.44176573,0.39011723,0.1287567,0.075249836,0.10261878,0.13341022,0.14398472,0.042406105,0.030453475,0.026620205,0.013100375,0.023636596,0.030019658,0.016951557,0.0071715144,0.00661064,0.022426039,0.088391125,0.13791664,0.07923245,0.10565808,0.08018512,0.113327995,0.24407232,0.22500353,0.2092187,0.18130293,0.25975,0.22450018,0.21710458,0.17852466,0.23020664,0.23524313,0.25946456,0.29021958,0.27159017,0.22331631,0.24922259,0.3354786,0.31518102,0.23242436,0.2081705,0.13037518,0.3462426,0.62768835,0.3462707,0.10672119,0.08494579,0.12761389,0.17096299,0.25940707,0.20733866,0.23371756,0.21569873,0.22130324,0.1814068,0.20285782,0.41248065,0.83186907,0.6459116,0.34838772,0.29635307,0.42958584,0.89871395,0.7343815,0.62688303,0.30291834,0.22898717,0.4403479,0.3074486,0.4879418,0.7057247,0.6387908,0.3280381,0.26497516,0.6879483,0.6131551,0.61304706,0.47294953,0.3380496,0.27859503,0.488013,0.41110012,0.30537683,0.45122626,0.6821351,0.4498328,5.348733,5.658985,3.6827304,1.8215505,2.041659,2.6443856,1.9226239,4.671843,8.024923,3.2456727,1.3642265,0.71679103,1.2739104,1.7600865,2.1003234,3.0250998,2.1479247,1.938658,1.4882839,2.7754087,2.414415,1.7161518,1.5211627,1.2566298,1.1577889,0.7837096,0.47076118,0.56717575,0.37744713,0.42991528,0.34900314,0.12085364,0.25643328,0.23186089,0.18048307,0.17661504,0.20430668,0.21892548,0.23345417,0.30284685,0.23241204,0.2862115,0.4159505,0.38768038,0.44267595,0.4974049,0.35850176,0.91270924,1.1576108,0.9148833,0.67761016,0.46034768,0.5786302,1.0833408,1.0874254,0.9397285,0.6907508,0.4038048,0.32795903,0.2273317,0.2460918,0.4550656,0.29418534,0.1842354,0.41046,0.7096455,0.8962452,1.1136448,0.6916992,0.36052817,0.50354874,0.26304737,0.24557787,0.5184841,0.4770925,0.39593938,0.42435232,0.31048092,0.34355128,0.4007938,0.47556132,0.4733521,0.7104932,0.8489434,1.0337824,0.9971338,1.0851824,0.9456174,1.2963972,1.2225662,0.889827,1.0673739,0.46647143,0.54945564,1.5193537,0.7128943,0.43921623,1.2868792,1.633239,1.6319828,3.198527,1.9922473,1.1007223,1.3390299,1.4107448,0.7073094,0.65638506,1.2017028,0.31219804,0.24270329,6.011739,2.311137,1.1898415,1.594805,2.4314373,2.9089322,1.6435795,3.7019336,1.9210968,1.4455018,1.2531146,1.2272725,0.6289076,0.6093683,0.647905,0.67479986,1.168413,1.0009165,0.45580864,0.30227375,1.0911335,1.0968459,0.8579449,0.41382656,0.4807567,0.64137995,0.7606542,0.32255843,0.060989596,0.11126698,0.14462431,0.104173064,0.07393038,0.025027143,0.03308766,0.10000911,0.061014798,0.06558562,0.055039886,0.03891129,0.062689684,0.06018836,0.1256973,0.3568181,0.22108215,0.32213053,0.5390047,0.2611685,0.45853162,0.18236779,0.27035025,0.33385003,0.1637314,0.37495455,0.7250351,0.60039186,0.28809708,0.13158111,0.20676656,0.27151728,0.27414393,0.29441413,0.40206504,0.28280064,0.15302105,0.11621357,0.2330131,0.2370039,0.11670936,0.034294736,0.031822834,0.06551964,0.080207616,0.239654,0.25543106,0.14711364,0.11787542,0.14538334,0.12629642,0.17541893,0.04951455,0.18158832,0.42086056,0.23431258,0.10249638,0.23118912,0.27286574,0.3305454,0.3902566,0.77851385,0.83126354,0.7166144,0.32383558,0.2995027,0.46524116,0.4824531,0.5393913,0.5329229,0.21123394,0.39013427,1.2621018,1.5703661,0.6830561,0.36448523,0.3198012,0.2478406,0.4003551,0.24985184
11.396287,10.937329,4.894147,3.543481,5.078557,6.035622,6.1379976,8.537061,7.017447,6.444269,5.225731,4.193928,4.661192,5.9871087,6.4121423,6.559098,5.772633,4.7482567,5.969164,6.679665,7.698535,6.5989246,7.5847926,11.132527,7.475142,4.36966,4.502249,6.012563,5.451464,5.2442775,3.6115596,5.9552603,6.946149,5.263372,7.463576,9.531227,6.3205767,8.50095,6.499648,5.468222,6.641942,4.796832,6.123474,7.707192,8.225336,5.0913563,6.0221033,6.699904,3.6927388,3.6121426,5.44642,4.7931843,5.442967,7.1492887,7.0116763,6.8565516,5.4367743,3.2680306,2.940099,2.366201,3.589736,3.744163,2.5839663,1.938792,2.162831,2.2223313,2.2936542,2.0917,2.5861566,2.5149715,3.0675578,2.1630065,1.4926577,1.571691,1.9673901,2.0797477,1.9312761,1.7222031,2.4983664,3.4899232,3.2203238,2.850381,2.395082,1.9511383,3.149672,3.8468745,5.040562,4.6963863,3.579542,3.564331,2.6270065,2.5408022,1.75032,2.8041334,3.1478717,3.2160358,3.9524534,3.3357768,3.6701162,2.2741303,2.1042383,2.5904968,4.319331,3.7684827,2.4584446,3.7854178,2.9040954,2.0306542,3.301684,5.5901713,1.0504081,0.92952406,1.5287259,1.6704164,1.5005094,1.6876836,1.492249,1.6008909,0.8854112,0.9891906,2.0580542,1.4126484,0.90222764,1.2864313,1.4588811,1.6072572,1.7669896,1.5682138,2.2563286,1.38261,1.9281161,1.7882664,1.4328377,1.1363325,0.9253764,1.3822957,1.1831985,1.6221979,2.919495,2.2009735,1.674265,1.850956,2.2047935,1.5712073,1.9593974,1.701245,2.3538601,2.9085999,2.8611872,1.3950722,1.6215819,1.5166389,0.93739897,0.9011318,1.0666807,0.51814204,0.61408657,0.7752329,0.7823682,1.342498,1.2561513,1.0079447,0.7941789,0.7498917,0.8026289,0.6509663,0.33647063,0.44458133,0.63581747,0.562682,0.45269385,0.51676893,0.40205288,0.46776587,0.33235273,0.33187163,0.2739981,0.3674448,0.39088672,0.35435152,0.24668023,0.22638026,0.26194626,0.29938003,0.21267544,0.3022629,0.3680605,0.24524383,0.29205027,0.24628074,0.20088865,0.22728373,0.1993439,0.22192605,0.2460906,0.30048025,0.36784476,0.29992807,0.33217695,0.25731274,0.25232917,0.19718286,0.24689417,0.27090073,0.3520069,0.36975232,0.46412095,0.43948266,0.5591134,0.48985073,0.6705239,0.6224929,0.6909569,0.7979093,0.6312519,0.5222684,0.4787358,0.64513546,0.76788074,0.6350239,1.1244591,0.9503926,6.082693,6.0087075,3.8971846,2.5353174,2.3786273,2.4909453,3.7891197,3.0482035,2.5298147,2.4067996,2.529577,3.5985508,2.9513252,2.4029882,4.1870437,5.71444,3.0255566,2.319582,3.3565552,4.7918487,5.492824,4.701923,2.678733,2.5304768,2.5975847,1.942098,1.8075653,2.6766872,2.5089507,2.9963942,2.734557,2.18512,2.4365072,1.9487214,2.979363,2.5479345,1.4857413,1.5741936,1.672823,1.528881,2.013712,2.5635996,1.8501815,1.3545297,1.5614522,1.0936759,0.92773604,1.9266855,2.6243074,2.0258427,1.6708204,2.242459,2.1460626,1.2471873,1.0364162,0.9252196,0.6901274,1.29346,1.720965,1.3779213,1.1226304,1.039524,0.88861245,0.81238765,0.67226636,0.43891597,0.86607766,0.7113548,0.5850636,0.70216125,0.58245146,0.37341714,0.46663913,0.5472856,0.56813914,0.43195722,0.47235993,0.5193399,0.72240216,0.7039328,0.8350181,0.4780125,0.5887735,1.1833861,1.3767457,1.1249952,0.8418392,0.7522781,1.1064522,0.6965142,0.65524215,0.71863997,1.2798091,1.1551932,0.7077764,1.6156816,1.892127,1.4277328,1.9071758,2.022936,2.7003977,2.5902467,2.2360811,1.8795774,1.2906361,1.7025857,2.1318932,2.8204021
11.865997,9.426011,14.183677,8.535722,9.508777,7.548864,6.3862123,10.224938,5.295164,7.048925,5.673147,3.0249898,3.8585174,8.4313545,10.975429,10.185705,12.771993,7.9356394,4.4945645,5.0107327,6.667028,3.0614574,8.524477,7.135396,2.6824703,4.6666718,2.706667,4.0333624,7.337232,9.818179,3.548563,3.275286,6.238966,8.889146,9.91098,10.918049,12.868518,7.00725,11.83718,17.583933,6.5670314,4.584774,8.716375,19.065498,10.856995,8.816647,8.86302,8.871685,6.6162763,6.239477,9.166025,4.3744807,4.052771,5.6800623,4.0391426,2.730429,4.5219107,4.1226063,2.6651142,3.1130643,3.6748486,2.2608867,1.9712477,3.4868748,2.3021903,2.4024553,4.9365053,4.966775,4.48774,2.6923656,2.972086,2.1494243,1.2506875,1.6537048,3.3036702,3.78171,3.2743173,3.3804777,3.6874049,3.064634,3.9848583,3.5083177,3.3605819,3.9743288,2.0493639,1.8772051,2.2833376,5.3433223,5.306341,5.1909375,6.6336975,6.612687,2.3476157,0.9337591,6.8751597,5.8470297,6.457689,5.7397237,4.5297112,5.5597787,2.1858342,1.2688739,3.9607463,5.786839,4.734503,3.813453,1.8903211,3.3191154,2.2515953,3.3862877,1.7553098,1.6932935,4.540709,2.1305964,2.2006786,3.2542932,1.5943805,1.0005015,0.85138786,0.61180127,0.88409114,1.2943494,2.5194743,1.5611038,1.1085596,1.4948051,1.3392497,1.1419629,0.3168897,1.1092323,1.0233705,0.38144994,0.6683003,0.83938664,1.081464,1.3288981,0.92407966,0.9247459,1.138525,0.7264307,0.7896609,0.5349506,0.49257147,0.7874351,1.1799326,1.0067024,0.85141945,1.3727715,1.6234529,1.4741184,1.2253482,1.8993038,1.6170758,0.38781065,0.46375674,0.5299688,0.32598713,0.4930575,0.5403019,1.0054325,1.3444871,1.1125344,0.52241796,0.51187545,0.6516524,1.160746,0.9397805,0.6208262,0.71581686,0.30189118,0.2347887,0.36050707,0.5991538,0.54890645,0.1121287,0.31201917,0.428907,0.21726255,0.32396543,0.45840198,0.38279372,0.32803082,0.303515,0.32823223,0.20682716,0.33563468,0.3032134,0.1437211,0.21310166,0.29013383,0.18326358,0.36105523,0.37941772,0.40403405,0.6237286,0.74436635,0.74328935,0.34688795,0.34844193,0.35971174,0.323451,0.26426822,0.31604984,0.3821881,0.6410655,0.9123861,0.51276195,0.4403132,0.41654986,0.5240472,0.442556,0.6859327,1.0587864,0.90509164,1.0333368,0.8669052,0.6774327,0.88861126,0.69912195,0.551974,0.32846805,0.35918298,2.107933,0.6960187,0.9185406,1.2303982,1.013317,1.5656353,0.99666584,0.21971557,0.7657406,1.3382435,1.8987602,1.3136368,1.4503518,0.9727519,0.9983396,0.5580609,1.5467265,2.7163837,3.3450387,2.637591,1.2897025,2.2960517,3.5840907,3.0565674,3.0760484,2.7079935,0.98280597,0.44971,0.6516831,1.1695839,3.5359383,8.531314,7.7216706,4.5136495,2.306921,1.7916917,3.8061779,6.255223,3.6379719,2.6078293,5.0136447,2.2545462,1.2590928,1.0219816,0.56538796,0.74462605,1.7227892,2.8358397,3.981497,2.3420196,1.2129753,2.4459248,1.0107642,1.3345164,1.79954,1.4886405,1.555397,0.76298165,0.64210224,1.1261537,1.0412929,1.2676961,1.3405492,1.5860515,2.7956588,1.536709,1.7518027,0.757465,0.3572794,0.5310179,0.6284458,0.501791,0.6660065,0.77278143,1.4889936,1.7548205,0.6750868,0.25751534,0.35744438,0.71948636,1.4399868,1.4655799,1.0304359,0.87789756,1.0654643,0.71082675,0.9569759,0.8297516,0.9430772,1.0832956,0.38193226,0.60840374,0.8499354,1.6275647,2.3819852,2.3953655,2.3883476,2.5466368,2.0350845,0.8426278,2.1225266,1.8860319,1.7264205,0.6020746,1.3461654,1.6018063,1.2451313,1.3330894
7.5863743,6.1159797,8.460009,7.808852,7.096561,6.5786786,10.894931,9.724571,7.5384274,6.5639505,4.1084538,4.1144996,8.352119,7.750669,3.101019,7.6370945,10.54945,7.3442035,5.015187,2.4823663,4.363801,3.9756923,4.7812977,3.575505,7.3375516,3.881112,5.0341654,8.664902,9.949654,6.1128254,4.186391,5.343668,12.498368,12.869026,6.324422,4.4224772,3.737416,16.463959,13.504277,12.224905,12.503528,8.150097,5.055499,5.035685,3.5041173,3.7816608,3.39092,5.8248277,5.87251,10.476734,7.8394666,4.505104,7.625311,7.112957,3.1934457,2.6429546,7.3326325,6.8191876,5.836955,3.7476344,3.4468644,1.6987071,0.96260077,2.1916316,2.3684173,3.510697,4.6375475,1.0513406,0.91587543,1.7024635,2.5263767,1.9204068,1.4626329,1.4038206,1.2693129,1.0431087,1.3525761,1.2983662,2.9530978,3.5433438,2.9617186,2.927029,9.011666,6.7815266,2.9774303,1.7709023,2.981171,5.3566284,3.6820095,1.8861966,1.5897433,1.7805195,2.2573817,2.80004,2.3301017,3.9804304,7.1225495,4.5580034,4.9129324,3.0510926,3.0771072,2.1116154,3.6850023,5.6028123,4.461321,2.5110621,2.604986,5.8368893,4.91025,4.8059287,1.743012,1.8354667,1.7989013,1.4212726,2.1954026,3.0770235,1.3609024,1.2348962,1.1854751,0.70126194,1.2567353,0.86469054,1.112066,0.6542233,0.75844026,0.9376647,0.8094315,0.7118202,0.8576488,1.4304966,1.0828719,0.5805834,0.60664105,0.6091853,0.91628104,3.3215933,1.9000238,0.7075367,0.9474311,0.8366796,2.0158737,1.7264369,2.4981458,1.5216236,1.0605438,1.1926105,2.3047347,1.8056612,1.2295593,1.4188159,1.2910889,1.4394816,1.7636939,0.8348937,0.3677344,0.28236794,0.53466755,0.88941103,0.6420086,0.69291234,1.2584538,1.013701,0.4284397,0.58874345,0.6874863,0.5614721,0.8434629,0.4036275,0.4320011,0.35567683,0.1510095,0.45564488,0.6379083,0.5008787,0.14535607,0.17326331,0.21066223,0.26769915,0.098707706,0.17503546,0.21441166,0.16510618,0.2361225,0.21686895,0.1635956,0.17797682,0.28018048,0.21556483,0.18961307,0.26292217,0.18441844,0.12363151,0.456851,0.459034,0.30409327,0.21877481,0.34937942,0.31265062,0.3476973,0.17234711,0.08268207,0.16264708,0.10424606,0.16156286,0.33587968,0.20649254,0.057302818,0.23642127,0.54380447,0.7914416,0.42895544,0.59098995,0.71209,0.5130332,0.2939759,0.33528504,0.43058625,0.6497519,0.689527,0.68392485,0.8379247,0.6442326,0.35334846,1.2482697,0.67709225,0.3055616,0.8082031,1.043232,1.554727,1.1820987,0.6403411,1.7429578,1.4524984,0.9086819,0.7838374,1.3609611,2.3335786,2.7499745,1.8205719,1.5266012,4.3721724,5.471827,6.650414,11.798191,6.9878163,6.907881,3.4826472,0.6721835,1.487708,0.9656018,1.9828851,2.0552602,4.251881,4.995414,4.796279,4.923929,3.3907492,2.5685802,2.8638387,3.88323,3.082192,2.530392,3.370153,3.2056334,1.5089899,1.019102,0.8147339,1.1018584,0.8475309,2.1386561,1.9678456,0.7002605,0.79689777,1.4992459,3.3091056,2.7114153,1.0821191,1.2476591,0.9862682,0.5271192,1.701228,1.551671,0.5995536,0.5630659,0.5126048,0.6374824,0.64212394,0.55561346,0.79638046,0.5487214,0.6603571,0.53703815,0.37573478,0.16091728,0.2720432,0.7138458,0.59491444,0.32127047,0.48715082,0.48645806,0.38298225,0.2325065,0.47809833,0.43144673,0.25007918,0.41818604,0.5083922,0.6198954,0.54674315,0.30075678,0.39505163,0.4592169,0.47881463,0.34637704,0.2924042,0.5856042,0.48699123,1.2187802,1.1122347,0.70848256,0.9295252,1.286718,1.8118441,1.1603439,1.1623915,0.82442254,0.9621444,1.4622499,2.6382365,2.0846272
7.1718125,7.2217183,36.66659,17.908396,17.737972,21.826254,23.138214,15.470295,10.229764,11.598272,7.4209476,9.135442,19.838404,16.66728,8.498466,11.316205,9.777518,15.613799,14.196209,4.9974656,7.9181414,11.314619,9.239094,8.505148,10.788443,10.384953,17.325397,19.43251,10.136531,5.650654,2.4045115,3.0912383,8.428585,25.428804,14.358686,14.675111,20.45779,12.316481,10.206756,3.8689852,5.752963,6.6848445,4.0444336,9.764019,4.4697976,2.59062,8.787808,10.337441,14.299617,20.516136,24.857058,8.838676,5.31588,12.973071,21.769865,6.7383165,5.4615197,5.009528,3.171959,1.6337497,2.273132,3.0912516,1.5776069,2.6380792,2.8289955,4.6895466,3.574762,2.6066182,2.220716,2.521943,2.1517322,2.0622644,2.2175117,1.4391389,2.9276042,1.8149942,1.0741804,1.6468557,5.7133336,6.4589543,5.1580825,4.093081,2.1074421,1.6849822,2.2321966,2.7379625,3.8128753,7.0078187,4.667477,1.9552834,3.0832422,7.441599,4.5026855,2.0827262,3.5611024,5.462774,8.105688,7.854304,8.041241,6.5448117,6.955129,6.4403167,9.001128,6.400318,3.0681522,2.4619029,2.7105923,1.9132019,2.7707593,3.7391644,1.8033816,2.1377547,17.083544,8.913919,5.0687156,7.83391,8.448855,5.563375,3.7050188,2.5863388,2.5523908,3.528757,4.884577,3.9457798,2.5510294,1.7632575,1.9112958,1.6368853,1.1997256,1.2979674,2.4676902,1.8890198,1.282311,1.0825387,1.4855534,2.5576608,2.2199938,2.9283936,2.4674568,1.4588478,1.5371202,1.744093,1.6570514,1.1783054,1.3524048,1.2603742,1.2171664,1.355636,3.687105,3.3648987,2.4386845,2.003977,1.6633759,1.4037894,1.1838611,0.67299026,0.33842322,0.79233336,1.4369276,2.1793458,1.919085,1.0879617,1.0293058,0.773314,1.4486964,0.8691412,0.72068787,0.7704674,0.5483023,0.48275945,0.35409704,0.5772031,0.3644987,0.43259287,0.19608495,0.34523925,0.49550793,0.27742758,0.3265909,0.40842745,0.36288673,0.13737807,0.04362738,0.03730308,0.113482416,0.2194061,0.1419465,0.07290719,0.4065297,0.26937816,0.34725022,0.50190157,0.31520775,0.40864637,0.40808898,0.49996138,0.30651656,0.14330406,0.39338028,0.41345188,0.327314,0.33554524,0.38776413,0.3519896,0.19067642,0.2928726,0.37831116,0.34500822,0.32909742,0.22942005,0.33355838,0.3497749,0.41696033,0.4139603,0.2683997,0.24794455,0.262531,0.30579877,0.69060636,0.68569505,1.7202002,1.9897352,7.1450515,8.255116,5.294714,4.131661,2.9397,2.100515,2.910445,1.7768643,1.4199604,1.4520447,2.3585136,3.1006825,2.1804044,1.3841193,1.4898603,1.6842189,1.5985225,2.3981624,1.7791378,2.2328467,1.8606948,3.602237,5.6346064,7.1913433,3.1252086,4.046308,5.107239,3.2050164,2.0471804,3.022844,1.8284135,1.5868462,1.9020798,1.6009592,1.3084995,2.566577,3.026283,1.9509124,1.1781756,2.5873291,4.689458,2.321028,0.72468376,0.30626276,0.25324774,1.23172,3.5203557,5.7580833,3.1866941,0.95607686,2.362104,1.9101624,1.7509426,1.2023708,0.8004212,0.46243778,0.34391922,0.6795385,0.6137767,0.44929165,0.47717497,0.5945099,1.0342152,1.2822704,0.9323292,0.46567535,0.27538872,0.28421664,0.6585947,0.6990609,0.35031024,0.36941382,0.3368519,0.32877955,0.4920016,0.37923664,0.33720535,0.55882674,0.17487122,0.087841004,0.49480885,0.46612757,0.4346294,0.5708105,1.0726745,0.79869336,0.7788671,0.6054216,1.0354018,0.7903881,0.7892932,0.4969388,0.3559854,0.4536131,0.8295299,1.3264098,1.1350502,0.7635824,1.2025162,1.6958979,2.4266787,1.935999,1.7808081,1.1092454,1.4865563,1.2933671,0.89216554,1.3390592
7.5243993,7.035191,8.236706,8.553502,13.558287,12.731995,8.560406,9.690763,13.63982,15.235438,10.6255,4.613824,5.578316,7.838008,1.5322015,7.3603487,7.04959,5.229683,6.4984374,4.8471527,7.106085,9.203365,5.3053904,7.1206465,13.584651,6.622905,6.6747394,7.206248,7.6625867,6.8133783,5.6261163,4.518294,12.927096,18.1167,8.499638,6.8698115,6.883292,5.212115,7.091199,11.694563,9.371243,7.2802067,9.774518,12.846937,8.939524,6.292648,9.85382,6.891727,4.9099584,10.459581,9.92609,6.3473377,5.2481112,4.2256165,2.9437194,6.421276,10.487739,7.9712496,2.0378125,2.4046028,1.8577896,1.3173904,0.5358329,0.89774716,1.6610354,3.4534264,2.0570016,2.4020581,2.3219218,2.616064,2.3428934,1.530241,0.73730165,1.5788158,3.5654593,2.7702594,1.5963211,1.4027568,1.5499536,1.4449844,2.2677124,3.129946,3.6203263,2.2707136,1.3955826,2.2841415,4.6289234,7.01973,4.2870836,2.5537984,1.8684329,0.8645473,0.756999,1.4545721,3.8536477,3.5535076,2.5739977,5.600293,9.550271,7.5532684,5.000194,5.089276,4.699876,4.7697515,3.3144763,5.56938,7.670374,5.7120943,3.309988,3.5867174,0.7769884,0.62273544,3.3952014,2.2268798,3.8390205,2.5911658,1.3595581,0.8698021,0.73487175,1.2616438,1.5619498,1.4584993,1.7596328,1.075229,1.5043972,1.7524294,0.64112484,0.7340241,1.8537117,1.7046549,0.82549673,0.62021005,0.94787496,0.8513062,0.4985812,1.187048,1.3995767,0.9148859,0.32900143,0.7434726,1.1464221,1.2143118,1.3548083,1.0727153,1.2899796,2.1745994,1.3707696,1.5757681,2.3690114,1.192757,0.6813568,1.2957699,1.664278,0.683484,0.7040501,0.7628796,0.87313324,1.055451,0.34894145,0.4543681,0.9167681,1.201702,0.45200968,0.4982659,0.9370141,1.4757289,0.826531,0.7469608,1.155547,0.71469676,0.31338462,0.26739857,0.16142687,0.14644828,0.23938708,0.33852816,0.38320196,0.33438775,0.30497122,0.34402478,0.5357168,0.5545964,0.23152344,0.10783238,0.21646081,0.14249301,0.07231292,0.11294033,0.3483277,0.22790912,0.23548482,0.34349433,0.21728766,0.2186495,0.48377016,0.43568137,0.2687523,0.24337323,0.19334999,0.15527734,0.1344767,0.14924173,0.14444983,0.24350722,0.3439258,0.34072638,0.29969838,0.19909152,0.43568215,0.5027094,0.5882234,0.4280853,0.3875347,0.57480705,0.6264522,0.6482266,0.5415666,0.51888376,0.7500196,0.35649094,0.7935728,0.72703046,1.1583859,0.4755553,0.6793772,0.88298386,0.3743531,0.8483645,1.0522377,1.2863368,1.2155529,0.898482,1.0243086,0.7302909,0.70282555,1.3900807,2.1619446,1.7214046,0.86123806,1.6130416,1.6363432,1.6399018,2.0163963,3.0681183,0.6526141,3.0950587,4.5749655,3.7926888,1.8274539,3.2952137,4.7888565,2.100644,3.3595033,2.6829567,1.693768,1.0597472,0.5417092,1.1163131,0.9918241,0.63191897,0.36908805,0.8638643,1.0521389,2.0818288,0.73711354,0.38001144,0.5772104,0.55839473,0.81531644,1.4863558,1.7585218,1.5307885,0.85751885,1.8339874,1.9098238,0.87265366,0.6593399,1.2065755,2.052367,0.88088906,0.7936512,0.7797567,0.38664258,0.50410825,0.81940067,0.8405611,0.49732998,0.3881508,0.5962273,0.63041013,0.7599773,0.49888796,0.25350687,0.3095149,0.4230146,0.5448907,0.43762323,0.31997266,0.3298807,0.37176532,0.18153958,0.10900064,0.22291996,0.43887225,0.5517425,0.5600381,0.9718212,0.4846964,0.32840618,0.46560404,0.57879514,0.46321112,0.42828193,0.83909076,1.4427091,1.1565521,1.4049318,1.1909193,0.9869088,0.86651146,1.258978,2.0966444,2.5469437,1.3736193,1.3537266,0.85234344,0.71965116,1.1475301,1.321531,1.7774159
12.400418,12.563781,5.6916122,5.6632533,6.3083806,5.6770663,10.377846,13.194107,6.32448,2.0856597,4.9987264,5.4974566,4.3330154,10.785831,12.710718,7.520204,13.604831,12.126388,13.276887,9.522458,10.546626,11.223003,13.940017,14.492355,14.992955,7.0219,6.976289,7.844336,8.880223,11.257422,8.27591,3.2348676,12.770722,2.5055976,9.780385,15.6262455,14.892917,15.985853,10.071382,10.26452,12.936585,8.984576,6.257106,7.6219773,5.1123605,5.6878066,8.882831,11.669504,7.9153423,7.6061163,10.529769,7.7953258,6.658468,6.127995,7.167482,9.030563,7.726469,6.0093493,3.7335947,7.0368505,5.04567,2.1283984,2.9547238,2.4868238,2.7465544,2.4334276,5.960357,3.9901643,1.7026405,1.6295228,2.7845762,1.2275375,4.307621,2.9483943,1.0865115,1.2217782,1.2488031,0.7247456,3.211289,4.073498,2.4538152,4.870254,3.40928,3.4905005,3.6700964,4.139433,3.4893403,4.897362,4.290994,2.7976382,2.6764908,2.0715532,1.2388355,3.895965,2.8308399,2.3276877,1.9772105,3.6261253,8.507956,6.332695,4.404741,4.9381676,5.2845926,5.3354363,5.841638,5.6999636,3.093709,2.1750069,1.8444283,3.2397642,1.2613719,1.0884548,2.1232274,2.3389883,1.6938063,1.0699261,1.5906478,2.8293328,1.4051827,0.93639076,0.8280053,1.751563,1.7951865,1.7697752,1.5313417,1.0818329,1.5270624,1.1896331,0.71619046,0.75229186,0.817023,0.5974625,1.4964215,0.91106045,2.0570965,2.3353274,1.0170006,0.8209243,1.1403192,1.7553171,1.6577486,1.0050182,0.89284176,0.9308051,1.1396446,1.5329264,1.2118335,1.1276623,1.3810223,3.682796,4.9758782,3.345786,1.2998655,0.42278013,0.55964833,0.28300676,1.032523,2.2775302,1.8562417,1.1178137,1.2406613,1.6701641,0.5466116,0.27064595,1.0789658,0.8730865,0.35208076,0.42475238,0.7840744,0.45402518,0.17150868,0.2797029,0.15390971,0.22112116,0.1748067,0.17939083,0.17830819,0.21691765,0.44959763,0.3969977,0.15523067,0.24798185,0.13033798,0.15086745,0.14511126,0.1231606,0.14644372,0.15968633,0.26319587,0.1943375,0.18255395,0.22101384,0.16217819,0.2918283,0.36921018,0.20149761,0.1919176,0.1866911,0.14388001,0.12754159,0.12905654,0.20739871,0.23623312,0.40676117,0.4410333,0.37416387,0.19235075,0.2875996,0.81561965,0.66846246,0.5306865,0.18981369,0.35115448,0.36929527,0.34015363,0.5959793,0.37073186,0.6650639,0.89216465,0.6866754,0.34869257,0.34020227,1.8074062,1.0990494,0.9023716,0.8357944,0.8786685,0.57747483,0.61991787,0.6425357,0.86857057,1.236873,0.7022329,1.4932411,1.3152797,0.6616734,2.2369075,2.8198366,1.3092589,4.7705646,9.217427,10.210271,17.502525,28.847876,27.346132,13.17499,3.7090437,3.2520633,2.0928419,1.3414408,1.4514302,1.3133283,2.5627356,1.421291,0.5561087,2.2796755,2.248328,1.5521901,1.4357963,3.7437537,3.7635927,2.6316905,3.9986055,3.7315574,1.967541,1.2237728,1.2744328,1.7384712,2.3328745,2.1862557,2.2105525,1.2067556,0.77243114,1.8064716,1.6951532,1.4279512,0.34233645,0.5623414,0.97945035,1.6546329,1.3780787,1.1196321,0.8712545,0.8053234,0.84612584,0.3898898,0.6041766,0.845782,0.7273086,0.5719515,0.4997972,0.2760809,0.14542969,0.2869887,0.27862746,0.22115019,0.1583109,0.20310026,0.3506002,0.5837044,0.40824375,0.3343793,0.76303184,0.48999134,0.21644655,0.32883155,0.69007623,0.67795706,0.456015,0.6156998,0.817029,0.60175645,0.26855502,0.4464832,0.624057,0.35738775,0.1974855,0.6907421,1.2888633,0.7092625,1.155282,1.2551533,1.6060821,1.3988625,1.8162779,1.1112437,1.2537655,1.1719023,0.77359295,1.6424371
8.706207,9.690429,7.0439363,5.0352774,4.916126,6.4276094,7.9707646,14.929318,8.55886,3.7209978,1.550507,1.7937833,5.61762,6.7213593,5.2385554,9.558678,8.407674,6.0494366,5.8711295,8.7468405,9.993167,7.198104,14.287117,10.394062,6.1008964,8.558427,10.32779,7.640501,4.7733345,5.5088096,5.1982684,12.025312,10.133428,6.7603273,4.662104,5.2729497,9.236544,6.5999575,1.5417608,4.810351,8.928456,11.941774,13.2257595,14.499702,6.425118,6.3590503,5.5721726,3.7534218,6.5096054,5.3930154,3.2116928,1.976208,3.1796196,5.537965,2.8456635,3.170924,3.7829814,1.9390072,2.9046667,3.4979644,2.9726224,1.8618784,2.5944917,3.849046,1.8873492,1.9612265,4.992999,3.5268078,3.33634,2.7796378,1.4930481,2.0343573,1.0084075,0.6309125,2.0333486,2.3192208,2.0666828,2.919504,2.7121956,1.5665915,0.997725,0.6584307,2.0782576,3.748591,5.077942,3.4902983,2.0759933,1.6627153,1.3051208,2.3346891,2.6455722,1.9523001,1.7544739,1.2843177,3.728822,5.0358257,5.728195,6.6163135,5.9941797,4.695107,4.1470757,2.770267,3.7966466,4.950542,3.7154872,2.2399836,3.4170165,3.7169363,3.6466444,2.7443664,3.3501828,2.74344,2.7005188,2.44985,2.4398723,2.854576,2.2792249,2.0781279,1.1378984,2.3052151,2.0902889,0.6087881,0.73052275,1.2658224,1.6787999,0.6974023,0.8189191,0.55960745,0.865071,1.5459579,1.1062424,1.0586836,1.2785407,1.3830001,0.66692597,1.0607299,1.1480209,2.714422,3.9133718,4.829585,4.3257127,1.7348619,0.55154747,1.2471701,2.0677514,0.994567,0.97228783,1.4395704,0.64980847,0.40130746,0.54444486,0.51035553,0.5384159,1.4720256,0.91718847,0.48404887,0.5578253,0.65676653,0.6059792,0.76915365,0.78106713,0.6025076,0.4460942,0.5176141,1.0849057,0.7474024,0.5201275,0.5319456,0.46746945,0.5512031,0.452427,0.25227094,0.11478075,0.2747303,0.15918295,0.26544327,0.52790636,0.45272836,0.4617468,0.2659144,0.12409765,0.10788068,0.11028924,0.18704511,0.21512865,0.1562454,0.042299613,0.11266822,0.12098235,0.090927556,0.07415445,0.06744392,0.13397077,0.20921,0.43601367,0.41699895,0.1914759,0.45749074,0.53941715,0.32172546,0.20664231,0.17930575,0.15378658,0.1371495,0.16224381,0.38829353,0.30237746,0.32850108,0.44199026,0.15315056,0.266924,0.43494228,0.3882896,0.45338884,0.57154423,0.46920666,0.4944374,0.5600547,0.44643405,0.54007703,1.1976678,1.2806782,4.032138,1.9475733,0.69962525,0.644729,0.8975532,1.5193642,0.73220384,0.29710367,0.5008896,0.37145153,0.5598714,0.8341971,0.7106026,0.8931191,1.8904704,2.072371,1.7387141,1.4706262,1.9569012,2.7842553,6.074789,5.7250385,4.7603383,2.2383456,1.4519308,1.8747278,2.2872717,1.5145966,2.2398343,4.8098073,5.4955907,3.369517,2.4186156,2.27827,2.8616142,4.0690646,0.9840856,1.3983636,0.87191665,2.844337,4.3008194,1.5471605,1.3533517,1.0372399,1.0117918,1.5974154,2.876837,2.5327594,2.2243586,1.6281725,1.4316195,1.5565007,1.3742474,0.97441596,0.7017287,1.1579651,1.5681337,0.43782064,0.29389137,1.207146,1.8095046,1.0962085,0.72526777,0.6193122,1.2104571,0.7405473,0.5565209,0.7434841,0.6610531,0.40407667,0.35438776,0.52742505,0.7283219,0.73791766,0.48589814,0.59171987,1.1430416,0.68953544,0.5876766,0.45569825,0.69617236,0.64647627,0.6743007,0.77103305,0.7210647,0.9343628,0.57279867,0.8738821,1.4022975,0.6567431,0.7625628,0.7737684,0.7984689,0.54975736,0.93342924,1.0282625,0.7948821,0.7265247,0.7898041,0.41465223,1.4493016,1.0610126,1.2368252,1.5963154,0.8681881,1.5517274,1.5509638,2.274526
7.559763,7.073822,13.801162,10.969125,22.916763,27.815447,11.810493,4.3413844,2.4808269,4.540039,10.579704,7.449541,4.029375,6.0122037,2.5322664,4.5855703,4.5855055,3.5577364,4.472536,4.9924984,9.24379,6.3497643,6.086321,18.683496,18.998459,10.293549,11.110687,9.297654,6.451724,7.817515,2.3640597,4.1686735,2.3368556,2.6919851,3.516756,5.81429,7.498616,4.565437,3.4548812,5.168061,8.883348,8.682906,5.2264705,5.387135,4.4211755,4.1576447,4.5812473,3.046502,6.2413588,10.9210825,8.218706,3.9162726,5.039143,6.0105577,6.690078,3.7026913,2.280323,1.7981328,3.3302393,3.2272868,2.1978507,1.4224793,2.0036168,2.687915,1.6611435,1.570867,3.5046842,2.4127853,0.99769187,2.110655,2.3325012,1.5423023,2.2134745,1.6645836,1.0062006,2.6624715,5.6693215,3.5396378,2.551054,4.5015635,4.011612,4.2920046,2.711863,1.7696599,1.8244034,2.6779609,4.8316255,3.8948,2.8554363,5.38916,5.1336994,1.9251541,1.8231705,1.9668885,2.4528334,3.9032,7.439617,4.8780904,2.456623,2.741558,2.7835956,2.5331311,3.114568,4.1140237,4.8714223,2.9854035,0.9470792,1.6924936,1.4171149,3.6277702,0.665812,1.0779852,3.8311112,9.420525,13.39942,11.331542,3.0360744,1.4466629,0.9305283,0.5780729,1.3513408,1.1086919,1.0552812,1.495971,1.4071944,1.6469452,0.87377715,0.73757464,0.46535304,0.77181804,0.45732948,0.42074883,0.53244776,0.37415665,0.21800217,1.000725,1.2440292,0.9276287,0.64763194,0.66495985,1.1078708,1.5910436,2.2035656,1.6753179,1.1716499,0.8586928,0.51500756,0.69329464,0.9211998,0.8391473,1.1692665,0.958807,0.91144323,0.37688333,0.43464732,0.40320176,0.6421322,0.5161324,0.27956757,0.61818504,1.502205,1.1107054,0.7298912,0.83479315,0.7109187,0.36209753,0.5431773,0.42640054,0.15687233,0.2892065,0.3015916,0.30801526,0.31286058,0.25422087,0.1903531,0.1298257,0.0722792,0.23267369,0.5967019,0.38500854,0.19026618,0.33675095,0.23921515,0.13946646,0.19955371,0.2027334,0.18218948,0.17892624,0.072273254,0.0418721,0.11533956,0.16445656,0.20482267,0.261932,0.4730866,0.42200053,0.56189334,0.45608434,0.312577,0.15935746,0.13951117,0.12822008,0.13227141,0.11542691,0.21223143,0.43355396,0.44667545,0.47102383,0.68720204,0.4894246,0.45801657,0.34064516,0.269038,0.35140973,0.35817873,0.3913681,0.26023215,0.51320803,0.576791,0.5507792,0.969977,1.0579625,5.012715,5.7723656,2.2905712,1.7417681,1.5095793,0.3094769,0.5794662,0.87156117,1.1823394,1.1380283,0.54682153,0.43687075,0.50361806,0.8198641,0.69068444,0.90210634,1.48576,1.5342898,1.4539627,3.461768,2.9256299,4.8229995,4.361104,3.6854236,1.8474393,1.346875,0.71647465,1.3603414,1.55608,1.0625732,1.4571025,1.4901766,1.446717,1.4103886,0.630279,0.78141975,0.91193014,1.1946656,0.88746125,0.7315037,0.7448142,1.2835877,1.0675366,0.8661796,0.91067517,0.60860837,0.99760324,1.8449982,2.400293,1.8634089,1.6085818,1.2055546,0.37392953,0.57017,0.6205993,0.40132478,0.64349747,0.3223811,0.46064794,0.50825065,0.68211997,0.7704385,0.35639605,0.7613655,1.3117775,0.833448,0.5667454,0.8652098,1.2211845,0.86136395,0.29237095,0.13727945,0.148573,0.46326232,0.5047452,0.43514067,0.69328666,0.88555443,0.6049882,0.35367736,0.65752673,0.5225793,0.6710538,0.8867812,0.62418187,0.6339117,0.8412351,0.59656405,0.66132474,0.50386435,0.7674226,0.65970653,0.6910103,1.5051357,1.8363981,1.4462765,0.91780907,2.7885735,1.8640046,0.8071949,0.71145517,1.4661157,1.6317793,1.0734614,0.7391576,1.0125854,0.51782185,1.2152432
3.8462286,3.2475178,9.539382,21.20921,18.06142,14.356376,5.4347296,2.7843485,5.7228584,7.258467,5.17304,6.912112,4.9595985,4.0326524,3.9911788,8.564112,10.683556,8.428934,6.820193,7.691313,7.185099,9.108433,5.5309505,3.543554,4.338428,6.4111595,4.9256973,6.3930955,4.406287,3.9018679,3.2636027,2.433556,4.687546,5.059543,4.6120663,8.015841,8.794702,37.048645,17.429918,8.9634075,11.730487,8.092411,7.1475496,6.6367545,4.9392166,4.3642864,6.093356,11.38907,6.889024,4.035321,4.3178325,4.198002,4.552889,7.0831513,9.6188345,7.058669,7.639096,4.8808293,3.6311877,2.2347713,2.2627532,1.1630499,2.863893,3.2813926,1.9421164,4.654436,4.890846,2.317158,1.4461652,3.5938237,3.2518375,2.2863805,2.0365186,1.2614928,1.5183306,2.1650393,2.0726335,1.5627227,1.5534766,1.9752635,6.702081,4.7917,3.531876,2.3731396,2.341152,2.9130898,2.1961105,2.1395395,2.0842957,4.7010446,6.1956115,2.9620187,1.6014006,2.2402978,2.6732635,2.6930435,2.5565615,4.085091,7.485395,3.06174,3.6951828,5.051864,7.3269067,6.3783407,4.433672,5.857909,4.470208,3.8685043,4.8913007,2.2672234,6.32616,4.3534155,12.253812,18.67084,8.869155,3.2150812,1.9282215,2.7643046,2.117575,1.081725,2.1011155,1.5520614,1.1911228,1.5087987,1.6089618,1.31318,0.77958494,1.0346808,1.6089826,0.9930878,0.3618768,0.6245891,1.0268272,0.89238995,0.6063681,1.4581571,1.3457737,0.70352244,1.6982472,0.8502227,0.8708492,0.66817635,0.2972594,0.4885589,0.963622,0.8621306,0.71432304,0.62491906,1.0861148,1.1704543,1.6628251,1.0229882,0.89500433,0.7600703,0.6481623,0.5211901,0.7756252,0.80354613,0.6289355,0.82133365,0.75963676,0.51298594,0.23653045,0.19676776,0.73354566,0.90650034,0.9279151,1.1363044,0.7894262,1.0623043,0.9790628,0.64586973,0.18089521,0.17104883,0.12839413,0.20694955,0.1354509,0.04794051,0.27289903,0.33953595,0.17281882,0.28105253,0.15777822,0.2302518,0.29916888,0.22950089,0.1862766,0.121688806,0.21354973,0.23979819,0.4075631,0.2732092,0.35337767,0.32594633,0.43915796,0.36174887,0.19423911,0.17111684,0.24970841,0.07113108,0.2222174,0.34644014,0.2187881,0.20219208,0.49170706,0.69210774,0.46723288,0.19338387,0.38136554,0.5808704,1.0213675,0.71980953,0.50425607,0.27897292,0.6053923,0.83718187,0.46452376,0.5226784,1.3966779,1.1493618,1.3452052,0.92562973,1.112963,2.3927617,2.816866,3.6738849,2.2575934,1.3382186,1.7089984,0.8688126,1.0844848,1.710992,1.8221582,1.4728857,2.0267441,0.9569892,1.3228216,1.946679,1.0958838,2.3500795,3.1750445,3.5326025,5.8482,11.221525,4.8769197,2.420263,4.0722475,3.1107168,1.776944,0.87120086,0.98368454,1.3068162,1.3450679,1.1727915,0.9126882,2.2936096,3.4895816,3.2909198,1.408511,2.8430934,1.1978347,1.5593665,1.9887662,0.74892676,1.2754226,2.0787647,2.2763736,1.2116746,1.584222,5.083675,2.4023924,1.224798,1.228156,1.467808,1.4399192,0.59825844,0.5459872,1.2210389,1.2298594,0.687829,0.83217704,0.65576917,0.6675306,1.0048662,0.72994274,0.8404689,0.37942263,0.30756533,0.53833747,0.5511257,0.58956665,0.9133716,0.7041332,0.41073915,0.3059895,0.2536,0.2689319,0.4800508,0.8002242,0.35710487,0.6125154,0.30018544,0.33593708,0.2703468,0.7138463,0.7089796,0.5605291,0.11668574,0.5599309,0.35466066,0.3579285,0.6880529,0.5669115,0.47541332,0.63188976,0.8696701,0.68037987,1.3934296,1.8810875,1.4654449,2.7143624,2.1144962,1.3105495,0.8932122,0.87016356,2.5997443,1.7284813,1.4278221,0.9838551,0.75098354
6.526125,4.5848846,7.8345413,7.8403034,11.471768,8.951427,3.9387872,8.4091625,4.3224664,3.759811,4.1398597,9.244819,8.541733,6.760582,6.64626,10.886517,9.398172,6.4898925,11.435109,6.3225813,5.182023,3.2234392,2.7455297,3.7359486,4.7091856,6.2687287,9.179783,4.118661,9.705921,7.312542,3.3026266,2.6107588,1.6950918,3.1055787,4.0006104,3.4918718,6.3051405,6.2611156,4.77337,9.118738,15.819201,14.438916,11.150844,6.586951,2.98967,3.456349,4.067868,2.530553,3.536238,8.324413,11.047602,6.165292,7.1408877,10.509285,13.028077,8.3103695,9.448307,11.192712,5.2480526,2.3645911,2.2216115,2.5555975,4.9661317,4.446154,4.225769,3.2739537,1.7011968,2.127417,2.1787553,2.160309,2.164529,2.310321,1.8563955,1.7238171,3.3708773,5.026713,6.140116,2.5328963,3.0603764,4.475864,5.21693,5.2563834,4.236653,2.7758799,2.723374,3.6060095,3.4226215,5.0424004,8.653561,6.1548276,11.531726,5.549579,5.687892,8.0428095,3.7435188,3.8798516,4.3562584,4.17006,4.298728,3.0956426,4.1881566,4.8084908,5.399158,10.398947,4.1744595,2.561782,2.7689536,3.290404,4.115828,2.6583118,0.40757427,0.37782127,1.7828702,1.1685529,1.0928503,1.6154364,1.9502616,1.972065,0.8345837,0.7011232,0.37948635,0.71005684,1.0148665,1.2776029,1.1753778,1.6802427,1.0341681,0.7949571,1.203954,0.99306345,0.93055016,0.5237868,1.3144854,0.62029713,0.7376855,1.062082,1.103054,0.66987187,0.58936125,1.2316006,1.5568008,0.588009,0.7265481,0.9699944,0.8486762,1.8701994,2.9855685,1.1579597,0.95348614,1.6893029,1.2866175,1.0555975,1.5701463,1.136084,0.8015291,0.4136869,0.41034773,0.7190377,0.60160714,0.5523967,1.0936908,1.2692617,0.66621214,0.49119753,0.92296994,1.4819986,0.67132574,0.4811473,0.8513397,1.7710409,1.0106429,0.8618195,0.55286413,0.6518497,0.36829686,0.44167382,0.35501754,0.32957464,0.21672966,0.5315134,0.8921564,0.32841936,0.34364298,0.4060401,0.46722996,0.2752749,0.3856877,0.46102327,0.55659044,0.27900982,0.63903886,0.5898067,0.53052354,0.48324522,0.61366504,0.5043987,0.89346176,0.9480744,0.57793766,0.4267968,0.5269023,0.353373,0.42178914,0.8432773,1.2244108,1.2753731,0.7591724,1.1927577,0.99968874,0.76108015,1.3741957,1.4710369,1.0116484,0.85881764,0.9780159,0.991687,0.92561567,1.3408452,0.9149241,1.5095646,0.7180819,0.8091849,1.0777918,0.60797924,0.9995781,0.90446126,0.35474187,0.723933,1.0377189,0.567018,0.67604965,1.1503319,1.5114722,1.0727644,0.45650497,0.43437096,0.5593765,0.77169675,0.69330984,0.69217926,0.7067711,0.61823326,0.33326003,1.7570616,2.0109906,0.6641371,2.2700353,2.2375724,2.1697896,1.5633028,0.59191245,0.5419194,0.95351845,1.2661669,1.0807897,1.8966026,2.2414782,1.2293137,0.5125626,1.1258206,2.3015237,2.2950706,3.6436863,1.7561225,0.56340694,0.35264367,1.0143192,1.6690046,2.0810122,1.5501329,1.2569294,1.7092438,1.3055793,3.803779,5.465645,3.0242193,1.8800168,1.9725008,2.462711,2.646056,2.3071117,2.6535616,2.3205905,0.9981213,0.6893283,1.2241843,2.3251295,1.7407968,1.0457044,0.74596786,1.4776607,0.7321424,0.4742045,0.59414285,0.82419574,0.54711163,0.90714836,1.2236294,1.3523647,1.2414685,1.1142055,1.5818666,1.5678817,1.0844041,0.4645538,1.0274649,3.4154897,2.6009245,1.9447513,1.4509661,2.0909543,1.8495878,1.5415549,1.6209298,1.3325657,0.9586774,1.179538,2.10757,2.911385,2.9656522,2.1137323,1.7194667,2.3142676,3.5474741,2.3381238,2.263486,1.3839382,2.998057,3.2538967,3.1456122
3.953469,5.290828,12.269508,8.455224,7.4811153,6.770378,7.933285,8.511037,7.1239085,6.555831,5.3608685,8.539619,4.015406,4.3223014,4.8937125,12.727287,18.98742,7.7004538,4.5455503,5.7640743,4.64227,3.7545068,7.5258617,16.709496,27.209148,12.5599575,10.3090725,6.725901,6.273393,5.1369505,2.1819775,2.1062608,3.3014996,8.524882,17.556202,25.812746,64.32288,70.40047,19.857687,7.3305593,5.833517,3.7742727,5.1258373,5.779112,12.5590315,9.261837,5.469941,9.004753,11.425426,15.241199,11.435108,7.75636,6.690573,2.8205674,3.3430133,1.6056781,6.558042,5.798949,4.7182364,5.831065,3.3892577,2.2488308,2.4729998,2.3778346,1.2304468,2.7149544,3.201981,2.3449686,3.9168663,4.879802,4.547975,1.9991112,0.7176504,1.1631069,1.504739,1.3888804,1.8462332,1.985402,4.028739,4.4287877,7.5260487,9.81632,6.8901715,4.558288,4.605859,4.98931,2.70192,2.771461,6.411446,6.8248944,6.099327,3.9065847,3.3451703,2.2698514,3.2316551,5.641255,5.058299,1.8606075,4.831195,4.1589227,5.1246037,4.389635,3.5816844,3.4676352,3.3782954,3.091163,3.8065562,4.052002,3.0892444,1.3776258,0.76772803,0.6680631,4.7231717,1.1899726,1.3126032,1.4833747,1.2316692,1.4521091,1.7203684,1.9073848,0.9470501,1.0052767,0.9969239,0.64160514,0.4546496,0.7754008,0.46235657,1.6877004,2.5571094,2.1025512,0.9059162,1.2356509,1.5221846,1.0349402,1.0079607,1.4923754,1.4240232,1.5161364,1.3864932,0.99813974,0.71618396,2.6867883,2.0515876,0.6809507,3.1185162,3.1920497,1.8115215,1.1271067,1.4069242,1.6418508,2.4031692,2.2976048,1.4721106,0.8522767,0.67076796,0.5255307,0.4873243,0.5686817,0.9576442,1.5385612,1.4266971,1.4155828,1.6043792,2.384049,3.4273663,1.490085,1.1684607,1.16036,0.5635147,0.39348072,0.772462,1.1502737,0.7279008,0.60883313,0.3148694,0.6602372,0.92005116,0.46476388,0.5341567,0.25008354,0.16171667,0.26530924,0.31770185,0.4496964,0.274275,0.37862203,0.65196645,0.5803814,0.3330884,0.26965424,0.3528641,0.33788586,0.23081005,0.45363188,0.3951395,0.37112808,0.6518374,0.3202283,0.2395632,0.14759791,0.27805403,0.37067658,0.3812686,0.5041629,0.34174258,0.37143147,0.7271955,0.75358796,0.5025173,0.1590364,0.7103907,0.99804467,0.8744609,0.810274,0.8831506,0.62414646,0.5957353,1.0209081,1.126331,0.5868296,1.2955859,1.3007549,1.6973593,0.4687026,0.2795633,0.44127086,0.6017534,0.54689646,0.84246004,1.0290788,0.6104146,0.87908244,1.0683498,0.9390559,0.7578778,1.2064855,2.6009161,2.245452,1.1423376,1.682271,3.0066457,3.7977607,5.012814,10.204062,9.63934,5.09744,4.111727,4.833445,2.7482922,3.4463027,3.9101648,3.356858,2.2448053,2.9259627,3.3494363,2.178587,3.027366,2.8705678,0.8654197,1.909205,3.884873,3.6261582,4.3664694,6.88173,2.278742,1.2011648,2.6426394,1.8435513,1.8621794,1.6620963,3.058676,3.8800056,2.9597456,5.272194,5.5267153,2.528493,2.060654,1.328592,1.3980058,1.4206942,0.97692835,1.4114202,1.601867,1.711872,1.7372222,0.8377644,1.1695834,1.9440736,1.3923562,0.6812171,0.7112169,0.5668051,0.3586839,0.34949616,0.5664239,0.99145055,1.5669059,0.7778322,0.5559095,0.55758035,1.1135176,0.8204339,0.65789545,1.1775885,1.0498635,0.6758253,0.6990565,1.1270255,0.5026084,0.56100655,0.5569098,0.49403864,0.82302284,1.2911946,1.5882272,1.7380389,1.5672301,3.8265183,3.167004,0.88380593,2.570922,2.3517742,2.91394,3.0528262,1.3865254,1.1692953,0.76856226,1.6705784,1.334811,1.5948573
5.6971197,5.4966393,12.201862,5.0749674,4.2928886,3.9878201,5.758486,9.4487705,4.5014014,5.008237,4.6149635,4.2041864,5.826356,5.293577,7.1262274,5.2850165,8.800265,6.6998215,5.5794754,7.5267344,14.1726,12.078353,15.383276,10.325165,2.7870817,8.680288,13.1178055,10.733063,4.0176005,4.341325,3.9039757,7.8625855,9.64267,9.056129,5.573354,7.718915,15.462732,16.08822,8.995011,7.896722,8.64375,8.404289,9.306376,3.2186084,2.8931444,3.8010812,5.9006114,2.5909472,2.4196084,6.5200453,7.227818,3.2380576,4.1976895,5.5764546,4.100984,2.927904,2.863836,2.4657018,2.8072176,4.625929,3.7980516,2.7962756,2.9009194,3.2700686,2.017821,2.6426458,2.9073327,2.7968504,2.368387,1.6838975,2.4163313,2.3242502,2.6613238,2.3281875,1.3942468,1.9880652,2.8142247,2.7109928,2.6046274,2.5892203,2.934173,4.663181,3.861101,3.0344498,3.6811664,3.6515594,2.1868935,4.3813376,2.0397537,0.63827187,1.4673865,3.673679,3.5624418,3.5967119,3.4666877,4.15908,2.301213,3.8570538,10.355413,4.9931726,3.3923502,5.5205784,4.7775874,4.4665136,3.0313103,2.3544068,1.545455,2.2175615,3.361682,3.373727,0.05199204,0.09568751,1.719644,0.9261745,0.66124964,0.59073466,0.63300467,1.0287749,0.807586,1.0938797,2.1086025,0.9715168,0.9346098,0.71655124,1.1534679,0.96634036,0.5151663,0.908043,1.1985395,1.5885785,0.82652783,0.56373316,0.7694266,0.55506724,1.2515265,2.0364554,1.451834,1.0408269,1.4981706,1.7926431,1.6070001,0.70336056,0.32351407,0.98118746,1.0760766,0.87827146,1.7459189,2.2627082,1.7133777,0.88697857,1.5750031,2.4907575,1.9815887,0.9088338,1.1112305,0.5424388,0.46093053,0.6127224,0.6824732,0.8941717,2.025583,1.2228384,0.84947824,0.42186394,0.3141628,0.7595616,0.23970295,0.5480445,0.69690895,0.46069667,0.29878622,0.40889397,0.228896,0.22511345,0.34228238,0.3694376,0.29501945,0.28105208,0.077562675,0.06521355,0.19536808,0.33239666,0.1894636,0.13939397,0.13151996,0.21298745,0.21137151,0.13914016,0.14020954,0.10567875,0.12726095,0.331789,0.2557225,0.2446345,0.449163,0.24779817,0.331228,0.18045537,0.09445667,0.1858165,0.11801982,0.1047319,0.12016028,0.21836779,0.27966094,0.1877911,0.17711332,0.21732913,0.25775364,0.74953455,0.7540091,0.4723853,0.55973095,0.66483164,0.6229484,0.47771323,0.6604381,0.67364484,0.41684386,0.48886964,0.9770753,0.76735437,0.39007637,0.5622507,0.6373454,0.7805527,1.8975112,1.7016437,1.1086445,0.38859543,0.36097685,1.1160984,1.5351433,0.7410918,1.575687,0.97969764,2.2773316,2.5242884,1.960786,3.4725769,3.7291474,3.1013596,3.8376021,3.8185039,3.9656699,2.775474,2.777391,1.1193682,1.4332194,2.8511462,1.3568057,1.6011387,1.3410038,2.78114,2.8881238,1.2483335,0.8737026,1.2394392,1.7136424,2.5994942,3.6327853,3.1225126,2.4744039,1.9105952,1.5136002,1.3013195,0.85394645,1.4558705,1.6876109,1.1126816,1.8951119,3.898686,2.1652844,1.1261747,1.1386268,0.9383751,0.4385301,0.51308835,0.72379136,0.6900057,0.40919736,0.8280479,0.753132,0.53295326,0.78186,0.84282964,0.5933049,1.4436585,1.2068055,0.314463,0.43952417,0.7493275,0.33961383,0.26486027,0.38697764,0.74427783,0.47498497,0.65933233,0.7202618,0.37602684,0.3188675,0.48707083,0.69622165,1.0948341,1.2013904,0.68417895,0.44780782,0.367115,0.50156,0.38641226,0.47670206,0.35510895,0.40561637,0.83499473,0.89984316,1.0266184,0.44947693,0.65289193,0.5870687,0.418021,1.1314106,0.986267,1.3143935,1.9720513,0.80294704,0.5459322,0.78669053,0.94732815,2.287246,1.5597547
3.4593217,2.7537496,13.564896,5.364686,4.1752076,6.2762547,8.864677,7.8939576,4.1684337,5.201114,7.4501934,10.513753,4.8582983,7.5157666,7.0437517,7.9704337,5.8131433,4.886821,2.3656893,2.7396996,4.582857,4.008656,6.2979465,6.1546664,10.081172,7.648137,3.261234,8.119297,4.4180975,2.3658772,2.397474,4.6510186,2.9919775,6.240803,5.5720634,3.5737493,10.365014,7.1505637,6.015873,4.288084,3.5466907,6.6406345,9.163515,7.4478803,7.046686,6.443315,3.9464414,3.1561172,6.7268977,14.7575,2.5541704,9.29798,9.510271,7.612488,16.971725,11.200319,9.244575,5.1148267,3.0015125,10.424001,8.866723,3.8899302,3.1017997,2.2932794,2.5952659,5.7241673,6.209368,3.2667167,3.3129227,2.569812,2.5171978,2.5502038,1.8679644,1.8501784,2.2256026,4.991525,2.08535,0.7413134,3.3594468,3.341394,2.7834702,2.2374895,1.6108114,1.8489711,3.5548155,4.241816,2.1872182,4.248072,2.7079792,4.2109895,4.812726,2.6872108,3.0177202,6.3842006,10.201302,6.2992787,1.3701175,3.0044515,7.812442,4.9897795,4.608685,1.8860594,2.9029028,4.020708,3.3039205,5.8839607,2.9638128,3.481031,2.8737245,2.776571,1.9736261,2.091834,2.5248244,1.5610904,1.7518574,1.1651318,1.8151786,0.8912908,1.1609071,1.9374145,2.572611,1.7027401,1.0542825,1.5631807,0.894416,0.40316358,0.5717203,1.0744306,1.0021437,1.1266332,0.87754244,0.5652307,0.57880765,0.7187882,0.72534984,0.9777586,1.5390227,1.0255301,0.6563259,1.4238021,1.4166346,0.6850793,1.0129597,1.4376934,1.1297016,0.7181483,0.8459832,1.0430093,0.62430507,0.6755323,1.0569744,1.1418426,1.1308295,0.5742387,0.34412122,0.51941484,0.3721917,0.37289286,0.5418322,1.3290937,3.4697058,2.9324536,1.9530755,0.91255236,0.54312366,0.75329053,1.370317,0.5273629,1.1980067,1.2635735,0.29046708,0.59724116,0.5476255,0.48492554,0.68160975,0.9772335,0.36800385,0.22838251,0.41850224,0.24189565,0.35368687,0.28727594,0.1511485,0.32818115,0.32598928,0.45790827,0.6715867,0.67006576,0.47302178,0.36903718,0.2969818,0.37513372,0.4079501,0.45970136,0.5629263,0.4487398,0.21897842,0.23524992,0.3944405,0.43863326,0.34561992,0.18753164,0.53310794,0.6673751,0.59591883,1.4375159,0.7566327,0.8900268,0.9414376,0.67998046,0.7439018,0.41034263,1.2248297,1.0972464,0.6671192,0.7509332,0.9437483,0.7705207,0.52012974,0.30569902,1.3335325,1.2401707,2.1407008,1.9922093,1.4023231,1.1275119,2.015475,1.1841284,0.9628432,1.474502,1.4005564,0.6076537,0.56644756,0.8033597,1.1144303,1.3459828,2.349662,2.4382782,1.2288227,1.099378,1.2494891,1.5125921,3.9082415,4.199924,1.3912616,2.9745107,2.836196,2.176873,1.2669659,0.97698224,4.1353755,6.974148,4.5409894,3.4719353,2.673957,3.8187058,4.2740803,2.797518,2.401486,4.4949265,2.111893,1.7676258,5.9832172,5.7868576,1.0589635,1.2357618,1.8792845,1.3526846,1.1929512,3.1182537,4.8438296,5.2264776,3.821436,3.488964,1.3831645,2.0292144,0.8530427,0.8398115,3.5981393,6.1374483,3.0199678,2.9982972,2.2040033,1.2625726,1.8472115,2.8915474,2.4537182,1.4014512,0.81327415,0.52509093,0.5757666,0.671335,0.90182585,1.0587178,0.90268964,1.4641824,0.9872085,0.7090409,2.0128288,1.1978883,0.862142,0.7991043,0.64693785,0.92711705,0.9176909,1.5162598,1.1439734,1.7097307,1.2964889,1.2979383,1.024323,1.2242692,1.0857776,1.335377,1.265221,1.7729349,1.2708917,0.9903003,2.4070091,2.4747143,1.7773063,1.8030695,2.3596153,3.3156862,1.2044879,1.1510519,2.4211273,3.5524728,2.59932,2.0522966
15.502798,11.959855,8.870516,7.8253865,7.1984406,4.2283287,4.6961308,6.772014,6.0396247,6.2261496,6.4955573,6.467191,2.6996667,2.3049052,6.0826488,8.780824,8.690472,5.3347554,6.2873607,7.585207,10.104475,9.189974,7.9460163,11.816596,24.302448,15.511982,9.656047,5.9853897,8.356891,8.518835,4.098796,2.0329757,6.209746,9.323583,5.0514474,2.391798,3.7153413,3.503593,4.903431,6.1725364,3.9825485,4.237539,6.3576655,10.309478,8.384823,3.9741564,5.0086603,4.8341637,2.7893312,3.9514852,12.868581,9.751082,8.678691,6.599501,4.940084,7.552874,8.026232,3.734483,4.7407265,4.902413,2.4735618,2.6503701,4.128212,4.6429653,2.7968755,2.0954943,1.8137898,0.8471034,0.53991836,2.4783404,3.4072475,1.3856381,1.3838254,1.7151943,3.6084461,2.826352,1.2183545,0.8108836,2.1534488,2.523438,1.5949234,2.137916,3.1099997,3.915784,3.774321,5.8170595,5.0940742,2.4764838,4.3490524,6.525912,11.34284,4.3442006,2.6690736,3.9017918,2.5471525,3.8847463,5.814826,5.3763194,8.337276,6.2355957,2.9881244,2.677715,4.992034,3.0026186,1.4068292,1.8734378,2.0182917,3.2587047,1.2823187,2.9562216,1.2170931,0.8143612,0.59666157,0.61599946,1.4335479,2.9033422,3.0878267,2.154589,1.6247604,1.3143548,1.5173995,0.87990487,1.0039706,0.91001546,1.4090124,1.4645067,1.0690371,1.3397131,3.6353188,3.0728798,1.0751455,0.79498225,0.7101176,0.7299376,0.7110212,0.83992726,0.8308795,0.57068247,0.72146595,0.5317322,0.6328936,1.0515349,4.0183907,4.030994,1.8046539,0.84230214,1.0211217,0.9270414,4.0847297,3.2106345,0.9672879,0.83265185,1.1701623,0.55054736,0.52476,0.4901897,0.5422945,0.7540275,0.6874728,0.8657688,1.0872208,0.61045074,0.17450668,0.25792333,0.9748317,0.78567004,0.33541557,0.60731286,0.33749017,0.14475662,0.1548687,0.22215167,0.4540549,0.26390696,0.27593973,0.4957879,0.2738508,0.16387637,0.13182247,0.18658803,0.37233204,0.254103,0.18348709,0.28640217,0.18463603,0.20682578,0.2664795,0.26168156,0.22098902,0.1853592,0.23891485,0.24517518,0.07466767,0.31425244,0.33774117,0.40309662,0.25987172,0.3080587,0.22564942,0.18002596,0.34741402,0.32829612,0.14220513,0.12934114,0.19701019,0.294962,0.67920446,0.72468144,0.58884287,0.57456106,0.59101135,0.30292657,0.28019544,0.26758912,0.44140086,0.25928167,0.1622536,0.58057404,0.42081007,0.31250796,1.5253487,1.7845488,2.5040298,2.6683357,1.6540561,1.2280353,0.79621226,0.8423694,0.9811116,1.0167935,0.8195232,1.4427515,1.1658704,1.5814997,2.925056,2.5914397,2.2422504,2.765831,1.5363736,1.5165086,1.4550549,4.9449167,8.87934,8.205301,7.329933,5.353315,2.258709,1.9459795,1.3990256,1.2878748,2.3784935,2.5149019,1.8222939,6.3109355,2.737196,1.7722001,3.7760007,4.7971125,2.1418562,1.6445895,1.6946634,0.5721368,1.0023896,3.1236134,2.4252503,0.924824,1.1923165,1.1246476,0.74902123,0.5481947,1.015747,1.586507,2.3925881,2.3427994,1.2635806,1.6482406,1.363144,0.938243,1.2564291,1.4982959,0.7181708,0.96899354,0.594949,0.54637796,0.66368407,0.6134637,0.86759096,0.54464465,0.21771018,0.48188278,0.23588388,0.50502115,0.58974445,0.61535233,0.4353859,0.39545316,0.6011254,0.29199257,0.24189743,0.17146279,0.3923523,0.5239361,0.6625912,0.49221775,0.55237055,0.54657495,0.44353706,0.3316968,0.37760755,0.42281944,0.57614225,0.47734302,0.5341157,1.0118968,0.9817504,0.86555636,1.0813726,1.1564755,1.4908975,1.3665497,0.6967455,0.6134128,0.86178845,0.8565288,1.2794435,0.9569714,0.72571254,0.6461765,0.44497418,1.2365658
14.991935,10.935368,3.3815825,5.5761,10.717056,8.629966,6.129692,5.1596756,6.461383,4.918376,3.3310583,5.8699923,5.1264815,6.9383497,7.5344443,7.2537417,9.284964,13.688633,18.334677,7.7330503,8.479688,8.126331,12.552212,10.414044,9.128095,8.10328,8.666902,9.452205,10.804917,5.0844846,4.3851357,4.914324,4.528961,3.955414,4.864709,6.283712,9.116099,21.74653,15.888532,10.911427,20.195627,11.200253,14.762327,10.258867,8.084783,7.165077,9.818078,9.765835,9.635787,1.9173772,8.309321,4.6204343,3.0426905,5.1781754,5.9918194,7.4041586,6.581188,6.9229484,4.990073,1.4220481,3.4627597,3.6790652,2.6124399,3.9726732,2.857738,3.162878,2.630654,2.1198084,3.2363858,3.7221634,2.8324356,1.438859,2.0257063,1.4306257,1.1346998,1.1750404,0.7640672,1.7913675,1.6074717,2.3629425,4.644742,3.2630465,1.7176356,2.4509838,2.8071468,3.8385851,2.8050354,5.774782,5.4162216,3.387904,3.931366,4.333316,2.8449001,3.0099776,6.2518277,8.172566,7.2039633,5.2984076,3.7990167,4.854284,3.9663045,2.394135,5.1529026,5.9762077,2.5113692,4.303032,2.8958223,3.171864,2.9836953,3.2215817,2.3475652,1.6327236,3.4571993,3.883794,5.2830186,4.6534033,2.8387854,1.9342307,1.2072622,1.1486613,1.4490664,1.1300696,0.98910564,0.9221266,1.3788531,1.2242576,0.81970614,1.9430895,1.0074755,0.34936732,1.2862152,1.5612203,1.6173546,1.7809999,1.1317894,1.0008771,0.8955496,1.6726576,1.2940304,1.5287917,1.7739648,0.83508396,2.686532,2.4264402,3.373014,2.7180464,2.5662186,2.1329627,1.3216736,0.7029656,0.40605894,0.9292054,1.6654458,1.8432288,1.6842958,0.42079473,0.60838187,0.7699133,1.1053317,1.7652899,2.603981,1.6130681,1.0004938,1.2025281,0.7442978,0.80633545,0.4715349,0.2382072,0.4802858,1.0674115,0.8272268,0.39607784,0.6287668,0.6170366,0.4199564,0.14229056,0.38529712,0.4912407,0.23145756,0.22725432,0.12927422,0.41078,0.23427077,0.1574099,0.15352048,0.20385695,0.26166016,0.18518999,0.24840131,0.1938644,0.1666888,0.30379924,0.43798414,0.18042809,0.17958294,0.14615148,0.25686967,0.24613808,0.54512066,0.2739407,0.29426363,0.40227723,0.24707921,0.22479106,0.43068868,0.1716007,0.4950933,0.836377,0.6071178,0.44955721,0.6103614,0.48536858,0.42896006,0.45387453,0.44901484,0.3444867,0.5318367,1.1109746,1.4000698,1.0631548,1.6383554,2.1968946,0.79589677,1.4482795,1.0866199,1.2506282,2.2871747,1.2962867,1.1340547,1.0481708,0.6541387,0.7560309,1.3119541,1.0603527,0.72377264,1.1486565,2.4759364,2.217387,1.1319718,2.0442505,4.6024804,11.998459,28.670927,40.350197,20.723476,6.6464763,5.1413064,1.4542618,2.2326233,3.2556531,2.9958522,3.4282863,4.8707385,4.1086574,2.9626863,0.8774213,2.237362,4.9093127,2.3821805,1.714045,1.0276456,2.1608677,2.6753585,2.9422307,1.6281314,2.1829343,4.6457415,2.9001427,1.9543353,1.3446662,1.100602,1.2902638,0.73955154,1.284592,0.8511219,1.1618053,0.4532564,0.69332266,1.7712677,1.2539268,0.6437621,0.7940078,1.141396,0.61907107,0.51625353,1.1316344,2.8867404,1.9082206,1.4659429,0.7864653,0.4322503,0.6784333,0.84172165,0.8442254,0.85900706,0.8575611,0.5055178,0.6538219,0.64154464,0.40684253,0.4076806,0.34726843,0.6773059,0.41984516,0.6015856,0.9298292,1.0975811,0.89983773,0.8807768,1.1014017,1.8986585,2.2804408,1.0287533,0.7568451,1.063479,1.743522,1.7170743,2.1608887,2.3631315,3.0213127,2.9187908,1.7762614,2.8483891,2.8453226,2.234719,2.1207516,1.6956623,2.358623,2.0694745,1.2296894
41.716984,29.362926,10.497083,11.841381,19.276463,18.815853,9.356636,8.008107,7.6452336,10.46834,12.600473,8.078515,5.3603535,6.7493434,6.068304,8.039351,11.513415,15.508982,9.99815,6.020427,8.479843,3.87334,2.0464826,2.9368067,6.636612,5.326464,7.1822004,6.477053,5.8639216,3.8167872,2.571175,10.941137,14.367467,12.642862,12.23804,10.4124775,6.668235,8.625956,5.9364386,3.121752,8.69429,10.540063,11.826777,10.736888,7.754664,4.330584,6.265915,4.5125804,3.887426,3.8850532,7.827536,5.5428123,4.2167735,0.8919645,7.5665407,7.758082,5.986926,4.3097653,2.4884768,4.4143076,6.496627,4.3344817,2.968652,4.2191577,2.7341683,1.7525175,1.5886352,1.0277164,1.3016976,3.7287796,1.9298229,1.9788398,1.1151972,2.2060215,3.4590538,3.2865987,3.7711492,2.5134892,1.9530284,2.5302503,5.236848,6.2112136,3.992491,3.8910127,3.6763022,4.6531234,3.1916046,6.57016,3.100298,2.509765,1.2023102,3.0452967,3.585714,3.2928214,3.1996872,4.3446693,5.3975205,3.2970164,6.7042637,3.2016327,2.0496647,2.3332045,2.9121962,2.2411091,2.1440787,3.757334,2.954847,1.4087919,1.2455155,1.8880842,0.51944655,0.5934419,6.984985,3.4782715,3.4046602,3.7486846,2.391984,1.4343036,1.0061663,0.7418505,1.3634475,1.9073257,1.645695,0.9873028,0.42832008,1.5476627,2.507911,2.3509574,1.1744251,1.1512992,0.70284224,0.5570008,1.5548298,2.2067542,1.0422556,0.9869594,1.7048537,1.9920095,1.4731209,1.4500531,1.4920127,0.486877,1.5287361,2.4729614,3.1537564,1.3031923,1.1699576,3.668982,4.1948004,3.166756,3.0111554,2.8690896,2.2081304,1.2278711,1.3504448,0.29924783,0.28537422,0.19993334,0.59204775,1.0610812,0.9983345,1.1880021,0.8376599,0.82421,0.84038186,0.82992715,1.0320624,0.5237756,0.28958195,0.44437963,0.37154588,0.27340153,0.16787037,0.30424175,0.23468919,0.6283384,0.31352165,0.09805189,0.55110306,0.4863674,0.3821437,0.22755124,0.18717569,0.2965707,0.33872348,0.27793348,0.170246,0.19057083,0.29221457,0.25425065,0.31370515,0.37605906,0.19460064,0.36240906,0.47620627,0.363579,0.5257124,0.45288488,0.5207742,0.21905008,0.33607033,0.3808339,0.2978963,0.27603737,0.35452315,0.3890684,0.31216136,0.42006004,0.60151297,0.39101166,0.44894692,0.25586483,0.29621422,0.58892334,0.97437817,0.56921464,1.0243936,1.398371,0.5928734,0.46061653,1.9195274,1.5239543,4.9823165,1.9256287,0.95815367,0.69486105,1.2590092,1.0103264,1.595301,1.5611926,1.887807,1.3692876,1.3388519,3.9675734,3.4862304,2.4772725,2.7939851,3.7584836,1.949772,5.377146,3.853473,5.5079412,17.41343,28.428684,6.857179,2.0267465,1.2495568,1.8401954,2.4809682,1.6359203,2.1454363,1.865367,3.149558,4.459819,2.0278342,2.61908,2.3034513,1.7976782,0.96748996,1.9482645,3.7612813,6.006983,6.707989,5.3986936,2.305424,1.0822129,0.7825442,0.8332983,0.6364955,1.171326,1.1990418,2.3317425,1.8963605,0.78940845,0.79649645,0.92815936,1.0669217,1.1863452,1.0676124,1.7867984,1.984403,1.8316071,0.7821655,0.8119923,1.2057897,1.5946627,1.1158541,0.55230856,0.3528529,0.22501124,0.34639034,0.5689121,0.7954898,0.8700052,1.2081939,1.3569504,1.0932226,0.5946307,0.54654765,1.0372156,1.2092804,0.75951606,0.46647152,0.8428146,0.5544894,0.77554566,1.535593,1.5678958,0.7957127,0.74818724,0.51519924,0.6675879,1.2282472,1.1855664,1.183148,1.5177764,1.2800496,1.5155058,2.2289555,2.606217,4.190206,2.6029062,1.1696914,1.6635097,1.4226316,0.8026701,1.7535738,3.2592313,2.03782,1.065213
37.506554,29.422976,13.37554,32.533558,21.88221,5.794525,12.203842,3.5620508,6.9969435,12.902006,4.594289,5.328959,9.7686405,12.499778,5.310585,6.169579,3.2588048,8.239182,12.998663,12.443947,10.287737,4.028343,2.7825625,6.5009437,9.313243,8.278382,7.5526714,9.909288,7.6768446,3.2814164,1.1428657,2.5639853,3.8838305,5.4489107,4.4809937,9.0887375,8.746718,8.691029,12.125034,9.909165,9.482446,5.2388167,2.884101,4.6894383,3.6632235,6.9017167,5.5320716,5.687933,4.1178956,1.8697823,4.3591347,8.269329,6.368161,4.779487,7.454431,4.9025607,5.202116,4.3842397,3.250086,3.1952353,2.3564298,1.7073747,0.9301784,1.3964611,3.028774,3.5959778,2.0047493,2.12963,4.088674,2.4339557,3.2107465,1.9460622,2.5067484,3.120904,3.945688,3.4867322,1.5464344,2.5584877,3.706216,2.9944673,3.23788,4.1312594,4.4509997,3.6768258,4.0911417,4.1118293,2.144437,3.3277235,3.0565035,2.2469363,1.6274804,1.6563542,3.284843,3.528698,2.5752516,5.690086,5.292387,8.116125,8.31745,3.705373,2.2588978,4.7132235,3.9462898,5.9259877,2.9770248,7.048147,5.489847,3.0604444,2.274731,1.5911245,12.357822,7.8701715,14.647237,24.31896,9.274264,3.2647693,3.3664124,2.8888054,1.8980516,2.867169,3.5893836,1.493997,0.4277028,0.52974814,1.2559382,2.0968513,1.6661803,2.064539,3.1701555,1.5380917,0.39985994,1.0463631,1.6202723,1.072185,0.7093709,0.6087773,1.9232671,2.1028426,2.082375,1.4658005,0.5572844,0.5363592,0.754575,1.1466162,1.0934405,0.90089476,0.9903944,1.5781401,2.5753946,2.0308933,1.9197806,1.7048746,1.7206104,1.5638975,0.8224201,0.35312957,0.54223603,1.079949,1.606063,1.2670368,0.9983758,0.7178621,0.5255792,0.62227327,1.5702254,1.1775725,0.39847085,0.62957245,0.39193106,0.31300312,0.66683733,0.4290603,0.16190663,0.10909701,0.32477835,0.5044876,0.4813768,0.530873,0.631343,0.5804405,0.2262846,0.18309672,0.23839565,0.43188608,0.35310638,0.23418692,0.18868649,0.07039479,0.15216662,0.21973208,0.18699335,0.22668993,0.15483852,0.25178215,0.27403098,0.5242395,0.5154157,0.44069582,0.5519622,0.2824335,0.083143875,0.27840552,0.35539147,0.5625034,0.6997636,0.52637535,0.42472583,0.8622897,1.0602365,0.95543,0.89321345,0.28546023,0.22869109,0.1913042,0.27927202,0.29748008,0.348213,0.76652193,0.76075774,0.3951148,2.7433188,2.9384222,6.3650684,2.7723858,2.503763,2.9809344,1.85394,1.3687274,1.1203803,1.7507467,2.2153406,1.6037606,1.1957334,2.917442,2.7751758,1.5044321,2.1658535,2.6852179,2.7163177,2.3187473,2.3400478,2.5580816,4.1638293,5.1995597,4.1462665,4.0299587,3.4999385,2.719008,2.1066701,1.7597747,0.58115923,1.3650931,2.5813177,4.762676,5.3857427,6.361524,5.415686,2.911049,2.9311464,2.4558382,2.675802,3.4308438,5.9877396,3.1109548,1.5309817,1.3986691,1.2920603,1.1282282,2.622706,2.146612,1.7478683,1.3210653,2.4252698,2.7279487,2.032204,1.1507455,1.4288758,1.1934576,0.6920195,0.8767692,0.9568676,0.51138216,0.53566235,0.5032303,0.6770824,0.8427285,0.6689475,0.54574287,0.45147434,0.43366724,0.2093371,0.14545481,0.3399233,0.48531914,0.23974533,0.30137384,0.26053402,0.30253997,0.2965681,0.78672415,1.1395634,0.99593157,0.68325996,0.18441086,0.667916,0.6159616,0.5760684,0.7319741,1.0178944,0.58969706,0.51122236,0.6789293,1.1662074,1.5777737,2.0408292,2.356988,0.8137371,2.3378448,2.2854145,1.2622683,1.7678705,1.6900122,1.4733948,0.9773266,0.8674726,1.2245532,0.96528196,1.2011197,0.94811064,0.45676547
11.992967,10.839002,9.525759,9.763858,15.613955,12.064786,6.666601,3.6971214,2.5491464,3.6933112,7.9166813,12.600777,8.188019,5.9192805,5.075282,5.238037,5.769021,5.042432,8.865454,5.0753756,4.442335,5.3042984,4.960656,8.296416,10.870411,9.454104,11.943513,4.654842,7.2589593,5.8434443,3.847988,2.4017057,2.407936,2.5565383,2.6918807,2.475365,3.7769837,4.723199,1.9373446,4.199131,4.823633,5.267485,3.1820855,5.493185,5.758394,5.0383935,3.720944,4.435405,3.5653176,4.742608,5.0110774,3.5264401,1.9078429,3.8157196,9.110032,3.1664445,3.9503217,5.334888,4.172505,2.1887698,1.739351,1.1170859,2.2041683,2.7949865,3.001474,3.744183,2.8535395,2.1780345,2.5641341,2.7290092,2.3442183,1.1480212,1.3300804,1.3447424,1.9108435,2.602979,2.9752216,2.1275327,4.4471083,3.4165347,2.4001966,3.0153983,2.6671903,3.9385865,3.4721453,2.2431133,6.369381,3.000789,5.2502637,5.292752,2.6492987,4.3010173,1.9248937,1.863823,3.9947846,4.2405663,5.339108,4.601522,1.6983196,1.1535027,1.9098101,2.9431746,3.2877483,3.4973838,2.593405,2.5314822,2.0897293,2.7989655,5.645819,5.4025908,0.77487814,0.5856335,1.2370042,2.9308398,2.6320586,1.9453979,1.4490054,1.9158282,1.376846,2.248707,1.6076875,1.9628502,1.6642839,1.8753084,1.8178467,1.6846113,1.5114766,1.0428435,2.2527478,1.7316818,0.6316524,0.9821685,1.0935578,0.8531034,1.5130708,2.2441356,2.1862407,3.609966,3.4200537,2.0113156,1.2059866,0.9652729,1.1403692,0.6610237,0.82767767,0.60758156,0.6642362,0.78047675,0.8569236,0.58372396,0.9165684,1.2275074,0.89220905,0.81608135,0.8697373,0.9094577,1.4388053,1.5176361,0.7936041,1.2063353,1.3973318,1.3507056,0.586595,0.35713872,0.54755926,0.7366836,0.5121774,0.41378736,0.23774596,0.62746817,0.47118253,0.6954418,0.22519314,0.12867297,0.234177,0.41117442,0.8349531,0.65517336,0.20254289,0.13427734,0.35977945,0.6542342,0.3237108,0.2990035,0.21306798,0.30174384,0.23621114,0.09017853,0.13841611,0.18178976,0.22768542,0.2659031,0.16843802,0.2663613,0.16218299,0.19015698,0.22908327,0.22539298,0.15911685,0.2114642,0.5586232,0.37050077,0.17380126,0.12826617,0.27973482,0.6221923,0.5478451,0.4593965,0.5924253,0.31132996,0.16655242,0.31702518,0.30461618,0.7235022,0.6168424,0.78976405,0.72766614,0.54586935,0.8472254,0.5918476,1.2521517,1.3002769,1.4249204,2.3650064,0.96968675,0.56476796,0.7322161,1.516524,1.907338,0.8170043,1.3210232,1.7331058,1.2605264,1.173377,1.4171728,1.134355,1.6319267,2.42886,2.4387524,4.1028266,3.0418785,1.5583053,2.0236177,2.6274068,3.234125,4.1160283,3.56639,2.2283597,3.758983,3.8694143,2.793195,1.7796782,0.9739677,1.332984,1.7395369,1.4639179,1.2652985,2.3794708,1.3935006,1.9930044,1.5423615,1.8807652,3.3063385,1.3515688,0.7046695,0.46466634,0.7735011,1.1820563,1.2948862,2.1900442,1.2937214,1.0711397,1.2392352,0.5810257,0.81144375,0.8050699,1.2117442,1.7268045,1.085174,0.6145189,0.8857517,0.76485854,0.3559299,0.3675443,0.5053213,1.1030184,1.2020619,0.79670316,0.5395665,0.29649293,0.60556847,1.3101999,0.93618464,0.47486752,0.29367656,0.4564308,0.3576387,0.3718097,0.27961478,0.4484998,0.85342866,0.70671415,0.5131632,0.5420205,0.50888604,0.39583078,0.36661887,0.9637324,0.53574544,0.6644842,1.3021836,0.6830922,0.72090006,0.9541167,1.251418,1.1476042,1.1142281,0.9320549,0.74764043,0.5471946,1.0228126,1.0969844,1.4806886,3.4811454,2.085335,1.3585037,0.7724258,0.67773414,0.98179173,0.9277216
14.251586,11.13011,4.2120495,1.8587983,2.69799,3.7579906,4.235159,5.4720774,5.885226,12.256247,12.089124,11.109566,7.9644384,5.418421,2.267195,4.99626,4.5343375,3.424191,5.6780524,4.392539,3.5612595,3.8088403,6.5015645,7.451089,4.3979034,5.4360723,6.678847,3.6870544,4.1016617,7.3320165,4.9479246,2.628054,2.8604314,3.6982055,2.6392124,4.4617214,4.640906,5.2575197,3.3464987,3.37305,5.392785,10.446022,13.21639,8.415478,5.330756,3.7349896,3.5725446,4.238073,5.501524,8.455984,3.6203763,5.914536,5.6788015,6.9856586,7.630555,7.7965794,9.02299,3.9365299,4.937608,5.4363403,2.7826831,1.3094019,2.8248146,3.6183937,4.840207,5.051863,3.5659263,3.738604,3.8705275,3.5698276,2.0936368,1.1935692,1.0170966,1.5519999,2.600973,3.5126185,1.2034066,2.7821772,5.584992,2.1754603,2.3410614,3.4395278,7.242549,3.7714808,1.667095,4.148861,7.127308,4.527256,4.4077034,3.8910763,3.8871844,4.805559,3.7271557,2.0218813,2.637361,4.078244,4.336524,3.671664,2.5793948,3.5516312,2.9834995,1.6281776,5.619363,9.161639,4.898616,3.5375397,5.0199623,3.9702802,2.003502,0.9004632,0.7386593,0.75455064,1.5736682,0.97337574,0.693783,1.4827846,1.363392,0.8581885,0.6973818,0.9236037,1.7600713,0.8022769,0.7511277,0.6661234,0.79975337,1.247756,1.4092554,1.2947419,0.9755442,1.4327258,0.81861526,0.49079105,0.57637423,0.607817,0.4032076,0.6083323,0.76443803,0.72715116,0.60012174,0.7169863,0.78978723,0.35989162,0.81139576,0.7615166,0.6766978,0.39355493,0.6895863,1.0053246,0.8831018,0.7142868,1.2235802,1.1974761,1.1412172,0.62582546,0.5312571,0.4225972,0.89732647,1.2763013,1.1173978,0.77443755,0.41952795,0.49761176,0.7529693,1.063471,0.93369454,0.752915,1.229342,1.118906,0.3033066,0.55072284,0.84329677,0.6072217,0.33301955,0.34047633,0.54869556,0.9468618,0.8948393,0.88455737,0.90744245,0.5821759,0.39162984,0.19870032,0.12588528,0.17910388,0.12848996,0.2729383,0.49850154,0.54908085,0.30812782,0.14031708,0.097556695,0.2592184,0.43228877,0.26476583,0.11067587,0.59785014,0.64033645,0.5121498,0.34612313,0.33877945,0.42110592,0.41028053,0.36582047,0.7335961,0.79394835,0.6019266,0.1831586,0.335279,0.50837713,0.5101309,0.5844463,0.36502948,1.0827545,1.0932759,1.1447405,0.70684254,0.7387336,1.3644081,0.9433018,0.6568412,0.5104533,0.64750195,3.3100739,2.1788616,1.1367975,1.1895456,0.76315176,0.8404785,1.8067002,1.6431962,1.329042,1.4583657,1.0894053,1.5532461,1.437488,1.0774277,3.40599,4.038796,1.7827706,2.0177002,1.9075272,1.5417931,2.038674,2.155894,2.4220493,2.3741355,1.5367341,2.1464148,3.2895665,2.3373656,1.0924466,3.3839223,5.5363693,5.734018,4.327353,1.1033295,1.178203,0.8606784,0.60029286,1.2410367,4.3135333,3.1752164,4.327012,3.5535383,0.77770704,1.1028008,2.6945279,2.9991107,3.2566853,3.023106,3.8871536,4.0202436,3.9441628,2.897524,2.1358528,2.4787152,1.2530475,1.9120853,1.7249511,3.1697443,3.4593441,2.162527,1.050103,1.0268974,3.1632302,3.1117766,3.2127361,3.0393875,1.9580315,0.78789794,0.6391816,0.71741205,0.3697482,0.35657522,0.7034702,0.6899714,0.97382325,0.66334635,0.4741237,0.34208238,0.86346155,1.3934784,0.859871,0.77409726,1.2243798,1.0161643,1.6067791,1.9177084,0.9168555,0.381846,0.36224896,0.8767937,0.9532934,1.6621904,1.8522054,1.7768992,1.7943753,0.95500267,1.0665537,3.152971,2.7821016,1.4065893,1.7754742,3.5002794,4.22813,2.3951828,2.6914847,2.7435558,1.3855302,1.0299126
314.18893,196.32643,1241.8557,379.15436,360.9297,332.03815,257.16724,225.92883,158.98941,136.49689,87.714195,64.04155,50.655045,49.103264,22.959246,20.155897,24.107038,36.15514,43.82377,26.135702,9.753389,5.4052052,7.7690334,8.334818,14.796964,6.877209,10.766086,9.32999,4.885525,6.9908757,2.6363866,2.1818843,4.0268145,6.5400386,8.195641,8.761513,13.663616,7.7963896,4.003226,11.816069,17.327892,7.3941174,6.8560243,9.814499,9.296272,6.3579483,7.1079426,8.962806,7.3893104,9.873894,7.1644635,2.3023186,2.058771,2.6370733,2.978999,3.1607158,2.9429638,3.0649462,3.9353685,3.8299534,3.9879093,2.7345238,1.8402263,2.1025155,3.5794811,2.7536056,2.6511433,2.6103945,3.506835,2.9384708,2.2864168,1.330094,2.0871274,2.1808195,1.3587365,3.6529756,4.0452905,2.84157,3.0736332,1.5035996,2.3092194,7.6211615,4.921373,1.7322079,2.2275102,3.8261046,4.4531574,2.070751,3.7150517,4.354767,1.9784719,3.230516,3.0213032,1.5049902,3.0939457,2.4561472,1.8396614,2.9155724,4.219948,3.0398495,2.379862,2.1542833,5.5513263,4.4541154,1.8321552,1.4786122,2.3513384,1.8346636,1.2956463,1.276449,50.692947,28.79155,526.4865,203.72643,143.30756,129.20865,83.08967,61.82567,51.67843,42.38003,32.826366,20.621717,13.74958,11.702853,6.717697,5.1255746,5.829284,7.4558506,4.9715695,3.8322034,2.4589748,1.4543898,2.1643252,3.467675,4.5222106,3.501526,1.7147464,0.9795515,0.65117204,1.495749,2.5426958,1.2753255,1.0052466,0.9197263,1.0416003,0.9218023,1.7455101,2.0939412,1.9847476,1.0086104,2.554808,1.2350627,1.2797743,0.40165988,0.65469396,0.5353276,0.57421553,0.46060756,0.9650145,1.2548543,0.7131681,0.59476906,0.20514277,0.65484285,1.8237584,1.25161,1.2173032,0.7299588,0.3710893,0.3024804,0.78081954,0.9788517,0.47796285,0.38234496,0.13891989,0.23523265,0.2690782,0.26728413,0.46330237,0.46105105,0.3793356,0.6229886,0.34118286,0.2115474,0.13748154,0.18207826,0.23414402,0.37813878,0.5483302,0.36098954,0.11871755,0.10836519,0.1561403,0.2852909,0.28992814,0.18123886,0.26698917,0.24071802,0.30709958,0.17654245,0.22016348,0.21711023,0.26376063,0.25681502,0.20985477,0.32508507,0.2517743,0.32890058,0.5503771,0.3515454,0.36743242,0.33055487,0.54484165,0.8311674,0.5561747,0.35316944,0.4770894,1.1866027,0.5674166,0.25743154,46.181667,28.611645,276.2255,101.17629,57.606102,53.767796,41.454624,28.434458,34.686348,28.07474,19.936249,17.002026,10.400156,8.136957,6.0452194,3.8021317,6.272049,12.379359,6.612523,3.9707346,2.4264586,4.222028,9.884838,10.714802,5.1721597,3.5203402,1.9380815,1.9780267,2.1475713,1.8415418,0.9567289,2.7478864,6.2859035,4.9514194,3.5079126,2.8033729,1.274395,3.622973,1.5457907,1.3862063,2.5870955,4.7173667,4.92715,4.158924,2.21471,2.3277314,3.2078657,1.7579753,1.1527108,2.1162136,2.511624,2.0271103,3.4001584,2.5016985,2.8166611,1.4476783,0.7030318,0.8850554,1.0886792,1.0369445,0.9794259,0.8745798,0.8765267,0.8254346,1.3712028,2.3760204,0.94508004,0.47306955,0.44995433,0.339693,0.8388992,0.84768105,0.30858335,0.22214921,0.24382102,0.57190436,0.5614506,0.5024654,0.49509522,0.59082127,0.60689425,0.63869864,0.69480044,0.27669126,0.7298196,1.3478173,1.4588906,1.0844009,0.8617027,0.53508246,0.5852424,0.46519893,0.50848544,0.49090207,0.3132927,0.7095093,1.8047599,1.0407726,0.8224661,0.9474116,1.9725152,1.2645857,2.2204747,2.0029821,2.1416006,1.5496407,2.3186915,2.031109,0.8543823,1.4912373
226.00854,185.25366,83.28129,47.350426,50.318974,39.325073,26.791647,31.053438,20.065016,12.17857,11.717913,20.232471,27.071222,31.790411,30.897003,24.949177,14.405435,22.708221,32.65361,14.752074,12.1426325,7.9307904,10.181414,10.545862,18.63043,20.066248,7.9659505,5.384949,5.389127,6.085152,3.9940631,8.769146,20.869295,9.622768,9.278477,14.145687,18.301401,15.895909,9.687822,4.670932,8.179735,5.7800045,8.273828,4.2089863,3.8047266,3.7545288,5.266142,7.8341365,10.030384,10.766076,11.242632,9.887619,4.1448417,6.8474298,8.336644,2.994963,3.878142,9.206609,9.863057,6.737047,5.570096,7.206275,5.757015,3.1697009,1.9250144,2.8944387,4.271289,4.749683,4.0803485,3.9799497,1.9250916,1.9314692,2.3233857,2.6371994,3.0487313,2.4246006,1.8068789,2.6684651,2.766752,4.133054,5.728536,4.3444223,2.1528826,2.653235,2.5767977,2.9655697,4.3825064,7.549547,2.2079098,3.3458376,6.2343693,8.044697,5.1257195,6.3369145,7.9274387,4.224631,2.0932403,4.3225365,6.8015327,8.3282795,7.5541816,3.6881182,11.446051,7.6962256,2.5769243,2.7610667,1.6220381,2.5426013,3.9342003,6.4255366,31.258411,23.45317,26.888334,24.053497,13.352287,12.276158,11.963258,7.0441403,2.576002,5.136227,7.612445,5.840475,3.321594,6.197206,7.542466,6.5681925,6.982953,7.752144,4.2679296,2.1769013,1.6731163,1.4235716,1.7639383,1.8447716,1.5402853,2.7377825,1.8456961,2.8207936,1.9076992,1.1513249,1.2592628,0.9658445,1.6553864,1.6903948,1.7447218,0.98764586,1.7710148,1.3903539,1.983082,1.909135,2.080405,2.0991042,2.9444551,1.2654595,1.345606,0.72246003,0.86297166,1.5222838,1.7086998,1.5882826,1.7661226,1.4961417,1.3372204,0.88598794,0.7012294,0.49986354,1.0276599,1.2637056,1.21333,0.9722189,0.92003983,0.5667589,0.3543083,0.36042,0.38652554,0.7576382,0.5252552,0.31855202,0.66994035,0.7151866,0.28370607,0.1968752,0.28643626,0.28756726,0.3404368,0.35341313,0.35199556,0.37464982,0.1689707,0.14354475,0.22157684,0.5760785,0.58767205,0.37101144,0.63511866,0.55743843,0.33879626,0.36976233,0.35789615,0.18654636,0.20009063,0.3713294,0.6363004,0.75032467,0.7265488,0.53947544,0.6263155,0.6803159,0.995825,1.0550271,0.87910146,0.54011977,0.9699181,1.1882969,1.3132762,0.9034476,0.7490522,0.60301226,0.6018112,1.0622336,23.276255,19.740387,15.682615,10.474334,7.6992517,7.505059,3.2846425,3.0181375,6.257972,4.1605773,3.9659145,5.365059,4.385562,4.8248825,5.228858,4.2741966,4.5841775,5.688756,5.731236,9.825463,6.918215,3.405764,3.0269027,6.1624928,4.5256214,4.444159,2.7660048,3.8209403,3.7174416,2.4257636,3.370481,9.091771,9.4368925,2.4232464,4.717685,6.7157903,6.8275642,6.684759,2.856804,2.116543,3.6626122,4.8920755,5.2877464,3.5530987,1.5928835,1.3723166,1.3799945,1.6766657,1.8780193,2.565463,2.738763,2.3458192,4.316086,5.7336884,2.639365,1.4187878,1.0375929,2.080765,2.5114796,1.4674385,0.86324584,1.4780854,1.0387994,0.64897263,1.0977459,1.5047433,2.0507982,1.5469948,1.7308974,1.0124606,0.7031158,0.98763037,0.7964846,0.6552981,1.0147411,1.6278253,1.4879283,0.7478151,0.6206992,0.8669305,1.1769801,1.0863323,1.1263487,0.5391162,0.7970284,1.377072,1.6597302,0.72542685,1.293535,1.3734453,0.9302874,0.45226738,0.7934875,0.982837,1.1070354,0.5655506,0.35968283,1.1663663,3.4953191,3.9036157,3.6116328,1.3469299,1.8604224,0.9851191,0.9268728,1.2998927,0.54803175,0.62665886,0.9639982,2.7281427
5.0574965,5.6513124,6.005639,4.3002477,5.324312,6.3394184,5.599075,4.7915177,5.9531884,9.052268,3.9918263,5.020763,10.911018,14.474109,8.1326685,9.173296,9.495001,7.2100124,8.174864,4.3440056,4.146812,3.8313866,8.785646,10.621614,16.51382,13.8797,6.146288,5.5245743,4.9523883,7.544977,4.275136,3.7452562,2.1380696,3.289447,6.2218537,9.477585,6.9516406,12.066927,9.9107275,6.1903763,21.363308,21.942629,8.9370165,5.7358947,7.1890635,8.302808,4.3163238,2.675012,3.3192227,5.3416767,18.357843,15.650448,6.50846,5.0534596,9.11839,3.7616677,2.6221142,2.6812031,1.4894123,5.0978227,3.5782351,0.7494983,2.6619809,3.6263895,2.7284367,2.546923,2.2669811,2.09384,1.7380127,1.313787,2.2523117,0.93107617,1.44411,1.4523646,2.6924365,2.104086,2.222204,1.2716472,2.87887,1.9557542,2.9790325,5.9714794,2.8409007,1.6776745,1.9881072,2.588188,3.8203392,5.208415,6.0004253,3.6203756,3.8834705,3.2318714,2.5855927,3.5659204,6.481714,2.4343808,3.2196045,2.7788668,4.0160666,3.6307292,3.3609302,6.2130833,3.530474,2.8805108,3.9666004,3.4176688,5.376185,5.424775,2.9685884,0.9895469,0.16255206,0.14732604,3.8709242,1.8661968,1.1954911,1.6271747,2.7387578,1.2875365,1.0623428,1.3114188,2.1172068,1.662399,1.7734115,1.8117598,1.6021515,1.6345074,1.2641451,1.2126528,1.4733199,1.9381158,1.1676353,1.0961013,2.0884318,1.2827843,1.1983342,1.9730495,1.6395657,1.7130272,1.2764156,1.2038995,0.922054,0.4015502,0.3444549,0.4167436,0.57250214,0.40160576,1.512841,1.747507,1.2180129,1.0570402,0.7230371,1.5029119,1.1118537,0.95646065,2.4723167,1.1519699,0.81148434,0.818491,0.6180096,1.0235839,2.887402,1.841819,0.5677505,0.86253154,0.6460818,0.49226812,0.6953592,0.66462684,0.4000225,0.5270203,0.30066714,0.27453375,0.21365526,0.27210638,0.3493885,0.6479632,0.4006358,0.41813436,0.4586136,0.30286366,0.40293393,0.40970555,0.17055531,0.09937201,0.060820185,0.21900909,0.35688704,0.16241032,0.24927916,0.3865541,0.39148867,0.29770127,0.16755275,0.16150023,0.2606674,0.13440935,0.20971,0.32206896,0.25673383,0.28968638,0.3462153,0.29690433,0.23326911,0.19792634,0.22824274,0.2697974,0.5293811,0.59353566,0.32088554,0.28427532,0.7965112,0.9562651,0.6228136,0.33882087,0.30035427,0.3633519,0.37760437,0.5152788,0.4745906,0.31226704,4.396717,4.2198634,1.6441363,2.176706,1.4629606,1.9596812,1.4257263,0.35290858,1.2336737,1.9601275,1.3839142,0.8068828,1.4844134,2.5322385,2.1926131,0.9247961,2.4000788,4.7595453,2.5031383,2.2728972,5.736918,6.5832653,6.9716206,9.79035,8.970476,5.4122343,4.868821,5.2418227,3.7372048,1.9756317,1.6529182,2.1843293,1.6456451,3.4562957,5.9217744,3.12158,3.528243,4.6374683,3.5170763,3.3552454,2.1351786,2.4978068,2.3064537,3.616096,4.1512046,1.6903974,3.2213514,2.4298937,3.3511822,4.232822,4.3106523,3.1993427,1.7105523,2.5716534,4.17254,1.5673109,0.5677579,1.1771927,0.5910094,1.2328861,1.6412842,1.370135,0.87126017,0.33100626,0.6109041,0.8638368,0.4483374,0.60870886,0.837787,0.8710519,0.7079615,0.6329618,0.6300966,1.1773882,0.5586834,0.656565,0.6038451,0.31630117,0.90458053,1.2813078,0.61361504,0.8520703,1.0347247,0.49457785,1.0750165,0.71238136,1.2810593,0.79765475,0.66254485,0.58761275,1.2006222,0.658234,0.55320805,0.4334038,0.5651668,1.4490325,2.0322413,2.212121,1.7332791,2.0082684,1.2189867,0.68706596,0.8131904,0.61030924,0.7206634,0.718693,1.5661362,2.9510033,2.788148,1.2735089
31.011433,26.89407,14.946409,16.344948,22.364277,26.692852,13.831998,6.0387387,7.6085086,5.0989,9.01075,7.7446423,7.0746846,8.797841,7.940037,18.2971,21.022062,11.760587,9.127091,11.003195,8.229979,5.4467864,15.660676,18.783272,16.084986,9.794212,11.035806,10.322064,8.388686,11.720261,7.163742,6.233109,10.273129,17.807425,13.837631,15.000337,30.958998,47.540314,18.715477,10.888957,12.0227375,13.935422,9.807031,6.489407,6.8805056,6.293433,5.212122,4.227103,4.6293774,7.8043685,8.1205635,10.1779375,11.217807,12.012454,5.2301364,1.8921906,4.0140414,2.136477,2.4597917,1.9000583,6.383028,2.3839426,1.210242,3.5181077,4.2420506,3.580925,1.7119931,2.2628582,2.1706831,2.2119482,1.141672,1.317865,1.9827303,1.1604183,0.6333607,1.9670244,2.956195,1.8286421,2.8115857,5.213194,8.434757,6.0885863,4.4105387,5.2454453,2.2204556,1.6178125,1.300429,1.7707088,1.4548814,2.143161,2.2700214,2.4545557,2.7038066,3.1150692,3.419475,5.937571,4.5321803,4.8650336,5.207661,5.4539537,6.452523,2.7165446,3.2645319,5.8597293,4.0847373,3.717609,2.090991,1.864659,1.7691845,1.1943604,2.1989198,2.1833029,2.7459567,4.0355954,1.9155737,1.0876902,0.8779945,1.5864147,1.2894602,1.7069889,3.1260734,1.3505439,0.74602973,1.3370322,1.7207608,1.490172,0.921383,1.0414392,0.90434974,0.6363845,1.1162513,0.89409745,1.1764865,1.0392011,0.70434266,0.56205285,0.8840416,0.7157286,0.38502055,1.4201585,1.4251511,1.083296,1.2910029,0.7655978,0.80716556,1.2142856,2.452728,1.9949329,0.41599867,0.55195665,1.3399712,1.8748544,1.4885755,0.97224027,0.856918,0.5535979,0.6729832,0.58274746,0.5301378,1.2866389,1.3868005,2.0616496,0.9528088,0.5061049,0.5856316,0.40841478,0.37765968,0.11813548,0.35064346,0.74466234,0.31483653,0.3569079,0.2944381,0.13784371,0.38280988,0.50453955,0.23685315,0.19719888,0.12979299,0.14617787,0.2828988,0.27745366,0.25714064,0.3291065,0.13779865,0.221796,0.19014794,0.2652338,0.3426584,0.17952321,0.2373802,0.23399103,0.10873475,0.14230677,0.22781153,0.3307854,0.270403,0.17817365,0.21536596,0.2176635,0.26189384,0.26729047,0.3404403,0.32954422,0.43654183,0.61143804,0.46295774,0.49198174,0.39796278,0.33002105,0.42973,0.15567416,0.6872081,1.2169155,1.2094065,0.62604904,0.23813054,0.40606734,0.20283614,0.21496104,1.4394045,2.3015835,5.69982,6.053389,5.9968367,4.279186,4.037121,3.4794247,3.0953834,1.7994833,2.580194,1.7416763,1.768564,4.5102253,3.6208453,1.9497001,2.219354,5.540534,5.9122467,3.461471,2.6938498,5.802896,2.9078,3.7162657,5.1891613,3.672048,3.8066115,4.0040827,4.992433,2.8542912,3.2857041,2.477453,1.0835496,1.2208854,2.0711615,1.2984716,1.3017206,2.6429453,2.3184128,3.2586722,2.653728,2.1848257,3.151698,2.4649503,0.8091382,0.8806886,0.9648679,0.3587657,0.7210668,1.490918,3.0020986,3.162966,1.5121301,2.0434513,2.0378375,1.1793997,1.6042228,2.4590883,2.1427188,1.2839657,1.3983855,1.2282141,0.8979234,0.52313054,1.4050901,2.0075264,1.6910204,1.0004325,0.95329314,0.5260262,0.46672782,0.6492339,0.26482415,0.26330543,0.41524366,0.61759555,0.7113603,0.5833243,1.0540919,0.735047,0.34462875,0.19477803,0.57423496,1.0831667,0.90173894,0.55123746,1.3630731,0.59744567,0.52837366,0.5279098,0.8146118,0.43683398,0.3094326,0.7141445,0.7236186,0.9144481,1.2767806,1.3534968,1.4918183,1.7283773,1.7848505,1.0162195,1.4060808,0.8205497,1.1459459,1.3415347,1.0461359,1.7790009,2.1051865,1.0174516
16.271591,13.378255,12.417754,6.1095243,11.789475,15.312794,34.482628,32.706394,17.27953,17.648556,8.2716465,4.41958,7.621159,7.4087186,4.4996486,6.801907,8.045183,13.115869,14.856388,9.993708,10.433853,11.190805,8.6843405,7.581646,12.549504,6.8152537,8.965079,14.0419035,8.08888,4.690102,6.105469,11.613538,9.102678,8.000668,7.470554,9.1425085,12.538018,18.22897,12.790369,6.4548335,3.6692946,9.707541,7.183959,3.1719627,1.0670943,1.9736701,4.2258134,4.5527906,4.0010943,6.447492,11.329329,8.567973,2.7769082,4.2101927,11.5718975,6.9533396,8.371402,4.6623397,4.9129276,1.6753242,4.8912215,2.6806083,2.8852842,7.506431,7.939454,3.9402182,2.5412786,2.527466,4.9405375,3.5939322,1.8341111,1.5088953,1.2789603,1.4959489,1.7379751,1.4858832,1.092455,2.0816307,4.569599,5.0622916,8.097077,4.0400586,3.816738,4.026799,3.627397,2.5407474,3.9958014,7.3709736,2.7864444,1.1963785,4.305011,3.6734626,0.7882294,2.3533711,2.4212875,7.082617,11.273178,6.418333,6.249328,4.222887,3.1453204,5.6557794,3.2908602,1.8472596,2.540368,2.9370909,3.1662261,2.9812064,3.583921,5.9640584,1.4038315,0.7199835,15.253213,8.383758,3.3534548,4.3464565,4.7332244,3.5508056,3.323088,2.7149096,2.0176125,1.0970993,2.699253,2.560331,1.1919317,1.9708722,2.6642163,3.4126747,2.134409,1.6990687,1.6483053,1.20132,1.1147242,1.2438878,0.84574616,0.6726931,0.7162049,1.1503971,1.1462985,1.5315895,0.9084046,0.55947435,0.69610447,0.84069407,0.57418054,0.6272965,0.99165845,0.3973606,0.44043592,0.6404009,0.66578627,0.80048794,2.2867956,2.1324513,0.38950893,0.31101736,0.38519648,0.520654,0.9233796,0.57430905,0.9232575,1.4204456,0.57090014,0.36081207,0.68020177,0.25308588,0.53697854,0.42093584,0.42512703,0.7132605,0.66410893,1.1304575,0.5586541,0.4214039,0.38678476,0.7008742,0.3690145,0.32527193,0.36444736,0.55036837,0.4418143,0.249897,0.0934891,0.33009285,0.23649678,0.28495488,0.34186617,0.36045495,0.46914533,0.32194707,0.27226922,0.32759613,0.36797717,0.28303915,0.6478613,0.6883069,0.17749846,0.17552191,0.28927252,0.17411247,0.20298743,0.15781815,0.7911703,0.71712875,0.27945626,0.44455406,0.76870364,1.1953843,1.4485145,0.81170505,0.41163877,0.75794715,0.5716043,0.5933426,1.000664,0.4528766,0.93249893,2.122015,0.79474366,0.31400225,2.7250073,2.6618426,1.5085771,0.8476854,1.3147668,2.0973012,1.2250372,0.53875643,0.73221195,0.7183702,1.1721797,1.5031062,1.0614196,1.2690896,0.5014673,1.0468103,1.3987064,1.2553,0.857123,1.8807853,1.7211521,1.8288198,1.6308422,1.1234488,1.9733351,5.402961,7.819405,5.8794475,2.7586837,1.9398562,2.7658176,3.4092863,2.3579466,2.5678341,1.1041654,1.577518,1.1668991,1.5379097,0.5410767,0.311108,1.0528938,2.5314488,5.116141,2.3040304,1.1764563,0.8438278,0.54468083,1.6980493,4.0651417,3.2670279,3.613381,4.458718,1.8777502,1.4397811,4.151503,2.6223438,2.0973577,1.3860114,1.4843183,1.797278,1.8400396,2.1228948,2.036269,1.6783372,2.357262,1.9414811,1.8707099,1.4914764,1.0967859,0.6323886,0.8039362,1.323009,0.77616787,1.2499005,1.1850868,0.84023577,0.7275326,0.8549786,0.8559976,0.35185128,0.39384234,0.6854616,1.1837479,0.9773697,1.1430118,0.45782873,0.6917532,1.7734419,1.1053307,0.8287822,1.5305508,1.2160408,1.0425551,1.1055442,1.1247762,2.7734852,2.7418349,2.7504644,2.504133,1.5767729,2.4980378,2.8740485,1.4252064,1.5601285,1.843556,1.392927,2.428821,2.2061193,1.3508251,1.3598316
6.0450635,5.853421,5.560508,4.818074,5.8537006,6.5547376,6.266451,6.3388596,4.102407,4.1281643,6.504466,6.745329,6.932086,10.182525,7.363889,7.2072988,4.344441,2.0912802,5.5785813,7.4870305,4.941531,4.6069303,6.4830427,7.080885,7.1299415,7.976329,6.2021856,4.7668643,3.080089,2.7751188,2.7994633,7.538878,12.72013,12.654311,5.3116183,3.8004768,4.188907,4.442227,4.0860825,5.961031,9.538409,8.606076,7.950928,6.7904234,2.2585714,1.6069037,6.3602424,8.136334,2.974729,4.250371,8.594541,7.6443605,5.6930223,4.7280993,6.428067,3.8010182,5.326982,5.7589617,5.351983,4.010516,1.9739537,2.1332943,3.0595355,2.0745666,3.4600337,5.478154,3.9177628,2.2007818,1.4043574,1.0037001,1.9680262,1.8040007,1.9866576,1.9140128,3.8519058,4.6046696,2.5657537,4.1197944,4.40423,2.5368426,4.1443257,4.125856,4.179653,4.967222,2.8699021,1.6791145,3.2465987,1.9532886,4.8060894,4.9243917,4.607128,2.0078845,1.0450618,4.2728477,6.2180405,6.5149574,5.4671836,2.8407207,1.8064226,2.012083,5.5323734,7.447199,6.891828,5.34728,6.287554,5.53248,4.7759466,4.720363,2.2587092,2.1678617,1.3664072,1.2330135,0.7139476,2.4561067,2.2569275,2.2385597,2.0417268,1.7834216,0.86358714,1.7722591,4.11287,1.6313176,0.5494076,0.4313233,0.9792098,1.3976475,1.1071793,2.2201319,2.8987327,1.6282572,1.480684,1.1629199,1.0952679,0.89477694,0.85025007,0.27432862,0.5912139,1.4505944,2.7279055,2.9153805,1.671414,1.2053732,2.4367828,1.4498115,0.9592926,0.96948975,1.225125,1.740954,1.7403919,0.94892853,0.6440753,0.5329415,0.49126917,0.72404456,0.30049306,0.26595312,0.3266991,0.3243618,0.62407345,1.0423337,1.2488568,0.8998939,0.35310355,0.8795602,1.2441696,0.8666823,0.7940829,0.4826298,0.3251987,0.738355,0.69776165,0.6999414,0.3863055,0.26967824,0.25241646,0.36950088,0.29093075,0.19162904,0.17205277,0.39064452,0.4469006,0.16736431,0.15485117,0.27346218,0.18186441,0.13107766,0.23713923,0.27454543,0.13057864,0.21961199,0.21862398,0.18154612,0.30898854,0.27541402,0.17973627,0.38566646,0.5166416,0.15120193,0.14483383,0.14589807,0.1783272,0.20551577,0.13025443,0.24843946,0.20177495,0.14666417,0.087843634,0.15568846,0.27784082,0.33501932,0.72514886,0.50432414,0.38480043,0.33769852,0.6709252,0.51614654,0.5239385,0.6042893,0.4464497,0.30126926,0.93292046,0.9571345,3.2364,2.2258368,1.3843955,1.6415495,2.465987,1.940337,1.0828588,1.0913398,1.9328456,1.476084,0.74504733,1.4190656,1.5279485,1.2602894,1.6006597,2.9855494,1.7753246,2.6514363,3.853233,2.3452692,4.2204804,2.4113047,1.0563543,1.7397599,1.2192852,1.3253435,2.0471797,1.6169219,1.9602472,2.163369,1.8353776,0.9824297,1.660055,1.7669162,1.0517989,1.1056945,0.8525679,1.269524,1.7347835,0.68609333,0.6434489,0.7733811,0.7183768,0.6915505,0.60407037,0.7740308,0.5340364,1.6675231,1.085761,1.5167545,2.3179376,2.6743822,0.8341695,0.7250661,0.9561246,1.1907067,1.061948,1.1632932,1.0168446,0.98387545,0.68138653,0.8123482,0.46691024,0.5135199,0.59476054,0.37987307,0.5092728,0.23859546,0.18147255,0.25956964,0.2721794,0.30654356,0.26557156,0.3563228,0.4022955,0.61898285,0.604148,0.6557402,0.6561143,0.4344358,0.79829895,0.7859804,0.5819346,0.41127402,1.4934882,1.1635921,0.5483311,0.8298815,1.2033782,1.0437206,0.52030396,0.49806732,0.89449745,1.0429734,0.5044255,1.0052391,1.5953048,1.2047807,0.47003436,1.8748361,2.7003996,1.8885379,2.6884305,1.8831561,1.1358981,1.5500696,0.581773,1.1519215
12.605128,10.927914,18.431808,10.966327,17.014303,13.920158,4.3039923,7.364721,3.0737503,2.4962325,4.004672,2.6340694,5.1414385,8.148729,6.627068,10.29968,8.678355,8.7623825,6.7665224,5.8213816,6.2646394,5.6171117,5.5099993,7.4471307,7.5871797,9.278565,9.615544,5.8978987,5.529284,9.355512,3.3595765,2.535071,4.2964706,4.9505053,3.8434222,12.03843,20.612986,15.6987095,6.051672,9.712253,13.322801,8.156318,6.6794786,13.294888,6.8813143,3.0315716,5.6279974,4.7734113,2.9462757,3.4731264,2.7053542,7.792385,5.7274723,6.732987,6.6872573,3.8839679,5.308997,4.8382597,6.0872607,4.638769,2.4886622,1.0239633,1.7242018,2.855184,3.0574262,3.9372342,5.3583593,3.1789174,2.6840353,2.9784741,3.0474832,2.3424418,1.3928769,1.0347443,2.7124505,2.2357903,1.6316502,2.7355278,3.6394892,2.5148404,3.8379982,3.9681072,4.227096,1.561877,2.345351,3.4426672,3.6386535,3.9672241,3.4700549,4.777891,5.9522624,3.0919473,2.735989,3.761927,3.6537402,2.5228646,3.811571,4.192007,6.330566,1.7456027,3.7097363,4.135033,3.5838804,2.7866101,5.7655125,8.1460285,4.7395797,2.8980994,4.0351768,5.0497904,2.4203403,1.992279,3.5870798,8.146296,8.366811,5.7185445,2.8169174,2.2569602,1.1146961,0.3775945,0.64441746,0.41034502,0.84713286,0.31319582,0.5269106,1.1625335,2.1963134,1.2029482,0.43480173,1.0848638,0.22243594,0.36430693,0.49343956,0.81068885,1.23647,2.6362562,1.9765186,0.97875667,0.4568987,0.5868291,0.600127,0.89278877,1.4099243,1.0972364,1.1358663,0.4350898,2.257589,2.18566,1.6269114,1.0960648,0.7617743,0.89347786,0.8279782,0.49580356,0.4921299,0.47506043,0.40375742,0.4103314,0.9326179,1.50658,1.5399443,1.211545,0.51853704,0.70165294,1.0602012,0.57444614,0.24818973,0.20374559,0.27133194,0.39682028,0.19606194,0.18897578,0.34021094,0.25354055,0.070028104,0.14659402,0.40270486,0.2114154,0.22543178,0.17884918,0.39659646,0.2721083,0.08046887,0.103244886,0.26355866,0.33705202,0.3575742,0.18089442,0.07938736,0.22470564,0.18664572,0.12444676,0.28545848,0.24318516,0.6245849,0.523584,0.23043948,0.29640305,0.3080792,0.2468938,0.12577043,0.115317084,0.15986612,0.21111761,0.16231556,0.14514098,0.37370613,0.49928898,0.53038526,0.1794063,0.31660601,0.47548497,0.45124048,0.5110998,0.2982697,0.26304597,0.33488813,1.3163604,0.9862928,0.7681402,4.253352,4.367512,3.4378839,1.1067711,0.8091865,1.5963689,1.3754851,0.54335827,1.6732872,2.5701902,2.0264177,2.1379838,1.2010876,1.1080328,1.0254291,1.2000328,3.5258834,3.9441133,1.7430927,2.2543569,2.804661,5.032298,6.1389437,2.710382,2.0866854,1.9486079,3.2661746,2.5953376,1.8661777,1.4704323,2.0579047,2.7459002,4.044414,2.1503804,1.3049469,2.330942,2.1701858,3.1701267,1.183468,2.841983,5.007408,5.189264,3.8030689,2.5753295,1.6596421,1.4182391,1.1822697,1.3551842,2.4367297,2.3230367,1.2033877,1.0867126,1.000052,1.8985332,1.7917861,1.4279071,0.8748172,0.99455506,0.7977313,0.9235006,0.4345721,0.53372556,0.31175944,0.5798553,0.99457103,0.812668,0.4511614,0.52491075,0.555905,0.6200434,0.4450401,0.29322645,0.11086865,0.21087456,0.34766528,0.42237133,0.54874694,0.4513364,0.5890946,0.93323845,0.72920036,0.31338853,0.7946966,0.26082474,0.9595403,2.0421827,1.6727774,1.4740719,0.9590431,1.0926288,1.1222678,0.592652,0.4791877,0.7063398,2.1371922,1.3242936,1.0631887,1.6355002,0.46533075,1.3793615,1.0034151,0.76483005,1.2288302,2.704775,1.736145,1.1394728,0.5860438,1.1028715,1.980715,1.9203634
31.599405,24.922518,8.532097,11.572392,13.085082,5.0666847,5.8456717,15.475967,7.758271,4.5734076,4.292774,4.0907393,11.400489,8.875294,2.8677812,6.4423594,10.32777,9.486212,11.656763,8.251033,6.3730674,4.913022,6.907524,7.6974835,7.2364817,6.009976,6.460779,5.862482,9.504043,9.059816,3.360649,6.4053035,15.64029,19.935888,18.391094,12.094089,23.75597,26.777273,19.36967,20.749422,12.060134,9.262408,9.616461,5.1409006,2.9451735,2.5101435,5.9225874,6.2504106,7.8554273,12.13902,6.5397997,10.255843,9.7112055,4.387294,3.0190415,1.0034145,3.187997,4.93663,3.9007225,2.3434494,1.1229565,2.1215744,4.3209925,2.7380822,1.936366,1.9748199,2.1648242,1.7336972,0.9017174,2.8394465,3.1077926,1.2516992,1.486103,1.438762,2.1106758,3.3431895,3.792805,1.6754324,2.5870726,3.2022185,3.6243882,4.8631372,4.591682,5.359918,3.7789242,2.326721,2.6043344,4.413155,2.7107036,2.8703172,3.316041,5.364566,4.7333827,3.645013,2.6611745,5.323913,7.2117686,9.923825,11.34717,4.3332105,4.749152,4.310638,3.941067,2.92497,3.7149158,3.0667312,2.260006,2.1754525,3.235136,2.5940597,18.901594,15.000669,7.95534,6.321032,3.8146946,4.480035,2.044405,2.1138024,1.9440857,1.339892,1.1933928,1.7286016,1.4090962,0.75010866,0.77355075,0.6570872,1.3696861,2.68567,1.4008731,0.7336475,0.5887109,0.9301074,0.6649604,0.22950983,0.26291427,0.91659826,0.9588926,1.3932728,1.8884115,0.8116005,0.3487292,0.6125152,1.3154125,1.5746084,2.1533797,1.6685846,0.9800067,1.8973746,1.4071425,1.7180687,2.2691717,0.86121845,0.6463037,0.66431266,0.5540505,0.50018686,0.61871034,0.16049366,0.7295129,1.0587952,1.1323617,0.638101,0.8458893,0.87515265,1.248157,1.6121413,0.7796455,0.53008676,0.66045946,0.56749594,0.46159777,0.4758527,0.11295489,0.09405134,0.14014536,0.3449037,0.51745623,0.3243275,0.38096592,0.33954322,0.2870623,0.3814904,0.20418139,0.1645691,0.10799337,0.16770533,0.13905352,0.13293228,0.1362192,0.06372378,0.047956116,0.124666505,0.37951475,0.25169143,0.090552524,0.10975338,0.20310387,0.21843727,0.13647427,0.14900938,0.24383388,0.2831767,0.21435486,0.30833605,0.556596,0.7168217,0.39512286,0.35231912,0.55683935,0.43175605,0.5440918,0.86745363,0.8441979,0.40310216,0.98790336,0.79002094,0.2988829,0.71388245,1.4009291,1.257531,2.720276,3.0838451,1.635714,3.0759492,2.0054553,1.1339002,0.8264616,0.7197056,2.0546305,2.1505103,1.2882413,1.809536,1.654177,1.5236926,1.0532134,0.58275515,1.189406,2.5131826,2.0280557,1.9536548,1.8811574,2.2119288,3.0389254,2.9487152,2.0877118,1.5379082,1.7640362,0.9746616,1.4207603,1.7810035,1.7497436,1.7958338,2.4807193,3.4643638,3.0250766,2.9239204,2.7585187,2.3843503,3.0653152,4.001042,2.8657026,2.0993478,2.5622475,1.8099923,0.7255191,0.7302414,0.6095764,0.83295065,0.86119103,1.6607214,2.1603947,1.5920618,2.2290592,1.3134856,0.709197,0.68223935,0.531583,0.9731586,0.91083443,1.0938861,0.6985848,0.51866955,0.6417583,0.579568,0.7091256,0.7574031,0.6852777,0.6754969,0.48490867,0.30646196,0.23815072,0.6940672,0.5300684,0.31961578,0.32220504,0.42945823,0.7747347,0.19147581,0.6684984,0.8293674,0.6201476,0.5328476,1.0154378,0.6148144,0.5277762,0.7354176,2.236956,1.9696643,0.87816906,1.2568594,1.8876753,0.4727408,0.3997606,0.6893771,0.83153343,1.5186095,0.97207975,0.98629713,1.3180242,1.2763568,2.3778186,2.265642,1.3050456,0.77567226,0.98223734,1.3454424,0.78537434,2.3104303,2.7106502,1.1168705
160.12811,297.84222,5084.6807,2081.304,1370.5414,1838.9243,1112.3595,454.44266,429.98407,839.4743,440.69263,181.03568,185.34052,214.19978,138.28937,166.40454,136.72653,81.97458,61.38336,48.532986,57.60936,38.811348,60.43556,24.256765,36.385136,36.408604,30.525942,19.261599,19.650888,25.623598,28.84936,19.281784,16.986732,23.91428,18.254034,21.761261,17.98725,19.255165,23.392008,18.796078,18.792051,13.783648,12.007828,7.36893,9.8362,9.19405,4.6450315,2.1383505,2.08624,3.3777251,2.595271,2.7863681,3.8854315,7.6339,9.076306,14.555307,16.136818,7.7156734,16.320728,22.229712,14.40845,21.582422,26.033503,16.590408,14.951451,25.122395,28.57374,19.919043,17.742828,21.549828,31.713171,33.158882,45.519894,38.606747,26.633677,21.121914,15.980594,15.100766,16.805248,14.492103,12.80998,6.7614512,12.742191,15.819964,13.483462,8.170336,8.478507,8.09723,8.86376,10.399656,7.599132,9.944156,8.83261,7.953243,9.088795,12.990458,7.9822774,5.139135,7.6841846,8.928524,8.737745,6.084108,7.036146,5.2221847,6.5724125,6.2536,5.0810924,7.7042217,9.78065,7.116428,38.23623,40.938385,416.62234,155.61,102.69433,92.54568,75.09455,86.225624,52.519066,33.118317,36.355846,33.14877,18.380447,19.461031,17.076569,16.094006,16.23595,10.188905,7.0998034,8.753961,15.834778,12.384854,6.9961414,5.6585803,8.075416,7.851963,5.0030837,5.866623,5.2476625,6.1514134,5.1065736,4.303785,4.8751545,5.4984818,2.9971738,3.1923697,3.4925046,3.1897795,2.8246431,2.7971416,1.6438895,1.1414583,1.1485491,0.92028517,0.53853965,0.41501185,0.27281728,0.16034403,0.0973526,0.10138383,0.21380068,0.5031701,0.6489313,0.6571738,0.9736049,1.2944413,2.215365,1.5267713,0.99246293,1.3526427,1.4542298,2.13118,1.2064738,2.361268,1.9826708,2.7985246,2.6767194,1.805585,2.1150665,2.1244397,1.2515947,1.879067,1.8953644,1.3221985,0.97949016,0.8251773,1.2350667,1.9860307,1.5698054,1.0462754,1.2493036,1.8302907,0.91087395,0.86107904,1.7669799,1.2150942,1.1072339,0.949195,1.0946753,1.1625099,0.9445261,0.59054935,0.7138088,1.000405,0.5237247,0.47302538,0.5093021,0.9710616,0.8617173,0.4848705,0.579273,0.5134243,0.58923,0.62476623,1.1832893,0.7616103,0.9275255,0.89591455,0.74942476,0.96403277,26.097921,35.263405,196.28238,55.482,51.784866,105.25972,76.1237,46.414402,37.39935,68.26451,42.092796,20.017784,24.649212,22.11208,15.15843,13.892117,13.304591,13.90225,12.878775,9.22258,8.404256,5.604307,6.78062,3.0232134,3.8217971,5.478372,7.2774506,6.320819,6.1579957,5.389474,5.227749,3.2375154,3.840062,5.9818006,4.304977,4.9820523,4.307517,3.6207104,3.8459635,3.8552892,3.4991515,2.6004312,2.2216659,1.5824986,1.0516651,0.7293475,0.3772899,0.3688457,0.38635504,0.20389737,0.3199162,0.43641266,0.4789652,0.7637642,1.6609427,1.6362084,2.333676,1.9802929,1.9725155,1.814305,2.2916238,3.1274688,4.202711,3.312617,1.7998546,1.7239552,3.2274787,2.2073236,1.6798575,1.8945527,3.2551339,1.5160929,1.1485535,1.4326499,2.0619736,1.4367678,1.2929417,1.5850017,1.4174963,1.3940761,3.3106322,1.3874619,1.6733432,1.2791944,1.9050093,1.4184264,0.8748438,1.21796,1.5863596,1.0030966,0.62513655,0.7771821,0.8471219,1.1364475,1.2751943,0.66801333,0.5096035,0.56584376,0.61075175,0.6239382,0.54133344,0.5938309,1.0493323,1.2489443,1.6525967,2.098881,1.7566766,1.2415614,0.86345994,1.4178532
28.636826,27.49368,46.422287,58.21459,55.49041,29.095182,18.430061,15.3767395,10.91348,18.339048,16.873722,9.956075,13.529269,14.058345,7.563808,4.2731643,8.886474,5.8989906,3.4218912,11.1622,11.863488,3.9009717,6.628889,10.637897,13.489307,16.414576,14.258039,12.009862,7.839109,10.0828085,11.915329,6.8973303,2.4297376,5.9974275,11.208775,5.862765,7.9500275,11.138292,7.9552283,9.551492,10.767808,9.886885,7.8736963,4.67854,5.209667,2.49176,1.43211,1.1722494,1.4349282,2.6074665,1.9294982,1.1041648,1.6769377,4.5262547,5.9634414,5.1800866,9.355749,11.923164,13.95952,16.29689,12.717863,17.902311,18.359642,8.763266,8.603546,16.296532,11.334947,8.285043,7.0983353,3.3010054,7.8852053,11.627274,28.84498,32.323532,17.092026,10.879805,15.307477,13.998201,17.648365,14.362245,10.670354,4.9380603,5.6384273,12.364673,9.688673,7.8899255,5.6706896,3.5005333,3.835437,4.437164,2.298702,3.8964343,4.215333,5.203101,6.5702825,5.404939,4.5257874,5.702457,3.4120455,1.8885483,4.1024837,3.6206756,3.5916047,7.480533,7.358328,3.5473168,4.6234927,3.7787044,5.5110865,4.535556,12.761273,13.115405,25.397669,6.540191,7.6471415,11.344178,10.049204,12.013658,9.336969,6.9263015,3.9793575,5.0088444,5.6129575,1.9122188,1.6068546,2.8568127,4.29851,4.147732,1.0975982,4.7357984,5.620922,2.7992651,0.9586782,2.037148,2.7373786,5.4931555,3.630265,5.2109556,5.467889,4.6573596,3.2977672,2.9079406,5.8841267,4.1868663,1.4932458,2.7469804,2.7384171,2.158196,0.9667836,1.6616338,1.1180345,0.82316005,0.97657716,0.5017565,0.464161,0.24365857,0.08761974,0.06706248,0.052993473,0.07516893,0.13506013,0.22118002,0.43272793,0.72853625,1.3785546,1.9028637,2.5002556,1.8040657,2.3539617,1.8202674,1.3806654,1.7822424,1.7000908,2.7780814,3.403551,1.7217406,0.95417124,0.97643065,0.8925633,1.1000999,0.9479478,1.2077682,1.782587,0.7189831,1.1202389,1.2551812,1.7634659,2.3969603,1.9484804,1.3030223,1.3937739,1.9194474,1.3477908,1.0792927,1.3857328,0.83108985,0.41664815,0.44522527,0.53728086,0.56443906,0.39051485,0.2397685,0.4414311,0.46952415,0.43408337,0.64395744,0.62202007,0.59099555,0.3767022,0.36955503,0.251525,0.31716123,0.66188425,0.50029004,0.70567924,0.6277349,0.5323941,1.1944749,1.3471447,0.64762086,7.145392,6.609528,12.862383,9.423692,9.684483,10.357208,4.2519994,4.695064,5.1473575,3.9539523,4.0455446,3.5982873,2.3675592,2.1598728,1.392274,1.8681225,5.270563,4.747325,3.736483,2.0999382,1.9098539,1.6334314,0.89601916,0.95582074,1.5106415,3.3126976,4.2840886,4.6067004,5.0740533,4.59949,5.6662083,2.0850358,4.11676,7.065717,4.0798464,5.4024525,6.893095,9.817274,12.579287,13.782566,5.5533195,6.234045,6.022313,2.5801759,1.1343763,0.8853993,0.12809432,0.30986324,0.28815883,0.2322786,0.3853907,0.7702157,0.9163981,0.9262406,2.852774,3.4189074,6.277328,4.6671643,5.5386424,5.1200023,3.1825895,3.4836125,4.2253036,4.473038,1.8885888,0.5430818,1.5125488,0.75733316,0.8818129,2.3942692,5.4007196,7.0064945,6.3420625,4.674956,3.212155,2.8148508,4.2733994,6.2227273,8.753001,3.6876276,1.6575626,2.197926,2.0466778,2.3992314,3.6923811,6.978846,5.854053,4.0123916,3.6559176,5.3553414,2.894135,1.876078,1.535352,1.7402056,2.188666,1.1101702,1.1396326,0.9981922,1.8533579,1.2432153,0.7689846,0.8110177,1.8842034,2.4421747,1.2735913,1.5246105,1.0107267,2.216645,2.097494,1.7399374
87.82094,93.97239,1473.2709,1040.2346,850.5408,535.48914,159.89174,62.048996,58.80293,98.089195,88.37366,28.14347,10.891575,17.928762,16.464344,18.464207,24.857134,13.757584,5.0909,4.1552405,6.483199,7.4157605,15.249612,21.800695,13.674041,11.607106,13.250526,23.556162,19.5194,7.323785,6.9035354,13.426633,11.191026,12.48378,15.750094,20.316687,11.30334,9.065041,19.272934,10.440729,6.366891,7.4673076,8.629478,5.2826467,5.6571937,9.060109,4.9292665,1.0954967,1.2688951,1.980854,2.3881505,1.6553774,2.4242988,4.4075665,3.762728,11.340716,17.767967,11.025453,19.6874,15.498033,8.266355,11.159207,22.84681,25.456656,23.176321,28.511425,23.878004,24.21931,28.325981,13.571443,11.030197,28.298046,42.408848,55.93573,28.649937,19.93147,17.353634,7.718581,6.85825,6.866131,12.96704,8.881628,13.521106,11.806066,10.799545,16.594326,11.744937,9.644207,5.6780314,8.430093,8.745949,6.5215755,6.724463,10.075941,10.929487,12.215131,4.890749,1.8382374,2.3886988,3.1647084,4.297033,4.149771,5.2785926,6.091577,4.9719243,3.1001015,2.4643745,4.158134,3.2335024,2.3210838,15.57699,27.263485,579.6363,195.92575,185.11969,122.52561,61.007652,90.73256,92.91386,93.82938,76.45103,50.97837,44.5669,55.466007,39.72795,31.916931,34.558064,33.53988,25.342833,27.239489,22.726265,20.828016,14.260251,13.173201,14.045373,13.154191,7.175371,8.552242,10.292426,8.6144705,4.89272,3.9693444,7.2912564,9.460715,9.669327,6.8533483,3.2924907,4.1771545,2.8091419,1.9927835,1.4655905,1.0860116,1.391246,1.6095632,0.81634563,0.3472792,0.34863514,0.19177905,0.16776863,0.21058385,0.30814132,0.4806649,0.8767211,1.2286232,0.96132195,1.1544774,2.597387,0.9628066,1.8316809,3.375023,2.9176862,2.2165868,3.3132403,3.3720074,2.185048,1.9904951,3.2535121,3.7945347,3.0667553,1.0485418,1.5017726,2.2861478,1.2829479,0.67698705,1.3805379,1.4903914,1.833734,1.6024419,1.4449984,1.4371356,0.9105403,1.6236897,0.6588292,0.37592992,0.6016546,1.2866737,0.94015247,0.68197596,1.2015758,1.219741,0.34334928,0.81629485,1.3226418,0.64980525,0.98938596,0.77427495,0.8216696,1.137368,0.7741642,0.52260053,0.5897276,0.2869578,0.36055997,0.7891469,1.078093,1.0566269,0.83602494,0.93661237,1.0855589,1.0498416,1.5712729,6.328036,170.60483,40.901955,25.323446,17.975441,9.321214,16.785978,15.434122,9.732168,12.898001,11.268457,10.258946,5.6012907,4.217449,2.5659833,2.8982053,2.7856176,3.877746,4.714089,5.5731936,3.9283006,2.527364,1.9878429,1.4726937,0.6786208,1.6429302,4.0633216,4.5427275,2.449874,1.4691631,2.2291107,2.8744555,2.5123243,2.616396,3.6727254,2.7914317,4.617567,3.9857364,2.9803169,3.2331817,3.8814964,4.810518,2.412878,0.8758146,0.4180585,0.24560103,0.14050245,0.12264466,0.10986348,0.23969686,0.39235714,0.3950538,0.5164832,1.0199581,0.43500912,1.126593,2.0463836,1.9965402,0.63623744,0.8600132,0.9133723,1.3267606,2.042364,1.423346,0.92066425,1.9129205,1.7390122,0.71136725,1.0387201,0.97774744,1.3661397,1.3353447,1.6867368,2.167345,1.4320829,1.1398337,0.508625,0.83730614,1.1221771,1.652874,1.0219059,1.6392466,1.7537601,1.0043911,0.38356504,0.51856726,0.599881,0.69859487,0.7704334,0.9883751,0.4533579,0.27575344,0.15145293,0.3955836,0.32456934,0.2044061,0.43063954,0.40027887,0.55382895,0.59289056,0.22662403,0.2773022,0.664737,1.3453878,1.1347976,0.7231381,0.6391838,0.43885726,0.7440014
5.4895816,4.9820495,9.703412,14.292357,10.967438,12.168862,9.461428,10.344231,9.791655,18.149628,14.157701,5.9361315,6.614171,5.8877077,4.4721994,2.5972784,2.9610243,5.581438,4.7301846,5.2374396,3.2185519,4.2239757,5.543389,4.9389825,6.8880167,8.560758,9.224499,4.6615696,6.175687,10.631645,9.670399,3.5115047,5.451328,7.7610865,8.3150835,7.79868,6.706611,6.954664,2.9692109,1.1928397,1.569222,2.6516578,2.8233418,3.879435,4.156919,1.7251017,0.20452459,0.6357339,0.46010107,0.91435003,1.0948131,1.2189592,1.2833114,1.6238985,2.3353918,5.2640767,7.954183,5.0970216,6.6027393,8.624182,3.213962,2.778366,10.480149,9.536714,6.416303,7.4531984,3.292832,1.4595706,2.1049094,4.154284,14.384559,17.08707,10.448629,5.467855,5.0259175,7.8765707,4.0583405,2.6837134,3.6529021,2.3965826,2.6385074,1.9831016,2.5357897,4.684313,5.169304,2.0606387,2.1995616,2.216466,1.8775703,1.395778,1.3628535,2.190293,2.5940683,2.1309528,1.0184386,2.5456624,2.0323246,1.1276171,1.5581515,1.9937896,1.3735179,0.60146964,1.9172237,2.2330837,2.231501,1.4157164,1.7842492,1.8972816,2.9898505,2.2573621,2.6005812,1.9119638,13.950502,3.1924229,3.2923605,6.2760134,7.580942,4.3758535,1.3746902,1.8147937,2.5510194,2.7777965,2.3049207,1.646741,1.3412495,1.5006309,1.3667814,0.8098645,1.9263228,3.0898747,1.2540419,4.2244167,4.5552106,9.333671,13.13453,6.650863,3.3077543,2.492668,2.5716984,5.3669977,3.768471,1.5670874,1.1641542,1.9877152,2.1536458,2.7708144,1.4893669,0.6384478,1.1374536,1.3382311,1.1261928,0.31635562,0.4019677,0.6887399,0.5652547,0.3870229,0.2280797,0.12467341,0.073687255,0.10860527,0.1370424,0.21100895,0.3964606,0.4069705,0.55411804,0.5685211,0.68180704,0.646201,0.79107744,0.82866585,1.068991,0.9159587,1.2760235,1.4226067,1.3906837,0.91457295,0.8479197,0.8391778,0.8015587,0.8159257,1.9599428,1.0632023,1.0083587,1.390111,0.8001092,0.6438586,0.8671077,0.56589496,0.2924373,0.4621105,0.6508889,1.1212965,0.6181556,0.35815045,0.38222143,0.2991068,0.25239116,0.3469949,0.2964611,0.3750752,0.47093442,0.41586083,0.5950437,0.45613047,0.39266792,0.47726226,0.34271833,0.34951583,0.3715705,0.2932178,0.327548,0.26003653,0.32399124,0.3025704,0.16437955,0.40521735,0.8287574,0.8108607,0.61709523,0.26843837,8.016406,7.741218,7.198009,2.5467582,5.362838,8.531402,6.3840485,5.3597627,2.589022,2.05073,2.7403855,2.3300052,1.4392036,2.0673695,1.4961303,0.97726685,1.0131207,1.8969562,3.41606,3.0301614,2.1599796,2.3633,3.9216332,5.189776,3.4292896,3.051902,3.7378764,4.527792,4.8538365,5.3755255,4.5743566,1.5757778,1.1775799,1.7086232,2.1033127,3.8623052,3.6658018,1.8899474,2.434352,2.3849702,1.6014856,0.9665106,0.61221546,1.1130909,0.780289,0.8533441,0.5606891,0.30340347,0.107992396,0.06629989,0.09645508,0.17991142,0.30080906,0.3059098,0.23160248,0.35921565,0.86478007,0.5872763,0.8498601,0.72038895,0.9711999,1.5641359,2.2973628,2.2413106,0.9885728,0.88293093,1.5608406,1.2946732,1.0184348,1.2436218,1.742051,1.2589374,1.1575651,2.1906836,2.758614,0.8027748,0.6287394,0.4733545,1.0526819,0.87233776,1.475304,0.35896403,1.4567283,1.3559842,1.3488773,0.7945039,0.54137456,0.43982804,0.4652499,1.370028,0.44750202,0.554999,0.71334577,1.0414587,1.223607,0.43034866,0.19032344,0.43585005,0.49278516,0.5114424,0.6027671,0.55434734,0.37165803,0.76791275,0.67802334,0.53608805,1.1662388,1.631488,1.6269809,1.3492976
2.4897516,2.5866704,24.455404,41.770348,24.93976,15.141554,7.1136065,3.91832,4.278514,5.9868937,14.443028,7.202747,9.735556,7.4572167,3.4251242,4.431454,4.8804374,6.757029,4.0785384,3.680199,3.2010581,1.5439206,2.2835307,3.7172978,4.431957,4.3333607,5.776755,6.434595,1.5065455,4.4689035,6.2758927,4.8329782,2.519741,1.3153667,4.132931,5.382126,4.98535,5.8733416,5.067494,5.0842595,4.75929,5.206187,3.622563,1.6858555,1.3566573,1.1140751,0.8900608,0.7413018,0.49773818,0.9482581,0.9885655,0.5572363,0.90468496,2.4210227,3.9505112,2.604978,9.034158,5.680955,5.522561,5.2525334,4.356673,7.6631513,13.746325,3.8494303,8.8858,7.8289547,4.6307,5.228337,7.490303,10.6691475,12.070049,15.650944,21.210073,13.001704,5.160045,3.562974,2.4527805,1.7591377,1.7093942,2.016805,3.0500128,3.4185188,3.843876,2.4106083,3.4202268,1.389037,1.460736,1.8207047,1.6495394,1.9315183,2.1485496,2.2360282,2.8999228,1.6749508,1.5035831,3.8072147,1.0722717,1.0220684,0.988808,1.1459994,1.7351981,0.73055786,1.9581397,1.7004138,0.5953591,1.1548613,1.771196,0.5501313,1.1409551,0.8737751,2.0591505,1.7111036,8.624576,3.384582,2.1298048,3.797928,4.3696485,3.564954,5.462909,2.9414873,4.3570933,1.6988331,1.5721093,2.1749322,1.3021833,0.8957574,1.7687603,1.0743318,0.9438391,1.9329321,2.2619867,1.2218529,0.8966882,1.9218698,2.867265,2.5679035,1.2618105,2.0494738,2.2677042,1.5019281,2.1077917,0.94087315,1.0488647,2.449662,1.7322674,1.7650638,1.6200677,1.1836824,1.00954,0.54646206,0.52976114,0.5277316,0.7349933,0.6389648,0.22618946,0.1581259,0.20992287,0.120401196,0.034547076,0.043202013,0.033268068,0.12637384,0.38692346,0.33344173,0.3162021,0.3344287,0.64694464,0.761753,0.76111907,1.1522359,0.6979727,0.9562358,0.74586874,0.4943375,0.7242749,0.53257394,0.87826264,1.5768625,1.3106596,0.72207326,0.5257724,0.6957228,0.60925287,0.27741572,0.28770334,0.3512826,0.2523481,0.18209381,0.10679296,0.09098239,0.44540435,0.85745144,0.33725798,0.32339302,0.5445694,0.4778187,0.24239577,0.15226312,0.18363146,0.30029857,0.15537398,0.15036133,0.12630627,0.05544149,0.062397946,0.072016604,0.10737432,0.14957657,0.21296218,0.18269671,0.098857276,0.10996908,0.25360554,0.27640992,0.19059712,0.20253481,0.288532,0.29803303,0.27314,0.2824652,2.8184497,2.516729,5.084808,1.9158365,2.2344427,5.923594,4.146711,1.4262065,1.0631757,3.1713192,1.8773047,1.409634,1.2828627,1.1152763,1.3011574,1.5059018,1.1110262,1.4223078,1.6574887,1.1123422,0.98319787,0.71015066,0.57795745,1.363861,1.0222839,1.1368955,0.6130444,1.8665664,3.0973632,2.1149867,1.2139221,0.86512226,1.9178932,2.1835563,0.74265516,0.8330652,0.43294865,0.29932174,0.6817891,0.69029075,1.3830761,2.0589457,1.3399422,0.9934888,0.7372058,0.54843163,0.37191096,0.31372765,0.13488749,0.103938095,0.15995748,0.2758296,0.18091352,0.48760477,0.9798536,0.9402234,0.7726465,1.686247,2.2995703,2.4077384,2.0205474,1.085565,3.3357222,3.2471693,1.0013614,1.3309991,1.890752,0.70760185,0.5576411,0.96843827,1.5195241,1.5073154,0.9285443,1.5095679,1.7631081,0.97927225,0.5739238,0.6066986,0.57134503,0.44457063,0.7022008,0.28494236,0.2210516,0.49015495,0.7649841,0.43104643,0.40505996,0.29960153,0.3622803,0.49311772,0.1879098,0.29396015,0.22570561,0.35707048,0.41851223,0.38516456,0.19853352,0.20574668,0.18409757,0.19261023,0.2116032,0.13457632,0.2331235,0.14653254,0.30656177,0.39178246,0.39486066,0.336122,0.5945068,0.58424854
3.6029866,4.0212665,38.411736,26.595184,21.057386,23.265207,14.445695,10.408981,6.367354,9.39009,13.5908375,2.6776218,1.8290994,3.9921174,2.2300715,3.604713,5.56491,1.6442825,4.206947,4.395814,5.95666,3.7935615,4.2892737,5.372306,1.2798558,2.995046,3.4502397,4.5007734,4.0844793,8.442747,7.5475183,6.2091722,3.3279755,2.99122,2.4622574,4.2069855,5.337131,4.6581173,5.3251176,1.9216074,3.9671638,4.1351695,2.762434,0.97434884,1.1467398,0.7442241,0.40401256,0.44100818,0.29462633,0.34231076,0.29312298,0.99544275,2.2376404,0.89370906,1.6147245,5.598627,7.775392,4.801414,5.2508335,5.8723955,3.9284968,6.496016,15.694024,12.804898,6.8391986,9.978113,13.406415,10.861348,19.496256,10.741195,4.833413,9.813826,17.20304,17.57585,5.269463,4.196342,5.263934,3.58904,2.2918959,1.4500463,4.3988605,3.1864312,2.1190648,2.5176249,3.521088,3.2357244,1.5117378,2.3623612,2.4677925,2.6110682,2.8484862,2.7770927,2.5604537,2.4225473,1.0336713,3.1923769,3.3632476,2.4234722,2.3575788,2.542926,2.8261423,1.3341693,2.9891775,2.5990336,1.6610937,1.2973806,1.8878218,2.4813874,2.5234914,2.7163553,2.2690175,2.0765436,14.6888275,2.9988341,3.626584,5.49044,2.416826,3.109145,1.2075943,1.6100519,4.7888775,2.726167,3.1621926,2.593403,0.94831353,2.2731404,2.660822,0.6312564,1.2045487,2.5606275,2.1765127,1.9584394,0.93504477,0.40427917,1.4257617,2.4345286,1.5744005,0.9399182,1.0789325,1.4308634,0.8569373,1.2261221,0.90336704,0.6079186,0.6345854,0.5215087,0.5582902,0.97800255,0.46316278,0.17553894,0.20656018,0.2316447,0.23877673,0.25536314,0.37015972,0.1800075,0.06694741,0.069366455,0.036637623,0.043051902,0.1520401,0.34627828,0.40779382,0.33791804,0.7965645,0.7751916,0.50602,1.122668,1.7952874,2.3393588,1.0627791,0.9422125,1.725733,1.3982567,0.5886849,0.44658166,0.8495537,1.1409057,1.6439161,1.1033806,0.5597156,0.6671501,0.5685108,0.5950681,0.47140598,0.27727348,0.3535813,0.27454802,0.3192919,0.39759654,1.0640358,0.98377365,0.67635036,0.3671736,0.15880795,0.13480468,0.20076032,0.18802579,0.2009637,0.23844555,0.28388715,0.28873688,0.14334556,0.15252455,0.090637565,0.15562911,0.25874728,0.22243376,0.3953442,0.25978878,0.096847646,0.06423487,0.32065728,0.38521937,0.17427109,0.18792681,0.29394722,0.34237522,0.41865435,0.75899935,1.3000233,0.9321753,2.3200696,1.7372581,2.0259202,3.1722274,3.5940652,3.3016174,1.5070745,2.6921766,3.5956314,4.256465,5.379736,2.4184937,1.6756124,1.7413858,1.7386111,2.1225612,2.2422678,2.0190673,0.8920862,0.9485452,1.1000687,0.93674695,0.968791,1.3324051,2.2067044,1.6446369,0.5470792,1.4173374,4.1394663,1.6329557,0.47586623,1.3066111,3.3103983,2.7554555,1.8191302,1.8543122,1.7554493,1.1508569,0.73304784,0.6107309,0.7013069,0.9481928,0.5717452,0.25590473,0.4756716,0.36387497,0.12732185,0.06421093,0.065498985,0.12097939,0.23479827,0.23006153,0.5036857,0.6877394,0.62879413,0.4890678,1.0378319,1.8243312,1.2022673,1.9983696,4.140342,2.3131478,1.0577391,1.4774135,1.5971366,0.911126,0.39914316,1.2437791,1.0048065,1.3242656,1.9201322,1.1473869,0.6562221,0.7360664,0.9454754,0.69877094,0.5521136,0.38120875,0.90664744,0.6505777,0.87602186,0.324788,0.5835037,0.33209267,0.25103915,0.49872842,0.75941455,0.65782046,0.4035335,0.46377298,0.20660205,0.6279913,0.7797371,0.23551252,0.18461056,0.2317038,0.3990958,0.18969259,0.19866772,0.13763165,0.34671324,0.41891453,0.24050193,0.4966581,0.5705732,0.43214366,0.59854764,0.6658271
3.0283015,1.6772504,86.27186,56.903114,22.682941,12.076874,7.8053613,7.2172275,4.8156533,5.390477,6.4450727,5.117673,2.0832999,2.6033635,2.279541,2.1016693,3.4974918,2.5165539,1.4230156,2.160952,2.1591656,4.5462155,7.1934605,7.000169,5.400748,5.003364,3.789568,7.0171657,5.1539326,6.3907666,5.544635,3.3349822,3.4846227,4.6994076,8.956769,5.1927023,3.1193533,3.1305428,2.1481473,2.1682467,3.4344578,3.1276667,1.5886164,1.1219264,1.6637194,0.56986827,0.24691127,0.5123646,0.6647331,0.87259895,0.41954118,0.45450228,0.8720479,1.5163372,1.8410609,4.090086,4.6368256,2.6469953,6.051092,10.688413,8.758683,10.014781,11.752639,7.69116,3.9484856,3.1066654,4.3983936,6.064248,13.518486,7.422752,8.1971855,20.398933,38.56099,21.145355,9.285123,3.2136633,2.726652,3.8505008,3.8377283,2.3060558,1.9874423,1.459458,3.1678116,4.1255364,3.764375,4.040362,2.138909,1.0016522,1.6876378,2.0583808,1.6610055,1.7940893,1.1751333,1.3866204,1.6017287,3.2442772,3.4138844,2.1059272,2.0215344,1.8994836,0.931522,0.6633633,2.5682535,3.5918806,1.5657676,1.0783204,1.6745267,2.3897595,1.6631329,1.813459,2.1109664,1.4804732,12.119578,6.3613415,4.057892,2.9067774,2.3207943,2.3069637,2.9155316,4.5496764,2.7658353,2.0503194,1.236437,1.0262163,1.465096,2.1965666,2.1784258,0.6112974,0.9793709,1.9577128,1.4104986,1.3990602,2.180833,2.283618,3.0988307,3.270363,1.1259238,3.2984123,4.503522,3.0304978,2.0626562,1.6725506,1.9556385,2.8319817,1.5265877,1.1060628,1.7078272,1.494542,1.3655843,0.9525106,1.0102589,0.5726023,0.24865878,0.34475064,0.39081478,0.15736891,0.1359344,0.026141366,0.025716444,0.076220214,0.11697124,0.21323535,0.15712005,0.7073602,1.0839866,0.75602806,0.13763954,0.59101695,0.96389437,1.2642546,1.2298353,1.8563961,1.3659226,0.77656573,0.643508,0.89558166,0.7988921,1.0088071,0.84570414,0.5169531,0.73059195,0.6679243,0.80751467,0.9420748,0.73532593,0.36326766,0.34361857,0.977993,0.5315654,0.5811894,0.6108286,0.85592777,0.42793515,0.5456702,0.7030105,0.40962303,0.31127825,0.33638585,0.26038966,0.29813132,0.32372552,0.24515654,0.29434955,0.29754436,0.26968205,0.22422056,0.23838237,0.2965633,0.3698982,0.22418655,0.14546765,0.30524358,0.5502616,0.63745165,0.39454138,0.19082278,0.15644066,0.16762769,0.44852483,0.83867264,0.92378426,1.0172342,4.7107825,1.8515677,1.0440534,2.2802181,2.2835882,1.7592988,2.3341165,2.7578704,2.5400386,1.3934728,1.2423596,0.508772,1.0782123,2.3449178,2.2975898,0.9455062,0.69168437,0.8349688,1.1429099,1.3922441,1.2132368,1.2387689,1.4846923,1.5649877,1.2155291,2.4138062,2.3614717,2.0973005,1.5120424,3.0891085,3.6331172,1.5473316,1.074369,3.6079426,2.5249963,1.3511043,1.5223681,1.1143651,0.93160105,0.254898,0.5126156,0.7473914,0.35603514,0.35648912,0.23195979,0.22308756,0.10854249,0.080255926,0.11729286,0.1412865,0.10425977,0.23298433,0.27945393,0.32019213,1.3684856,2.7075841,2.483058,2.1801362,0.8965834,1.605338,2.810929,1.0163702,0.3387122,0.48953122,1.2814491,1.1034247,1.1608726,1.4223815,1.1156784,1.6515789,2.8139791,2.0321753,1.5812526,0.8484819,0.58357126,0.9931611,1.0189576,0.6904064,1.1223248,1.2345572,0.99374175,0.54569274,0.91936153,0.5908176,0.36434308,0.4740834,0.77386475,1.1639646,0.80756646,0.9910453,0.74256307,0.5017777,0.41385588,0.20199084,0.3708186,0.52610713,0.21185327,0.24041076,0.29884237,0.2543197,0.45501763,0.66625136,0.94205374,0.8353435,0.7690215,0.67695993,0.8890395,0.5253083
3.657826,3.721954,38.54727,51.821762,41.12692,21.310816,15.612153,8.238906,6.5366335,6.983872,13.794454,4.892733,2.4763832,2.5597098,6.4702396,10.703415,3.8291314,3.6010385,4.4742036,3.4180727,2.595788,2.0432284,5.0071545,5.967791,4.1723075,3.0843978,4.850653,7.2349286,3.2982454,4.0628805,7.7373953,9.216042,4.7401714,4.982697,5.5959854,4.3301105,4.647503,6.510957,8.838529,4.4797535,1.8869455,2.0502346,1.7209569,1.6551156,2.4021342,1.7956319,1.4074533,1.0169215,0.6855639,1.1677316,1.2042054,1.7193209,1.3863354,1.5840884,2.4493911,2.1113937,3.2186956,4.4263983,5.5043373,8.191301,5.745241,5.8341746,4.9475617,6.6983953,6.702741,4.6589804,6.2975326,8.146737,7.423413,5.2040815,14.02007,23.83372,15.235383,4.3824487,6.813465,4.178483,2.619404,7.062521,6.525411,5.07418,3.3591332,3.7420006,3.7247772,4.549617,3.4160013,2.5471709,2.7435534,2.6858346,1.5363162,1.3894101,3.3934033,4.9023733,3.8968728,1.5157388,0.7723543,1.4017556,1.7814256,2.7219937,2.6936219,4.0022097,3.615443,2.8586998,3.2329803,2.1238134,1.6056432,1.8596091,2.8114502,2.908478,1.8262583,1.1249285,0.98908967,1.6842618,11.6310625,13.354079,10.064079,5.2346697,4.7079253,2.228566,1.9544302,2.3296149,2.3997903,3.3991196,2.1639404,1.2419312,1.4957287,1.862383,1.2279273,0.90640247,2.2481318,1.4085277,1.1406525,2.8729079,4.4271293,5.9391537,7.332687,10.186201,6.104342,1.2518101,3.217461,3.3617804,1.4006804,1.8271067,2.7916024,3.6851,2.4836802,1.9382573,1.3213236,1.2777854,1.7839,1.1646248,0.6087135,0.72114027,0.706452,0.67337996,0.86836904,0.5379298,0.16730382,0.06870009,0.07868818,0.07758496,0.07898995,0.40536973,0.51116353,0.3173047,0.49639842,0.66294193,1.0596268,1.2284898,0.58869046,0.4164643,1.0930992,0.89982724,1.5990771,1.6823776,1.4217113,1.9153286,2.7771208,1.9328743,0.5836622,1.2228063,1.6052718,2.4895108,1.8098946,1.0420556,0.65688574,0.42644855,1.2938588,2.1274867,1.5817299,1.2742482,1.4718741,2.0178027,1.5509198,1.0153977,1.1614096,0.7878106,0.5020306,0.4902095,0.44483566,0.85368365,1.477246,1.2345175,0.70758015,0.24181686,0.30392995,0.39169827,0.3528893,0.6631934,0.5859233,0.2859893,0.2736698,0.6167676,0.85127425,0.8691249,1.0109414,1.3575356,1.9098637,1.2448708,0.46481976,0.21173394,6.221639,6.6009398,18.647804,2.3065383,2.1512835,3.1095011,1.4934932,1.6317974,2.6707478,3.5063307,3.7294855,1.3001928,1.9609033,2.0244195,1.2477623,1.662027,1.7829175,3.4309874,1.8561585,1.7691078,1.1498227,1.8420191,1.3391855,1.8527747,2.1463017,2.3013654,2.6763504,4.0012984,3.5228949,2.1195762,3.7615476,4.6688976,3.873139,2.1848643,1.7879593,1.3561594,0.95803255,1.0973808,1.8934286,3.6172264,3.4566245,2.2186644,2.345696,2.2984526,0.7992761,0.26418814,0.28653398,0.17538726,0.16397691,0.13182713,0.21880968,0.61042184,0.64283645,0.24693297,0.64251596,1.1533959,1.153038,0.9067737,0.9484912,1.7088978,1.7666787,1.412608,1.7609802,2.313702,1.6146089,1.9486017,2.140908,1.2016118,0.8943052,1.2321182,1.3145084,0.9012101,1.8754305,1.5925004,1.8165807,1.6255058,1.0576898,0.9990896,1.4162531,0.58079755,0.48160037,0.34585804,1.0031767,1.5017279,2.7413268,2.5929258,0.7016645,0.6884192,1.3624508,1.224412,0.5049152,0.5260317,0.7000186,0.4750158,0.38114518,0.19447993,0.14528576,0.57075447,0.6487272,0.5249649,0.63463145,0.5734679,0.37999117,0.36378777,0.28137797,0.37241983,0.34027442,0.664251,0.60617054,0.4172879
6.696826,3.9939525,51.090393,53.81496,36.985737,14.018412,10.795569,8.226803,9.666987,8.7237425,9.294689,5.0589476,4.249958,3.6945632,3.9925103,3.2883334,3.6598873,3.7413137,1.6816555,2.1959774,1.4315008,0.89732146,1.068884,3.6348374,5.526233,4.47715,4.536626,1.5282434,5.3677287,7.453042,2.2887921,2.9587257,4.143693,3.7971907,6.1078706,4.2784796,3.814994,1.7115917,1.4715544,1.2296163,3.0758026,2.7754843,1.6961745,0.6351373,0.98295,0.39879003,0.43706566,0.33805007,0.3400277,0.35718247,0.9783711,0.85892105,1.5652127,1.5886662,1.4437615,3.7697089,9.494512,14.040603,14.221231,6.626851,6.877494,8.244465,9.061913,5.495338,5.1874146,10.121463,5.276733,3.632904,12.437712,10.139633,15.506898,19.00398,17.924881,12.586206,5.578653,2.197223,2.2838383,2.835363,1.2251526,1.2006685,1.9729182,2.8135831,2.4856365,5.2318683,2.205682,2.3697672,1.3213354,0.7906521,1.2764927,1.6295978,1.4731052,1.8546294,1.7941649,0.98524076,1.7169136,3.0149245,2.6391659,3.9112265,4.984926,1.7933612,0.7139497,0.71450526,1.3150042,2.611456,1.3563231,0.47805974,0.98111665,2.101896,1.3945479,1.035269,1.919057,1.9671181,6.5136356,1.2983103,2.8173409,3.1399329,1.9037292,3.3407652,4.217614,3.1826432,1.7944825,2.250283,1.8090055,1.4613923,1.4626566,1.1098853,2.2142634,1.281364,0.9013852,0.8538192,0.8605391,0.72477823,1.0153668,1.1317054,1.259723,4.077927,2.013533,1.4426379,1.6666965,1.4625865,0.95189077,0.8157906,0.94967735,1.1849428,1.6124202,2.933148,1.0825561,0.76974964,0.8987381,0.47295412,0.6043244,0.6026732,0.42455035,0.29129744,0.2507431,0.16183025,0.055590287,0.028140195,0.01222067,0.018142745,0.06888163,0.08108557,0.15819524,0.10582479,0.19806837,0.53000706,1.2143719,1.0281246,0.7872667,0.59138185,0.5549976,0.6819749,0.84529185,1.3337315,1.0826291,0.7039754,0.72976035,0.85046077,1.0587447,1.1262654,0.91788495,0.6941372,0.46921062,0.4598648,0.5260347,0.5354986,0.59170115,0.5516003,0.3310752,0.4183435,0.4291734,0.33050895,0.35413387,0.1522191,0.21751253,0.42831156,0.2695461,0.33182958,0.1491347,0.06490197,0.15511154,0.11890362,0.14816909,0.24876226,0.27323478,0.19535019,0.107392915,0.17163987,0.19387625,0.13197683,0.07441777,0.12270695,0.15939364,0.35717866,0.31994832,0.21882032,0.25882578,0.1576785,0.08841561,0.16299146,4.626367,4.5930576,5.355401,1.2739396,0.9105436,2.5918508,2.8821137,2.715495,3.4926124,3.9992807,2.649806,2.1766365,1.6566494,2.0715742,1.766082,1.0316277,2.4152477,1.8879784,1.4652638,1.8599442,1.0136204,0.5048803,1.619026,1.4248563,1.4606266,3.73546,3.9865594,5.6762896,3.4529986,1.1119086,2.3714142,2.5850377,1.2226512,1.0083683,0.97288436,2.3470874,1.7713733,2.0245123,2.187316,1.6874708,2.1165516,1.7955725,1.3032924,0.3671791,0.19725525,0.26439956,0.15233217,0.11198918,0.05189622,0.03750626,0.017606469,0.061114088,0.08423392,0.20006682,0.551478,0.7178215,0.71892047,1.2819629,1.8195784,1.9484663,1.7936326,1.2913668,2.4497516,2.9077415,0.4742411,0.8587192,0.6279844,1.1614413,0.5140997,0.56706643,1.8287816,1.367043,1.0848547,1.2758459,1.1230243,0.6238322,0.2774121,0.58121485,0.61966413,0.7584136,1.2637719,0.8010645,0.48275778,0.93178797,1.1729661,0.8825155,0.33804223,0.33858362,0.7350702,0.6776806,0.5089578,0.28923145,0.17497298,0.17276914,0.30614647,0.20214596,0.24975963,0.32832357,0.1951551,0.10670985,0.15020457,0.15425396,0.22208509,0.41249663,0.56512564,0.52266103,0.2675028,0.103510775,0.23943277,0.54282004
6312.9595,5039.0874,13558.199,9245.873,5806.833,2943.9666,1047.5132,511.5212,344.73303,250.36194,184.3834,109.72308,94.51471,118.048,74.34528,56.29753,52.58932,30.34744,29.706299,34.638374,24.063128,22.648129,29.736486,16.1624,22.345358,26.007114,32.80318,57.067184,56.310024,41.837833,22.83337,21.110376,15.991322,17.682112,29.274445,23.943035,13.838945,22.994371,18.886366,12.259392,5.3566227,6.678895,7.351839,4.991065,3.2727835,3.3587844,1.6140877,1.0569677,0.85482687,1.9812359,0.6107346,0.93047416,1.3910284,3.1728165,9.274256,12.68416,9.035293,5.0038633,9.19281,9.753064,8.813823,3.9729362,19.970114,22.216446,12.736635,16.744455,17.803455,19.57327,26.715916,19.145348,21.80699,20.271025,18.16569,15.226094,17.99071,12.374049,13.107842,18.09431,14.357797,6.227071,5.2171993,5.861478,3.0823517,4.361304,7.8682184,6.427035,6.998898,7.7566547,6.0425224,5.315935,5.832767,7.2835536,5.7782955,3.8389857,3.0936148,2.8132753,5.082627,2.7350883,4.2694025,9.013551,3.9383595,5.2322617,5.674608,3.1423435,8.289614,6.8846884,4.005467,5.92405,6.422456,4.6319857,181.96663,147.55125,795.8258,227.12286,142.27983,174.16898,127.87966,75.85111,57.60333,71.02578,46.848396,26.65622,16.732939,15.960007,11.548022,9.420824,5.8272533,3.9564023,3.5900528,2.7496052,3.7910922,3.2231624,3.5146868,4.3905025,4.181756,8.1628275,3.2199233,2.2097855,3.6801353,5.9616976,9.268419,7.1369567,4.5644116,3.7431445,2.0959325,3.70404,3.2758574,3.3455887,2.0404415,1.0118971,1.2091633,0.9223245,0.54387695,0.51128787,0.5205695,0.20588014,0.11516071,0.1221901,0.07084679,0.081731856,0.1466996,0.39961898,0.3508836,0.19889477,0.21179189,1.1313219,1.7868521,0.679947,0.49150074,0.8436786,1.4944907,1.8232226,1.0986162,1.9578123,1.8988807,0.97556907,1.0961547,1.3354179,0.90194905,0.960165,1.0437528,0.9644589,0.6261375,0.48787975,0.45440537,0.69808775,1.0322603,0.94515246,0.69542664,0.29450545,0.64010894,0.7265594,0.32193455,0.46762672,0.370753,0.45818466,0.31127524,0.33650914,0.40248474,0.48365048,0.6895397,0.35505068,0.28049028,0.30783433,0.35702342,0.16303772,0.27793813,0.35047,0.21584092,0.24153982,0.14687778,0.2017173,0.25517362,0.48047835,0.48197514,0.5303572,0.3269052,0.20544808,0.33755732,0.39753032,522.3144,428.16583,878.6138,361.16632,211.21242,131.86414,45.421143,32.234093,17.865314,19.854204,20.295532,12.776562,8.422528,4.458951,1.7692679,6.4976892,4.7032294,1.5006651,3.364633,2.9111369,2.047292,1.084104,2.2802439,4.3982997,7.286534,4.115894,2.680777,3.2281454,2.2847235,2.7750359,3.617362,3.676074,2.763052,2.6973658,2.2748332,3.7773244,1.9685367,2.4334884,1.7742473,2.408644,2.420515,1.6520537,1.6358043,1.212477,1.0546334,0.5801772,0.17276734,0.17822875,0.13241853,0.07639565,0.123753965,0.2499463,0.47818625,0.7580379,0.6899237,0.8397981,1.2959914,1.0509447,0.87051386,0.7198888,0.62790596,0.45524943,1.5010424,1.9400951,1.2325974,0.89685327,0.51869124,0.2645432,0.5229537,0.79466385,1.4092306,0.88988614,0.7136281,1.0698704,1.6175712,0.77877825,0.82215875,0.78710765,1.063747,0.69757074,1.1538557,0.6870054,0.6741239,0.6718256,0.645509,0.53640157,0.49495515,0.7927552,0.7143246,1.0711597,0.81539494,0.51942426,0.18171819,0.3182557,0.50479984,0.2338953,0.29513723,0.4916547,0.51840407,0.31566903,0.23537943,0.24627781,0.2498405,0.41199693,0.71092266,0.3942243,0.53582674,0.5750998,1.231955,1.3595241
121.33003,238.04317,3219.8787,941.5746,441.78864,253.7063,184.97379,223.16473,129.54935,98.06211,150.062,104.06973,63.594025,41.068195,43.920403,55.192474,45.139454,26.762627,35.898827,43.086826,47.578182,37.751476,43.71519,66.23488,49.656853,20.583342,20.80438,32.021267,25.150805,21.0909,18.293488,10.762994,7.908966,12.934397,14.186089,16.286037,14.477785,16.842878,19.908663,22.243319,17.114779,9.560389,7.437601,5.736636,8.893128,5.287983,1.7579038,1.4373057,1.4764224,2.4124234,2.3167014,2.8149333,3.2744365,6.8931885,14.117597,21.231964,21.360092,12.396936,14.4094715,15.59401,10.754861,13.940629,15.271516,12.103416,13.902404,20.159271,20.14072,18.573032,9.195756,6.3807135,11.542951,12.0884495,19.855131,24.575453,10.26743,9.417412,10.388049,21.238523,12.186427,3.2795973,4.1236076,6.5162864,9.315545,11.070592,8.3943815,7.64497,9.221632,6.808225,8.350532,8.254123,7.5127835,5.5828724,6.1091866,15.147196,15.7494335,11.540786,6.88263,7.902508,12.421324,6.184276,2.8258698,2.1940792,0.79241455,3.780473,5.3553357,3.825559,4.211574,4.581711,8.319273,5.2792273,390.05017,646.2502,2453.2349,344.50015,246.06882,490.10086,568.24506,474.99072,359.3063,365.71786,323.79047,235.57661,192.21092,168.85225,145.32637,145.20848,129.61108,102.75532,86.6668,118.0055,108.11612,83.79408,66.730484,61.20708,64.818985,73.16356,44.754833,39.26497,37.832787,42.527702,43.266525,32.560196,27.983097,23.546879,16.399776,18.358358,14.893558,13.967558,11.717529,9.303216,7.9804688,5.2233496,4.2145658,3.5316312,2.4142566,1.5811741,0.6164964,0.30463767,0.19677602,0.27088818,0.6458329,0.9431323,1.1268767,1.3782141,2.285387,3.433841,4.259833,2.918486,3.0374126,3.1800492,3.0068464,3.9975095,4.4723773,4.4460206,3.9553037,3.997275,4.192254,3.2594237,2.9644158,2.8582027,2.057257,1.7332764,1.1918981,0.85974944,0.95266014,1.3292351,1.9944949,2.1893501,1.6865598,1.7015852,1.7102249,2.4742754,1.4711957,0.8781604,1.0662076,0.928866,0.51544315,0.2850936,0.32528794,0.44875887,0.5350982,0.4856112,0.5974145,0.8746027,0.65676063,0.5877509,0.48320708,0.40231654,0.21305971,0.15013391,0.38017455,0.6227188,0.66049504,0.7461486,0.6107875,0.57342464,0.7721329,0.6709499,0.848699,1.3686534,90.98854,162.64189,516.90955,87.63757,55.467426,98.2828,118.33751,90.7738,50.793766,63.122894,69.21725,48.928253,36.322613,27.939896,26.612186,20.439531,26.72184,23.372305,15.661129,16.796488,14.558551,11.459319,10.371698,8.211013,10.344632,12.211695,11.146427,12.546994,13.652931,11.7358055,9.265253,7.8052936,8.011536,6.8723226,5.857696,8.122306,8.018064,5.9077754,5.5552893,5.4749,5.3966284,4.0864835,2.9221416,2.482387,1.605751,0.46886972,0.11429518,0.07996417,0.068472795,0.17283897,0.32347625,0.3324034,0.308434,0.62244344,1.3209312,1.4195168,2.129181,2.2181628,3.8008196,2.38997,0.94224393,1.5423462,3.2142832,2.0819423,0.5574348,1.3307008,3.2320328,2.4516733,0.7890097,0.9732136,2.2522984,3.4802547,2.4701974,1.4560516,1.5524101,0.6177881,0.39982775,0.5675856,0.6582986,0.7749518,0.8721547,0.6423414,1.2131572,1.2983474,0.9817039,1.0323845,0.6426241,0.59136915,1.0135027,1.8061203,1.5100849,0.9063846,0.51293296,0.48364127,0.32391408,0.4007395,0.2998201,0.22115977,0.31641057,0.37256476,0.27970627,0.1123775,0.18774863,0.1967326,0.24388815,0.47983143,0.82838964,0.443121,0.37394166,0.8512574
17.763197,14.535557,63.597046,48.000935,49.524536,27.641367,19.460684,15.453992,16.059887,14.413802,32.511776,13.4965,7.1278834,9.944788,20.067389,15.969916,14.779039,15.705965,21.122543,15.753296,14.08589,15.006437,16.135605,6.519127,12.31638,9.412,4.1985974,7.662057,14.656309,17.2966,18.683754,10.743682,8.566149,12.384197,18.382944,13.896074,11.527552,10.612207,10.218279,9.172173,3.1092606,6.9958777,7.527851,3.7083318,3.83348,2.0767348,0.94795287,0.54191774,0.5295959,0.63178027,0.89372265,1.3392495,2.605295,2.6101978,1.7068284,6.953556,18.897404,14.578584,6.222087,8.956382,16.120834,37.312256,22.415548,8.454861,6.83214,10.986022,14.435413,25.944477,26.16001,11.838096,9.980042,27.421982,46.549824,22.008745,13.971054,26.116085,11.32778,11.629281,4.487304,3.7625337,7.513637,8.546191,8.870515,12.437734,9.68571,6.0714536,7.835037,5.824975,3.9853075,5.005031,3.8411522,4.6590266,5.328823,4.128894,3.075127,2.3375375,2.5501359,5.8116083,6.7846355,6.3876595,4.441165,2.827701,3.2478256,3.1521208,3.6734152,3.822664,5.247122,6.610005,4.509248,2.2339687,6.3605366,4.7073946,24.677826,13.882059,10.020671,7.375912,7.0543675,5.5128317,4.4943438,5.491556,4.715118,5.965042,5.099719,3.6027138,3.2556193,4.0929446,2.4541593,1.8948928,4.790319,7.5962014,4.026107,1.5097538,0.7374034,1.994451,3.7086828,2.3833137,1.7229842,1.501601,3.256001,3.1164002,2.159374,1.2124034,3.0043583,2.624363,1.2291646,1.666317,1.8024428,2.4313433,1.3860533,1.5756449,0.9624761,0.66405904,0.49480873,0.53564626,0.42214978,0.2452122,0.11072504,0.040617637,0.040858097,0.094536886,0.19835941,0.20556177,0.40318784,0.6839643,0.9300143,1.1590186,1.9113877,1.1741717,1.0067074,0.822695,1.1673107,1.0837072,0.98868203,0.7869093,1.0406404,1.3776891,1.3886392,1.1075115,1.5793238,1.3930161,1.1718057,1.6567489,2.030186,1.061301,1.0194397,0.7456056,1.1504296,0.8485304,0.8425474,1.7458912,2.680575,1.521457,0.43707806,0.48358297,1.0150039,0.8695561,0.9247867,1.126964,0.70102656,0.5672794,0.5458736,0.30352023,0.2407582,0.37826535,0.3362472,0.25515008,0.24886936,0.6854151,0.66239756,0.3651731,0.39745885,0.66531265,0.624248,0.6174939,0.84552664,1.0031419,0.7455065,0.18704604,0.13465792,0.25192165,10.240315,10.1288395,13.266805,4.902923,5.787808,7.36841,5.409653,7.644083,7.055065,4.0634823,3.874354,5.9924245,2.746703,1.6619556,3.1256368,1.9617801,3.216675,1.5883703,0.963552,2.795884,2.090163,1.7949009,1.515837,1.7718544,1.7869407,1.6625475,2.2260804,3.2076914,3.9337852,4.734864,1.4652152,1.7641913,1.1202161,1.6929766,1.3929104,2.2911725,2.0459251,2.281653,2.7542367,1.7825099,1.5739481,1.0171969,1.133527,0.5225718,0.39699918,0.24686639,0.3605636,0.40116742,0.15126516,0.07799481,0.12941132,0.17729048,0.2544881,0.27460098,0.28570285,0.3571828,1.5582979,1.2930472,1.6097908,1.8311683,1.2940364,2.8512526,4.2623134,1.7156429,1.0386482,1.3878102,1.3511782,1.4734647,0.96009046,0.93831384,1.7237371,1.4442818,3.1498313,2.9865932,1.808339,0.55638707,1.1002816,1.2397712,1.841607,1.3962864,1.4703226,0.93627423,1.2534432,1.6090516,0.88851327,0.82086724,0.5201907,0.3176181,0.396953,0.89359784,0.7137579,0.8387615,0.87874573,0.5480792,0.25153393,0.15248084,0.2869054,0.6384578,0.5916508,0.34980652,0.96170664,0.6639527,0.3850943,0.7402446,1.2040924,0.8767222,0.42054495,0.41788083,0.5324143,0.5072131
1.6529118,1.9606209,16.820807,3.3804188,4.614499,11.976869,11.17666,7.7500305,13.437405,13.44623,8.374001,3.602017,2.1498048,4.4714117,7.7984548,6.135241,5.3067408,2.995604,0.75484514,1.2681214,2.008902,2.2108116,4.385091,4.6377788,2.3685617,4.9203744,3.2823203,7.2551203,6.5710044,4.1466455,5.4199657,3.8871272,3.708712,3.826916,6.372213,3.3750458,1.6965008,1.7347456,3.9555886,3.5222337,3.6342115,2.976227,2.8006408,0.9659402,0.30547094,1.0436219,0.95556253,0.48088285,0.39208236,0.34667087,0.5460069,0.42093515,0.27531505,0.5060977,0.98132217,3.2000067,4.614875,4.438377,9.438192,8.785411,6.206202,4.3067904,3.579697,6.2206845,6.338208,7.343419,6.1422634,6.1993194,10.353078,6.3839073,9.836384,17.10846,10.4426365,5.9845877,5.2579684,3.255168,1.9713557,2.6253164,1.7356373,1.9222647,2.203155,2.0017378,1.3158177,1.0926442,2.6910708,3.551135,1.9335303,0.97348243,0.8505562,2.0549064,1.3269446,1.0747591,1.3996322,1.2849841,0.8841399,0.77626944,1.0053296,1.4027065,1.0640663,1.4846718,1.7138009,1.2290093,2.0399566,2.5195544,1.409283,1.0029061,0.67289764,2.2094324,2.3536325,0.84231687,1.0537329,0.85751086,5.1115513,2.4092736,1.4227651,1.7439114,1.8554851,1.3327284,1.7862456,2.7355654,2.3630798,1.607018,1.0425407,1.9259698,2.279058,1.2645665,1.4231572,2.0357177,2.398211,1.7277927,2.869114,2.5064354,2.541402,2.6586645,1.2581968,4.3783545,1.442024,2.261323,2.7039661,2.7874825,3.7612436,1.7896347,1.8734344,1.3579677,1.2063894,1.3869777,2.1524806,1.23186,1.566642,1.0377309,0.7260326,0.67254263,0.2869226,0.25387925,0.3243366,0.1860377,0.18720624,0.1033435,0.04067332,0.060860325,0.12617543,0.13512897,0.2738787,0.5325801,0.7513686,0.58483934,0.6952751,0.50767046,0.4523891,0.5989629,0.35656837,0.57597,0.56891096,0.8178308,0.87185323,1.2090011,1.8804945,1.9030658,1.2838665,0.9622288,0.4662043,0.6765657,0.46689636,0.34332174,0.54215884,0.5840066,0.35721827,0.7702816,0.5024799,0.19071718,0.26129964,0.29522932,0.32557568,0.23675482,0.17041664,0.2678317,0.3437207,0.33369702,0.07739234,0.19720401,0.19890802,0.17522058,0.07797905,0.052136023,0.105899975,0.12561989,0.08471316,0.09973012,0.16196573,0.19206525,0.20236887,0.31213626,0.44883907,0.31398422,0.19683228,0.14931497,0.16994122,0.21682627,0.30613196,0.40644318,2.9560108,2.4173338,2.3703237,2.262114,2.0644991,3.252388,1.7411392,2.4487667,2.3251312,3.5270143,3.7047017,1.6802033,1.702072,2.3906052,1.5528203,1.4385624,1.2324188,1.4432763,2.4693527,2.6034117,1.4782019,1.1763543,1.7061079,1.4394492,2.0067828,2.0909207,1.6394607,2.2946455,2.1012952,1.6869082,1.6102188,1.4721576,1.8545496,1.2399958,1.9519365,1.8261164,1.5274811,1.386858,3.4336445,2.2013216,2.101901,1.8926668,2.137111,1.7106953,0.33429405,0.36986333,0.33458117,0.14959843,0.12931027,0.10617079,0.076915585,0.117050864,0.07579051,0.22223355,0.34297574,0.507314,2.409528,3.3981402,1.8204728,0.8338904,0.6986749,1.3048074,2.0158186,1.6637621,0.6659673,1.9241205,1.5562378,1.8696882,0.8549667,1.097244,1.7098974,0.5424456,1.0242153,1.3752012,1.2339655,0.62693757,0.5877397,0.8007482,0.84373546,0.6233177,0.89333,0.72212625,0.7023388,0.8696666,0.9876598,1.2172971,0.41963768,0.29558605,0.34457508,0.7653378,0.64032793,0.42394602,0.31360355,0.5339547,0.7213711,0.31041753,0.05997387,0.18924946,0.24682537,0.13725246,0.1593083,0.17313126,0.12022484,0.25415158,0.22239147,0.4057184,0.39733052,0.3199015,0.449221,0.32585514
4.147372,4.3760962,14.648789,7.160787,7.571342,9.851018,7.3511724,4.070149,3.9820416,4.969795,3.4317188,1.235477,5.573603,6.67689,3.0858514,3.812467,4.346459,1.1231576,0.7112444,1.9497124,3.0527382,3.0561323,5.7380443,2.9492357,3.832884,5.085542,6.008173,3.8427866,6.135979,13.217521,7.4854326,4.734118,2.5144694,4.391487,6.305797,6.5583014,5.127709,2.800058,5.3630195,3.5189881,2.4892514,2.1556196,1.1046339,1.463107,2.0958579,2.2686377,0.48115727,0.836108,0.49683812,0.59271467,0.927552,1.6512964,0.72236884,1.921283,7.1216784,14.267825,11.659109,7.766957,7.249676,11.623076,11.052296,7.9816055,5.9264636,6.4380183,7.8929024,9.735837,5.2677813,6.7167807,12.423047,14.623536,12.322605,9.822143,16.777348,18.93909,8.991677,5.922051,3.319559,2.0289266,0.9181075,1.04467,1.7730792,1.0853817,1.332191,0.5022542,2.9201374,2.0048187,1.773123,1.985503,1.877917,1.8965609,1.8879623,1.7026552,1.0127816,1.398953,3.0977068,3.6576865,2.5685985,2.6255424,2.8916874,2.658397,2.0721295,1.7779173,1.4513103,2.060926,2.3991463,2.946818,2.9772198,1.4112743,0.86134857,1.2086796,6.4974165,7.047821,10.749586,3.0615368,3.5310113,3.3114295,1.8377504,2.8516817,2.8511524,2.9266121,4.0569086,2.4763157,1.2616291,2.781825,2.8012934,1.4254038,1.0132797,1.5119898,1.8307816,1.7823073,0.88667834,2.5794716,3.9603412,5.9487534,5.9289575,3.3141868,1.9564044,1.4496928,1.9573776,2.515545,2.016405,2.136229,3.333241,4.613875,4.075806,2.9132583,1.9859778,2.5854216,1.9094049,1.1658076,0.62123,0.4373281,0.44395903,0.5421411,0.6468116,0.5360783,0.087943025,0.082460746,0.047978986,0.032353092,0.21371141,0.39161095,0.30529922,0.52788234,0.75105965,0.9748152,1.0684384,0.6864864,1.1135981,1.0684116,0.5229261,1.2242838,1.5293053,2.1139176,0.99732137,1.203136,1.1174694,0.95182073,1.2006278,1.1297249,0.6829439,0.5530783,0.5087799,0.44891924,0.5733825,0.24773572,0.35827905,0.6775395,0.38288936,0.2291484,0.40898907,0.4086909,0.23107596,0.2393862,0.42241555,0.43013903,0.26322186,0.33697847,0.1722494,0.2802119,0.46429718,0.24580902,0.16481073,0.2288976,0.14089714,0.106963694,0.08727368,0.08127998,0.087153025,0.16784504,0.4058907,0.39896283,0.14951995,0.15349342,0.21618,0.50120866,0.78460616,0.24521677,0.09706394,0.53189313,2.0608487,2.1771135,3.0027049,2.2258751,1.7309794,2.0398915,1.8525578,1.3922589,1.3777218,1.580489,1.5767933,1.9794996,2.435548,1.351248,0.9214284,0.48057842,1.1214014,1.568092,1.7038163,1.6555071,1.5836251,5.8578253,17.076904,10.197436,3.818188,2.9472725,1.6849272,2.346288,2.7985015,1.866039,2.4428263,1.9349635,2.633548,2.7819052,2.326978,1.302297,1.4673231,2.1758084,2.555946,1.8684288,2.2302816,1.1916041,0.80300504,0.98511344,1.1766019,1.032382,0.28847396,0.31308737,0.1521955,0.05462151,0.11068659,0.2884412,0.12726666,0.181809,0.8416082,0.90586644,1.326843,1.7547566,1.7799063,1.2838287,0.65506625,1.3483897,1.7679007,1.5632036,0.8894744,1.4623005,2.9786205,1.3941828,1.1097689,4.098338,3.189357,0.7831395,1.2028668,1.3739445,1.8271806,1.1077986,1.0031697,0.41859147,0.4073272,0.4015531,0.7891107,0.4795819,0.3593797,0.40024653,1.2027153,1.0163999,0.48486933,0.7800991,0.49549255,0.22421908,0.11210412,0.26716214,0.37633768,0.24183486,0.31986967,0.19327392,0.1860322,0.40720743,0.47793496,0.31817028,0.29163134,0.14160345,0.27972293,0.5228576,0.84896404,0.39082935,0.46106702,0.44794065,0.19235449,0.23609352
2.0481741,2.8405576,89.918205,63.041206,26.517408,12.452771,15.844868,13.490129,11.264607,14.772047,20.277506,6.523352,3.949065,4.035189,5.4858575,10.846163,9.389191,8.205631,6.3502064,4.5533624,5.396405,5.845794,7.037644,7.7260256,9.572145,3.1524312,6.3777723,10.654427,9.829211,6.0264015,4.795701,9.181793,11.51394,7.098289,6.4753404,5.5621047,14.605922,15.256534,6.502871,16.12904,16.734373,7.4825163,5.6051908,4.8321495,3.7078736,1.6146361,1.3632252,0.81511986,0.931647,1.2538643,2.008365,2.1327362,1.4115729,3.142255,4.2536016,3.4907646,2.634753,4.0986834,5.2558594,7.5177984,7.5985236,5.3570867,3.9188235,3.0721192,5.3485556,6.834618,5.555192,11.924152,12.246686,7.3368855,20.761095,26.14972,13.030466,5.1603413,4.6584907,4.4938,5.6274056,2.4000008,2.4111156,3.8432615,3.551911,2.3902102,2.1246421,3.3787942,4.0344214,2.3090277,1.8892916,1.8962313,1.8895795,1.2305665,1.4554709,2.3220067,1.0285264,1.3345748,1.5502878,2.4579835,0.7490612,0.74197006,1.5516589,1.8066734,1.2150749,0.6601294,2.8435192,3.7083392,3.1928804,1.5411191,0.89680386,0.9958036,0.68936455,1.3353952,28.464008,24.819223,51.747673,41.854248,33.35662,20.584978,13.316872,21.549309,31.11607,31.474905,12.832006,4.079735,3.8873458,5.271816,4.340928,3.6950228,4.0428133,4.215514,3.6566656,1.0432267,0.88599586,1.827533,1.1333658,3.335036,4.511305,2.8504696,3.6100035,1.8757042,0.5432741,1.3296889,3.6036105,3.9875784,4.21425,3.543205,2.023776,1.3831849,2.7346509,4.0249443,1.7119724,1.0208753,0.98215514,0.60980177,0.8029064,1.0098442,0.49094784,0.25930816,0.13517885,0.08127871,0.05564369,0.0916605,0.19678661,0.33163065,0.43016273,0.85626286,0.82868236,0.66776556,0.39273033,0.6513399,0.6203499,0.83277357,0.8289371,1.1633161,0.78094476,0.8394727,1.0835483,1.3794264,2.8339608,2.6672833,0.60598665,0.45674145,1.6704766,1.8404415,1.4006743,1.0772902,0.7650991,0.6497131,1.2063203,0.63237613,0.89421886,0.75329715,0.4397061,0.716907,0.6851415,0.55377054,0.2953474,0.15279743,0.3842137,0.35239863,0.1469089,0.09957585,0.25801367,0.35270685,0.2056739,0.091642134,0.39944762,0.5329616,0.47475037,0.28635246,0.34515315,0.13895227,0.13174842,0.2456883,0.4154829,0.5825459,0.7847679,0.2485599,0.4947612,0.43287918,0.22074084,0.49809226,6.597608,5.533747,8.090163,8.819768,5.6824446,7.3901286,5.1629505,3.7645257,1.510115,2.625869,1.6543264,2.9688556,2.7111628,1.5732707,1.9616023,2.1520925,1.9178321,1.73772,1.1971813,1.0731403,2.451288,1.9668918,1.3714696,1.6905596,3.5280445,2.426618,2.8539622,2.7621963,1.817838,1.3323847,3.7886147,4.719967,3.4165332,2.65337,1.8584414,1.3025911,1.3113532,1.2522856,1.304128,2.7724373,3.4905775,3.2381098,2.844614,1.3458446,0.9773213,0.48673528,0.32139686,0.118310206,0.056928817,0.075046204,0.16040394,0.3120235,0.23241201,0.15441248,0.29908073,0.54086834,0.5504578,1.617501,2.400542,1.1047442,1.0701506,0.76584977,0.6812478,1.4773809,1.2540787,1.4886546,1.2394927,0.87287384,0.8163959,1.540441,4.272861,2.9205978,2.309172,1.8618612,0.81541467,1.016118,1.1785516,0.97486615,0.49159226,0.6535284,1.1545291,0.63357574,0.7465247,1.4527329,1.0658606,0.9121419,0.37960774,0.55054224,1.081813,0.9160167,0.50730383,0.47953495,0.580122,0.8719605,0.595695,0.76592183,0.53741443,0.49837786,0.80633324,0.50179654,0.37259802,0.17099594,0.28177968,0.6332021,1.3828914,0.8358064,0.6206756,0.615434,0.51930016,0.7994688
7.89567,8.581263,71.4039,25.784853,9.799236,8.68685,13.053825,7.9353166,6.237879,10.711075,11.086828,5.618283,4.59016,5.8389277,2.1884727,1.7673957,2.7030602,3.2102647,2.6362948,5.014606,4.3921204,3.3724966,1.8942968,3.3781826,5.416516,3.7359998,6.561132,12.265208,9.017919,10.08905,8.473011,6.660447,6.5732007,3.3772964,5.5197783,5.8606224,2.9170122,5.374348,4.993222,1.6555971,1.9080905,3.1179917,2.6995566,1.9971168,1.6859148,0.34019414,1.0027272,0.8200706,0.6691111,0.4014422,0.24233864,0.32097304,0.8630233,1.5062195,2.657496,2.3267999,2.2987096,1.5996153,3.9016237,4.6856475,2.474014,5.181209,6.5743484,4.601192,3.1748168,2.8743637,4.4322834,9.601251,15.62304,8.612099,6.2959456,8.819452,4.412397,2.6665254,1.9360949,2.678944,3.3566275,5.697186,6.2423167,3.7919428,3.444143,3.0625687,3.358814,4.2904124,4.5866804,3.9207788,1.7752066,1.8687946,2.4812243,5.318734,3.947063,2.3299286,1.8126647,1.0111506,2.033183,1.9339522,2.6378858,4.394086,2.9323242,1.5157838,1.119101,0.31170467,2.5975635,3.3315525,2.4225013,1.5766304,1.174686,3.9949512,3.8147297,1.4064896,6.251166,5.7266483,10.2669735,5.9544535,10.933284,7.4060707,5.25978,7.420511,2.9067798,3.0856194,4.1189613,3.871456,2.9718034,3.0228486,1.5432903,0.32318747,1.5329874,2.6585498,1.5767127,1.5447739,2.5710275,1.7263435,1.3793824,1.2638375,1.9654465,3.2818592,3.215151,3.3075857,2.6706429,4.5272655,4.176387,2.9359262,3.4400628,3.0159268,1.6757629,1.9346653,1.5726794,0.8104595,0.6685043,1.3156753,1.182674,0.9232202,0.79022175,0.27606264,0.1980927,0.12683736,0.18276863,0.092592195,0.0665321,0.050758116,0.11665019,0.20745447,0.27588362,0.60305566,0.8204548,0.2985426,0.35174796,0.4274475,0.44423354,0.6096451,0.7965497,1.1236931,1.1833708,0.4815002,0.2556002,0.38164827,1.5556113,1.4313256,1.1488072,0.82934517,2.038687,3.478971,1.5908525,0.54425454,0.57612073,0.659452,0.6170594,0.5210771,0.804752,0.7109728,0.7104597,0.86545885,0.6333643,1.0458416,0.96812236,0.4348665,0.37184137,0.9405828,0.6389042,0.71983975,1.0324072,0.7994384,0.59466165,0.56934786,0.37680554,0.6004149,0.98655206,1.0463347,0.597929,0.30426183,0.23302238,0.4800999,0.4637449,0.4701771,0.60272294,0.58256334,0.92723644,0.94669944,0.621808,0.93190783,8.510931,9.090578,7.901253,4.3412256,3.333039,8.674642,8.921819,4.9108005,3.2618594,4.3930054,5.3117204,3.9525313,2.2428722,1.6873116,1.7609998,1.5728613,2.1676004,1.187499,1.1382179,2.370835,1.7627156,0.86080694,1.1776906,0.78792375,1.8512852,2.1046665,1.7845396,2.6072707,2.2873693,3.6895616,3.60027,3.1247778,2.303466,1.5059098,1.5882883,1.3388168,1.0502142,1.39056,0.9484096,1.6567719,1.3162498,1.6199219,1.7370478,0.45975876,0.47563913,0.557338,0.35370317,0.299939,0.19647136,0.28627604,0.2043599,0.12188925,0.27347586,0.43359903,0.9560046,0.67301774,1.3172791,1.4344704,1.4032619,1.3025913,1.5179074,1.707982,2.2249765,2.4644487,1.9410293,0.9833828,0.9912904,2.0791657,1.394826,1.2032745,1.2323173,0.83073545,2.2974317,2.353401,4.0782957,1.237387,1.74477,1.7366699,1.468379,0.805987,0.97236156,0.80959886,1.1692163,0.52443004,1.820115,2.074277,1.0925436,1.1133977,2.4626656,2.3293102,0.8107506,0.67431873,0.36276048,0.5495337,1.6482818,1.0828718,0.9992367,1.2259119,0.9019254,0.5586149,0.6174251,1.2517654,1.6188395,0.9350679,0.89490104,0.6660615,0.83588946,1.3458205,1.822759,1.6610163
42.772118,86.26112,1222.745,1074.5724,392.59137,33.125675,17.923773,4.6003847,10.096536,9.596412,9.118054,4.688466,5.9043765,4.5831175,5.41822,6.366541,4.9734287,2.3429306,1.1070017,1.9660201,1.7949231,1.883907,1.5876473,1.2934363,2.897635,6.493702,8.280072,6.4832625,3.4353645,5.1323156,3.5376768,2.7531514,3.7448323,3.0616293,5.644477,6.3045034,5.07117,4.4713335,2.7651079,3.3493726,2.948087,1.4532931,0.9272437,0.88232636,1.3637798,1.39501,0.5955214,0.39684907,0.29953235,0.37251022,0.49553442,0.5660924,0.64973015,1.4943836,2.3006117,3.7672238,3.513398,4.3116217,5.4711967,3.9212153,2.8426142,5.0516024,7.217576,3.0538921,4.284154,4.6677127,2.9580734,4.149876,7.970193,6.3528285,7.9479284,12.966726,23.61445,14.777419,8.327639,6.700913,2.135037,1.7607708,3.7926593,3.5928643,2.463461,1.323987,1.849277,4.1705556,4.4142256,1.0521929,0.63445747,2.0609527,1.146331,2.054023,2.5054107,3.027385,1.8703198,1.1239511,1.8239043,1.8831303,1.329909,1.1079905,1.6032583,2.5233572,2.1556165,1.830758,2.5542698,2.4704733,1.9296304,1.1179215,0.46113586,0.5382241,0.5464124,1.0483298,31.779825,22.192589,136.87788,69.342804,31.589256,8.279527,8.352383,7.4778886,6.442556,4.6080985,3.788445,2.892511,1.7097217,3.507959,2.5522919,2.1407082,2.2965105,1.1895636,0.42143,1.0811708,1.9889983,1.1312732,1.1564839,0.80910414,1.5144756,1.9329112,1.7513328,1.3667518,2.7410483,6.623284,5.7652416,1.3584105,0.73149604,1.3210367,1.0459322,0.24846056,0.58495843,0.8107574,0.93325114,0.3115978,0.09067946,0.39942068,0.6979925,0.4586255,0.15441062,0.15129967,0.120535016,0.05995696,0.032694783,0.03470715,0.151538,0.18901688,0.40212598,0.36107406,0.43930915,0.8408219,0.9232378,0.62061924,0.4550644,0.45082453,0.52299094,0.8066277,0.5354239,0.69023997,0.6114265,0.9735734,1.4713188,0.72859514,0.6487491,0.48156703,0.5892593,0.40583077,0.3942112,0.75617886,0.7957835,0.5945999,0.890183,1.0401675,0.4399519,0.5754435,0.54226506,0.24199228,0.56274414,0.7343764,0.3415831,0.20740357,0.188696,0.3314899,0.18945527,0.22192283,0.26928908,0.17721131,0.22364502,0.31232202,0.16150022,0.29596245,0.4612088,0.30839607,0.19926655,0.21862143,0.19192597,0.092382304,0.10984193,0.19530933,0.35570928,0.37884212,0.22800808,0.08465077,0.24540839,0.38428298,2.806843,4.180084,78.95996,18.80313,6.0021925,3.0270567,3.4397283,5.841261,4.79176,4.831733,4.367987,2.4175584,1.4290653,1.1300877,1.5052149,1.6738318,2.1730409,1.5294278,1.6740944,1.8657877,1.2527609,1.3478305,1.2316667,1.0586624,3.4744887,3.8587482,2.0821216,1.3345646,5.4048867,7.925505,4.1170015,1.2135799,1.4295188,0.8656062,0.92085534,0.92177904,0.8389314,1.9159029,2.131588,1.9934897,1.4422044,0.9168342,0.7726112,0.6210257,0.4621216,0.6128767,0.38736996,0.22505614,0.10883353,0.034604926,0.07164877,0.076722115,0.11102554,0.23777883,0.2041997,0.42699438,1.4401822,1.8178164,0.8384267,0.978597,1.6945674,1.5273848,1.8443898,2.186731,0.65333414,0.38730082,0.6693577,1.0471185,0.5968755,0.6310167,1.5236273,1.9052628,2.376444,1.2276769,0.7553567,0.91044015,1.542668,1.4268489,0.97985756,0.6447316,0.30386853,0.29028493,0.42487812,0.9626181,1.2427319,0.58525634,0.4409872,0.5502511,0.8806017,0.808785,0.3580276,0.20345415,0.22431937,0.61122507,0.47930577,0.3341569,0.35982382,0.4763978,0.45161825,0.24098492,0.106163524,0.14692293,0.2498381,0.15862499,0.12212181,0.18814039,0.36746243,0.50373995,0.37764564,0.28450522
24.523117,21.947102,35.1299,47.063538,40.19082,57.34837,65.46634,23.904678,5.811262,2.5904725,5.0789323,6.289024,9.155421,11.691735,9.907366,5.4002094,3.975332,0.9481328,3.3176978,2.4463518,1.9919792,3.0217803,6.3314986,5.7975645,4.724985,7.2233596,7.297951,8.040238,4.151584,2.251813,2.485883,4.1288867,5.956876,5.708933,5.532695,3.0043283,2.0875998,2.9608905,3.2495692,4.4471183,2.0964544,0.97759926,0.97582424,1.1941985,1.7215122,1.6059592,1.1005766,0.4751613,0.42581585,0.41327035,0.426346,0.51783943,0.39205405,0.9299426,1.4518772,3.2062087,4.661385,2.746514,4.1066394,4.090408,3.0233865,2.8610318,2.1221774,2.565266,2.3509336,5.2333846,6.033598,5.8964357,6.4388895,10.432047,12.423245,20.920792,16.85917,7.26675,3.6647234,4.2894454,3.466649,1.1692792,1.68737,3.8044708,3.017768,1.114205,0.9697915,0.5866625,1.0621386,0.8960412,1.0094924,0.92827505,1.7452095,2.892092,2.5426097,2.2430165,1.8113713,1.1716201,1.3248541,1.3223318,1.0845757,1.4178449,1.2923584,1.8374097,1.302936,0.4759859,1.1681114,2.4030864,1.6104723,1.5274585,0.5046324,1.0348159,0.98183596,1.5728776,1.6228474,2.0874126,31.461613,9.638272,4.072385,3.9577703,2.4447212,2.067596,4.714078,5.0649633,2.3164256,2.5474968,4.120121,3.4066446,2.3318768,2.408908,2.716723,1.2479616,1.203031,1.5998571,2.1711857,3.76051,3.7767096,2.7619987,1.7305717,2.420327,3.5806513,5.058578,3.6311781,2.7048779,3.423654,1.7161431,1.2886482,1.2872403,0.6836715,1.7400877,0.92417353,0.6940518,0.785153,0.52064973,0.47510535,0.2849674,0.4288657,0.38724607,0.37257606,0.43284857,0.08175305,0.058255825,0.044890173,0.031503864,0.069941916,0.09489968,0.117181376,0.22089091,0.22204922,0.5728431,0.66871965,0.6868172,0.53861713,0.73124355,0.66144,1.1678504,1.3463653,1.5999702,0.68350077,0.5539795,0.536202,0.33401164,1.2752391,0.69588536,0.64709616,0.7857884,0.46940953,0.19549046,0.2085897,0.26363552,0.2259347,0.43580946,0.59243655,0.64495987,0.9728234,0.744376,0.24296802,0.14948507,0.299816,0.2893723,0.1525278,0.1966025,0.26826194,0.38350046,0.5372572,0.15441628,0.17349835,0.21046622,0.18521634,0.12984812,0.11956582,0.14112791,0.15515561,0.14081179,0.21716829,0.115538046,0.15811613,0.22585845,0.38666224,0.2897904,0.18405625,0.12273363,0.13576336,0.3761178,3.2172732,2.6792927,11.350132,5.0150676,4.1495056,4.4317822,2.4163482,2.0452611,1.8131908,3.6164525,4.324259,1.5640386,1.6454421,2.3645687,3.2246141,1.9207494,1.4072775,1.4802582,1.0359775,1.772715,2.7410774,1.9249419,2.3416522,1.9436567,2.5578125,2.3205514,2.632857,4.078997,2.586451,2.703304,7.0562744,4.294019,2.2122076,1.6267877,1.804766,3.7729,1.947887,1.5122113,1.8314432,1.7897344,1.1050607,1.295915,1.1941721,0.8421149,0.48550853,0.46667075,0.16045289,0.036163423,0.07773659,0.07976746,0.06550845,0.19497776,0.36805436,0.42979285,0.63054293,0.52115846,1.0530673,1.2152648,1.2108997,1.0079045,1.1854637,1.2852921,1.5359195,2.883441,0.7572177,0.6761724,1.3104597,0.72900426,0.31031603,1.1132802,1.7044504,0.8614443,1.0735276,1.118161,1.1371754,0.4224196,0.70934725,0.5008961,0.5627415,0.79691154,0.8140651,0.5183846,0.9014095,0.48667675,0.3864666,0.6991097,0.9741575,0.8095987,0.7084749,0.35792774,0.25754282,0.43640333,0.25528505,0.19550326,0.18421027,0.12210463,0.1956685,0.120346166,0.11592395,0.13439739,0.13788293,0.24847393,0.3182285,0.205755,0.28389448,0.2843189,0.2907792,0.3575326,0.39513713,0.49857968
57.77624,49.706345,519.216,409.93973,292.74536,177.79788,120.655655,126.608734,47.975544,21.365355,157.28627,49.839912,10.285395,23.510233,19.708405,17.68024,30.249174,18.367844,12.434727,10.599778,16.29104,21.318441,16.574778,14.8812685,21.547121,25.550688,18.344782,10.023903,11.512224,26.047073,20.652086,20.531378,9.083514,7.0728498,14.7122755,16.196207,7.9196453,13.545541,21.083046,18.473269,8.967254,11.981617,7.4775834,4.041152,3.76267,3.8170683,3.1506536,1.1803459,0.46217102,0.93144965,2.07045,2.2479296,3.844403,5.0592604,9.029324,13.671415,11.514201,6.023776,7.119472,14.227656,11.881571,11.1974325,18.757557,15.367763,15.8532,27.27561,17.340021,7.4528184,16.084986,34.243824,35.599285,34.89535,25.40605,11.40138,7.828948,8.637778,5.947974,8.457264,13.631563,8.017628,2.9623594,2.359526,4.2267084,6.984222,8.522373,5.5758176,2.0309095,4.89383,5.0900793,5.290035,3.8429492,7.720327,6.052383,9.307947,6.4756775,5.396799,3.490932,3.67434,6.1223726,8.021641,11.974686,7.2275667,7.7783046,4.251188,4.190812,3.7012439,3.22586,3.4444654,8.37381,5.6025457,32.288784,36.565792,638.4798,502.26578,333.7652,245.58739,108.31108,49.044476,35.5983,60.82279,65.2563,29.235075,14.476589,5.560638,6.3715515,7.774437,6.0933213,5.305873,6.0638337,5.880385,5.385117,3.2352483,2.502214,3.238219,6.07958,4.1518087,1.6107365,1.3390433,2.1782138,2.1049335,6.354293,3.951845,2.8891947,2.2303617,0.62788516,0.6751628,1.9347904,1.7272717,1.0392135,1.0910896,1.9919065,1.3291016,1.2029326,1.2858962,0.45258102,0.28935832,0.18907559,0.09782035,0.0740701,0.0610128,0.27915856,0.50128055,0.29250845,0.33783948,1.1870596,1.5941687,1.7449756,1.0848343,0.79833996,1.8292625,1.649062,1.1615256,1.8460054,1.627769,0.6023248,1.0883973,1.7868578,1.7684696,1.3988444,1.7581376,2.4850223,1.8847684,1.0910867,0.8564565,0.6260133,0.43433124,0.44397694,0.57751554,0.43875355,0.2821377,0.28458115,0.47364554,0.43177322,0.73522925,0.8091312,0.7761057,0.5079313,0.34082022,0.2922868,0.25391644,0.18041123,0.14400508,0.16625813,0.25602406,0.20867473,0.19725186,0.09795368,0.20778386,0.31283453,0.4359147,0.32270592,0.28187805,0.43813658,0.32926625,0.18629378,0.30948868,0.4550529,0.23275787,0.34790605,0.6506282,9.021341,10.058845,206.40364,103.73098,52.123077,71.416435,70.13264,32.772217,9.861526,35.119133,127.4653,71.00373,26.55718,13.085459,12.698581,4.6079526,4.4088445,4.526198,4.425868,3.9612293,1.4890659,1.7170835,3.0958865,4.28567,4.6475444,5.094716,3.1798015,6.2708406,5.1341615,2.3507276,1.9052719,1.503365,1.2044797,1.7689571,1.5615115,2.3860297,1.9458677,1.9213194,1.064003,1.3297385,1.8251612,2.071198,1.7085693,0.9643476,0.5954783,0.5490614,0.2350212,0.1981807,0.123114474,0.103964254,0.15981583,0.19526719,0.3185989,0.5707209,1.0990856,0.9411167,1.1216456,1.4811023,1.176898,1.2265238,1.1416175,1.0227929,2.7145555,2.6032379,1.3865862,1.3227001,1.2710371,1.4579501,1.5543882,2.1137266,2.2263248,2.7864306,1.5045333,1.2146235,0.84380066,0.5710423,0.6898595,0.8103193,1.4546044,1.4781057,1.01653,0.5909394,0.64308953,0.4732528,0.60697895,1.0089786,1.1128787,0.5574697,0.39855775,0.56947327,0.431656,0.4065782,0.88832134,1.2543353,0.37006128,0.37993786,0.34865093,0.45805734,0.81426984,0.5385094,0.66806746,0.92504215,1.3516687,0.71253145,1.5007201,1.6076643,0.9529036,0.5772691,0.5327455,0.93587273
312.9054,172.97589,2770.0173,1318.1263,815.5617,375.6694,80.03354,102.59193,166.202,180.4156,123.589584,28.666101,45.438488,52.394676,51.79691,62.931583,50.11495,34.15243,36.104267,22.62625,23.164452,28.601948,21.123657,16.847149,25.150515,17.343964,39.873447,30.552515,22.34711,17.99684,20.68514,19.446007,17.125427,11.10392,20.225483,27.411806,11.2084255,5.8101935,9.490625,13.937564,9.944569,11.392647,3.059459,4.8879623,6.406626,2.9488459,1.4336008,0.8475312,0.9494869,0.93002367,2.9146724,5.0836782,4.279592,2.9553645,3.2949824,24.68259,22.481731,12.743356,42.52579,35.12649,17.550877,11.959001,21.733788,20.51888,10.861769,4.601964,12.157256,18.7888,18.948343,25.90751,20.866375,23.968668,20.48699,27.096792,20.050797,5.1443777,10.324983,12.190446,7.30695,8.365927,4.629154,6.843336,7.7355924,5.77255,2.019574,4.5328436,6.6259675,5.3499494,6.8761554,5.8449306,5.481007,5.248753,3.7559216,4.5381265,3.4029052,5.042248,8.61063,8.794141,13.931998,9.000346,4.483312,2.279286,1.5614799,4.4057546,8.111874,6.680094,4.962736,3.8320415,8.665462,7.052517,153.50072,69.76857,1378.4631,480.2216,311.129,165.59897,105.34009,140.90991,143.67075,129.52507,86.90659,68.05221,66.62692,63.316364,57.860783,55.18149,36.838722,40.165398,41.848347,39.024433,45.68142,30.07831,24.483807,22.924887,26.62251,19.607414,12.444134,18.512688,10.363383,13.812445,17.028927,8.971844,12.352557,14.525467,6.3962116,7.9496737,3.8630626,2.7583723,2.6672254,3.101869,2.9529755,1.766307,2.0282326,2.395056,1.5172696,0.9221383,0.46785274,0.27623054,0.23829418,0.12737018,0.2845697,0.26533931,0.4158665,0.8473535,1.737082,1.8573651,1.8716912,1.3147322,0.7109925,1.8801211,2.7347596,2.386227,2.5262406,4.696678,2.9735289,1.3192952,1.6977774,1.4071611,1.457128,1.7164546,2.05503,2.559494,0.9752443,0.98913676,1.899707,0.889954,0.5751607,0.75009394,0.70281607,0.6335222,0.47154042,0.94349384,0.9612278,0.39205167,0.53376204,0.47916594,0.32668862,0.37458017,0.6746372,0.7331394,0.3393297,0.20788896,0.29209507,0.76098245,0.3927253,0.1912614,0.10268746,0.21418123,0.3015295,0.14206676,0.11534157,0.52606845,0.4936845,0.50983727,0.37387893,0.2500743,0.3496502,0.45182902,0.48219135,1.0052063,23.45435,14.360367,154.51778,58.385876,33.44029,17.166462,9.196433,21.797064,13.789038,11.023596,5.923724,9.7549715,10.586441,7.3012424,5.638218,4.001716,4.3522563,7.8939404,4.6917434,5.5282702,4.655764,2.3482566,3.4781904,4.3222613,5.284755,2.673155,1.5101675,2.5568483,1.9371927,3.1499596,3.4094725,2.1998923,2.4335322,1.8806858,1.6794055,2.2123992,1.0766028,3.184546,1.3212626,1.6800934,2.1157866,0.82835007,1.3092203,1.1767972,0.65538,0.27396464,0.14314036,0.20396395,0.17137796,0.0656878,0.2246895,0.33028883,0.23906183,0.14746478,0.22290343,0.60943013,1.0417894,0.9188652,1.4458187,1.75535,2.2401106,1.4248863,1.7486061,1.9744391,0.9222447,1.1653837,0.9740316,0.71789765,1.1376301,1.6868232,3.407308,2.102395,1.5648023,0.5575417,0.72544366,1.0226909,0.48859996,0.27146968,0.587682,1.3195024,1.7116129,0.49951163,0.36385497,0.573395,0.88921446,1.0431466,0.6007701,0.500141,0.41851968,0.72363424,0.6088728,0.32740262,0.3542587,0.5399467,0.60782444,0.22833247,0.09861051,0.21274932,0.25735468,0.22322676,0.14430006,0.18222691,0.52923006,0.788386,0.69970185,0.48107228,0.4450851,0.514253,0.42162773,0.19024608
6.969392,7.3578396,107.161316,23.64705,8.517766,10.78462,18.454988,17.022621,15.610914,18.262148,24.237585,6.790388,7.9686246,14.88831,19.024334,12.503481,16.95439,16.519806,16.87546,13.493447,11.953407,17.195904,20.748606,15.473483,16.744606,11.229962,8.034688,7.5737805,11.194586,12.033636,10.837529,16.118473,8.222609,7.9128246,11.580348,3.7002897,3.4290867,4.3722463,4.2721114,3.7204516,3.1684554,4.338367,3.2406526,2.7222943,2.528917,2.1226323,1.5034796,0.5721139,0.72026676,1.152995,1.298935,1.6745157,2.1816905,4.2254643,8.247388,10.088993,13.399421,11.056006,16.86287,21.920687,16.486958,8.065555,9.905046,20.298193,13.592884,20.881136,19.220953,19.21777,10.744277,21.888744,22.437128,39.979008,17.55702,9.024438,12.533555,17.748074,13.186508,14.538863,12.816511,18.51731,11.0471325,3.5992768,5.1603236,5.8379903,9.173736,8.400933,5.410005,2.536713,9.217977,12.156767,4.790719,7.5192666,5.1360693,4.0695753,4.7470627,7.6595078,7.8146844,10.635975,16.000309,11.393005,9.914534,5.7070084,4.713625,7.8968754,7.3161306,6.162784,3.6396542,4.535859,4.807645,4.912044,15.809921,14.9796715,10.708335,2.6303766,2.6524224,5.704046,5.506124,6.703396,8.899028,14.570427,11.107282,5.363934,3.9858148,2.880126,1.2616705,1.2534302,1.83531,1.2033347,1.6853046,3.1815686,3.48931,4.0747275,2.3513567,1.7082711,3.0787709,4.8856792,1.9756621,2.7266183,2.6770294,3.8190343,1.9529637,2.598827,3.1508741,2.1188545,1.6814045,1.525681,1.9393528,1.8331014,1.3992163,1.0264288,1.0112369,0.868095,0.47945073,0.90256494,0.5063031,0.38013068,0.28556746,0.09939018,0.07526072,0.05873855,0.1745337,0.2141713,0.22150473,0.35346615,0.5258082,0.6433234,0.79920524,0.6383167,0.8015162,1.2852095,1.3871671,1.053886,0.91781557,0.57367194,0.59376013,1.0226438,0.8960574,1.4384571,1.5457739,1.2120174,0.8025224,0.860555,0.8347047,0.48415262,0.24109729,0.49723485,0.6880098,0.8482702,0.57102746,0.38764766,0.36824134,0.53103334,0.3625562,0.61644155,0.7695858,0.6641043,0.23671654,0.19436993,0.16720131,0.09407643,0.12886854,0.20455362,0.22415851,0.28397003,0.13182312,0.107528225,0.23314878,0.1465358,0.14193349,0.44372556,0.6381924,0.30067763,0.20673871,0.14653283,0.2601335,0.46454775,0.5975299,0.24806944,0.18040165,0.21724224,2.14674,1.6028214,6.0739293,1.694715,2.7681487,3.501382,1.3752737,3.061846,2.091922,3.6403706,3.075331,2.3151088,1.5356196,1.2279485,1.6598858,1.5879067,1.8244292,2.430829,2.3327518,3.4958558,1.2811608,0.9057344,2.0775785,3.8691175,2.9221892,1.7873316,2.742901,2.6396644,2.3392227,1.1560754,0.68884546,1.4198204,1.6147426,1.6295973,1.165711,1.1070092,2.4904354,4.168758,3.5358922,3.058914,2.9198847,2.0301657,1.7698255,1.3355767,0.47626704,0.84746915,0.7983697,0.4571981,0.15661481,0.086829156,0.096534446,0.08047165,0.16642366,0.38119423,0.76925504,0.7403823,1.529439,1.0941228,0.59184176,0.9538724,1.6364682,1.5477252,1.1125134,0.85180104,0.5219551,0.79891753,2.8062692,2.10744,0.9041571,1.7746309,3.4499393,1.4996895,2.1389346,1.9158313,0.8724781,0.9417301,0.70695466,0.34727153,0.7763048,1.1390758,1.2174397,0.5436271,0.43085366,0.8742273,1.8679396,1.0689915,0.63410544,0.44462892,0.40512758,0.33639124,0.200944,0.16858388,0.42643008,0.34768358,0.28407243,0.54674834,0.54044145,0.21590672,0.22301227,0.5391563,0.86417013,0.48788717,0.38557488,0.47710127,0.5553997,0.23604783,0.34795833,0.57278466,0.73636925,0.4112749
5.810989,5.765337,23.878475,23.596382,13.559159,6.0898595,4.0780272,11.0715275,20.111803,20.594355,10.37562,3.862159,3.5744686,1.6072915,2.0958788,3.258283,5.8392773,4.101586,2.1814468,2.9892616,2.142814,2.3135712,3.6282685,3.200773,3.230825,3.1623814,1.8762531,4.536376,3.7930899,3.163096,6.18761,3.5580156,4.762034,8.630703,6.17228,1.8750223,1.8427649,2.7701266,2.7883086,2.6944299,1.7163663,1.3629317,1.3622714,0.5040608,0.9326279,0.6823618,0.16682704,0.2486307,0.28111178,0.2736504,0.642055,0.7214426,0.8219617,1.5700397,5.4132485,5.9582877,13.7947235,12.971816,11.02833,6.670947,10.175512,10.297399,7.6288977,6.064915,7.025908,6.6537724,6.041642,7.4639564,4.343412,8.522076,7.8536143,8.516151,21.128393,8.521901,6.893986,2.9809248,1.7454271,3.6363266,5.144795,2.497974,1.7149469,1.6746341,1.7687702,1.4999865,1.872668,1.3683057,1.7555445,2.7181082,1.6629095,1.2441143,1.6384213,2.6337097,1.6419693,1.7994708,1.3765594,2.8771782,2.3719642,2.0207925,1.6916537,1.9779074,1.4674581,1.6155733,2.8503401,3.0078304,1.4688729,1.1622844,1.0942838,1.1985055,1.4851544,1.276777,1.5882134,1.6471742,3.739961,4.862933,3.5464935,1.0168943,3.4440498,3.4117165,2.640124,2.858155,2.208948,2.503262,2.5898848,2.4510121,2.9358807,1.9183466,1.2644621,1.4140456,0.7928651,1.3073624,1.5370613,0.7754191,0.4962351,1.1781528,1.8109288,0.47388816,0.80066365,1.3346368,1.6169872,0.785082,1.2694986,1.1398377,1.1649741,3.6034026,3.0971527,1.405775,1.3180934,1.1637008,0.7431107,1.2697171,1.7680527,0.80704045,0.6526509,0.67449516,0.3473583,0.2045982,0.103338115,0.039373938,0.024033409,0.029580126,0.0831498,0.15706097,0.19807349,0.38632414,0.8930248,0.803477,0.77566606,0.70129323,0.5421174,0.6099943,0.49506596,0.89423007,1.6842016,2.4115045,2.411042,1.5484704,1.5510494,0.578249,1.0943912,1.3936558,0.61544466,0.42910177,0.17819989,0.3163671,0.46176547,0.49988443,0.1638839,0.22729357,0.40359858,0.31961092,0.2340786,0.3399951,0.19629481,0.17164259,0.22247264,0.23881555,0.2968661,0.4554333,0.2167938,0.35394755,0.33831745,0.15307799,0.07143866,0.09708771,0.17354155,0.1374389,0.18776278,0.2857476,0.29866248,0.15958291,0.14251882,0.15674171,0.15976734,0.117956676,0.27638775,0.15946612,0.095043235,0.065260336,0.05171621,0.18642133,1.2307718,0.8271577,6.6073112,5.34743,4.0368643,3.9954624,2.7768996,2.4105573,0.91394836,1.6210159,3.2327828,4.5761733,4.9277697,2.14636,1.969917,1.235091,1.2918885,0.7332966,1.1253552,3.0537858,1.1343513,0.7411849,1.7964872,1.9004316,2.288171,2.0693088,0.8799525,1.0557756,3.1227474,1.5913668,1.4877638,1.7015994,1.5161496,1.7800664,1.7908368,2.2641535,1.9763545,1.0971345,1.6144401,2.4195833,2.2665286,1.4794908,1.8969014,1.7268704,1.1447157,0.81046927,0.2926213,0.11595746,0.10359577,0.08048949,0.10011504,0.18205084,0.2920226,0.33673936,0.53945357,0.832923,0.8879627,1.9593971,2.0266845,0.44256487,0.69554937,2.425478,3.0998743,1.4969606,0.8367111,0.88241047,1.4428803,0.60335654,0.19191155,0.51664686,1.2127393,1.5668054,1.8005488,0.92321014,0.9076214,0.5906607,0.5674086,0.44386238,0.33257005,0.4663793,0.69135153,0.7300854,0.5568,0.39974737,0.53463995,0.7073766,0.5260642,0.4975659,0.66770566,0.9064844,0.6027635,0.38257784,0.1956332,0.1635129,0.14772782,0.16345803,0.20904954,0.2664041,0.11788204,0.09353639,0.08126523,0.12531331,0.17232215,0.23071931,0.22194579,0.35640442,0.6631229,0.5258723,0.5478578,0.18381049
0.3453496,0.42438093,14.556335,15.048877,13.177134,10.95743,9.320568,10.393906,5.410518,2.5886428,3.4240816,1.3156211,3.3867476,4.827606,6.6048846,3.3019602,1.6513201,2.3704047,2.3965535,2.6624637,2.1271152,1.4166903,2.9547074,5.054735,5.2419977,6.6205883,3.4868577,4.121082,4.2999997,5.0323935,3.8998368,3.2878196,3.4212976,4.2466416,5.1484137,2.4761512,2.7372704,2.782003,3.5148613,5.4293466,8.626296,7.869804,2.5937676,0.65832675,0.82589704,1.3338177,1.0478476,0.44333115,0.34075314,0.4358383,0.3424888,0.43770754,1.1687311,2.2874367,2.9121377,3.1317039,4.849157,6.0992136,6.420121,7.7323084,5.123313,4.745296,12.924141,12.216303,8.388547,8.544221,4.604155,5.945029,9.488583,9.561115,12.448256,10.663037,15.659793,19.50612,9.445243,2.4992893,3.0586822,4.0084343,1.7478789,1.9534619,3.0802634,2.764881,1.6566322,2.9969683,3.7615497,1.388129,1.0349422,1.0261106,1.4743772,0.48928827,1.5623808,1.7426316,1.8794941,1.8862103,1.2053757,2.024742,2.517081,1.0902498,1.5338426,1.5558215,1.5992239,1.2858189,1.5611356,1.0018708,0.65707254,0.85381716,1.8886435,1.5874467,0.9670459,0.78275764,2.47742,2.0862615,3.494121,1.1616837,2.1349022,5.408874,3.3915646,1.8874987,1.2306092,2.2626414,2.8878386,2.4442616,2.8288975,1.0221355,0.790788,0.9358902,2.6878479,1.7590343,1.0294787,1.1677053,0.88635683,1.0245116,1.2801543,1.7272526,2.0622702,1.4821615,1.2994277,2.8285508,4.2470713,3.0573864,2.738527,2.4450815,3.2793038,2.96501,1.2861272,0.66441053,0.22501169,0.60125434,0.8391614,0.5910861,0.8306813,0.78124136,0.38450837,0.50336707,0.325631,0.05250523,0.0669004,0.07813972,0.04980654,0.092450984,0.1307652,0.17181969,0.3333279,0.2858465,0.36948296,0.9174029,0.8845741,0.49145725,0.65248,1.0530928,1.7255489,2.0657296,0.42750543,0.3858327,1.3335066,1.7103229,0.7142847,0.6944414,0.77504134,1.0434335,1.5300168,1.7903543,0.56792974,0.2553094,0.49697542,0.28800768,0.16470852,0.14778632,0.47763488,0.47776678,0.466582,0.26175097,0.22041678,0.42604324,0.27709526,0.16533679,0.1615195,0.38248283,0.48816407,0.2407713,0.26012042,0.20728983,0.118835285,0.09300523,0.10970581,0.16034226,0.11820079,0.16836548,0.06621688,0.04576326,0.101182885,0.1395051,0.17009124,0.11539617,0.13105965,0.23921698,0.22468534,0.2577719,0.2426931,0.33514282,5.3616304,5.044412,4.6635175,2.0088277,2.644202,4.4142284,2.019959,1.1560638,0.60748374,1.2882484,1.7844919,2.395998,2.1037998,0.80516,1.5695336,1.6769663,0.68511087,0.7756021,1.2037776,1.4299705,1.3768272,1.1277349,0.79157394,0.7152498,1.1754857,2.3382668,1.3526666,1.500752,3.6699796,2.7983115,1.036976,0.6937218,1.5443592,1.3765132,0.8423366,1.0442625,0.92251873,0.8667146,2.129424,1.2592402,1.7639784,1.227851,0.94519156,0.66009593,0.3163454,0.2985797,0.27012488,0.15675789,0.12836444,0.07029362,0.16901672,0.39530113,0.49522465,0.2645724,0.22928265,0.3441825,0.43793273,0.87295425,0.5542044,0.54332477,0.9183243,1.911249,2.3207216,2.11945,2.027528,1.5567836,1.4754186,1.0465165,0.8984741,1.112831,1.5434067,1.8884407,2.3643792,2.4097311,1.3073076,0.61239994,0.33687067,0.528105,0.5386458,0.28079262,0.4798522,0.573841,0.7040834,0.6749037,0.99899966,1.0844595,0.16211002,0.28737116,0.45401242,0.5464431,0.32541195,0.19324128,0.15041752,0.17440464,0.39512062,0.18836561,0.22557008,0.22857857,0.2979756,0.23736313,0.29457086,0.20691904,0.49271587,0.40524656,0.3872318,0.42660365,0.31484157,0.18524878,0.22007614,0.19057417
9.487026,12.650819,148.09618,86.15333,78.80639,130.08876,68.54571,15.52998,7.822393,13.954657,12.449177,8.065317,4.6583266,3.8288224,6.554399,4.7285504,4.688381,5.7097487,4.154767,5.2519336,3.066495,3.2211902,7.665166,7.346474,5.9526253,8.435616,10.407235,9.893352,5.195565,5.5229836,4.940969,3.89916,5.0232615,8.601438,7.2092257,9.432174,8.453837,8.781712,3.6997435,3.4651313,0.7203504,2.5772848,1.6927521,2.661246,5.0843544,2.308734,1.0233004,0.85308176,0.47791067,0.65555364,1.1589202,0.55043954,2.3944976,2.1236115,2.9596043,3.1740522,3.086435,4.844737,3.8276484,3.479447,2.458233,4.2677298,8.312741,9.999978,10.790582,9.426417,6.803082,10.930814,13.203983,6.5987287,9.584044,8.640896,5.139956,14.155966,9.810868,4.84865,2.7352786,3.8750255,4.486155,3.5805063,2.8708854,1.7166525,3.7128441,6.7680187,4.8485646,1.5902362,1.2774737,1.8820362,2.7302134,2.6135075,1.5007308,2.7371366,3.9344203,3.7553356,1.5654179,1.70526,2.0446815,3.5847826,4.303692,2.4002743,1.3146532,0.4967717,2.571432,2.8058672,1.8428314,1.9588952,1.2657297,1.0978585,1.21485,2.2794316,1.8827498,0.87285656,105.95888,29.679468,18.639338,23.574396,25.761187,19.42431,16.084408,7.0542536,4.7642226,4.7821856,4.917936,2.0601764,3.3576689,2.03993,3.7942781,4.4484634,1.7445432,1.6048348,1.7829379,2.5975904,1.4307579,2.623515,2.1230552,2.4146361,2.8112884,4.8261714,4.46508,4.0878806,4.6779547,4.263628,3.0257614,2.9648902,1.8991627,3.1522534,3.175249,1.5654342,0.91103464,1.9428436,2.5256839,0.836488,0.7144371,0.84817034,0.80180657,0.4942971,0.20014858,0.07660572,0.03691804,0.06780869,0.13834794,0.086488284,0.20113622,0.25887352,0.75158894,1.0000851,0.54415923,0.43514124,0.46835476,0.7924805,0.67260087,0.90410495,0.6519646,0.8840096,1.677439,1.3167348,0.72628844,1.2060175,0.9839696,0.7053527,1.2816457,1.3644062,0.99001616,0.6305205,0.48440182,0.60388434,0.7471229,0.75034213,0.8759754,0.4383429,0.8573267,0.5475159,0.22521602,0.1568828,0.45930478,0.6452378,0.33686593,0.1167666,0.23829316,0.19381273,0.19714737,0.3682514,0.36525172,0.33332366,0.15567124,0.14976509,0.13212304,0.4048519,0.45807725,0.33922616,0.3749478,0.35803995,0.22789264,0.2599992,0.12726083,0.19969755,0.2960062,0.3065929,0.3518367,0.42665836,5.2539206,5.052268,13.475191,2.4270842,1.4520228,2.7148345,9.22977,5.4969215,2.6777139,2.8621066,3.035393,2.5026155,4.0213785,1.8881371,1.1219511,1.4596688,2.1425269,1.1245687,1.7957941,2.9278836,0.943692,0.75945103,0.63549036,0.98617375,2.4994044,5.374933,4.250526,3.819691,2.8867097,2.3048058,2.4362862,3.635698,1.295441,0.7742265,2.4743876,4.9511595,4.049734,1.6490836,3.2471948,1.7990997,1.2295601,1.622738,2.3090084,2.13299,0.8779202,0.80570066,0.36515126,0.15643366,0.08238627,0.098642476,0.20893875,0.29291233,0.24097554,0.5804772,1.6356547,1.3674452,1.346826,1.6334562,0.9683189,0.7236602,1.2538475,2.967697,2.755356,0.6171194,0.9095111,0.6295065,2.237276,2.547694,1.0624673,1.1844391,2.6391659,2.3767822,1.6590506,0.92696637,1.3305314,0.4471914,0.9033374,0.83738476,0.7941342,0.8493075,1.4499702,1.0577351,0.678924,0.6074226,0.6637779,0.8195886,0.5349837,0.43700358,0.55203575,0.7279363,0.45570612,0.29506376,0.3335718,0.48298082,0.40846786,0.20694509,0.124785654,0.5257325,0.57282543,0.38156074,0.4388162,0.42764488,0.4907157,0.33716375,0.66553277,0.5634895,0.48426673,0.5349243,0.53839135,0.31130505
3.1609669,3.6459389,72.143326,45.41572,27.731241,19.26688,9.85717,5.0868545,5.2181435,11.4754505,11.355405,6.101334,4.041636,2.0617383,2.1250682,2.1083543,2.9248288,2.1192603,2.1372309,3.0352418,2.5395858,3.8885853,4.3543215,3.459758,3.145207,5.9116483,6.060857,8.26369,5.609316,3.8366096,2.6721313,3.0268118,3.21183,3.35652,10.343124,8.5381,3.085279,3.5725412,3.430104,1.8186321,2.1717286,3.5015976,1.9683033,1.0306141,1.1108646,0.5957019,0.4815721,0.24726942,0.27649835,0.39714006,0.8069311,0.7497141,1.1188222,1.6267768,3.2091672,5.6300187,4.94013,3.3377833,5.6654763,5.690249,3.3438838,3.096001,5.4721584,3.9765902,3.2689717,9.575606,15.09609,10.296025,7.7470403,3.4185178,7.4558606,12.806687,10.62911,4.0324154,3.2318563,4.2049704,6.8522377,5.3907065,1.8747944,0.98388,2.2423933,2.3307343,2.815971,2.1560667,0.7056231,1.0701929,0.6353921,0.4591012,0.7366031,1.7426034,1.8503273,1.6202846,0.9610993,1.2767313,4.2100277,2.5092015,1.4734643,1.9496834,1.9677166,0.64335126,0.74984264,0.7325614,1.0287474,1.4711472,1.489751,1.21206,1.6870409,1.4818193,0.82443017,1.566489,2.0697281,1.9924077,14.41633,2.6995988,2.183707,2.8803499,1.2299304,4.7624035,5.5002785,4.284402,4.7572846,2.5370698,1.3703526,1.7373562,2.526967,1.8213707,1.940559,3.063167,2.1721034,1.970793,1.1682547,0.6214101,0.69158244,1.3516874,3.02278,4.9958777,3.1769555,2.482927,2.7911463,2.6925938,2.6188152,2.5344229,1.3357635,0.8413623,0.659012,0.7360424,1.6615906,1.1711053,0.9877745,0.48133397,0.4857423,0.5673059,0.5651432,0.42152366,0.30547145,0.09652073,0.049799915,0.059725735,0.027273297,0.041128475,0.091496535,0.14704606,0.12311341,0.19567178,0.47061014,0.26919675,0.55037403,0.45497593,0.89924806,0.69684446,0.37510845,0.7252429,1.0648496,1.496084,1.2184992,0.8671761,0.6377636,0.42630154,0.7781626,0.72586524,0.40937373,0.15043299,0.3128256,0.38953993,0.5627499,0.3300819,0.44662485,0.482512,0.46953058,0.47157627,0.69908285,0.7803891,0.5847093,0.68588144,0.8178285,0.6707299,0.37180808,0.34072715,0.30988702,0.22689138,0.16118832,0.1389816,0.10251408,0.07777851,0.11658912,0.251119,0.18763313,0.16238396,0.06652703,0.05807896,0.06379058,0.050745487,0.15529892,0.34174666,0.51220393,0.36772728,0.44164518,0.123990685,0.20557202,0.25034553,5.125821,5.9030037,9.058775,4.7973967,3.5605228,3.559126,1.4368048,2.8154595,4.0817714,3.87965,3.6704645,2.050688,1.0510967,1.8160986,3.0694382,2.2520723,2.5236998,1.3328077,0.88169193,0.5247819,0.7988833,1.3856617,2.1073585,2.0201116,1.2401417,2.5528953,1.4799764,2.340364,2.8584816,1.9504049,1.7964385,1.18486,0.9952388,0.93901986,0.9578755,1.5356146,2.6170878,2.409906,3.07292,1.9862803,1.4696078,1.1274877,0.9248669,1.0193033,0.6474227,0.1309742,0.09750671,0.12780604,0.11754093,0.11014723,0.13096026,0.22179751,0.23208325,0.34835845,0.24049737,0.4927972,0.77283514,1.6150674,2.4401975,1.0362188,1.4497554,2.0473874,2.1513562,1.7381021,1.1287683,0.81270033,1.8529034,1.7363113,1.2618519,1.0727075,2.8392072,1.9974896,0.65424305,0.35436347,1.2981659,1.5013624,1.144049,0.6573395,0.42480576,0.3109927,0.91493917,0.361858,0.2812799,0.69350994,0.9766078,0.6192418,0.19584921,0.30814293,0.3101033,0.308944,0.4564363,0.2638367,0.15630747,0.32507452,0.521571,0.39196163,0.39228475,0.28137606,0.17284551,0.17293993,0.14896743,0.2028539,0.4029758,0.47119886,0.17553376,0.122486904,0.20449197,0.41265616,0.19935268,0.40303752
40.213734,39.085835,145.33131,103.82392,141.27132,68.990425,8.006291,10.74803,8.971231,13.109807,14.477409,6.557542,5.5846157,5.099522,5.246977,8.538568,9.295734,5.69439,1.6778742,2.1870987,2.1417832,2.7396502,3.0249617,2.7498717,1.9777883,2.5610552,2.8591824,2.2070293,5.473149,6.4868393,4.1316776,2.8787985,2.9223864,4.04239,4.36639,4.318484,3.2738082,2.798535,4.08656,2.3538284,1.5185304,0.8322781,0.6332287,0.44782233,0.7387789,0.3609883,0.50891644,0.58259815,0.4965622,0.58636004,0.32138172,0.5864609,0.6751771,0.5869896,1.1748528,1.7475371,1.4753299,3.8747,5.1258364,3.4677618,2.3491504,3.3494046,5.8851113,4.5122256,2.5925663,5.0418553,5.2180023,7.593775,10.694553,12.470327,15.8389225,9.082235,10.0963335,6.4272423,7.5167027,4.0878983,1.4394324,1.3673427,1.8140378,1.4346223,0.7508121,0.8656236,2.670574,4.6154966,3.4368129,3.672939,2.2530212,1.6083468,2.6889205,1.9084642,1.0550859,1.776994,2.8733017,0.9164782,1.1010572,1.3054832,0.46831468,1.3007205,1.5774012,1.8822849,1.0550833,0.66696125,1.9465332,2.369224,1.4776944,1.1194977,0.729946,1.6376101,1.5621668,0.97860235,2.0567424,2.789573,17.986895,27.731972,13.268464,3.4748414,7.3498745,3.5726051,1.9953696,6.2115903,5.1000867,2.043157,2.5946007,1.8494961,2.477537,2.7064726,3.0201008,2.942984,1.0712079,1.4916375,1.956964,1.4461391,0.66015095,1.1406013,1.7139142,1.1690359,1.2446579,1.352215,1.5798603,1.9440494,1.4474943,0.6478275,0.83456975,1.684843,1.1536641,1.2703699,0.97537297,0.5362093,0.5299097,0.40460995,0.47116712,0.36622152,0.30888036,0.28559524,0.18287799,0.10331746,0.0848944,0.035649836,0.014335005,0.016714295,0.055379353,0.11184921,0.1484051,0.13358968,0.42839363,0.26072192,0.48553374,0.5085693,0.4973987,0.58979344,0.6136731,0.8360489,1.5682014,1.9533793,0.98379064,0.7398851,0.8160185,0.5408477,0.7119099,0.48201734,0.6652083,0.98135036,0.56849945,0.49613625,0.714464,0.6888015,0.66684234,0.7181026,0.5351276,0.26275072,0.35724726,0.47199506,0.68707186,0.5352116,0.38128793,0.26964158,0.16049047,0.10934855,0.075279996,0.098451436,0.17365262,0.25690845,0.14666736,0.1317989,0.21517293,0.16535299,0.058938473,0.12046894,0.10445266,0.060199253,0.14210223,0.16163087,0.21401012,0.2772771,0.16737418,0.12406552,0.23853739,0.23318766,0.21792457,0.24018082,7.2345834,8.092504,7.862947,19.008604,6.583455,3.2475893,4.3973594,2.4835937,2.0600836,2.0301793,1.7086624,1.3074651,1.9897436,1.8775234,1.6251284,3.5361345,2.3210251,0.94044846,1.4618094,1.4721022,0.54312783,0.8958746,0.9428337,0.9856948,1.4972029,2.2609212,2.1736906,1.2458371,0.5969493,1.2734656,3.0076346,2.339954,1.3329456,1.2199526,0.94802344,0.86584675,0.53804606,0.9784724,1.4593381,2.3288002,1.8203452,1.5615832,1.6579238,0.54861253,0.29991895,0.4720829,0.22949243,0.18230312,0.07714727,0.056212272,0.13547763,0.14777875,0.08101041,0.1852252,0.6264778,1.0384176,1.5112082,1.7096505,0.84595263,0.4791671,1.2317518,1.9222199,1.8827958,1.5037483,1.6850259,1.1500847,1.1115701,1.7394589,1.3299263,1.5013497,3.0971754,0.63029385,0.57540923,1.3609588,2.1620672,1.1365541,0.5277144,0.902589,1.0667537,0.63131964,0.38874656,0.49441367,0.4257618,0.5719771,0.8212663,0.729714,0.52958053,0.6666696,0.99813586,0.2794064,0.1722166,0.21886851,0.24327745,0.39817178,0.37104917,0.26092046,0.32329813,0.3536847,0.14288175,0.23026523,0.32371148,0.13275482,0.1772082,0.35946462,0.50822914,0.26289445,0.5172432,0.5311516,0.37874544,0.57182217
4.5120564,4.0180745,27.36609,23.819649,25.27588,41.228107,31.149672,9.802227,8.84033,18.63644,13.035113,4.6335554,4.102007,4.5946264,3.8533878,4.1511507,2.827199,2.1858237,1.3317304,1.171376,1.0317,1.3784978,2.5571306,2.6424758,3.9557993,4.5785184,5.8501253,4.502738,1.8742454,2.6652203,1.5092458,2.1374652,3.0387504,3.8941476,2.2068226,2.4474444,1.8841169,5.020269,3.0402977,2.3159242,2.0252242,1.9183468,1.9123682,1.0796579,1.880663,1.306667,0.64394945,0.3429439,0.30886737,0.39452887,0.70404655,1.02,0.6162386,1.4023105,1.5131333,3.8051453,3.8482735,3.4205265,4.2596316,6.2103653,5.6319103,10.389921,11.586265,8.655091,7.741977,8.974863,6.2301826,8.460897,10.660202,8.508641,12.5929,18.017368,12.5380335,4.2181644,2.1913054,2.1236873,3.9982045,4.965975,2.8381927,1.6806536,1.574831,1.9273998,3.011651,2.5471473,1.6410563,2.375872,0.9465031,1.1510493,1.7861683,1.9790564,2.9607882,1.5023235,1.4563817,2.8350892,3.978243,1.2394166,0.82352114,0.8138847,0.6910761,1.6888806,1.0389245,0.496954,1.4710743,1.0449574,1.8381283,1.3101281,1.3855487,1.6795251,3.6747491,1.9996698,1.8764368,2.522511,38.491146,3.5820603,2.0907822,3.572536,2.4761264,2.6379814,4.7786355,1.7323717,1.183459,1.4234755,1.84702,1.4304644,1.4061022,3.67193,3.638534,1.656561,0.9830845,0.9372531,0.95474,0.41261208,0.4600923,0.81337774,1.9313172,3.125616,1.886761,2.3044631,2.0121999,2.216238,1.7934012,1.0855348,2.3698497,1.4514278,0.7496045,1.3814801,1.8164234,1.3479168,1.0010935,1.5404866,0.8784649,0.6832519,0.6062028,0.37668237,0.31573862,0.13883564,0.091224715,0.07062998,0.03291604,0.056913383,0.15165798,0.25077853,0.13836223,0.05096039,0.28719148,0.33092108,0.117213815,0.20349011,0.581791,0.434175,0.77697843,0.7125856,1.1796145,0.9428443,0.4805749,0.5726453,0.7976757,0.8035403,0.8732478,0.9733565,0.7176487,0.603272,0.573614,0.7050985,0.62697506,0.363348,0.33972788,0.39134726,0.39182886,0.49990517,0.35394484,0.25305307,0.19128633,0.19066824,0.14052029,0.28830084,0.1818338,0.26779842,0.13281468,0.27816603,0.4475568,0.11538365,0.0909598,0.080314115,0.12275306,0.07744337,0.046588175,0.12998572,0.2095961,0.11358407,0.15072812,0.26688656,0.4197691,0.3367904,0.19224425,0.16499814,0.19069317,0.20001934,0.18944629,0.25349972,1.1901782,1.7995559,9.050417,4.0214963,2.6990726,2.6917434,1.1793761,2.9754465,4.6885896,3.9427862,4.253643,3.6307383,2.0634384,1.423194,2.30612,3.4367523,3.795811,3.594464,1.144049,2.0151181,1.6003897,0.8582378,1.5855256,1.8869236,2.5064094,2.5112236,1.8617483,1.5798715,0.838331,2.061925,2.645712,1.3732183,1.545197,2.4925187,1.5918354,2.0527976,1.4761986,1.2690042,1.3514168,1.3892107,1.5748332,0.9768967,0.575807,0.8154911,0.36189318,0.3005108,0.10338623,0.097773306,0.07145057,0.049284633,0.051108606,0.20368247,0.15478407,0.18122284,0.3489984,0.5696009,0.980887,0.80774224,0.718558,0.72810847,0.7398999,3.5340729,2.963887,1.2634457,1.5412087,1.2808583,0.71964794,0.64946175,0.797289,0.7110391,0.76859933,0.49922827,0.7391257,0.68433434,0.7023837,0.6742964,0.91788584,0.47038585,0.45833007,0.31362987,0.8144793,0.34496662,0.69011694,0.9066203,0.7044696,0.5021249,0.33402973,0.3090524,0.60630596,0.46890157,0.24749526,0.34284973,0.26234505,0.24554299,0.30084804,0.24172685,0.11519767,0.1593153,0.1258246,0.16474843,0.18227114,0.19987266,0.20147148,0.2390252,0.1931564,0.20039915,0.21569191,0.19883408,0.25786734,0.30415943
2.6317215,2.6470938,3.0160182,1.5444126,1.2285516,1.4191417,1.1828377,2.3569562,1.8877921,1.8802108,1.1262642,0.8644673,1.902668,1.9189095,2.4170973,2.3945868,2.499627,1.1555209,1.3785492,1.0607408,0.66699934,1.5789185,0.75544757,0.84357953,1.6286346,0.74738437,0.61208284,1.1079689,0.7396762,0.58283246,0.6342331,0.92110276,0.6603116,0.31562966,1.0240517,0.83214307,0.3520939,0.519179,0.3205884,0.22701335,0.21759373,0.25011325,0.22220504,0.117486686,0.13078597,0.100269064,0.08668238,0.19040233,0.49476692,0.5773335,0.45915526,0.31034467,0.43673077,0.49475533,0.50877386,0.84434927,0.87395227,0.96584696,0.8737728,0.41309664,0.6325031,0.95799893,1.0610718,0.83156574,0.80920315,0.5036689,0.7142755,1.3058336,2.1621542,1.7422723,0.9482996,0.68170184,0.9791721,0.6185064,0.6332211,0.6408586,0.82000154,1.1392704,0.6548111,0.36599684,0.6150669,1.356846,1.0599036,0.5478365,0.34085134,0.5560062,0.98924965,0.6808877,0.9933508,0.94851595,0.72427666,0.64179176,0.5497352,0.8049384,0.8355953,1.06737,1.45668,1.5799781,1.5289096,1.3317106,0.46160606,1.0957111,1.6029058,1.1252948,0.4161286,0.7197065,0.6843354,0.36004284,0.4689825,0.63649243,1.5677159,1.3358727,4.0901785,4.064509,1.8179575,1.6686296,1.7462344,2.1472158,1.5958374,0.7095168,1.258253,1.4809604,1.665537,1.4438126,1.7017957,1.4407662,1.8125668,1.5415279,1.4699401,2.052777,1.4505702,1.5933696,2.094011,0.62298805,2.3406944,1.709503,1.050862,0.74945414,1.2650398,0.638752,0.5955868,0.8484439,0.6174581,0.59292746,0.65217704,0.8805928,1.662349,1.1765853,0.52182305,0.40200588,0.21151486,0.19695957,0.06502567,0.069445744,0.10942738,0.060230214,0.09656235,0.21699262,0.3382276,0.32547796,0.41400516,0.32051525,0.24096984,0.18095885,0.21564099,0.3541509,0.40619257,0.2608577,0.32943758,0.33787045,0.51088834,0.50612444,0.4998049,0.54122263,0.6860123,0.54400885,0.46753088,1.4659523,1.2078497,0.58952224,0.3806643,0.665024,1.3094281,0.37145245,1.2584082,1.4275886,0.700897,0.54553056,0.46259034,0.67294025,0.9597057,1.175105,0.62375057,0.27243692,0.37454593,0.68080306,1.4698673,0.9947771,0.8386774,1.0718123,0.5503755,0.598048,0.48478505,0.91500676,1.2048867,0.9713111,0.79169106,0.91125333,0.79597306,0.97817576,1.5876675,1.1824846,1.1653339,1.2465638,1.0861454,0.5635436,0.45212638,0.35651547,1.401596,1.9384645,4.8048925,4.587642,2.9093635,1.691894,1.5583994,1.7715533,2.240012,2.5392141,1.8451087,1.3856195,1.3721025,1.5478075,0.92689914,0.65098196,0.55117637,1.9467522,1.7195035,1.0970781,0.9124912,0.4939559,0.6823829,1.3237084,1.7647685,0.97447693,1.2210099,2.0961177,1.0752149,1.4083787,1.5327257,1.3908281,1.0753602,0.857451,0.84877455,0.8938136,1.5120176,1.1277235,1.3763361,0.84970003,0.5008795,0.5977366,0.48080015,0.35929155,0.23251757,0.23054156,0.14386784,0.19121264,0.2884106,0.2717068,0.23091462,0.48649824,0.5905186,0.6409901,0.6787796,0.69685644,0.7698703,0.78587687,0.65990025,0.7981085,1.0576322,0.58003,0.40574262,0.4226359,0.6671679,0.6737019,0.70107454,0.742479,0.8589124,0.7708063,1.3607728,0.9215908,0.30263552,0.3248723,0.46856803,0.7275178,1.6521796,1.0198932,0.72383815,0.90244555,1.2044922,1.2041452,0.9444869,0.76978844,1.0417192,0.58841085,0.7017727,0.69656706,0.53595054,0.481892,0.59990555,0.8725983,0.8700617,0.843646,0.9696259,0.9501869,0.7847646,0.69557506,0.41341949,0.42479584,1.0269036,1.7540003,1.0602565,0.8294348,2.33901,1.8262913,1.0519408,1.3324726,1.4130332,1.0920572,0.58527523,0.92580754
1.4974681,1.281226,4.9537005,3.0817637,2.8552866,3.8070636,2.806978,3.0445907,1.7242248,2.0484686,1.4307482,0.80033886,0.5304137,0.4353486,1.1428857,0.9685371,0.87481123,1.0052502,2.3801143,5.1379595,3.3165276,2.0598905,1.12691,1.8881536,4.1472826,2.2681777,1.1453692,1.4485066,1.2504461,1.3422344,0.59420985,0.6498006,0.47110274,0.4897121,1.1991993,1.2363867,0.74634635,0.7248425,0.78437424,0.821531,0.47973678,0.17663789,0.085711,0.15236366,0.14818823,0.16931424,0.2763928,0.7810814,0.8084439,0.66818845,0.7810506,0.80710953,0.53814214,0.90982676,1.5794429,1.091324,0.9030707,1.7731808,0.91890407,0.70139956,1.0424385,1.3262701,1.4159788,1.1494162,1.2910699,1.6557287,1.40739,1.091085,3.775859,3.4808493,1.2546463,1.2001317,1.8524843,2.7004597,1.693133,0.580698,0.70569426,1.9071321,1.1183119,1.2118757,0.81642175,2.4816554,3.3931396,1.3928483,0.488205,0.39441448,0.6846404,0.79078966,0.7864331,1.2911432,1.0811174,1.6170897,1.7661582,1.9870391,2.3284705,1.4129049,1.0978202,0.8632994,2.190318,3.5815635,3.9660537,1.5902492,1.8759743,1.6948957,0.5332823,1.0263237,2.145263,1.6665409,1.2524337,0.6740616,1.0160016,0.68690234,4.026139,1.9305527,2.0369425,3.389379,1.5987086,1.7906213,1.3130848,1.4395895,0.60006344,0.9250895,0.5004936,0.8006738,1.2177267,0.58931565,0.82118833,1.5304074,1.5162672,2.263051,1.6237936,1.209084,1.7761159,2.5148542,5.3574934,4.541472,1.8410653,1.390433,1.6318644,1.5987217,1.4706808,1.4740639,0.97952086,1.44884,1.7285231,1.2956101,1.1042324,1.5726198,1.1604543,0.7013159,0.77443147,0.16169325,0.10773233,0.0724154,0.084078886,0.1558816,0.15155348,0.18875866,0.2131173,0.17784919,0.4983738,0.56330913,0.46252298,0.5018023,0.82749486,0.43605042,0.83595663,1.0007131,0.5736248,0.8726834,1.8902421,1.0691509,0.71888524,1.0575064,0.84778404,0.8176009,0.95669675,2.0450826,3.1436965,2.1238534,1.3206404,1.1114056,1.7776906,1.9318017,1.378514,0.83348066,1.2153457,1.9822692,1.3529867,1.4257541,1.9557991,2.3107076,1.1041296,0.56420255,0.5623217,1.0926304,1.9012892,2.0888128,1.908605,2.4700313,2.2356865,1.2415746,0.66189784,1.0950072,1.1654907,0.6199451,0.78267765,0.47890767,0.56192684,0.69053185,0.48162878,1.2927687,4.940216,3.1188555,1.7312772,1.512259,0.8845516,0.38387173,1.0934371,3.21353,4.2800517,4.173193,2.6403656,1.4906399,1.4207194,3.4736278,3.8784177,3.0794897,2.3358493,0.9254701,0.8819444,0.7763979,1.1412855,1.6989172,1.6303111,1.5102701,1.1536149,2.0054271,1.1429026,0.7982938,0.51325846,2.167414,1.579389,1.0590625,0.96736026,0.35906368,0.7913136,2.3581712,1.91885,1.7599816,2.4646912,0.9401588,1.6833342,1.5707998,0.8948864,0.33230346,1.094464,1.1455091,1.5690901,1.6346731,0.63148683,0.19736819,0.2601649,0.33655098,0.5059461,0.62164414,0.58814347,0.3508052,0.19827065,0.16468132,0.668828,1.1125057,0.6813463,0.70362264,1.3368815,1.1919037,2.3013327,2.0718896,1.4639062,1.1364856,0.7874414,0.7321856,0.75685316,0.8230904,1.8492447,1.3858776,1.5152149,0.9746436,0.786462,0.7954241,1.284167,1.8198543,1.1327428,2.8594556,2.3187442,0.7115782,2.1246896,2.1263404,1.1067376,0.39798436,0.6024014,1.8177217,1.097208,0.68447787,0.52754205,1.281955,3.3290958,5.540767,7.6122365,5.241543,2.5024931,0.7870167,0.5168303,1.4761734,2.5895584,1.5806288,1.4433309,1.12796,2.7495763,3.7987313,2.3575084,2.4813235,1.8796725,3.0953758,4.2942333,2.6182225,2.7240293,3.9587483,3.5111213,2.8372715
2.7340355,2.943153,3.640649,2.0286405,1.2718103,2.2765064,2.0215492,2.4977326,1.3721147,2.6510737,3.1739438,1.5995706,0.95799965,1.3633298,1.0993607,2.5106273,2.8330014,0.8322597,0.3442284,1.1059358,1.789621,1.7348282,3.4118862,6.0339737,5.971238,2.6328492,1.7903644,1.4182265,0.96718043,1.2118589,1.0709791,0.3377961,0.48434612,0.44783068,0.81858,0.3543649,0.380219,0.49409983,0.6478158,0.503468,0.21471888,0.07664673,0.12808742,0.121378146,0.1688688,0.17587481,0.20017251,0.51795375,0.4415132,0.21887657,0.19436967,0.44934794,0.568544,0.55971956,0.50953233,0.49038455,0.4304606,0.3632125,0.35131735,0.54059094,0.5466255,0.74300134,0.97409827,0.6326373,0.4448532,0.6801634,1.0773381,0.8241099,2.3093512,0.9406874,0.1984967,0.8334406,1.2594012,1.1023881,0.61954856,0.9006995,1.4682062,0.7356503,1.1518954,1.2203866,0.5642067,0.90784633,2.3383882,1.7233673,1.0963995,1.1508248,1.3581222,1.2213469,0.68064725,1.04356,1.2167184,1.1322019,1.4669571,1.0664077,0.29554105,0.88339597,1.4506276,1.5520155,1.399352,1.8436362,1.2240119,0.84833276,2.314468,1.6358516,0.7968952,1.2783026,1.5727758,0.8727869,1.2074127,1.0163915,1.2673035,0.8617827,4.209002,6.399214,3.780428,2.391352,1.3368924,1.4159243,2.327105,1.9225339,1.555287,1.5244689,1.0503969,0.97945833,1.3369251,1.3053178,1.2315648,0.9268751,1.2022282,0.59166276,0.76948327,0.8370464,2.011157,4.98993,8.846128,2.9444551,2.8932488,1.2394986,1.3403195,1.4787701,0.6811874,0.79776233,1.6088488,2.1032178,0.9682168,0.27300775,1.1183742,0.8286461,0.60786235,0.6660217,0.45832512,0.20191851,0.19146131,0.2436826,0.17609501,0.2537068,0.109362505,0.24576373,0.29612973,0.28518924,0.3927627,0.34984165,0.32386485,0.267377,0.40212297,0.4895788,0.52565485,0.26385236,0.24674387,0.34365156,0.3420557,0.63162214,1.1481986,1.7488657,1.2633256,0.4011825,0.89721245,1.5144104,1.7218753,1.3921329,0.5988072,0.7368788,1.5390223,1.0197169,0.79549974,1.3000872,1.0306554,0.6886611,0.7268518,0.95986587,1.218212,0.9074856,0.825033,0.4366057,0.5255638,0.35929483,0.45034483,0.32942685,0.58455926,0.69652176,0.9488667,0.8886654,0.5548295,0.7872856,1.0197343,1.0216426,1.4314102,0.68181556,0.34097314,0.9451218,1.3532563,1.6265959,2.09417,1.2415524,0.76922554,0.2962612,0.5058861,0.33045545,0.7958689,0.49005193,4.067623,3.8888485,2.326196,6.2734113,8.225268,4.3516,1.1845558,1.5590489,2.7361836,1.1288903,1.4882785,1.7914851,1.3147165,1.1379644,1.8278497,0.9490766,0.6326684,0.8124453,0.62224025,0.45690298,1.2591902,1.9922916,1.1107616,2.7964969,4.516268,3.1168995,1.4608405,1.4041812,2.438109,2.1124835,1.1523216,1.0172526,0.80979085,0.9051833,2.2150223,1.6743574,1.1385239,1.0299098,0.41299453,0.47237605,0.47272363,0.46775925,0.23744346,0.30594566,0.3310883,0.17060854,0.18761206,0.09695084,0.24465589,0.36258298,0.1959856,0.5916543,0.6815233,0.45345417,0.66854316,0.44926292,0.44615453,0.9153164,1.0049484,0.59782314,0.7924379,0.5093353,0.81870604,0.7396168,0.6561127,0.3308222,0.8313974,0.83707887,1.3560098,0.9806533,0.5312704,0.9880316,1.1406941,0.5752869,0.7708769,1.2024279,0.686421,0.9814244,0.7742525,0.6620252,0.7179968,0.4940411,1.1403077,1.6263144,0.9547854,0.60648113,0.68371594,0.87215716,0.5854238,1.155862,1.126611,0.93752605,1.0311841,1.7868465,1.825891,1.2181021,0.92255014,0.59668964,0.6814185,1.3694482,1.2855941,1.2403129,2.9270263,1.657429,0.6772115,1.0636992,2.1949131,1.308588,0.59572184,1.2516352
0.84703416,0.72069126,0.92608464,1.399774,1.146257,1.4928868,1.3493723,1.3107435,1.7649782,1.3437887,0.42635104,0.4950705,0.48456478,0.71998864,1.4413676,1.0025203,0.89242035,0.6412321,0.5640314,0.51701134,1.0399199,0.6794738,0.36580864,0.39760733,1.3537618,0.8012792,0.3686423,0.4917662,0.41849124,0.21268927,0.20241748,0.5259704,0.41652825,0.34561154,0.798149,0.56078315,0.2868091,0.52616686,0.4920037,0.52763647,0.27564228,0.11692775,0.034428775,0.050746333,0.13470605,0.18961248,0.28824067,0.24440329,0.31103018,0.49681696,0.33436525,0.28962573,0.42227742,0.2951734,0.39672035,0.5161341,0.4901755,0.298377,0.53813255,0.6171975,0.51866543,0.5327763,0.8667329,0.9231553,0.5298378,0.34452492,0.8899079,1.5332935,1.0792298,0.83789444,0.3605021,0.4282515,1.1609428,1.41445,0.8835415,0.9783586,1.3122957,1.5642784,0.7274112,0.40365487,0.4595349,1.2036399,1.2970675,0.95347553,0.56255597,0.82543766,1.0115799,0.9630879,0.78692687,0.32666498,0.24554127,0.8091348,0.80180573,1.3220706,1.6821315,1.5485234,0.8439629,0.56916577,0.5276979,0.67957723,0.62017506,0.78448623,3.4000185,2.3022666,0.47651726,0.54564553,0.7525832,0.9094601,0.8069096,0.574991,1.3719163,1.2822831,6.2312746,6.327487,3.010266,4.140317,2.5828242,0.80162066,1.1993111,1.3362546,0.41147074,1.2021761,1.0945232,0.7832315,0.8619668,1.2259668,2.0779681,1.7133265,0.8640486,0.8259483,1.0277245,1.0548797,2.4275453,2.609133,4.072301,5.8329062,2.6960158,1.1666547,0.89384806,1.028218,0.66780186,0.8546723,0.9614023,0.9679122,0.9837544,1.2559594,0.7307056,0.40498674,0.45504767,0.4336133,0.3897939,0.22438255,0.20295581,0.15390584,0.12192186,0.12450644,0.12850599,0.1556109,0.247309,0.25240982,0.18794282,0.17675596,0.3872926,0.4256222,0.4103625,0.46144772,0.31638294,0.4255586,0.6748074,0.4492398,0.6606018,0.8483572,0.7857885,0.61557657,0.65173763,0.5522573,1.0697931,1.1227517,1.0906749,1.411953,0.7464569,1.0757071,0.6164377,0.7326987,1.1714587,1.1848872,0.6244548,0.32794282,0.7384082,0.7916262,1.1112207,0.75938004,0.5980073,0.6185462,0.70414144,0.6313598,0.52916324,0.7319493,0.32551184,0.36542565,0.3400542,0.4391147,0.6229569,0.6170665,0.6982469,0.60050607,1.11996,0.47975713,0.20792615,0.8236764,0.53459907,1.1468415,1.8213105,1.4434601,0.5970706,0.65451545,0.7425574,1.0174773,1.509852,1.1125172,1.3493985,1.0153741,3.8853345,2.081838,2.6548076,2.0336115,1.2353411,2.733,3.0628443,1.4947466,1.3539243,1.1039666,1.8956372,1.524524,1.2343541,1.5221016,2.8552125,1.8155273,0.887908,0.27740794,0.21237275,0.49135914,0.8342636,1.3750504,2.016778,4.982459,3.1327538,1.9846585,0.8970092,1.7247201,0.904134,0.3714423,1.5336697,1.6121937,1.6257575,0.6608297,1.2061162,1.3566967,0.867385,0.42684335,0.19980608,0.10917817,0.1664344,0.18257843,0.1514475,0.19889745,0.24438643,0.27342087,0.26255018,0.39815974,0.4767434,0.39264953,0.5189813,0.84078425,0.96701795,0.5292876,0.8677963,1.3661453,1.1356612,0.63098866,0.46106952,0.9915728,1.3323311,1.3022709,0.6643845,0.7181792,0.819781,0.55137354,1.2477161,1.1132127,1.2938888,1.5210361,1.1283628,1.2797376,1.576774,1.0396152,0.35161123,0.74730545,1.8974226,1.3410186,1.0584447,1.3740387,0.84739697,0.6879979,0.77241194,0.5704641,0.7065801,0.7737753,0.98485583,1.0913194,0.61144096,0.8547069,0.73580104,0.91923,0.7484826,0.46469674,0.46600538,0.5192666,0.34608242,1.111024,1.4951003,1.5334117,1.7281314,1.6755205,0.74393064,0.6408861,0.590066,0.3396336,0.4438275,0.26155105
2.0347598,1.7353628,2.236601,4.350095,4.266854,3.052374,1.6972553,1.5370032,0.6913172,0.81273717,1.0866584,0.9015375,0.8934939,0.6430377,1.5408734,1.1494278,0.9980888,0.5762274,0.3702947,0.4002944,0.4868508,0.42948863,0.4940657,0.4706602,0.58114564,0.40077755,0.52465063,0.4275635,0.40625864,0.8050785,0.4131303,0.40731052,0.42266577,0.34830964,0.5296982,0.27466652,0.11138092,0.50152314,0.56948066,0.31380504,0.13690697,0.109026946,0.059843134,0.04844825,0.10988822,0.16457698,0.16735224,0.13495246,0.18247032,0.1550617,0.12953879,0.07664924,0.15222415,0.47507766,0.74597937,0.5948083,0.5149361,0.84090084,0.6491487,0.7058087,0.6767785,0.5695812,0.93818474,0.5177569,0.8880074,0.40434554,0.4902441,1.156879,1.9253069,0.8266309,0.44507784,0.8494094,0.9803706,0.8232473,0.82654923,0.12915519,0.37765318,0.70343626,0.48167816,0.3259212,0.36518618,0.6119084,0.9174955,0.9973167,0.674891,0.61592215,0.63648885,0.51348144,0.5178195,0.5700613,0.6616022,0.8112874,0.770015,0.6898828,0.58989924,0.6237972,0.63185835,0.7364496,0.720842,0.63852745,0.60803205,1.0259166,2.3435416,1.995545,0.9879459,0.95364255,0.40791628,0.8213799,0.75028753,0.7358372,0.27792704,0.4473788,5.3994713,3.2236109,1.6749197,2.4519777,2.4994218,1.841437,1.2628765,1.036695,2.1695378,2.7940018,1.0176946,0.7007014,1.1495185,1.6237724,1.4448475,1.9751619,1.4694214,1.2078251,1.330629,1.1061103,1.5516669,1.1001164,0.6221228,0.85957634,1.2408915,1.2395153,0.9550445,0.76748115,1.081077,0.8488343,0.37354088,0.43471423,1.4610533,1.229238,0.5980312,0.96647614,0.57397324,0.19608852,0.2569514,0.26757035,0.12629513,0.11637289,0.105927885,0.14369254,0.16395983,0.2246792,0.29692143,0.22978395,0.26240322,0.22090633,0.2504209,0.29716024,0.31826591,0.36382937,0.13667242,0.2831097,0.54684687,0.42455006,0.6647507,0.74500936,0.7367049,0.48473114,0.5992368,0.45942786,0.20582442,0.42792517,1.5519116,1.756046,0.82262385,0.6054127,0.6518365,0.7085762,0.6163721,0.5891987,0.97535986,0.47603017,0.43737134,0.3103892,0.4154936,0.22711632,0.11793147,0.3532078,0.44249326,0.45003384,0.3590032,0.591094,0.72506696,0.2842191,0.41436687,0.3171776,0.27709112,0.4874044,0.3502452,0.5386274,0.79075855,0.628714,0.25138777,0.5886823,0.74675655,0.5012637,1.412183,0.9890202,0.8124621,0.64524716,0.7981973,0.75201946,0.5425664,0.44613644,0.86780685,1.0346463,6.478743,2.4834917,2.6282914,2.5155478,2.002135,3.242688,2.7398393,1.5321383,1.9671136,1.8903558,1.2629875,1.4391943,1.2590722,2.9234016,1.7970055,1.2675647,1.0673431,0.6618294,0.60647243,0.78303266,1.1489156,1.1245185,0.9151386,0.9750667,0.7834692,0.4019056,0.89290315,0.875075,0.9841946,0.81058174,0.8251635,0.80728585,1.5005167,0.8681763,0.98625875,1.1315563,0.72793686,0.5515089,0.3056143,0.29297784,0.34207878,0.41312423,0.25740007,0.24252029,0.32614818,0.32816693,0.6187647,0.6171802,0.28535473,0.3513873,0.5599084,1.0328797,0.79806745,0.4560185,0.77809054,0.95141774,0.6007226,0.33168864,0.33357483,0.53384596,0.85922116,0.79562336,0.41332698,0.5119882,0.39757958,0.8059462,0.86170065,0.8851955,0.7039512,0.85894215,0.6712681,0.84064347,0.8559017,0.6318554,1.082473,0.8648102,0.59207916,1.3126347,1.1301835,0.9565577,0.47993332,0.6376369,0.74413073,0.6881134,0.85254467,0.70581204,0.8861748,0.6448103,0.3856348,0.51556116,0.5331339,0.9263079,0.42506438,0.7397384,0.45785168,0.27808943,0.36409026,0.8990587,0.6643182,1.034486,2.3664596,1.4902172,0.44944394,0.7323775,2.8058677,1.9560891,0.9687192,1.4896641
2.2099738,2.0201757,2.5084906,2.787477,3.0788023,2.7457905,1.8953027,2.5864782,1.3268088,0.9200067,0.19465032,0.32154503,0.67353505,0.69875836,1.1178662,0.9053854,0.76953244,0.2512883,0.65831065,0.67175025,0.45953324,0.40841684,0.4814203,0.5791914,0.7542453,0.36641654,0.43125784,0.85685766,0.5904644,0.4448812,0.3201667,0.4629864,0.27697253,0.35221812,0.2861579,0.40285173,0.48191962,0.29627997,0.44174847,0.23020218,0.066641286,0.07135955,0.055513736,0.099320665,0.07143961,0.10456417,0.16191685,0.14844474,0.3305625,0.6077386,0.45604515,0.3011866,0.13600263,0.1542931,0.69572604,0.60806155,0.32574248,0.30345106,0.35650897,0.73361695,1.4219694,1.1102368,0.8485109,0.5379471,0.74449635,0.5643631,0.7994834,0.70261693,2.6787295,1.8878521,0.45647493,0.67146945,0.84582555,1.3339195,1.0209031,1.3606225,1.3384864,0.9970361,0.62545526,0.7356366,0.63723856,0.56241274,0.7894854,0.58030266,0.35336968,0.6857084,0.55788743,0.5487513,0.8282649,0.9240114,0.45978737,0.47092387,0.54377204,1.1847864,1.263647,1.2331989,1.264756,0.659728,0.7235404,1.0414989,1.6908312,2.2376957,3.7898195,2.961909,0.67298853,0.90000445,1.1306463,0.82123333,0.99432695,0.47171828,2.4325223,2.588198,3.8753347,4.951578,2.7113495,3.1728642,2.5718968,2.4901435,0.9918166,1.233186,2.4964104,1.9232247,1.0210421,0.76773447,1.8407413,1.814415,2.6044168,1.8775476,1.0000141,0.77687365,0.576189,1.0045047,2.2522564,7.5695972,7.644567,3.4344342,1.918902,1.1635605,1.3533552,1.6585069,0.9990792,1.6944937,1.5715677,1.8689882,1.6209251,1.7441778,1.9382261,1.113144,0.9220727,0.40842795,0.52359235,0.32492593,0.13001809,0.123320006,0.10457586,0.20655525,0.19191323,0.22481921,0.12956412,0.13369258,0.29632682,0.36218295,0.33111244,0.1910092,0.23336111,0.20766826,0.50811297,1.4987309,0.94464517,0.27096805,1.4386493,1.3900552,0.7194111,0.24592088,1.227925,1.0055201,1.1311841,1.2429081,1.513867,1.88545,1.4908108,1.7096927,1.38208,0.68322074,0.37007445,0.65829206,1.1443771,0.4969392,0.37580338,1.068016,1.0390266,0.86432797,1.1974477,0.81661737,0.65989625,0.79246014,0.8483073,0.8745354,1.039492,0.84365994,0.7797513,1.0102403,0.66578233,0.43456638,0.7337211,0.6447805,0.7216834,0.75715995,1.3084391,1.1741598,0.8137736,0.8544477,1.8863422,1.9932556,1.5774498,0.6911242,1.1599352,1.8790137,2.085807,0.86043614,9.162007,7.4254375,7.650433,6.756716,6.372541,3.3676388,6.1527076,8.408778,3.0291429,2.6603591,2.9163117,1.4700264,0.7955215,0.96881217,1.0300965,1.3217651,3.137446,1.572506,0.71947485,0.9763644,1.5656558,1.762989,1.2914417,8.291291,8.1748495,4.3632193,2.6607742,1.7890526,1.2964789,1.5165333,2.3013306,1.4644661,0.6840699,1.101873,0.7577634,0.89675874,1.5064734,2.030752,1.5286859,1.3775247,1.0070312,0.8095432,0.27622414,0.13279946,0.16763696,0.32401025,0.4214691,0.39466795,0.37026435,0.6147715,0.87888455,0.55333513,0.7930706,0.8397926,0.43789107,0.6771694,0.7832465,1.0353816,1.1537622,1.0424348,0.7833428,1.0961671,1.3039654,1.2795722,1.4206357,0.96473724,0.8229712,1.7882118,2.973218,1.5196475,1.1505598,1.0398958,1.0983138,1.5219738,2.1625464,1.6984429,0.8199877,0.83213896,0.5254259,0.39416486,0.9688856,1.3687704,0.54163796,1.147777,2.1464279,1.5008723,1.738101,1.7142386,1.9017977,1.7711775,1.5241416,0.80213416,0.6269523,0.4207194,0.4239972,0.5893381,0.66379315,0.26950774,1.4908248,2.4906151,1.5401207,1.6761026,2.868415,2.1373181,1.5219606,2.0393493,2.9681704,3.421146,0.8521951,0.7737164
2.933414,2.7560844,4.4813333,2.5251784,1.5216659,1.8718009,2.5489693,2.494434,1.6493247,2.1050663,2.4293015,1.6536634,1.0339758,1.0428927,1.1982585,1.7939085,3.9498255,1.9866316,1.2118632,1.1393877,1.2730435,1.3129228,0.8909854,0.44095662,0.6927358,0.6575362,0.79788405,1.3270665,0.50592345,0.47520483,0.6390281,0.49692652,0.39351776,0.43846992,0.30074263,0.45538002,0.32721043,0.9026869,0.77273995,0.8419676,0.30018166,0.184793,0.13666268,0.03445887,0.11668083,0.22546616,0.38161853,0.28855985,0.22471765,0.57106787,0.8995352,0.5102851,0.35664994,0.5859296,1.7735267,1.6421195,1.0260859,1.0117446,1.3914704,1.7958095,1.6456165,2.1188157,1.6321638,2.0542526,1.4946378,1.0218633,1.1920515,1.3321826,2.4249604,1.4843804,0.5276796,0.96899545,2.0572975,2.2275598,1.6026571,1.5799195,2.509889,2.0316272,1.1340989,0.58143616,1.2405756,1.2159867,1.2365704,1.31106,1.5490726,0.8089297,0.5067668,0.58335775,0.8515593,1.0544181,0.9098107,1.0120424,1.3390814,2.4681416,1.9063761,1.9351432,1.2003522,1.2055644,0.84244287,1.395827,1.1006773,1.1871954,2.3250782,2.1668773,1.1665628,1.2373636,1.21732,1.4329891,0.92695403,1.327924,2.1884754,2.2460942,0.9909164,0.95353514,1.3797766,3.6274107,2.715397,1.4585795,2.2445188,3.2877855,1.3051376,0.9687165,0.736295,0.9533408,0.4802555,0.57467973,0.831003,0.78466636,1.0288917,1.0220938,1.0120155,0.73422945,0.9331458,1.0458835,1.0577426,1.2615029,1.4325969,1.3514304,1.2426509,1.4369475,0.64121187,0.5858875,0.7292329,1.1736356,1.6242502,1.2017852,1.6321236,1.3469195,0.93399864,0.8756108,0.53746545,0.50561965,0.33071774,0.24502406,0.27601886,0.3630838,0.2891326,0.25447106,0.44113576,0.42986125,0.5725464,0.17200585,0.28778,0.33625573,0.2593014,0.33090845,0.5264596,1.1470233,1.1291895,1.2252568,1.744561,1.7584203,1.5456102,0.85866004,1.2880443,1.4298056,1.1189371,1.2364174,2.5469358,1.9708133,0.9099079,0.879513,0.8497607,0.9020223,0.57365066,0.9042105,1.397043,1.4592472,2.3877177,1.357366,0.5880001,0.8023593,0.9888799,1.0577371,0.5258143,0.76275295,1.0156456,1.482848,1.6089334,1.2478621,1.3806828,1.055002,0.41195136,0.38262013,1.4377842,0.84181654,0.6481743,0.74109185,0.9354746,0.6373994,0.9265,1.5312619,2.7114685,2.2517087,1.501713,1.1760248,1.3270255,1.1396065,0.98776156,0.7650459,5.3442864,4.7321,4.252997,2.7396424,2.6583378,2.278271,2.0272648,0.7892473,1.4012204,2.5187333,2.3627048,2.292478,0.8959076,1.0118843,1.0903747,1.7856897,1.4836414,1.898202,1.4227947,0.6493038,1.2639232,0.99636686,0.7653551,0.9205161,0.6382423,1.3889202,2.160268,2.4130979,1.6231383,2.5830932,2.9742506,1.6812695,1.11262,1.5808233,1.8897135,2.4478526,4.1781845,2.7265203,1.2120336,1.5227432,1.7232441,1.2562257,0.4038489,0.14398196,0.41278008,0.25263837,0.19808929,0.39396182,0.37429515,0.47122788,0.8275487,1.0220177,0.7023667,0.8314921,1.3852894,1.4421493,1.0013888,1.2123308,2.1089876,1.6756773,2.2968962,2.4601414,1.7856208,1.9364159,2.2087958,2.5563896,1.8565677,3.1581292,4.0649886,3.7179,3.2683465,2.0045764,0.7924048,1.2101095,1.4221356,1.5953045,1.9524717,2.2412567,2.0418446,1.558453,0.8753546,2.074603,1.2729591,1.1932778,1.3927746,1.5390776,1.9735056,1.3581136,1.4749292,2.2226255,3.875834,2.2269006,2.1487443,2.0188787,1.8956714,1.0697091,2.1579988,1.6460232,1.5274023,1.6381109,1.5631188,2.0396166,3.0894501,2.278702,1.3479059,1.5573609,2.067633,1.2382293,2.4126835,2.9455607
2.432377,2.3333783,5.144971,3.1978784,1.1706556,1.666892,2.51329,2.911729,0.89941156,1.006795,2.141975,1.2404951,0.55554855,0.44525445,0.8317105,1.5337523,1.2722057,0.7040403,1.4261771,2.0937595,1.517071,0.75753355,1.3304626,0.77250355,0.53567,0.79065144,1.2696031,1.2980207,0.79858476,0.8120149,1.162378,0.81209356,0.55751824,0.3925885,0.6549093,0.51548404,0.45478946,1.112678,0.57271236,0.595672,0.25157538,0.12980968,0.029959692,0.064178996,0.17024668,0.21564186,0.19663641,0.08728298,0.21223201,0.61098737,0.5465003,0.3100575,0.19735149,0.38298002,1.3946027,1.3254374,0.6961603,0.96459734,0.8966258,0.5937772,1.194716,1.4182384,0.49231073,0.63640064,1.1326412,0.8174813,1.0728395,1.5719804,3.4245567,1.8129543,0.4125451,0.7129856,1.4954987,1.1946285,0.913843,0.2498187,0.8897795,1.2705101,1.4030554,0.92982054,0.65684754,1.3368119,1.303738,0.776481,0.3362621,0.70911807,1.3724624,1.1872561,1.376743,0.5430036,0.6677811,1.559716,1.182664,1.4508412,1.2122902,0.71265006,1.1246489,2.0203247,1.5265466,0.951094,0.8039062,0.2809389,1.2191246,1.3671747,0.99676627,1.1012622,1.1530571,1.238631,1.4705056,0.8966101,1.1439043,1.4296414,2.0278833,1.8242458,2.008331,1.3366361,0.63898647,1.609251,1.1289251,1.6442358,2.913266,4.632929,3.071314,1.0603318,0.5481521,0.5985603,0.7675033,1.3272731,1.3904855,0.83396626,1.359525,1.1720563,1.0520942,0.9530554,1.2683768,0.97229713,1.4225843,1.150088,0.61307895,0.7030154,0.7223607,1.0798992,1.3366327,1.0573101,0.8869043,1.3706905,0.8299694,1.6501757,1.1047117,0.5240993,0.8487092,0.8415117,0.27875823,0.1524842,0.23575048,0.3486096,0.12881105,0.28200743,0.3073268,0.15949084,0.1810084,0.07066404,0.24972035,0.44515333,0.34298235,0.3699311,0.55768806,0.54198635,0.8003814,0.7001648,0.49439874,0.32841775,1.015951,1.5999142,1.89471,0.84637636,0.7940544,1.4196924,1.098746,1.0272735,1.183778,0.90559316,1.310693,2.6055772,1.849406,0.9647591,0.8219363,0.4335561,0.3615525,0.46039116,0.9444973,0.93074,1.6305171,1.623695,0.83576787,1.2145476,1.2246718,0.8796189,0.87481266,0.82622945,0.82947344,1.0571057,0.6779652,0.768413,1.3255589,1.2450869,0.78809273,0.580589,0.8543882,1.0365413,1.0297061,0.49678707,1.2114115,1.3803667,0.758832,1.0038824,0.9553539,1.1881093,1.1587477,1.7350668,2.0126615,1.8286953,3.4348195,2.6264863,2.228799,1.1965303,1.4097542,1.6964372,2.2268765,2.3461766,1.09327,1.1805803,0.8055183,1.5522133,1.1862814,1.273327,1.8304453,1.7910411,1.2565949,1.0949965,2.0001743,3.2520733,1.484327,0.93237007,1.1324711,1.1311195,1.0901538,1.2335553,1.607909,1.5019071,2.4093177,1.7919629,1.6373347,1.7551543,1.1819531,1.3865532,2.0883327,2.6447508,0.9689246,1.326043,0.55988234,0.40921444,0.07277445,0.1165937,0.22963916,0.35491827,0.2606633,0.29021513,0.45665655,0.7913079,0.7442801,0.39957458,0.27725357,0.5223271,0.5147383,0.52636236,0.93985337,1.0600976,1.8159988,2.1289816,0.7661844,1.0694116,0.9497842,0.64782417,0.8386564,1.358367,0.87736505,0.6395105,1.3860507,1.8549571,2.3149993,1.8009751,1.1124867,1.2613698,0.734914,1.2415944,1.4232682,1.4680678,1.5036618,0.6766654,1.1142063,0.8555133,0.87967306,0.4379069,0.66060483,0.9487008,0.6709258,0.5993487,0.9884296,1.155694,0.8045666,0.8279287,0.5092554,0.83321965,0.49569333,0.6650809,0.8935607,0.44870698,0.6280789,1.0016778,1.226,2.4061651,2.1414251,0.48593074,0.9875946,0.8348371,1.3241531,1.4549358,1.6652702,2.0295966
1.3974875,1.4792328,2.5782795,1.9190118,2.240094,3.6375756,2.6900134,1.9399887,1.5999324,2.103399,1.56993,1.4902606,1.0720137,1.7173456,2.7093496,0.9926131,1.1682893,0.7712054,0.98226583,1.3888193,0.5420963,0.873282,1.8486118,1.8151824,2.4730988,1.8168112,1.0619988,1.2951206,0.44752648,0.49799058,0.67810225,0.32079428,0.20089294,0.2348606,0.5643957,0.56379163,0.3179881,0.3677978,0.4184234,0.36906764,0.19274223,0.06182027,0.056174885,0.15727395,0.17500736,0.14826325,0.41226566,0.60603017,0.5369092,0.37964332,0.6727253,0.16547097,0.27035195,0.45666102,0.5598569,0.64968675,1.0638381,0.81422365,0.55377984,0.44465217,0.74472183,0.5489024,0.4053381,0.72324157,0.5338997,1.1164507,1.2180068,0.76156056,2.7969863,1.959836,0.5177005,0.2930866,1.7152632,2.153664,1.9462744,1.1202785,0.97280544,1.0458364,1.9859371,2.1374555,1.4017239,1.0742798,1.0213969,1.3190122,0.4840706,0.9070597,0.8007658,0.74227166,0.6911723,0.7252337,1.215953,1.6919909,0.9076682,1.6029505,2.3189979,1.71582,0.83833283,0.65400696,0.58516973,0.3362721,0.6002266,1.1441908,2.6980925,2.2090392,1.0699333,1.3469414,1.0589559,0.856756,1.0950586,0.692144,0.90722966,0.74727345,4.17383,3.8219688,1.6929183,1.5138972,2.037146,2.098551,1.3477248,1.1985645,1.3629816,1.0173604,1.4390794,1.4898947,1.4536109,1.42033,1.0604529,0.43955398,1.6848849,1.8242375,0.63324344,0.534058,1.0569988,0.7885613,1.6494002,1.2363607,1.3287823,1.1268044,0.85376036,0.9860283,1.0037477,1.2877572,0.92855906,0.7722442,1.1772801,1.008699,1.382412,0.9481751,0.4670558,0.6531985,0.46192104,0.35251912,0.19024028,0.14008665,0.14057945,0.066243775,0.066697136,0.107458204,0.25666347,0.1699882,0.15996702,0.6776207,0.39267105,0.19525474,0.21733153,0.33959016,0.3888759,0.80056787,0.71559715,0.8187812,1.0105138,1.0124803,0.71528906,0.56049407,0.650665,0.31637904,0.503693,1.0332092,1.485916,0.92694813,0.587796,0.75604075,0.53609335,0.95240825,0.4930214,0.96431696,1.3950919,0.5206753,0.868212,0.79456276,0.4528679,0.52013034,0.60099983,0.44286266,0.51227766,0.6321521,0.918827,0.75061154,0.5722835,0.6194634,0.46552315,0.3352499,0.3006132,0.54953927,1.1100428,0.9845436,0.66678417,0.83063114,1.0199285,0.60552,0.32897323,0.39828905,1.6972994,1.3904876,0.5248755,0.7398718,0.37213978,0.8291938,1.4751728,0.90541446,0.35509866,0.5356425,2.7252903,0.67096573,1.1646414,1.3528563,1.7728266,1.7749813,2.3603153,1.5535221,1.0916471,1.9967117,1.6575816,0.4870818,0.6874071,1.0003219,0.9992348,0.8905733,1.4140893,1.4284353,0.4975168,0.6029172,1.2277153,3.1610212,2.7152967,1.4367177,1.3451359,1.9272918,2.5546896,1.4122709,0.43987402,0.36762604,0.37088695,0.6525901,0.98755777,0.6115549,0.8974029,0.62794465,0.53630143,1.1764675,0.38076434,0.19946443,0.19935921,0.15783405,0.20461856,0.4326282,0.45534343,0.63973075,0.61962926,0.24308905,0.2676914,0.56298333,1.0874205,1.3792781,0.3801569,0.44478288,0.6550232,0.5744166,0.683101,1.2205058,0.66941094,1.6274672,1.0682127,0.59937793,1.1765813,1.7131971,1.2032361,0.71067625,2.2595897,2.0017416,0.8687835,0.87299687,0.8334181,1.0110325,0.5432164,1.1148496,0.8786495,0.5239731,0.5433432,0.36077616,0.5993467,0.7455153,0.49140736,0.33223277,0.22880186,0.48201996,0.8392598,1.3089584,1.398198,0.36967567,0.31910273,0.43205392,0.39347893,0.51121575,0.76325554,1.1204093,1.1318249,0.78275156,0.6248719,1.2313238,1.0827671,1.453606,2.2294793,1.5028852,0.67553824,0.46612686,0.9416234,1.1934313,1.5141318,1.5102742
2.5616379,2.2384148,6.2524066,4.835993,3.062177,1.6315601,2.1247406,4.1503158,1.9261651,3.0521426,2.1686087,1.2457097,1.3000304,1.6435714,1.9812863,1.5170956,4.6043715,2.9108787,1.6791434,0.52903783,1.210889,1.0025036,0.6012995,1.0260777,1.7354388,0.4662023,0.93382806,1.1393406,0.8913569,1.6169538,1.9872308,0.84082544,0.87786937,0.32092458,0.3839691,0.22670653,0.27855286,1.1198769,1.0334347,0.49383703,0.31736946,0.21989551,0.16040884,0.2411881,0.16508245,0.37613595,0.45165184,0.31172994,0.40382308,0.22584966,0.48466173,0.8200994,0.7508013,1.2954457,1.3844231,1.115104,1.5913985,1.5376673,0.50358206,0.49766073,0.89985883,1.5441289,1.8808221,1.3762516,1.0198559,0.9650188,1.740935,1.1411463,1.9573954,1.6129929,0.80948657,0.5003702,0.71436423,0.84882194,0.9650784,0.5435958,0.45079127,0.4685137,0.49553806,0.6567756,0.9507643,1.2969762,1.6047134,1.0544288,0.41903782,0.86026305,0.60974944,0.7803664,1.6647292,1.6937313,1.4882516,0.90675366,1.2111968,1.2241154,2.1387637,2.1393664,1.533142,1.0205932,0.45484087,0.29144293,1.133907,0.94925344,1.1501497,1.6298745,0.9275272,1.8612446,1.6714419,1.1876696,1.8487121,2.698799,1.6023313,1.3202959,3.0384138,2.4351964,2.624944,4.079487,2.1871302,1.8878082,1.1089251,1.7968326,1.4333562,1.1840185,1.0938656,0.79607815,0.93074477,0.95451415,1.6633927,1.0245409,0.89380735,1.5741884,1.6007038,2.967711,2.0296185,1.0434371,1.5012641,2.0109684,2.5454478,2.1793528,2.2070127,1.1435424,0.8557476,1.348392,0.982283,0.6134386,0.66719174,0.7301414,0.7014081,0.34702066,0.1894366,0.46803972,0.5698075,0.3350477,0.10208623,0.045119215,0.076874435,0.14237334,0.12976357,0.14566094,0.28586707,0.18778929,0.24249974,0.21452397,0.45162687,0.53818256,0.60770065,0.7996775,0.6387427,0.780642,0.9612389,1.2356535,1.05496,0.72855633,1.1122012,1.1676064,0.6495841,0.5173148,0.8724089,0.84649336,0.9021403,1.5079261,1.1394536,1.4958045,1.6920085,0.9879405,0.57371324,0.92825913,0.8117848,0.89910424,2.3079603,1.5097893,1.3465011,2.002663,2.309326,1.2309898,0.87284887,0.5545565,1.0988257,0.930308,0.9766409,0.6343357,0.6613132,0.9257034,0.92852503,0.39701542,1.1366513,0.8322198,1.6298797,0.8010734,1.3076394,1.3059623,0.5343322,1.1534467,1.5890871,0.92717993,1.2582518,1.2323365,0.6540536,0.43490416,0.9526038,1.7462865,2.7782934,2.0687313,5.080868,4.14166,3.5652928,5.0756817,4.2851386,1.7818798,2.518562,3.5165873,1.7205392,1.0972031,1.0696769,0.9683623,1.195047,1.8431671,0.74697816,1.570749,1.261241,1.5493015,1.4909819,1.6729163,0.9325407,0.6551783,0.44139266,0.5244942,0.6288124,1.2376149,2.1770804,1.9024109,0.69507384,0.48838955,0.6829529,0.68656623,1.4759593,1.4166979,1.3084484,1.6480919,1.0199342,1.5050203,0.98613054,0.46816772,0.16816247,0.17263505,0.46054494,0.5503332,0.36172584,0.21915248,0.21453407,0.533713,1.1209581,1.1215019,1.000127,1.3470595,0.9270169,0.28513947,0.7430793,0.5992838,0.875556,0.87811285,1.28626,0.7224953,2.075739,0.8375832,1.6202025,0.6759055,0.594859,0.89285105,1.6661382,1.6728492,0.68478936,1.4827802,1.7243639,1.1149827,1.0763685,2.0756063,1.3185643,0.65632087,1.1709601,1.3203558,1.2432251,1.1821892,0.5952476,1.3434057,1.5361296,0.6746413,0.915338,1.4924634,1.8822222,1.6534055,1.6693786,2.1618395,1.1445819,1.0051531,0.79329157,0.9191849,0.68576854,1.934943,2.6181173,2.174035,1.0419492,2.2797568,3.1612852,1.5534891,0.70777607,0.7275073,1.6700118,2.5878775,2.8320696,3.5042942
0.99236536,1.1053008,10.244726,5.4133134,3.1077046,1.7462703,1.9026763,4.4850216,2.9275522,1.2486926,1.3430868,1.1789056,1.3207649,1.355496,3.3347225,2.1669536,2.8500488,1.8369867,0.94258267,1.6735886,2.1143632,1.0197335,1.3967355,1.3005089,1.9176319,1.5236218,1.9267803,1.665175,0.5464301,0.44196177,0.73962253,0.78265476,0.22687092,0.48519382,1.1844877,0.72352576,0.73052794,0.8185045,0.57649785,0.29286152,0.20493898,0.21892044,0.21118543,0.09951154,0.08651147,0.19620605,0.22318909,0.2854893,0.4025591,0.42373854,0.6505784,0.60683125,0.53307515,0.65729916,1.4340719,0.88798314,0.40353036,0.53480196,0.60961515,0.67473483,1.1228896,1.918379,2.5792139,1.2714932,1.2432289,0.8994638,0.70779574,1.4430951,3.6264021,2.7307794,0.82655764,0.9419565,1.0558157,0.92934346,0.34197018,1.2179885,1.4720522,0.69645673,0.86009496,1.2648718,0.62496513,1.9666973,0.73340553,0.59402144,0.61602986,1.128464,0.93714744,0.69449127,1.2951654,0.81752443,0.32329896,0.49786216,1.015048,2.1308832,1.5796471,0.9886625,0.6743479,0.84840375,2.1023037,0.9491685,0.88210785,1.6581327,4.2802825,3.3068364,1.2899204,1.3774778,0.67100286,0.65139896,0.94554484,0.6441171,2.4908638,2.2772186,4.69731,2.839515,3.8214574,4.2017856,2.9018917,3.3096716,3.019087,1.4380332,1.0415761,1.6543419,1.4673281,1.6580601,2.1899338,2.250461,2.084971,1.2916744,0.97305954,2.3481596,1.5709935,1.2591635,2.0947318,2.4508703,1.2988055,1.0270627,1.6465614,1.3130932,1.8290659,1.5631402,0.64233154,0.6043801,0.54172397,0.38316274,0.67090756,0.815061,1.7886331,1.1322132,0.89519286,0.5774803,0.67998844,0.7606141,0.2639895,0.12957673,0.15160866,0.26058283,0.21577322,0.3770466,0.64618415,0.4484656,0.7944924,0.32804462,0.19549267,0.19660766,0.68960166,0.8399308,0.77346534,1.2911333,1.3998617,0.6508414,0.8485454,0.9519928,1.0820856,0.7713468,0.9758452,0.7882688,1.2878995,1.7606269,2.7875857,2.3920808,1.0949683,1.5299631,1.3815603,0.5026841,1.5352781,1.5371785,1.7680124,2.794485,2.6173072,2.2616963,2.405994,2.4059725,1.4650487,0.4716771,1.5027939,1.1995989,1.3361105,1.8454813,1.7288978,0.833949,0.81071335,2.4684877,1.6164476,1.7213966,2.4082668,1.1624628,2.3474827,2.0057387,1.9494064,2.1695306,1.7277575,1.9780488,2.9212854,2.9131024,1.8202909,2.024298,2.0731764,1.1191655,0.99254894,1.6210716,5.433813,5.410761,4.08995,3.9438963,3.447985,4.6897793,5.8492494,5.08947,3.0777638,2.174327,2.5846834,1.4252208,0.8097454,1.3481525,0.7699438,0.931517,2.5836825,2.7250803,2.8729475,2.0800462,1.2909275,1.534719,1.0554904,1.6947558,2.1037061,1.1758449,0.95035267,1.191469,1.8563179,1.6450983,0.97071296,0.8693167,0.9994862,0.9316805,1.121451,1.6131438,2.423271,1.7003131,1.4065548,0.8510026,1.0842952,0.97944206,0.29366076,0.2615349,0.32901523,0.3468443,0.29880917,0.60534835,0.73144656,0.81535476,0.9323558,0.9156825,1.2462046,1.4890912,1.3098704,0.8704545,2.0515893,1.00146,1.3104596,2.4896245,1.3779194,1.0505083,1.3238902,0.8631658,0.74916846,0.85876596,1.2056068,1.4650261,3.2227201,2.4433932,1.2477491,1.2679405,1.7115824,1.3875214,1.2767287,2.44062,1.5864747,2.7849283,3.315993,2.8915944,0.62647134,0.33695686,0.5397787,0.49354047,1.2951914,1.2713213,0.41783586,0.962609,1.1999304,1.118391,1.5110993,1.5271145,1.737691,1.3592569,0.852857,1.0425113,1.0792805,1.730004,2.0193822,1.6865327,2.3899908,2.2252135,3.079087,2.7063813,2.6618218,2.8508162,7.803782,7.605131,3.131463,1.5452114
4.568745,3.9569564,5.4702935,3.4072318,3.8922946,3.6569142,1.9382252,1.3184373,1.5606481,3.4999778,2.6412146,1.1889443,0.7493265,0.96003515,1.4807298,1.7044759,3.1427097,2.8360605,1.3522882,2.7395396,2.517739,1.3009874,2.1297462,5.160352,12.513434,3.513635,1.9063953,1.6587139,1.5276927,1.4015634,0.7662053,0.41221926,0.50461185,0.761773,1.1494317,1.0127115,0.27637792,0.79019076,1.1638799,0.6841379,0.27708924,0.09166049,0.15524974,0.15917131,0.1059193,0.08637412,0.17716399,0.33297646,0.50217664,0.39635655,0.18706912,0.35525584,0.4597501,0.43291694,1.1870855,1.2679143,1.0707304,0.48337048,0.77692515,0.74647814,1.0364892,1.4079645,1.287754,1.3007934,2.1664581,0.64975226,1.0056131,2.5073636,2.6307244,1.4486786,0.7028686,0.83193964,0.52128947,0.20392102,1.9032059,1.2716663,1.1043841,1.7581112,1.2546096,1.3914583,1.684228,1.4757516,1.4122581,0.89089245,0.3746057,0.51106703,0.8530971,0.9050293,0.5307999,0.67324364,0.9787881,1.1260649,0.789737,0.7830084,0.6795274,0.5955291,0.6527075,1.0095701,0.5475704,0.80338955,0.6916584,0.25267994,1.1550947,2.070523,1.3442609,1.2641157,1.31797,1.3656496,1.3463811,1.3745568,3.1855888,3.1854587,5.4109745,2.6709113,1.9423587,3.4386857,3.7761507,2.8975565,2.8799913,2.4950502,1.6747175,1.1725123,1.8549551,2.0871842,1.9842656,0.809337,0.615644,1.2762825,1.3394591,1.2164743,1.4730573,1.9528108,2.5334823,1.7207227,1.965805,3.2189088,2.9813554,1.6017683,0.67257494,0.58482534,0.78068644,1.7769554,0.9486582,0.39717054,1.1034453,1.7421368,1.5317358,0.9365282,0.42272732,0.46840632,0.28538734,0.45892078,0.2481246,0.3931151,0.30963376,0.25973448,0.13100629,0.29776108,0.42970216,0.327317,0.16362704,0.18969207,0.35602847,0.39492,0.4573128,0.31850526,0.27218148,0.20006993,0.28533384,0.46354327,0.58026123,0.48264953,0.5211948,0.91456026,0.75087255,0.77752906,0.9926085,1.1280235,1.4263254,1.0778788,0.47572154,0.43953025,0.63300544,0.9454281,0.6113735,0.44788668,0.42378062,0.6964759,1.1790919,0.8194083,0.3798964,0.59472996,0.7940291,0.5787136,0.5477605,0.83149016,1.6052226,1.0031505,0.69519424,1.018992,0.91339225,0.531165,0.48205355,1.0394716,1.4380933,1.2360839,0.90224755,0.46987292,0.9959122,1.2962185,0.6791728,0.70001346,1.8446454,1.5761634,1.0404006,1.046283,0.79903,0.7226314,1.0957102,1.05501,2.8574142,2.8589969,3.1791098,6.477724,8.3139515,4.766485,2.6211045,2.248573,2.6544428,2.593534,1.3102196,1.2545551,1.2291265,1.7483364,1.4049286,1.1533113,0.83768165,0.75481963,1.1347635,0.67369395,0.9447558,2.2089467,2.7829094,3.9509041,8.918488,3.2796884,1.9297842,3.4081283,1.4630471,1.4346777,1.9047763,0.946056,0.3776314,0.83677775,1.4549726,1.4964169,0.84894085,0.75252926,0.41443676,0.5467335,0.12787896,0.49015483,0.1973944,0.12719092,0.14702848,0.35801882,0.24518135,0.21483767,0.7892185,0.5899247,0.5577384,0.4889248,0.3461196,0.514835,0.27445212,0.5851014,1.2439609,0.60024107,0.523222,1.2121673,0.82884324,0.4381598,0.8269066,0.8097557,1.046942,0.8995739,1.4268243,1.1487637,2.899225,2.4223738,1.7848591,0.8246203,0.43409097,1.6554141,2.2693453,0.7005,0.43290845,0.28159347,0.7075651,1.1176305,0.8290188,0.84892917,0.883118,0.71601367,0.26560852,0.43663916,0.9088622,1.1425688,0.66994816,1.3232143,2.061743,0.91698134,0.6992329,0.9437726,0.39168966,0.24485882,0.30385557,0.37703118,0.49912468,0.6383296,1.0766867,1.1571169,1.7485842,0.88551545,0.3704919,0.8003876,1.1290606,1.3046254,1.0708425,1.5950471
2.6911213,2.6925807,4.077688,1.8767468,1.5666339,2.3592262,2.2398777,3.5600138,2.618643,0.8910521,0.9349836,0.85488,0.4979725,0.46420455,0.45928064,0.50694406,0.7907717,0.8262676,0.5844524,0.52560973,0.47375247,0.49216622,0.7385308,0.45816088,0.5072921,0.43421358,0.57640857,0.571484,0.47855946,0.6548318,0.6216148,0.5201508,0.52402437,0.312142,0.37035456,0.3252125,0.22978145,0.25167742,0.57038283,0.4070572,0.14755407,0.060086425,0.07538925,0.048624072,0.081705056,0.22750789,0.3909393,0.32150388,0.21529102,0.2224903,0.15800811,0.19764362,0.24848974,0.30851373,0.77931947,0.8775409,1.1527375,1.2635064,1.1359633,1.0218544,0.904172,0.7827087,0.8364291,1.1340687,0.7812373,0.81596595,0.7113628,0.71277845,1.3297054,1.3381922,0.8484805,0.5804839,0.89058715,1.0510036,0.9769695,0.7940128,1.4447606,1.3399521,0.5141899,0.5814397,0.46054506,1.1262643,1.9533869,0.50461864,0.91607976,1.1184313,0.45562544,0.5898601,1.2317404,0.80978787,0.32773426,0.51500463,0.88276327,1.5621082,1.3470558,1.0314952,0.6964236,0.72553,0.89252234,0.37604597,0.45671824,0.6598026,1.718346,0.99870104,0.47890842,0.8303228,0.417966,0.88728225,0.8424868,0.5910256,3.0225759,2.475608,7.330977,4.6684694,2.577084,3.6686933,1.6001154,1.6536871,2.3595955,0.8315945,1.3114097,1.4900254,1.1250954,1.0314326,1.15329,0.91314304,0.7673857,0.50930756,0.9570853,2.3025928,1.8924798,1.7837539,1.4098154,2.0219572,4.1675906,2.025442,1.2270596,1.3119437,1.4143138,1.9136456,1.1859593,0.9378264,1.0041581,1.294127,1.0460649,0.78008425,0.85747796,0.48525408,0.74294066,0.29129887,0.24971099,0.30720434,0.21731934,0.18726377,0.2477673,0.2649144,0.16758291,0.10917256,0.104410924,0.11999758,0.17060074,0.28813604,0.40786853,0.30881828,0.24623461,0.2602319,0.4202705,0.7728935,0.7447306,0.4121945,0.5394842,0.3096314,0.8587935,1.0889145,0.82011616,0.64452845,0.54153866,0.6573212,0.9489871,1.2981933,1.1434736,0.52957714,1.0074773,0.63954204,0.46197504,0.41289312,0.4397639,0.50128084,0.4959906,0.29532477,0.5222462,0.97842985,1.0137498,0.5796254,0.43850544,0.4554113,0.53961813,0.7439675,0.84731287,0.8711378,1.0040674,0.94987726,0.63872343,0.55622256,0.4701042,0.5331295,0.57529885,0.5113389,0.70742637,0.52457434,0.5802437,0.74290985,0.8529139,1.2402133,1.1695945,0.69123536,0.61765915,0.5479914,1.0050206,1.2756765,3.5573375,2.9156103,10.105488,10.535374,9.022469,5.1390166,3.5129454,1.9379421,2.2942107,1.8589299,1.29186,1.8151082,1.2620656,0.82750094,0.7672937,1.7417527,1.5320404,0.838368,1.5195996,0.48402655,1.2305498,1.6403455,0.8924639,2.322376,4.599168,2.0615654,1.4046273,1.425447,1.6750704,2.6166022,1.9497716,0.6171841,0.67472845,1.2322332,1.2866412,0.53403705,0.552937,1.0465896,0.9302911,1.3709887,1.093143,0.5017073,0.2883755,0.10876195,0.30239677,0.44200355,0.27274194,0.5555563,0.84920096,0.52376,0.6286366,0.5542551,0.8453965,1.106398,0.4881845,0.65793055,1.0783374,1.4314989,1.0515584,0.5865563,0.8993529,0.6069724,0.68460083,0.46123332,0.52421534,0.6133384,0.71711737,0.6555032,2.1883757,1.1363213,0.68417656,1.3429574,0.90144247,1.0958992,1.0713073,0.43809807,0.45423996,0.7947605,0.98916376,0.61422753,0.36991015,0.4410404,0.6340476,0.59646875,0.45356008,0.61276126,0.3697932,0.748495,1.1170346,1.4122373,1.5260551,0.84106433,1.1775122,1.5944169,1.1176503,0.64401317,0.37302104,0.754277,0.75034523,0.92989916,0.724114,0.7374331,3.111799,2.4621418,0.92973894,0.8224677,1.1175029,1.5795112,1.0977823,0.85050136
7.494332,6.612105,2.5376205,3.1083798,2.703153,2.4844635,1.9355513,2.251679,1.2296722,1.3328018,1.3492354,0.85675514,0.806151,0.50780374,0.5628286,0.44482812,0.9567734,1.495815,1.5618747,0.8190588,0.9811648,0.7573463,0.52348715,0.87521106,0.9599831,0.36082667,0.5674262,0.8862113,0.44528592,0.6458421,0.55955,0.550213,0.5730573,0.5555578,0.9096593,0.89524364,0.7075941,0.95291466,0.9358297,0.64311516,0.24720247,0.09840501,0.111848965,0.23208113,0.19040868,0.17506634,0.2998986,0.21600941,0.3335759,0.39678642,0.58600366,0.4417625,0.39896488,0.6042013,0.6552612,1.0347843,2.48896,1.6280506,1.6849341,1.7301562,1.3728244,0.8180336,1.56101,4.1486125,3.2511358,2.1104805,1.7798539,1.0371871,2.255107,3.1960652,1.6352403,1.3953713,1.4515812,1.1682167,1.5014861,1.3276699,1.1343354,1.3620727,1.145354,1.7349474,1.5457064,1.3778409,1.3713628,1.9286511,1.3558464,1.3770186,1.5154985,1.7453859,1.2212237,1.6221883,2.633284,5.0958433,5.6675844,3.960804,2.170433,1.9933925,2.7521093,3.2424536,2.8284233,2.3336256,1.4723765,1.9002475,2.8258657,1.958536,1.2537347,2.5165074,2.5929556,4.0139985,3.2597423,2.6502178,2.0751667,1.7415793,4.9508996,3.9960473,2.6053076,3.224346,3.2807155,2.5757492,2.3649826,2.5629196,1.8483268,1.4576507,2.0954719,1.6534,1.5457346,0.83946836,2.1372466,1.8030233,1.6139278,1.8251953,2.45169,3.435545,3.0392888,1.30529,1.4707087,2.2680533,2.1617105,1.5147369,1.6479244,2.182498,1.831523,1.2072302,1.4790564,1.7664521,1.3640394,1.5828167,1.5693203,1.1004102,0.45767155,0.3614301,0.789351,0.68408984,0.30811474,0.32559085,0.12407181,0.3465893,0.94391,1.2467822,0.5011678,0.44337198,0.8400979,0.26722342,0.63522077,0.9710556,1.1382785,1.4677516,1.0839835,0.47969767,0.72123224,1.5183059,1.4753112,2.4940436,3.3478017,3.2738378,2.9201055,2.204278,1.5121695,2.9668007,2.7642763,2.6899507,3.0992482,4.714119,4.8768377,1.9428061,2.0528316,2.006815,0.8796826,1.7646103,2.435031,2.794361,3.7060454,2.1511607,2.3930817,1.2072146,1.711229,3.4483101,5.2271895,5.4076724,2.2069075,1.9670999,3.8721335,4.316631,3.1963177,5.3326364,7.8125715,4.5350246,3.666556,3.4081771,5.030502,3.8298113,2.0355117,3.299729,4.194299,3.1953151,2.3637698,2.8959157,3.1416633,2.794577,4.133053,5.907222,3.0688784,2.5238445,10.103533,8.2828,5.781545,2.3141732,4.582845,5.0055146,3.529486,2.8876116,1.5105894,1.7260017,1.6806959,2.0285792,2.1271987,2.0706387,1.5493735,1.5389575,1.3684827,1.635821,2.2663236,4.0883512,2.5497806,1.9119518,2.1909502,2.1048012,1.4323213,2.5002563,2.3316364,2.5452778,3.875317,3.649305,2.799892,2.902585,3.3387578,2.5029256,3.346822,3.4695652,2.9547408,4.305127,5.5504513,5.616814,2.8165123,2.6695642,1.8777077,1.5694716,2.4609323,1.1384405,3.6767483,4.161258,1.3943728,2.0577052,3.2762308,1.9963182,2.2699099,3.5383947,7.372299,4.335276,4.6873107,3.0774188,2.6074278,2.8737702,3.1427372,4.599887,6.0825605,4.5560956,3.8364496,5.991617,5.014664,3.1261408,5.0815654,12.637331,9.7383,7.348629,10.158936,13.088113,5.82377,4.6922154,3.8872995,5.7622237,9.479303,8.907055,5.1702023,6.0090775,9.485507,16.62439,23.947577,21.344706,16.211142,17.64291,17.671751,10.910241,12.170372,15.463626,5.7772574,6.1312575,11.563225,13.960958,17.467003,23.589125,13.22987,14.314739,14.1253605,16.628216,14.27348,5.785887,6.534242,10.600504,11.933263,14.632611
4.769993,4.341355,4.4185224,4.659014,4.2462387,4.0909996,1.6364828,0.59918517,1.2248646,1.0213771,0.9120679,1.1856419,0.84772646,0.8293665,0.84907544,0.5570506,0.4976219,0.59713775,1.1758884,0.5699523,0.24321152,0.4981136,0.3098729,0.6903092,1.3231716,0.8863355,0.69052744,0.8710641,0.50548804,0.23613858,0.16747871,0.4000457,0.2760233,0.23174779,0.58917546,0.2987584,0.1755003,0.72889125,1.0156348,0.3102901,0.114768095,0.27670968,0.18281844,0.100876875,0.052031208,0.12092043,0.23495062,0.3941328,0.37286747,0.34988847,0.3345975,0.17307627,0.19433425,0.2600965,0.38877642,0.64938915,0.5294356,0.6105652,0.57671976,0.7276455,0.7451222,0.5072349,0.73124516,0.9782207,1.1167102,0.57227665,1.3920976,2.119391,2.9125695,1.4348247,1.0473379,1.1159924,0.9700079,1.2781608,1.0190654,0.38306856,0.39322805,0.75713634,0.91035134,0.68833536,0.7639506,1.5577105,1.348747,0.38527724,0.29451317,0.56538767,0.4635162,0.119495824,0.46162024,0.84290326,1.3416375,1.0050964,0.7484316,1.029553,0.7811853,0.92483294,1.3054743,1.302338,0.48446319,1.0582197,0.7879468,1.1034216,2.6044896,1.6976874,1.2142301,0.7786248,0.56487393,0.5842214,0.68263227,0.5837494,1.4967238,1.5999658,5.0162244,2.9285128,1.5788391,1.3794329,0.9954244,1.5265368,2.7303808,2.7034762,1.5159292,1.6949637,1.209308,1.23593,1.2638344,1.3174168,1.6543379,2.9324424,1.9296744,0.59128916,0.91547984,1.6445473,5.60577,4.9827075,2.230208,2.872471,2.2470422,1.8053813,1.512924,1.7217796,0.7308006,0.8444479,1.4268814,1.1244348,0.8360926,1.5532264,1.7528803,0.8540692,0.7166221,0.52200127,0.5674589,0.3172192,0.18104179,0.2015734,0.17295226,0.1236151,0.09508957,0.14936142,0.22977616,0.26635247,0.48115528,0.3118364,0.44964486,0.33886236,0.24856722,0.19008505,0.65431505,0.6699107,0.4913793,0.97349113,1.3180507,1.0607638,0.9274546,0.85537785,0.6512527,0.8096508,0.52384454,1.1538086,1.5291488,1.2947905,0.4413509,0.7336681,1.8483033,1.5238453,1.4822456,1.6492964,1.5163069,0.54666173,0.8605228,1.8926401,1.4953563,1.2364295,0.27621856,0.576729,0.72814876,0.542576,0.6596602,0.72131914,0.47968334,0.530005,1.4169455,1.3182659,0.562641,0.8692689,0.9270522,0.5319325,0.45494616,0.4660759,0.81866014,1.0437018,1.4491081,0.9869077,1.6248347,2.056167,1.8186197,0.5796542,0.7865143,0.64510584,1.0521231,2.671842,14.427876,13.202838,3.5263495,6.0101695,6.1284275,3.3207536,2.1728518,3.548626,3.1166675,1.4911853,1.8115644,2.3348906,3.7265375,3.4691405,2.460748,1.1114403,1.2286389,2.3069034,2.0376697,0.92260295,1.4552662,1.4182547,4.374458,6.6922345,4.336828,1.7780644,0.5850179,1.2087198,2.323634,2.105517,1.1290307,1.0020703,1.2548887,1.7028315,2.8209577,0.8880435,2.1789427,0.7150106,0.86451536,0.74215686,0.6197174,0.23934393,0.076123,0.10304195,0.45162475,0.49077547,0.270456,0.43314153,0.6228577,0.45127055,0.34368291,0.3482156,0.58516973,0.87152296,0.74238014,0.5123277,2.0568373,1.9951931,0.82843715,1.064531,2.2224615,2.7442584,1.5456805,0.9197914,1.1846316,0.8828726,0.56422675,0.751943,0.9436157,1.6417319,1.319802,1.3315562,2.4642239,1.7727236,1.477355,1.3164458,0.68431175,1.2750708,1.1359518,1.5652944,3.709856,2.332411,0.7391887,1.4850514,1.5600173,1.0750835,1.0310086,0.8428572,0.90212584,1.3337485,2.1061542,0.9653914,0.8989491,2.222994,1.3089911,0.7211232,0.89991224,1.7325423,1.8119562,2.3632352,2.3434398,2.451098,2.4001465,1.0580004,0.96135,1.6536062,1.4294821,1.4187667,2.0279613,1.5815873
1.8810197,1.914,2.129564,2.2796807,3.6588087,4.708666,2.374792,3.0719068,3.0660715,1.3928919,0.8190311,1.0177664,1.9412848,1.9831938,1.3203602,0.5681892,1.3248165,1.2255659,0.890781,0.95279574,0.72749686,1.0752288,2.2300663,4.2283945,6.8374195,4.7818766,3.8570185,2.258856,0.84478325,0.77890587,0.91917926,0.58145326,0.46449113,0.27927744,1.0386702,0.8152218,0.38235363,0.54711574,0.45085096,0.3395456,0.29018393,0.0972155,0.24102938,0.17571369,0.1735249,0.19938594,0.50476944,0.40176162,0.48998633,0.5079531,0.40334654,0.44873318,0.6469427,0.79309505,1.1735065,0.8272475,0.7281885,0.34078765,0.7699353,1.2536219,1.0882387,1.3082128,1.3546565,1.1701822,1.6645217,1.0737497,1.1946769,1.0036646,1.6843933,1.3947614,0.2602388,0.49296957,0.7328946,0.58676904,0.41268152,0.7622744,1.4356455,1.9409984,1.3467096,0.7393679,0.4585313,0.9538135,1.7345978,0.65596527,0.5350493,0.93850505,0.9115584,1.0630246,0.71439725,1.0885524,1.2598094,0.8026814,0.9320612,1.6327915,1.6354799,1.3308964,1.1847043,1.8216633,1.2275735,1.0718355,1.290943,1.2271826,1.5523175,0.9347266,0.5716166,0.92412364,1.9213493,2.6773925,2.3111482,1.527491,1.4175733,1.1709739,2.0834818,3.7549496,2.4775815,2.1430304,1.0871053,1.1736661,2.1872559,1.391814,0.638369,1.0905519,1.2821811,1.9254466,1.6940026,1.3722578,1.5769628,1.293965,1.0675598,0.92383844,0.788959,1.0442314,1.8546613,1.6481746,4.1412735,8.421236,6.65645,2.2230413,1.2818279,2.2090077,1.0258331,0.88125336,0.87570167,0.97462237,0.8387555,0.7728943,1.0221716,0.55579364,0.46264708,0.6425087,0.7891252,0.48453173,0.14741817,0.077709176,0.1636391,0.20189056,0.24214518,0.32055402,0.4230266,0.33162716,0.3691704,0.41729707,0.21144922,0.22546136,0.2876612,0.45500323,0.88420004,0.83775353,0.65459096,0.3199174,1.3944151,1.2886703,0.93322206,0.8283871,1.2262442,1.1619895,0.7757723,1.4927998,1.9945595,1.2391145,1.191652,0.5311574,0.67782676,0.9800251,0.80878085,1.1805323,0.67489594,0.43010598,0.6235076,0.8147358,1.0452231,0.8873207,0.9148732,0.93073165,0.8530017,0.87733346,1.1334288,1.4829196,0.7878049,0.8782558,0.9912674,0.73316574,1.0861337,0.58380115,0.33184358,0.47549212,0.8405205,0.7292174,1.0756621,1.1101022,2.0060642,0.66553825,1.1906031,2.0591283,1.6744308,0.7808783,0.8050573,1.4857602,1.097541,1.3026884,2.2074718,2.043687,2.2125838,1.4499106,2.156124,2.4978364,2.7525144,1.8543202,1.1540493,1.3311131,1.2355936,1.3847431,1.3891461,1.8510633,1.5460651,1.1845332,1.3005149,1.0330948,0.87605757,0.51913524,0.9248008,0.63378054,1.9856083,2.514854,2.3145158,2.0845227,1.6048849,2.1472695,2.4011106,1.9770707,1.84088,1.2551365,1.1853352,1.5907035,1.5546451,1.3627721,2.2504668,1.4228635,0.90240335,1.2437049,0.49769747,0.316342,0.19987862,0.42541587,0.13341852,0.53716445,0.56822765,0.52853227,0.5481094,0.7333997,0.43958414,0.7301446,0.9868038,1.2173704,0.90783864,0.7337525,0.7345149,1.1097546,1.4514832,0.98975176,0.93694216,1.8571328,1.3657488,1.0111518,1.6939633,1.5665201,1.2927432,1.4477434,1.7299869,1.6128885,1.3387141,1.4471183,1.627282,1.8681228,1.9484969,0.9040806,0.62966377,1.2572964,1.2186999,0.93867886,0.8682108,0.963815,0.7031265,0.60302556,0.8164757,1.4790516,1.7571023,1.0600809,0.33728164,0.7313578,1.6557723,0.84482795,1.6058526,2.242023,0.673163,0.5939704,0.8550058,0.34626853,0.50419223,1.2581352,1.1423045,0.88911307,1.7437655,1.8962209,1.4868025,0.9596664,2.2777326,3.657895,2.1522563,2.131173
2.4766297,2.0793688,3.8586628,2.8901367,4.5416985,3.8501804,2.748537,3.181861,1.8931515,2.0520864,0.59540415,0.5026784,0.9096179,0.9138878,1.4146518,0.94092953,0.83589375,1.0768293,1.2671577,1.1350459,1.0704774,0.86951464,1.2884983,1.5542293,1.4049503,1.166494,1.3806288,1.389058,0.76149946,0.6463991,0.78019935,0.5726354,0.80015737,0.5839512,0.49186212,0.36582968,0.38428545,0.5967921,0.66375315,0.34459186,0.25102288,0.42810944,0.2548156,0.1449272,0.18808796,0.28917092,0.270413,0.2562932,0.6885635,0.524293,0.31455353,0.3712993,0.33317992,0.3327267,1.012374,1.1484113,2.0457106,1.4312435,0.58640116,0.668199,1.2368273,1.6095608,1.0551693,0.5054309,0.6277121,0.9355072,1.0194801,1.7928737,1.7121735,1.7504357,0.8751873,1.0578657,1.3750926,1.2455842,1.0568327,0.47204766,0.9009432,1.2994106,0.43578812,0.7975351,1.8501736,2.0461335,1.4063371,1.1459813,1.3310829,1.2862785,0.8180403,0.98714525,1.4007663,1.2123604,0.62538433,0.6399125,0.75651187,1.4974655,1.2778689,1.1731843,1.2702167,0.6815987,0.69727623,0.8213935,0.9454434,0.8664903,3.8101132,2.8009155,1.677737,2.3000684,1.1995473,0.60615337,1.586209,0.94791776,0.39545104,0.42508727,2.9594743,2.5484462,2.27898,3.7212586,2.3144774,1.4975564,1.1629025,1.0544294,1.0456337,0.75848013,0.36099514,0.70301706,0.86674213,0.49902117,0.6617765,1.2155067,1.1805748,1.6394482,0.9418741,1.1381613,2.1385288,2.1773574,3.4641442,3.828895,2.3669577,2.148383,1.2730476,1.0295796,0.6997062,0.55258036,0.38266367,0.8742194,0.6391155,0.56749636,0.46681786,0.6860791,0.64059067,0.95969117,0.8416947,0.6410355,0.2269883,0.15712753,0.21177025,0.22443114,0.22154483,0.2114733,0.19530304,0.17545997,0.24213904,0.31230673,0.33608776,0.24263833,0.3761126,0.40271202,0.48439783,0.99074227,0.6630345,0.5321301,1.0648674,0.8171724,1.0391139,0.6176677,0.6749767,1.1605132,1.2681736,1.7801996,2.2899673,1.9803225,1.2613342,1.6032878,1.7034421,0.6822169,0.6697054,0.89919615,1.0932748,0.7951011,0.7875465,0.9544615,1.8243784,1.3973691,0.5871624,0.45250684,0.45192748,0.5293559,1.1399138,1.0003177,0.8088778,1.3164687,1.046033,0.69335437,1.2558078,0.76464295,1.2549807,1.8125055,1.789393,1.8082445,2.854074,2.3368292,0.89674056,0.67819405,1.1537275,1.0690513,1.0323275,1.0709625,1.7503866,1.3486862,0.59183866,0.79648,4.1885242,3.5160735,3.094133,2.6653512,3.7014966,3.7711654,1.4833944,1.5884688,2.302134,1.3837281,0.53845304,1.3004812,2.325933,1.7723217,1.997214,1.583149,1.2602191,1.3067777,1.0395527,0.6204669,0.8692848,0.6028998,1.0324981,1.7208908,1.658443,0.86851174,0.52256185,1.3677671,2.477563,2.7859063,0.93322283,0.6417936,0.69033754,0.7890212,0.71927106,0.63800484,1.0959916,1.3859057,0.6208333,0.81945646,1.4319464,0.68970346,0.2439713,0.22643083,0.26401275,0.18624733,0.30839914,0.24040934,0.2114456,0.3176622,0.53091514,0.39941946,0.23140745,0.34578153,0.5904592,0.94277215,1.3371332,1.9781818,1.181915,0.26283255,0.6898543,1.2231746,0.5802471,0.97365206,1.7423342,0.7551255,0.5007227,0.7034189,1.5275031,1.2332653,1.0145999,1.8955551,1.2121922,0.88100433,1.3288182,1.1322106,1.1195254,1.037832,1.2913347,0.8149088,0.95713395,1.6910051,0.84718347,0.6777501,0.8448246,0.9232943,0.9833623,1.1986432,1.2833362,0.97391343,1.7076602,1.0438884,0.6571791,1.0259974,0.42367485,0.3872633,0.77182597,0.32414073,0.45868123,0.7404691,1.1923279,2.3181818,2.1127577,1.5419358,1.0760893,1.1023558,1.3756177,1.5453244,1.5034132,1.1178741
5.0918818,4.397661,6.718355,7.6872168,5.355716,2.191968,1.0551505,1.7827902,2.6870937,1.9500415,1.8579806,1.8242453,1.4039185,0.99596304,3.05698,1.9837319,2.3660066,1.7933192,1.7078773,1.656286,1.6676749,0.92630655,4.803948,11.944557,12.42877,6.8264203,2.6362734,2.409631,1.9714776,0.8733433,0.8281536,0.50901985,0.61734563,0.57060474,0.28268877,0.4854464,0.8738248,1.9756384,1.4779614,0.7699794,0.3636459,0.13946015,0.12046757,0.24850634,0.67180526,0.606415,0.44798768,0.45900682,1.5191061,0.71916026,0.4693843,0.58528256,0.99800545,0.92389554,1.3038616,2.199485,2.6635492,2.8677826,1.9705111,0.7657767,0.5174287,0.52443373,1.6114202,1.7445195,1.79035,1.9217501,2.2508028,3.2582514,3.941231,3.2486868,1.4805378,2.1915147,4.6080747,2.4838614,2.8017738,1.1894914,0.7291636,1.1132183,0.8021713,2.239401,2.2997289,3.0568936,2.177073,1.015168,1.2068691,2.2163727,1.2441854,1.7630569,1.9941832,1.5660475,1.4632783,2.0475264,1.7411246,1.064605,1.0262594,2.1062462,2.7898324,2.1418664,1.5620122,1.6153748,1.6134264,1.8879725,2.8573182,1.2931491,0.78643656,1.0067707,2.235245,3.8652697,5.1377625,4.3110814,3.277338,2.6885993,4.6354423,3.277593,4.201366,6.469373,3.312822,2.6958973,1.8385984,1.7674149,3.1331446,4.1714945,2.8733423,2.0655105,1.4856783,2.4003322,1.323139,1.834014,2.477467,2.7342288,1.4461539,2.3245196,2.951375,5.930779,8.472275,7.6118755,5.408656,4.0425034,3.9574714,2.1658056,0.53938174,0.5606369,0.63690645,0.6700098,0.7633204,1.2379559,1.5431374,0.9196287,1.9305048,1.4841738,1.4094532,0.74246335,0.5712739,0.5481425,0.38311467,0.6398023,1.14973,0.95055526,0.9865946,1.103169,1.716764,1.7864275,1.8516872,2.210912,2.7741623,3.5999572,3.3204064,1.061488,1.0733888,0.71250916,1.0928795,1.1217179,2.9841268,3.988317,2.2373557,2.3562686,1.6409619,1.2434613,2.8690977,5.378812,6.235915,6.204488,5.93715,1.8279594,1.7290903,1.8699404,2.150216,2.3074372,3.6867764,7.9397984,9.200398,8.234278,3.713232,1.8286928,2.795673,6.734724,10.324286,10.203355,9.120946,5.339234,3.8541548,5.840573,4.075343,2.534419,1.4936988,1.538783,3.128459,5.946395,13.063303,10.284162,2.948995,2.135551,3.2344537,7.6229625,6.490583,4.8469133,7.761302,12.634024,19.772728,22.585114,5.010153,4.862265,1.1395422,1.5181102,1.0451056,0.76672167,1.7530087,2.0894558,3.5141602,2.2005968,0.9530304,1.264171,0.81474066,0.75161195,1.1768259,1.7174816,1.4683712,0.936348,0.5167419,0.85450935,0.884087,1.9187183,3.0580397,9.673418,8.776068,7.750352,3.7347045,3.3765333,3.8859713,1.6137717,1.5215659,3.5410938,1.8319126,1.525883,2.5748081,2.8165982,4.5428915,2.2353685,1.9998561,4.1409373,3.7495646,1.1464243,0.33198988,0.27710202,0.45682168,1.0654758,1.4117174,0.7668662,0.80680865,1.7316631,1.7016114,2.5453541,2.9960945,5.254385,3.5745034,2.219777,4.309648,3.514503,3.5023055,1.7830268,1.4378421,4.4399033,7.3373365,8.43836,8.238668,5.6264358,3.3047547,2.8701758,2.7566857,3.3976529,4.0933685,1.6865063,1.8598436,4.6364594,9.617958,10.506503,6.219665,4.6973114,2.4266417,3.3106203,3.9570131,4.8615947,2.19333,1.4862466,2.53647,3.6045494,6.178047,5.5731587,5.8836417,6.3935714,6.678969,3.9090154,4.0597816,3.9559631,3.8347275,3.6895185,5.8018603,8.495957,7.8545127,6.1218305,7.4376435,3.2174687,2.0311854,8.112877,3.7105546,2.037637,2.3886294,3.4740393,6.1111674,5.3141246
2.4307897,2.079179,2.6762393,1.4052781,3.2022035,4.1301446,3.799867,3.5122955,2.1684735,1.6627759,1.850468,1.6479442,1.8084841,1.2472992,0.93718874,2.5611997,4.296162,1.5526876,1.4445691,0.6543221,0.50056094,0.37697077,0.37125194,0.5248627,0.96871847,0.61962265,0.6761325,0.8549891,1.0930275,0.40434623,0.47877643,0.49663037,0.52314734,0.71926343,0.8122352,0.49820098,0.75167906,0.64939016,0.5540568,0.4213278,0.23654942,0.16203304,0.102811076,0.0788533,0.11763803,0.17067507,0.23446596,0.18702053,0.7313201,0.75056857,0.78102887,0.7870058,0.57256156,1.058061,1.2992818,1.4713249,1.2869704,1.153703,1.4460285,0.9389692,0.9775535,0.748605,1.1438489,0.86410874,1.0415335,0.36705598,0.72761476,2.1152241,2.5711122,1.4163057,0.36863995,0.45810977,0.6615396,0.9578272,0.96440566,0.5438869,1.1623602,2.5623205,2.5111346,1.7390898,0.5729446,1.2201539,1.5855193,1.3405286,0.45483685,0.5088858,0.58247215,0.7537075,0.38788924,0.60883975,1.0618235,1.4484732,1.0920278,0.96522206,1.1651324,2.039113,1.4545989,1.2093362,1.2913064,0.6980407,0.94865596,0.9292986,2.7937417,3.2098505,0.8616521,0.55949116,2.119136,2.170408,1.3909078,1.0529885,1.5814964,1.1377457,5.6368856,7.119946,10.0265665,7.6738405,1.8627273,0.9063649,0.7707927,2.3472946,3.250896,3.179479,1.4990255,1.3532845,1.0628306,1.4660577,1.6034849,1.017939,1.086007,1.0772084,0.48321825,0.692069,1.3533118,1.0382155,0.47686085,0.8723522,1.1181186,0.72697484,1.6145542,1.418863,1.2983075,0.653969,0.9731138,1.9164319,1.9674544,1.4298481,0.80510646,0.57383645,0.43098706,0.5110276,0.69864017,0.250188,0.06862129,0.11160756,0.06988608,0.052948292,0.082705036,0.13067438,0.112665616,0.05853283,0.23181073,0.41770723,0.39636523,0.17227751,0.13427173,0.14957641,0.33415428,0.35109392,0.50570935,0.6326806,1.4424926,0.2448319,0.51051813,0.65046036,0.5305979,0.65320176,1.1042123,0.82698655,1.9267871,1.649406,0.8047689,0.8705766,0.44209713,0.67071927,0.46898568,0.69387436,0.6794011,0.5384833,0.40941763,0.8654648,0.90702486,0.7097896,0.66306126,0.24444324,0.3847424,0.7786431,0.88462555,0.78969383,0.57595104,0.80258185,1.1279442,0.64150536,0.43992653,0.7343409,0.77476436,0.67770565,0.97731906,0.8719319,1.1535637,0.82479614,0.80662054,0.8358047,1.0300821,1.7314658,1.0223337,0.417514,0.6220364,0.7842555,0.8446776,1.1749513,5.378633,4.887429,2.445403,2.1979492,2.3257756,3.0074825,4.241291,4.118846,0.9952236,3.2056227,3.476138,2.333494,1.0953368,1.0334582,0.95304376,1.1539518,2.2792728,1.4560182,0.5903258,0.55510867,0.98699516,1.5380065,2.0850077,2.1770191,0.58850366,0.48763487,0.90220445,1.0968463,0.8049302,0.82083905,1.0407498,0.9302552,1.3382504,1.9290466,2.2018492,0.77316594,0.67693037,0.5909579,0.9953738,0.68463975,0.35960683,0.39361063,0.21141857,0.24401042,0.19974375,0.15276681,0.10649381,0.29422316,0.3064128,0.36021778,0.4918169,0.4712996,0.53589445,0.347986,0.18817502,0.35259202,1.2596241,0.7923841,1.0387375,0.98372066,0.8268509,0.63176244,0.78832084,1.3500166,1.1343669,0.449004,0.38078707,0.68021166,2.1715558,1.6857696,0.57923627,0.5823907,0.3627183,0.3340895,0.41573003,0.44375116,0.9278269,1.0882115,0.48971617,0.5589892,0.71991265,0.54285985,0.37931284,0.7480179,0.69536734,0.29893675,0.12830932,0.41038343,0.6013952,0.68483627,0.7936823,0.7259547,0.55987376,0.6716713,1.0056565,1.161549,1.0200404,0.69803715,0.6973894,1.093567,1.24844,1.085846,1.5554374,1.0981796,0.49732214,0.32754043,0.4251558,0.7913272,0.720124,0.81238365
1.3622108,1.5225062,5.33543,10.064498,8.571483,4.604067,2.077945,2.0859315,0.96186054,2.362236,2.102017,1.478612,1.9371161,1.9247632,2.4698424,1.2955387,1.2238681,1.5575867,1.0260853,1.151878,1.3619043,1.6170595,1.2209437,2.1838708,3.4421434,2.3664207,2.2835312,1.4265939,1.2048641,2.1566284,0.90081435,0.84641206,0.44758418,0.28473294,0.7238701,0.7766791,0.49361533,0.7494973,0.7026424,0.33779913,0.24368155,0.22610652,0.17712379,0.29040712,0.25514913,0.34341374,0.52724737,0.4685791,0.6193087,0.4618701,0.37138554,0.3346817,0.9297835,0.9318055,1.6889147,1.8882407,1.034395,0.88724387,1.9191314,0.70250547,0.6440799,0.7625064,1.3754185,1.1162909,1.4191625,1.1707016,0.57473546,1.4291484,2.1854393,1.8265717,1.3618641,0.97709733,0.7190682,1.6957912,0.95010823,0.78289104,0.6002174,0.55092055,0.46195695,0.9394664,1.4053869,2.3718963,3.675745,1.614587,0.6407368,1.6479788,1.6550716,1.0194125,1.4632398,0.8577153,0.7906117,1.511892,1.2985876,0.657307,1.7440889,2.7150304,2.245561,1.8228798,2.7769694,2.7232792,1.8228858,1.6366973,2.2299933,1.820002,2.3182447,3.3564517,2.4335363,1.4871283,2.2907178,2.223555,3.3196094,3.4890225,6.6840954,6.211996,2.8550293,3.353237,1.6218331,3.0635924,6.388326,5.8190646,4.1182685,2.258376,1.9782836,3.110009,1.5802711,0.6441478,1.029658,0.8874738,0.2327663,0.91554654,1.0499176,0.7945174,0.82930213,0.7363015,1.7077819,3.0038779,3.5715656,1.9586967,1.3242296,1.1811458,0.9459751,0.9637217,1.2006092,1.064688,1.1501184,1.3012506,1.817466,1.5648816,0.5730076,0.17469126,0.3643009,0.39811742,0.26694438,0.34243673,0.3215703,0.48105827,0.5711066,0.7753939,0.93476856,0.41217017,0.3406002,0.19433688,0.47739044,0.3064219,0.24675786,1.0255775,1.45328,1.4540023,1.6833303,2.5937738,3.0275297,1.3365273,1.2789534,0.9557423,0.7035008,1.2239041,1.8734541,1.8196212,1.5721748,1.7826148,1.3175756,0.6636796,1.2029833,1.0963213,0.52829915,0.8383922,1.0696716,1.2982152,2.0399675,1.5175141,0.7688058,0.97238106,1.0801057,0.91294134,0.78332055,2.0472264,3.725103,2.0070045,1.1639023,1.6321516,1.4703057,1.0114301,0.70314556,0.8580937,1.7836858,1.6930338,1.4206706,1.2462156,1.5964001,2.0677686,4.915944,8.421357,9.648397,10.086172,8.024978,4.6157427,3.4360003,1.5319622,2.0129302,1.7702363,5.1784744,4.0816116,6.4050617,11.700764,10.50811,7.5554056,1.903694,3.567802,2.6098547,2.4312816,3.962332,3.1937172,3.8562558,2.7188723,2.1311212,1.3056681,1.4177024,3.2845304,3.655591,2.7013218,2.803685,1.4829539,2.1161692,2.520805,1.890315,2.2043674,2.4580915,2.6577244,2.3038778,1.2942307,1.3419718,1.978986,1.5386829,0.84923595,1.9229473,1.1270163,1.5530024,0.8896188,0.64232624,0.9101009,1.3567966,0.85846454,0.51490796,1.2214264,1.4859984,1.3821524,0.9616638,0.7029975,1.0040196,1.4712088,1.6839317,1.5190543,1.3556048,1.7205268,1.5301871,1.7235267,3.2107737,3.45088,1.1679895,1.5034722,1.2416213,2.3383658,2.470142,1.2089163,1.9645563,3.0106473,5.5497093,4.563959,2.2198315,1.8946261,1.5710206,2.8463852,1.8903053,2.159586,4.2070866,3.019199,4.148108,4.3787937,1.8771086,2.724089,2.8485196,3.1257498,2.3188968,1.250175,2.267462,4.555382,4.662853,3.942103,5.0392895,6.885827,7.1132584,4.5772057,2.4893076,1.8822922,1.4215845,2.587082,4.8516307,3.963821,4.212397,6.8494983,9.782097,13.018259,15.00917,9.955909,5.178699,3.0150797,4.2453246,7.715798,12.9158745,13.709787
6.066808,5.0351076,35.428818,29.446333,22.83698,22.201893,13.810924,8.57109,5.828805,5.18405,4.7662687,3.6893177,1.7159877,0.9109104,2.9348097,2.6729329,3.02457,2.0514102,1.4394916,1.2728754,1.759893,1.2455138,1.2804035,3.2563376,3.964132,1.2757441,1.0122588,1.1792594,0.3493889,0.57555455,0.9190561,0.854196,1.0638585,0.95408314,1.8020031,1.1720039,0.6653567,0.7548722,0.39561757,0.50981075,0.3826633,0.10050211,0.06726914,0.12809308,0.17268816,0.20003644,0.43133864,0.56869733,0.5974746,0.4486696,0.79140836,0.6770432,0.98661935,0.4954002,0.76324666,1.3806243,1.2322773,1.1461239,0.9967415,0.7259627,0.80514354,0.6933109,1.3512963,0.72257197,0.25851208,0.68338794,0.9688319,1.3150872,3.0704134,2.4885285,1.5743414,2.125554,2.1131008,1.7152466,1.7409166,2.1998775,1.3615175,1.4283508,0.8446925,1.2117684,1.4157418,2.9645596,3.233765,1.6218331,1.7515284,1.3373003,0.8277049,0.5328655,0.9841086,0.6899769,0.5986967,0.81033665,0.6846406,0.5690579,0.6562568,1.3799949,0.8754977,0.5416791,1.2103151,1.4659421,1.2851658,1.086478,3.7716444,2.983927,1.2399817,2.5647306,2.547387,3.3226204,2.877571,1.4180678,1.7484614,1.4151134,3.9048598,4.8186846,4.7711706,3.8773587,1.8484621,1.0309297,2.2024713,3.782318,3.3722184,2.1197517,0.8961226,0.97543526,2.198723,2.3529687,1.6430049,1.1921458,1.532707,2.0838304,1.11264,1.6506237,1.3732605,1.2279963,2.5573637,2.4471176,3.0115075,1.9125106,1.6104572,1.3771272,1.1049293,0.62019295,0.7721809,1.6271657,1.8927677,1.4788882,1.8429012,0.8701749,0.9172642,0.7538336,0.9398614,0.4558392,0.23529506,0.11662517,0.19054627,0.24349456,0.24817455,0.49403048,0.6877494,0.4714768,0.3315447,0.25689605,0.26068935,0.1922416,0.25999627,0.28278968,0.25359836,0.56831515,0.71679413,1.5299804,2.343055,1.9419351,1.5486373,0.59205467,0.53691006,1.4157182,1.3616918,1.3466747,3.3505247,2.933619,1.6079618,1.1102716,1.083821,0.6154195,0.97664493,1.2946484,0.5080143,0.51928586,0.8908511,0.83340156,1.0684819,1.3035027,0.9789626,0.70295805,0.45653975,0.3523029,0.5181757,1.3732718,0.67158526,0.73898697,0.6882916,0.7330093,0.57414883,0.40464562,0.3395026,0.85274076,0.95821315,1.0894866,0.70241696,0.80007684,0.8353205,0.79875463,1.3402241,1.6714733,1.5674219,1.3945453,1.4237007,0.7834319,0.41967148,1.0699973,0.47655854,0.37892517,1.4519873,2.7173023,2.818861,1.4951929,1.509783,0.9502789,1.9872966,2.1144602,2.7941146,2.5935085,1.7847158,1.9101763,2.1995318,1.3700908,1.3676381,0.83946073,1.263246,1.2052786,0.8681022,0.7086376,1.3613527,4.3512983,4.4579496,2.7017908,2.8005862,1.9525177,1.446443,1.5603012,2.0324614,1.6826333,0.8763738,0.83116883,1.196716,0.5546787,0.37621558,0.778202,1.1115259,0.6317281,0.42143044,0.3285783,0.23699427,0.17451783,0.21502744,0.28728145,0.66271925,1.0689349,0.7906642,1.0235546,1.637654,0.9283695,0.3046845,0.537672,0.8837195,1.1659266,1.2518045,0.5420408,1.2968091,1.9812098,3.3000202,4.6994543,4.8452506,3.4429085,2.0596912,1.0964863,0.80300045,1.2821304,1.9549176,0.80058825,0.6085908,1.0137557,0.4754932,0.5192869,1.1742435,0.9509533,0.7196787,0.83327985,1.2254852,1.3748006,1.6084443,2.238174,2.3764005,1.9339463,1.1195397,0.84353334,0.71870476,0.3032476,1.6416043,3.3759267,3.6557212,2.2347019,1.6283126,1.966307,2.8713562,3.1548283,3.410859,1.8640399,1.153637,1.5879166,1.7414078,1.649017,3.422497,2.2165647,0.66045564,0.37549248,0.84545016,2.3563876,3.381865,3.0842679
2.722515,2.855474,2.6159155,2.8092976,3.3581936,3.6915321,2.5951767,2.5801249,1.6009074,1.2741146,0.9182562,0.7669352,0.7690725,0.369552,0.38067764,0.68972254,1.1319737,0.85336566,0.7102892,1.259515,1.2164246,1.0750383,0.57378817,0.48997092,0.99995106,0.81166434,0.82223177,0.91540885,0.7180207,0.26917273,0.25416157,0.3130027,0.289464,0.4375168,1.184083,0.8545413,0.27484855,0.6732015,0.90043545,0.500911,0.14332661,0.106604375,0.08667026,0.09468764,0.109509595,0.42928284,0.37099433,0.17460848,0.1412591,0.35605398,0.48242775,0.3126784,0.67553806,0.8826628,1.4731795,1.887815,1.283383,1.1657431,1.4489926,2.19989,2.425336,1.2574645,2.07404,1.9607161,1.3394568,1.035397,0.5942991,0.9277811,3.0746882,2.4350922,0.661993,0.8719615,0.7885462,1.1985613,1.0532964,0.7078591,1.1267961,1.1208597,0.8455437,1.5132443,1.4445788,1.3273011,1.8539423,1.7336203,1.0789641,0.4621505,0.5730043,0.49821153,0.3134482,0.556159,0.71848506,0.7976183,0.648266,0.8778834,1.5768936,1.7057737,0.76234114,0.8661426,1.3040587,1.5382755,0.6702716,0.7727555,0.72826487,0.9104216,1.3331317,1.6641033,1.4363154,1.6565387,3.6457841,3.1076307,2.3263075,2.1479409,7.088223,4.9339905,2.2381213,2.526708,4.1904736,3.004534,1.3187358,2.5746417,2.0036368,1.9389759,1.0439436,0.9664022,1.8394681,1.1823156,1.9220027,1.5131202,1.6847651,1.4653885,0.8123578,0.44035205,1.4992489,5.380262,12.129355,4.7874446,1.6718127,1.637388,2.1429358,1.5763192,1.2791847,1.400225,0.9973562,1.4801321,1.8105743,1.221721,0.81897545,0.7607777,0.7520286,0.61495364,0.9945625,0.64069575,0.2104728,0.19789486,0.25174358,0.3407609,0.23202208,0.3107287,0.53705615,0.21312484,0.5427147,0.5800017,0.3300691,0.09343484,0.85668856,1.6799148,2.139803,2.054702,0.9908913,1.5402383,1.8323557,1.6833612,1.248286,1.3793684,2.003051,1.7217256,1.1758403,0.94495535,2.2379944,2.9049938,2.0215456,1.3839519,1.6703963,2.093629,1.948769,1.223667,0.5448189,1.030664,0.9774413,0.8582266,1.1165729,1.6856978,0.956414,1.0501299,1.2753783,1.5275499,1.3635097,2.336228,1.0781792,0.7047314,1.3260705,1.3022118,1.5242229,2.174153,1.3912128,2.6682365,2.1211545,0.5519747,2.6641989,2.4039803,1.2486314,3.807043,6.115976,6.7189236,4.8266134,4.347384,2.067393,2.0795894,2.337703,3.8036072,1.0204755,0.86695826,2.2184324,2.4296825,3.0387447,3.48036,4.6333113,2.6539347,4.302784,5.8767705,4.154191,2.2739663,2.722005,1.6465636,1.4362711,0.60808307,1.0747973,1.126102,1.6739812,1.1713442,0.84622365,1.1398308,2.2140205,3.6347044,8.867421,2.8944793,0.88309366,2.334428,3.406349,2.3513095,2.7104433,3.0189931,1.7442862,1.434022,1.0941688,0.9693061,1.7308103,2.3566794,1.9009326,2.2350264,1.3748602,1.5049299,0.8673478,0.6566418,1.05849,0.769601,0.5317372,0.53241086,0.64511913,0.62768734,0.58432734,0.6050414,0.4150288,1.234659,1.5524113,2.639713,3.27241,2.2218764,1.4523638,1.6604325,2.4169016,2.8987062,2.8836513,3.2145836,5.547269,4.93887,4.0704327,2.410386,1.1811131,2.2981212,3.3419564,2.0456884,1.3511763,1.0511123,2.2296202,2.107643,2.22586,4.142011,2.830993,1.2293197,3.4457445,5.586917,2.350846,1.5540963,2.97585,4.2505603,2.8335574,3.1042438,2.093533,3.5051458,4.407859,2.1751459,2.4548714,8.309443,4.8302984,1.9968207,3.8138027,5.5781364,6.8316107,3.0811439,2.8236446,3.5892339,11.9858265,14.419704,10.112107,7.160661,6.841599,14.483889,11.562104,3.930458
1.2047659,1.0685617,1.6997288,1.271556,0.8883647,0.7399966,1.3822249,2.6316776,2.01475,1.5522356,0.84763324,0.40882108,0.7444673,0.8747786,1.1452148,0.6503646,0.6920285,0.5210062,0.6864265,0.97009593,0.8870444,0.22864258,0.40122327,0.52129203,0.8256428,0.39511105,0.38920882,0.40550423,0.6919892,0.8349137,0.8162206,0.6721439,0.2915368,0.2670474,0.375506,0.29046136,0.20201804,0.7251404,0.70211196,0.4132253,0.19905768,0.1031824,0.059196014,0.052542683,0.07517358,0.0813629,0.12760927,0.12305547,0.31801057,0.57834166,0.44633564,0.21226336,0.2633999,0.24459304,0.32462943,0.39583948,0.420132,0.36070478,0.27035636,0.4130877,0.5331931,0.5768107,0.45528895,0.8175873,0.552766,0.47921672,0.5903523,1.0103638,2.7571511,1.9304658,0.7723001,0.5878235,1.0462488,0.76388395,0.9695252,0.76710975,1.1000497,1.0124745,0.59807557,0.7693017,0.71996546,1.1139424,1.0465283,0.35007963,0.21473977,0.2613583,0.4080394,0.6162589,0.64270014,0.7014023,0.47545016,0.7797814,0.46384984,1.1397245,1.2396221,0.6543697,0.22940892,0.7322199,0.81034994,0.67256844,0.5442976,0.81196713,2.9717348,2.9876094,0.91813225,0.27574787,0.8555721,0.50891125,0.496902,0.768346,0.6701457,0.682435,2.6891158,1.1578747,1.7512656,2.484047,1.87251,2.6686265,1.0173122,2.0743618,2.7711866,0.37053132,0.46829912,0.98120046,1.902316,0.98120564,0.95268744,0.8375744,0.72823614,0.8143143,1.4054517,1.8098071,1.2459916,1.1877446,1.4486709,1.6487157,1.4025763,0.42494908,1.4113213,0.89502454,0.388364,0.54124075,0.6444388,0.8777417,1.1943634,1.7128073,1.1702511,0.66705185,0.745972,0.7499694,0.4964951,0.2662223,0.21314006,0.21278176,0.15373042,0.16645285,0.18665516,0.24147514,0.22950159,0.1444568,0.2710532,0.4209853,0.5158199,0.2827761,0.1987815,0.21738647,0.27670315,0.42832917,0.800744,0.67882323,1.0744274,1.1709721,0.8545882,0.22676256,0.22375831,0.50291294,0.91841835,2.1788557,2.2721398,1.4830583,0.9698943,0.79912335,1.1963164,0.8486212,0.72937715,0.49895856,0.90976584,0.95272344,0.7403854,0.7538267,1.3840867,1.4452335,0.90381616,0.7491411,0.28148293,0.29937103,0.5664752,0.2846994,0.4153676,0.2278093,0.2517085,0.4532427,0.26554292,0.20192894,0.38377482,0.99196845,0.8759131,1.4043056,1.7122791,2.1058033,1.6163732,1.0804669,2.8593695,2.5911818,0.6964547,0.99793077,0.96953064,0.64750946,0.85881466,1.227765,1.2938628,1.1767025,7.032212,3.119002,3.3042994,2.8514256,1.9562777,1.4510502,2.2679446,1.859666,1.4924852,0.72326845,1.297435,2.544939,3.1001332,1.8557248,1.4094936,1.8766454,1.0951927,0.5297237,1.1878086,1.3128991,1.3410043,1.5698451,1.1579595,0.78152126,0.9891609,1.2010837,1.3030094,0.88677645,0.5369201,0.70517826,0.9044825,0.5494509,0.96518064,1.5579135,1.3202616,1.1132016,1.3011519,1.025249,0.5424706,0.5035501,0.5694587,0.5569658,0.30287042,0.32740676,0.17122115,0.27428854,0.42607972,0.6139535,0.77218544,0.5525084,0.5087936,0.8537396,0.5101464,0.50882864,1.5604944,1.4072217,0.8317509,1.1925057,1.9788605,1.524748,0.79884505,0.36579424,0.6606618,1.3396623,0.8370519,0.5463632,0.8343986,1.1110927,1.0339196,2.2452433,2.9690464,1.3476505,1.5439796,1.4420449,1.6512941,2.0849888,1.8928629,0.61441,0.7229655,1.0491781,1.3819665,1.3120755,1.6429065,1.3010164,0.48513594,1.3054274,1.2045875,0.74903834,1.1418356,1.012274,1.5360523,2.5568583,1.3581883,0.88242966,1.4760014,1.1234825,1.0686103,2.0930378,2.1780334,1.1827927,2.2678864,1.0744721,1.0021981,1.7323302,0.61008614,1.0199336,0.7838404,1.1544315
0.5912568,0.5123014,3.5872202,5.518688,2.612456,3.1625092,2.1790597,1.0693719,1.4162862,0.7523084,0.557626,0.2351101,0.8799785,0.6342628,0.6171567,1.0183519,1.1005404,0.53581023,0.62896925,1.2232513,0.5394847,0.5271852,1.141252,1.266154,1.804163,1.3389802,0.6532741,0.81906474,0.82218856,0.7299599,0.3680993,0.66106665,0.8883771,0.5960539,0.65946364,0.6724894,0.43167254,0.42283252,0.5218374,0.39008236,0.1424672,0.04145664,0.09379987,0.1348057,0.09894932,0.180586,0.21229082,0.40873602,0.58846325,0.5126087,0.5315831,0.3906814,0.3850111,0.47030455,1.2212709,1.5065176,1.9159243,2.0143704,1.7909824,1.9665837,1.4941791,0.9467944,0.8271805,0.66356206,0.6033361,0.75358635,0.77633923,1.9026078,2.470918,0.53578573,0.45192295,1.0192546,0.5785237,1.3061067,2.0007582,1.1532451,0.505797,1.2937368,1.5800782,1.9296907,1.4376457,1.6062859,1.387974,1.4715577,1.8510324,1.5824218,1.3426181,1.3614707,1.2008088,0.6999299,0.3051108,1.4022602,2.3467383,1.6190741,2.0981052,2.9787643,2.559654,2.7640882,2.5722766,2.1231217,1.7042507,1.8630073,3.4520981,2.8278725,1.2106906,1.7447156,1.4191363,1.6276417,1.8032644,1.2331685,6.3443966,5.427743,5.5348897,6.2733345,5.4074187,4.3574996,3.5621254,4.2634473,3.6489213,1.2414305,1.0784789,1.652828,1.9014826,0.8886961,0.64706093,0.61639374,1.0656767,1.9806588,1.4068092,0.48832512,0.8342629,1.4606525,2.2970834,3.7447636,3.2484019,2.2715142,1.5796809,1.4465363,2.1460335,1.5152789,0.37849808,0.56706196,1.0937763,2.3132427,2.1369853,1.8864781,1.5080854,0.73742896,0.8570238,1.2963655,0.8040013,0.37262675,0.43766406,0.5838819,0.48188496,0.46781,0.5212552,0.7778396,0.617833,0.835475,0.7333884,0.46742582,0.5675735,1.0607166,1.3475345,1.3543042,1.3446549,1.0592948,0.9707332,1.080611,1.3737067,1.2763009,2.1144423,2.2377527,1.8868686,0.9936436,1.1604322,1.4791256,3.5262415,4.025039,1.7561809,1.4047967,0.9873872,1.6283035,1.8637222,1.5564697,1.6950922,2.0807931,2.174542,3.3304362,3.583534,2.2436824,1.8165251,1.3428419,1.7397367,1.1840783,0.65965104,1.5615423,2.1142821,3.5030007,3.2605195,2.4433553,1.3421278,1.6187491,2.5965285,1.5197635,1.7441585,1.6527065,2.6206176,2.0452414,2.6538634,1.312337,3.1781807,3.4623458,2.3562393,1.7295501,2.6650023,2.090569,2.493893,1.5090718,10.732233,10.297246,11.841507,10.134145,16.007614,8.097451,5.4825606,3.5232701,3.058587,1.6593999,1.2455724,3.5986333,2.7216785,1.5301825,1.9091833,1.976439,1.7044915,1.6546346,0.89244217,0.72238195,1.4031445,0.9550187,1.6382247,3.4384658,2.4946563,1.3465372,1.6307076,1.7396244,4.20412,4.1994896,3.9358091,3.6128821,6.4319386,14.233836,13.078328,7.258591,11.091233,10.39848,7.551762,10.587668,5.298241,3.8044794,2.6864595,2.6633136,2.3212914,2.7559764,3.083944,4.019832,3.5524702,3.7142894,3.868085,5.2684107,5.7878675,5.9632273,3.9266672,5.2881813,10.906351,11.379488,11.24527,8.544812,9.796922,12.941594,9.89005,5.994346,6.307723,4.3123064,4.478906,6.361411,8.5817795,5.0498886,3.3402727,3.2143936,2.1911623,1.9879944,2.8083842,4.5710874,6.833978,7.892954,4.8974304,2.71642,3.390234,3.0753226,3.1650374,3.717197,4.1467547,5.919174,6.83462,11.748322,9.932359,6.0558195,4.9912677,2.989924,2.5216062,3.5779684,5.169136,6.9329057,8.09883,6.7930694,5.052009,7.115087,6.4405317,9.802898,21.719334,19.041025,18.085842,18.4619,34.322643,24.52646,12.723532,10.699459
1.1143372,0.957568,1.1763382,2.1164055,3.6835816,4.231276,2.9271736,2.642228,2.851194,1.5251437,0.51767,0.8929597,1.137419,1.022311,0.8193926,1.8777131,1.1299486,1.8336054,1.4192828,1.2296829,0.50374335,0.81640506,1.5787908,1.0015244,1.4387834,0.9802089,1.2455581,1.195476,0.53367704,0.897134,1.3360469,1.1626695,0.40766948,0.32877466,0.6443357,0.42383614,0.22982429,0.47274837,0.52909607,0.20563547,0.09783176,0.18714881,0.13283937,0.14928314,0.15118666,0.10183532,0.1245472,0.15975422,0.40456825,0.5942079,0.5361175,0.47002763,0.5484114,0.7368678,1.7217641,2.2750518,2.121557,1.4218782,1.1055084,0.75530696,0.7865315,0.79815346,2.5485163,2.0263472,1.3774208,0.89799494,1.0744294,1.9791496,2.3911018,1.5041105,0.7415246,1.3379289,1.030103,0.66169155,0.84293205,0.748977,0.7158968,1.2240516,0.7650975,1.0080292,0.5668433,0.89691085,1.8297695,1.3344704,0.8005449,1.0313451,1.4333402,1.5278432,1.7771585,1.0203205,1.254656,1.1128399,0.371674,0.21207815,0.7388716,1.519081,1.3935474,1.1310704,1.1836544,0.9107858,0.5274877,0.40767178,1.6607242,1.5011662,0.87835914,1.0381523,1.4628456,1.1814471,0.58695143,0.41555077,1.0047778,1.0023266,5.48513,3.4089103,2.5902834,2.4441473,1.5077668,2.3919125,0.80941767,0.9519727,1.8025756,2.3917348,1.1260693,1.3072369,1.1819462,0.50894994,0.5277,1.2309792,0.88553566,0.35579768,0.52555144,0.9844423,1.0056081,0.7001114,1.3653316,0.5634734,1.2549809,1.3082404,0.7609549,1.0210392,1.4820787,1.19295,0.7706896,0.8142735,1.2328925,0.9756015,0.74973506,0.6645983,0.56115186,0.7848397,0.39256957,0.24973239,0.24968208,0.16966255,0.2605424,0.32714915,0.30752674,0.5413536,0.7569912,0.4533551,0.36432466,0.18698014,0.19801442,0.38281217,0.43672717,0.7336003,0.45369637,0.35009533,1.6978443,0.6369264,0.7813712,0.74282557,0.98626107,1.2389505,1.113075,1.0642737,0.47822967,0.6294013,1.4590409,1.0521286,0.6056875,1.5231464,2.130158,1.2711049,1.2761872,1.7917298,0.61254656,1.0283356,1.1080621,0.8723616,1.2394828,0.96807325,1.1426265,0.68848103,0.7921488,0.85498095,1.2483498,0.7650812,0.559994,1.5672884,1.2605119,1.1872028,0.95925,1.5992675,2.0171874,1.2445012,1.0462109,1.5108967,2.183126,2.2009828,1.9173585,2.495658,3.732489,2.435134,2.9883788,2.347246,2.5550368,3.173985,2.1498342,2.823729,1.7300695,1.0505184,4.667178,4.1290545,3.2682555,2.8149958,2.6810193,3.6337855,3.1429772,1.8712198,1.4363211,2.154442,1.5363725,1.5830095,1.381517,0.40894544,1.0377002,0.98333436,2.185575,1.0435264,0.69577837,1.8589938,1.88398,2.671377,2.2719781,1.1927452,1.2406157,1.7170187,2.562845,2.1093285,1.4034536,1.6710619,0.63356584,0.80159336,1.9068855,1.5781336,1.3254558,0.6073476,0.3605483,0.5887118,0.7233686,0.6526321,0.41110054,0.25996098,0.23278679,0.23242667,0.50887007,0.46413085,0.71651953,1.0844041,0.6877539,0.8880619,0.62427175,1.052359,0.4229347,0.422903,1.2269292,1.2950268,1.9309943,0.9418259,1.962605,2.1969779,0.49410242,1.1945034,2.3013017,2.4652514,3.6203084,3.0521262,2.70621,1.3373027,2.0474296,1.8607247,1.1781607,2.52088,4.364992,2.6273346,0.83573246,0.48979723,0.2516505,0.32304513,0.6658304,0.78567433,0.7209044,1.1101809,2.8002956,1.642115,1.1751521,0.88951826,1.8768994,1.7312825,4.360196,3.4288766,0.86925167,0.7790195,2.0698051,1.9893267,3.0825622,4.9704356,3.8841383,2.6111846,5.5543537,7.542132,5.171556,1.6675961,2.93564,3.059458,3.9876993,5.155861,2.8600962,4.458253
1.7415512,1.3447725,4.240021,7.2139196,4.7506123,2.7912726,1.1844376,1.331162,1.130364,1.2080967,1.1471686,0.8780736,1.8508434,2.1689055,1.349444,1.2782992,1.521232,1.4558283,1.2819678,1.1458803,1.5162804,2.0166478,1.9270632,3.363752,4.569778,2.5358176,2.1387732,3.2422023,2.9097424,1.6168151,0.82804966,0.7698647,0.98646784,0.6861699,1.4397261,1.0518343,0.6156071,0.8543972,0.6249317,0.48865837,0.29181165,0.2305452,0.22010472,0.1543573,0.090607986,0.18132491,0.3023369,0.39731103,0.42464402,0.6016316,0.49628735,0.59225607,0.48439464,0.6400542,1.2427117,1.0120935,1.8486035,2.380312,1.7948594,0.518516,0.40014017,1.541714,1.2074329,0.5827121,0.5920365,0.91367555,0.79413307,1.1662997,3.044372,2.1889846,1.2036155,1.7494749,1.1772901,0.9593157,1.0378426,0.8176456,1.0063515,0.8876585,0.55998605,0.7643381,0.7727088,0.8623853,1.7692972,1.483536,1.5864681,2.535504,1.8259132,1.0417361,1.0882542,1.2501824,1.1148882,0.5246947,0.81030285,2.0974612,1.6108671,1.1868308,2.4150307,2.1915991,1.2477183,0.94385225,1.695688,2.0766618,2.8595958,2.029278,2.5405521,2.285033,1.6549708,1.4960585,1.8589104,2.7496116,1.2541252,1.3445134,4.461343,2.997672,3.3697653,5.3571925,4.6619015,2.064645,1.9297304,1.8635591,2.5874865,2.2216997,1.330375,1.4365546,1.1164061,1.1879524,0.84310734,0.47763208,0.29185686,1.1641793,1.8663977,2.5719366,1.6569301,2.4767983,3.5331643,2.7321239,2.6559367,1.3085606,1.4635382,1.8665044,1.6909947,1.3347944,0.74457455,1.5215898,1.7782661,1.1296539,0.53829235,0.44327608,0.6260376,0.49233237,0.6696419,0.3379093,0.18353622,0.40521568,0.21593517,0.20196597,0.61147803,1.0133258,1.1224631,1.316142,1.4522415,0.57947695,0.41090083,0.42739815,0.83418334,1.280453,2.128708,1.7931145,0.82301635,0.6653213,0.55171794,0.674882,0.9944987,0.8008733,0.70706457,2.3120446,3.548117,3.1428788,2.1689363,2.0381882,1.2458065,0.9413509,1.0492101,1.8795756,2.6633697,3.3682613,2.1088061,1.2316812,1.3921783,0.8709383,1.4098895,2.246748,3.2159812,1.6858459,2.2063646,2.7870982,2.3010514,1.3135563,1.4309075,1.0339072,3.7242944,4.9981847,3.3235347,5.70198,5.713685,2.6020472,1.7389597,3.781681,5.4501286,4.937058,3.4539974,2.290309,2.4410276,1.804904,3.148806,3.7366664,3.6342607,2.284718,1.9438287,1.72067,0.7657162,0.9021205,3.0663695,1.4078587,1.3123171,2.921818,5.1546206,3.6525323,1.4614978,0.9241715,1.2970128,1.3540667,2.0185406,1.9838978,1.5037491,2.259468,0.71065277,0.28202513,0.36814713,0.58515644,1.2601992,2.4844327,4.444019,9.352618,8.200773,3.733609,1.3938202,1.3928447,2.1104836,2.7020442,2.0766878,1.6509941,1.135985,1.0290773,2.755754,1.7023294,1.8089439,1.4586438,0.85911995,1.2079775,1.2708815,0.5432919,0.24500057,0.19473027,0.13948293,0.29702568,0.51862115,0.60070854,1.3814446,2.4970937,1.9697824,0.559046,0.7908953,1.3717347,2.012432,2.1707811,2.3231723,1.5767845,1.3530362,0.38726762,0.6922516,2.932075,3.7705574,1.6419269,1.0251834,2.7266116,5.4423857,8.242693,10.197026,5.311232,1.4194156,1.6312653,2.4590435,5.7227783,10.537257,8.99753,3.139028,1.9554774,0.41176322,0.5923508,2.610049,7.3076777,7.0085087,6.128546,5.113942,3.7349637,4.4379597,4.752824,3.04625,0.97320306,2.231936,2.4501042,2.2496517,2.946513,5.6443896,7.680721,8.046316,3.5565388,3.0578032,4.3817563,3.8063815,1.6175785,1.0686587,0.93490225,2.7602437,4.717066,3.7751055,2.3690908,3.4209163,5.7830153
0.88511014,1.2324046,4.0908637,1.8756526,2.652118,3.7655659,2.1628976,1.7852191,2.711433,2.145842,1.2029374,0.85339147,0.7747956,0.43217188,0.4855351,0.9012803,2.1032944,1.9187294,3.024967,2.1441615,2.033118,1.3902822,2.3892472,6.342958,10.903242,6.1575665,3.3324866,2.2796075,0.8154519,0.13687502,0.95754176,1.5787659,0.760737,0.35084438,0.9653057,1.0815951,0.611399,1.1279458,1.0626198,0.6973398,0.24948029,0.17244531,0.17173055,0.15095535,0.14054003,0.25356716,0.4213258,0.38103536,0.6253383,1.2057828,0.59765476,0.45126626,0.4355927,0.45403752,0.4778275,0.992631,0.5730321,0.7424005,1.1995202,1.003248,0.8960371,1.3278581,1.5171503,1.1301789,1.1140004,0.43520838,0.5808043,0.94435984,0.72975725,1.2588685,1.3138494,1.527891,1.1340771,1.8656112,1.6941094,0.8042238,0.95910686,1.1330886,0.7155002,0.35278267,1.4374245,2.2524621,2.4489088,2.1970556,1.0192778,0.6864107,0.6763746,0.75437886,0.358022,1.1619972,0.8000925,0.82340574,0.7911316,0.6344513,0.7667281,1.3961992,0.52465904,1.027086,1.3940587,2.0498557,1.1773291,1.8147072,2.0815701,1.7316252,0.6380565,0.52321047,0.6529961,1.3248624,0.9322233,0.9108601,0.81268543,0.6990971,5.0041842,1.8783361,1.4417987,2.3167496,1.5496808,1.0533229,2.5998626,2.0643919,0.8537475,1.5848393,1.4896125,1.3549715,1.429133,1.1540604,1.0574542,0.5724207,1.1296369,0.80221075,1.0358195,2.8445864,2.9819427,1.7229081,4.878193,2.5148513,1.140901,0.9056623,0.4159584,1.1030581,0.80333126,0.7758763,1.1436968,0.47037652,0.9482923,1.3454663,1.7009354,0.9610246,0.41732368,0.89699966,0.8491926,0.19155611,0.09612055,0.15212873,0.13620387,0.13378438,0.2718002,0.13557397,0.120620534,0.110332504,0.29959273,0.25517103,0.20556338,0.09303888,0.17564681,0.20029014,0.31542608,0.45017946,1.0201285,0.8816306,0.54561245,0.4044237,0.8476951,0.91288495,1.0845333,1.5622314,0.71671015,0.7792634,1.5913304,1.6362616,0.76172984,0.70667934,1.2593238,1.4172856,1.4175774,0.76458836,1.0798118,0.5801499,1.0156231,1.4717917,0.8693737,1.5309734,1.8261702,0.52319413,0.3320825,0.50897264,0.8690372,0.62751955,0.79949474,1.0064517,0.8097629,0.6594111,0.51329273,0.48155642,0.7188436,0.42034656,0.6605716,0.7338642,0.9393497,1.3999252,0.610445,1.4278538,2.0585718,1.5809393,1.495321,1.482301,1.190072,0.74382097,0.76149344,1.0953771,1.1101689,0.7210841,2.9793842,3.4466684,2.8686671,2.3148992,2.4598029,3.4222229,1.6371895,2.3172257,1.6598631,1.6932054,0.9837242,0.70326954,0.67431337,1.0489209,1.305261,2.827886,2.3476903,0.69186485,0.3926443,1.1572013,1.8692237,1.9122646,1.0883957,1.6019247,1.3924782,2.0171137,3.5837297,2.103591,1.4618464,1.6946361,0.9625089,0.5672945,1.3631707,1.2602428,1.3884188,1.1123215,0.5917924,0.6960203,0.9356072,0.7592066,0.40692282,0.25757876,0.053970236,0.19382328,0.20367804,0.38965225,0.6377871,1.2607348,1.5625675,0.7419024,0.44776568,0.35358742,0.8581167,1.2057321,1.5982205,0.44134974,0.9485693,0.8939613,0.85391617,0.29308763,0.6009919,0.6472822,0.79498106,0.49249348,0.94867194,0.5154724,0.91864777,1.1753409,0.9278419,1.7579263,0.8462168,1.0425168,0.4070293,1.6408693,1.7504537,0.86278486,0.74758345,1.1506068,1.3629086,1.4308118,0.76962847,0.68902826,0.64191735,0.90780854,0.91986066,0.59116614,0.46585104,0.806457,1.0192254,1.0090477,0.6540939,0.685399,0.7936208,0.578618,0.60939366,0.8737267,0.7907078,1.8759787,1.2924255,0.9489435,1.0453163,1.3149042,0.9972653,1.1013874,1.9616114,2.443292,1.362021,0.69417226
2.0809426,2.32024,5.802332,4.110849,3.7040493,2.5648909,2.1578298,2.054698,1.3115288,0.8215442,1.4214271,2.2272167,1.4929109,1.8943624,1.248832,1.3872838,1.1543578,1.4386489,1.45312,1.0143845,0.63743836,0.64408404,0.80224115,1.5046729,1.4236877,1.2470226,0.98845017,0.8623033,0.46805775,0.33887315,0.43625003,0.53312963,0.54354376,0.6130462,0.52730846,0.34340152,0.31601208,0.3256678,0.35935324,0.23680593,0.1152506,0.086698286,0.057014007,0.03360669,0.07913591,0.13419901,0.13491255,0.20777346,0.58131814,0.7288805,0.33012146,0.275643,0.47872168,0.6609141,0.8166484,0.7890325,0.7596176,0.82052386,1.0631514,0.7286892,0.79051334,0.87558943,0.62999016,0.5590134,0.6756624,0.7137025,0.7496235,0.94567686,1.5373229,1.1805673,1.0079778,1.5021526,1.2194356,0.5828919,0.7796146,1.1350495,0.9090388,0.9047138,0.87197524,0.7913934,0.9217185,1.1850358,1.0816746,0.71625304,0.68828136,0.729664,0.59130496,0.43817616,0.61383504,0.6975367,0.8126028,0.81428164,1.0983851,1.0903856,1.257585,1.4063597,1.0924972,1.2760309,1.3811313,0.78130853,0.7654636,1.022837,2.1787558,2.2473435,1.2911286,1.0945573,1.075059,1.0915856,1.4291649,1.1376644,1.9208802,1.79382,4.027077,1.7795144,2.5516498,2.5289652,2.631025,2.5470388,3.1906724,2.2155359,1.9783127,2.3165808,2.2027612,2.3012013,2.3863893,1.8714918,1.3684382,1.2574024,1.3429102,1.1163112,1.0073574,1.0337592,1.0375817,1.4033273,1.3833874,1.1233304,1.2403505,1.5936685,1.4029907,1.4608196,1.6353215,1.5928261,1.3424633,1.2954043,1.2987714,1.9893358,2.5493882,2.5017853,1.6187849,1.411508,1.1253484,0.69552624,0.4099445,0.26952294,0.36899245,0.48169476,0.44067302,0.6826272,0.7367539,0.7823907,1.2720404,1.5938106,1.0970303,0.9778086,1.3042154,1.4061928,1.1094878,1.2596289,1.1033098,1.2306424,1.0648187,1.3067445,2.4213033,1.9007906,1.5467217,1.3884978,1.3173811,1.010551,0.7287631,1.7161478,2.7871091,2.133477,1.9925896,1.7782336,2.1049464,2.4411438,1.9810109,1.8624471,1.4941344,2.0431945,2.5405443,1.9133433,1.7370731,1.0945604,1.468792,1.6217457,1.9019673,2.3502874,2.1040847,1.8502069,1.9887333,2.9836004,2.920665,2.058355,1.5207661,1.9935434,3.5867314,2.7753625,2.17454,1.8208766,2.0991693,2.2013953,2.2140958,2.127037,2.7515445,3.1195831,2.9094164,2.334556,1.5291041,2.4024122,1.0520475,0.9823256,2.3561547,1.6508068,1.2545793,0.67829645,0.627088,0.7357841,1.0093122,0.96546715,0.6704549,0.569677,0.6760689,0.5837355,0.9290173,0.5913938,0.46865112,0.6136056,0.3960761,0.59680253,0.6530258,0.6675231,0.6619408,0.49010095,0.35245997,0.4161158,0.3784851,0.7675749,0.9184767,0.4637144,0.5302046,0.58368385,0.52193785,0.48769015,0.65152514,0.40995914,0.4122942,0.39709193,0.2711898,0.21751417,0.19724795,0.21499582,0.23849992,0.24231474,0.35603836,0.23669684,0.14897454,0.19446686,0.23894686,0.32878804,0.13617148,0.1797596,0.23768133,0.29524937,0.26698136,0.2657823,0.22194472,0.13180688,0.1768454,0.12675153,0.12613495,0.15566391,0.1612226,0.11980045,0.1344064,0.20096351,0.20209502,0.15412489,0.20934848,0.1627694,0.082788795,0.13709953,0.1529959,0.14287914,0.10685404,0.10051472,0.14639066,0.13800886,0.18032461,0.20018245,0.16946301,0.18687548,0.06324897,0.062003046,0.09677564,0.13984796,0.1068221,0.091239676,0.10264643,0.11565718,0.11757208,0.10990164,0.18450859,0.13980502,0.15949199,0.16334924,0.12862152,0.11783981,0.116892785,0.11095398,0.1558768,0.15066986,0.15685312,0.16943517,0.11853674,0.083468184,0.11700747,0.13519283,0.18181077,0.13480607
2.6045794,2.573127,7.872347,4.9478574,2.631665,1.6390474,2.0036402,2.2952456,0.7041219,0.52554494,0.67716825,1.4207778,1.0629946,0.8364197,1.0210441,1.1684308,1.1799597,0.7698245,1.225248,1.3595449,0.5403906,0.852976,1.3448629,2.550159,2.386997,1.7988327,0.85530615,0.5259402,0.67992604,0.93310946,1.4103609,1.9448298,1.1024469,0.90229625,0.8603762,0.30962753,0.19955564,0.48583597,0.5141691,0.19099453,0.04319342,0.04526621,0.051104814,0.031023918,0.067920215,0.093783386,0.06582271,0.081781276,0.17437038,0.2375853,0.4616531,0.84941256,0.9632427,0.37066075,0.28988373,0.3976839,0.421321,0.31930262,0.80488384,0.8777665,0.666721,0.94260436,0.507369,0.56442165,1.1079574,1.1121331,0.821199,0.53185385,0.6958667,0.58165914,0.9093657,1.5068634,0.825412,0.5559774,0.8036899,1.1660438,0.7815407,0.4604234,0.6795184,0.8788069,0.6972366,0.79490465,1.0581334,0.92400134,0.937383,0.67014694,0.46161237,0.30220404,0.32756534,0.40094322,0.41340747,0.52354276,0.8660253,0.88520825,1.0423118,0.8018574,0.44434696,0.9291467,1.4976993,1.4526561,1.4382643,1.9556038,2.4746742,1.8427569,0.6487016,0.79407567,0.42301446,1.0426589,1.5207365,0.66169953,2.9879196,2.7349982,4.3755107,4.590925,2.4734943,1.7951722,2.0356057,2.8334377,2.0253534,1.03895,1.6843168,1.5860521,0.85811514,0.947618,1.8337502,1.4159247,1.1639003,0.79552585,0.54168504,0.57164747,0.55745584,1.1808295,1.740465,1.664446,2.137328,2.2043998,2.3782659,2.5766604,3.235556,3.113896,2.2323847,1.2179413,1.2404233,1.5804636,1.1672049,1.0617902,2.0863442,1.6318421,0.74219644,1.4507896,0.81810755,0.5875531,0.25673157,0.13797048,0.15785676,0.19791256,0.35800454,0.46309063,0.7116119,0.8736072,0.65101135,0.87009865,1.7665682,1.2886316,0.6360372,1.2999153,1.9807081,1.6535889,0.6439721,1.0605812,1.1858381,0.62494123,0.6347842,0.44226664,1.0477628,1.4801688,1.3540866,1.3756514,0.8919726,1.2409645,1.8749717,1.5693467,2.0623424,3.4195962,2.960904,1.6410536,1.9745836,2.4670868,4.6833954,2.8390653,0.73923546,1.1780627,1.2910173,1.0829359,1.8093998,1.3005729,2.203282,2.0849512,1.0164608,1.4791198,1.8079516,1.455697,0.8821988,1.0139939,2.2491708,2.3150907,2.3591516,0.7935173,0.29129025,2.3194628,2.547495,2.364094,2.095195,1.3496546,1.0160265,2.045961,2.544481,1.4234881,2.3434484,2.19109,2.4389708,2.112361,1.188412,2.012208,1.255338,0.71698403,0.84041655,1.6439264,1.3269352,0.38259065,0.23084767,0.21691789,0.5269932,0.9828934,0.9982153,0.56686395,0.39560476,0.47521743,0.55392873,0.49335605,0.5374603,0.59209335,0.497808,0.57417554,0.62362796,0.70956105,0.8880357,0.56902647,0.14556459,0.14739272,0.32917753,0.503103,0.38355854,0.6532903,0.54177636,0.30039352,0.4635197,0.45513335,0.37982893,0.21329367,0.152259,0.1665315,0.09848177,0.13134342,0.30038163,0.28772944,0.2216028,0.14661203,0.19133405,0.4834224,0.2211868,0.09154104,0.123724505,0.17198457,0.27195972,0.394216,0.26719362,0.1339995,0.18502747,0.18215814,0.13133633,0.1016799,0.13266851,0.10096866,0.08138993,0.10029045,0.12744562,0.25228655,0.19973004,0.0969679,0.082673565,0.13613838,0.2988057,0.41949052,0.28359273,0.28581932,0.12962867,0.056317326,0.05752721,0.06704717,0.10311553,0.14313008,0.1338998,0.06994841,0.083993286,0.25300837,0.25635794,0.17396136,0.07674565,0.12442597,0.12579507,0.06654361,0.14678271,0.18192916,0.15306802,0.12960689,0.17617781,0.26202166,0.27353778,0.13108951,0.09331949,0.1658193,0.117219485,0.17272823,0.18601653,0.07906554,0.11004555,0.13005127,0.19383371,0.13193826
1.4885026,1.4434156,13.856196,16.860668,6.1457863,2.3510332,3.7447824,2.6699936,2.0862155,0.83756155,0.7543614,1.3089828,1.4964218,1.7855242,0.629604,0.9568815,1.0420775,0.9114983,0.80695283,0.56931806,1.5899384,1.45962,0.44634342,0.67807835,1.0994984,1.5567362,0.93308014,0.2830899,0.69511855,0.6851989,0.9253419,0.80919117,0.656407,0.40570435,0.39192328,0.23422678,0.4565565,0.65066606,0.28749585,0.39505455,0.16423394,0.054055765,0.059601218,0.052150168,0.08765125,0.13072737,0.24071872,0.25031936,0.5243506,1.1183141,0.71453243,0.5491006,0.6257898,0.863911,0.7101523,0.4467874,0.43096617,0.5646056,0.702188,0.7240383,1.2986356,1.3067535,0.83817333,0.6433228,0.8044205,0.5924587,0.46978664,0.6336584,1.6578892,0.57474136,0.8709681,1.6144317,1.0720772,1.4768853,1.9504184,1.0784932,0.416558,0.5241607,0.61240506,1.5201961,1.9752743,1.4601103,1.8152148,0.7996101,0.70464045,1.156654,0.795503,0.6998673,0.91846657,0.82173723,0.48459566,0.67553186,0.40189147,0.9686681,2.0446992,1.5998102,0.9477408,0.4770941,0.53466547,0.62984693,0.7448205,1.0962207,1.132512,1.2398617,0.7122622,0.59623873,0.92940366,1.0950538,1.7621903,1.6639366,3.0219853,2.4924612,7.19114,5.679973,2.9656124,1.404622,1.0138053,1.1679705,2.1892471,2.7417963,1.8851131,2.2526438,1.5983843,1.2217423,2.1556125,1.4660158,1.7027453,1.5623726,1.0036483,0.9681048,1.0379381,0.926076,1.2179989,0.7346185,0.9359875,0.88950694,1.1660315,1.5513759,1.2708812,1.0970424,1.0748974,1.014815,1.4260573,1.2252257,1.5929395,2.4854581,3.1810417,3.1877844,1.2638496,0.79137063,1.544406,0.7915756,0.23907198,0.38010728,0.8513874,0.66581196,0.43074825,0.5944988,0.53938556,1.3340169,0.8255815,1.545656,1.4142543,1.6676687,0.81560075,0.6413937,0.6837309,0.5152806,0.5455141,0.75246423,1.3744491,1.7145917,1.7393483,2.6369061,2.0204685,2.6824467,1.3629673,0.9472025,0.620751,0.9271555,1.4313867,3.1668231,3.3083978,3.837475,2.18473,0.9646912,1.1173983,1.4123306,2.2257261,2.2067094,1.9389334,2.1137655,1.9141213,1.7486475,2.692617,2.4838755,3.8539724,4.67166,1.2694223,1.9380572,1.3946869,1.4335287,1.6861774,2.3573527,3.004459,3.813468,3.771172,3.8805647,2.7456553,0.7450629,1.8610846,2.9433198,2.3124242,2.6769893,2.1544526,2.4505744,2.3446765,3.1048162,2.411857,1.4173862,0.6967417,0.40162626,3.9197254,1.9931946,0.80384797,0.386519,0.6286761,0.78378373,0.9816572,0.9240521,0.24643643,0.428866,0.5117239,0.45191333,0.73420566,0.3343398,0.4000885,0.7877273,0.3151259,0.26357538,0.45693293,0.29866835,0.43878004,0.59091914,0.3607415,0.639159,0.4412919,0.84963095,0.8711802,0.421045,0.6564242,0.6426693,0.35057095,0.29468223,0.73779815,0.5230014,0.17863268,0.6381127,0.52570194,0.34530094,0.24591671,0.1977088,0.18970598,0.19216755,0.19851862,0.20148271,0.28934166,0.30422917,0.17640045,0.11767089,0.06690184,0.049888447,0.18928042,0.35714537,0.2496161,0.26188,0.17817621,0.13453616,0.14045177,0.19950186,0.21040162,0.28038198,0.16754735,0.10031982,0.08489186,0.23474015,0.31352872,0.2165877,0.36386433,0.2857957,0.13715439,0.2775009,0.21160302,0.23663148,0.16651954,0.13592318,0.16296792,0.13685466,0.13171147,0.12669143,0.20733175,0.2025579,0.07139632,0.025858171,0.13386358,0.25859872,0.29764196,0.51226497,0.22621836,0.17731443,0.25433245,0.061492324,0.07045017,0.10694431,0.258094,0.1411965,0.07497642,0.23274212,0.4226944,0.23694253,0.22769962,0.09217817,0.26290435,0.28470746,0.32078934,0.17183593,0.116996326,0.043808665,0.11138337,0.15286665
3.6940978,3.0634468,6.058732,16.932476,15.006991,6.8036985,3.239718,2.6654952,1.2074056,1.0530764,1.5452366,1.1141088,0.53537625,0.7194372,0.6627871,1.0093932,0.5053452,0.72139835,0.7005332,0.3715687,0.4374506,0.46412587,0.8946183,3.1858096,2.416615,1.9034534,1.3471602,0.5642411,0.50247884,0.2729514,0.31984508,0.7495123,0.9864634,0.71565694,0.41786385,0.44258255,0.5351568,0.5145852,0.29544008,0.11420929,0.08791244,0.07232254,0.04112611,0.012884215,0.026362965,0.07059549,0.1709143,0.22137964,0.29087707,0.5004468,0.2832353,0.18322733,0.37345228,1.0342319,0.6931249,0.3537194,0.38597265,0.5071804,0.4824164,0.4336014,0.786727,1.5217762,0.89148456,0.7227755,1.0591462,1.1793234,0.6510209,0.45176855,1.0427197,0.99425304,0.48357353,0.47551414,0.90926,1.1552389,0.6071112,0.84865254,0.7336208,1.8438442,1.5074337,0.6694483,0.73574954,0.47297662,0.7210378,0.5640525,0.36808014,0.76836234,0.8268364,0.5446074,0.7254014,0.8289652,0.8483831,0.77411693,1.1462607,1.3335698,0.89710844,1.1273526,0.9868211,0.6766827,0.629054,0.7327282,0.9199758,1.4701115,2.4451103,1.6980461,0.26366243,1.0076127,1.2731105,0.83881855,0.72756344,0.81471336,1.6700889,1.866097,11.763914,3.9883177,4.079416,2.9527044,1.437155,2.446895,2.9157543,2.2728405,1.4239532,1.8813856,1.7405441,1.5808643,2.8451214,1.8932488,1.0040693,1.6361319,2.2295356,1.7302717,1.0391172,1.1745957,1.6453558,1.1754867,0.5399541,0.3701151,1.6580852,1.2301763,0.652279,0.7464721,1.1120901,2.2846599,2.0492723,2.059352,1.1484886,2.218653,2.5129504,2.045941,2.1874454,1.1727133,0.32857406,0.18783595,0.20826502,0.084201865,0.1513691,0.22648919,0.20077635,0.23294783,0.5848446,0.90554994,1.4055439,1.0998865,1.3483759,1.5869472,1.5635371,1.9953395,2.6843176,1.0981374,0.7878663,1.2884419,1.3643821,1.9380274,2.7222862,1.8667485,1.0482056,1.5897522,1.469587,0.6047758,0.9988834,1.4809425,2.2079873,1.1267661,0.61759996,0.9251509,1.5980616,1.9761021,1.917718,0.68061644,1.0164858,1.5786927,1.540265,1.2945497,1.2521621,2.0063066,2.4686542,2.3719385,2.2175565,1.2164127,1.1575902,2.078342,1.3821119,1.0830517,2.1589358,1.6308314,2.0387106,3.1193447,5.7659583,5.627535,3.047169,2.5770326,3.1114352,2.996934,1.5240695,2.7561407,3.126404,2.1610408,2.0572379,1.4506934,0.5053942,3.129175,0.49632478,0.551466,1.6338115,2.3890443,1.27566,0.6709704,1.3662627,1.8480688,1.0933838,1.3725587,0.6680723,0.2509258,0.4077233,0.35970047,0.6986111,0.8627557,0.37630597,0.3262127,0.5958288,0.78502965,0.5066404,0.3998564,1.121458,0.53309757,0.59743124,0.4958194,0.64929557,1.3279712,0.629382,0.25330552,0.56885785,0.48077255,0.48235,0.7278637,0.47148255,0.3322358,0.7720151,0.5159005,0.793509,0.68227154,0.25449958,0.3202556,0.28796965,0.15264933,0.19283158,0.26414004,0.18401736,0.13340172,0.06691395,0.23250495,0.25379652,0.18595624,0.16921961,0.23054664,0.05906368,0.21224965,0.14274226,0.12153913,0.14291885,0.18628496,0.15818466,0.13791664,0.13821872,0.08847143,0.03858585,0.09982227,0.19183339,0.17596102,0.14403622,0.2028055,0.095888495,0.1535588,0.27463403,0.33486164,0.28969526,0.19725578,0.18673055,0.18740158,0.15599044,0.08943664,0.117719844,0.22487107,0.101117544,0.09509863,0.0951967,0.08986033,0.079423085,0.18920034,0.17106001,0.12863445,0.1440455,0.17508774,0.11587519,0.15737654,0.2120664,0.17451623,0.1335339,0.20103598,0.24619246,0.27242666,0.1855084,0.15933648,0.3225871,0.29607654,0.17802174,0.12477979,0.17551509,0.1346996,0.06399209,0.13743195
1.436092,1.4198238,3.733724,3.9060256,3.625184,2.7084768,2.2750936,0.7468812,0.69508433,1.7443146,1.3824507,1.3919969,1.7784442,2.2512257,0.85588545,0.7268344,0.6894226,0.53560865,0.31747156,0.9658957,1.4168963,1.3321481,0.72245085,1.0744976,0.89195573,1.2608488,1.0138499,1.1875653,1.2841172,1.0696685,1.1271238,0.7222249,0.6048223,0.3669223,0.5399517,0.70644504,0.36700374,0.31329155,0.25336546,0.13700698,0.18276823,0.082767114,0.034289736,0.027281376,0.059468564,0.088101216,0.1015071,0.21933913,0.5382589,0.4105605,0.254791,0.1810516,0.37767872,0.33368927,0.64021343,0.31613252,0.40607083,0.4718304,0.6289561,0.7990169,1.0638593,0.9815473,1.0851114,0.5432314,0.26596734,0.28564724,0.8305473,0.7595831,1.1232053,0.73194194,0.50456613,0.47981247,0.2760894,0.16453546,0.5320364,0.70005834,0.6544667,0.56810266,0.4436659,0.6523246,0.67954963,0.92093563,1.0325016,1.1128936,0.5312776,0.71534413,0.62764645,0.76350725,0.63330376,0.7704317,0.5986109,0.7270674,0.7958391,0.54624945,0.8193349,0.8340274,1.0225477,0.5868777,0.5579804,1.4485853,1.6131209,1.5074011,1.3340908,1.0966746,1.083062,1.308749,1.3545806,1.0297934,1.029608,1.3099672,1.9549049,1.8573257,4.3060737,2.1691763,1.8645341,1.7058935,1.5133467,2.6647098,2.400875,2.1233163,2.5915258,3.4247077,1.5843384,0.896221,1.1848253,1.4472152,0.92178065,1.3397036,1.0253749,0.47697517,0.67345047,1.6292754,1.2106229,0.84370345,1.0039903,0.9824046,1.6020118,1.9098263,1.5031652,1.9690505,2.4105487,1.8026881,1.1579549,0.693252,1.1190144,3.583229,2.4307866,0.7069098,1.2439185,1.0326653,0.45735312,0.24026595,0.10280061,0.08983584,0.22544621,0.39858896,0.8961446,0.83743143,0.8847991,0.80265796,0.5560689,1.0138466,0.41165802,0.5450927,0.6159225,0.8716618,0.5527889,0.898672,1.22379,2.0006487,1.140986,0.7923035,2.0368986,1.484241,0.7738059,0.9810079,0.5619354,1.9284053,0.61893356,1.5064011,1.3384168,0.8125694,1.4860787,1.7426673,0.95069295,0.931092,1.0879765,2.019241,2.490856,1.7189847,1.2920853,1.0462358,1.3578565,0.7184143,1.2082627,2.49775,1.5159892,0.9626727,1.990542,2.5688274,0.6530097,1.3060904,2.4258676,2.9392333,3.3162982,3.2668908,3.9458723,2.6712143,1.883908,1.6327108,1.7563639,2.463346,2.6754642,3.185479,1.7560245,2.0067785,1.5591807,1.8942997,2.1781983,1.9309707,0.4922168,0.3786551,0.6466474,0.7380618,0.94589084,0.60094213,0.44516742,0.8158707,0.6828397,0.5953134,0.3586111,0.47434092,0.49854442,0.63028723,0.7222006,0.45689875,0.4015854,0.5287497,0.5081151,0.37131393,0.41179875,0.39970466,0.40913898,0.6552721,0.360063,0.33348688,0.40988,0.89826643,0.81137973,0.5536425,0.5174941,0.4665942,0.5554182,0.5017991,0.46712396,0.32499474,0.2858823,0.38388488,0.57972145,0.35648632,0.16996218,0.104504965,0.22222489,0.25856146,0.24229392,0.1193098,0.09542384,0.07159968,0.048218995,0.14641437,0.20173325,0.14581865,0.2110282,0.3950591,0.35483527,0.39831823,0.23337583,0.22560751,0.29985255,0.0990562,0.04253178,0.10917621,0.103297904,0.08954023,0.25406116,0.24794164,0.18702509,0.14797844,0.29953256,0.20461537,0.14451034,0.25268632,0.32945758,0.35089332,0.47974125,0.29924065,0.22265388,0.22601436,0.14969802,0.19743656,0.108632654,0.15743634,0.0505975,0.052932683,0.112530604,0.2541023,0.13554193,0.07378245,0.090538785,0.093143374,0.110840544,0.14362194,0.13960117,0.1532039,0.13853516,0.093711235,0.102596045,0.10149954,0.1714994,0.22810653,0.10181564,0.08894343,0.21767356,0.114338696,0.052421004,0.089903,0.11752102,0.14567544,0.17536873,0.11267618
2.2729833,2.206049,2.596416,3.5959773,3.142833,2.2161853,1.987131,1.2916751,0.83942497,1.675046,1.9878055,1.5776248,1.7422242,1.8736341,0.637614,0.5882579,1.0121891,0.57647717,0.5839917,0.66820633,0.7841832,0.79246724,1.1440935,1.3320711,0.6186086,1.0688334,0.7598974,0.42144814,0.18341069,0.08207583,0.4688438,0.43391246,0.19347264,0.27178198,0.27773327,0.2785111,0.7547229,0.39834595,0.23257303,0.14413275,0.09436201,0.037826195,0.026646009,0.02701292,0.046472292,0.07003705,0.11244734,0.25312996,0.33646947,0.37140417,0.25975862,0.40591508,0.5848979,0.5156982,0.8867986,1.3033565,0.6549348,0.40048632,0.7466884,0.6070451,0.63643074,1.1034237,0.42217568,0.43830073,1.4610909,0.8914407,0.58713984,0.5746652,2.0622158,1.999566,0.8985638,0.731347,0.8172147,0.6019334,0.4192016,0.34543025,0.4094124,0.6587988,0.6033317,0.6778978,0.8569881,1.358534,1.5225937,0.51891655,0.48219308,0.33828223,0.35754633,0.39947608,0.54506296,0.818718,0.95685136,0.68147093,0.68646055,0.5423507,0.5784414,1.4160166,1.2467458,0.7081708,0.667429,0.65273863,0.7006396,0.9502831,1.2921127,1.556208,1.0912237,0.77771735,0.91292065,1.243483,1.1581538,1.0517576,0.3443376,0.5628048,2.6633627,0.5521189,0.9074835,1.0239276,1.1172606,3.5445137,3.9562554,2.1551163,2.1119082,1.6196473,0.9363732,0.7113471,1.7818464,1.5135027,1.0235562,0.42703047,1.4292977,2.1182883,0.78713435,1.1770217,1.0308963,0.60994565,0.9268982,1.649248,1.5625216,1.6292043,1.7579495,2.2769513,1.8419399,1.8892183,2.3495731,1.3595806,0.97299755,1.0432678,2.060981,1.0345738,0.34157774,0.3076856,0.30840626,0.5526937,0.32589683,0.21518157,0.37562895,0.27799818,0.45810977,0.34677404,0.4298002,0.36287117,0.39917246,0.8771792,1.0555221,1.1820718,1.3119789,1.4662237,1.9595398,1.738288,1.1535065,1.3608066,2.9066594,2.4068644,1.0130862,1.6101047,1.7912194,2.0960696,1.151757,1.3335104,0.57134646,0.46160305,0.9806024,1.9082638,2.2411983,2.9699252,2.0326514,1.4790576,1.6196603,0.81539804,0.7259475,1.4920728,0.99895793,1.6138834,2.8035674,2.6197073,2.2402112,2.4849565,1.8465828,1.2804873,2.5126164,2.5287735,1.1839786,2.7884688,3.9568748,4.902264,4.579771,3.526479,3.7128768,2.7648437,2.697046,3.527572,3.4905248,2.470479,3.0913725,3.0514832,1.9078707,2.506161,2.6276793,1.1581012,1.7816093,2.0533056,0.23865485,0.26427683,1.4449582,0.6147774,0.49326685,0.22255416,0.22516385,0.4362298,0.9264214,0.6573257,0.51031953,0.2596481,0.24833962,0.19513687,0.19151731,0.44603938,0.43150723,0.5140175,0.7669291,0.308099,0.5251645,0.54883116,0.38165498,0.34243715,0.28151682,0.34197602,0.40248168,0.61845666,1.1663064,0.5260851,0.9864061,0.67852616,0.548161,0.7449679,0.4287577,0.25367925,0.54740465,0.46254402,0.44336173,0.3381724,0.1550495,0.1482397,0.14799522,0.22137262,0.16123453,0.20367897,0.2428429,0.09113278,0.18091556,0.36227432,0.18398507,0.16469572,0.17282332,0.27962035,0.3217729,0.37298837,0.2580556,0.13717514,0.16603093,0.18570389,0.12986249,0.11680365,0.1373432,0.08403823,0.1148447,0.14472464,0.06952797,0.10566707,0.17546967,0.18953325,0.083983324,0.07207484,0.14386275,0.20039701,0.16058734,0.11356971,0.10997869,0.10658617,0.094645396,0.2493046,0.093911804,0.09051044,0.09358644,0.06137427,0.085935734,0.08959124,0.09056295,0.12654056,0.15453254,0.14906083,0.16100703,0.13625397,0.13920037,0.09068325,0.11000697,0.05902182,0.045995608,0.055030342,0.19766042,0.2370927,0.123270914,0.04945153,0.05776531,0.04295015,0.108945005,0.14508429,0.16585493,0.12288717,0.17332281,0.15360533
3.2806604,3.551851,3.413058,5.877342,3.8907328,1.0744736,1.9534699,3.113409,2.5624704,2.8263862,2.5927882,1.5488715,1.7728094,1.9541992,2.197545,1.6154388,0.48497704,0.80118287,1.2395661,1.3780307,0.57286835,0.44728452,0.59858084,0.8224327,0.6217623,1.2741082,1.6283938,0.5620885,0.58280265,0.69850737,0.74815744,0.7665159,0.91812086,0.70035183,0.72840405,0.6057163,0.6347068,0.43411788,0.20501621,0.31543797,0.10538633,0.04336601,0.084470384,0.035484403,0.065616414,0.07351054,0.10525619,0.16352433,0.6025531,0.484852,0.31270984,0.343496,0.63545233,0.9201737,0.98497605,0.5199594,0.4822944,0.46632704,0.7310595,0.8419447,0.58234584,0.4544451,0.23658314,0.29876712,0.7011036,1.1963059,0.5865922,0.33237106,0.92898035,0.9037274,0.48296273,0.6496835,0.81911165,1.089041,1.1959734,1.0839151,0.7523952,0.76122963,1.0055381,0.5342085,0.16854252,0.79668444,1.6962415,1.0732478,0.4067922,0.55177397,0.5510219,0.8477585,1.0219923,0.9048381,0.35026184,0.8555409,1.4355873,1.5143104,1.9050308,0.6192853,0.36829054,0.686322,1.0923858,2.0682461,2.8444378,1.5665604,1.4532808,1.8671077,2.1092854,1.5911835,0.38165647,0.6197384,1.761184,1.0770954,2.8934252,2.8823876,2.6655397,2.4258907,2.3622134,1.0615754,1.4815458,2.3338833,1.9952275,1.1060432,2.122219,1.3379855,0.84043086,1.4761137,1.6270674,1.0050639,0.35902998,0.8166038,0.62485266,0.676049,0.9987122,1.0506375,0.5671083,0.5801219,1.0431355,1.360838,1.4354566,0.67587143,1.6676456,1.7233193,1.810438,1.1686642,1.2273854,0.9824226,1.6361321,1.191798,1.0464118,0.7600863,0.523087,0.57334507,0.4381062,0.28768244,0.20341001,0.12695365,0.16200463,0.1748452,0.19700576,0.36176595,0.49620906,0.43233174,0.76498014,0.6697624,0.8206698,1.0727905,0.79318786,1.4624251,1.6600153,1.9540255,0.93872267,1.5967821,1.8534232,1.1965898,1.375608,1.0305548,0.5851581,0.5359257,1.4342334,1.4070388,0.9075656,0.853076,0.45875552,1.1302276,2.1692724,2.8385572,1.209764,1.4263092,1.6757348,1.2521874,0.3997171,0.5572851,1.053522,2.0042877,1.8252382,1.1608214,0.6521715,0.42991602,1.2642629,1.2908652,1.1962298,1.7933937,0.8237343,0.75767475,1.5178212,1.878422,0.7416575,0.7109348,0.3885639,0.5998802,0.7320051,0.6206012,1.1131266,1.9205036,0.89618593,1.8202896,1.2029774,1.1798406,2.1381152,2.7034724,1.7100456,2.1178246,0.5695884,0.56461525,2.227876,1.1485202,1.1197276,0.9638702,0.9841154,1.3227103,0.9649403,1.6659211,1.1892464,0.6015521,1.3478467,1.5862286,0.5385597,0.48934183,0.58003616,0.9047226,0.52479726,0.5097005,0.5084089,0.47803113,0.35509628,0.47750548,0.51541513,0.2785097,0.34350845,0.33280674,0.39634797,0.35038397,0.4469209,0.5900401,0.38944858,0.19716243,0.5250476,0.4314667,0.28575745,0.22030127,0.13272646,0.13592713,0.16208841,0.1335691,0.15155166,0.24069287,0.19368215,0.17471859,0.20497341,0.10104463,0.19559976,0.23546611,0.22351554,0.26653114,0.1628054,0.06075695,0.10539595,0.22110327,0.16433582,0.15155943,0.30745095,0.21125509,0.17039014,0.16876405,0.1450205,0.12874895,0.17023024,0.1675165,0.13551176,0.1695883,0.42600322,0.30546382,0.13256066,0.0752139,0.13591512,0.16856453,0.27011546,0.2759075,0.18979177,0.051257454,0.085035875,0.105374634,0.08493277,0.22677347,0.11591623,0.06626868,0.09370813,0.13843885,0.079277925,0.10168179,0.080227025,0.12887582,0.08527404,0.09386339,0.135374,0.08201409,0.12090399,0.06648379,0.04817062,0.050370827,0.05340789,0.06653254,0.11056214,0.102225445,0.14745642,0.09911263,0.08198803,0.084349476,0.08520733,0.04914171,0.15031056,0.09271079
1.0092623,1.361704,5.5761056,3.792002,2.644673,1.747721,2.030701,2.035954,1.3138219,1.782254,1.8253489,1.3551528,0.8165632,1.8245589,1.4042102,1.1233637,1.0115021,0.3213709,0.46924886,0.43475634,0.81263894,1.3389788,0.6696276,0.88852596,0.4391496,0.63759047,0.8098399,0.88135546,0.4231611,0.55316675,1.0102006,0.5888297,0.6342895,0.5372475,0.4864286,0.577385,0.5587185,0.72703755,0.25198656,0.2395979,0.16111322,0.07853103,0.03951217,0.025335154,0.09956544,0.12983787,0.23173748,0.39974284,0.7882722,0.7892908,0.626442,0.34623852,0.16461948,0.42584586,0.74625236,0.60203964,0.38673168,0.48446134,0.79797196,0.61489743,0.85530823,0.7099472,0.72506636,0.8033954,1.0216745,0.75467914,0.48268998,0.70817393,1.4462504,1.052795,1.0727766,0.7263279,1.0445561,0.97028875,1.3459916,1.5780149,1.062309,0.9042229,0.47941294,1.4040949,1.0799452,0.52812123,0.54641116,1.1108568,1.1192595,1.1665431,0.67818683,0.7402224,0.69165134,0.63518715,0.5293969,0.7780072,0.7526903,0.7711535,0.8862725,1.2466135,1.0920252,1.251706,1.2151406,0.9414169,1.389323,1.2466935,2.235603,2.1347313,2.034882,2.6470897,1.390346,0.54948413,1.3394092,1.4365326,2.2840004,2.0928018,1.7641541,3.0279074,2.6618855,1.6033392,1.1426277,0.76762825,1.1724786,1.7383219,1.3504889,1.0511189,0.49872828,0.62677616,0.8430965,1.2147456,0.8871606,0.83689773,1.1076399,1.1376535,1.1003789,2.0255463,2.3829598,1.4306247,1.1158124,1.6865461,1.380821,1.2710261,1.160328,1.4769989,0.82952344,1.811182,2.1993847,1.671696,1.2509105,0.84833664,1.6057849,1.2273029,0.7336649,0.60999215,0.7038115,0.8337379,0.39635026,0.2596854,0.39728397,0.31407556,0.53371304,0.89673895,1.4946693,1.2647582,0.77989423,1.0685203,0.8053162,0.72379327,0.6167425,0.6888981,1.2298865,1.0251126,0.49534255,0.5960482,1.2590914,1.0332162,0.7552951,0.6990979,0.5616805,0.8738708,0.73298866,0.7914275,0.6818388,1.1703857,2.3039296,1.1442178,0.8278138,2.5047803,1.910056,1.6303887,1.4190388,1.4636296,1.247239,2.1548984,2.3779705,1.4409631,2.482612,2.5313172,1.2409179,2.057983,2.695386,1.441636,2.0040877,3.0524464,3.5482562,2.1804895,1.0353587,2.4051673,2.6882308,2.7521749,2.4108076,1.9116254,2.0786474,3.0316894,1.4251289,0.8883261,1.360024,1.6435543,1.0430231,0.7671891,1.3123449,2.177455,6.090822,3.9215581,2.3247976,1.93443,3.6903155,4.634551,4.922968,2.3716662,1.0719923,1.0527973,2.2113645,1.7110534,0.5085121,0.30365154,0.6080397,0.6861912,0.41514274,0.39110538,0.31871772,0.43976697,0.53934634,0.42242277,0.6246349,1.0370328,0.3484236,0.49628815,0.76649505,0.8194835,0.4322179,0.32094145,0.36892828,0.16830267,0.3218812,0.43538922,0.33116373,0.18909289,0.37913287,0.3617683,0.3131122,0.4302828,0.30077174,0.17634946,0.12101998,0.14608295,0.14107545,0.028334377,0.033207,0.07646972,0.1575104,0.16664018,0.18442267,0.25834388,0.16155234,0.10981764,0.15644963,0.22924213,0.28046784,0.15776995,0.2291209,0.14870974,0.12134672,0.07741274,0.09089833,0.15887968,0.13319898,0.12984887,0.08130273,0.22354375,0.22927259,0.23116976,0.7712064,0.42109412,0.088516034,0.09914209,0.10937098,0.2387451,0.3443322,0.17634939,0.082052395,0.16376117,0.11620724,0.17382504,0.1361727,0.14950554,0.107136115,0.056988485,0.08274603,0.16665423,0.14375843,0.21473144,0.10820544,0.14661825,0.15713663,0.14283383,0.18340369,0.16060828,0.17970872,0.14327802,0.04959521,0.049792383,0.055843208,0.08758367,0.107619755,0.115164846,0.3276549,0.17334688,0.11693759,0.20463891,0.117963746,0.07118991,0.14652811,0.10611035
1.6540792,2.0370245,3.8217132,6.9405,5.898961,3.6067953,2.6898859,2.024412,1.1932964,0.975784,2.274639,1.1339066,0.46107265,1.018793,0.8628149,1.2701986,1.6831828,1.1041191,1.3113675,0.68271065,0.4512219,0.4373447,0.61662686,0.6025267,0.85111463,0.62442434,0.4678594,0.45875084,0.24143462,0.5474556,1.1982567,0.7535661,0.3130856,0.40168804,0.69312936,0.33281544,0.35032353,0.42880052,0.25208554,0.18425429,0.14619838,0.08086245,0.027248926,0.03852893,0.046308644,0.060247242,0.08860659,0.47075334,0.42378628,0.56818944,0.39149135,0.5330181,0.48845798,1.2031683,1.0797455,0.5922403,1.1432668,1.0797045,0.5382056,0.26997545,0.93792176,1.2227758,1.468581,0.5682385,0.8351967,0.6207337,0.49237186,0.29705587,0.91538197,0.7924094,0.66172415,0.94745475,0.98848903,0.93905467,0.3279447,1.5493613,1.6205237,1.1801822,0.7315919,0.46555588,0.6154717,0.36601594,0.6173329,0.609894,0.537466,0.9403805,0.80301094,0.79948044,1.4993793,1.0335498,0.77622944,0.4244181,0.9874211,0.88235843,1.0200088,1.2847804,1.8330538,2.1396725,0.6696693,0.7233966,1.0730432,1.3400702,2.689947,1.7200471,0.77436614,0.9156011,0.6292163,0.8455751,1.8657529,1.0799325,1.9495806,2.2628324,2.6267192,0.8048795,1.2807803,1.8668916,1.3658181,1.7902535,2.535103,1.3909267,1.4154272,1.6811099,0.9589049,0.4892731,1.2946529,2.122973,1.6380235,1.2718852,0.92468494,0.43332386,0.5895138,0.98423976,0.97420037,0.5939919,0.52017736,1.2301121,3.275226,3.4746175,1.6822356,0.64193535,1.0462722,1.3444594,0.5387303,0.5842641,0.8715486,0.7252837,0.44332817,0.89969033,0.9633277,0.754983,0.84160095,0.42163855,0.25144035,0.23607206,0.15353616,0.18833254,0.3012683,0.34205493,0.25906226,0.2310946,0.37497005,0.9488716,0.7432747,0.47783983,1.2793093,1.668022,1.1362082,0.54579234,0.33655837,0.43604428,0.6408808,0.4147083,0.4205259,0.9658048,0.53168964,0.64575934,1.0820875,0.4844243,0.28928265,0.7457259,1.1410125,0.6457219,0.3194664,0.61245567,0.5747733,0.39667553,0.49779707,0.17896332,0.22582072,0.35360822,1.0029731,1.0221673,1.497153,0.7682952,0.39682397,0.3644503,0.6037503,1.3743198,1.0655143,0.5664382,0.51889277,0.34320006,0.6634571,0.8796678,0.65312225,1.0347311,1.570511,1.5758287,0.78624034,0.72441334,0.7165484,0.98288006,1.1433867,0.7186748,0.6203501,0.816272,0.6272003,0.9713048,1.5674871,0.65461594,0.6985061,0.71521914,1.9980338,1.571671,0.93385005,0.54091126,0.53821856,1.0125266,0.93685913,1.1103406,0.50369716,0.59426093,0.88957214,0.5900496,0.4112449,0.32570946,0.38378704,0.4249767,0.5957478,0.37975857,0.12417886,0.1391027,0.40774515,0.4850026,0.16918917,0.2758926,0.21691163,0.22441936,0.22647204,0.36718366,0.38761157,0.15358432,0.23826183,0.28061122,0.41374445,0.17094934,0.13185453,0.058280274,0.18189268,0.23959897,0.087797046,0.06660562,0.09821996,0.11013473,0.05923673,0.09385264,0.12254187,0.09011933,0.11227354,0.18695018,0.12230505,0.14346814,0.15330847,0.1487404,0.0686069,0.21170558,0.3240006,0.11975492,0.081569165,0.1686918,0.20032693,0.1525032,0.07798085,0.12497259,0.07546286,0.106693394,0.15051313,0.17885977,0.42293528,0.2691929,0.13090228,0.16642718,0.20184192,0.12479744,0.047578145,0.13594246,0.17083697,0.12684995,0.06915101,0.06899021,0.19103573,0.13152832,0.034920372,0.028289651,0.08708911,0.09362033,0.076693185,0.11219885,0.1807694,0.19115676,0.09335329,0.03559857,0.054623917,0.027782606,0.06119088,0.07340002,0.10761366,0.077724755,0.07469939,0.07956591,0.10784217,0.09667616,0.24726208,0.23021464,0.0883302,0.049055256,0.06910623,0.076344684,0.123023644,0.05995891
8.471894,9.180788,19.8999,33.913296,18.087065,7.119432,10.9158945,12.218995,8.974678,5.9987154,3.0853014,1.2696803,1.020807,1.0949314,1.312323,0.9059526,0.65841883,0.5266698,0.96616346,0.89724535,1.0817862,1.11448,1.3124739,1.7776572,1.3853353,0.8407136,0.6288117,0.64491606,0.7590023,0.55111825,0.75973105,0.5725651,0.651958,1.1372275,0.7228733,0.5271572,0.70992947,0.55097324,0.3094527,0.23813343,0.08489244,0.10089385,0.046602905,0.039813798,0.11259169,0.09660523,0.16167834,0.16858247,0.42962787,0.64830273,0.3298117,0.39774066,0.67285115,0.8882464,0.91534543,0.7380617,0.9823405,2.3643057,1.4810597,0.64212495,0.7185689,0.8449818,0.87713367,1.3309141,1.33687,0.678914,0.9890336,1.1649659,1.0965701,0.71021277,1.9986585,2.3054748,1.5572462,0.84915805,1.3010463,1.6900688,0.9357387,1.6248324,1.6016687,1.7009934,1.4712521,1.6466238,1.8022348,2.0468473,1.0942076,0.79577875,0.647483,0.7823292,0.7272369,0.6713906,0.85747945,2.0847812,1.6508155,2.4011154,1.1788555,0.49940455,0.83833003,1.2343793,0.887864,1.3260653,1.6767526,1.5815763,3.8872123,2.5395274,1.433261,2.264141,1.4558954,0.9321894,1.342116,0.754421,7.1728115,9.070297,26.746418,27.95125,13.989585,9.668953,13.553959,7.702614,6.150824,2.9845514,1.2552462,2.235167,2.4533968,2.8830786,2.2888768,1.6131743,1.9422688,3.1164725,2.0643032,1.5627924,1.1265051,1.5800787,1.7563871,1.6933666,2.263384,1.7693138,1.046968,1.414552,0.7305345,1.545045,3.114019,2.4510748,1.4820212,1.2794235,1.8457961,0.9308811,0.4467041,1.069733,1.058415,0.5386704,0.21924847,0.29831278,0.3516944,0.2924646,0.37750837,0.3385874,0.24351874,0.5525544,1.0303081,0.7824188,0.53155184,0.5172499,0.71575725,0.7372183,0.8508017,0.66608304,0.6966432,0.96870047,0.24976923,0.3771082,0.7589392,0.6112574,0.4127274,0.9151976,0.63911414,0.29986203,0.62786114,0.9160676,0.31013876,0.255783,1.1040884,0.73937,0.54439306,0.5961661,0.47741747,0.827214,0.825472,0.8000511,0.8181803,0.48001015,0.7420002,0.86236405,0.6179586,0.81441313,0.8071908,0.8365071,0.89181757,0.63925636,1.0230701,0.68771195,0.51982456,0.5581376,0.62660915,1.8689873,0.42384842,0.47310022,0.6174062,0.71137476,0.7699722,0.54988915,0.5003454,0.8213829,0.8710472,0.91723585,0.71500707,0.817086,0.58538496,0.80825657,0.88493896,0.47633904,2.9304457,3.3148077,2.504779,1.6876277,1.9215027,0.895227,0.8082254,0.8002091,0.48489186,0.40312865,0.6034198,0.4588798,0.4616275,0.44938228,0.34521887,0.6723133,0.69418025,0.9511904,1.6446375,0.77347195,0.34162167,0.7671965,0.7745634,0.62669516,0.7177775,0.556394,0.37104625,0.6608469,0.7793721,0.21761444,0.43213955,0.8387739,0.792963,0.5788391,0.4186702,0.267536,0.6356119,0.5570861,0.24171336,0.36011454,0.19973524,0.27147302,0.2813778,0.2649097,0.3035153,0.13679354,0.19350581,0.18508257,0.17799966,0.25170434,0.2170796,0.16263331,0.32865977,0.35895187,0.24101683,0.40105793,0.38511395,0.17346992,0.26422253,0.37059668,0.3293482,0.2730274,0.21042953,0.20330314,0.074591585,0.42532519,0.31714913,0.14344652,0.15407522,0.21603821,0.20154732,0.15846491,0.29982072,0.46272275,0.44654563,0.21665326,0.28483534,0.16371049,0.12517755,0.13005391,0.13535587,0.25945124,0.2561287,0.13899301,0.13341932,0.09902544,0.18427688,0.3012415,0.17128716,0.08434813,0.094030075,0.107084066,0.115792036,0.05949461,0.1818104,0.17220315,0.06989142,0.06981892,0.14386413,0.3071281,0.29076177,0.23330022,0.23514327,0.16577779,0.19216536,0.17734154,0.2000235,0.11073742,0.27517906,0.19176318
0.9881005,1.0467771,6.077295,4.2776957,2.386438,3.4664922,3.3720036,2.7485645,1.9463773,2.2390652,1.6739262,1.797165,1.3420627,1.2198772,1.2402449,1.4234843,0.44856933,0.78944474,1.6223202,1.8070265,1.2293822,0.755589,0.61908185,0.53771967,0.33089167,1.1264812,0.97852963,1.2154303,0.8764569,0.49379733,0.4283405,0.57245684,0.3051371,0.359404,0.64644396,0.60076666,0.56877995,0.29225066,0.22300054,0.18146764,0.21278197,0.1312791,0.06663787,0.058516372,0.10119309,0.13017477,0.14100178,0.5711713,0.63856167,0.37213334,0.3083287,0.35818034,0.54645014,0.63708323,0.32409382,0.43373758,0.55327195,0.58353335,0.6637481,0.54146415,1.4421662,1.6311165,0.53360534,0.6202321,0.7613464,0.60419345,0.48028463,0.4986573,1.3288044,0.7877127,0.48050046,1.6006408,1.3146399,1.0990067,1.6747206,1.1479683,0.66842234,1.4245889,0.8424225,0.797732,0.8875081,0.44191563,0.57663906,1.2051574,0.7866106,0.8153814,0.7037146,0.58927983,0.43828756,0.63964915,0.45833638,0.39235395,0.77889913,1.1158168,1.181978,0.9715576,1.5183256,0.73835486,1.3517754,0.7463693,0.69797134,0.62389094,1.5406432,1.2288064,1.7515694,2.0434713,1.3112832,0.76844865,1.5109435,0.9105906,4.984501,4.7349052,1.3915145,2.3646977,2.6357806,4.0473075,3.4041855,2.912573,3.753197,2.561204,2.5756824,2.921743,2.8423347,0.5352473,1.1465238,1.5946479,1.4643558,0.91872716,1.1505502,1.0729386,0.38451475,0.2854233,0.933297,0.9145086,1.1733483,1.5662631,0.60419524,1.5637743,3.1024053,2.0436487,1.2513701,1.753089,1.9263141,1.7754831,1.0240213,1.1903615,2.018093,1.4213153,1.1497449,0.60045815,0.35938656,0.47445032,0.29500112,0.12519725,0.3686038,0.7527065,0.40715516,0.85799366,1.1627684,1.0072025,1.023449,1.7048397,1.4428701,1.0645137,2.0987904,2.8784876,2.2137363,1.3300427,1.2390344,1.1416928,0.865189,0.42554158,0.28927484,0.7947749,0.85870814,1.147294,1.1467018,1.0377342,1.4491804,2.0073173,4.0130324,1.6688377,1.4377246,2.1339495,3.9262774,4.0857606,3.1091368,3.098542,1.579292,1.6790428,1.3579811,1.5019207,3.56313,2.7493682,1.7834009,2.6398559,4.1649413,2.03834,0.71360946,0.9459237,0.5880648,1.0960628,1.4406174,1.856279,4.347634,4.337117,2.7946475,1.7746644,1.2764406,1.7711515,1.6354324,1.7573898,2.1587512,0.9863288,0.9635201,1.7856843,2.4228024,1.8022488,1.6303103,1.34778,3.0507436,3.2600858,1.6965811,2.2652955,1.1740129,0.8572346,0.93847376,1.5280738,1.3153026,0.8112725,0.84364545,0.5643595,0.42518163,0.37000692,0.7208765,0.44227865,0.37256768,0.45830423,0.9229843,0.7772317,0.52136594,0.65133446,0.57680845,0.56205755,0.4347437,0.48843992,0.7427282,0.77241904,0.60346454,0.39923486,1.0073602,0.6947122,0.2867607,0.25459936,0.23720142,0.42628205,0.5037732,0.7675299,1.148683,0.5644512,0.34461355,0.22763342,0.3145045,0.32287607,0.4965019,0.18133244,0.13460892,0.083111316,0.08302382,0.18497366,0.19561198,0.37325376,0.42848513,0.18208647,0.14038546,0.24662617,0.32487908,0.22812264,0.1921698,0.07793204,0.047850896,0.053151138,0.0710177,0.06009182,0.09247842,0.12624398,0.11884699,0.14299129,0.14665063,0.24459466,0.25598115,0.20866254,0.14182733,0.20656446,0.1323112,0.15260532,0.30757034,0.33368206,0.19452842,0.09297558,0.12954238,0.10081943,0.0990062,0.03655382,0.056391556,0.07072239,0.12375005,0.10681204,0.07875504,0.1403299,0.1374617,0.13062565,0.10969052,0.103005916,0.2050537,0.119104,0.0958737,0.11659752,0.15745834,0.23971555,0.23818561,0.22789834,0.13212724,0.09120508,0.08986988,0.13474093,0.17238007,0.11705074,0.049839597,0.04776354
1.5375884,1.546499,5.342931,3.2266738,1.6641134,1.5914824,2.9758894,2.6039383,0.8916003,0.88915217,0.6977647,1.3858154,0.99089384,1.1657839,0.9295536,1.1124879,1.1690977,1.0911678,0.92694885,0.5496392,0.94910145,0.8196551,0.988738,1.5109034,0.7198965,0.88385236,0.75005716,0.75139475,0.98119736,0.7010996,0.47135,0.514532,0.510564,0.4128575,0.4036814,0.5048673,0.33130127,0.44943246,0.32689777,0.1892562,0.12407802,0.10557054,0.044083912,0.047906812,0.1081074,0.060602397,0.21352278,0.30829948,0.68233955,0.49046326,0.32544523,0.21919027,0.34934622,0.44793618,0.30455023,0.51433086,0.72949606,0.43351763,0.46529192,0.92035544,1.2751582,0.75726706,0.45008147,0.37072697,0.61583966,1.6672258,1.6104414,0.72232693,3.2023728,1.6411589,0.9301414,1.0554239,0.40682697,0.4000976,0.9496026,0.7241878,0.421892,0.550037,0.81926274,0.8592089,0.62915945,0.60682756,0.9641157,1.029597,1.0462239,0.78653204,0.5098674,0.46540755,0.41058198,0.18494107,0.33880556,0.590098,0.73439914,0.857297,0.934297,1.0613475,2.2359776,3.0672975,1.603123,1.8652325,1.2731302,1.5907267,2.9840739,2.7645028,2.5611823,3.4744685,1.3679228,0.68628967,2.1696007,1.1906141,0.9038747,1.3790023,4.8187246,3.874456,3.7272885,2.12792,1.3619143,0.84659415,1.9982136,2.6568332,1.5714879,0.97397435,2.6287293,2.7672513,1.2967986,0.96201676,1.5846028,2.1165862,1.3425008,1.1654493,0.7524096,0.87776923,0.8906098,0.8920049,0.92298704,1.5121303,1.0538564,1.2128098,2.0141146,2.8280625,1.476781,1.4553328,2.600242,2.3142052,1.9411103,1.5122594,1.6261883,2.351278,1.3019966,1.0310512,0.530979,0.36990732,0.2998793,0.24955074,0.30800006,0.28643098,0.3855848,1.1791916,0.62163013,0.637537,0.92629373,1.1873275,1.1039569,1.4500597,1.2836397,2.1102996,2.1018906,1.6816702,0.7984585,0.5565601,0.65364414,1.395432,1.1669954,1.0779396,3.051491,2.9287694,1.7259842,2.1079614,0.9766919,1.0299561,1.1095572,2.5104802,6.1994553,4.2695127,1.9302458,2.468022,1.0727336,1.3420625,1.2215717,0.94319916,1.2668002,1.2936772,1.0376952,0.80376256,0.8398287,1.6523694,2.011087,2.6204,2.0333776,1.7345912,1.2879456,2.015091,2.0095663,2.2997131,2.9525435,5.7712193,7.4556847,4.49168,1.4742591,0.6025544,1.5538558,2.212337,2.037594,2.267048,1.3482918,1.082508,2.9540153,2.9411547,3.4048097,2.4359915,0.53779083,0.5800915,1.3490653,1.5144062,1.1228287,0.43787283,0.589125,0.9220892,0.5378349,0.4855696,0.38919917,0.4717137,0.23194784,0.8135712,0.55348,0.26427183,0.31800383,0.49330866,0.4772336,0.8353092,0.8047392,0.49793953,0.413889,0.81195253,0.5828048,0.38040644,0.55712414,0.8758158,1.0393083,0.44477305,0.42814946,0.55828303,0.61340785,0.49974358,0.5415852,0.42061454,0.8160715,0.4417389,0.271051,0.26528916,0.17166446,0.20233206,0.45946038,0.264536,0.45158693,0.24287537,0.1593398,0.13892083,0.11896484,0.09039752,0.08501967,0.110192105,0.23749927,0.33362493,0.20509061,0.2826388,0.2573856,0.17263156,0.29304954,0.3108201,0.13910596,0.30127117,0.06020881,0.030054796,0.15141906,0.16803744,0.13562752,0.11304879,0.15116215,0.13362609,0.06932799,0.08613169,0.18084538,0.28070146,0.2813926,0.24014999,0.08201598,0.047603935,0.08960786,0.14302738,0.1339653,0.15453629,0.037143417,0.028180292,0.053484425,0.06683714,0.06102767,0.18952176,0.18941702,0.10311656,0.0726861,0.10453436,0.09778696,0.084064335,0.1354454,0.23996332,0.17012258,0.1084837,0.080256,0.112466805,0.12713404,0.17415243,0.17404863,0.1342858,0.10226594,0.054865737,0.09788314,0.107764855,0.22334239,0.19250542
2.7653706,2.8448539,4.7582946,5.0334234,4.47835,2.5948455,2.6666024,1.2786763,1.7557055,1.2650456,0.53957283,0.6120969,0.4446277,1.6264565,1.519658,0.7423399,0.51251596,0.3557021,0.35629264,0.9654994,1.5462016,1.2453756,1.2308754,1.6711619,1.1143894,0.9656781,1.1173716,1.0905938,1.293692,1.1359456,0.880454,0.47809538,0.557763,0.7364425,0.30907276,0.20034494,0.24278861,0.3709083,0.28175372,0.26026678,0.16257322,0.15112594,0.051214017,0.0461111,0.027550692,0.07877299,0.1811185,0.37127107,0.6677181,0.55998796,0.21863702,0.23378393,0.23114906,0.5104776,0.98316413,0.52593684,0.9554328,1.1569527,0.42350563,0.48871636,0.83789146,1.2990035,1.0255356,0.8226457,0.62726384,0.96549255,0.8680046,1.2766201,0.4450198,0.52114916,1.0591701,1.315985,0.82745636,1.209904,1.21112,0.7048934,0.47607735,0.45957273,0.5296486,1.0743716,1.1799412,1.1815352,1.5234482,0.9990223,0.48247382,0.62196594,0.9334178,0.9951909,1.1107358,0.71992797,0.6394086,0.8711783,0.4853079,0.7782776,1.5382317,0.8190883,0.94441056,0.9696953,1.0631458,0.9837684,1.0145171,0.46402225,1.1555668,0.912587,1.1658014,2.1736698,0.9290352,1.2759526,1.8497037,0.9547215,3.3943515,3.4100366,4.950402,3.3596344,3.2623749,3.074613,3.8689704,4.9190583,3.354438,2.5002213,1.9163506,1.5502846,1.3761916,0.8821288,2.1729805,1.5147266,1.3780502,1.5019506,0.45983887,0.6976739,0.885901,1.7689323,1.0262241,0.87653923,1.557085,2.732922,1.8259689,1.6908107,1.8709627,1.7678742,1.00712,1.3261689,1.2013552,3.1813881,2.8043118,2.8450942,2.9490683,1.1389775,0.9325099,0.5540517,0.49759096,0.5567583,0.44675812,0.3297879,0.26730624,0.7001536,0.7275534,0.74372774,1.1168149,0.8107202,0.6924884,1.5226035,0.93518263,1.3423656,1.2143133,1.1427275,1.3127013,1.0826445,0.97925615,0.9080866,0.68366975,1.7324668,1.7848498,1.7615124,2.7613885,2.5330966,3.1345594,1.6835177,0.8726165,1.3317542,2.2228315,3.651756,2.9376037,0.8645389,1.1669908,2.368294,1.8673946,0.9443893,1.0795368,0.81850207,1.3436708,1.3317024,2.4129531,2.3620586,2.4362624,1.9275404,2.1812692,2.405913,2.8783026,1.5200955,1.0079066,1.1079416,1.9545724,4.476452,3.8980753,3.3614907,4.6078734,4.0568075,3.8384032,1.9426912,1.4857541,3.6223555,3.8591573,1.7957389,2.1072903,3.3145056,2.5621598,2.7168057,1.4453778,1.891142,1.3814572,1.4320084,1.0782863,1.1076523,0.94849217,0.6668134,0.5350989,0.8976533,1.0693479,0.70277447,0.92879564,0.7372285,0.7285694,0.4599916,0.833878,0.7647947,0.50816596,0.42235178,0.25048807,0.47283307,0.70470905,1.0031898,0.47057727,0.55348915,0.9718376,0.56123394,0.5371465,0.811773,1.1537248,0.38827884,0.39549926,0.72245896,0.9395,0.33100322,0.5031979,0.37126157,0.46446437,0.36998883,0.24666086,0.28915098,0.16258353,0.15997301,0.30999473,0.37939832,0.28133655,0.5460415,0.3837817,0.113579005,0.09786421,0.20986325,0.1641107,0.1892731,0.18619297,0.06282626,0.14642923,0.18223266,0.47020975,0.3251619,0.14538978,0.052925196,0.13254377,0.22332835,0.21023524,0.08910093,0.06603079,0.31164506,0.2984253,0.22597049,0.45981127,0.41784552,0.32137716,0.22835074,0.13211527,0.25831634,0.3381739,0.22087507,0.17400254,0.044996016,0.06660619,0.090572715,0.1551962,0.28792882,0.18176652,0.16685386,0.14180093,0.13544118,0.109759614,0.24080986,0.18416955,0.09620097,0.15282641,0.15441228,0.16045882,0.08247369,0.11911075,0.16887653,0.12189922,0.09925005,0.13175938,0.114744194,0.089573726,0.11256078,0.18499091,0.2610274,0.23162423,0.15058662,0.1363509,0.1073595,0.15546192,0.116949335
3.7623982,3.4007616,15.1290245,16.905397,8.708898,2.0214014,2.4777253,3.2438622,3.515661,3.6858664,2.7206318,1.883671,0.79462564,1.4556811,1.5382034,1.6129746,0.9946902,1.4683135,1.5309086,0.6808962,1.0580103,0.99910575,1.36266,1.6328232,1.1352462,1.0458959,0.4168964,0.5277714,0.5831717,0.54803413,0.61867964,0.9242093,0.9590737,0.9016498,0.75726455,0.80283195,1.5034753,1.7329166,0.91989744,0.63996387,0.54928917,0.2353247,0.07302008,0.10064181,0.14887209,0.08161958,0.23128965,1.1175885,3.05598,4.363064,2.2547889,1.3906913,2.168995,2.5677204,1.9444151,3.2352176,2.5761948,3.275355,3.0719316,2.2482562,2.4430904,3.4127014,2.860054,2.2363386,1.8998953,1.9592539,1.8673036,1.5724319,3.2055464,5.0501947,4.3568435,3.2463365,2.6107726,3.324667,4.696371,1.8096124,2.4610944,2.1702156,3.0600731,3.3255498,3.0095131,2.8130322,1.5148318,1.5850179,2.6408842,1.7860056,0.8769934,0.5199973,1.2082896,1.5245647,1.2565683,1.6955162,2.1343663,2.5203083,5.4542513,5.9038873,8.812739,6.2178807,5.1304207,8.753588,8.303224,4.8827486,3.491005,3.535701,6.621326,5.679997,1.8306246,3.0595257,1.7306638,1.0375669,4.9624615,3.6924863,7.4347057,12.224713,4.82947,2.326784,0.8527192,3.051777,2.014977,3.080471,3.472547,0.91897213,0.83247095,0.87236685,1.0518142,1.2499554,1.0546362,1.562102,0.49696195,0.5059995,0.9302062,2.3403761,2.094989,0.8971642,0.6796595,2.3992608,2.2417643,1.3750455,0.82190007,0.9562005,1.1308669,0.9344343,1.7292142,1.8506484,2.154464,5.8052287,5.6561923,2.056868,2.3859754,1.9791412,2.2019172,0.97241217,0.4268844,0.3334966,1.0579971,1.2305301,2.6892009,5.219251,5.16263,4.985494,4.6149483,6.365855,3.3519313,2.7134926,2.8243256,4.944941,7.434939,7.6029143,2.904225,3.0090964,4.5505886,3.6356318,2.8924286,3.21698,1.9416716,2.4184911,2.747993,4.4008975,2.5179908,2.9372904,6.449461,5.4142513,3.104937,1.9974549,4.436371,4.866053,5.2771525,8.280427,7.723123,6.515846,5.1949086,2.8758368,5.6082335,8.046827,3.3123353,4.023447,4.907189,5.3672795,7.1346145,5.1340466,2.138953,3.7994957,6.7234373,6.519409,3.2673938,4.7847757,5.1060667,6.9694786,10.561526,8.313323,4.4014087,7.256294,7.079209,6.43756,6.2361865,7.8987803,4.2391562,7.1724014,6.0956016,8.0557575,1.0021526,1.3889058,3.0658045,4.7258067,1.9151763,0.6270445,0.9804101,2.1876929,1.278439,1.7989925,1.3346863,0.2225242,0.954825,1.2225591,0.6198561,0.43929636,0.5143834,0.28358537,0.68384665,0.7564546,0.6266753,0.58236027,1.1333691,1.6763428,0.3981513,0.7000904,1.1289635,0.7496568,0.9499976,0.43829814,0.63164353,0.94340056,0.826115,0.54180515,0.7734528,0.8124551,0.92578167,0.8872765,0.7037022,0.651591,0.32602394,0.18931092,0.37981796,0.2830043,0.21347171,0.52877206,0.5098919,0.25355816,0.26844558,0.4379936,0.3320736,0.2413895,0.719036,0.2827982,0.36726698,1.0345147,0.8285005,0.307936,0.32983372,0.43133977,0.28545168,0.19860253,0.3008833,0.55271405,0.5310949,0.31746325,0.35970587,0.3608071,0.4781746,0.4502745,0.21599527,0.31157607,0.38691944,0.76063675,0.87711805,1.0490254,0.8414275,0.31235376,0.5614627,0.54935384,0.33460197,0.22880581,0.36744118,0.53981364,0.41452777,0.19518916,0.51916313,1.0468117,1.4528238,0.8506111,0.42571226,0.5466553,0.71608555,0.4606496,0.42317554,0.11772378,0.47965965,0.43213207,0.314268,0.32176447,0.49067613,0.7569318,1.0839113,0.84902483,0.2884922,0.27065104,0.6144599,0.41128737,0.17453504,0.3753366
0.46549693,0.42342708,1.1016477,7.2973714,5.586551,3.1778777,2.4461114,1.8046604,2.6576557,1.8570876,1.1854814,1.610553,0.96931756,1.0798575,0.8649237,0.83103114,0.64731044,0.5513224,0.6184005,1.3156124,1.3464617,0.95564544,0.5121727,0.9760412,1.454472,1.3931928,0.52346927,0.54478335,0.69347835,0.61477613,0.4921992,0.93953776,0.47915244,0.68638307,0.7043286,0.580307,0.46094275,0.3984753,0.37956017,0.41865385,0.17857216,0.05982172,0.035016354,0.034100458,0.0730719,0.14157788,0.15151036,0.26603702,0.47570288,0.5925026,0.6769532,0.2530153,0.45002836,0.466991,0.8310687,0.7124857,0.91475546,0.8779417,0.64480436,0.7221454,1.1002139,1.8137338,1.2830366,0.91402733,0.93783617,1.4394288,0.82686734,0.5151591,2.2901795,1.7435069,0.9382889,0.7747325,0.6734578,0.808474,2.324938,2.1908855,1.3642956,0.92340827,0.766791,1.0771456,0.8509935,0.77424425,0.9143131,0.6741779,0.71902233,1.2900438,0.9389081,0.5160369,0.600137,0.58965,0.5938458,0.8814848,0.6403861,0.68130404,1.0032864,0.8861716,0.96969557,1.5372219,1.7025772,1.6004931,0.9599208,1.2711055,2.5488143,2.647474,1.3279198,0.9548249,1.1828576,0.8570647,0.7652191,0.67799115,2.9971845,3.0939908,1.6779443,2.0982475,2.573698,1.9022698,1.0660391,1.7439084,1.9298176,2.1762066,2.3280919,0.9752975,1.05751,0.5133047,1.6021935,1.1728992,1.5011313,1.3631462,1.1682512,0.8951026,0.7767061,0.9493479,0.39176962,0.8967123,1.3769817,1.6950055,1.3347188,1.0737909,0.8833221,1.8767744,2.1104662,1.3537978,0.29554403,0.77978814,1.388511,1.7971234,1.7657784,1.1964318,0.6021387,0.5517009,0.50112504,0.15881586,0.085914776,0.06741321,0.13915837,0.4771926,0.37904394,0.4067211,0.66297483,0.8246949,1.2743527,1.6181844,0.8640216,0.6122545,0.87151736,1.0005349,2.1723015,2.7452343,0.44480112,1.3269876,1.7236574,1.1197122,0.88015395,0.6130967,0.6821096,1.1925565,2.1226315,1.3779856,0.7904287,0.9862566,1.3062825,1.7573291,1.4311959,1.2357568,2.0448349,1.8638219,1.2172321,1.4666997,1.3983643,1.1140037,0.8969696,2.805745,2.448935,1.7251098,1.8146547,1.5809317,1.5014505,1.3596098,1.2774664,1.4223077,1.7628375,2.8697753,1.9605399,1.6430676,1.8309827,3.7280278,3.8459575,2.3539486,2.6245778,1.7524816,0.9128604,2.2247412,1.5190426,2.69763,3.4144742,3.7485845,2.161809,1.0922946,0.58168983,0.8168693,0.38115832,0.3582213,0.7237596,0.4981922,0.5209751,0.43741548,0.68495774,0.66358757,0.81174743,1.0208651,0.93110126,0.38871425,0.4648399,0.40833855,0.9162721,1.2774736,0.52185774,0.35458213,0.43979746,1.0280654,1.0063436,0.79667026,0.43996593,0.7935956,0.67011654,0.51928765,0.8517669,0.8286496,0.50125307,0.65021425,0.9456057,0.8167267,0.66934186,0.5133054,0.52030236,0.33454326,0.32282382,0.35512316,0.30270487,0.3318905,0.19452809,0.17558824,0.23161303,0.26346025,0.347309,0.32281107,0.1069091,0.12721696,0.39409503,0.4400661,0.29580554,0.23932454,0.38552848,0.24468769,0.27664447,0.2163571,0.42330164,0.22496502,0.21274562,0.26259753,0.19926511,0.25209206,0.22062062,0.21018487,0.3439003,0.27228728,0.20521896,0.19889317,0.26438534,0.114134215,0.068175234,0.13454667,0.1542299,0.24536316,0.67960066,0.36953297,0.13848804,0.07780488,0.066633545,0.105175495,0.1710524,0.07889317,0.099749774,0.09947907,0.05611752,0.100966506,0.06771099,0.1248488,0.058617774,0.047864534,0.07830364,0.058662545,0.0852725,0.12079179,0.15525974,0.13312699,0.11540113,0.110828266,0.17120332,0.16980644,0.10884457,0.097344615,0.22269084,0.17646316,0.1400837,0.13930678,0.14560111,0.08327889,0.056816675,0.041377246
7.7698946,7.581714,22.72983,13.640307,6.5714264,3.4481986,3.6526923,4.5138364,2.4973505,1.0622015,0.7337561,0.84117633,1.0233421,1.579421,1.0051402,0.5765153,0.941882,1.2326094,1.1093057,1.5455343,1.4262499,0.491825,0.36708945,0.74205184,0.91735625,1.1459153,1.3864539,0.8505402,0.64333916,0.705591,0.832033,0.87077713,0.7887014,0.6488047,0.83730006,1.21356,0.766528,0.46022937,0.3778135,0.23239475,0.13301495,0.06513585,0.058129974,0.08642648,0.14590529,0.17984383,0.2603566,0.42357692,0.37701368,0.46475425,0.9717205,0.8718222,0.7477815,0.8170032,1.6427356,0.8372835,1.4337908,1.5759981,1.6638222,2.5359287,2.0135338,0.7711098,0.43782613,0.6828506,1.5511206,2.1566255,0.83771926,0.74199635,1.098343,0.6029266,0.8712032,0.6668034,0.524198,0.41531086,1.806198,1.740748,1.1711134,1.5192975,1.6266533,1.570551,1.5080591,1.3033656,1.0270549,0.89032763,0.80658686,1.1208656,0.794614,0.5462301,1.1393414,1.2294416,1.4043604,1.990474,2.879533,1.91442,0.9175945,1.6246612,2.243821,1.4740525,1.4852912,1.8050008,1.8843176,2.6943116,4.258347,1.7564805,0.74151725,1.1124388,1.2353711,1.3477484,2.9523783,3.9620092,7.4383163,6.6555767,8.769462,9.089242,7.270024,4.6618547,3.2063887,2.768127,3.7850952,4.36935,1.0001817,0.9928695,0.87389404,2.046973,2.155643,1.9422566,0.84751296,0.6708208,0.42680353,1.0624166,0.97512865,1.4896907,1.3768882,1.5325495,1.4083831,1.845108,1.8329108,1.4025738,0.90863454,0.9633962,1.1251582,0.9750683,1.0596026,0.8897782,1.303032,1.7120366,1.3555188,1.4738605,0.8794461,0.29903042,0.8855272,1.0755578,0.49670777,0.48900482,0.5947405,1.0259457,1.7155223,2.7244685,2.3228536,1.3128419,1.1865184,0.9948419,1.6051023,0.8809811,1.9719317,1.3286302,1.9959534,1.1181837,1.8341438,1.8132927,1.5153879,1.1165016,1.0937525,1.5396407,1.375364,1.8578855,1.3655592,1.3166419,1.2050828,1.0021362,0.73723865,1.0114337,2.0434737,2.0390503,2.474781,2.5203424,1.8396508,1.103733,1.3672891,1.7759683,1.2702454,1.3839592,1.1705822,2.2359474,1.6392142,2.2175808,1.8529097,1.5636308,1.3334417,2.3074796,3.0470877,3.4828784,3.6187878,3.1972744,1.6435642,1.7048597,2.7351606,2.9542363,2.5087283,1.547381,1.9741265,2.1418524,1.0377009,2.1774833,4.9354596,3.6479888,2.8235314,2.6129427,4.0453706,4.7488675,1.1914839,1.4575981,9.515376,10.224737,4.8108435,2.402899,2.7006147,4.067255,2.8277094,1.8189553,1.5347005,1.2543687,1.3235178,0.7362254,0.49153653,0.71444565,0.7505812,0.5092434,0.4831787,0.65497965,0.6361055,0.57390326,0.5161584,0.61342376,0.65798694,0.5667661,0.6431732,0.73853505,0.40949315,0.29959828,0.29111317,0.7314776,0.74612814,0.7391405,1.2227184,0.8862121,0.60715944,0.31392416,0.43457717,0.2886684,0.17444088,0.12995364,0.3322156,0.4121645,0.40332028,0.53758,0.6071241,0.6267004,0.4555861,0.65367293,0.5236475,0.41261178,0.3097643,0.2536311,0.41880646,0.28537297,0.54413146,0.3288538,0.23701108,0.20017795,0.2996161,0.4095503,0.5905238,0.7015547,0.64527994,0.51979053,0.40574735,0.6828929,0.6052713,0.3768805,0.39302525,0.4649364,0.3132179,0.30096132,0.31056872,0.37096974,0.36677486,0.14861763,0.27034414,0.22002569,0.28153104,0.47557023,0.26259696,0.15890282,0.07739463,0.24861759,0.31630075,0.18076992,0.23121426,0.34248063,0.4561597,0.5119744,0.8595278,0.5696991,0.14603414,0.23761706,0.48360017,0.41565004,0.4694976,0.32040888,0.24680099,0.22137402,0.3537441,0.30063254,0.18250605,0.24176325,0.25442642,0.17513977,0.33798715,0.32845908
2.9947176,2.6727688,9.730152,7.893032,6.562001,3.007428,2.5091052,2.2562535,2.5911472,2.2699122,0.6981021,1.60223,0.79529667,0.1787758,0.538269,0.90693706,0.59770745,0.5912329,0.7108198,0.61651534,1.0636063,2.5011995,1.7086153,1.161912,1.4293945,1.1230191,0.9529515,0.7926158,0.73738724,0.41018838,0.32337356,0.39331576,0.5409232,0.88140863,0.6653341,0.29475194,0.43293473,0.5016595,0.5830456,0.23951104,0.16182363,0.13305743,0.09586882,0.06337969,0.12112571,0.12315745,0.18170208,0.1525071,0.22969137,0.35457602,0.27394733,0.28411174,0.8399959,0.97884065,0.40455082,0.53177065,1.0162449,1.7176797,0.94133675,0.42570254,0.47728485,0.62240523,0.8663576,1.1285263,1.2844168,1.1062322,0.76582414,0.34309173,1.2534039,1.5301526,1.3335317,1.425451,1.8632188,1.7382077,1.2419816,1.1649499,0.85935354,1.3433739,0.89218056,0.9342856,2.060468,2.3446925,1.3092511,0.9763348,2.3922393,2.7187662,1.2056925,0.34188566,0.44208047,1.0380639,0.68394107,0.47364697,0.9400773,0.7391068,1.0343205,0.51820207,1.633554,1.6954014,0.63680947,0.5652404,0.999285,1.0209173,1.0694611,1.0264674,1.5294963,2.3100955,1.7922287,0.9778191,1.2598708,1.1048323,1.5258112,1.4294891,3.2092283,1.483641,2.0795832,2.30595,3.4078567,3.4549792,3.407683,0.97310185,0.4926998,1.3956292,1.0643672,1.1974646,1.2491533,2.0855234,0.927344,1.086563,1.5132784,1.3800973,1.2273967,1.2584304,1.1771721,1.2815204,1.0989995,1.2561102,0.97935134,0.9777812,0.6487904,1.2022815,2.1888607,1.2761818,0.9551803,0.52991915,1.2587098,1.4810541,1.3361913,0.64453924,0.37448564,0.49306196,0.6557006,0.40409896,0.16745289,0.13987054,0.38823768,0.53280395,0.36645165,0.99095845,0.5803768,0.4000883,0.35498145,0.69119453,1.3827751,1.1385579,0.73266655,0.795575,0.5993425,0.46382675,0.34639004,0.49057883,0.55882776,0.39274392,0.44258973,0.6902908,0.5220888,0.36429256,0.65758127,0.554098,0.21764463,0.42930335,0.5107072,0.39955622,0.3936609,0.7073362,0.9288538,1.0104659,0.99711376,0.8944288,0.64954996,0.4922261,0.7352982,0.6079423,0.5349659,1.1870776,1.4246607,1.1433381,2.6752527,3.5288975,2.3192248,1.4491285,1.2057376,1.2330927,1.0794564,0.766131,1.3119819,1.2608176,1.1834099,1.3806734,1.3897016,1.2318958,1.5225416,2.2098677,1.6566895,1.6378387,1.2804507,0.7867657,0.87817365,0.6442128,0.5172179,0.5918571,7.0020976,6.7390428,3.8262231,3.9942176,3.1475632,1.1698391,2.3334866,3.8583865,1.8804111,1.2004039,1.452881,0.87614363,0.96796507,0.8047054,0.8065837,0.5691013,0.30261943,0.69712967,1.0360988,0.92649716,0.84255296,0.5594552,0.41100746,0.41838408,0.39986232,0.37211704,0.33315566,0.46790287,0.3836774,0.2839443,0.31699488,0.37200972,0.2803071,0.12864248,0.42574883,0.48701614,0.38242847,0.3637058,0.46094817,0.15544373,0.06370639,0.057496153,0.08941614,0.34971234,0.507615,0.24638017,0.11768432,0.18069288,0.29142123,0.38234207,0.2717251,0.18681198,0.24551144,0.32681423,0.17294036,0.2550227,0.7396355,0.39000282,0.22637612,0.23435123,0.17693652,0.29356676,0.2340164,0.09331782,0.17329414,0.28639755,0.32846427,0.49615112,1.1191505,0.6354586,0.23979698,0.3041159,0.58747035,0.7694871,0.57325023,0.420535,0.5021365,0.4809933,0.39730883,0.34083542,0.4127272,0.29872364,0.23578966,0.28580573,0.49560994,0.53869784,0.33488256,0.18477523,0.24256617,0.42767367,0.20781548,0.25937515,0.5079075,0.1574202,0.24898732,0.54938304,0.64393884,0.48483637,0.31516328,0.16956763,0.15002756,0.16473407,0.29307663,0.5660666,0.8598351,0.58356905,0.63895047,0.5067434,0.5759017,0.37709287
1.6018351,1.6230718,5.006909,11.601217,6.1835585,3.4501379,2.4664187,1.1048374,1.2276714,1.868849,1.595801,0.805772,0.90277594,1.5362041,1.0671276,1.1491987,0.85382545,0.40361834,0.5560712,0.82286924,0.9705445,1.0650771,1.2065474,1.4654374,1.7271731,1.7621878,1.3092885,0.7944961,0.5503368,0.39291617,0.34471065,0.8689322,0.53268284,0.465003,0.24290635,0.1542102,0.19158065,0.6573314,1.137052,0.839222,0.17104594,0.06963602,0.0496373,0.05139046,0.054449685,0.13046937,0.2790856,0.25603336,0.33477634,0.64361864,0.46726307,0.3218667,0.3760822,0.7068743,0.9166116,0.66460603,0.77323073,0.99796647,0.4947192,0.5687305,1.3577428,1.3739545,0.9006598,0.36084402,0.8337924,0.40439737,1.0946535,1.532545,1.4818393,1.0175471,0.8283306,1.0717776,0.9920221,1.4553727,1.1925766,0.50058144,0.38714492,0.6579988,0.6574016,1.1369948,1.2987348,0.9497848,2.3473027,1.1749268,1.4900526,2.0174577,0.5588402,0.3682505,0.47889543,0.57143956,0.81483346,1.2188534,1.9459851,2.804955,2.9955773,1.8187896,1.8228028,2.314148,0.9227465,1.6709242,1.7722092,1.1420976,1.3788925,1.9005933,1.0537448,1.7678475,2.2224529,1.3359796,1.2201173,0.74076426,5.955349,5.32595,7.9995174,2.7309825,1.0934403,1.0999521,1.7387927,3.131912,3.135987,1.726762,2.535874,1.9164767,0.87358683,1.3195467,2.2540796,2.3396628,1.3234138,0.36170223,0.6597921,0.6690454,0.28929916,0.70480436,1.4502589,1.3103905,1.738709,2.100436,0.6899491,0.45568025,1.2707715,1.4193424,1.3394185,2.0718498,2.1265862,1.0687435,0.9874202,1.1993296,1.5988156,1.0089365,0.64959806,0.40319976,0.29552537,0.26441172,0.4625247,0.3243779,0.6194768,1.0526732,0.6849422,0.9409332,0.6823917,0.9353432,1.4858592,1.2373781,0.5950499,0.4674649,0.46131027,0.82603264,0.45700544,0.49124798,1.0949484,1.1290216,0.494597,0.75980103,1.0713371,0.5623544,0.82095456,0.8424028,1.1514732,1.023057,0.5034827,0.4967298,0.5168241,0.5684529,0.40360138,0.53300667,0.6348289,1.2286433,1.2871717,0.76422,1.2502251,1.751016,1.7284528,1.1227044,0.6244252,0.53473175,1.3125234,1.6929994,2.5858777,2.890082,1.9734979,1.6486357,2.7482224,3.2832267,1.8009124,1.6814142,0.9799453,0.91379905,1.759887,1.6912886,2.3039465,1.6820977,0.90477395,1.0345097,0.8160451,1.2817504,1.4765109,1.689533,1.6092705,1.6722096,1.4056963,2.1805637,2.8740926,2.304152,11.409753,7.120755,2.5181024,0.98476243,1.347898,3.2606537,2.6641498,1.4895763,1.5412741,1.0043861,0.9422138,0.7925135,1.2189556,0.9030295,0.413742,0.2723695,0.5525492,0.797654,0.75431514,0.5453817,0.29258466,0.5688114,0.40105584,0.47402397,0.39975718,0.33318448,0.37111908,0.37655166,0.17701985,0.13875918,0.35116562,0.16851678,0.3340911,0.4384219,0.42435646,0.21255572,0.45743066,0.26382548,0.20333757,0.15756325,0.26531482,0.3411384,0.35954738,0.62355775,0.44669515,0.08585491,0.17469144,0.4835738,0.24508865,0.22539185,0.183668,0.2538758,0.24929918,0.0819736,0.27341774,0.18199237,0.2032388,0.35912627,0.23073214,0.1789656,0.23400582,0.44110715,0.3630724,0.18054953,0.33465475,0.23926361,0.5885916,0.35360613,0.2477583,0.369993,0.34016874,0.40951645,0.36385134,0.3331584,0.3650468,0.21246739,0.15976366,0.23167722,0.31711876,0.24021848,0.20870203,0.10023782,0.23166113,0.28429922,0.39791587,0.25784492,0.115744166,0.3127275,0.30043438,0.075722076,0.13850021,0.33422777,0.35908976,0.29943976,0.34504247,0.16537468,0.18794917,0.40554127,0.33336204,0.17230707,0.36712974,0.2522143,0.2995947,0.23070873,0.38023195,0.33785084,0.27463108,0.1471041
4.834293,5.6900926,7.804481,2.3091137,2.4305797,3.1030877,3.6193874,3.5453572,2.7662137,2.9813225,3.8045986,3.0215015,0.773512,0.6642316,0.9869702,1.5339546,1.2808794,1.3234416,0.9192724,1.8204755,0.82295567,0.7923447,0.48391685,0.44783267,0.3656526,0.43571675,0.6088958,0.4601108,0.39512643,0.4483248,0.33078748,0.4745306,0.5989263,0.83586824,0.7406937,0.38370985,0.4153446,0.52023774,0.2879876,0.25490728,0.21432355,0.11896495,0.057801954,0.02965818,0.057220988,0.17422251,0.43482235,0.11798778,0.45001078,0.4968516,0.29810548,0.28847462,0.45361087,1.1187584,0.9105763,0.567957,0.44822922,1.0623876,1.0877897,0.5343328,0.70233816,1.1500049,0.7597795,0.7615632,0.78531986,0.3522902,0.25300112,0.76583487,1.6203488,1.5607047,0.771282,1.2752393,1.4080447,0.50319135,0.4920996,1.0042127,0.64896846,0.8287913,0.6928174,0.41399676,0.6151387,0.47342756,0.9897763,1.0121403,0.5119131,0.4423875,0.42396337,0.765952,0.7762294,0.612999,0.4188332,0.7027414,1.7122025,0.9926506,0.7465059,0.3704278,0.4913362,1.0574727,2.1409326,1.4580668,1.1251146,0.7977229,0.9635631,0.98581326,0.6728105,0.6790141,0.8026475,0.8188364,1.6905265,2.115472,3.6561987,4.1398563,2.0434825,1.6719252,2.1024683,1.8705343,1.9354316,2.0864537,3.3028958,3.8104334,1.7493883,0.7051057,0.9907667,1.3548357,1.5325094,1.3618348,1.5323533,1.3771024,2.0874224,1.4959178,0.39007857,1.3673673,1.4583771,1.3779962,1.4896243,0.8497654,0.76781076,1.2303759,2.349637,1.8393301,1.7937864,1.9283315,1.7613645,1.5405728,1.6721901,1.7480335,1.5017715,1.4640757,0.9360466,0.7027697,0.6952164,0.53238016,0.56285566,0.18029763,0.1709322,0.34607977,0.5598471,0.9001086,0.5439146,0.5389746,0.4676661,0.30234778,0.44307458,1.5490466,1.975905,0.8414317,0.669518,0.96718127,0.43871725,0.63653165,0.9348852,1.2011931,1.0595076,0.5545863,0.7688467,1.3474519,1.2658741,1.1752428,0.85154194,0.9154212,1.5681669,1.0105453,1.1399561,1.456716,2.004691,2.4497368,2.886213,3.3677826,2.5266328,2.2747018,1.850994,2.4642935,1.6129203,0.7196359,0.74495625,1.8332525,2.2750232,2.1023662,1.6261166,1.748201,0.59439677,0.7426934,2.1588795,1.6145318,2.1110365,4.4655557,2.3771427,1.4177896,1.8191164,1.3282977,0.72475904,0.9183042,1.8027034,2.0834453,0.73098534,1.3384135,1.6261635,2.4368699,1.4247253,0.50192887,1.2403084,1.1949695,1.9027903,1.5292444,1.5387573,0.40952277,0.67088103,0.9529989,1.4724092,0.67404187,0.2840611,0.5535739,0.6025857,0.4959048,0.82102287,0.58133423,0.6209384,0.46827012,0.5036863,0.76657784,0.6535906,0.55132914,0.5721855,0.35906166,0.23155005,0.36065468,0.32744402,0.4094265,0.79140604,0.61410964,0.5878208,0.55016166,0.33526415,0.47741467,0.5056504,0.2402259,0.5523035,0.32649097,0.5254894,0.52238595,0.2788239,0.13068505,0.284758,0.25453383,0.22064628,0.18548562,0.19376312,0.17707308,0.10020127,0.17085181,0.17838679,0.16105533,0.21916269,0.10498346,0.07521738,0.05291226,0.041719433,0.12519695,0.21114191,0.17393953,0.1583251,0.1370999,0.21704009,0.2056535,0.1865852,0.27859768,0.19075911,0.12332518,0.1851043,0.24332124,0.15505323,0.089922845,0.17527056,0.16764706,0.12667629,0.17507176,0.14456235,0.10580873,0.14924705,0.15093003,0.25261414,0.15784056,0.14044847,0.077387206,0.03415027,0.085366935,0.10315654,0.108231686,0.13714965,0.14366549,0.12691204,0.12958923,0.10977267,0.15866363,0.18877573,0.11639894,0.16060415,0.18278624,0.08009038,0.08390973,0.06958236,0.0640802,0.20192936,0.1582323,0.091332026,0.049937412,0.116130054,0.15541326,0.12026577,0.10799999
1.0915416,1.382256,6.497555,3.2228494,1.9386407,1.7173388,1.7037686,1.8678962,1.8681866,2.6191065,2.0989122,2.2209172,2.0836742,2.1924162,2.0994399,1.6904227,0.771171,0.9773438,1.0607022,0.7217112,0.64628136,1.6368937,1.4000822,1.9806876,0.91210324,1.0047693,1.4982191,0.70779496,0.5939164,0.27494037,0.30826533,0.39171022,0.26857814,0.26844037,0.62427056,0.38060367,0.15701376,0.42494944,0.2901109,0.17686738,0.07636183,0.07668282,0.050496522,0.036303967,0.08378518,0.16375944,0.23266669,0.36890423,0.24140258,0.5735789,0.43486854,0.36010814,0.31897786,0.550733,0.5227572,0.6275249,0.4972647,0.5310906,0.94933516,1.0100708,1.0144995,0.85857344,0.5231837,0.42111734,0.5512122,0.6517819,0.5441003,0.505155,1.1991572,0.65413654,0.5121538,0.75571036,0.50995505,0.62277937,1.8527014,1.0281155,0.51094913,0.56971085,0.75502187,1.2513493,0.8193984,0.63552,0.9634615,1.0071433,0.6104029,0.20019034,0.2444026,0.3611831,0.5473656,0.595847,0.39455038,0.6093729,0.5648363,0.51431173,1.1060631,1.4206078,0.81751883,1.2136765,1.5316501,1.8618929,1.4271472,0.4435263,0.8537189,1.289833,1.0115217,0.94380444,0.9441958,0.8102143,0.8515412,1.3996961,2.4270644,2.3198068,4.5361056,0.79630697,2.3655102,2.8633723,2.456727,2.3093393,2.7809339,1.7336612,1.794126,1.4357659,1.2671112,0.4301792,0.5067566,1.0916812,0.7856617,0.53607225,0.7845724,1.1663691,1.1852928,1.0508857,1.2046967,1.0206368,1.2267649,1.8370636,1.2456393,2.4592943,1.0906867,0.72493625,1.739388,2.3460248,1.6964574,2.5983999,2.8582313,1.5237267,1.8018422,0.63116217,0.5765416,0.54201317,0.3340324,0.19682862,0.098556526,0.12070007,0.22967453,0.2511816,0.47464603,0.8924936,1.27443,1.5980686,0.89231557,1.1867173,0.9359566,1.3693863,1.1968105,1.6729972,2.3606665,0.86622864,0.2955334,0.37409994,0.46927366,0.90022874,0.65942717,0.8511532,1.4188907,1.9558691,2.5882583,1.7338424,1.2758578,1.9645947,2.2803094,1.2236722,1.4138359,0.90773094,0.82840955,1.2384739,1.037826,0.6298518,1.6405103,1.6616017,0.7877871,0.70169836,1.3034725,0.6245725,0.6015418,1.0186609,1.2273895,2.07445,2.754931,1.7396638,1.217922,1.8548346,1.7690382,1.3196096,1.4271094,2.1243203,2.3083498,3.3018124,4.8254924,7.291936,7.690297,3.881924,3.6266718,3.1191533,2.8690133,1.9298244,1.2487165,1.8365294,1.7385494,1.7725226,0.9363253,0.8936106,2.033749,1.4608442,1.0913347,0.8120835,0.5306151,0.7233935,0.7842483,0.49679038,0.40395534,0.49253607,0.55211246,0.123218715,0.89559555,0.636912,0.47549832,0.4199223,0.21362658,0.9853624,0.59187883,0.6279317,0.7656295,0.37411177,0.44882298,0.8252252,0.32535502,0.6597856,0.85596716,0.19706084,0.6680575,0.65097255,0.45974472,0.68538356,0.44699386,0.20917313,0.55437255,0.4272363,0.47418115,0.34889337,0.11545988,0.16409062,0.17423968,0.12042392,0.21847323,0.10462237,0.118598856,0.17172915,0.12238148,0.13021941,0.14926262,0.19535081,0.33651885,0.3133135,0.07459905,0.2000913,0.4330325,0.13734457,0.10677926,0.1737681,0.072786406,0.14098781,0.09101934,0.09384576,0.09307741,0.15349582,0.16368346,0.11877256,0.2967638,0.21461481,0.13608465,0.160428,0.091559015,0.058123983,0.07486812,0.09747118,0.09797941,0.27734235,0.25728977,0.16142125,0.14240474,0.076404445,0.16782302,0.058597453,0.07101571,0.106518775,0.11591071,0.11255224,0.08116903,0.06633697,0.078992315,0.04931856,0.086649396,0.14507055,0.12696938,0.09213703,0.11540006,0.14199084,0.17928484,0.11583302,0.10196837,0.037347622,0.09199765,0.32488558,0.21310622,0.1402675,0.14660144,0.08645289,0.077238545,0.056803577
6.0915084,5.0539436,10.25156,6.909409,12.592531,8.661749,4.654434,6.1404195,3.2067654,1.2097691,1.2993975,2.1360893,1.7048993,1.706019,1.3119409,1.4583417,1.335301,0.89501566,1.0541412,0.854491,0.6882168,0.6238666,0.59084547,1.0223807,0.72091335,0.6745449,0.4768401,0.5107003,0.4126803,0.4456675,0.48102608,0.5480026,0.33929542,0.28686124,0.5702245,0.43190756,0.4549113,0.5029729,0.41307542,0.12990499,0.108316034,0.07702772,0.036945283,0.058429778,0.12557785,0.10081491,0.08167169,0.13829246,0.23204915,0.37455857,0.71417266,0.42496058,0.29977232,0.94992673,1.1262325,0.46235803,0.7852327,0.5921014,0.31806377,0.59253824,1.0171673,1.8388234,0.93955684,0.6511305,1.7335802,2.2254875,1.049133,1.2890253,2.0604625,0.90951955,0.400423,0.6302621,0.8294194,1.0317172,1.7807431,1.7788066,0.9793043,0.95887774,1.0222139,0.4497537,0.7451707,0.98851794,1.8512368,1.3942273,0.82313687,0.7592071,0.6938466,0.8327378,0.66740054,0.5751062,0.3681414,0.3486627,0.6476686,0.90960693,0.69160354,0.55287546,1.4080062,2.3107722,1.2538135,1.1278138,1.0309362,1.8590101,3.1881633,2.3709,0.97616804,2.2743504,3.1917465,2.7950728,3.1121898,2.343762,3.09918,2.5344543,7.4007425,3.7046118,3.7110627,2.7317686,1.1212691,1.9315337,2.8681483,2.2883615,2.2714486,1.297085,1.0445645,0.99611586,2.3440883,2.2511876,1.5053344,1.303458,1.0092367,1.0247449,1.5103813,1.988589,1.070285,0.5140738,1.6948766,2.910108,1.0868609,0.954025,1.7956238,1.1383635,0.814996,1.3345013,2.054105,2.1042976,3.8085418,2.338252,1.9103465,1.631353,1.3366383,1.3027004,1.3843526,1.0424583,0.7698285,0.3077191,0.4011907,1.0854852,1.1817596,1.0104363,0.87152314,1.5471839,1.4547687,3.615418,3.7734878,1.5589634,1.0200653,2.024638,2.4063733,1.4393351,1.3655938,1.1100837,1.8911422,1.1674566,0.99675095,2.215589,2.5244434,2.6196935,1.4024051,0.8676799,1.5121331,4.990647,3.7264311,1.9216957,1.4579035,1.9572217,4.1096897,2.988792,3.1491272,1.8356185,1.7931007,2.1480706,1.771809,3.336063,5.6075106,2.7731047,2.301876,2.0664067,4.4686503,5.778211,2.8242977,1.7403083,1.308565,4.4317007,7.6074777,3.4110758,4.069991,10.256669,8.132898,4.015217,2.9911838,3.478855,8.914818,5.0125294,2.086522,2.2149332,2.647221,4.652616,7.0646796,4.183163,6.1251593,7.8298573,1.5347888,1.1965349,4.9906654,3.0290003,1.1865991,0.26898298,0.2159669,0.6377449,0.6045382,0.51325566,0.47593608,0.13121672,0.3020918,0.4939779,0.82381034,0.7172785,0.3820093,0.4287721,0.18209666,0.21652885,0.5330452,0.7415732,0.42733866,0.22031252,0.23071848,0.36396325,0.42385912,0.8918837,1.0112923,0.39839882,0.3467708,0.60725254,0.47317156,0.6437067,0.79775727,0.16372123,0.40378335,0.88423645,0.4982433,0.21314745,0.42136627,0.2753444,0.17794071,0.15306348,0.20419851,0.27884588,0.34293306,0.18401282,0.1486555,0.34370488,0.15556325,0.20437877,0.095186986,0.19284213,0.18792203,0.15959983,0.33896017,0.28078055,0.22359565,0.21586554,0.26418093,0.20476624,0.13343577,0.106419586,0.1249582,0.3928551,0.22548011,0.16548854,0.33508107,0.17326571,0.23616062,0.41900408,0.57223135,0.30003867,0.28770387,0.16598862,0.06845389,0.12321442,0.19454892,0.20139043,0.13091299,0.3319062,0.2698036,0.15923421,0.1974284,0.2328019,0.38044536,0.45565814,0.34066716,0.37191874,0.4416608,0.34297246,0.3936339,0.3423506,0.26613194,0.29656956,0.42237213,0.44989136,0.43374813,0.20492738,0.27255258,0.24070069,0.16039829,0.09483955,0.27259985,0.4029999,0.27950588,0.25775856,0.23034969,0.24819644
0.30420765,0.35355106,3.6022851,4.641714,1.4895633,0.61955285,0.80391467,0.9618733,1.5746984,3.1450257,2.0686991,0.78272516,1.2600213,2.5535355,1.1773148,0.6981711,1.1439711,1.1137205,1.1410788,1.5652646,1.8563279,1.2956467,1.0584853,1.4870224,1.3251436,1.2060677,1.7796718,1.4376346,0.57558906,0.6486844,0.7908858,0.291375,0.7167721,0.9957267,0.31288272,0.32914135,0.28519082,0.31242058,0.24124125,0.15408157,0.088436134,0.121742025,0.050202027,0.02010792,0.036542375,0.08448192,0.22223954,0.31307527,0.31810772,0.6811467,0.64119995,0.71851873,0.51458466,0.6638135,0.7408054,0.803254,0.62696934,0.79432577,0.85272694,0.5602289,0.37530318,0.56008166,0.64109415,1.004599,1.432571,0.8242711,0.63850933,0.62779254,1.8006324,1.2636194,0.9944577,1.6838996,1.069611,0.7673152,1.3608359,0.7337436,0.83229846,0.67837834,0.44913116,0.6494527,0.70805424,0.69891006,0.5084352,0.7148136,0.5422997,0.74599946,0.62467176,0.8400384,0.64111584,0.5722302,0.5376207,0.47312796,0.7881046,1.2938228,1.7533723,1.6626078,1.4062092,0.96489364,1.2639447,1.383654,1.6696504,1.0932361,1.9806511,2.0484319,1.0130081,0.50381285,0.27547333,0.67655414,1.435061,1.0269747,0.72352785,0.78898484,4.046264,1.8785224,0.8094521,0.878719,2.2570403,2.7993865,3.3711236,2.5789592,2.8617165,2.323524,2.081584,1.9673548,0.4341121,0.55332696,0.43108362,0.8417464,1.0061256,0.8609912,0.70102465,1.4826179,1.3747237,0.8053272,0.8237044,1.2006667,1.0895001,1.3693808,1.3958579,1.2714854,1.5574754,2.605442,2.1011503,1.2470013,1.0544686,0.96701336,0.8195088,0.5407583,0.92352253,0.78703916,0.5675282,0.31616485,0.30655718,0.3055233,0.43802428,0.5909578,0.45174867,0.51371586,1.8597462,1.2783202,0.45006353,0.54318494,1.9232734,1.8666699,0.98016346,1.8654886,1.9626348,1.8442117,1.0815277,0.9220772,1.1072577,1.2705609,1.405813,1.67478,1.279703,0.96599877,1.2496054,1.023387,0.5635163,0.88919944,0.94044554,1.2040253,0.4297478,1.3792877,2.1502728,1.4680903,2.7769582,2.9368303,2.1718435,1.7061228,2.1288557,0.34320828,3.228118,4.076838,1.403964,1.0833534,1.9921081,3.068338,3.8231363,1.4917781,1.5146425,1.5466557,1.9905534,2.3152869,1.5925633,1.2177505,0.9326209,1.446806,1.7276506,1.4671038,0.76238364,1.1705059,1.3508593,3.3532994,3.4220421,1.751137,2.1873531,1.414175,1.9944922,3.9373589,0.34122595,0.3755101,1.2132332,0.927932,1.1938978,0.5279753,0.44006708,0.67978245,1.7579552,0.6815209,0.7604223,0.7873161,0.55165935,1.0294242,0.77591634,0.36092195,0.18434107,0.4248312,0.37025696,0.48584092,0.46589446,0.49473155,0.59760606,0.35747644,0.21575195,0.33937424,0.46004513,0.49544397,1.7046491,0.73862505,0.22999495,0.47468042,0.5132076,0.32749018,0.3249042,0.1795178,0.24930625,0.33202517,0.20722565,0.2881067,0.1841674,0.1967101,0.27738178,0.13451588,0.21122505,0.23330286,0.35306615,0.28014666,0.11377172,0.1207622,0.21336232,0.30677414,0.15125988,0.32662934,0.2822389,0.39205408,0.6442381,0.25608957,0.23783086,0.12416858,0.07140718,0.13431443,0.16657339,0.14452828,0.18755786,0.27202815,0.24095616,0.10241217,0.16256382,0.0800466,0.28123507,0.41810104,0.29515648,0.35632446,0.203239,0.19977273,0.29754817,0.24818645,0.121502556,0.07558724,0.1280722,0.17651883,0.09723132,0.13899322,0.16269389,0.11862438,0.14373158,0.21265347,0.436556,0.3959668,0.2658275,0.19388819,0.11725671,0.17442976,0.20063865,0.21922517,0.1661261,0.08858369,0.14759457,0.0999525,0.08815501,0.16201894,0.2784347,0.13978894,0.12746383,0.1029597,0.14511247,0.1897698,0.18738729,0.09303532
2.5332932,2.7224987,3.5467958,3.4566848,4.56491,2.5417166,2.073639,2.8535311,1.2103236,1.6380099,2.7396252,1.8488986,1.119099,1.8166562,1.0106326,0.36049876,1.4419805,1.6130048,1.282296,0.52956235,0.36588842,0.56527275,0.84247667,1.4521586,1.3525503,2.5409522,1.8677838,0.923993,0.63223016,0.40406385,0.38281575,0.5340353,0.6164541,0.5662858,0.31087062,0.33604643,0.56617945,0.49902448,0.3751981,0.3833254,0.12619947,0.07085644,0.07034606,0.057597615,0.07966398,0.09861716,0.22863059,0.25226152,0.3301704,0.7877297,0.40414202,0.17577484,0.6326583,1.3450503,1.2133749,1.2703354,1.8055708,1.267515,0.37015334,0.45213822,0.5348717,0.7597677,0.5320942,0.43125498,0.6755446,1.089242,0.8260393,1.14525,2.6999521,1.348196,1.3601491,1.302505,1.1682845,0.9108661,0.89778334,0.53148896,0.45400566,1.1882634,0.57261384,0.86635387,0.95814633,0.32212934,0.5479004,0.9954933,0.54365724,0.39576837,0.5784328,0.753409,0.48797494,0.5095326,0.50413406,0.6412735,0.9508534,0.48482004,1.2178364,0.93838465,0.7955787,1.0235372,0.8693878,1.1981236,1.2200599,1.1177944,1.4247041,1.8853159,1.2485092,1.5294671,0.8403256,0.6629148,0.8027354,1.5375952,1.3629016,1.0733365,2.5675669,2.9597096,3.477395,2.6632504,1.9251696,1.5984131,1.6473095,1.5707812,2.4970417,1.0269976,0.8344179,1.1021556,1.5341445,1.3452386,1.0984279,2.318446,2.1517644,1.4950511,1.0286722,1.7351528,1.4953743,0.9020985,0.7805464,2.031963,2.3571875,1.7792392,2.0210214,1.9945561,2.0280519,2.1799011,1.4984901,1.102394,1.1573808,1.867817,2.0021973,1.2309803,0.40460038,0.855813,1.1062922,0.43284634,0.32237923,0.1851381,0.34426814,0.2076346,0.24465036,0.70642215,1.2720162,1.0560627,1.0730191,1.7950429,1.1228563,1.9073821,1.3291711,1.5182265,1.8095204,1.778926,1.2206881,0.9256789,1.2506706,1.0835632,1.1955065,1.5310239,2.1355455,2.9683678,3.217257,1.6695933,1.2495929,1.1447349,0.9517896,0.7715235,0.59999347,1.2139,1.4908977,1.2221543,2.9086974,3.006393,1.4455465,1.3878303,1.2739385,0.99577814,1.6550338,2.6573272,2.612542,2.7238328,2.1306179,2.036326,2.9523685,2.0118327,0.8166043,1.3667603,2.82964,3.318239,1.211453,1.537174,1.9544914,2.8683832,3.8923614,3.0125494,1.6964668,3.2097714,2.0898504,0.8911691,2.1434562,1.8209263,2.4319425,0.9813109,1.0814006,1.861746,1.2478622,1.316558,2.726692,1.3804708,0.5518262,0.256123,0.25476706,0.9429512,1.5528855,1.0006478,0.68676984,0.29030782,0.8095335,1.0294305,0.7151035,0.3107594,0.36884454,0.52873486,0.7535323,1.0677717,0.92912924,1.0684994,0.6515378,0.41655725,0.9977285,0.9809016,0.76409465,1.1243817,0.81341577,0.46979567,0.32975218,0.3882553,0.7811722,0.4792625,0.84836787,0.7981159,0.64064723,0.7730851,1.0054573,0.5799746,0.13736613,0.25371164,0.16783254,0.15896273,0.45548376,0.39614102,0.29051882,0.19337957,0.1978859,0.41118148,0.14979036,0.15856723,0.33594942,0.3956088,0.26799342,0.1808223,0.30910236,0.2203191,0.36458007,0.2425518,0.3233684,0.31873778,0.24107043,0.18906729,0.1866795,0.199541,0.12285422,0.10800829,0.35814592,0.2268591,0.09592405,0.14990938,0.15447299,0.17044698,0.250047,0.22785547,0.2038909,0.15271248,0.11405181,0.033704195,0.035985734,0.16871752,0.15240254,0.1378079,0.16263057,0.18543881,0.111320175,0.069004804,0.1733125,0.16250446,0.15263304,0.119655214,0.15811817,0.107069075,0.26802257,0.26746666,0.1815912,0.24233642,0.29405162,0.20710956,0.06690441,0.105865814,0.2756517,0.15533127,0.08229543,0.13064665,0.27223423,0.14168598,0.14469662,0.21260408
0.461845,0.28698018,3.0986848,3.83692,2.3128266,1.5036672,1.2893401,1.1946208,1.3981355,1.803997,0.82909775,0.7815243,1.014977,1.0136899,0.4168875,0.7776283,1.3130034,1.959702,1.8733088,2.1285558,2.0054882,1.2674572,0.9996076,1.2538288,1.0436884,0.98720044,0.72622305,0.60375047,0.8332776,0.55289876,0.65502864,0.97663206,0.5772362,0.6065879,0.5024684,0.29564896,0.28466472,0.21455921,0.15044768,0.30395764,0.15511379,0.0730351,0.05182896,0.06557397,0.06628087,0.12215902,0.11249508,0.123923406,0.18036643,0.31725928,0.52310234,0.33308345,0.52319705,0.5905546,0.9945845,0.73559076,0.61863434,0.85527545,0.7504326,1.0646483,0.6214259,1.3330522,1.730372,1.8308,1.1534796,0.40215144,0.33113205,0.76191735,1.0910062,1.3457062,1.3438828,0.61846864,0.5971216,0.5717682,1.2306199,1.310197,0.78647864,0.72980875,1.0956744,0.90506977,0.49503347,0.91639847,1.7933807,0.92402697,0.70040834,0.59447765,0.79084224,0.6262693,0.22659568,0.24909882,0.71735144,0.89264977,0.6996782,0.9644836,0.99516565,1.0271015,1.0814986,1.0645249,1.796656,2.789433,1.6104532,0.74777603,1.7884231,1.6409085,1.6109955,1.0825461,1.046222,1.1900868,1.6192675,1.7870163,2.7729783,2.4086711,8.379979,3.9527206,1.7425532,2.4683836,2.4064763,1.2299237,1.1849923,1.155894,1.4053186,1.259493,1.526323,2.0289466,1.8313271,1.3789612,0.49723685,0.4208792,0.53913224,0.59070116,0.58769625,0.46767914,0.7371635,0.7136011,0.7831788,0.8759067,1.4279547,0.78329736,0.7259892,1.8290151,0.54747236,1.2065485,1.7433658,1.1053928,2.3545327,2.0460086,2.4622004,2.2895339,1.0597371,1.1881709,0.7991282,0.6410642,0.62993115,0.37058517,0.8349996,1.1223214,0.8019037,0.4321141,0.98900205,0.85685706,1.4459459,1.9113799,1.8312488,1.2850575,1.1445373,1.8234346,2.5335083,2.4826846,1.2242538,0.9510307,0.7619466,0.6334416,1.3328372,1.3190758,0.5539104,0.5247273,0.48611334,0.573521,0.5315994,0.8736048,3.60855,1.7234071,2.6977503,2.7248964,1.393073,1.7578554,3.565417,2.0903325,2.1945627,1.5369184,2.107767,1.848313,1.4894923,2.6532767,2.904393,1.5576606,2.3231556,2.2740161,2.8759718,2.1003318,2.6815364,3.359693,3.2866561,3.6357148,2.7391346,5.0536966,6.8919554,4.0911703,2.3137956,0.75864416,0.47928876,1.4880794,3.034613,2.798516,1.4829353,2.8112283,2.487163,1.1947113,1.1911242,3.346708,0.2360477,0.40369877,2.9601586,3.543814,1.5897028,0.61385995,0.70796406,0.9452107,1.3570304,1.1316025,0.45180637,0.3932896,0.87344897,0.84833354,1.1384522,0.91539866,0.5472347,0.420824,0.7139886,0.6909514,1.2540267,1.4001759,0.49300492,0.32652703,0.7858807,0.61584055,0.25958285,0.50456727,0.69779027,0.54980797,0.7284503,0.498566,0.5994461,0.49896032,0.6764392,0.63870513,0.61196506,0.4449223,0.453514,0.3000473,0.2103542,0.24463335,0.115581945,0.13136524,0.30966374,0.19978534,0.14713289,0.1462359,0.24607727,0.3272791,0.36242566,0.33783507,0.392516,0.5287666,0.37255538,0.2970347,0.36445802,0.26870465,0.4380755,0.45678335,0.27826595,0.21622588,0.38007262,0.29694876,0.22513177,0.15511374,0.12554716,0.21941258,0.21659714,0.1252873,0.08855923,0.1052596,0.095290065,0.35847035,0.65737027,0.2873846,0.18393086,0.20272863,0.15260252,0.13661394,0.120795436,0.2755983,0.16220634,0.08771128,0.15521546,0.14220037,0.14903352,0.28776142,0.41067803,0.24306501,0.1936415,0.20341466,0.251294,0.2765303,0.1937913,0.25179052,0.22557108,0.16382572,0.13601743,0.14342383,0.05540307,0.088553995,0.23035696,0.13140675,0.1405604,0.17127533,0.12910654,0.14218669,0.14996567,0.11527831
2.244501,2.3820813,14.149332,9.18848,5.537924,4.436653,2.6626067,2.1548438,2.3779604,3.5580795,2.2680712,0.9806249,0.7567284,1.2473514,1.2653153,1.52621,1.4564857,2.0485826,1.4867063,0.43458933,0.5699872,0.63415974,0.5256027,1.5584662,1.3785352,1.2424195,0.76650673,0.8295201,0.6499824,0.62688386,0.5761584,0.86753035,1.1067239,0.9071464,0.7011159,0.17738236,0.103888996,0.1485845,0.19835907,0.23201522,0.074308515,0.044782262,0.050779473,0.053409964,0.12713826,0.10903193,0.22573555,0.28575107,0.3727154,0.75645304,0.7223244,0.6113633,0.4797639,0.6441186,0.39420506,0.42899302,0.34154388,0.27989694,0.6972798,0.9598246,1.2857972,1.9525207,1.5632054,1.5058848,1.2708702,0.70925635,0.8456892,0.23279288,0.6453442,0.7585437,0.80750006,0.6908247,0.82782656,0.93714595,0.7945421,0.68763137,0.3017015,0.23252265,0.37344164,0.91271806,1.1117424,0.879917,1.1312343,1.1168753,0.7608744,0.7046176,0.52501106,0.34103814,0.23162903,0.43723762,0.45198125,1.0349205,1.8111234,2.0140092,1.3317134,0.99780095,0.522971,1.3025393,1.2558845,1.2441024,1.9091974,2.3627572,1.4831526,0.88597846,0.808647,1.2313406,1.2667726,1.041207,0.9709913,0.85416037,1.1369592,1.0280021,5.019297,2.9480858,1.8178581,1.0977248,1.7223506,1.3956583,1.2587001,1.6703384,1.9858979,1.3503722,0.79897547,1.2254229,1.0451733,1.2719824,1.9328743,1.7864379,1.5110213,1.3860747,1.5161328,1.6946589,1.4707984,1.3498276,1.3791382,1.0022926,0.75382215,0.8965455,1.2720203,1.0732255,1.6098078,1.8435885,0.8123983,0.94802874,0.45553946,0.65076005,1.9352596,1.0758029,0.76948977,1.4815893,0.7951459,0.48817733,0.4354473,0.2966642,0.26353878,0.33008367,0.48398355,0.6126872,0.7518047,1.06291,0.62680024,0.41936797,0.31288674,0.553388,1.8862696,2.1009839,1.0196451,1.4639268,0.65803635,0.9826277,0.9716458,0.43903485,1.3883461,1.8172911,1.2812635,1.3930584,1.6496464,1.3947909,0.8489298,0.7304433,0.8753436,1.415119,1.5844892,0.7744827,0.7530362,1.8728384,1.8814546,0.57790935,0.69527483,0.85688925,1.5911784,1.0845244,0.97345644,1.122763,1.4891611,2.1222765,3.3278577,1.7224965,0.6069279,0.8830011,0.9111923,0.6389658,0.49481493,0.7136564,1.0282816,2.7992296,2.965839,1.7199241,0.9197829,0.9522201,1.6466253,2.8439133,1.5697819,1.1226184,1.1361853,2.0306997,1.4499092,0.63980985,0.99748063,2.2821314,1.5052708,1.9040664,6.8662,5.4674253,3.1370697,1.6717997,1.24383,2.6868997,2.0962193,1.6750451,1.5053074,0.48732838,1.448632,1.6074561,1.2211922,0.9418541,0.96522737,0.53068376,0.45188373,0.36352584,0.6454693,0.59821105,0.5753201,0.30671895,0.33098832,0.42274407,0.47167075,0.4429098,0.5198101,0.48165146,0.5233441,0.6627533,0.50770986,0.25844353,0.7769146,0.65736586,0.38229433,0.21317889,0.2481167,0.23322825,0.16244042,0.14548616,0.13362318,0.06489696,0.13138361,0.104686394,0.10818769,0.17296143,0.17519556,0.2357769,0.18631995,0.25887963,0.21642871,0.069359496,0.11334753,0.26812607,0.0891642,0.17024758,0.19295847,0.117935985,0.096306756,0.13541453,0.19884393,0.11952617,0.09916562,0.22225527,0.352225,0.2023531,0.41192058,0.2459877,0.059687212,0.093972996,0.2072563,0.2941545,0.12048647,0.17248441,0.17420177,0.13106273,0.08727347,0.114416875,0.119251706,0.13632761,0.08960947,0.16168234,0.14271998,0.10690087,0.2227483,0.26345125,0.16037926,0.19781896,0.055294037,0.041196045,0.076405674,0.09909906,0.11790395,0.2632227,0.20685516,0.1214004,0.12004787,0.04625831,0.07666606,0.09770122,0.108174674,0.06416177,0.109453045,0.12215295,0.053190824,0.064794324,0.077476084,0.07624598
3.1516304,3.420269,7.7550235,8.595264,3.8655138,2.1040525,2.6026936,4.401929,2.4410546,1.6871287,1.7903863,1.4564824,0.80037546,0.9889493,1.1736499,0.7625561,1.4038836,1.0170989,0.79818684,1.132059,1.300202,0.8466758,0.48308203,1.2180165,2.892824,2.3081682,1.545604,2.081148,1.6815654,0.3926714,0.3925954,0.63796484,1.0322534,0.32267994,0.23021086,0.2974813,0.37945595,0.26021445,0.18356842,0.18808393,0.19413432,0.11949133,0.057214875,0.018948661,0.02970099,0.042153053,0.097897865,0.2816922,0.24413918,0.21223773,0.3822295,0.38650957,0.2805571,0.49109596,0.48373583,0.56511015,0.8815857,0.6648361,0.4939078,0.6356811,0.930421,0.8227379,0.87958497,0.7384901,0.9530798,0.91232234,0.97623813,1.0188481,0.7528104,0.73448884,1.0560584,1.2481204,1.0506021,0.3294517,0.583038,0.6419008,0.39779037,0.6024361,0.34133685,0.33429614,0.66199213,1.4880816,1.8032933,0.8096849,0.68773603,0.6634048,0.4826415,0.28692433,0.4022731,0.5006572,0.5328357,0.99177843,1.1707661,0.9638613,1.9213326,1.9809252,2.3418713,1.5202351,0.7979277,0.84817785,0.98144656,0.7891662,1.055149,0.47316158,1.8881974,1.3669515,1.4339601,1.1569936,1.5320399,2.9217715,7.0332937,5.8399253,6.8304996,4.1450872,3.0827792,2.2491956,1.6550072,3.886961,3.068245,1.7513361,2.0420957,1.7812637,1.8131897,1.012161,1.0837781,1.0269254,0.90029615,1.8464042,1.2234094,1.6881013,0.65750957,0.79801995,1.1153679,0.5986232,1.2163635,1.2956029,1.6066518,1.9532236,1.7533998,0.8955026,0.7835579,2.3486412,1.7089608,0.6748777,0.7672833,0.60653967,1.2168756,1.3563616,0.6872194,0.9502722,0.38830462,0.1242282,0.31067476,0.12418785,0.16575214,0.36683065,0.3321181,0.42592502,0.47962704,0.5865247,0.16881084,0.5880329,1.1850092,0.66470325,0.29084513,0.87909377,0.8899751,1.1395149,1.2234503,1.3350482,1.6580386,1.224747,0.77542734,0.4528577,0.7843287,2.9802651,1.5999177,1.0869045,0.6251108,0.78350425,0.40351772,0.6190113,0.61806625,0.65281045,0.730094,0.6810532,0.7438354,0.4296896,0.8257236,0.86124957,0.47224024,0.4517741,0.39199772,0.6891793,0.87033635,0.6421152,0.71290123,1.192081,1.2749542,1.2625138,0.95075077,1.5008429,1.3374847,1.0510206,1.1565315,1.2044125,1.0469398,1.4545419,1.2050929,0.65032405,1.0893844,2.4179442,0.7555153,0.47106192,0.42704228,1.2539753,1.3602626,0.84145206,0.77975315,0.45221826,1.0078677,0.8851348,3.731539,6.6005836,3.1318526,0.96811426,1.0884898,0.7210489,0.8630013,0.4261512,0.8256633,0.8637688,0.8446931,0.7087766,0.5360578,0.3365679,0.3083023,0.6397628,0.47451982,0.62101305,0.36618817,0.50528795,0.53101856,0.28790998,0.2034287,0.31092304,0.6007006,0.7791947,0.5977194,0.29659674,0.25347418,0.16626519,0.17210948,0.17584342,0.5171426,0.17326328,0.22561719,0.23749883,0.20471522,0.11305697,0.12395286,0.08615676,0.10136658,0.1484222,0.16721922,0.2343463,0.25128305,0.194352,0.17127614,0.137895,0.0944342,0.105819196,0.19828668,0.21061565,0.28719088,0.22848855,0.23526673,0.08073406,0.037777457,0.053404078,0.16183057,0.20407823,0.122944005,0.2788449,0.23518965,0.20064583,0.16617385,0.14498802,0.28282332,0.21735674,0.12554768,0.06883922,0.06057666,0.12364575,0.1432387,0.084172904,0.07777957,0.13243303,0.12522435,0.11832554,0.13631786,0.2098527,0.0913117,0.030298302,0.06233281,0.12835942,0.13592234,0.09694937,0.0733653,0.037906017,0.08946767,0.08962612,0.08405646,0.04766513,0.105140835,0.12689021,0.09737568,0.06774167,0.05683157,0.078434184,0.09478387,0.10857627,0.088066414,0.05002674,0.055864755,0.09846975,0.17847557,0.08466529,0.110054396,0.13032448
3.6734557,4.5766187,4.1757216,5.8490586,4.251516,2.1912925,2.4438176,1.7296861,2.1053057,4.511069,3.640564,1.562329,1.2593235,1.6129024,1.0278139,2.6597474,2.28056,0.8922048,0.8423149,0.973671,0.88347757,0.49188012,0.41143322,0.6681486,0.87942386,1.0876546,1.6399553,0.77700377,0.30091926,0.2804004,0.27229816,0.4795079,0.7398731,0.33937907,0.43811187,0.3761805,0.3669977,0.18520986,0.22753575,0.30127683,0.15964045,0.09197345,0.031116713,0.031877864,0.050206725,0.095008455,0.23347972,0.29904717,0.30495366,0.92493975,0.71056724,0.27374998,0.4485716,0.7899461,1.3012005,0.51685923,0.5162625,0.9400173,0.7762032,0.7003264,1.205304,0.9926924,0.52628535,0.64611983,0.5964943,1.3910426,1.2790755,1.3729604,1.6524063,0.9445535,1.0380634,1.3377254,0.72238374,0.80549896,1.4691877,1.4397691,0.83254284,0.8187682,0.8741625,0.5284629,0.7034435,0.77011895,0.49061581,0.44846234,1.0461518,0.93613505,0.29169676,0.11793229,0.29945585,0.4272426,0.51129705,0.42639402,0.6019808,0.8515172,1.5117602,1.4700829,0.9814337,1.1852187,0.524246,0.48820063,0.7938418,0.96524024,1.3635055,1.1629673,0.66853124,0.7187335,1.1693635,0.6811647,0.69167286,2.0277157,10.795621,8.658725,15.649559,11.255856,12.672355,13.43438,7.7559705,3.2909243,3.0120766,8.8946705,10.127812,5.0195136,1.3822962,3.9698937,5.004651,2.5416746,1.3888823,1.9598633,2.6231112,1.6272166,0.9271989,3.1053162,1.5169469,1.0690602,1.5834153,1.5285928,0.8783554,1.8376358,2.1149335,1.5741136,1.6291677,0.8783449,0.4947517,0.69717425,2.3300264,2.7063637,1.16608,0.7727764,0.6119851,0.9666128,0.69884384,0.5228993,0.3873851,0.4204981,0.20973375,0.34367433,0.37068757,0.4951005,0.4849996,0.5672623,0.6158348,0.8224065,0.66077733,0.9425201,0.91695976,1.1335051,1.103287,1.1134653,0.30549702,0.5645561,0.81641906,0.54901344,1.3300093,1.0411664,0.48816347,0.86757547,0.72920424,0.3501063,0.4498476,0.88155633,1.3967931,2.4019878,1.327451,0.5784322,1.1900139,0.7668612,0.47479564,0.73238343,1.3459291,1.5094204,1.6716172,0.71501845,0.70662713,0.695659,0.94175506,0.532579,0.67298806,0.84735084,0.72006154,1.3952024,1.4484262,2.2855783,2.254933,1.4021573,0.7542368,0.6572656,1.9258829,2.4639452,1.6476736,0.71977913,0.6937618,1.2372909,2.028281,1.6579719,1.3970082,2.2254672,2.338018,1.8153002,1.1150018,0.5096395,4.370056,4.6669073,4.9300404,6.2253995,4.210025,1.6697508,1.0740111,1.4549086,1.195703,1.1789905,1.6751422,0.66160613,0.4442419,0.37028372,0.9258929,0.4178261,0.23424874,0.54304916,0.807976,0.47764608,0.20871274,0.41104335,0.34344748,0.5304985,0.29600155,0.28982958,0.18441491,0.257995,0.2818758,0.4218415,0.60139596,0.262973,0.22632581,0.55358696,0.89545196,0.3031114,0.16662604,0.32969272,0.48355997,0.4196769,0.16974992,0.18332331,0.14058931,0.08684972,0.08020949,0.14641611,0.28584448,0.10985236,0.10092236,0.2501161,0.2409996,0.16733094,0.18827581,0.21208784,0.13835964,0.33515626,0.42213047,0.1821135,0.14880224,0.28139555,0.13994591,0.14851163,0.08091798,0.10378182,0.098535776,0.075899884,0.11224191,0.31121737,0.58962864,0.39913374,0.1650443,0.104647994,0.1442436,0.2020261,0.3740693,0.32333368,0.21121566,0.1449484,0.11336175,0.15427007,0.17483918,0.21005766,0.10007735,0.068517566,0.09673394,0.1330592,0.1428572,0.105020344,0.11128675,0.12596121,0.09170941,0.077844284,0.124936104,0.039333303,0.11580951,0.14688416,0.13142979,0.120962165,0.110747054,0.11976609,0.05180695,0.034709614,0.13548478,0.16697137,0.08220626,0.07466104,0.11172425,0.22131754,0.24217673,0.21830054
2.618715,2.486567,0.6492506,0.93744206,1.2043959,2.1894445,2.8701217,2.749455,2.6234593,1.0605865,1.495453,1.7868172,1.0926806,0.7275053,0.9629785,0.85510886,0.680682,0.88023037,0.90325797,0.55809265,1.2363259,1.1229397,0.6857741,0.3986029,0.30489987,0.4052983,0.7495138,0.92481446,0.73757094,0.46296155,0.3706027,0.35703403,0.43042126,0.484596,0.5161362,0.4715841,0.29476428,0.18249261,0.10999103,0.09008713,0.087040216,0.06769086,0.08647114,0.03543837,0.018303992,0.05532608,0.15193969,0.33789238,0.28496486,0.24061364,0.42602888,0.6880585,0.7912286,0.78933156,0.66685146,0.7500499,0.90104795,0.77787685,0.8032936,0.9697104,0.55768514,0.6781698,0.91827136,1.2476246,0.56936365,0.35620883,0.4392075,0.48500443,0.38388914,0.29197827,0.2884292,0.530679,0.42476854,0.32938722,0.3051744,0.29821047,0.25501704,0.4985651,0.7641585,0.5107754,0.6035103,0.51546496,0.3283983,0.29779562,0.2558187,0.301614,0.22853284,0.2257787,0.31396797,0.2955802,0.32370764,0.21265782,0.44065818,0.47893804,0.3073435,0.16394015,0.16254042,0.56040126,0.4770319,0.573185,0.67213184,0.50904167,0.29249516,0.33106688,0.2589976,0.7439222,0.81962806,0.77356356,0.49788353,0.37992266,2.1045325,1.9199415,3.541586,4.7648335,3.046046,2.1665773,2.0320308,1.2076901,1.3180574,1.6989332,1.5659078,1.173018,1.2327021,0.7374484,0.9775697,1.2194098,1.0189742,0.92389816,0.98752564,0.4983494,1.3413475,1.1047269,0.72841513,1.1273844,1.0090412,0.89352375,0.28004503,0.40371853,0.5513835,0.4021771,0.2647734,0.22912088,0.30074635,0.38212323,0.36926118,0.3817256,0.37832868,0.26893,0.18680863,0.14351426,0.15985182,0.14547996,0.05848999,0.03392872,0.024076834,0.016260788,0.03976599,0.05797791,0.07078981,0.13575317,0.18277106,0.2216283,0.24140577,0.32448635,0.41768086,0.3973278,0.29247913,0.108167,0.28266618,0.31481725,0.20181303,0.30547377,0.39462656,0.57401955,0.76916105,0.52232206,0.23075874,0.19208097,0.24229465,0.24804007,0.26724434,0.15343013,0.18855223,0.10237515,0.06372821,0.116229035,0.18672033,0.21616304,0.29375127,0.31174016,0.25372022,0.1954672,0.13336667,0.16997764,0.18645944,0.13952734,0.07141414,0.094163336,0.07797653,0.06902227,0.10128182,0.09415831,0.12232702,0.08146912,0.07489625,0.12826294,0.26679066,0.12155571,0.15518306,0.14294313,0.12583883,0.11231255,0.11951225,0.09180348,0.22308964,0.17398046,0.19339398,0.27741686,0.38234878,0.25088614,1.4857368,1.4835873,1.9293269,2.4910038,1.9242511,0.8726797,1.3101146,2.0564172,1.3793638,1.4593002,1.270921,1.1640646,0.74319947,1.1460695,1.4737,1.1680118,1.3463308,0.7382684,0.53291565,0.74039465,0.8223374,0.67199135,1.6172235,3.674114,4.5285306,2.7790155,0.68851906,1.1272358,0.95002323,1.016043,0.66545963,1.4168185,1.0296562,0.5498268,0.49635413,0.6946086,0.5232626,0.42279878,0.45130625,0.17290367,0.1994432,0.18687512,0.15949512,0.06944863,0.106245786,0.09091264,0.15522136,0.21353826,0.32823598,0.2780308,0.34214905,0.3800061,0.2861722,0.42968366,0.46522298,0.5428513,0.34327918,0.38195494,0.50006205,0.56139964,0.43857944,0.56078374,0.97260743,0.82439315,0.63222617,0.3179163,0.3276374,0.8070852,0.7529087,0.51092196,0.41537556,0.5100618,0.41474107,0.2201768,0.1851115,0.18566123,0.2254905,0.22230354,0.2646428,0.19622627,0.3292582,0.13815302,0.2634042,0.18488695,0.11860906,0.21887086,0.25200713,0.3852123,0.22873202,0.1932995,0.2795231,0.51611847,0.29162884,0.31487128,0.35108164,0.25774384,0.22503626,0.30518454,0.37806845,0.382221,0.36834407,0.27094135,0.27288613,0.43913648,0.29645026,0.2641875,0.30026048,0.17937125,0.23558864,0.43056852
0.6575456,0.483104,1.4850079,0.8541482,1.478257,1.6679422,1.9904363,1.5225838,1.0142156,0.6746893,0.8819292,0.5438414,1.3785274,1.3438892,1.3939033,1.7295676,1.2451087,0.6721521,0.92088544,0.82315665,0.95003843,0.6194094,0.57035804,0.9732976,1.1713566,1.1001099,0.99179137,1.1157184,0.3634209,0.6126872,0.4591426,0.43878326,0.4045387,0.3477252,0.368795,0.32505018,0.37604508,0.20132634,0.09537187,0.13239786,0.075734735,0.07422567,0.069100514,0.025808541,0.027141254,0.10270183,0.19213523,0.15338618,0.13982081,0.21371724,0.45408395,0.7851796,0.838481,0.753384,0.5116873,0.25644326,0.4304008,0.64509845,0.87574714,1.0751125,1.2055962,0.6641411,0.25682002,0.2305403,0.27520308,0.2875441,0.33910894,0.8549031,1.0997427,0.56676286,0.8222861,0.8977586,0.50763077,0.23641042,0.30575043,0.5458852,0.33926043,0.34394673,0.5366687,0.38152403,0.21543483,0.25920385,0.27966723,0.19286078,0.12950586,0.30301043,0.28291002,0.25453612,0.3446794,0.54533803,0.52907723,0.37347603,0.3870442,0.44995457,0.26615116,0.23093054,0.20932415,0.575348,0.73505205,0.52110887,0.41966113,0.31496465,0.23688701,0.3580676,0.35998026,0.460516,0.6258201,0.39601496,0.52076656,0.48033068,0.97216296,0.75675845,3.34812,2.962504,4.1720257,4.282546,2.9588578,2.0907245,0.2328708,1.3658935,1.4607968,0.67739815,0.82095844,0.50794405,0.36060262,0.55772465,0.54398334,0.56654465,1.1405768,0.78114945,0.5145131,0.5931323,0.5185674,0.56663156,1.2002487,1.3437904,0.61245894,1.2007582,0.6186353,0.63356453,0.72348064,0.56316286,0.47126585,0.48384854,0.28306484,0.1945399,0.31527662,0.24541184,0.29365867,0.22493607,0.13344231,0.15361099,0.06948363,0.06911761,0.067707695,0.07270193,0.08942568,0.08934323,0.15138704,0.18087634,0.18674329,0.16915005,0.23018597,0.28062817,0.23664959,0.18569066,0.22026508,0.3439604,0.9511957,0.60510415,0.31754392,0.34304893,0.4667902,0.4108859,0.3242726,0.18574123,0.21286145,0.33327225,0.3552596,0.1322122,0.06997417,0.14066271,0.14054167,0.10684003,0.06401147,0.10788402,0.45274112,0.3597382,0.11654076,0.19537002,0.16770983,0.09687339,0.11522104,0.108226515,0.11970778,0.12272915,0.123814255,0.11241996,0.17667633,0.14219332,0.1031535,0.04277371,0.12168091,0.15695931,0.16169943,0.18690728,0.24657452,0.2329987,0.1571271,0.1518382,0.07688049,0.07626493,0.1581047,0.098667644,0.09493456,0.08611878,0.09936806,0.09571917,0.19116272,0.2501495,2.554446,2.659445,3.210697,1.7409015,2.4894516,2.8048928,2.4715745,1.7868992,0.8338519,1.3959624,1.4716038,0.8462359,0.23904213,0.8839492,1.147038,0.61959326,0.9717593,1.4064275,1.2946812,1.5826085,0.9544603,0.42176467,0.7288296,1.2935953,2.2373104,2.8921077,2.7688098,2.5494056,1.2247044,1.1451266,1.0697379,1.233768,0.7715707,0.65265644,0.55770975,0.49105185,0.5028559,0.48320857,0.35469198,0.6045123,0.27981296,0.23653416,0.34665996,0.08872965,0.13581033,0.24927878,0.34369156,0.33421355,0.5189727,0.3712071,0.12530053,0.09903868,0.2540982,0.46467456,0.46651724,0.25469738,0.30309865,0.78586173,0.6678567,0.45034173,0.4868205,0.5674629,0.7594052,0.72523785,0.6117051,0.7421847,0.6635313,0.48913637,0.43572518,0.45770362,0.43373892,0.6544915,0.701006,0.25924495,0.34892458,0.35087883,0.25688678,0.2912419,0.35384083,0.2404977,0.30121833,0.3165124,0.19102716,0.22883663,0.27211007,0.21340969,0.32274637,0.42797315,0.22122273,0.2481137,0.37186295,0.4349702,0.56980646,0.5401546,0.20539813,0.26677758,0.22168681,0.31396055,0.31307945,0.17758732,0.30657798,0.27647704,0.1940818,0.1974129,0.19091141,0.20873825,0.21614823,0.4846407,0.5760711,0.27960902
1.9216301,2.3066795,1.5303595,1.0616859,1.3996006,2.130082,0.71643555,1.7469578,1.1513448,0.3823766,1.0683166,1.4004617,0.8871318,0.66030747,1.1085029,0.7657031,0.4994009,0.6137078,0.8124589,0.6035865,0.47912186,0.38644996,0.37589115,1.0709058,1.0255661,0.32596645,0.41176298,0.8767826,0.7987301,0.47150868,0.26962018,0.34699416,0.3494513,0.19251402,0.22488494,0.21454066,0.26815176,0.28085715,0.12534904,0.14805536,0.12105686,0.20432676,0.0480902,0.03582377,0.032673396,0.06206017,0.17573605,0.16554348,0.23506962,0.32331145,0.7230593,0.66054386,0.25326958,0.3841028,0.37975797,0.6380042,0.6350843,0.5609421,0.65152925,0.85556597,0.7099917,0.25848112,0.17932168,0.40765643,0.38580287,0.29402736,0.34515998,0.38785142,0.20555028,0.23741794,0.48682147,0.8962069,0.7786516,0.28153998,0.3697964,0.9080573,0.74565196,0.40666404,0.8115976,0.41633123,0.2989616,0.36676237,0.44122723,0.2680338,0.20213665,0.12005973,0.14403637,0.21842784,0.36996442,0.37852943,0.24689956,0.10206967,0.11230381,0.4225815,0.3940349,0.60481054,0.49170914,0.11296227,0.11464214,0.21499921,0.1157259,0.15264717,0.21511629,0.21502116,0.13567868,0.09621353,0.3310743,0.59885126,0.2935708,0.29272065,1.3648773,1.1167796,3.2405677,3.6917613,1.6260813,1.3435329,1.318585,1.7500732,0.94381577,1.18816,1.1161643,0.7667907,1.2262547,1.9661052,1.5366893,0.63742405,0.6175304,0.8012599,1.8132256,1.0445491,1.2067548,0.67844236,0.46851274,0.7596437,0.5285619,0.89081734,0.7769915,0.23672943,0.49285886,0.58300185,0.43468806,0.41294375,0.29554588,0.23574436,0.32115915,0.36839724,0.36082116,0.2890104,0.3034694,0.097975135,0.08587873,0.13115251,0.08297642,0.04151843,0.036885824,0.059908934,0.07158611,0.08368969,0.06629471,0.09946737,0.1055486,0.13390903,0.20081057,0.19022496,0.11010627,0.2234023,0.37241748,0.53197825,0.42931834,0.29822814,0.22563608,0.32559612,0.28929383,0.3856693,0.4108494,0.38666055,0.38562456,0.38601908,0.3463477,0.17799553,0.21912372,0.20304346,0.33318654,0.32720768,0.11282709,0.2557018,0.26293316,0.12095976,0.09184873,0.18075672,0.16685748,0.076308094,0.078915834,0.31432742,0.2643554,0.11730459,0.11916485,0.11936898,0.07062798,0.08222838,0.12115639,0.08470597,0.04305705,0.07958841,0.11850596,0.13112251,0.17083037,0.20033145,0.1842122,0.101737276,0.0576692,0.102693066,0.16471651,0.12360679,0.23163283,0.14064461,0.10906346,0.18731788,0.24693592,0.20337646,0.432799,0.31869793,1.9261688,2.230679,1.2516642,0.8177988,0.7471577,1.5418831,0.88721544,0.7683743,0.8354357,1.226421,1.1175907,0.7723789,0.60657984,0.80241424,0.72193825,0.89839005,1.1965555,0.8305313,0.6894408,0.34429333,1.4579744,2.4291265,2.18895,2.4017863,1.9820249,2.1294155,1.5064956,1.6284692,0.72463286,1.1825519,0.93329847,1.0472171,0.8568188,0.48143375,0.43223685,0.5021493,0.4312621,0.5027084,0.3977048,0.21249479,0.13450296,0.116772346,0.0982826,0.09050854,0.1366882,0.16262896,0.21989077,0.3756146,0.2372046,0.14915727,0.40339878,0.694952,0.37867278,0.41551012,0.50687504,0.87859225,0.5914584,0.1440588,0.36510497,0.44405606,0.43251213,0.45033246,0.3862097,0.5112642,0.44244185,0.39763007,0.18525511,0.2163489,0.39512873,0.6501889,0.44721612,0.14545643,0.22554031,0.20269983,0.282476,0.4000161,0.35074994,0.24371782,0.33529195,0.12889612,0.13341454,0.27499864,0.16224167,0.16080117,0.14470688,0.29793316,0.3649818,0.2734826,0.38564947,0.34522483,0.37782803,0.41838887,0.13372773,0.267263,0.40004954,0.43614078,0.14138404,0.10642221,0.21280988,0.32313392,0.098152235,0.091508105,0.21708265,0.15634872,0.2845719,0.3525772,0.21542968,0.41944712
0.2247807,0.10300703,1.5932713,1.128952,0.79726005,1.3148587,2.3120556,3.306365,1.7154125,1.8518567,1.8948239,0.9866048,1.1831788,0.9820082,1.0392972,0.88527596,1.1090567,0.4202246,0.9978742,0.83550304,1.5140015,0.78039235,1.4837123,2.4996169,2.039164,0.9153806,1.0021455,1.4368722,0.50227576,0.3775215,0.47597796,0.2868014,0.24007367,0.35647509,0.25001547,0.44744262,0.23564772,0.27077916,0.20258716,0.106931806,0.09315999,0.12608491,0.06327728,0.052885562,0.03355818,0.06599103,0.19184463,0.1962789,0.19488518,0.34608677,0.18293157,0.23986231,0.24590419,0.689896,0.64701414,0.2653986,0.39360267,0.82976663,0.8760854,1.093097,0.5153014,0.5490373,0.3014693,0.23784524,0.70720285,0.77668315,0.5741143,0.51473415,1.4134982,0.82290876,0.4129414,0.7963243,0.6002736,0.35599178,0.5100869,0.37369692,0.40607926,0.46503448,0.6118466,0.5314096,0.32744828,0.7374127,0.5246564,0.3704736,0.37213105,0.36087346,0.28772616,0.36221772,0.5896002,0.39765486,0.28962496,0.16385213,0.25929368,0.71009403,0.46879044,0.37411925,0.35071498,0.27698886,0.25370312,0.16993771,0.4648722,0.7484122,0.8134631,0.81085336,0.7284214,0.9200605,0.50068706,0.30602095,0.24748555,0.3390963,1.7950778,1.7371148,4.1564345,2.5238576,3.2544434,3.1249917,2.087603,2.0978534,1.1662831,0.5358129,1.2536529,1.395564,2.4252763,2.3266678,1.4670373,1.4636841,1.3194335,0.89460534,0.9282877,0.85354066,1.2534549,1.063327,0.480317,0.7632921,0.8295843,0.81282806,0.4590665,0.5925587,0.99159896,0.9684912,0.59242314,0.46922013,0.25846565,0.39033464,0.18068993,0.18034568,0.78312314,0.543721,0.14740396,0.1250008,0.17065275,0.18303141,0.09648201,0.11700626,0.040245168,0.056489114,0.09643073,0.07149496,0.09396654,0.14591612,0.23876138,0.44125497,0.30557644,0.410099,0.4811168,0.44218454,0.28487453,0.30187905,0.45767346,0.31318307,0.26126507,0.3646374,0.49408773,1.1095376,0.5999987,0.21432975,0.13110277,0.10709358,0.4945102,0.3175004,0.35418573,0.5251421,0.19193655,0.12952939,0.17008996,0.21683747,0.19576377,0.16835923,0.30774486,0.24810606,0.23402117,0.2538573,0.30950665,0.2712192,0.17224981,0.0808914,0.077634476,0.10650003,0.14080395,0.21096422,0.18511842,0.122231536,0.17368297,0.13258326,0.079688594,0.123916104,0.12622888,0.17140028,0.38152626,0.3049701,0.18254097,0.10764693,0.14392193,0.16599649,0.24617706,0.22424422,0.12186431,0.15938169,0.23061138,0.21862961,1.3626418,1.2027111,3.9132955,4.0446653,1.7884952,2.1659486,3.060499,1.3529209,1.0670114,1.5579807,1.6065403,0.6693416,0.95730454,1.0914613,1.0675608,0.6849537,1.6661181,1.9374417,1.223556,1.0218492,1.8549043,2.274569,1.5498723,1.6293538,1.7635005,3.122419,2.316242,1.2161834,1.6694715,1.2738283,1.3916068,1.3316605,2.0201266,1.795062,0.8308663,1.5461731,1.5137398,0.95285565,0.37828502,0.12869386,0.1636933,0.11259269,0.13536805,0.087474674,0.07785293,0.16372749,0.14752302,0.10427012,0.2772177,0.48288763,0.39135388,0.20849319,0.17172053,0.28238636,0.26373458,0.26102412,0.24138448,0.41795772,0.5776211,0.8387376,0.4844317,0.3284334,0.48871374,0.85097206,0.7201143,0.3575957,0.43894258,0.53972644,0.5175357,0.3915867,0.216958,0.18021543,0.34737563,0.29661527,0.24643636,0.113851905,0.16192321,0.1933224,0.35522422,0.30864036,0.25219482,0.4452209,0.24657145,0.3429893,0.27341387,0.3008867,0.3005831,0.3227206,0.26739502,0.30116424,0.1700828,0.09687994,0.15674895,0.36404768,0.26088637,0.28556138,0.33780068,0.38132563,0.30183762,0.39208248,0.45129248,0.2779285,0.25387758,0.26287156,0.24327432,0.19751321,0.18072428,0.37321633,0.37139884,0.45099396
1.8569752,1.6571827,4.9892454,1.9380004,0.9482286,1.6159191,4.4433746,8.472103,6.7555485,3.30005,1.4585432,0.38061592,0.67663664,0.7853489,0.78450793,1.0577147,0.67562026,1.1859158,1.4532422,0.5482065,0.6464633,0.64088625,0.463155,1.350677,1.2916851,0.6929003,0.73860747,1.8763452,1.1124946,0.78742564,0.670775,0.2486796,0.23113811,0.31118044,0.31194526,0.24347714,0.32291812,0.25186622,0.19679523,0.16145521,0.1373525,0.0856704,0.067825645,0.044473853,0.09008923,0.19383144,0.27634814,0.40977907,0.1744431,0.33640143,0.5036913,0.66263086,0.26529846,0.15169717,0.2711717,0.25483984,0.32004407,0.53807145,0.49512982,0.23796582,0.4702356,0.8558083,0.95184153,0.4960905,0.5339012,0.5709056,0.3748498,0.4035377,0.43252355,0.6687385,0.4030011,0.92642325,0.84951353,0.32344007,0.1872802,0.23133254,0.28805387,0.21461031,0.28916475,0.49209318,0.40562102,0.47298473,0.17076619,0.15282066,0.080472454,0.1067144,0.1706845,0.24188468,0.37305316,0.25624102,0.40080193,0.80089206,0.29841152,0.1794423,0.2125937,0.29652035,0.28403944,0.16169918,0.21978256,0.39382318,0.50236034,0.31756938,0.46232486,0.7063222,0.40721002,0.545983,0.53405493,0.27233255,0.15926476,0.40646103,0.2227884,0.41192198,3.2897246,3.901198,2.0131373,1.7372702,2.0930228,3.4174178,2.7337132,2.1699345,1.8838027,0.9361262,1.0908471,1.2308474,1.1205539,1.1442198,1.4917536,1.0265095,0.47328892,0.45412058,0.32388112,1.0979444,1.5825197,1.0142288,1.9758625,1.169293,0.6511476,0.80928284,1.0691129,0.6744611,0.82358086,0.73316216,0.39696062,0.51503986,0.35437924,0.1700348,0.26457596,0.2970931,0.58365756,0.4162502,0.13746445,0.12278212,0.1210936,0.08293861,0.046946723,0.043219827,0.048046466,0.08937145,0.16821961,0.25948024,0.34745702,0.25795147,0.5100781,0.5088318,0.3039304,0.44773942,0.40509006,0.42062807,0.61152357,0.56644267,0.28538093,0.20283316,0.31275684,0.5819606,0.52056754,0.35030654,0.34124672,0.16250075,0.24190101,0.19192609,0.20654218,0.12813662,0.12780526,0.15417077,0.2792469,0.3534069,0.30112198,0.24995397,0.27456394,0.15736431,0.15882663,0.20080812,0.11234102,0.10089981,0.060620204,0.15958004,0.15060228,0.09579165,0.12770729,0.08496084,0.10724982,0.15601051,0.13944218,0.1257811,0.113825925,0.22733136,0.30778065,0.19651169,0.24318293,0.13183385,0.13429709,0.18529835,0.15545209,0.107707985,0.09025978,0.055436123,0.11284854,0.17169642,0.24293569,0.3284123,0.32297647,0.2524387,2.3154418,3.0654685,1.3500694,0.71927565,1.6904484,1.4155872,1.6850927,2.4580133,1.1767018,0.41837034,1.5063077,1.5781822,1.1470195,0.6148884,0.6230282,0.8717968,0.8217729,0.3587642,1.0271327,0.581553,0.82415634,1.6230843,0.8743756,1.9995364,4.121663,2.453548,2.9907634,2.4752102,1.5276413,1.8292925,2.1005003,0.9319458,0.35781917,0.41511837,0.3970441,0.652134,0.48690915,0.32018214,0.15426084,0.15201263,0.08690269,0.06407246,0.06446588,0.09530792,0.21669245,0.38603184,0.4326739,0.36483476,0.31817925,0.4803032,0.15390855,0.053245686,0.10396723,0.24804328,0.27600923,0.49757212,0.8354771,0.21207772,0.35784525,0.5849907,0.5017762,0.22184438,0.55284274,0.7803842,0.84025043,0.941579,0.42275208,0.7215422,0.8934572,0.46729064,0.24784131,0.33772752,0.26591435,0.25560904,0.3117713,0.38043553,0.43417352,0.21742871,0.28565943,0.097696885,0.13673206,0.16015793,0.07678419,0.1269842,0.16306497,0.14920564,0.18821137,0.33625266,0.376228,0.3906246,0.30771467,0.2316198,0.19420375,0.3613181,0.31563225,0.2801176,0.34495002,0.21744238,0.2267838,0.19200425,0.27001175,0.34721562,0.117249206,0.17036223,0.23415603,0.1964099,0.1721531,0.25477967
2.895901,2.7140086,2.685402,3.3544743,1.7798505,1.9232519,3.2525463,1.7620116,1.1943052,1.4739516,2.1077743,3.1429527,1.314431,0.1357752,0.53291976,1.3970277,1.4823314,1.5447792,1.5861834,1.464285,1.5520682,1.9633358,1.1952857,0.67357165,0.75421166,0.9645272,1.1319418,1.450375,0.45978177,0.37148777,0.65700406,0.43464342,0.40740585,0.4320079,0.5184258,0.540029,0.50942326,0.20793392,0.14053382,0.28785568,0.24121794,0.12307902,0.039512143,0.03977033,0.08669526,0.19579078,0.23379727,0.28131422,0.37630233,0.36934555,0.4438758,0.74717057,0.67888314,0.97314894,0.821221,0.45244235,0.32781544,0.66638494,1.052793,1.5446135,0.9870632,0.58831704,0.35841012,0.73190194,0.8929815,0.53954,0.60748786,0.98079646,1.4050422,0.9436399,0.5195019,0.5333609,0.41373262,0.5088157,0.82243115,0.8494003,0.57695,0.35974264,0.7095798,0.49285987,0.44737586,0.26978633,0.2905296,0.2231425,0.1421691,0.30932105,0.42621863,0.75912935,0.66378224,0.33171985,0.41828433,0.46770942,0.3631291,0.44371933,0.5006152,0.28789443,0.21207206,0.18779151,0.38797382,0.43357855,0.471461,0.5991187,0.71848494,0.38663006,0.10270005,0.31326723,0.35620654,0.49718565,0.48212653,0.23253353,0.7388972,0.59133434,4.043113,3.6566517,1.7169635,1.1102978,1.1556002,1.923734,0.9856834,0.87897587,1.3487101,1.3138032,0.759132,0.60983354,1.515102,1.0769722,1.1100254,1.1170858,0.8132077,0.4644809,0.6353115,0.86621517,1.0770665,1.5697349,0.8584264,0.80572367,1.1945397,1.3381749,0.84259856,1.441388,1.3708138,1.1812233,0.91195285,1.1961888,1.2084448,1.1365677,0.943402,0.42590725,0.73851186,0.51231617,0.40960237,0.3755344,0.21388796,0.15205157,0.0932361,0.113760024,0.15863141,0.095169336,0.14105365,0.15539013,0.06839491,0.09235548,0.18939325,0.2416237,0.5234946,0.8856253,0.43384057,0.6875514,0.56346595,0.6162235,0.57194924,0.48078588,0.37447536,0.3495856,0.81632125,0.6393907,0.32893258,0.22847988,0.28425476,0.222296,0.24743918,0.40742114,0.22436993,0.1175123,0.11917245,0.43037117,0.38808173,0.16354913,0.37947848,0.38082615,0.28476626,0.12738632,0.105653286,0.07281073,0.054141276,0.04021995,0.09912363,0.11670777,0.08740949,0.11448026,0.11254993,0.06613654,0.08959235,0.1507716,0.11194859,0.13284908,0.096167766,0.14229491,0.20473875,0.15715428,0.20784327,0.17646009,0.25579327,0.20788296,0.16791797,0.27580142,0.22462143,0.15318649,0.25463223,0.14195222,0.8605306,0.8103714,2.1229281,3.719647,2.5534341,1.6169901,1.9364688,1.5547973,1.382384,1.1911377,1.2114311,0.81021017,1.0930073,1.2870717,0.9299261,0.45101106,0.87777305,0.8327349,1.6940556,2.8464253,1.0579407,1.500641,1.3473498,2.0214217,1.9158571,2.408374,2.306965,1.1948749,1.4711574,1.1231636,1.416578,2.1267574,1.2318101,0.8885501,0.5849458,0.49021882,0.59205586,0.8272471,0.6793461,0.60388887,0.2930504,0.16490291,0.16530327,0.112766735,0.061358348,0.091662414,0.19806251,0.14836156,0.22960103,0.34137073,0.18625464,0.4086685,0.60747,0.6258552,0.451993,0.54993767,0.6161829,1.1734468,0.8333661,1.2706348,1.5631585,0.5900868,0.5277891,0.73038423,0.7079479,1.384483,1.6165799,0.9418125,0.8320901,1.0956229,0.4579071,0.45542315,0.43407464,0.34704113,0.31492946,0.30890787,0.21992563,0.2775169,0.33483768,0.3842383,0.43604645,0.3338038,0.24008451,0.199928,0.15009001,0.2114616,0.22249667,0.2548531,0.14065543,0.111116335,0.12023035,0.07134439,0.2795806,0.34695747,0.28515822,0.18208964,0.29030815,0.5082008,0.39708337,0.27524373,0.2762308,0.2154169,0.3549776,0.2667345,0.3249326,0.25670335,0.36930305,0.40443948,0.39484936,0.24715176
7.562349,6.719305,6.2673483,4.266616,4.168666,5.2865214,10.604729,8.040549,3.8583512,3.0745232,0.6195959,3.2427342,2.8058317,2.461317,1.2094992,0.81576556,0.85933465,0.58455807,0.61426413,0.4497561,0.96034795,1.8424797,2.0840585,1.7514287,0.62148845,1.0079961,1.0045624,0.8265488,0.7188522,0.8684935,0.4835682,0.31294423,0.22832333,0.48021436,0.5017152,0.3817685,0.3573082,0.32972884,0.1130262,0.11076648,0.17026931,0.17906815,0.09621675,0.041387815,0.045357276,0.11651345,0.26669857,0.09835075,0.11163921,0.16225627,0.28811777,0.49427676,0.33467877,0.86048204,0.8967055,0.4340669,0.3156815,0.2968666,0.34228745,0.75246185,0.7152413,0.49153548,0.2856222,0.5893898,0.98912024,0.58065414,0.3196664,0.20323777,0.2759543,0.2852662,0.95641464,0.93495965,0.9407822,0.74810207,0.44730365,0.8854701,0.6665247,0.3420311,0.17053519,0.32184586,0.19606468,0.077323146,0.085279696,0.1816275,0.25351694,0.3894174,0.23746036,0.18720298,0.5054916,0.44904873,0.21773128,0.16432162,0.124113224,0.17388484,0.2322086,0.5247611,0.5096679,0.26070973,0.35003456,0.5008162,0.23370233,0.2620006,0.38328266,0.55718756,0.40092543,0.3072821,0.40441072,0.5598915,0.5038535,0.77445954,3.1922557,2.3429258,6.7717996,5.649679,5.3549585,3.7291896,3.098748,2.6410868,2.0733616,2.9551885,2.2110288,1.3910518,1.1016196,0.8913312,1.1407018,0.6046962,1.1539232,1.3052369,0.6166341,0.9996712,1.221103,0.8452152,0.3834533,0.6205461,0.68789256,0.7809561,1.4142487,1.04926,0.87532973,0.6124036,0.7191108,0.94910276,0.53275555,0.53259504,0.3621726,0.45486307,0.18817683,0.152848,0.21208596,0.1400932,0.16890004,0.078937784,0.053830605,0.02260261,0.039551422,0.052937567,0.045133,0.041170172,0.092810236,0.26470104,0.302898,0.17076825,0.22407106,0.20287436,0.25981653,0.20467639,0.46412823,0.64686865,0.30187675,0.4105798,0.4512307,0.331302,0.25990525,0.5207975,0.49755323,0.6677865,0.4266961,0.45148134,0.27013788,0.18898292,0.20296992,0.23579706,0.13863732,0.09805815,0.13008462,0.23247121,0.1761097,0.16642562,0.13126701,0.13675073,0.1404201,0.14204319,0.17636183,0.15660839,0.07883536,0.07785137,0.105477594,0.050112646,0.10545611,0.117687084,0.10890484,0.1933907,0.12086913,0.10858144,0.12972936,0.13007776,0.15816201,0.12253924,0.10921187,0.10031012,0.1048324,0.08961198,0.25585133,0.3126407,0.18181829,0.18829104,0.19855855,0.09548161,0.058974426,0.08754538,1.5965748,1.4642683,4.084928,1.4381304,1.830263,2.7326775,3.748894,2.931431,1.2288266,1.5439727,1.8762537,1.856447,1.9995761,1.0058138,0.8706038,1.1817243,0.9879741,1.3120517,0.7437069,0.98614246,1.7375059,1.7958646,0.93575895,0.5375938,2.741592,7.9113526,4.1880984,1.071996,1.1029532,1.2924793,0.53033143,0.8316736,0.7020869,0.7071046,1.151715,1.121995,0.7581756,0.5580196,0.16407396,0.1552055,0.15548538,0.19227746,0.1421182,0.06842338,0.09766193,0.106804736,0.10304565,0.14352551,0.20797618,0.4416043,0.51778,0.28266132,0.15798093,0.3372426,0.5914805,0.40067515,0.32829118,0.42458987,0.69127154,0.70275366,0.9544121,0.7148512,0.75141907,0.6880166,0.5245563,0.76853764,0.92252564,0.5944607,0.55763495,0.40161422,0.23431915,0.11567945,0.17547207,0.1959232,0.13843843,0.21994331,0.48762676,0.54452264,0.3695391,0.26529142,0.38895473,0.17992127,0.24351561,0.3675259,0.41297162,0.4316142,0.30434388,0.39083079,0.22255018,0.17468706,0.1499758,0.19206996,0.16118652,0.24756335,0.2420678,0.18901098,0.27434722,0.56525964,0.5204494,0.4093339,0.11544917,0.17447619,0.19225651,0.2671383,0.14117776,0.07147524,0.113814496,0.17225666,0.2119749,0.20032185
3.5478785,3.507514,1.1853784,1.9787048,2.1420457,1.7715837,1.1789149,3.372282,1.8885127,1.3711321,1.1132476,1.9347731,1.661656,0.92748845,1.0891048,0.8157073,0.8134667,1.3325424,1.4427049,0.9020845,1.1712815,1.2882768,1.4656029,1.052141,0.689084,0.3382362,0.35796896,0.48877966,0.40233934,0.40136036,0.21893235,0.32397407,0.54318696,0.7748786,0.28205964,0.17611817,0.4723726,0.46302426,0.3406812,0.18729365,0.12267231,0.0792709,0.064998314,0.05851015,0.05678096,0.11904207,0.27004167,0.3120651,0.14347528,0.31395867,0.5540655,0.58917457,0.27999714,0.4914194,0.5365964,0.18102272,0.25129685,0.27662188,0.57790697,0.72783875,1.141032,1.5017582,0.6761792,0.24346307,0.78936446,0.47533885,0.39982283,1.098162,0.9532777,0.25283402,0.28502062,0.29370442,0.31111392,0.35346818,0.3512448,0.71719956,0.7729937,0.27561656,0.76361966,1.3713826,0.86871076,0.41595465,0.275711,0.25882986,0.20927294,0.24353522,0.29764533,0.314086,0.34589222,0.41960594,0.38424236,0.19665454,0.2923667,0.22821449,0.35416657,0.2846306,0.46515927,0.57451737,0.28584304,0.27910653,0.20890175,0.32332233,0.37686095,0.43745208,0.30312163,0.24538955,0.4213948,0.27430427,0.52117085,1.0388684,1.2753232,1.1218771,1.2819681,2.2753432,1.7901033,1.7897652,3.5974507,3.109906,1.235301,1.0285585,0.91551197,0.8632444,0.820314,0.97082233,0.9369222,0.9781831,0.9847007,0.73580045,0.9681508,0.7430297,0.6909678,0.49107122,0.6881834,0.6388483,0.5546151,2.4722488,1.9938359,1.0591694,0.7489467,1.0700561,0.5478564,0.47857544,0.6017975,0.81738335,0.7018103,0.43057624,0.40171066,0.119867496,0.26622653,0.25236827,0.41721687,0.40759474,0.1508496,0.0818167,0.10184178,0.123522066,0.2327455,0.24435897,0.30960852,0.6630215,0.43229622,0.29601705,0.38983992,0.24226032,0.32859546,0.6134145,0.6982264,0.68902886,0.5445041,0.33612204,0.15781352,0.6377559,0.8851345,0.7764602,0.68712384,0.63758945,0.18501715,0.13014829,0.5025276,0.25293157,0.20388031,0.28981593,0.22552198,0.10132642,0.11859511,0.12145187,0.10130402,0.090384066,0.17046125,0.24912605,0.20028387,0.13982521,0.16721502,0.1279165,0.14548221,0.14023899,0.11941306,0.08219123,0.1731498,0.17056215,0.19501555,0.15225005,0.050805952,0.13894634,0.25617412,0.25744388,0.28161427,0.40651682,0.4782759,0.21308872,0.25606206,0.12993763,0.16263342,0.13739839,0.13594766,0.14914669,0.1970325,0.19532219,0.2055239,0.19130935,0.33731598,0.43737325,4.4989095,1.5149611,1.3155098,1.9070543,1.3371141,3.007675,0.7020528,1.93552,2.3830228,1.4355731,1.1948234,1.0485134,0.92710155,0.83560663,1.3832641,1.7239344,2.0863652,1.7685214,1.5832804,1.752324,2.1013322,1.5929414,0.5678508,1.0694844,1.3384657,1.8062444,1.1965485,1.1844,0.8279249,1.6458863,1.5458976,0.59719604,0.5933179,0.9374699,0.9225046,0.51486814,0.46591136,0.2968402,0.35197595,0.19685106,0.13370487,0.0876727,0.08182639,0.15191133,0.30384585,0.27816582,0.24238865,0.17204481,0.27737835,0.63395935,0.39504233,0.109894186,0.17645353,0.33422956,0.43157458,0.33130556,0.37957665,0.24545206,0.49019516,0.78057295,0.5014646,0.65406626,1.2583783,0.6547153,0.7582391,0.649384,0.36385182,0.43812972,0.62586015,0.38191906,0.31895697,0.32170242,0.25172418,0.3266809,0.3681028,0.32330108,0.102784425,0.2257202,0.38956016,0.24629372,0.3338093,0.31492904,0.081169814,0.13783188,0.17524487,0.23113482,0.22816154,0.16187254,0.35504252,0.23451692,0.2774354,0.2780475,0.29410556,0.34735432,0.26651326,0.3043659,0.5393891,0.33578768,0.3055684,0.31777313,0.25677776,0.35941347,0.21959184,0.31601778,0.17378347,0.2802546,0.47450557,0.45282832
3.530538,3.433829,4.4481726,1.4888439,0.53426397,0.71643865,1.3257321,1.2374791,1.8023453,1.7293701,1.185344,0.55291957,0.8920301,1.2615104,0.6882175,0.8124115,0.59716904,0.57402384,0.5943896,0.83029014,1.0090214,1.951419,1.801592,1.7403545,1.4360765,0.54982436,0.33967903,1.0307932,0.6716971,0.626432,0.2753968,0.311473,0.23269294,0.31931952,0.39027265,0.62472355,0.5693439,0.3344329,0.14730765,0.35246223,0.18638416,0.12038682,0.1415365,0.13390046,0.113785684,0.09326416,0.2510193,0.18561588,0.29435724,0.6612956,0.9322491,1.1803181,0.8479914,0.7892729,0.99993426,0.45282575,0.2674146,0.5431834,0.9167052,1.2243718,1.3215021,1.1113338,0.7692549,1.1868539,0.620158,0.9846098,0.9489817,0.8125371,1.174065,0.59714985,0.4160987,0.6088148,0.62255424,0.13527997,0.2640925,0.82800907,0.47137552,0.34455308,0.5312827,0.77776027,0.36264428,0.25429067,0.29992962,0.37609175,0.27491686,0.16792837,0.2112318,0.40866372,0.64293367,0.7127355,0.57290775,0.3116957,0.20981199,0.24676698,0.5192846,0.579333,0.3118765,0.29832238,0.7037873,0.71746933,0.36112046,0.19434229,0.4719707,0.7255592,0.39119166,0.41590258,0.5560591,0.62670124,0.99227846,0.92411274,2.3944757,1.8874563,2.935706,2.393601,2.2234972,2.897558,2.539259,3.1341383,1.9505647,1.0098275,0.5084795,0.68978953,0.98005503,0.5465249,0.35270587,0.6168792,1.3060918,1.9496224,1.7081667,0.7200919,0.6525674,1.0345503,0.96928024,1.4836652,1.0200994,0.5650004,0.7235782,1.0582818,1.6957812,1.4351975,0.75663924,0.57612693,0.49432302,0.36353907,0.3158232,0.62009996,0.68826526,0.6551909,0.93387425,0.40113962,0.32853815,0.26496264,0.104956776,0.18227243,0.16615206,0.08858717,0.12544578,0.1902271,0.2901587,0.5837166,0.35741022,0.32461455,0.4154203,0.5118582,0.6885259,0.7240425,0.628822,0.72505635,0.79731375,0.6180402,0.47594625,0.32815763,0.4730411,0.41739857,0.5112537,0.27218938,0.27919835,0.19399633,0.2858049,0.26808414,0.21164788,0.41237363,0.2214078,0.13449891,0.16525301,0.23065071,0.17406902,0.15387827,0.13304934,0.14269684,0.10903855,0.08206991,0.13494386,0.11846536,0.08932411,0.047919825,0.102816366,0.10041379,0.047162354,0.05860122,0.08475544,0.12911004,0.12597941,0.13944761,0.13170178,0.16088806,0.23027907,0.18241014,0.16069448,0.080839574,0.047430694,0.077941924,0.3255806,0.2963134,0.18370153,0.19771117,0.2801034,0.17328551,0.12693962,0.19557078,2.7972727,2.8706274,1.6540273,0.7573175,0.56715894,0.9346801,2.3505452,2.8905356,1.825055,1.6048517,1.5368404,1.4047976,1.265969,0.81027013,0.38510087,0.7769093,1.0826786,1.0602363,0.8352344,0.5710808,0.5119758,0.9838404,1.7289426,2.3503702,2.3468366,2.4734206,3.931042,2.1911273,2.3861303,2.068308,1.9586407,2.5770767,1.4591132,0.61847645,0.6273246,0.6317196,0.65348613,1.1345423,1.1143382,0.73753554,0.26304823,0.051356893,0.17697272,0.19909099,0.08255778,0.06047647,0.07059938,0.117185704,0.28040954,0.42415258,0.4111783,0.3284578,0.5493677,0.57415414,0.34327534,0.6325069,0.6016672,0.6609905,1.2396903,0.9974972,1.5996299,1.7840267,1.0160066,1.1960961,0.9238779,1.0014198,1.1420854,1.3662503,0.9711633,0.801104,0.38884023,0.41754544,0.43959936,0.24933216,0.13171859,0.20354325,0.2904482,0.3584198,0.8095838,0.20033781,0.24694856,0.54373854,0.4563166,0.35021707,0.1903236,0.2506239,0.20633279,0.15427709,0.27515307,0.13549076,0.3760543,0.35581374,0.26243103,0.24316587,0.25437954,0.48779684,0.30950594,0.19530794,0.39306498,0.24172904,0.16268392,0.1315473,0.29253188,0.2495018,0.13921364,0.28866696,0.3171605,0.18030848,0.25954124,0.26860866
3.9000084,4.1461477,2.3849037,2.2993202,1.2888408,1.5434985,2.8764725,1.1138856,0.42042074,0.7974808,1.3119967,0.82385343,1.4664606,1.4258078,1.4018016,1.0064331,0.78666496,0.9300677,1.2629657,0.26866814,0.44069022,0.52171934,1.3538734,1.363393,0.5957944,0.7242224,0.7155719,0.5479516,0.3358458,0.37744287,0.4178496,0.31654984,0.35906902,0.36833534,0.3020344,0.6877406,0.4198789,0.13460721,0.099177845,0.17771709,0.16390221,0.08963374,0.074950546,0.085869126,0.05583529,0.056239963,0.32989722,0.20647673,0.18124446,0.4800658,0.71173537,0.6320302,0.2995517,0.42229977,0.41745934,0.5736154,0.8294392,0.5987752,0.45352325,0.46145052,0.6505845,0.40415937,0.41165105,0.7621102,0.41748187,0.41757685,0.5103894,0.45977592,0.24031591,0.1903864,0.581651,0.7067968,0.39226213,0.47571066,0.5141174,0.54524344,0.2063208,0.23526587,0.4113301,0.47406495,0.33087546,0.1807657,0.16407993,0.30086714,0.43066338,0.41879606,0.25750792,0.2527237,0.3094434,0.113291346,0.51974857,0.19624184,0.2670826,0.31220108,0.40299302,0.5382674,0.55664396,0.24339359,0.17325151,0.2855803,0.20547634,0.120480895,0.26147544,0.22855356,0.2817586,0.23183835,0.2078571,0.30073255,0.24786319,0.59015864,4.120959,3.8342063,3.5923839,4.370785,3.0001113,4.585018,6.062858,2.1969223,0.6557849,2.3597357,2.3499417,1.1607736,1.3625757,1.4213152,1.024549,0.62785476,0.71202147,0.76347625,0.81276566,0.73697245,1.2392869,0.5706215,0.83490443,1.6271316,0.6759487,1.410528,0.96628666,1.5650319,1.3843508,0.8542247,0.8181014,0.5663583,0.72882086,0.9148676,0.3087694,0.30346602,0.23782837,0.23208453,0.40728134,0.14532974,0.19382259,0.13098314,0.098159075,0.10357216,0.04061939,0.024258625,0.08499999,0.07315521,0.067899756,0.10561063,0.23603456,0.17242387,0.10234906,0.10247538,0.11932587,0.30853555,0.44167992,0.4097937,0.25151706,0.38429207,0.22429866,0.2609043,0.33783957,0.42083517,0.37531897,0.4473433,0.35673752,0.2428837,0.27531156,0.31912848,0.35072416,0.31821996,0.24850856,0.2663379,0.2712768,0.30938733,0.18950687,0.26665044,0.32324922,0.195379,0.21686187,0.2708821,0.2446099,0.16356477,0.20400341,0.14070301,0.17353946,0.14790489,0.22700308,0.19068399,0.052292347,0.2563956,0.21741745,0.24612415,0.11555793,0.11993515,0.080714576,0.12598056,0.22610568,0.15787639,0.069109514,0.10780735,0.10961443,0.11460104,0.20019026,0.14155596,0.07895737,0.07869443,0.08164558,0.19838785,0.37911114,0.3343627,3.1283557,0.92922884,1.0196593,1.924226,2.3199852,0.8148294,0.5887587,0.38862368,0.8396855,1.054203,1.410045,2.032988,2.114079,0.74348336,1.0204756,0.9086815,0.82127327,0.29772437,1.3789152,0.74399316,0.48861483,0.9070588,1.3453535,1.7041779,0.95378405,1.3118668,1.768266,0.83794636,1.1785941,3.0540123,1.9417781,1.58418,1.3670771,0.7991422,0.80580115,0.4947646,0.5327515,0.28282264,0.2249938,0.13576216,0.13941884,0.13564572,0.10778408,0.085453615,0.11514775,0.25381944,0.39726505,0.46473446,0.5474285,0.47404063,0.14841561,0.2769676,0.40914816,0.595505,0.80964845,1.4005879,0.6876488,0.423663,0.5521338,0.71657985,0.6375965,0.8752971,1.1537256,0.30385032,0.88366073,0.80735016,0.31600043,0.3918828,0.94846463,0.71914595,0.32092083,0.22188368,0.34114176,0.7006335,0.39231002,0.16916405,0.31818184,0.5772571,0.59742635,0.46397516,0.23065665,0.20049657,0.52346265,0.8164441,0.4271805,0.49475208,0.44601044,0.31348056,0.41457778,0.32104462,0.42282206,0.49198657,0.58141214,0.43306783,0.21260087,0.31351575,0.65462893,0.43559462,0.39166272,0.12370261,0.3141238,0.27526405,0.5961849,0.3867086,0.5435671,0.40637487,0.35495335,0.29061732
0.6286856,0.52717644,1.5785486,1.3729618,1.3920081,1.8084968,1.1126969,0.82082605,0.56460416,0.91187525,1.2497256,1.3263124,1.842603,1.2063473,0.77952784,1.5058421,1.3362212,0.69958377,0.8805832,0.9707427,0.7491132,0.43624932,0.78960717,1.459727,0.5476319,0.6498543,0.8007944,1.0305997,0.47699448,0.46198946,0.30881894,0.21556643,0.2876969,0.2985988,0.09255022,0.15773948,0.3061097,0.21593763,0.18597431,0.23706739,0.14434326,0.08725925,0.111288026,0.084333114,0.10126923,0.093237974,0.06939099,0.23597483,0.23084511,0.21552302,0.40332112,0.39819852,0.4776395,0.3800675,0.49938095,0.45994318,0.25146177,0.21005213,0.4786995,0.35731712,0.5187373,0.9887846,0.88082546,0.9001483,0.8146808,0.55818784,0.61901087,0.98811936,0.5895153,0.88253754,1.120132,0.62133884,0.14520302,0.29369298,0.45987853,0.6021425,0.8595908,0.6732495,0.4972979,0.27730316,0.2544505,0.14800876,0.070359945,0.17904513,0.18212326,0.14377342,0.13939758,0.23225814,0.24964383,0.20124733,0.25672442,0.31243616,0.23240325,0.4048508,0.5260396,0.3596987,0.6869572,0.36670232,0.29583338,0.39630517,0.58335537,0.31760395,0.20409839,0.42820963,0.35315397,0.3504815,0.6506226,0.9090512,0.5172363,0.4109481,1.3805133,1.4500513,1.2831105,1.3610928,2.2463236,3.2255743,2.4349673,2.499712,1.560974,1.4238142,1.4105152,0.77197254,0.63131607,1.1742985,1.3754683,1.560808,0.76709205,0.50459284,1.5929178,1.0106444,1.1113253,0.9386122,0.58822644,1.1802281,0.98813325,1.1508083,0.8144685,0.7782245,0.9355198,0.6396381,0.9870668,0.7074217,0.5937428,0.93835205,0.61403716,0.70067,0.52492654,0.22701642,0.2557169,0.3956618,0.2841443,0.14256045,0.097904265,0.115743846,0.068243705,0.054778833,0.05853485,0.07599775,0.08949855,0.123521894,0.2738817,0.3246205,0.20501845,0.26545683,0.3634408,0.26036644,0.29350913,0.549379,0.7881547,0.44969118,0.27970812,0.2917546,0.17939752,0.10191171,0.28627694,0.50296044,0.36138916,0.2647129,0.3034023,0.20172685,0.24965182,0.26622096,0.119728275,0.12988293,0.20584643,0.18943737,0.24757989,0.2816445,0.2247734,0.14376263,0.114077345,0.08364919,0.15209356,0.18332444,0.17529435,0.17820218,0.09351248,0.07874524,0.043421652,0.061349437,0.07023678,0.11002122,0.08313208,0.08430944,0.1155508,0.13250567,0.12380266,0.25171995,0.2744965,0.10876357,0.04032413,0.07733455,0.13196637,0.1540279,0.18572764,0.24124192,0.17762111,0.1628634,0.21689248,0.27673063,3.062598,3.2923849,2.251146,0.3912381,0.3979491,0.8400618,1.5454788,1.5999802,1.6821439,1.947777,1.917835,1.642394,0.7845358,0.44162852,1.438151,1.2780036,1.01877,1.3719317,1.4535235,0.86410725,0.31142485,0.33291528,0.9336683,1.4942175,1.5806454,2.231359,2.8327842,1.5722945,0.49382198,0.8627488,0.8813574,1.2352074,2.0716147,1.4896175,0.75942045,0.56284124,0.54418033,0.5824131,0.49719566,0.47606474,0.26039279,0.14720719,0.23632802,0.17587578,0.062135473,0.08072434,0.18476744,0.42630166,0.44095424,0.23225993,0.3170448,0.4792027,0.42890882,0.58535993,0.5558235,0.43185186,0.4016835,0.5800863,0.8810366,1.2986323,1.2493404,1.8972371,1.6464002,1.2375734,0.9075699,1.2032661,1.3393646,0.97727364,0.3703766,0.46847668,0.57624143,0.39546534,0.60562813,0.30296117,0.3463187,0.5874494,0.66879857,0.45264125,0.6418767,0.30514884,0.24319392,0.5049833,0.70252293,0.36545768,0.24716951,0.2826845,0.35538444,0.3302309,0.16344143,0.28532735,0.46123815,0.31430352,0.29898712,0.38940445,0.35078025,0.1675462,0.2741704,0.41415212,0.4924981,0.42566523,0.32871217,0.24329886,0.48073915,0.48464257,0.34282193,0.32953537,0.46606994,0.76300746,0.4367234,0.18094599
1.081677,1.1466665,0.8595873,0.4427561,0.6148437,1.0270236,1.7394681,1.0446588,1.7068663,1.9309324,1.7894164,1.6131564,1.0033407,1.3294468,1.696292,1.3924733,0.79928935,0.6433391,0.80294025,0.6878878,0.7125614,0.5073947,0.37837756,0.4179795,0.3335147,0.7091796,0.27279025,0.5675771,0.57151365,0.6571198,0.42934754,0.29603162,0.29113764,0.5090823,0.27665806,0.3565073,0.4399473,0.31453076,0.2926377,0.24044502,0.1856105,0.10688093,0.10436344,0.06872479,0.0947233,0.06889628,0.18933044,0.2510309,0.33689758,0.8265011,0.76227045,0.6809065,0.5412225,0.64480114,0.6952533,0.36487165,0.7085992,0.63911426,0.30253607,0.31195053,0.31728172,0.6275218,0.5779484,0.58599687,1.9539466,1.0944912,0.4662062,0.5976683,1.1309065,0.51890135,0.4953453,0.6561338,0.50203764,0.75185347,0.66833067,0.6916185,0.41611463,0.36350226,0.5044228,0.5811069,0.19156957,0.1483987,0.15033673,0.18156196,0.18524082,0.20338187,0.26702943,0.17542103,0.12203628,0.14472465,0.2639342,0.09007211,0.15930457,0.42223316,0.78196675,0.47533652,0.4357123,0.4427855,0.24223241,0.39218706,0.513343,0.1838996,0.18429887,0.41143057,0.80108994,0.39899462,0.19126035,0.38207006,0.38109225,0.46623442,0.12155786,0.14004903,3.9532597,2.5584755,2.3890834,1.9449475,2.128842,1.3534501,0.6080506,0.8513826,0.8838406,1.0819325,1.0097188,1.5033125,2.0981197,1.383139,0.9201825,0.659672,0.5167262,0.24382763,0.4936501,0.4423814,0.36336702,0.4040335,0.5979047,1.2030089,1.3126549,1.9514545,2.8107493,2.1174598,1.8436395,1.6926998,1.7133808,0.7241554,0.67965794,0.8609601,0.7324768,0.44141528,0.7093659,0.2902033,0.20193651,0.1976676,0.09831764,0.061392117,0.0434107,0.07183673,0.11049308,0.17814943,0.17655367,0.3283552,0.17898493,0.10291682,0.16784504,0.21754739,0.28091487,0.56387264,0.51571375,0.4277003,1.1123996,1.1507827,0.5627399,0.33109206,0.25227997,0.46000445,0.46338215,0.24169181,0.26124233,0.28576213,0.16751264,0.16068259,0.13705388,0.23618263,0.31598148,0.13953185,0.16768603,0.103005014,0.09139819,0.1569715,0.21643864,0.21892859,0.4018757,0.19865495,0.113674216,0.16435905,0.12536472,0.04996162,0.08458341,0.18261532,0.1444691,0.08170217,0.24810207,0.25906748,0.14855595,0.08602022,0.0401192,0.10012677,0.21921924,0.19943944,0.09431883,0.10463244,0.1254964,0.11280641,0.11869243,0.24593368,0.20147564,0.07684625,0.122998685,0.17251004,0.26250154,0.17970084,0.8748038,0.9982761,3.390741,1.2492709,1.2726643,1.4216855,3.4821208,1.9017204,1.449526,0.8925349,1.0943712,0.5261395,0.5916028,0.8294248,1.0374149,0.8271016,0.7510841,0.80270696,0.56344134,0.9139371,0.89679456,0.81481344,1.125193,0.5222909,0.7126392,2.3920488,2.0723805,1.6931312,2.5001812,2.8716245,2.3373442,2.5740345,1.7063901,0.92148083,2.4022477,2.6440864,0.72257924,1.2561877,0.6891529,0.46068126,0.23936087,0.24895261,0.22349586,0.18661553,0.10948111,0.15351647,0.26891315,0.26923066,0.37768012,0.3374546,0.3279995,0.61651057,0.6051875,0.5806957,0.30778965,0.39681423,0.3890011,0.91503143,0.8069433,0.9554374,0.7723985,0.30534282,0.25188324,0.66759795,0.8469837,0.31517738,0.40852267,0.7307438,0.22313389,0.31475374,0.24861777,0.29446223,0.31255078,0.541817,0.5467548,0.43541142,0.26907352,0.36456752,0.3819371,0.31331465,0.33534852,0.408622,0.1356913,0.21758054,0.23355916,0.1913924,0.14043416,0.20870383,0.3080228,0.22745836,0.18213083,0.25757697,0.13571133,0.26192677,0.23253274,0.09639191,0.11410505,0.17375997,0.39161983,0.3188408,0.21708633,0.09243784,0.24085483,0.30266404,0.34125733,0.3868491,0.3426715,0.40941387,0.3881256,0.2923035
1.5722345,1.5253798,0.7726582,1.3867967,1.1319876,1.9091249,4.394234,2.116053,0.60988736,0.35225445,0.82428896,0.7224198,0.7797523,0.65900105,0.5241658,0.73677796,0.69523853,0.72507703,1.2051144,1.4272703,1.7844744,2.0646439,1.6438714,1.0303118,0.60302323,0.4021595,0.36444128,1.0287926,1.0133642,1.1384655,0.55078214,0.29848042,0.57919216,0.6290015,0.20706193,0.4535529,0.5308087,0.32606864,0.3554336,0.35844177,0.18241602,0.12961264,0.08339731,0.07292569,0.0724305,0.117904276,0.46250176,0.2016359,0.31207642,0.5382137,0.4791755,0.92198884,0.56203103,0.4110891,0.7832882,0.6684943,0.3080918,0.49028224,0.5910071,0.5175314,0.50454766,0.5689105,0.6116912,0.76690376,1.099032,0.49417084,0.35990432,0.66145843,1.0136474,0.8502567,0.42347062,0.3678322,0.46120942,0.27806732,0.44764653,0.62085354,0.56774855,0.33864728,0.54095656,0.5589987,0.5629891,0.29189938,0.5449042,0.4361987,0.35674402,0.27251884,0.32854673,0.2869468,0.29670835,0.30236733,0.18271777,0.33217844,0.57915324,0.4594806,0.39409092,0.37174454,0.537647,0.56265783,0.27451476,0.3811843,0.3560408,0.3567143,0.35325876,0.62762225,0.35556954,0.07924526,0.44512457,0.6561486,0.30858532,0.17069559,1.4566785,1.4554975,2.2897696,2.3131313,1.31542,1.7263856,2.697786,1.5993567,0.5822682,0.53517497,0.34531873,0.5678848,0.41710266,1.2160183,1.2579569,0.8876035,0.961839,0.78803897,1.0063026,0.4200004,1.1109829,0.7808857,0.17539139,0.47041482,0.4727422,0.8665128,0.62788415,0.7957326,1.4382,0.7956499,0.6363121,0.5221229,0.72384983,0.47295564,0.38996264,0.6141462,0.61456704,0.4485583,0.75239193,0.3542268,0.4912801,0.44260418,0.1307057,0.107813895,0.07664081,0.03262375,0.074742526,0.13953255,0.12346467,0.08733843,0.15048307,0.14264962,0.27526176,0.28164378,0.20122676,0.15159874,0.36839983,0.72055024,0.20059468,0.53677446,0.6376484,0.35363346,0.5159985,0.47735244,0.5490675,0.37018487,0.20017807,0.34183642,0.3193747,0.282609,0.39797843,0.33756346,0.10631587,0.13745785,0.14885268,0.27072424,0.36628976,0.21863836,0.31104052,0.2629272,0.12004958,0.14044018,0.12267219,0.16565207,0.14632496,0.2505618,0.18942146,0.05107444,0.12119481,0.15302859,0.09467828,0.08647729,0.107783206,0.11107823,0.1303252,0.21216418,0.16081849,0.06257646,0.12083547,0.18724084,0.12106707,0.07981083,0.36324933,0.36324108,0.09657249,0.14785126,0.22479334,0.042428777,0.070391245,0.115203336,2.0765796,2.080664,2.9196846,0.9875716,0.5116362,1.0426724,2.448234,2.0407624,1.5558068,1.4598334,1.6832713,1.5621437,0.7553921,0.53291196,0.6810607,0.6063,0.8029362,0.74912447,1.2635667,1.2584345,1.1012149,1.268932,0.74671644,0.6356134,1.1576409,3.017497,2.566621,0.8593141,1.0838939,0.96256804,1.116541,2.2678766,1.6528047,1.1123424,0.6500666,1.1983105,0.8615668,1.4909806,1.2642682,0.7194117,0.63063675,0.17485379,0.09602299,0.15771581,0.14958021,0.13100931,0.22337766,0.37399605,0.721402,0.31340504,0.5107563,0.6349276,0.24088812,0.22644429,0.55777645,1.0248466,1.103347,1.2039152,0.74846375,1.0110577,1.193273,1.2824754,0.88722116,0.9048185,0.7395316,0.15720187,0.3383833,0.6241587,0.696213,0.7788758,0.26877344,0.12421308,0.16588336,0.11475409,0.09067775,0.12933621,0.20424029,0.20834158,0.38626078,0.35184416,0.21791986,0.14833018,0.37575954,0.2876677,0.099482864,0.16203107,0.21798746,0.26859006,0.15061882,0.10792685,0.14312847,0.44085518,0.44808376,0.3833245,0.2813055,0.13564755,0.245656,0.5241044,0.32027683,0.13928895,0.25552937,0.28594515,0.3054734,0.4864708,0.24182975,0.47604978,0.40783906,0.36585394,0.30793643,0.34944642
1.0346919,1.023107,1.2111921,0.30071044,0.47583014,0.62916917,1.4646062,1.2042961,0.34534812,1.0129002,1.3026116,1.6274571,1.6316185,0.68696105,0.8249755,0.7254196,0.69557446,0.50711703,0.46238634,0.4389266,0.3841283,0.43118703,0.23863372,1.1577392,0.8794607,0.31834567,0.72828686,1.1353083,1.3965572,1.0005347,0.8820361,0.72806025,0.756662,0.781028,0.5680857,0.5245722,0.541482,0.34782767,0.21715765,0.20126152,0.18470007,0.22854769,0.11630717,0.05324323,0.046908975,0.10194311,0.33493486,0.378093,0.35328248,0.47857085,0.5201245,0.27141201,0.7285277,0.84774476,0.5534365,0.3820806,0.5551848,0.5609103,0.3877474,0.60099417,0.36201382,0.21987411,0.41514552,0.31114584,0.33132797,0.6278118,0.4275411,0.47582784,1.4215665,1.7868277,1.0044085,0.61450315,0.48046997,0.21208385,0.11801839,0.26213077,0.45286277,0.28468072,0.68099076,0.5139571,0.34783566,0.3737259,0.44518158,0.31231162,0.197643,0.23302466,0.19742437,0.22282177,0.42559737,0.31208122,0.318434,0.5149285,0.30754048,0.35394335,0.3102459,0.23408045,0.39114338,0.55410457,0.5339269,0.4404742,0.18048571,0.23570363,0.6805808,0.7557412,0.42684662,0.2577688,0.19352773,0.4347184,0.41421092,0.45277032,1.7436794,1.4353279,4.2828817,4.084361,5.8052664,4.323898,2.4831939,2.2860785,1.4215708,0.9129325,0.8536302,1.9694644,1.7540288,0.7374066,1.103817,1.0026759,0.7951284,0.47955593,0.7566891,0.8422767,0.7379609,0.69335306,1.3324716,2.141062,3.054773,3.7148223,1.7969527,1.2889224,1.3802915,1.7091194,0.96801835,0.8151622,1.871566,1.2753615,0.84795666,1.3731431,1.575424,1.1309301,1.1712445,0.5629159,0.24169685,0.33789015,0.1781592,0.061671242,0.087697096,0.07892096,0.058457244,0.05321746,0.11169738,0.234809,0.20694742,0.2070425,0.29897514,0.26651073,0.20514858,0.351881,0.4694573,0.9193279,1.1458682,0.8408059,0.58353573,0.38804272,0.6476082,0.40210268,0.24668968,0.26510286,0.14112781,0.17230949,0.39230904,0.3582131,0.24233717,0.17858458,0.13563351,0.15337063,0.25993297,0.46058008,0.31885055,0.080767915,0.12486462,0.12481636,0.24670106,0.1892369,0.07836692,0.13124827,0.13475344,0.12873855,0.110640146,0.11344861,0.15285482,0.16267574,0.026486527,0.0938215,0.15366396,0.13341548,0.10512377,0.094083935,0.0777572,0.14915621,0.10615269,0.09762475,0.09282656,0.10653731,0.11410961,0.20265159,0.17725319,0.06573002,0.06316017,0.16828164,0.25350887,0.17232537,0.873536,1.0646381,2.812408,0.7177034,0.7165667,0.6499755,2.5111332,2.136663,0.8130561,1.4482085,2.1833599,1.5153803,0.8026984,0.89447206,1.2166727,1.2981853,0.71232235,0.54056245,1.0561255,0.81517744,1.0804924,1.2941444,1.8564807,2.2994645,1.1224035,1.737923,2.131552,1.5459825,2.081036,1.9854877,1.0049865,1.4836255,1.4887484,1.2814796,1.1765814,1.3493526,0.82506573,0.8395184,0.58181626,0.6097511,0.36847988,0.12686524,0.047362346,0.05509782,0.05871671,0.06772769,0.17387669,0.21767984,0.27602503,0.36997864,0.26055533,0.5206404,0.7425115,0.44515988,0.24572603,0.12192835,0.17924646,0.4631555,0.5085123,0.7347357,1.7128621,0.90824884,1.008134,0.80188984,0.3999483,0.37260005,0.2643848,0.20362933,0.29837963,0.71115434,0.57720345,0.46498552,0.46589682,0.5188326,0.44478348,0.30207443,0.23751424,0.20071277,0.49754,0.29671913,0.28743112,0.34918776,0.3742075,0.2652833,0.107411414,0.29071403,0.26150176,0.1432158,0.12637113,0.12063467,0.10833847,0.38177055,0.43390214,0.3565406,0.2529999,0.14259163,0.21937777,0.18483026,0.16282503,0.193864,0.17263791,0.27267694,0.47017065,0.59682965,0.31561676,0.2131885,0.19488114,0.3330021,0.3730812,0.2626368
0.72903055,0.80175024,0.9707111,2.2047038,1.0304375,0.3855925,0.71560794,0.92820257,0.5241802,0.81741357,2.6424267,2.6167073,2.0238488,0.70385957,1.0824664,1.1084883,0.6124154,1.4366121,1.2703875,0.4551105,1.2381506,2.4708245,1.4764364,1.2137207,0.643181,0.4422705,0.86643845,0.6252444,0.95492625,0.8090194,0.6420824,0.43128422,0.4027927,0.5961497,0.7485189,0.50077695,0.5162518,0.43508655,0.27742085,0.16400804,0.19358826,0.14217354,0.060906373,0.0987532,0.06747479,0.04598415,0.13840593,0.32712853,0.42967176,0.5373776,0.72673625,0.9656471,0.5543171,0.66402394,0.9370875,0.52886367,0.50552076,0.53864664,0.9324963,0.5626892,0.401518,0.52044904,0.57261807,0.80312175,0.5170398,0.518111,0.25948533,0.63213503,1.2159953,1.3739095,0.82192284,0.5584842,0.39413828,0.56933045,0.40026844,0.4031696,0.6210467,0.4529424,1.2351828,0.89257836,0.5016878,0.37033212,0.3461857,0.2861575,0.14527498,0.2563434,0.32316655,0.2654393,0.43325803,0.41984296,0.40475312,0.6054817,0.62456757,0.41359165,0.26399806,0.33639738,0.30879712,0.46127278,0.303244,0.28759977,0.14683512,0.29168248,0.74484575,0.77197456,0.31411704,0.4264467,0.418229,0.61649466,0.6611556,0.8589877,1.2032917,1.1041716,4.7184505,4.107525,5.84803,5.6158986,3.3629997,1.3574222,1.2099862,1.2151418,1.5199827,2.6794782,1.8489091,0.46881467,0.8025779,1.2803055,1.2033702,0.5826894,0.6238895,0.5111086,0.6922701,1.2271596,1.2180136,1.0980026,0.4252408,0.5432291,1.0208844,1.117179,1.4089973,1.0793693,0.93375504,0.68902373,0.47457376,0.4107402,0.35368872,0.46090904,0.4070217,0.1698379,0.25819585,0.35347006,0.33331025,0.1685869,0.11347635,0.033844348,0.029711632,0.030895058,0.040178068,0.071469635,0.15375218,0.1015052,0.2537096,0.4241023,0.19335641,0.16275948,0.29650667,0.53391963,0.6176569,0.64530617,1.127904,0.9257487,0.51751506,0.83655703,0.9933995,0.31015924,0.15413488,0.51914436,0.426937,0.20159759,0.58951664,0.38819417,0.3525817,0.4647301,0.32711354,0.2155411,0.18802345,0.39326546,0.25168398,0.23704922,0.49413675,0.39245862,0.15719782,0.17154,0.17413114,0.2207266,0.2072047,0.13592565,0.12168893,0.149852,0.1646122,0.099788316,0.086783774,0.074002735,0.08994723,0.1376015,0.13022299,0.11491797,0.06460046,0.12592922,0.2661458,0.2455735,0.19089814,0.1840476,0.21788433,0.09892988,0.08233707,0.20219283,0.30602023,0.21923454,0.2710232,0.3762265,0.954932,0.801133,5.6574626,2.891419,2.439196,2.1912096,1.4066178,1.7389888,1.9139382,2.1350367,1.7810963,1.2237021,1.4466338,1.6501851,1.9037632,1.2869505,1.6206131,1.214833,1.2191088,1.2117606,0.9414979,1.7139447,2.141771,2.565004,2.0493503,1.8524643,1.6917644,0.97782135,1.1764674,1.0965755,0.97338027,1.3036315,1.4077728,0.88642967,0.8094797,0.39322734,0.20794731,0.66623574,0.7236306,0.8452913,0.46290374,0.28264242,0.1946778,0.041642487,0.03182459,0.06056005,0.2426131,0.45134366,0.23646799,0.3146899,0.36016628,0.44372573,0.28794643,0.4404498,0.12984541,0.36072198,0.85782593,0.77448404,1.2677838,0.8087659,0.6919107,0.5091051,0.9927661,1.1611055,0.47471333,0.7471456,0.82577455,0.84743184,0.639394,1.1179103,0.8844102,0.43006575,0.2978288,0.32082924,0.30453163,0.1713479,0.20826077,0.26245555,0.5429757,0.5120552,0.49006325,0.22183123,0.22118922,0.20498733,0.2329231,0.15063697,0.1427043,0.14451103,0.10234322,0.19954035,0.23286897,0.3161731,0.26472455,0.15008678,0.059945416,0.20653148,0.4517382,0.50730544,0.4825438,0.24582994,0.19893973,0.16094717,0.17500505,0.35109985,0.36844867,0.21685049,0.33622104,0.3672117,0.49183872,0.39677885
4.445777,4.324029,4.023891,1.9306388,1.6348146,2.0451736,2.8109078,2.620786,2.316488,3.1897397,3.132654,2.6052713,0.8508952,0.78436065,1.5419674,2.7081606,3.000558,2.3714032,1.6467711,0.76937497,1.3959147,2.272902,1.6845478,1.0133852,0.44611776,1.2786603,2.3882425,2.3973136,1.0762327,1.762209,1.7571287,1.1209725,1.1605268,1.0425733,0.9094788,1.0778239,0.81735045,0.42517376,0.33896255,0.2699443,0.056551173,0.13603014,0.062760934,0.067229256,0.066738226,0.08626507,0.11864218,0.2769307,0.36991683,0.7265172,0.9389615,1.3954937,0.79834694,0.9270048,0.6722667,0.40388563,0.26573902,0.3136341,0.43616468,0.6368231,1.3834219,0.76500916,0.46431217,1.0812268,1.0601989,0.3751985,0.61828786,0.936868,0.99556834,0.5606519,0.563974,0.62444377,0.48225373,0.5144114,0.24446592,0.39554107,0.28914675,0.2154248,0.38383105,0.29305935,0.43448308,0.3484553,0.4616467,0.22823763,0.097957216,0.11616731,0.29791757,0.19630992,0.38497913,0.62481314,0.3062955,0.22630513,0.3560091,0.30222687,0.43847722,0.49745467,0.4457127,0.42839378,0.33078852,0.45975798,0.35157257,0.2943862,0.55193883,0.8567822,0.4393093,0.3991116,0.4468581,0.41782567,0.3770764,0.66918945,0.5307815,0.41288418,2.4258037,3.5717995,3.3812146,3.302532,3.566435,2.4649663,1.3619263,1.3099813,1.5285263,0.78952163,1.4621304,1.3154438,1.201356,1.8318999,1.6950603,1.2582304,1.0741841,0.794354,0.30325767,0.37329987,0.40564808,0.52441967,0.92165136,1.8141414,0.68266106,2.3113282,2.5145571,0.9800378,1.2085596,1.1812509,0.93496627,1.0653379,1.1133865,1.5148766,0.9612414,0.16749361,0.41539803,0.28774053,0.17150095,0.24254759,0.13031186,0.054428495,0.09160256,0.113627315,0.0528577,0.13088058,0.28727987,0.33789402,0.26462018,0.17825945,0.13065381,0.19659604,0.22397476,0.19548963,0.20014401,0.27762514,0.34116763,0.73365194,0.55083686,0.059857577,0.23015398,0.68777037,0.8823628,0.5925087,0.3087222,0.25675493,0.1660462,0.14915532,0.21965207,0.2770866,0.23982798,0.18414615,0.19007523,0.23447567,0.19045278,0.17356226,0.12820917,0.20980304,0.1535946,0.18441266,0.29625925,0.20647405,0.13066067,0.10437362,0.12972128,0.17381456,0.2055393,0.11827905,0.08745823,0.07257818,0.080364704,0.062345438,0.095849626,0.080856025,0.06657378,0.090979524,0.19243337,0.2708587,0.11862963,0.07500761,0.2425323,0.2505023,0.14859247,0.17541169,0.17551754,0.107449725,0.08413526,0.37397438,2.088537,2.0987043,0.97319406,1.139442,0.9847481,1.3983624,3.282626,1.6042547,1.0483587,1.7056724,1.3630766,1.1164188,1.0923375,1.2528546,1.3004843,0.42546913,1.2215325,1.0786014,0.7694551,0.79565156,0.81294596,0.7455595,1.2847877,0.9869991,1.6001798,3.2210348,3.3161526,4.5364094,4.3440495,1.4433975,1.8207694,2.5488873,3.7127454,3.0739973,2.9000747,3.0863757,2.517755,1.4329333,0.89379054,0.8842232,0.3825221,0.26166412,0.2038712,0.07702594,0.14243689,0.21236491,0.1388555,0.06201001,0.1569037,0.24770617,0.37141174,0.74946344,0.20360743,0.33781224,0.44387266,0.6190449,0.73254603,0.6247312,0.58440864,0.6855097,0.6649137,0.3267263,0.24699745,0.66803586,0.90741014,0.8738644,0.9083191,1.4888151,1.3654772,1.2594575,0.69344497,0.4909719,0.2229955,0.21428868,0.33162665,0.34532788,0.19651037,0.31939912,0.3117778,0.22109643,0.37652695,0.45757967,0.33455437,0.24026409,0.19563244,0.25310236,0.16108084,0.1984458,0.20054372,0.18802217,0.39296132,0.39095148,0.21542792,0.2592248,0.12406348,0.08578775,0.12367587,0.18126586,0.22592385,0.38474882,0.36670008,0.29986966,0.30757242,0.26011366,0.19731985,0.2279473,0.113431945,0.1703578,0.25536984,0.38911915
1.9295448,1.7020059,2.1474898,2.896377,2.521763,2.4570813,1.4787185,1.3842465,1.3016472,1.3833528,1.3291887,0.93066686,1.1794059,1.2243694,0.9763832,0.6593155,0.9374163,1.0302582,1.11143,0.5974737,1.4921464,3.7129307,2.5670478,1.0475765,0.173736,1.0178905,1.4027249,0.7766812,1.224978,1.1554601,0.23123384,0.14857328,0.23886766,0.41012907,0.5726804,0.41041198,0.2571583,0.32494977,0.40388894,0.19441235,0.1220187,0.12269195,0.08613067,0.10493746,0.07004958,0.08939108,0.23989412,0.20746353,0.31087968,0.30629754,0.779431,0.7312947,0.7472919,1.490118,0.73450756,0.9092756,0.3220451,0.2973052,0.45775273,0.5856131,0.7318497,0.6863695,0.7692739,0.89437217,0.89172673,0.91002035,0.4988545,0.88386595,0.94920635,0.7973986,0.63621736,0.90869355,0.99719906,0.63411194,0.42626223,0.60506773,0.40539798,0.3649734,0.43050987,0.12605534,0.35814765,0.59923255,0.27562284,0.2611355,0.31796744,0.4156807,0.35758743,0.28560588,0.39267498,0.48625863,0.4625687,0.3091097,0.3334298,0.5492126,0.47070748,0.5009436,0.5064135,0.40936142,0.3008627,0.28286412,0.57181966,0.4721418,0.7281495,0.52584034,0.38771197,1.1085029,0.352518,0.06435596,0.14791383,0.32316318,3.7824166,2.830309,3.2544067,3.8341749,4.515371,3.5672147,2.8274093,3.389447,1.1602911,1.4618381,2.547396,0.90302813,1.2883674,0.9472351,0.6664779,0.9111875,1.2014829,0.6103386,0.4663241,1.2065576,1.3342816,1.8016483,1.5770051,1.4004138,1.1118478,0.677178,0.49105093,0.82342833,0.9361848,1.377013,0.789548,0.7890361,0.6834252,0.51221937,0.41507006,0.43743157,0.37387583,0.41657078,0.6500661,0.15640558,0.21379042,0.34634024,0.14201826,0.059499506,0.03585484,0.06492965,0.0712955,0.053486783,0.116225794,0.20496507,0.2855527,0.3460338,0.1443002,0.19775921,0.18209885,0.12494179,0.31449848,0.6422577,1.2882065,0.99069834,0.35616726,0.648904,0.88898236,0.9207214,0.81659675,0.50612664,0.20317732,0.18036489,0.43147105,0.35353696,0.3678902,0.24526909,0.25528866,0.23084703,0.20293957,0.10270631,0.21500915,0.2570115,0.2238023,0.27290878,0.24607624,0.16609445,0.1049301,0.13716778,0.1466403,0.07710674,0.07227533,0.09113743,0.07621918,0.0615216,0.08585324,0.13328728,0.11032568,0.16039875,0.15057965,0.13091128,0.1323787,0.10468687,0.091627076,0.0693634,0.118174106,0.17439125,0.35555914,0.1942005,0.033995572,0.14032304,0.07870156,0.14255245,0.29836455,0.3610798,2.8334897,2.5938432,2.9461668,1.1048797,1.6859841,3.091427,2.5978658,0.913368,0.66906416,1.9883229,2.2841344,2.4183805,2.0513408,1.6378176,1.8273249,0.59787196,0.6890882,0.38229102,0.50788116,0.8885605,1.38405,1.6571014,1.0399709,1.3155743,2.245152,1.3572351,1.7483739,2.390126,1.159061,1.2974763,0.9039702,0.7976816,0.7202692,1.8108057,2.0277486,1.642849,0.54265195,0.4903952,0.64142585,0.57352495,0.40653855,0.12838379,0.0620795,0.09818784,0.09192608,0.12995046,0.17690177,0.2728073,0.427282,0.17705594,0.59918684,0.7421637,0.951957,0.96925515,0.5444218,0.7574661,0.48907837,1.2184238,0.9150496,0.8129617,0.89728826,0.46045572,0.9503761,1.0183077,0.265838,0.23439106,0.37561744,0.64162993,0.25948402,0.48315483,0.278644,0.3974436,0.46817046,0.24970302,0.11372128,0.24639904,0.23595022,0.13958217,0.210913,0.36085272,0.31139177,0.27164236,0.22899698,0.14372613,0.24260642,0.35736954,0.2694669,0.27555364,0.21765599,0.14102514,0.10569265,0.21633185,0.29143828,0.1401949,0.14960736,0.22505508,0.188639,0.18354051,0.20695628,0.20834982,0.20720972,0.19169027,0.30718717,0.41746062,0.18341859,0.13488011,0.11503623,0.13162313,0.3850213,0.30472258
0.43620527,0.86624736,7.321744,5.6764784,2.4174492,1.2656541,1.6806468,2.5230885,2.8872478,2.50202,1.733224,1.5444857,1.237628,1.1686589,1.499129,1.8239725,1.4048467,1.1029869,1.5720599,0.47724485,0.7026469,0.3521796,0.66530067,1.5552909,1.6954756,2.0395663,1.3057624,1.1272548,1.082039,0.9670623,1.6023588,0.68285763,0.49680778,1.2416807,0.69170874,0.490866,0.539064,0.5839105,0.25896928,0.14417502,0.2899699,0.17492625,0.17042689,0.10345244,0.09937323,0.20269574,0.39027625,0.38434905,0.1870272,0.152122,0.52568716,1.0907742,0.9212385,0.9306849,0.26618958,0.30047125,0.31398168,0.44540963,0.5599953,0.7229448,0.6046679,0.54504234,0.5554935,1.2825667,1.5031697,1.1643304,1.0050567,0.568465,1.310011,1.0844586,0.95630014,2.0479112,1.6342168,0.7043559,0.3839773,1.156351,0.86124283,0.21495779,0.32766488,0.35133848,0.15643929,0.4219638,0.1614684,0.16244376,0.23575075,0.20680986,0.345593,0.4393581,0.35780144,0.12708277,0.49545318,0.4729555,0.3176412,0.5155521,0.5565829,0.29234782,0.2183686,0.2625225,0.2557308,0.33021888,0.21483202,0.21099925,0.44834286,0.55078316,0.22327232,0.27967754,0.37637874,0.7926115,0.3719226,0.29983273,3.6680496,3.3450692,5.1013093,8.931,5.1023774,3.4897048,1.6003811,2.3667417,1.8941851,1.5282993,1.4833935,1.3572019,1.0621527,0.66061574,0.31319213,0.93940604,0.8934531,0.57134163,1.0041184,0.67242324,0.43704763,0.14338602,0.37534034,1.8342962,4.073367,5.2369494,4.618806,3.493182,3.1227703,2.6610405,1.4924036,0.858284,0.6649395,0.60935456,0.6798371,1.0153863,0.7527699,0.55896115,0.6326601,0.52582103,0.28957668,0.17747045,0.1350998,0.09467572,0.082961135,0.10665026,0.12112281,0.19160959,0.28620923,0.30122006,0.5510242,0.60614824,0.27702963,0.58728564,0.49906042,0.25636446,0.3422722,0.3039996,0.21040581,0.46173754,0.27360007,0.52337116,0.56532204,0.46786124,0.19157477,0.19697964,0.15878564,0.2711653,0.7151688,0.34576535,0.07340233,0.17951186,0.22369093,0.22910252,0.22097594,0.37670025,0.60077465,0.48696148,0.42870927,0.17666702,0.2165856,0.32662886,0.17507312,0.10849268,0.15979777,0.12453716,0.123237476,0.11066405,0.11774876,0.10406359,0.11170053,0.10351841,0.11253202,0.2094202,0.21795005,0.075863555,0.11795854,0.17259297,0.17647728,0.12275575,0.09213628,0.10954774,0.19448173,0.28282833,0.40976438,0.17802486,0.13064565,0.10671946,0.08853847,0.10784265,1.1737281,1.3316598,2.043516,1.47664,1.7189258,1.8677363,1.485278,1.2680643,1.1060907,1.0783181,2.003617,2.0235605,1.0794302,2.1936984,1.839787,1.0232973,0.65497184,0.8054023,1.3339157,0.8834387,0.8859423,0.89589185,1.198138,4.164996,5.7978716,14.015228,11.752296,5.7480707,2.5008025,2.0296342,2.8882165,3.7211628,4.404987,3.9619443,0.77773833,1.0505174,1.2001585,1.2411746,1.8109789,1.0260031,0.18381758,0.17123066,0.28379104,0.21367468,0.14484347,0.122761734,0.1305993,0.09289155,0.26934227,0.4393059,0.30480528,0.60557604,0.36289534,0.44346368,0.4989555,0.40461597,0.30597153,0.32067084,0.54797274,0.40316713,0.39159685,0.5043247,0.53950673,0.48164508,0.56233495,1.1290092,0.7015417,0.2503754,0.292373,0.2993896,0.37768033,0.44830287,0.47675666,0.23867448,0.15473484,0.49185425,0.61082757,0.28954467,0.36456838,0.19645026,0.166625,0.18355834,0.29486147,0.2007287,0.09952563,0.19354904,0.1820702,0.20350346,0.17362696,0.15777835,0.38436764,0.33524957,0.2535393,0.114436895,0.32433063,0.2088873,0.18556544,0.35949606,0.26922044,0.14326833,0.1465976,0.28249028,0.30927807,0.40535054,0.19902147,0.11470432,0.14454171,0.27103806,0.23282807,0.30311793
1.6778094,1.5043123,1.5054328,1.4614099,1.8413314,2.5708773,2.5647604,1.8925922,1.738748,1.4530828,0.9259109,1.1816579,0.9994497,0.48925743,1.0401075,1.5582265,0.9339144,0.80548495,0.26840994,0.9060822,0.51569986,0.35119006,0.3361736,1.9218688,2.1749942,0.87948126,0.84801394,1.2022432,0.48515546,0.29031846,0.20502697,0.1669172,0.3964343,0.48254937,0.34386536,0.31647503,0.34996745,0.3096545,0.28324443,0.31600332,0.1559546,0.11139451,0.0875305,0.060890045,0.04728605,0.049155418,0.11670164,0.2666163,0.22427383,0.19001837,0.41594696,0.50362265,0.51996017,0.6791982,0.32821745,0.21471421,0.6179635,1.58382,1.2513705,0.7323521,0.7937665,0.36488125,0.75373197,1.070038,0.6815352,0.33927214,0.7808503,2.1288242,0.8159823,0.34848812,0.50378186,1.0180461,0.36015293,0.30642334,0.27460137,0.19018328,0.39883092,0.3891704,0.5256891,0.46340662,0.17445657,0.0518588,0.25583178,0.68912864,0.34021297,0.15425013,0.11012312,0.23291104,0.37914306,0.24626385,0.29820794,0.18685041,0.2994804,0.29778957,0.5465569,0.5287497,0.31156868,0.39263436,0.23824368,0.20688808,0.32696286,0.2510685,0.52180225,0.41019034,0.7344655,0.3106821,0.33540416,0.46980682,0.5121872,0.5719699,1.305737,1.0004711,2.3392775,4.4773116,3.104715,3.0259335,3.819652,2.7161977,1.0183958,1.590988,1.8855087,1.0225747,0.7278985,0.7114169,1.0843637,1.4694409,1.7240247,1.5155811,1.5568199,0.98662436,0.73848695,0.388252,0.1429417,0.6005419,1.8859208,1.3199358,0.67347956,0.61896086,0.7613685,0.96460694,0.8606401,0.5504642,0.46435195,0.75047636,0.628193,0.70427334,0.63870186,0.24450545,0.26913416,0.4412061,0.24230222,0.17591968,0.10737296,0.03303745,0.0320862,0.05739496,0.055726804,0.042637903,0.090845816,0.15927394,0.18681462,0.20737076,0.35195705,0.32085937,0.16266716,0.43888044,0.44793022,0.34088373,0.37055707,0.6290852,0.7404653,0.57724446,0.49374253,0.564148,0.66858613,0.3465251,0.36898115,0.35138795,0.3781597,0.32171065,0.53743577,0.19159445,0.118033245,0.15031356,0.07894508,0.110731624,0.25776553,0.13389377,0.1945312,0.12255246,0.20991358,0.09634144,0.081186734,0.120814815,0.109925225,0.14629133,0.1636493,0.19953425,0.20642844,0.122179456,0.09677583,0.07282284,0.10211787,0.12813085,0.09527439,0.084675066,0.1433064,0.24775083,0.29382962,0.11775119,0.14513332,0.19779101,0.19762109,0.17294106,0.2597175,0.20224473,0.13982612,0.22748855,0.2700243,0.23259708,1.1482574,1.0210549,2.4516015,1.4825193,0.85728985,0.80335504,1.6809282,2.8106534,1.7315621,1.0033284,0.61526906,0.9118744,1.61965,1.5222578,0.92086583,0.47243923,0.76123005,0.63615245,0.8645521,1.4440498,0.75725996,0.31057504,0.79116416,1.2380676,1.9641081,2.420616,1.2313364,0.4205527,0.9978316,1.0542189,0.8252395,1.0443331,2.706522,1.7908995,0.9656263,0.868219,0.6256578,0.3857412,0.32961047,0.53175706,0.24451844,0.25488186,0.15015928,0.08785192,0.13944946,0.103156574,0.13763572,0.29816836,0.29809988,0.23941356,0.17856073,0.41088223,0.4603383,0.4275633,0.62807053,0.5055453,0.58277476,1.3818992,1.5127488,0.917719,0.8018338,0.60488635,1.0614576,0.9225676,0.65014607,0.7450121,0.41847497,0.88858646,0.4530277,0.5208447,0.48880538,0.5193266,0.44762373,0.44752282,0.24009052,0.14986685,0.271116,0.45557362,0.37229142,0.65455014,0.4697064,0.28516272,0.39924517,0.4084566,0.22829127,0.21026863,0.3635974,0.31753322,0.19896023,0.27315903,0.22245729,0.19105136,0.4629094,0.62232244,0.4837555,0.41725174,0.4206984,0.4288058,0.36122805,0.2759139,0.25511798,0.5789863,0.508016,0.3402699,0.39174423,0.40990394,0.36905155,0.36033523,0.47417918,0.23410387
0.70751786,0.7018193,1.0755122,0.9203344,0.8169922,0.97359115,1.2039208,0.79061437,0.61847955,0.69307613,1.1919813,2.1125941,1.6722611,0.5477424,0.8072332,1.0517621,1.0924567,0.5404149,0.58156747,0.7035195,0.6448289,1.0645816,0.8934232,1.0917395,1.5479243,1.5260738,1.3643028,1.4382005,1.0802096,1.05393,0.7463756,0.41182363,0.48128685,0.60643905,0.8442764,0.49998897,0.27461872,0.32952183,0.21515554,0.13443404,0.10686914,0.1129457,0.07141025,0.05917078,0.034526184,0.03237276,0.079777054,0.22116375,0.42235506,0.5149399,0.718969,0.42439938,0.19578545,0.45410624,0.5095445,0.21931987,0.3114025,0.6403332,0.7896535,1.2607436,1.5738385,1.0188961,0.5403249,1.1829915,1.0551642,0.49949962,0.6350843,0.54615873,0.38891792,0.33275786,0.33532378,0.41266847,0.36270002,0.20376787,0.17874117,0.34669518,0.35258776,0.2477477,0.41147774,0.6090775,0.5811477,0.34034792,0.29588017,0.17175621,0.19843963,0.21121575,0.09679231,0.1042304,0.18342651,0.14177401,0.3607679,0.38435572,0.25562572,0.7964103,0.7135875,0.44080058,0.48206228,0.40565094,0.26398855,0.48167583,0.6267904,0.7385089,0.5764369,0.46895236,0.29367852,0.4296142,0.4594101,0.61347073,0.5544161,0.30164456,1.4549831,1.1939198,2.5152526,2.668958,2.209142,2.9862726,1.826439,1.0539044,1.2096652,0.94625735,0.7882748,1.3520268,1.8196865,0.5717338,1.3304824,1.1960905,0.9483796,0.67132735,0.44188532,0.44144,0.36681774,0.67076296,0.7576589,0.68739086,0.6716641,0.75712985,1.1120757,0.46644303,0.5263028,0.9386096,1.081514,1.1339611,0.8741332,0.94469106,0.51986235,0.4961096,0.4213581,0.5730521,1.0766433,0.6206252,0.2454161,0.17933989,0.07072493,0.026659358,0.045082606,0.083790824,0.08846954,0.16051836,0.16793834,0.24259551,0.30383855,0.23620097,0.3470544,0.25529724,0.32052693,0.4457439,0.33483058,0.34322333,0.6634479,0.91387326,0.4685389,0.35987225,0.43800348,0.35540798,0.48460996,0.7189232,0.24389505,0.21569201,0.19481222,0.19928968,0.3887625,0.3146566,0.21790282,0.2045744,0.1711432,0.4740886,0.46683943,0.1723436,0.31836337,0.25677797,0.121993266,0.12221982,0.24374008,0.116637535,0.100515865,0.13881367,0.11569235,0.053694304,0.095303975,0.0960774,0.13040614,0.11752732,0.10952472,0.15614295,0.114702225,0.12037106,0.19496009,0.13890488,0.101494476,0.1306055,0.22163269,0.1939104,0.29453588,0.24115491,0.21650797,0.15326554,0.38759422,0.17998274,0.36341617,0.4375974,2.147707,2.272438,2.6789973,1.064855,1.1506729,2.1538725,1.8002031,1.27748,1.2396638,1.9237026,1.7146015,1.3539832,1.5611427,1.6903205,1.017881,0.5980341,0.5274004,0.752267,0.84710747,1.8028806,1.5815971,1.3908985,2.0010567,1.5369201,3.518364,3.7327669,4.6532826,3.401363,1.553543,1.3830411,1.399718,3.6006882,4.263264,2.7436361,2.6499352,1.7185892,0.92757165,1.9615259,1.5187981,1.1135383,0.27322948,0.14144394,0.07383532,0.12590022,0.082745045,0.041665114,0.062964626,0.04883454,0.2015066,0.25726214,0.7273013,0.53547823,0.95944625,1.0609968,0.52010936,0.24252851,0.29477274,0.50133544,1.0996577,1.2788882,1.1186241,1.2308806,0.8313626,1.317691,1.3119603,1.303851,0.9299799,0.59909135,0.5599511,0.7202401,0.91146284,0.70392877,0.32661313,0.40134868,0.20440596,0.10623377,0.4858497,0.5618386,0.82004964,0.54602844,0.57616997,0.5832861,0.4418645,0.21829502,0.27872115,0.31665462,0.25444824,0.29226586,0.45552537,0.4345323,0.3907023,0.2977305,0.3408785,0.3890314,0.15756904,0.26576725,0.3515666,0.2991509,0.33764243,0.4676637,0.51784843,0.44227162,0.4561422,0.4327051,0.29461518,0.54472125,0.45930678,0.41032293,0.33651853,0.30103046
2.1796522,2.2833362,3.136868,1.3290596,0.64178103,0.9965614,2.2591681,4.0995784,2.4231246,1.1147814,1.1723381,1.932353,1.569818,0.8040358,1.551088,1.6572565,0.9034025,0.8144892,0.7251644,0.9977485,0.86288476,1.5202669,1.4119873,0.9089077,1.1554768,1.1850749,1.0263355,0.47413427,0.3238605,0.45528212,0.49741295,0.6478913,0.76000607,0.6540545,0.257215,0.46338785,0.6466835,0.43403617,0.10014557,0.050671425,0.08209838,0.15562764,0.08738638,0.03675292,0.06741272,0.19628385,0.31504908,0.16030999,0.2540204,0.693486,0.8160688,0.5436457,0.23967853,0.60389507,0.7871629,0.37707204,0.47685632,0.59658617,0.91551304,0.9270056,0.6036134,0.6642078,0.6736221,0.3600398,0.37208351,0.6640047,0.56896436,0.9942554,0.37563577,0.46822414,0.28473085,0.4423758,0.5186415,0.27112573,0.18262433,0.21029423,0.4672146,0.3274703,0.43449676,0.4730964,0.2825242,0.41299176,0.5083403,0.38641393,0.13855954,0.300217,0.3579559,0.34412768,0.25162166,0.276366,0.2755718,0.41813362,0.23908778,0.2383965,0.32017344,0.36053982,0.52246994,0.37828866,0.17149736,0.18555842,0.17144684,0.22935537,0.3113936,0.34109625,0.27547792,0.32104924,0.3768289,0.456523,0.25481984,0.16466297,1.7200559,1.8460375,5.245176,6.0273037,3.6501505,3.104742,2.290152,3.0931592,2.0902402,1.0013663,0.7431358,0.43097296,1.0553395,0.7507131,0.6882226,1.355406,0.7456071,1.2345325,1.8670661,1.5845624,1.2717482,1.2918499,1.0405586,0.40689915,0.8610482,1.5371641,0.95088845,0.8752652,0.6330134,0.8587031,0.71468115,0.5866933,0.48104903,0.35924608,0.25140387,0.24257429,0.33740205,0.3069171,0.38051063,0.15187734,0.0806745,0.111340635,0.093593866,0.043166086,0.03783183,0.016953312,0.08031972,0.06529361,0.17720173,0.19509362,0.1625298,0.13520455,0.1337264,0.32257703,0.52366906,0.4362281,0.30776083,0.48694247,0.68279076,0.47446388,0.3064612,0.20673394,0.19439574,0.5749067,0.6063697,0.15709615,0.24313265,0.28471854,0.33875918,0.19846459,0.1346532,0.22339416,0.11635037,0.08289165,0.11255955,0.13374647,0.078986086,0.065917745,0.1482267,0.16970412,0.18181144,0.18856736,0.07554559,0.06321273,0.111342765,0.17219675,0.21045274,0.124881715,0.120435834,0.05353812,0.101589896,0.06794412,0.057869542,0.07752752,0.18558963,0.1506762,0.12768076,0.12816387,0.113253355,0.060938545,0.14736865,0.11485825,0.10605679,0.12149404,0.30657315,0.3718059,0.17214967,0.19115947,0.19959515,0.1900725,1.8598444,1.7216359,2.2363822,0.90759116,0.60240966,1.4799863,2.9570484,1.6458055,0.9880501,1.329539,1.8661605,1.1889457,0.96538323,0.70321745,0.8162868,1.0638407,1.0119736,1.208752,0.7319312,0.39084777,0.77250135,1.0322664,1.288049,1.4959576,2.5439906,1.4813007,2.2759454,2.0918493,2.065773,2.2617486,1.5847766,1.5166763,2.050833,1.7702024,1.041724,0.6404668,0.6390345,0.28550997,0.19680187,0.24433886,0.2162575,0.18072805,0.1492172,0.14997944,0.07848059,0.064107426,0.2406617,0.41639146,0.49631968,0.63205254,0.27065614,0.36596468,0.31998563,0.7767461,0.6012166,0.52708787,0.8291148,1.1646367,0.9281826,0.7314676,1.3783163,0.9761681,0.31462482,0.4371413,0.8351252,0.9979212,0.46562263,0.62431437,0.34865382,0.36141944,0.35122457,0.46914434,0.19034626,0.15867731,0.22631173,0.13327573,0.20277117,0.17470886,0.40686196,0.35213014,0.27029893,0.28605404,0.50211996,0.34689483,0.23425707,0.117479205,0.15743676,0.15965562,0.15480907,0.18041669,0.25335184,0.26197568,0.15050519,0.31894872,0.3390109,0.3567868,0.1420218,0.20249537,0.14816454,0.2528027,0.32555112,0.38799965,0.22780432,0.23727743,0.52711636,0.36778888,0.19069847,0.2488403,0.09419393,0.14690544
0.8343309,0.9915453,0.87461585,0.9879565,0.72781754,0.66055006,0.5257959,1.2048701,1.5994862,2.4364302,2.2086544,1.0596291,1.0491743,0.7607057,1.3080909,1.7164649,1.462453,1.27596,1.4474046,1.7817103,2.45573,1.5875062,1.4455237,1.0217289,1.2753158,0.9362417,0.7144402,0.91768926,1.2313732,1.0984521,0.313253,0.39109486,0.4541584,0.41641623,0.40592703,0.46593451,0.19726466,0.38948333,0.32933477,0.30757725,0.37326643,0.20034732,0.1594539,0.08740354,0.05708696,0.10041824,0.17966847,0.21483319,0.24174896,0.41078863,0.60318047,1.0635618,0.907709,0.6486136,0.7286113,1.0142268,0.4569611,0.4832089,1.1168263,1.1754003,0.65579355,0.73159117,1.1392728,1.584646,0.86730576,0.673628,0.97045463,1.5583544,0.5548807,0.29057693,0.3317187,0.34483477,0.51848847,0.42095682,0.27323112,0.5628055,0.8494039,0.6073593,0.6188997,0.25527015,0.2920313,0.6601885,0.44853953,0.23201324,0.37969306,0.16962893,0.19831777,0.23060784,0.47737592,0.7199399,1.0109587,0.49213326,0.7044105,0.83610374,0.40330765,0.48300067,0.39448875,0.39851803,0.40305746,0.5350789,0.70797104,0.42720595,0.64520675,0.8119739,0.6731029,0.6143765,0.7889242,0.70921457,0.39257288,0.3382836,0.4484962,0.4494122,3.7769516,6.2723002,4.080488,2.005048,0.9536562,1.0480438,0.8783073,2.3866918,1.2969707,1.0244356,1.3308016,0.67703044,0.65808415,1.6518615,0.95367306,1.3788984,1.2639695,1.048646,0.98784465,0.9412236,1.3711257,1.3026689,0.68137413,1.0944391,0.8025243,1.2272856,1.7313527,0.95311606,1.606793,1.440793,0.41692442,0.42455637,0.36655957,0.77168703,0.6663502,0.67653435,0.8708734,0.3005667,0.17283575,0.12388368,0.1256859,0.051412072,0.041196518,0.07435452,0.12434275,0.08358997,0.14621872,0.30847168,0.3133999,0.49735105,0.52680707,0.24674447,0.19545792,0.43117613,0.33895406,0.45776606,0.7647181,0.8384711,0.5738008,0.5473679,0.5571865,0.7199959,0.52748144,0.3380729,0.2740278,0.24662496,0.36685166,0.35309356,0.088896014,0.20698424,0.42577314,0.23020071,0.12170196,0.12919801,0.27483845,0.29437616,0.3248185,0.16529712,0.1904979,0.095801644,0.09049494,0.06641422,0.055944834,0.12180057,0.10995435,0.0569698,0.06049897,0.14071947,0.13122955,0.18815123,0.2236565,0.10001823,0.23235354,0.1734296,0.07620638,0.10380791,0.15521884,0.116375774,0.08840488,0.22859894,0.35201156,0.22626317,0.12692401,0.17584948,0.25263694,0.21609224,0.14548431,0.21585234,2.2140043,2.1240854,2.1196141,1.5571269,1.1150503,1.2339468,1.8476872,2.5582814,1.626724,1.2986015,2.1446204,1.9510196,1.188075,1.1407131,1.1228682,1.0254827,2.0237572,1.907104,2.4953468,2.618962,4.8591948,4.67421,1.8568223,2.6515896,2.454067,2.2569764,2.4839756,2.3034046,0.7574639,0.9520149,0.61625636,2.107843,1.6079682,0.910902,0.8353082,1.4343085,1.3314972,0.84758604,0.5733527,0.67184114,0.5981832,0.32303876,0.22193643,0.07352663,0.123287104,0.15465054,0.1169097,0.21100736,0.7918706,0.94844365,0.69631237,0.76084226,0.597402,0.24025245,0.47881302,0.56125706,0.48862562,0.8290562,1.7168055,1.8403081,0.6300125,0.86655784,1.045959,1.4325064,0.9537406,0.6004213,0.6855243,0.77901053,0.52011365,0.5065246,0.51081187,0.52194947,0.33257973,0.27359906,0.25283635,0.28296724,0.32940137,0.29954553,0.2956748,0.2882271,0.26068145,0.24815096,0.17965314,0.15769444,0.20236032,0.18419935,0.17576188,0.3129551,0.23938283,0.18902434,0.21641527,0.20610161,0.32604218,0.15981388,0.17854777,0.20250149,0.20902313,0.17638223,0.19948313,0.2413174,0.1665973,0.15330172,0.5812566,0.6975611,0.38801762,0.4983924,0.18034248,0.22334597,0.10943513,0.17345186
0.60204726,0.529527,1.6067603,1.7903193,1.1281896,0.99473023,1.6123481,2.00828,1.5924875,1.9605055,1.470219,1.1106232,1.1925414,1.0703744,0.71056485,0.8271436,0.7553962,0.3457131,1.1002767,1.1519045,0.6337446,0.5699303,1.3212001,2.2366533,0.6756702,0.66391206,1.4885342,1.804253,0.85110354,1.074387,1.069778,0.9135212,0.6057321,0.8735798,0.36663046,0.50072837,0.586165,0.37763605,0.2573648,0.36415923,0.1878618,0.08068503,0.030932292,0.031345814,0.049251955,0.11230215,0.18575089,0.26412684,0.28954098,0.32631844,0.32091254,0.5748157,0.32941186,0.74086004,0.85221636,0.45021775,0.5754605,0.85754985,0.39615002,1.5411706,1.1986182,0.80034435,0.5952183,0.9443863,0.7690482,0.7239403,0.47213915,1.1549597,0.7089802,0.96948355,1.0546367,0.7380149,0.5371514,0.36588675,0.14434542,0.35808298,0.30894098,0.75886744,1.1910651,0.623941,0.64969486,0.39560196,0.24952109,0.46585518,0.5066606,0.2221418,0.14066201,0.21757971,0.44833693,0.29129258,0.09875931,0.09239279,0.29478848,0.7119587,0.43196145,0.22673652,0.2814778,0.14265509,0.21490747,0.47571865,0.6018437,0.14751408,0.29877055,0.3784471,0.24468605,0.30890796,0.26472345,0.44042635,0.3793913,0.29073247,0.73319256,0.892474,3.422953,2.3992238,1.6534679,2.7002914,2.8313634,1.7567241,0.7090093,0.7073214,1.1637688,1.9282135,1.9250685,0.7582208,1.0243794,0.78663856,0.5891107,1.1351464,1.5189806,0.9897153,0.8955835,0.72515804,0.35993096,0.9588387,0.7614041,1.1463189,1.19802,1.2574755,0.36967546,0.67310524,0.92181695,2.6336372,2.7109282,1.499871,1.2208884,1.2968746,0.8624205,0.3173131,0.115014106,0.090869874,0.16010253,0.07542565,0.07020492,0.10297573,0.05381295,0.021851284,0.066036664,0.11738131,0.13523407,0.16809018,0.1504042,0.30970517,0.3316316,0.2410727,0.40366668,0.23574847,0.12469385,0.17903899,0.7118953,0.6058062,0.17696077,0.35400277,0.4533916,0.5096048,0.7443428,0.43974617,0.2673434,0.23087622,0.59450376,0.4290533,0.27267763,0.2758682,0.17799425,0.120351315,0.15700565,0.21577905,0.25448605,0.13783427,0.21441364,0.20505898,0.19700308,0.17535983,0.091695994,0.2244149,0.23839709,0.1254552,0.050844003,0.08405549,0.14654703,0.029773392,0.05596705,0.15947062,0.13376063,0.1832606,0.17194457,0.12398848,0.21318151,0.15590288,0.14342125,0.102913745,0.1323962,0.07410298,0.23741886,0.18843861,0.24519618,0.17437074,0.11359677,0.17780359,0.34744003,0.22234063,1.3707811,1.3169918,2.100103,3.0778098,3.1054184,2.6027815,2.7150939,2.5559351,2.0265756,1.1831332,1.8335785,1.513932,1.0278654,1.1182532,1.688835,1.5854212,0.99942064,0.7066074,0.7607,1.5798457,1.7602786,1.2649761,1.2086899,2.502154,1.6373452,1.688258,2.55244,2.0380938,0.8248907,0.58559024,0.6829899,3.6011672,3.9158685,2.7823403,2.5444021,1.4199075,1.1434621,1.1938804,0.8402041,0.5610284,0.21836586,0.08673696,0.057092693,0.0764418,0.10138781,0.07509295,0.16359743,0.22759333,0.22601068,0.21408352,0.21088463,0.42573795,0.42289662,0.6026049,0.37025264,0.24307609,0.50783753,0.52950484,0.39271066,0.6633415,1.0735832,1.1712047,1.2132539,1.2785665,1.0515295,0.62108535,0.48283675,0.32437575,0.25632328,0.6335926,0.42523918,0.24680676,0.44927636,0.509519,0.14725368,0.15584669,0.31424516,0.35770008,0.23277469,0.08442417,0.1679444,0.308287,0.30949798,0.12220388,0.17908867,0.14646682,0.19309884,0.23757543,0.14398502,0.14520153,0.08188374,0.22625524,0.33008164,0.4712701,0.16702017,0.11437965,0.2249213,0.14568354,0.10163197,0.1271356,0.07119049,0.22152697,0.20886664,0.18576609,0.15936832,0.28420064,0.44840705,0.3880375,0.40129462,0.3011568
0.9837898,1.2239718,1.9484987,2.1083488,1.22035,0.7754628,0.82320154,0.7596742,0.85084873,1.0500038,1.2550105,1.499297,0.9200407,0.48674515,0.53203773,1.4175739,1.4613851,0.58346975,0.4099361,0.24172954,0.3937579,1.5539021,2.597797,1.3676642,0.6570109,0.4732847,0.9181992,1.4531369,0.757335,0.9979069,0.5607778,0.41646838,0.91306365,0.7553963,0.5116862,0.36742386,0.39786613,0.3164266,0.50122017,0.28071076,0.16781367,0.23167981,0.13997656,0.07013591,0.11764978,0.07608671,0.11777467,0.2524435,0.5712497,0.4460065,0.22720528,0.36742267,0.46562126,0.47961316,0.42180532,0.58430374,0.40522122,0.4114866,0.53518033,0.73989946,0.86404186,1.2173212,1.1617877,0.8949643,0.601347,0.74162906,1.5035284,0.7992811,0.49338073,0.4180582,0.762616,1.2964087,0.5353951,0.20711127,0.3368363,0.40497956,0.19926906,0.21200567,0.32253164,0.6560678,0.5706666,0.36449015,0.56815463,0.57277787,0.24372531,0.19061068,0.16190138,0.2218195,0.24532065,0.4358605,0.43148488,0.22492449,0.40122437,0.32602116,0.17444213,0.1424661,0.2015242,0.18310525,0.12756442,0.26931491,0.48537618,0.23769039,0.6133792,1.0582815,0.6040874,0.41492826,0.37791428,0.370889,0.34214517,0.23160988,2.468413,1.9874324,3.8549297,3.8665884,3.5157917,2.7911603,1.7018833,1.5987983,0.6073922,0.80157053,0.4655185,0.565375,0.9767119,0.46077576,0.6333303,0.26849914,0.41019505,0.60457486,0.9449631,0.54246026,0.6837468,0.29611963,0.5053751,0.52476656,0.69459546,1.1468676,1.0921143,0.79963154,0.7516243,0.8265625,1.1143122,0.36910492,0.6041373,0.64935225,0.35250312,0.56914407,0.89839315,0.8624811,1.0914721,0.55538285,0.4744682,0.4323329,0.12867302,0.119950466,0.101823635,0.07454534,0.086684115,0.10382089,0.15488257,0.19270161,0.20052227,0.18549441,0.25890756,0.25254866,0.5009648,0.9127728,0.7799627,0.8900249,0.6308045,0.741098,0.43419573,0.3968038,1.032683,0.60383695,0.12734795,0.24684888,0.20393595,0.07410195,0.32869995,0.2515907,0.18734863,0.15451954,0.32136405,0.25549513,0.11009715,0.12843831,0.19775794,0.18508522,0.15599357,0.13026,0.2452378,0.13854627,0.15415747,0.14114189,0.11706984,0.0854868,0.08967931,0.04953036,0.06838908,0.09677091,0.22003752,0.17287596,0.0800113,0.07913851,0.12892717,0.17152034,0.2580647,0.15652233,0.13476945,0.11092085,0.106929965,0.18456025,0.34829432,0.32041547,0.45590588,0.3111028,0.19087803,0.120464794,0.18464778,0.36061043,1.8973597,1.9594051,1.5913956,1.8434817,1.393928,1.5898488,1.4892977,0.9877011,0.74310416,1.0592858,1.75012,1.1649749,1.6193279,1.6785839,0.8565197,0.34105262,0.5840873,0.7160252,0.65254974,0.8232815,0.73021764,0.84490085,1.510171,0.8098788,1.142846,1.4277389,1.6839094,1.749646,1.8318986,2.0367014,2.0341585,1.155533,2.7780368,2.5171297,2.0831275,1.4679627,0.87538296,1.2109036,1.8109372,0.9460041,0.5755161,0.4521281,0.31552875,0.20252107,0.08005232,0.033936653,0.091087036,0.20450932,0.50187737,0.4984547,0.40280762,0.33191717,0.42940384,0.16838859,0.30994698,0.5688903,0.49233693,0.5697739,0.42757237,0.58953273,0.7986082,0.38271692,0.56960213,0.9415506,0.618666,0.3207078,0.34396914,0.39024067,0.45913985,0.418156,0.27215236,0.43972054,0.35216767,0.2763042,0.23859614,0.45679653,0.37966537,0.34495044,0.3796446,0.13362613,0.22316615,0.30953994,0.2683941,0.20321427,0.08699036,0.034130953,0.051684614,0.2680889,0.2547714,0.13863724,0.27730894,0.43280336,0.3472619,0.32752994,0.18095307,0.20302576,0.22861308,0.21182299,0.28355515,0.34923017,0.21477509,0.27839676,0.1628068,0.1984666,0.23413911,0.16226287,0.22764233,0.3858739,0.2973394,0.15783136
0.39790365,0.4140055,3.394329,0.85697013,0.97606224,1.6878376,1.9014579,2.7151992,1.1035541,1.6159832,1.6109872,1.125853,0.7121427,0.6489372,0.7379252,0.85756594,0.6023055,0.8664114,0.48333833,0.57879806,0.97314626,0.7794211,1.0117733,1.1026535,0.6604758,0.5419163,1.5160476,1.1876394,1.2626718,1.0658069,1.3177116,0.73553246,0.22436354,0.47316557,0.49816677,0.53801185,0.6725129,0.30034807,0.18255328,0.19194357,0.17033912,0.11037941,0.14882979,0.1691433,0.1656173,0.10834054,0.48808774,0.75967604,0.41717267,0.34891945,0.40311164,0.85656554,0.5900496,0.8020568,0.9606428,0.6970208,0.9659503,0.7380031,0.4974766,0.6412242,0.6578439,0.617291,0.38913217,1.4403718,1.3301558,0.806988,0.45212933,0.58509374,0.90228736,0.9504781,0.31705457,0.81275666,0.90215373,0.2702558,0.24367127,0.45147276,0.865004,0.55413496,0.74804175,0.5840881,0.39446816,0.4769805,0.24418214,0.14512198,0.2166416,0.26618594,0.2038038,0.30355066,0.40958968,0.40497917,0.32151592,0.21470363,0.2777884,0.25481823,0.42982936,0.51866776,0.42696887,0.5104231,0.35387293,0.29700786,0.2513878,0.2945209,0.42622912,0.4831553,0.19768114,0.5036779,0.5956411,0.5027205,0.2650887,0.36564398,1.6962299,1.8139547,3.714975,4.627706,4.1150126,4.314362,3.1818194,2.611255,1.5209409,1.2671033,0.91294724,1.0874768,2.1498861,2.4665518,1.1696861,0.21667562,0.7560837,0.469441,0.420137,0.5507058,0.7981532,0.54607594,0.80995333,0.87145305,1.1393319,1.472767,0.65503275,0.9220779,1.7762436,1.2393545,1.2226549,1.0771717,0.87442994,1.0577046,0.9005585,0.87649596,0.54387164,0.17779818,0.4925316,0.22444516,0.10616976,0.19093303,0.11364683,0.09305486,0.10570931,0.077835925,0.06338945,0.23225325,0.23859657,0.14382356,0.35284358,0.47131824,0.30722815,0.14082684,0.09214733,0.18347731,0.16248879,0.13646513,0.26373225,0.3043983,0.15096277,0.18252683,0.3396444,0.37066248,0.22652164,0.2778997,0.16934426,0.1928346,0.42761275,0.28117383,0.3398201,0.22243176,0.1779792,0.1717746,0.102742314,0.3079577,0.5456931,0.4292441,0.2138086,0.18200293,0.13840798,0.117091164,0.12982523,0.10269378,0.1800281,0.18037266,0.15221952,0.10244595,0.093908474,0.08191173,0.16829166,0.20476273,0.17816824,0.15058684,0.061241582,0.103751265,0.16817439,0.17238563,0.14773951,0.11934607,0.16113426,0.16974498,0.19053061,0.21187533,0.12513608,0.06694477,0.11520704,0.10653229,0.11904142,0.36375904,1.5968345,1.9645462,5.2957487,2.6144083,2.2524674,2.916781,3.069055,1.6586213,1.3945391,1.6148993,1.113975,1.8923798,1.7738034,2.1839745,1.9835706,0.76965284,1.6228726,1.3135488,0.3902607,0.6285601,1.0969563,1.7158047,1.6833371,2.5843046,3.2733703,6.152565,7.2893023,4.553541,7.586881,5.60609,4.8998218,6.7522054,4.5830827,3.2298105,3.0437222,1.5783195,1.0885133,1.5639063,2.1161718,2.0059311,0.5330611,0.27638257,0.1876298,0.19249901,0.1841746,0.17962267,0.2907436,0.24916574,0.2876875,0.22964089,0.03492536,0.31948742,0.6992814,0.6395193,0.43050206,0.41134802,0.4765172,0.9136316,0.6227806,0.82160443,1.1878242,0.8713026,0.6237945,0.3501781,0.5647858,0.8719381,1.2823576,1.1102995,0.603414,0.4224681,0.5217099,0.56603324,0.6264344,0.23913255,0.18291488,0.7538788,0.49046808,0.28442243,0.23615068,0.22036144,0.47093475,0.47210577,0.40835306,0.2779108,0.3982546,0.3765718,0.27897406,0.2847499,0.22785386,0.16879247,0.2749056,0.17708397,0.2636446,0.60275507,0.45844522,0.30467945,0.3205583,0.51398027,0.68460125,0.2689438,0.15152003,0.4926619,0.7916825,0.64136755,0.21540771,0.39844698,0.25235376,0.3570334,0.34762633,0.20534705
1.4151933,1.405006,2.0513287,1.3307483,1.1308129,1.8925768,2.5547621,2.422148,1.882619,1.2263507,0.8749865,1.2255471,0.8321222,0.56003904,0.45509034,0.4769806,0.51452065,0.3315559,0.5430809,0.6536225,0.818215,1.2345476,1.0226783,0.95353985,0.5976795,0.51717824,0.43472856,0.92790926,1.1638346,1.2753861,0.83421814,0.21836683,0.18645671,0.46504745,0.8229709,0.5340739,0.410622,0.42463994,0.3718011,0.4082815,0.4853102,0.33805168,0.23018342,0.1140082,0.0602241,0.20530453,0.31168455,0.36966297,0.53802276,0.9852833,1.7375066,1.2109416,0.5905205,1.3212593,0.96893877,0.36344355,0.5633757,0.8160799,0.5638784,0.8487875,0.4573648,0.26007995,0.27049053,0.30785865,0.65867984,0.49672434,0.6952029,0.5756413,0.42714867,0.64779466,0.7918716,0.6992482,0.3372261,0.1996666,0.3611146,0.8832613,1.2342006,0.789009,0.7110388,0.6510921,0.4248272,0.4306018,0.35595533,0.2928803,0.36502123,0.39873928,0.243928,0.10626699,0.24824055,0.510509,0.5100819,0.1238519,0.3068918,0.30467117,0.21645229,0.22320761,0.33854574,0.26487136,0.22925214,0.45035553,0.32012296,0.23027046,0.5373625,0.6016467,0.45985726,0.41859645,0.45259234,0.271082,0.46872514,0.68517274,1.4009687,1.4635224,3.5142221,5.8913665,2.5797417,1.8723003,2.840793,1.8433901,1.4874101,3.1591072,1.2291409,1.2702911,2.2848635,1.6767446,1.2490375,1.3473332,1.4608129,1.5381018,1.0152301,0.7241656,0.5442323,0.7576843,0.73419094,0.94586813,0.8488868,0.70214814,0.30285493,0.86867225,0.91478384,0.8802207,0.78216505,0.6960863,1.2492244,0.7696362,0.48921037,0.47025594,0.55842793,0.616811,0.8784177,0.2946785,0.34688208,0.25675532,0.12912706,0.076330245,0.058099236,0.096556395,0.08085129,0.13513,0.2841924,0.20769441,0.4739355,0.43233493,0.3149988,0.2144401,0.5046525,0.5463556,0.8747764,1.5334634,0.58212054,0.589829,0.22640808,0.11706966,0.18955499,0.35164368,0.45427704,0.3020893,0.33687684,0.25421074,0.3724385,0.14593336,0.3929057,0.29807362,0.13088945,0.23421481,0.082420364,0.060420223,0.18150948,0.26574817,0.12976883,0.21477264,0.26646233,0.1531939,0.09928083,0.16911866,0.25425488,0.24491015,0.16614832,0.055461176,0.18170887,0.13383819,0.13573056,0.10124034,0.04762427,0.13257623,0.15758006,0.21341743,0.2609905,0.1542711,0.091920935,0.13034502,0.13987479,0.10352252,0.20988643,0.304614,0.23337068,0.26115537,0.26277703,0.14682133,0.13966948,0.21235625,1.298983,1.4655064,3.2635438,3.5360131,2.1975996,3.2507107,2.8344405,1.9278741,4.216296,1.9119593,1.0652945,1.5890112,1.5128391,2.5665371,1.7936332,0.31260788,1.2794572,2.1308887,1.4035038,0.7098455,0.7989343,1.9406453,3.5172014,3.0289044,1.8806084,0.90379214,0.7815184,1.5372788,1.8433185,1.1848584,1.0788455,1.6953727,1.8021342,2.205698,1.6121849,1.4647754,2.191947,5.5742655,5.6695538,2.4692621,1.4671906,0.9083697,0.38344395,0.2756989,0.25365043,0.20477718,0.43285143,0.6146669,0.6055276,0.37498832,0.8652642,1.2868043,0.64543355,0.5302174,0.6762375,0.9093853,1.0664213,1.1808408,1.1587893,1.3750106,1.363807,1.0512164,0.83421266,1.4433066,0.53417665,0.5090828,0.63943803,0.45643508,0.6630514,0.7665065,0.5818995,0.7850615,0.520386,0.24003609,0.27671698,0.26958597,0.2306621,0.44788086,0.63187945,0.3116605,0.23333576,0.23994067,0.41656336,0.53248656,0.37960085,0.2064368,0.22681886,0.21207313,0.20361432,0.2937566,0.2885083,0.20393921,0.3333368,0.34822097,0.19443391,0.18301867,0.08447159,0.33990118,0.22705883,0.13346753,0.21973523,0.19442074,0.41290575,0.29166266,0.23907228,0.20238943,0.2594079,0.3738073,0.30492085,0.26505634
0.85460454,0.90371686,0.32470986,0.4018591,0.26258138,0.5000241,0.894348,1.4986477,0.5766922,0.39883736,0.8135762,0.64331484,0.68544555,1.3096349,1.7052691,1.3343867,0.89649713,0.52457696,0.4959073,0.6781245,1.7730318,2.0593498,1.0988002,0.830856,1.4185264,1.2757993,0.66325927,0.778451,0.80359244,0.8076756,0.54358524,0.6188303,0.60408705,0.5832909,0.46077955,0.86162734,0.66040194,0.31483057,0.16610768,0.23001452,0.23081948,0.29446176,0.17936805,0.09766122,0.044520732,0.118348084,0.3226752,0.2096969,0.49407226,0.68592894,0.48153612,0.58955985,0.40733746,0.9276426,0.86883235,0.7768735,0.93526983,1.0007405,1.1001203,0.7523125,0.83146954,1.0884936,0.5076015,0.6456815,0.80295324,0.50583833,0.49835548,0.68472177,0.52243745,0.3821971,0.3750219,0.27357414,0.4216484,0.36321884,0.35521743,0.6074435,0.47588196,0.30529168,0.5411815,0.55214876,0.7457119,0.42362723,0.34882244,0.29977474,0.34634155,0.43223113,0.2489212,0.19414745,0.44367364,0.8266656,0.67915297,0.31873244,0.33653432,0.49784625,0.49678844,0.1580978,0.5193639,0.46557456,0.34583038,0.32258224,0.3340893,0.346485,0.36603418,0.36015707,0.3778225,0.495069,0.6364246,0.49716645,0.9711253,0.75275344,1.8701954,1.6556987,3.9218285,2.5510302,2.8531537,1.986179,2.7411761,3.21483,0.8162707,1.7718191,2.1702201,0.62076014,0.9151239,0.8211872,0.52208126,0.7838801,0.73846716,0.93273294,0.80064815,1.0223316,0.5912499,0.24620435,0.72762394,1.7295578,1.1297116,1.3933325,1.5285817,1.1332028,1.8879088,2.4963727,1.9327716,1.3587023,0.81507546,0.5410568,0.43587682,0.6487476,1.0899452,1.3873687,0.7417204,0.26145765,0.2126992,0.321434,0.20246609,0.07875451,0.15820694,0.09094762,0.18942295,0.30791676,0.30827016,0.122588225,0.3611951,0.44722468,0.2776684,0.24480198,0.26844704,0.36644557,0.6935249,0.76517147,1.1608704,1.204389,0.3656442,0.4122484,0.7868896,0.6073634,0.6539296,0.63124603,0.41638803,0.27209044,0.69211555,0.52431446,0.20079523,0.20957138,0.38783184,0.33972976,0.3391577,0.38853666,0.22259137,0.23388632,0.29497993,0.2035095,0.1228233,0.1246033,0.2000953,0.25610077,0.22048089,0.1271721,0.1270478,0.13515685,0.17142195,0.39252198,0.25837952,0.11441592,0.10900875,0.17147884,0.2104356,0.15869655,0.10091445,0.09164117,0.057685282,0.07015764,0.07426427,0.082530685,0.19327585,0.13767235,0.073565915,0.0908984,0.12605548,0.20241371,0.38196743,0.37316722,1.958914,1.738723,3.1432934,1.575773,1.4971753,2.5069058,2.2129266,2.254828,1.0215672,1.1167068,0.8941751,1.4428438,1.0021064,0.707894,0.66895306,0.4379839,1.1015584,1.6454451,2.266488,0.9546924,1.7924258,1.7642438,1.6055007,1.7150596,2.1241415,3.2108042,3.880019,1.7798238,1.1221789,0.53179353,1.0236682,1.9781163,1.8653035,1.0342547,0.5565361,0.5952149,0.47747016,0.42168632,0.37512708,0.4480299,0.24323578,0.25431022,0.13086031,0.10577528,0.09258316,0.025636068,0.15963764,0.30351454,0.31323704,0.40834543,0.37305966,0.43674868,0.9082672,1.2133119,0.48988995,0.6788957,0.7291319,1.2623018,1.569835,1.6418355,1.1945485,1.8619077,1.3881727,1.1160716,0.6485693,0.41482413,0.5788899,0.5934241,0.3665711,0.27807477,0.20032106,0.120933704,0.33591065,0.26579154,0.25085482,0.3067452,0.51330626,0.37361,0.31538737,0.33244115,0.25172886,0.17127232,0.22234632,0.12704468,0.137508,0.19408095,0.2548369,0.29327095,0.18455793,0.24262203,0.2911906,0.2991607,0.30448782,0.3989085,0.33605188,0.2601058,0.4865242,0.8967244,0.42631534,0.25113535,0.15889305,0.18692017,0.27804315,0.21928559,0.55655134,0.4128457,0.2589804,0.34214383,0.45969138,0.37259626
0.001362985,0.0018835319,0.0024164263,0.0023797448,0.002291216,0.003097719,0.0031492298,0.0037327667,0.008754115,0.015174005,0.016945278,0.012955756,0.011380938,0.011311676,0.017160548,0.014771111,0.016701434,0.035391532,0.038444098,0.018045472,0.01151232,0.02023269,0.018501395,0.019897118,0.021071542,0.021396417,0.03359264,0.02150139,0.019070022,0.03683993,0.03859521,0.0421237,0.021551713,0.023877993,0.032395143,0.023325542,0.019997673,0.034564596,0.035952397,0.03645905,0.03624489,0.03700768,0.030210318,0.022536844,0.044855062,0.029989269,0.026272407,0.043684036,0.052194066,0.04269903,0.0566781,0.050453365,0.043924145,0.058350492,0.060083564,0.055589743,0.04621043,0.0639818,0.08067454,0.107601404,0.08068714,0.08566754,0.061791293,0.09738921,0.08444351,0.07007599,0.036228217,0.07583205,0.13960965,0.08942301,0.06445831,0.070121266,0.0624861,0.070750475,0.053697005,0.061645366,0.09989727,0.12705474,0.093049966,0.13707915,0.09300981,0.083113976,0.101655625,0.07466274,0.076335944,0.09029532,0.12832515,0.17480849,0.18073675,0.11522815,0.08172401,0.07968954,0.10667352,0.09359071,0.06511545,0.09180658,0.07669704,0.07588606,0.10377053,0.07836921,0.09672119,0.13522093,0.22177206,0.2150952,0.13121644,0.14753397,0.11618094,0.1112349,0.09144934,0.071234085,0.0013986093,0.0013469682,0.003130378,0.0018027595,0.0018229893,0.0020122156,0.0011553753,0.003110413,0.0055435486,0.006509935,0.0074062306,0.004495627,0.0045398576,0.0058900765,0.01067278,0.009577524,0.009014856,0.009170494,0.015808905,0.014321626,0.011446994,0.023703923,0.01818979,0.012466364,0.023866408,0.030126473,0.02351488,0.020423708,0.023112003,0.030192822,0.038818676,0.04012563,0.029777505,0.02294812,0.028746683,0.027876008,0.03172003,0.05287946,0.05556959,0.030997604,0.039019737,0.046567176,0.039179254,0.032973215,0.041722607,0.02435466,0.043861568,0.058817327,0.05583584,0.059021123,0.05207932,0.07468304,0.09979787,0.10015228,0.063113146,0.07366781,0.07882077,0.04651927,0.08046418,0.11268905,0.079767,0.056600668,0.09124899,0.14427875,0.16072702,0.08567625,0.08636391,0.08564819,0.06866157,0.0727121,0.09037664,0.07012305,0.05928017,0.08063212,0.10832697,0.07653867,0.09856932,0.1186175,0.12782356,0.19011049,0.22620605,0.14292555,0.09759287,0.09656928,0.103199326,0.13782413,0.22410369,0.16284788,0.108550094,0.0717186,0.06513273,0.12864552,0.08269937,0.09958922,0.10383098,0.09060525,0.081357785,0.07656292,0.08183094,0.10875663,0.14407443,0.15057798,0.25258368,0.21691246,0.14622241,0.13593891,0.19269349,0.27011183,0.18313827,0.16238558,0.002447177,0.0025796953,0.004169059,0.0024068232,0.0020156035,0.0019515727,0.001270699,0.003615222,0.0070273937,0.0073412186,0.012064315,0.008044182,0.006888007,0.008130105,0.012384124,0.009968985,0.011041172,0.018283013,0.031172734,0.016386742,0.013963745,0.028641041,0.035305124,0.030895965,0.022802213,0.02673498,0.034442924,0.040369127,0.0398943,0.01930663,0.012781083,0.02731994,0.032765333,0.033233732,0.04439176,0.029633446,0.031142257,0.037497055,0.028428786,0.029462177,0.026544014,0.05009331,0.07095142,0.03690417,0.03256214,0.030564224,0.058206383,0.086029954,0.09405784,0.058390673,0.042123936,0.048737366,0.05848942,0.065543905,0.057494782,0.040787555,0.059484877,0.05858353,0.050091363,0.048788346,0.04437606,0.041430682,0.067427784,0.074448094,0.04055496,0.037770856,0.064601436,0.08055486,0.10502392,0.09574476,0.06439081,0.05576928,0.07159542,0.11338584,0.10073899,0.097557195,0.0998159,0.067004114,0.089261286,0.1557031,0.14149918,0.15198964,0.19485855,0.11675661,0.080126815,0.083748534,0.12055241,0.09133979,0.08193449,0.102634236,0.10220527,0.10248196,0.13200137,0.14796072,0.1411489,0.09291879,0.1291895,0.14383662,0.14733899,0.1500287,0.11621855,0.17193225,0.3829665,0.29726127,0.112694025,0.12291707,0.16405788,0.19274248,0.26409593,0.234055
0.0032678416,0.0033222535,0.0044875266,0.0027381324,0.003969028,0.004950202,0.0027571737,0.0062272316,0.009341642,0.009899884,0.014071738,0.009330954,0.005731447,0.01549537,0.02286114,0.020662934,0.019504154,0.028320456,0.042772662,0.0188902,0.008283951,0.009774703,0.01682493,0.034736928,0.019452926,0.026720257,0.036761235,0.011189651,0.034074854,0.028360369,0.021431316,0.027546272,0.010119163,0.01705261,0.032016803,0.029924368,0.03228471,0.015007369,0.020178169,0.019442316,0.016033797,0.014632148,0.013406323,0.03596511,0.04377458,0.031019088,0.047785863,0.056210257,0.10509852,0.0524922,0.013612658,0.021241877,0.031440083,0.08887245,0.071809955,0.083575256,0.0748263,0.03991785,0.1112621,0.03337813,0.03995276,0.0743865,0.096967325,0.05402586,0.094521604,0.05654872,0.07377944,0.07801648,0.108380355,0.08065017,0.040217698,0.06799321,0.07403512,0.07232432,0.08189647,0.07878901,0.06764558,0.08541375,0.11656849,0.10261775,0.10913358,0.099234395,0.09528438,0.113873325,0.08575572,0.053931896,0.041403655,0.09542632,0.07507747,0.061251417,0.042504974,0.06612542,0.07928843,0.1014165,0.10008649,0.13749081,0.15361717,0.16443907,0.107573524,0.09857706,0.106089085,0.24364744,0.4636711,0.25770277,0.08098668,0.07650669,0.07696634,0.0679361,0.095590234,0.11911999,0.009369664,0.010513901,0.0052298373,0.0028799572,0.005779371,0.0060129175,0.002239428,0.0027720642,0.003313645,0.007958977,0.011382054,0.009436316,0.0050012786,0.010157619,0.01049082,0.006088562,0.0050331433,0.011234732,0.015337678,0.017717272,0.012308354,0.020370098,0.019613052,0.019466149,0.009918864,0.027906122,0.0359631,0.017966436,0.019052943,0.024975378,0.027473245,0.032941613,0.031671092,0.025195356,0.04572506,0.03253015,0.02528566,0.027967164,0.014763052,0.010573431,0.012121423,0.032926228,0.023516092,0.018412689,0.030726813,0.022469835,0.028879173,0.057331547,0.033788107,0.03618669,0.024015844,0.06449153,0.07637055,0.052398812,0.0396443,0.044389144,0.048292015,0.027643282,0.04306218,0.07609665,0.06850108,0.034599707,0.021195853,0.027144302,0.040650476,0.021168448,0.06909539,0.034294367,0.036051743,0.06380531,0.063229024,0.09260655,0.04901672,0.09436084,0.06945772,0.045842502,0.109821774,0.07551177,0.07453334,0.14899111,0.19114979,0.17708953,0.09580236,0.0610277,0.050092287,0.17212181,0.22509888,0.13588296,0.13073952,0.06407292,0.086935155,0.07759768,0.047404848,0.14025544,0.088126175,0.043239716,0.029263346,0.17095187,0.14431325,0.087905124,0.07288831,0.06827977,0.16768233,0.21682452,0.11685799,0.050172385,0.069219366,0.13095522,0.14631277,0.11780124,0.0067223427,0.0069721434,0.004450301,0.0018767932,0.0031912562,0.0045919223,0.0031181586,0.0047983797,0.0035769236,0.013493854,0.021013452,0.009586891,0.007156331,0.011830397,0.006776883,0.00677985,0.010557537,0.010306559,0.01305166,0.013838929,0.010465055,0.017735431,0.019327343,0.028692422,0.03257312,0.03869068,0.03268552,0.024645705,0.01571454,0.020399831,0.026423564,0.029983444,0.03240223,0.030488072,0.05178699,0.026184123,0.013778435,0.021867827,0.041304715,0.02805435,0.016032048,0.028578855,0.025964152,0.010517302,0.020330813,0.032550104,0.040247448,0.10597285,0.097457625,0.03594559,0.016390951,0.0339237,0.036300335,0.06684049,0.046059523,0.06528634,0.07594468,0.034883056,0.048100207,0.062168576,0.05796943,0.025516372,0.033674248,0.09578354,0.060731485,0.038398355,0.040505785,0.047950953,0.09825022,0.07989478,0.048495907,0.017039523,0.11963168,0.11790979,0.03320336,0.02364675,0.060201146,0.072722,0.050665557,0.0807539,0.053090096,0.06995692,0.10535526,0.13466237,0.1308391,0.07369098,0.033200048,0.025284873,0.046817105,0.045358688,0.071024984,0.103461444,0.067291364,0.07479026,0.099329025,0.12314597,0.14093564,0.16182457,0.16243188,0.096534625,0.09561187,0.09146818,0.15538928,0.1381452,0.08446314,0.10217328,0.08930901,0.12059225,0.108907774,0.09228911
0.001324029,0.0014181574,0.0011087472,0.0019605018,0.003512754,0.00427344,0.0029661474,0.001723494,0.0049913153,0.0092641385,0.009991514,0.019284545,0.019102605,0.008808245,0.014022941,0.007887966,0.0074903546,0.020462807,0.030854253,0.014656604,0.018202309,0.025083518,0.016493063,0.014229779,0.08021683,0.0771189,0.06956801,0.04511832,0.019177139,0.02690431,0.012127207,0.045881744,0.034722608,0.023539966,0.055254895,0.057024255,0.03914336,0.028695803,0.026225789,0.02530714,0.024096541,0.04709022,0.029433126,0.06865486,0.07074495,0.040861044,0.034623805,0.06558872,0.13712238,0.079684705,0.04904581,0.053619463,0.117569104,0.09029817,0.06828389,0.06739028,0.057948504,0.032600865,0.063602544,0.10670107,0.11225902,0.13750388,0.15489015,0.14264745,0.08948542,0.052781776,0.036757328,0.065724775,0.124122456,0.07918059,0.059413694,0.031578626,0.0617932,0.12817591,0.072308585,0.06047944,0.05984293,0.058374874,0.05551581,0.08718839,0.11493963,0.06751388,0.121903054,0.118493736,0.042485464,0.13979518,0.28052056,0.103698,0.09441725,0.055364523,0.051390477,0.08493116,0.14641726,0.072746225,0.12353145,0.1788124,0.16953152,0.23840407,0.25302774,0.20844142,0.15147075,0.16082144,0.2667564,0.1955713,0.17684291,0.30656683,0.23012432,0.16166909,0.1522036,0.18578948,0.0009641369,0.0013562934,0.0029390596,0.0028107346,0.002535708,0.0041266517,0.001709944,0.0009828773,0.007381319,0.017878797,0.01848175,0.008212739,0.014173789,0.0126013495,0.00703448,0.0071153096,0.005726667,0.0061255605,0.007182408,0.012779461,0.0072145634,0.0102767395,0.014884638,0.023998538,0.026753537,0.05603496,0.05080624,0.018397378,0.02601078,0.04512452,0.0312968,0.032657295,0.056284226,0.05197613,0.07555314,0.0566088,0.041657932,0.04892353,0.037287448,0.03753589,0.03375773,0.033714302,0.03922907,0.07743865,0.10834158,0.089920126,0.12090072,0.12004417,0.111747004,0.08922518,0.07663462,0.072141826,0.15457527,0.11726761,0.15199643,0.14576857,0.10423807,0.13577603,0.2077397,0.22743165,0.19315746,0.09808712,0.070875674,0.1484015,0.16010998,0.1224548,0.11743132,0.10179455,0.08505945,0.1574198,0.19407485,0.069276184,0.06542242,0.09810338,0.030867267,0.102118224,0.21980347,0.21535207,0.2712844,0.23494422,0.13303486,0.10565054,0.2051842,0.12974307,0.14884508,0.4813818,0.78921044,0.4173124,0.12089411,0.19104056,0.17827934,0.1914039,0.21496652,0.1861271,0.1163358,0.13830458,0.18571492,0.23159876,0.114580475,0.18844053,0.54414517,0.9180916,1.3533359,1.4806731,1.0818,0.5877928,0.4044059,0.3085552,0.29924294,0.21412675,0.003895806,0.003638809,0.0051291045,0.006535031,0.0059516397,0.006895168,0.0027863416,0.0054242103,0.0065868855,0.009861436,0.02256904,0.013170133,0.014417598,0.027924921,0.028269794,0.010764648,0.008713594,0.02460016,0.05570694,0.054238614,0.031117648,0.021870907,0.018794645,0.034834046,0.04736279,0.09846377,0.09732718,0.062762916,0.05095837,0.03784999,0.025748415,0.051851906,0.084589005,0.0853391,0.1286518,0.044463716,0.025477981,0.040061638,0.034664053,0.041937362,0.06982155,0.09353285,0.08435879,0.19662881,0.2607221,0.18073536,0.159069,0.1259632,0.11950996,0.10778356,0.12189989,0.12573871,0.1574628,0.14953919,0.14557593,0.107070036,0.08959017,0.17670311,0.13709167,0.14481826,0.07680849,0.060425036,0.09384169,0.18661167,0.1997269,0.18113035,0.37479058,0.5061043,0.17684394,0.11228709,0.09293136,0.15720756,0.18960762,0.31455678,0.4231146,0.21195944,0.33449903,0.34203252,0.18719484,0.27925846,0.2767924,0.38640174,0.49274844,0.21266924,0.213896,0.46341676,0.57208693,0.41084364,0.5290103,0.69634867,0.64704484,0.6347371,0.42620808,0.32462823,0.1762043,0.302929,0.49231988,0.627084,0.59443,0.58688384,0.85442597,1.274363,1.5362136,1.1612649,0.7218726,0.47986177,0.50312585,0.757114,1.9423498,1.8122922
0.009528931,0.012312912,0.020140097,0.02172493,0.021154243,0.029169768,0.017446812,0.011750227,0.019109549,0.028725417,0.031269744,0.024349513,0.026655436,0.012620289,0.02854985,0.022826012,0.01764315,0.021746842,0.029996626,0.021857386,0.018178305,0.040887862,0.08845937,0.11980956,0.09586614,0.05304821,0.04232645,0.03832321,0.03400309,0.02778563,0.04724518,0.04596298,0.039042328,0.032571033,0.059441734,0.034439813,0.023126073,0.03461873,0.055296678,0.054026615,0.034135606,0.023292912,0.014802473,0.02798223,0.05227086,0.0331993,0.05982363,0.1504394,0.16439074,0.09024835,0.06364056,0.02299646,0.04573277,0.042874493,0.015905486,0.044903178,0.058434494,0.09702293,0.1411059,0.07592087,0.046722114,0.056135044,0.06736038,0.12443579,0.049658142,0.056027036,0.0617386,0.12437965,0.20714709,0.13892132,0.05794285,0.06867208,0.062129855,0.073503405,0.08497969,0.08226488,0.09469467,0.07206454,0.07118006,0.12099785,0.08085911,0.110121876,0.08842443,0.042957995,0.061119646,0.055537038,0.1132222,0.10843769,0.081160635,0.095576316,0.060950328,0.0666514,0.112027444,0.14171618,0.1280024,0.113115445,0.122355714,0.12645683,0.1660182,0.063874386,0.07702859,0.06391164,0.30554724,0.30131352,0.11801971,0.073470846,0.06116898,0.1469423,0.16541147,0.16717376,0.006902252,0.007170413,0.0012364784,0.0013988813,0.0023149392,0.0044516907,0.00416625,0.0025152145,0.0045437976,0.020141542,0.019276364,0.0062237335,0.0066585597,0.010970937,0.016645128,0.01164136,0.008743547,0.0152027225,0.025879836,0.040341478,0.025488447,0.025470706,0.018799204,0.04130482,0.06578338,0.0576316,0.0480494,0.03423494,0.050996043,0.042979926,0.032549858,0.020768883,0.029343402,0.027972713,0.014321536,0.021556111,0.03173502,0.034646764,0.061281573,0.03363763,0.04636831,0.07745366,0.07623048,0.032293502,0.06750439,0.027228361,0.027881097,0.048390687,0.061626133,0.038093705,0.016567128,0.07912656,0.107018106,0.08534022,0.06651787,0.05450896,0.040292885,0.04318056,0.06522821,0.10032591,0.06152163,0.06739929,0.08206805,0.050783698,0.052353673,0.033842836,0.052532464,0.1028946,0.100709006,0.07933076,0.116685465,0.08475532,0.069098026,0.07394168,0.0923195,0.06730051,0.12600687,0.14426243,0.039338168,0.10191595,0.15221623,0.23489234,0.13160671,0.055872176,0.07570247,0.11024272,0.13296264,0.11153699,0.062201034,0.050433435,0.09111338,0.081735,0.06349077,0.07485262,0.03562138,0.045766592,0.052953694,0.07447057,0.05111256,0.0909007,0.104770795,0.092309564,0.16885686,0.2221329,0.13117677,0.0839279,0.16320679,0.1391484,0.14656341,0.050469983,0.00093642226,0.00085319753,0.001503467,0.0022522714,0.0027364783,0.0022450767,0.0035772996,0.0029491112,0.0057471227,0.005515533,0.013788628,0.005895184,0.007370046,0.018522574,0.013859309,0.010690668,0.00976857,0.009506044,0.017919991,0.014658258,0.0077384673,0.010047815,0.027558932,0.0959468,0.12649414,0.13215606,0.08990264,0.042029776,0.042176038,0.027759919,0.021945283,0.044572916,0.03825168,0.026845258,0.048585396,0.018928563,0.02133445,0.076290675,0.07088578,0.021992581,0.005167603,0.016402924,0.026357707,0.009569609,0.025213951,0.021197299,0.039503712,0.06463484,0.067206256,0.043443028,0.06879949,0.06179475,0.038006887,0.03495049,0.032740597,0.05266606,0.062446017,0.03338873,0.032132886,0.038497265,0.04975955,0.072830334,0.078830004,0.058771946,0.03737946,0.031207189,0.06915748,0.14194141,0.09041949,0.0377076,0.022000255,0.06671166,0.10659409,0.089272514,0.07664074,0.101035036,0.074591644,0.08964401,0.15699223,0.09798539,0.09191132,0.10539287,0.052231684,0.06431891,0.08418027,0.09405815,0.03882988,0.044738922,0.08061152,0.100777775,0.057655733,0.063162975,0.10236417,0.10749896,0.06242408,0.05105503,0.050430827,0.09998591,0.24483964,0.24893098,0.13686433,0.16086353,0.28481466,0.2989898,0.12177146,0.06477513,0.14029594,0.14636916,0.13716397,0.13930558
0.0035755835,0.0036439963,0.0016852581,0.0021907554,0.0023923444,0.004331915,0.0045552477,0.0033111174,0.004991615,0.0049417065,0.014319495,0.020993289,0.021710942,0.01105044,0.01184602,0.013044419,0.012002848,0.011287014,0.01874929,0.024933914,0.027708119,0.021844007,0.012664592,0.05272571,0.05989211,0.036937907,0.0219662,0.014404371,0.026221765,0.017311852,0.009730082,0.017566321,0.036059607,0.029415932,0.02080995,0.026877169,0.038793534,0.06700707,0.04265368,0.026801983,0.020436818,0.015822615,0.014837162,0.018974073,0.028476035,0.05496286,0.03619036,0.04829115,0.054800138,0.05989049,0.086859,0.080844626,0.05726688,0.049278412,0.04082877,0.04592191,0.040898073,0.046609838,0.063556254,0.07925214,0.06388913,0.07563501,0.17036568,0.2902245,0.20866479,0.0901779,0.032615393,0.04572684,0.14190161,0.13225386,0.13675494,0.09803009,0.030651053,0.024845289,0.051262647,0.084882826,0.10917723,0.116645865,0.13486914,0.040442318,0.031072717,0.049385633,0.10601896,0.09542449,0.051575996,0.04101222,0.08204399,0.081417866,0.06174102,0.07257523,0.07660829,0.08256895,0.1236285,0.07113252,0.10987864,0.11857614,0.066071816,0.09382355,0.12797348,0.036391314,0.023689333,0.11201041,0.2910277,0.29146022,0.1573194,0.13479817,0.17203742,0.34561595,0.1979817,0.2272661,0.007044445,0.008310189,0.0016562679,0.0033424764,0.0025571443,0.002134684,0.0018627048,0.0022494094,0.0054903612,0.018888619,0.008119717,0.003724119,0.006127428,0.0067218402,0.008231022,0.008273349,0.0062466636,0.008717364,0.021379126,0.023650214,0.013285358,0.015698075,0.03023474,0.13517971,0.3433289,0.17065723,0.04642021,0.038785458,0.027312228,0.04007015,0.038703166,0.03564674,0.02025548,0.021768482,0.04659472,0.0316995,0.017667186,0.014781382,0.048638787,0.04014419,0.063698694,0.09464322,0.05032563,0.016336745,0.048227288,0.053288195,0.04567702,0.026638879,0.06295761,0.037868917,0.07078601,0.104034245,0.043772474,0.05085699,0.10294732,0.021301253,0.088653795,0.052954335,0.1427589,0.17512956,0.11298586,0.14173919,0.10210758,0.14342529,0.23880672,0.11836403,0.055464964,0.03921364,0.09571037,0.13630112,0.19351126,0.08842631,0.08335885,0.106587954,0.1142284,0.13568977,0.11220571,0.12627155,0.13099468,0.11095574,0.13456012,0.21852921,0.101166,0.13333625,0.14331947,0.2363711,0.3757208,0.56741697,0.2345965,0.06418872,0.11565011,0.23111019,0.16844127,0.2519554,0.16049981,0.21060278,0.18347101,0.12978408,0.20348434,0.25000066,0.16039479,0.34963682,1.1462228,1.1071477,0.34123287,0.20438787,0.2984689,0.42081037,0.37379298,0.24993107,0.0013452643,0.001951955,0.0014937678,0.001511685,0.0021418636,0.0019530841,0.0023094802,0.002897263,0.0047434224,0.013628297,0.009113244,0.0071612312,0.008977694,0.012062492,0.0132869,0.009091104,0.0074074874,0.008824622,0.02357819,0.012971503,0.009498491,0.015368027,0.02175905,0.06508162,0.13896589,0.06802357,0.01896655,0.030467942,0.016831404,0.034132626,0.050028093,0.11024751,0.045762748,0.028730474,0.05081683,0.033188023,0.024959037,0.052555922,0.042795695,0.051741365,0.041519124,0.0662165,0.1292575,0.104725875,0.06979809,0.05301044,0.08875026,0.06603287,0.058228653,0.0460415,0.03253495,0.046418797,0.058800824,0.074592136,0.121997,0.1892758,0.17426185,0.14518434,0.17656335,0.19741754,0.1361717,0.05795872,0.0824105,0.173026,0.1455905,0.14358053,0.11310393,0.133211,0.076062836,0.11034811,0.15231779,0.08836759,0.12894718,0.15389486,0.13603628,0.22077402,0.22427689,0.34084377,0.2732358,0.14791095,0.17769174,0.2652877,0.1701421,0.18578723,0.12768696,0.11088917,0.17622681,0.21928631,0.21878067,0.26390904,0.20901272,0.07052307,0.17958656,0.8631675,0.39945796,0.10763042,0.1703201,0.40088356,0.40258777,0.3330717,0.38667163,0.14493477,0.32467145,0.55509186,0.346843,0.19775881,0.32609108,1.3415716,1.32149,0.5395194
0.0030404057,0.0029125654,0.001733003,0.000713999,0.0010713681,0.0013028705,0.0018969296,0.0037754949,0.006002339,0.00401569,0.009465859,0.011047258,0.01833093,0.0137424115,0.028811075,0.016035574,0.018083354,0.022710275,0.03194089,0.020964304,0.016506199,0.02418064,0.01754581,0.029990045,0.033926543,0.028227733,0.013158119,0.016855454,0.033026643,0.03873049,0.044146903,0.07210935,0.025641562,0.018961348,0.035618585,0.020255446,0.0092097195,0.05369575,0.043608207,0.03702493,0.06088644,0.04992811,0.023963995,0.034058858,0.05067116,0.01710761,0.025978265,0.06189766,0.08778975,0.07996856,0.056305055,0.026762703,0.06467081,0.02852138,0.05407954,0.061816517,0.04316875,0.02836082,0.043153055,0.03706446,0.045904655,0.051306054,0.051402673,0.12613653,0.0860749,0.05472286,0.028310476,0.05563677,0.23406559,0.12331008,0.056455705,0.07720624,0.10681275,0.049843285,0.06990023,0.11236783,0.10416666,0.06307085,0.13899915,0.14400515,0.09631722,0.08244316,0.04697648,0.058019143,0.03778328,0.04059814,0.08645969,0.076206416,0.07468393,0.088225655,0.06331207,0.07111706,0.10256778,0.10222119,0.089148514,0.043323997,0.030868927,0.097884946,0.104141384,0.13677807,0.08062265,0.1750613,0.5270962,0.6473703,0.15279166,0.07302024,0.10256483,0.044736937,0.0970406,0.1683959,0.001477857,0.0015277644,0.0015244771,0.0009438003,0.001339608,0.0022227906,0.0025296092,0.0035412046,0.003514706,0.013955606,0.013943316,0.0011489716,0.0034454868,0.01172591,0.014614594,0.0101296,0.00964564,0.012924351,0.01637254,0.015226298,0.025209319,0.027304992,0.03067971,0.021868313,0.024805939,0.055463687,0.027396964,0.016628128,0.03277012,0.018993765,0.014764508,0.028194457,0.014658539,0.017147223,0.03437442,0.023515783,0.026525812,0.035041712,0.034844026,0.026865035,0.038188417,0.041692168,0.048102338,0.07368704,0.054561853,0.030203097,0.020440899,0.042504698,0.037216987,0.059060518,0.09278366,0.088385135,0.09325785,0.061708603,0.036144763,0.050959095,0.03984403,0.03505666,0.07607894,0.13671932,0.11425758,0.09772153,0.07150854,0.025293646,0.072618306,0.077917926,0.093026266,0.08130923,0.057543788,0.07816906,0.11714363,0.04775436,0.094403535,0.13226007,0.09998923,0.0385937,0.15200607,0.2558052,0.1620959,0.22889557,0.3023866,0.18321483,0.10304123,0.12337028,0.09854999,0.117254876,0.16736728,0.12617557,0.06317157,0.043085545,0.029392244,0.06110863,0.06924606,0.05586235,0.04640152,0.16048352,0.14235012,0.23166955,0.20900115,0.23968205,0.18425977,0.09631183,0.449871,0.369339,0.09040152,0.086812735,0.1374559,0.096797936,0.04910827,0.068187706,0.001968421,0.0021923932,0.005434624,0.003029353,0.0033213734,0.0035092777,0.0019359814,0.0024232445,0.0042316588,0.008761221,0.016291566,0.009300559,0.011675748,0.014207159,0.017685013,0.014861308,0.0107538365,0.018161578,0.028574703,0.019560117,0.013682448,0.010365404,0.013874717,0.031593572,0.026984485,0.045224596,0.036236323,0.027982192,0.026853709,0.022148328,0.011020169,0.022377523,0.015047438,0.010981032,0.0235126,0.03434581,0.029539257,0.032144077,0.044274803,0.031845108,0.028281312,0.023440316,0.05891708,0.050049268,0.04517923,0.027811103,0.046316292,0.06567633,0.03740871,0.05031481,0.050054975,0.044246092,0.06102739,0.043703087,0.039253272,0.037486196,0.058554817,0.10947523,0.06391575,0.10929427,0.1308428,0.070382915,0.04561903,0.04557227,0.05645458,0.074555784,0.039879397,0.059141774,0.07709021,0.09462093,0.044110887,0.12571412,0.3273749,0.1847509,0.14053975,0.08942677,0.18278402,0.16104932,0.10670059,0.16380842,0.13186081,0.2269259,0.27911502,0.24463484,0.1709038,0.1391113,0.05538676,0.12872703,0.12702946,0.09196748,0.20472604,0.24666253,0.17496026,0.19755854,0.067207016,0.11368027,0.11197339,0.09909773,0.27911022,0.37368023,0.2655027,0.15878469,0.15089867,0.15145475,0.11142611,0.0965172,0.09047795,0.10424296,0.08432632,0.08059643
0.00063608564,0.0006642263,0.0023432071,0.0050295615,0.0034187152,0.0028557286,0.0020369592,0.0020871607,0.005757771,0.0048823417,0.008634911,0.0032972496,0.012277318,0.004129556,0.011369792,0.01287305,0.013529568,0.015009225,0.015340461,0.010648419,0.010291902,0.021049,0.06309992,0.07604993,0.1444593,0.20865172,0.08307409,0.03896959,0.04285907,0.040045466,0.02493758,0.018866053,0.020618077,0.030472945,0.043750655,0.029681176,0.019492941,0.02970635,0.036339357,0.01741339,0.020052629,0.019571282,0.02814623,0.064534165,0.06561448,0.048299216,0.045930207,0.099760674,0.13776706,0.048318714,0.08327776,0.06932151,0.059143983,0.06328251,0.07411603,0.03808844,0.059250165,0.08295929,0.1347988,0.15295766,0.05756361,0.05385142,0.100860596,0.118631884,0.05804363,0.05874798,0.023037745,0.06778855,0.12392993,0.040307626,0.054955903,0.10557987,0.045596775,0.1242662,0.12374827,0.08503573,0.09014492,0.1345472,0.09576636,0.13429548,0.15045345,0.08334396,0.07643322,0.1294617,0.18850435,0.14300206,0.17973052,0.11309653,0.07029012,0.12679379,0.095493995,0.14855999,0.19844365,0.11504578,0.15641636,0.2387331,0.22102775,0.2569544,0.23781879,0.1620533,0.124641396,0.13743857,0.39760342,0.30253372,0.10786954,0.13443628,0.120062105,0.12408786,0.12328331,0.10344115,0.0021490576,0.0023768118,0.004600781,0.0047444017,0.0059548747,0.0046416363,0.0028856113,0.005009767,0.0074550225,0.0052791145,0.0070558027,0.0046335203,0.0074879117,0.004263279,0.004411824,0.0058665858,0.0032915748,0.013129006,0.022663074,0.006910092,0.008588334,0.014357402,0.027238663,0.065958135,0.12079349,0.19084643,0.07905712,0.033731144,0.074267946,0.047182728,0.010809964,0.01428013,0.022384329,0.04562173,0.069251984,0.04318243,0.02787312,0.02817358,0.048760187,0.06339163,0.074766494,0.052995455,0.05020963,0.10142143,0.1742342,0.1078337,0.09407602,0.14083578,0.062279847,0.09314901,0.054097824,0.09264524,0.10895915,0.23840587,0.36662626,0.2738469,0.18797475,0.09971184,0.14884607,0.15514363,0.12218134,0.10067665,0.13747482,0.18459076,0.21582614,0.12420191,0.124568015,0.12338831,0.1339768,0.17388521,0.1545432,0.16004387,0.08781791,0.25500336,0.24678122,0.15912893,0.2328114,0.30038953,0.31091926,0.63507944,0.6673166,0.4633956,0.21982774,0.1258673,0.1836436,0.2542044,0.14814512,0.19192784,0.26116547,0.32088423,0.23459,0.3059286,0.13207954,0.17811973,0.30800575,0.23019086,0.25965002,0.26814932,0.282646,0.14886306,0.2427054,0.12546271,0.48178998,0.55785537,0.28248692,0.24559379,0.46638918,0.59262097,0.31978002,0.11539831,0.0071351104,0.0069976184,0.007852299,0.007637867,0.013731893,0.009444652,0.0032719735,0.0031593747,0.0037299953,0.004284647,0.0054757507,0.0046074553,0.0030873425,0.0032044265,0.0171337,0.019081807,0.018395528,0.018311422,0.02563816,0.022647722,0.019036446,0.0102523295,0.020798313,0.06834048,0.072105765,0.048783757,0.019896563,0.013646273,0.040903397,0.021275872,0.02621415,0.038023766,0.07897455,0.15155247,0.15384512,0.053108603,0.041595507,0.029323587,0.03731952,0.076230824,0.03899789,0.09960345,0.16361235,0.11220184,0.11914682,0.120987326,0.19725119,0.18710032,0.08534656,0.08260509,0.09088341,0.17475589,0.120214626,0.08743513,0.13996875,0.08910003,0.026579047,0.082650214,0.11932787,0.21280992,0.26336527,0.22822629,0.1603319,0.09995532,0.1410245,0.13739793,0.1881972,0.57671535,0.578335,0.29454288,0.12495726,0.093715504,0.07089911,0.098427445,0.10129869,0.12689742,0.34474233,0.45079964,0.2598175,0.1701368,0.14968726,0.118130185,0.28492197,0.24542616,0.057088748,0.40211418,0.80790013,1.0111564,0.697674,0.3524523,0.16545895,0.09593772,0.16266337,0.24482287,0.39339268,0.5582678,0.56974983,0.4223277,0.32355407,0.4562324,0.36335292,0.60021573,1.3363004,1.3610774,1.2400358,1.2257706,1.650184,1.2368668,0.75528777,0.31434736
0.0027630108,0.0036248788,0.003324559,0.0048841657,0.0056960303,0.007548589,0.0053640595,0.0077098696,0.019054307,0.011213898,0.0063208295,0.013114766,0.015965184,0.010117327,0.01576482,0.018891683,0.012913764,0.024778182,0.033442564,0.027523363,0.008272172,0.01713855,0.052679166,0.114804834,0.20834218,0.1806307,0.042288795,0.07888715,0.053637285,0.0507688,0.036798775,0.045361813,0.014134292,0.025284678,0.045993436,0.026791275,0.021696264,0.037547503,0.042441666,0.012287783,0.02207739,0.032374978,0.03818215,0.056178194,0.04551499,0.031180179,0.098231226,0.11404871,0.0452985,0.07116539,0.08307485,0.04500402,0.060894977,0.07914291,0.10834629,0.17595166,0.13498916,0.093334585,0.096819125,0.09858281,0.090031855,0.09155073,0.18558411,0.3166156,0.12841085,0.058041915,0.091334835,0.13087328,0.13278483,0.084481515,0.10749232,0.12630038,0.21644674,0.13070671,0.040285062,0.08545975,0.15699893,0.19552566,0.13966218,0.16785108,0.13957131,0.10462123,0.06703828,0.11596002,0.10242197,0.12985232,0.19564694,0.10135431,0.12819776,0.11445135,0.0978156,0.06092677,0.07780901,0.08995429,0.08404483,0.16275874,0.12200295,0.28803247,0.17531468,0.092988424,0.064297445,0.16010745,0.21942689,0.18872741,0.13554132,0.16685255,0.29236314,0.30382007,0.14714138,0.11522941,0.0024852962,0.002505282,0.0065354845,0.0039822822,0.0028857917,0.00362625,0.0032256304,0.0054022893,0.006423475,0.012574094,0.011179514,0.0037843916,0.010256026,0.014364598,0.010093844,0.0076405243,0.0063620065,0.014915434,0.020993132,0.011267475,0.008533359,0.028861668,0.05045472,0.034919716,0.031559683,0.07309749,0.0892575,0.043260414,0.03627235,0.052301902,0.049392756,0.033416137,0.012851903,0.03199315,0.07317872,0.080708295,0.087407015,0.04473944,0.062275894,0.08351639,0.07242591,0.063063905,0.0824475,0.065269046,0.07143372,0.055543486,0.06419484,0.12812543,0.20266029,0.18486156,0.08194724,0.03327352,0.078199804,0.11760025,0.18133698,0.15408374,0.053955518,0.09221405,0.18493807,0.16213533,0.045508724,0.07449498,0.112804264,0.18944554,0.24677423,0.16884074,0.07020983,0.023932759,0.022105897,0.04717591,0.112734914,0.20400259,0.17659703,0.1488215,0.1763063,0.1556398,0.16749552,0.19764274,0.18827786,0.24184002,0.37670386,0.22727942,0.1259717,0.12390169,0.11977545,0.13690005,0.24130973,0.11829976,0.13425858,0.2212715,0.1488726,0.123492256,0.08080004,0.19242361,0.25277138,0.13626987,0.16082391,0.28354996,0.18826322,0.1220103,0.12653129,0.2569934,0.28306106,0.32687303,0.2807613,0.21667153,0.33465156,0.6644081,0.27919754,0.40486526,0.0026559564,0.0031077988,0.0036062957,0.005726953,0.0046623177,0.0045363745,0.0052148914,0.006694093,0.006251826,0.0058359234,0.011339386,0.012454337,0.009047626,0.017108427,0.017443476,0.0047519486,0.005610913,0.020797428,0.05337165,0.020157017,0.01659562,0.037811078,0.034651957,0.079047054,0.086195864,0.051687244,0.03354646,0.07517067,0.041817818,0.020358758,0.04056174,0.071900286,0.043083627,0.038902942,0.051591083,0.029647296,0.019424453,0.026411,0.015551273,0.021174708,0.02015013,0.03141,0.051360823,0.05183235,0.05662256,0.05148172,0.086362585,0.03184589,0.068755746,0.13106424,0.10270809,0.14557478,0.13024133,0.06903487,0.05250777,0.06427114,0.07713865,0.0677803,0.08053237,0.118198976,0.15282364,0.1525924,0.09703211,0.20043863,0.077108674,0.10320994,0.24609129,0.3107026,0.14329149,0.14150605,0.17849024,0.1713817,0.14561836,0.27314958,0.3061762,0.16721897,0.123518065,0.047613174,0.048524614,0.124408975,0.17998731,0.07712439,0.10934981,0.25927305,0.39959627,0.3323584,0.2050419,0.16704306,0.17881,0.10826002,0.23355071,0.39931816,0.17020163,0.12396824,0.31275985,0.19290017,0.17280263,0.6201336,0.6083081,0.1646612,0.4078245,1.0506059,0.89780265,0.4992726,0.47364178,0.46771154,0.554428,0.4497459,0.58891886,0.62568986
0.0019446776,0.0024485225,0.006506971,0.0098123085,0.007657295,0.007006964,0.0025042417,0.0033138792,0.0047944365,0.0033845177,0.011586494,0.023661392,0.027614113,0.025787907,0.023930658,0.008940063,0.00941973,0.016370405,0.026854135,0.026604278,0.024326347,0.023409214,0.05485117,0.11708305,0.14693215,0.12904784,0.10794622,0.062470365,0.07025558,0.022435386,0.03541354,0.046640847,0.04083337,0.03350397,0.06659442,0.022708198,0.012538539,0.0149244135,0.030241802,0.050293643,0.04705099,0.029518612,0.075854786,0.08857429,0.078458026,0.053818602,0.06992435,0.12423347,0.14295591,0.097455315,0.06898544,0.1277466,0.067863874,0.06908672,0.09269426,0.05985271,0.03309344,0.030367512,0.058089435,0.089869834,0.054204833,0.15043868,0.108136944,0.0875417,0.07468008,0.04010026,0.075981334,0.085600294,0.10570606,0.09085774,0.060867626,0.1464037,0.15347806,0.10758244,0.07539826,0.1366662,0.14393549,0.105330475,0.08794738,0.07933756,0.054859374,0.048448756,0.06380502,0.08258517,0.120561995,0.093198605,0.08291998,0.081999116,0.066793405,0.10323578,0.13079621,0.055490393,0.11909799,0.16652101,0.090858,0.18173154,0.16001499,0.09952391,0.07050402,0.13432282,0.14378104,0.20445193,0.2968694,0.26554242,0.20375685,0.060994256,0.13041657,0.30996078,0.12663779,0.15285157,0.0016201833,0.0015812628,0.0020042532,0.002093257,0.002534832,0.004638647,0.0036060682,0.0029663823,0.0032777877,0.010865656,0.009394391,0.004852809,0.014423127,0.0176734,0.020601623,0.014566396,0.011662666,0.012535253,0.02704985,0.017101383,0.013826319,0.05439545,0.06973436,0.13510175,0.1200377,0.062393654,0.08444702,0.03486766,0.032056905,0.028340448,0.02509466,0.023500882,0.017666912,0.052586835,0.072854295,0.023739878,0.014439049,0.029377049,0.06307083,0.047317218,0.04289567,0.0628583,0.083231956,0.12509042,0.100644186,0.046157263,0.078963116,0.08048018,0.056790356,0.07618716,0.049272057,0.041582428,0.057689022,0.10427444,0.17583378,0.11449232,0.06742294,0.042662114,0.11943119,0.14235301,0.07528841,0.0764497,0.120883405,0.15984342,0.12466375,0.08473025,0.07455331,0.059510514,0.039646883,0.04984056,0.04187051,0.11625828,0.07353837,0.07840569,0.09872577,0.13135846,0.21442246,0.22379035,0.16290568,0.21088833,0.27697656,0.1962883,0.08195879,0.0619673,0.12214458,0.32413864,0.22735621,0.058720566,0.09713886,0.14715636,0.13682973,0.15929343,0.099923216,0.14594848,0.19015546,0.18263331,0.16506925,0.2108205,0.14022806,0.1077328,0.09475197,0.09986023,0.16816574,0.15884952,0.13260335,0.16577154,0.26840776,0.1909369,0.1168686,0.07878054,0.0023606603,0.0029007492,0.004024775,0.0036061709,0.0024714556,0.004150672,0.005114539,0.005378412,0.0038260564,0.008203073,0.024094399,0.006702502,0.010819397,0.022644421,0.011279026,0.019118449,0.01544974,0.011543902,0.011683752,0.0058060098,0.014213736,0.017173953,0.061749198,0.2229644,0.18032931,0.060954724,0.081249684,0.062584676,0.04417167,0.03167646,0.036573377,0.03522394,0.037013695,0.029275684,0.01296761,0.014844531,0.014415419,0.023873854,0.038951356,0.03260971,0.029141372,0.040357996,0.07568554,0.056019727,0.033609744,0.02907096,0.029842297,0.033459246,0.04170372,0.047458213,0.028643355,0.059195515,0.06908908,0.046753246,0.0475282,0.044258643,0.03854806,0.039358873,0.060722794,0.07373567,0.036821753,0.07604455,0.12698673,0.08772401,0.029004075,0.034339234,0.05249387,0.11488444,0.05588368,0.03265478,0.033529263,0.076995835,0.15492807,0.12276204,0.058132317,0.04912984,0.101431444,0.13683078,0.07961202,0.07660963,0.120385475,0.119595885,0.21021521,0.17632501,0.078117095,0.0661115,0.072093666,0.12780936,0.08061224,0.09266251,0.07839226,0.120687805,0.1212473,0.0898265,0.0756278,0.050153777,0.05969794,0.12260586,0.14526913,0.11561332,0.20459297,0.22245306,0.13020243,0.12501165,0.15746917,0.13786127,0.15720561,0.10241569,0.038376134,0.13139696
0.0014342901,0.0019485352,0.0015863689,0.0011302471,0.0012355294,0.0030041556,0.002840821,0.0039589806,0.00803155,0.010537682,0.00971643,0.01106529,0.033742063,0.024296511,0.030910494,0.021539917,0.01668262,0.014370587,0.034519933,0.014875276,0.0073111537,0.015387482,0.0069649,0.01548364,0.022440327,0.019204943,0.028025627,0.02341489,0.016698664,0.014207654,0.008167667,0.027050873,0.036213316,0.031760108,0.029351631,0.020807134,0.0135854855,0.031220078,0.019656723,0.025944807,0.034424957,0.042506095,0.036635812,0.034755304,0.058963895,0.036166415,0.034751754,0.053880557,0.13159542,0.08415803,0.047041673,0.03570077,0.03816005,0.024342144,0.040282242,0.06985272,0.06569539,0.057248715,0.082910664,0.049406793,0.047026023,0.068190455,0.09717724,0.19778985,0.11668114,0.04471833,0.05015585,0.077541165,0.13974352,0.10339647,0.060918543,0.08244387,0.10302812,0.060211007,0.050916705,0.060046487,0.079295404,0.053665172,0.036705025,0.050404254,0.077098,0.06527827,0.045852352,0.064209886,0.03542685,0.06300194,0.12556493,0.07203297,0.06464009,0.053431004,0.02634358,0.042314854,0.084656365,0.052458834,0.06527023,0.11085823,0.14009,0.15787506,0.14895843,0.07351018,0.07391397,0.2406398,0.16056426,0.09302985,0.07628988,0.0663957,0.055885635,0.049133472,0.08219675,0.09966974,0.0022618119,0.0025679907,0.0032701392,0.0023468172,0.0015611828,0.001622056,0.0019223444,0.0030256421,0.0068804785,0.005599308,0.0060376,0.007321502,0.014098198,0.0057882643,0.01090297,0.008257346,0.0055744853,0.009696813,0.013929937,0.014446998,0.00978103,0.02463885,0.016256724,0.016571674,0.030540017,0.040091466,0.026859336,0.010203771,0.013693688,0.007143074,0.023513885,0.03068305,0.021603141,0.019483807,0.017624265,0.02282974,0.034133073,0.050933734,0.03199257,0.014498588,0.007864052,0.026670258,0.030886618,0.045191187,0.031250168,0.016459944,0.022403315,0.053616997,0.06879559,0.050945,0.061370637,0.072281525,0.07890287,0.059082564,0.06914616,0.05995219,0.048143417,0.027286688,0.05851398,0.046779517,0.024588732,0.036534097,0.06706033,0.1429257,0.17942895,0.08600423,0.035031453,0.07515718,0.06615226,0.061142635,0.038423505,0.052815408,0.09451015,0.06277778,0.12696226,0.18004239,0.12751904,0.046898592,0.05961891,0.12018695,0.14423276,0.20524438,0.09599493,0.09650201,0.1509462,0.24499638,0.4077252,0.21057603,0.10046637,0.1307937,0.066067725,0.06523821,0.08181124,0.12646002,0.0866951,0.069867924,0.085810065,0.16340405,0.09261286,0.07121378,0.07862026,0.060486842,0.21132566,0.23906815,0.12432925,0.06434547,0.0936191,0.23738274,0.34514573,0.22089201,0.002697628,0.0036127802,0.0034210393,0.0025551443,0.0013475993,0.0025061537,0.0031322886,0.0035382211,0.005870464,0.008620939,0.009255137,0.0091288425,0.008309718,0.009937445,0.007838153,0.014576033,0.008792797,0.0053019864,0.009786751,0.0068098367,0.009649497,0.023120478,0.024027787,0.02075762,0.04568743,0.07804999,0.0436984,0.029098,0.023274126,0.01338596,0.023085995,0.01592801,0.012865108,0.017997373,0.024624102,0.029296191,0.024660846,0.021478904,0.018075882,0.010020093,0.015009284,0.023031252,0.02890622,0.026047071,0.02318112,0.029420024,0.056856822,0.055114273,0.041694567,0.037715368,0.037587915,0.08245728,0.08262689,0.055847783,0.09400842,0.07930901,0.03795715,0.03160687,0.041419625,0.044431098,0.033331204,0.03575235,0.045446277,0.0748495,0.045587942,0.04437433,0.051948637,0.06284136,0.101884,0.082006976,0.042442873,0.017656008,0.04054719,0.08961529,0.08729055,0.09876901,0.08673895,0.09138298,0.1302416,0.15058443,0.110556066,0.11910486,0.11594406,0.068690516,0.08507834,0.080311306,0.06985361,0.070787646,0.09889903,0.08248946,0.07510764,0.1078895,0.05743784,0.11143947,0.116830386,0.08687209,0.06929872,0.10027539,0.09593932,0.13624822,0.0844546,0.0535323,0.20824073,0.2010273,0.10726859,0.10039112,0.099747784,0.13440122,0.13643306,0.1686249
0.0006042865,0.0006671443,0.0052947304,0.0028620716,0.0023606014,0.0036709537,0.0015911427,0.0029095728,0.014264673,0.008994095,0.012524584,0.011732652,0.025338309,0.015818603,0.013689782,0.009692663,0.00789795,0.015470346,0.04831635,0.037900258,0.022735337,0.036768284,0.025415227,0.045594774,0.063427515,0.06018749,0.05205662,0.04031965,0.03465368,0.0362872,0.022161838,0.019558504,0.022168012,0.029676566,0.03906762,0.017909758,0.017081693,0.044169698,0.053121217,0.008173659,0.045879386,0.05825816,0.03344474,0.022182696,0.03590621,0.03270283,0.044561487,0.1355084,0.104168646,0.044153243,0.057363544,0.06471623,0.069685064,0.074718386,0.041610938,0.027114332,0.033822455,0.029989714,0.045764167,0.041339945,0.04958462,0.060998622,0.06603534,0.14537086,0.13178681,0.055090573,0.048367858,0.04409285,0.05316318,0.11476948,0.20168713,0.13125479,0.09156871,0.079424985,0.06692634,0.048727714,0.072441384,0.1380364,0.059442457,0.040538635,0.060431935,0.088314675,0.10939719,0.20554374,0.1491667,0.04213256,0.13856354,0.20461771,0.12806675,0.05951274,0.048416235,0.04979085,0.07626404,0.13336857,0.061981633,0.18292077,0.15087672,0.1023417,0.11226168,0.12384862,0.1552328,0.35957348,0.52977467,0.43430322,0.123302825,0.08494679,0.10941097,0.13105662,0.14588769,0.13783668,0.0013709482,0.0015648084,0.0031212,0.0015388742,0.0014057015,0.0017633013,0.0012359016,0.003661734,0.007863089,0.010079716,0.008707813,0.011456512,0.011998823,0.0071745696,0.008255157,0.0074749794,0.004653035,0.008296475,0.019617012,0.015273364,0.011754816,0.01404759,0.02342848,0.025601717,0.05719669,0.09625675,0.03174595,0.017161807,0.043441102,0.053823993,0.034454305,0.027351717,0.02848189,0.021464279,0.027523112,0.021312624,0.016624592,0.03913073,0.0711148,0.053761154,0.067126535,0.054559637,0.052109815,0.043201324,0.02462715,0.014813271,0.039186813,0.047292605,0.024667067,0.06349588,0.053318486,0.042580567,0.0719595,0.18974912,0.24060145,0.09709157,0.103388,0.06778205,0.043685477,0.078927495,0.10128112,0.053463772,0.04023867,0.09070378,0.07865191,0.06937485,0.08792661,0.06426761,0.079461455,0.08473604,0.08760815,0.057154126,0.05780977,0.10913984,0.1320571,0.11726553,0.18068804,0.1482243,0.097628176,0.088248834,0.07754283,0.056629863,0.03602598,0.089333855,0.09817828,0.11241704,0.22977854,0.17154923,0.12076288,0.09637922,0.08134543,0.13083354,0.19056997,0.25012085,0.11633836,0.077554405,0.09514341,0.19510527,0.02599526,0.057788786,0.072318554,0.1607823,0.33808187,0.2762662,0.14903606,0.08238765,0.105871774,0.20591569,0.32680658,0.16823004,0.001015836,0.0015324759,0.0021797095,0.0014921705,0.0013689931,0.0015278694,0.0019186808,0.0014568836,0.0025860965,0.0068002422,0.010740802,0.009504695,0.008041878,0.009921275,0.017370487,0.01073957,0.011832058,0.017213304,0.017509837,0.0075248303,0.0059816716,0.009258504,0.0118706655,0.021684596,0.015964016,0.0069181873,0.029386425,0.059041135,0.034162305,0.011090295,0.017842932,0.020401126,0.024327058,0.056063477,0.039747622,0.019717054,0.03990996,0.057861917,0.039680626,0.032550044,0.031514145,0.030370768,0.043967444,0.01712657,0.03354833,0.029692592,0.06723843,0.042948727,0.07299922,0.035218332,0.04854686,0.08982076,0.088889666,0.05224688,0.05237111,0.07826635,0.094404586,0.09482278,0.054967728,0.073495865,0.069843024,0.05980152,0.061533526,0.15528373,0.10144569,0.06482788,0.06475305,0.12099035,0.08708321,0.1589288,0.109970436,0.076071486,0.070739634,0.053097885,0.11229127,0.10948337,0.21574324,0.21490352,0.12001409,0.1824578,0.19558764,0.21255712,0.1126525,0.045020204,0.050444912,0.091673024,0.12678917,0.1389649,0.123490475,0.11784166,0.16779076,0.12925686,0.0996193,0.10566655,0.050846614,0.075501285,0.16839239,0.13671972,0.15901564,0.12821598,0.12594345,0.23862873,0.42093942,0.39911166,0.07067786,0.08361892,0.15048996,0.281518,0.5426373,0.22188048
0.007852606,0.010643879,0.0012729408,0.0019371246,0.0018486123,0.003054982,0.0034621158,0.004637187,0.0057842196,0.023375902,0.03463741,0.019718306,0.021138044,0.020056766,0.010785925,0.014636923,0.010002003,0.006825578,0.018351786,0.026571246,0.030609481,0.04045561,0.07254843,0.13427569,0.11632785,0.07700585,0.05823593,0.040099286,0.026304483,0.04023199,0.029330991,0.030966487,0.0142316995,0.010484064,0.017433833,0.012084255,0.02892299,0.026943957,0.030620648,0.028469013,0.02657105,0.014980509,0.037542544,0.017237647,0.027490024,0.02934073,0.03349615,0.1110841,0.13725477,0.082418226,0.04927506,0.030679723,0.051067542,0.07701285,0.048645876,0.049221516,0.029937977,0.026541341,0.053118236,0.051622834,0.032509174,0.036754567,0.035828587,0.03625326,0.02895806,0.01730622,0.062135376,0.09235229,0.17516133,0.11941057,0.040044885,0.05021996,0.04716291,0.043572437,0.029547703,0.06980591,0.11746436,0.06634963,0.06480548,0.08180216,0.090678446,0.11985071,0.12210722,0.10357338,0.064194396,0.057941537,0.06714287,0.14895253,0.052739788,0.079914674,0.07585795,0.036958877,0.112667546,0.06525356,0.043625347,0.08590211,0.1426711,0.124382645,0.05838445,0.06207789,0.059320506,0.13392733,0.31822816,0.26561183,0.091246694,0.08563023,0.12268012,0.26199275,0.2582247,0.14056565,0.00086667243,0.0011350153,0.003155835,0.0023197965,0.0021511393,0.0019383787,0.0011086366,0.0022833385,0.0061506424,0.008557826,0.0060958415,0.004931073,0.0034714239,0.0067682383,0.010482854,0.010217749,0.0060450872,0.0068241237,0.0064443536,0.004391276,0.008639616,0.01298764,0.03309067,0.07615561,0.13263257,0.08392449,0.076143436,0.033504277,0.032164756,0.029936412,0.020361388,0.024440607,0.053703465,0.049427036,0.02920072,0.0088685,0.018296024,0.03578189,0.069776006,0.034363415,0.028345907,0.027664846,0.020228136,0.037056033,0.061890323,0.050094135,0.04387582,0.04083256,0.06570563,0.08167197,0.0614306,0.06868523,0.090796866,0.075566925,0.0831887,0.060939837,0.039393973,0.079356864,0.11206228,0.070896626,0.038290314,0.053984426,0.09957468,0.20227304,0.14878245,0.099568166,0.058811642,0.064735785,0.08166811,0.10480495,0.068855025,0.080855325,0.09843673,0.14996164,0.098700136,0.09917691,0.14554837,0.16807196,0.11269992,0.08412408,0.07184906,0.08466455,0.10473825,0.10335639,0.16584809,0.14973944,0.07282065,0.069914095,0.10509534,0.1441697,0.18476067,0.13716495,0.052017137,0.060465056,0.096362464,0.12512463,0.18473822,0.111405216,0.03918519,0.1073941,0.15427807,0.18689844,0.27168578,0.19767584,0.09444701,0.05834323,0.08877503,0.2506463,0.19854432,0.06659691,0.0016152179,0.0014635625,0.002682824,0.004411079,0.005913232,0.0058473805,0.0026452658,0.001272115,0.0032806122,0.0045261593,0.010969348,0.008459034,0.0048135063,0.011459432,0.021514438,0.0071241427,0.0030149182,0.0052703847,0.012393185,0.013566578,0.011512123,0.013493739,0.008775402,0.0385213,0.0862505,0.10417745,0.06854214,0.034580335,0.028671412,0.021984223,0.020563561,0.041270744,0.0333317,0.035974227,0.05345581,0.036615398,0.018924352,0.017688535,0.016455341,0.007413711,0.014065354,0.030745808,0.06079337,0.042647496,0.06290896,0.023955494,0.027690852,0.040956926,0.060502112,0.06458481,0.035457186,0.055022985,0.15386571,0.14968416,0.09379701,0.027985122,0.03230089,0.114228435,0.11882762,0.041505713,0.0490533,0.065766774,0.05343633,0.044934675,0.040727474,0.03735285,0.06984031,0.09346539,0.042490933,0.028225264,0.04556896,0.092786,0.14725026,0.13699934,0.10424533,0.12072647,0.0962831,0.10628735,0.053630542,0.10350562,0.13018018,0.10187176,0.16600524,0.2494543,0.13072744,0.088947386,0.10939462,0.12752046,0.13673857,0.14607264,0.07487579,0.095547594,0.115596704,0.19884594,0.16498125,0.1255104,0.13220061,0.106645465,0.1618726,0.09440878,0.13224885,0.19875382,0.337317,0.2609792,0.08820208,0.059634212,0.07060633,0.08861789,0.07051963,0.16785537
0.005845405,0.00721663,0.0035846664,0.0019295962,0.0011806462,0.0019758635,0.0026100716,0.0038444703,0.010969873,0.015898477,0.0140221855,0.009744411,0.017196713,0.01523566,0.026334355,0.015791802,0.013571749,0.01779125,0.032124117,0.017045112,0.014934744,0.021546345,0.018085126,0.057104133,0.11008528,0.071303725,0.04568167,0.027616173,0.018017493,0.02123054,0.019827742,0.03807841,0.030777132,0.022288967,0.035183772,0.0277624,0.040108196,0.076075196,0.06480088,0.031615548,0.020655973,0.031091338,0.017204627,0.015028437,0.04671458,0.04751658,0.052603908,0.03542358,0.044974178,0.06570002,0.024544187,0.03576105,0.1121401,0.06764606,0.084856056,0.07788068,0.0760231,0.05310693,0.12637623,0.06947986,0.042523693,0.09111606,0.07776685,0.07974133,0.050746404,0.05694975,0.0396012,0.046505053,0.03928896,0.081245296,0.07512319,0.09610178,0.22630833,0.15405239,0.047359377,0.08533627,0.09637399,0.08410559,0.03061438,0.032941874,0.056666687,0.037287682,0.050658066,0.11275203,0.062367167,0.09256784,0.20128092,0.11407314,0.14873248,0.055914324,0.03017362,0.07907468,0.099177025,0.07637074,0.07461672,0.075805925,0.05115968,0.059072107,0.06507192,0.051322456,0.1032738,0.0717034,0.27952433,0.19258353,0.036713656,0.10296779,0.12347883,0.08292664,0.049745373,0.12967344,0.0017760852,0.0022459514,0.0007270008,0.0021315236,0.0025615569,0.002740427,0.0026618137,0.0029936288,0.0042120744,0.0073185153,0.008527959,0.0048261983,0.005831254,0.0096788015,0.013862151,0.007964762,0.010354935,0.017204836,0.013857548,0.009378042,0.0129553545,0.017197657,0.029122123,0.06679204,0.17166665,0.20151937,0.0740413,0.025541317,0.045442365,0.027019694,0.021591185,0.017974589,0.026161397,0.021429464,0.01689312,0.016386516,0.030343594,0.02900106,0.024616627,0.017878184,0.023456674,0.03909737,0.05720721,0.042073436,0.027530992,0.016604874,0.0169024,0.03927071,0.0263836,0.027819257,0.02217261,0.03979052,0.120756954,0.13674787,0.12129163,0.058841553,0.028345479,0.044962924,0.071456686,0.058047086,0.042914364,0.028553572,0.053765543,0.06734449,0.11527525,0.09417334,0.07636342,0.037043646,0.028310832,0.10131386,0.14762808,0.11267773,0.028698113,0.03788954,0.055470712,0.10157997,0.066564836,0.024302496,0.08456906,0.11486183,0.17701797,0.12943703,0.08219518,0.10190706,0.08245576,0.10507883,0.17887075,0.17574102,0.08318714,0.07014538,0.05734109,0.067163505,0.07866756,0.084035784,0.06938438,0.08422609,0.14575039,0.2132525,0.07715956,0.08134304,0.06087719,0.09573865,0.18412708,0.14657842,0.039160468,0.061022196,0.07791864,0.20947646,0.22303537,0.11105999,0.002014779,0.0023507318,0.0036805237,0.0018243404,0.002823154,0.004584351,0.0024832694,0.003293551,0.0038618832,0.0041457755,0.009713705,0.007284855,0.005860372,0.013811158,0.018241294,0.011077497,0.01029029,0.025226848,0.018259387,0.0031792955,0.0066778064,0.013536938,0.013988295,0.053437997,0.08526222,0.12956849,0.12111494,0.080713935,0.039008617,0.029282812,0.026067814,0.042508777,0.038952526,0.033276144,0.038785994,0.012565062,0.015613661,0.015346501,0.0137474025,0.00960742,0.0051029995,0.010152247,0.026236136,0.030817017,0.024187647,0.019105202,0.029900331,0.042561434,0.07889593,0.04340753,0.0350238,0.04730448,0.0718729,0.0916823,0.111175105,0.028272623,0.030536205,0.04089406,0.047555026,0.05072466,0.06459569,0.09054591,0.08076259,0.06732201,0.047757518,0.036925174,0.045923114,0.1044081,0.1222755,0.076755956,0.034991473,0.043679938,0.088258654,0.10566202,0.050653838,0.033269078,0.039224435,0.050715152,0.08574865,0.16598459,0.12135372,0.048224516,0.060644384,0.076942235,0.032307364,0.04350387,0.09575947,0.045633487,0.07902522,0.04557494,0.03216043,0.14639725,0.099798046,0.12987407,0.05758881,0.036814775,0.07248159,0.083893634,0.059331246,0.11137592,0.06837484,0.17421037,0.20780984,0.11387521,0.05579929,0.06512706,0.07867648,0.11437477,0.13676263,0.072772354
0.0043677236,0.005522326,0.0020403739,0.0038201332,0.0031893488,0.0053107333,0.0045584277,0.0065747495,0.011044229,0.01737563,0.0098017845,0.009240362,0.011095705,0.003197554,0.029246802,0.02975953,0.014044828,0.019388516,0.026333384,0.013113895,0.014256626,0.017925344,0.017832976,0.021186398,0.05701684,0.08113379,0.07785954,0.03375872,0.023905339,0.04787478,0.017597172,0.032784596,0.022625977,0.023804924,0.05955401,0.038682334,0.011561817,0.040159058,0.043402936,0.023668533,0.013537655,0.031148063,0.035954826,0.04519625,0.044615123,0.031640023,0.026918035,0.042648442,0.045946885,0.03862187,0.022487996,0.02598597,0.033696372,0.059218857,0.057565294,0.057927597,0.0145972725,0.04198329,0.080620736,0.074316986,0.033400223,0.038991775,0.066510126,0.08453521,0.07571265,0.026532445,0.07903337,0.092181996,0.057995364,0.031967726,0.041188005,0.100173876,0.08241895,0.061681814,0.04140514,0.021144126,0.03715459,0.05636249,0.07300989,0.1203892,0.09570645,0.04857076,0.03848905,0.082755715,0.06317063,0.059040885,0.09951518,0.10393116,0.10481598,0.11290969,0.0587868,0.06367736,0.103580244,0.07458128,0.04827111,0.035331946,0.07461962,0.11491195,0.1074462,0.14084429,0.12974593,0.18794455,0.65645885,0.60241306,0.11319771,0.06723443,0.03884433,0.083454885,0.037153706,0.0516088,0.006425414,0.0065163057,0.0031134966,0.0019123218,0.0016079919,0.0032738475,0.0046891975,0.005306716,0.0051959674,0.010571668,0.012778278,0.01206695,0.009783365,0.009344571,0.018469628,0.01536423,0.013585127,0.02113911,0.024763102,0.032991834,0.027403172,0.027478369,0.032069635,0.022315599,0.035611942,0.048281506,0.027535323,0.015817845,0.024201358,0.03118393,0.027153714,0.018654766,0.010436632,0.008873107,0.041385774,0.02513379,0.036133967,0.057414677,0.046506714,0.02792379,0.0347861,0.05607293,0.06344234,0.039226357,0.036585473,0.032838225,0.047389057,0.043825425,0.06701489,0.04476387,0.05408636,0.037090536,0.02510218,0.028746266,0.06270717,0.05203103,0.041838855,0.052286074,0.065550916,0.06024373,0.06616498,0.050413143,0.10914309,0.13815655,0.24670799,0.088886075,0.026074076,0.044279333,0.10506197,0.14152907,0.098763295,0.05773475,0.040748015,0.035585538,0.058517832,0.08188025,0.17062746,0.11756718,0.0731705,0.13238074,0.100835495,0.056785587,0.025840765,0.08263589,0.08118749,0.14542626,0.08531354,0.16273896,0.17010711,0.059896257,0.06381705,0.0990423,0.124240085,0.16130151,0.069328174,0.036416266,0.10366358,0.12375634,0.05041102,0.12129526,0.17246397,0.080118865,0.16287938,0.1952202,0.15405068,0.11103135,0.087496266,0.14692673,0.1326115,0.09231924,0.0057387655,0.0056420313,0.0075215553,0.0032839081,0.0023006294,0.0034277437,0.002408362,0.0031731245,0.0074718012,0.011590405,0.011317705,0.01458746,0.01570155,0.018699585,0.017400054,0.017595088,0.009638481,0.01058435,0.0189756,0.013198529,0.00626242,0.008809294,0.021161089,0.030086907,0.02311043,0.02628198,0.01842803,0.012467626,0.03295636,0.02049228,0.0142739015,0.025887903,0.029137406,0.018591393,0.043603987,0.038619496,0.03795399,0.04900527,0.038354408,0.020298332,0.00826772,0.010852228,0.04702575,0.045969248,0.04082852,0.03662898,0.049803354,0.059902642,0.118478574,0.071995355,0.048215713,0.07235545,0.06685014,0.03452643,0.047278136,0.031906404,0.039339606,0.049115095,0.038563002,0.03282963,0.023355993,0.038288806,0.06458534,0.0636042,0.032414008,0.057080314,0.040749315,0.10592384,0.095848136,0.08888377,0.068697006,0.06896805,0.09371127,0.1611521,0.10466287,0.044885427,0.117722936,0.08483592,0.08897509,0.23051083,0.25806883,0.17424543,0.11830903,0.07384529,0.10133924,0.09722201,0.112026304,0.06891898,0.07429413,0.08093259,0.06624637,0.12423197,0.056455187,0.05672234,0.06385027,0.09916953,0.07672413,0.085089855,0.07438427,0.09376807,0.07861748,0.15562378,0.3093946,0.2262353,0.12555501,0.060079847,0.07618694,0.13742986,0.19448286,0.21257527
0.0048852977,0.0049206335,0.0032194369,0.0022650203,0.0027811457,0.0023722458,0.0022693956,0.0024809893,0.006966846,0.006377126,0.008792818,0.014182784,0.029215556,0.013919042,0.009698338,0.008801482,0.008047312,0.008753494,0.04006515,0.027501209,0.013318444,0.016562259,0.04859481,0.35878363,0.30156836,0.06361488,0.038613502,0.031856094,0.020309526,0.017631754,0.031446602,0.069100544,0.04288266,0.041926667,0.03247332,0.023216961,0.021342352,0.027866641,0.044570345,0.02327064,0.01676825,0.013161352,0.029143728,0.049844794,0.022290502,0.025402768,0.088762954,0.19658212,0.10927727,0.071874514,0.03634534,0.014645987,0.025101067,0.037228454,0.10974598,0.042951148,0.0293717,0.02568016,0.061774593,0.07890491,0.084087625,0.13775165,0.100197375,0.14356479,0.1341324,0.04896611,0.03770484,0.06917406,0.17785524,0.112242535,0.056402124,0.098221354,0.050581716,0.11953315,0.12545985,0.15355356,0.15851317,0.11094551,0.10909658,0.17644358,0.1263818,0.044108696,0.057157785,0.07334794,0.07990292,0.06985943,0.037021402,0.06977125,0.09419998,0.121266834,0.06835426,0.08812355,0.11580635,0.12313578,0.11659085,0.11110176,0.17829375,0.15043095,0.105464235,0.08883515,0.16272819,0.10467741,0.28127632,0.32267225,0.13658737,0.08453749,0.11027276,0.14107992,0.12300996,0.018556863,0.00783935,0.0075675393,0.0050252876,0.0027416523,0.0026755396,0.0032577293,0.0038718309,0.0035342055,0.003972708,0.010142486,0.009735706,0.0066861897,0.0039033857,0.0057632546,0.016426641,0.0060409848,0.013869711,0.022221407,0.02126811,0.016668526,0.0051640933,0.021397302,0.03280426,0.07217942,0.07538165,0.08279878,0.036164075,0.026716996,0.033470716,0.036921874,0.040540528,0.05473335,0.06914402,0.06775186,0.04049833,0.03332542,0.035298984,0.046640757,0.09414904,0.07896173,0.054216433,0.07967007,0.0453262,0.043862484,0.040171005,0.027790457,0.0741208,0.11196135,0.06857925,0.04946429,0.0716703,0.11667457,0.08740473,0.07808085,0.044165295,0.024520585,0.033799306,0.14179741,0.22460379,0.1173523,0.14531714,0.12520342,0.07033921,0.11086636,0.1488787,0.15454343,0.09785991,0.07820825,0.076226585,0.12115612,0.20481865,0.20251848,0.12811908,0.08749708,0.048668534,0.085153215,0.13818897,0.058671497,0.051489342,0.17048337,0.08950409,0.12940916,0.12854628,0.17827043,0.19591558,0.17714971,0.25148737,0.3171671,0.2714567,0.1784817,0.135086,0.1930372,0.12224586,0.13191745,0.13249938,0.087923564,0.13881034,0.27484384,0.20084783,0.100979835,0.082270935,0.22497275,0.29343167,0.22540635,0.13800985,0.16515082,0.2959879,0.56057936,0.4149126,0.06088225,0.0045185266,0.005496325,0.006172247,0.005798071,0.0057361303,0.006389608,0.0074888696,0.005042703,0.0024766834,0.01086689,0.020252563,0.0055448124,0.002784411,0.008421231,0.009780808,0.0138714025,0.022359816,0.016639516,0.024870334,0.021312037,0.0149003565,0.017017076,0.031805556,0.23064782,0.15613592,0.11740056,0.0841188,0.026640028,0.017100753,0.019680034,0.04493266,0.04605755,0.038372412,0.033438686,0.052517854,0.044664994,0.045284696,0.07973236,0.046134334,0.012653359,0.043743614,0.057851207,0.029225105,0.013626426,0.019184656,0.022195155,0.059793256,0.0882761,0.054763354,0.075888634,0.07514024,0.0614743,0.06866686,0.08823025,0.07906838,0.06564843,0.044066593,0.07632117,0.08913767,0.09069367,0.04708941,0.051401213,0.061728697,0.103178024,0.08827431,0.06336097,0.07183335,0.15050311,0.20041567,0.14347534,0.0485255,0.060731485,0.14690998,0.21819007,0.17605397,0.082875475,0.1320092,0.08977856,0.12330679,0.16188325,0.1377894,0.17416038,0.07766344,0.02651025,0.09814438,0.19985022,0.2522105,0.21939096,0.20125897,0.13194811,0.14868338,0.12619309,0.07185553,0.038592402,0.04012922,0.07521954,0.09735533,0.11987918,0.2005919,0.23850445,0.1573985,0.28992885,0.50228894,0.39072847,0.14975849,0.26885644,0.37146372,0.37500378,0.1403379,0.13647251
0.010217624,0.013220254,0.008034749,0.0041495506,0.0045023565,0.005882043,0.0048600165,0.005632409,0.005966122,0.007042613,0.008999854,0.008115779,0.023219692,0.01950999,0.008605206,0.018652238,0.02414132,0.023804488,0.02420162,0.031333156,0.016809402,0.033933483,0.037803836,0.019524463,0.012916145,0.00916106,0.03945681,0.04650903,0.018838964,0.017460708,0.02120708,0.04206978,0.04772226,0.03334092,0.038751643,0.02641366,0.022908147,0.05487027,0.050406788,0.026411058,0.026045265,0.025816008,0.021560404,0.015953967,0.033280835,0.050215814,0.07363529,0.048371553,0.059089705,0.07820582,0.14026552,0.10242069,0.048640702,0.078922115,0.10987586,0.043036833,0.07389735,0.057319283,0.06256745,0.07877498,0.11405024,0.16919309,0.116608664,0.10926931,0.13528737,0.11538117,0.06673642,0.055936117,0.061963167,0.08253849,0.051775023,0.064116046,0.17152351,0.17447929,0.07662175,0.12604882,0.16623758,0.13061637,0.083712846,0.07804303,0.06608141,0.050146345,0.055678535,0.124729596,0.085174985,0.119074434,0.11878186,0.08819353,0.10008453,0.16200727,0.09145506,0.0967176,0.2332243,0.30433685,0.21776845,0.17782056,0.14194934,0.21931502,0.1597236,0.097194314,0.06773129,0.22524524,0.29969385,0.14151625,0.08630823,0.108630344,0.124950595,0.10527315,0.1875359,0.33749166,0.004883437,0.0059378953,0.0015004046,0.001706166,0.0042309393,0.0052253455,0.0026884864,0.0025635567,0.0070326426,0.015516603,0.011463742,0.0059881816,0.007267549,0.008484251,0.0061779204,0.0059351665,0.010230162,0.02392696,0.028895436,0.01898763,0.012895329,0.021266533,0.036347054,0.036945652,0.042135023,0.064729854,0.051543985,0.018237751,0.024937702,0.033096433,0.03161265,0.045200724,0.030302854,0.04968026,0.08386825,0.04727434,0.02309302,0.04524087,0.06730421,0.05931815,0.024735214,0.06708755,0.096308045,0.09794006,0.086339146,0.06535983,0.066552415,0.042984065,0.09419613,0.13476478,0.1596639,0.04463729,0.045795057,0.09019128,0.10578496,0.08107918,0.14411749,0.13295846,0.1311887,0.21308498,0.13728055,0.08662487,0.17342182,0.17864661,0.29124087,0.23581493,0.123736635,0.13230437,0.09408936,0.118006416,0.14684686,0.1185105,0.10043358,0.107206725,0.049375076,0.124437116,0.16176273,0.17359267,0.15858199,0.14907937,0.06718698,0.0989784,0.1612202,0.23718959,0.16318773,0.17414096,0.30343238,0.42433846,0.3178066,0.14637695,0.15664153,0.20374903,0.08679302,0.10154384,0.23008576,0.2352893,0.1897279,0.24622609,0.17735955,0.10440955,0.064391986,0.13485926,0.41710535,0.4495061,0.3881669,0.3001732,0.43344557,0.333296,0.2034706,0.14484185,0.0032238648,0.0032999632,0.0032519058,0.0023945994,0.0018987623,0.0018181268,0.0022687986,0.0010142066,0.0033454606,0.016126348,0.019063551,0.012029766,0.009660743,0.009573403,0.012154938,0.0105303675,0.005288387,0.010787091,0.025049703,0.0135050975,0.009038234,0.010188142,0.006714585,0.018346263,0.016826643,0.049189463,0.09216994,0.04251418,0.03200177,0.031041006,0.04337993,0.07435463,0.05812206,0.0567907,0.07940374,0.07060172,0.07237027,0.08479896,0.054403044,0.043923073,0.049401764,0.08763685,0.10495524,0.04581661,0.055766203,0.03454651,0.0401601,0.043073338,0.04459574,0.05130313,0.0818759,0.10692759,0.09248091,0.10169828,0.17121285,0.07902279,0.03346022,0.061833244,0.11866217,0.11674755,0.12776802,0.1215084,0.08193954,0.12673709,0.1367725,0.16596851,0.083844155,0.17921783,0.15865739,0.20148003,0.19889098,0.12184173,0.17614897,0.22477303,0.14697523,0.19899432,0.27320626,0.21372291,0.35495195,0.21216035,0.115643874,0.23882963,0.22499223,0.15565549,0.14944495,0.1465316,0.23160967,0.13166896,0.14021099,0.19046006,0.19578248,0.2251591,0.42039764,0.3541813,0.23349795,0.1745295,0.22040007,0.2963307,0.24573807,0.28818434,0.2579123,0.16334376,0.19838981,0.13107361,0.18107608,0.15775964,0.12829383,0.124859266,0.32538784,0.39968058
0.0017275847,0.0022341842,0.0063726115,0.0041764905,0.001915649,0.0028885773,0.0054129856,0.0049187033,0.007265581,0.014190765,0.013346698,0.02076281,0.026491692,0.013626877,0.014308163,0.012513763,0.00813871,0.007444421,0.04071516,0.033658907,0.013184604,0.03889995,0.054680377,0.04635054,0.04507006,0.030111331,0.03736226,0.040467262,0.025977869,0.023355165,0.025670076,0.05400103,0.047631793,0.028944366,0.04482823,0.043708205,0.025050083,0.033305235,0.058997948,0.07311724,0.089450516,0.06589407,0.04078564,0.044099662,0.050392076,0.026041836,0.041599475,0.07620493,0.093859285,0.038558014,0.0767336,0.080640174,0.0679548,0.08511612,0.1568994,0.10997567,0.06415063,0.042650845,0.09903924,0.11765174,0.09473137,0.101360746,0.043768495,0.11390177,0.19406353,0.104150124,0.069731444,0.0501705,0.09747213,0.0682889,0.07122173,0.1045832,0.11187591,0.09444598,0.07594161,0.150453,0.18692149,0.18985048,0.13206589,0.08597466,0.113162935,0.12972626,0.10182308,0.079581596,0.06879109,0.08115425,0.12510927,0.06537878,0.07532042,0.107464336,0.10236293,0.1280885,0.297339,0.17768957,0.057016112,0.0848128,0.0888853,0.1632233,0.14227124,0.0692359,0.12457847,0.14678812,0.22822833,0.29226455,0.15648831,0.18348886,0.21687078,0.14247997,0.13510424,0.10331639,0.0027034748,0.0030538023,0.0011802198,0.0005925941,0.0014230927,0.003696403,0.0022037176,0.0023938739,0.0055819904,0.02087132,0.03324282,0.022668915,0.018178571,0.010273608,0.008165102,0.0030288508,0.0023279253,0.0119423475,0.022430267,0.016265342,0.022993432,0.033435218,0.026476422,0.035797037,0.07061116,0.1715771,0.12024557,0.0355094,0.01864469,0.04389343,0.036525343,0.031373113,0.031886872,0.036105078,0.041296203,0.03746223,0.031639043,0.06986299,0.096273035,0.05836842,0.09402356,0.13882507,0.09756922,0.0658471,0.12248047,0.07560046,0.046910275,0.11213835,0.12762113,0.038610924,0.015885925,0.028591529,0.105199255,0.1630952,0.0912598,0.060713485,0.061991744,0.07897205,0.0923904,0.105947725,0.09211416,0.10456903,0.13726628,0.185877,0.25991055,0.16036087,0.11813637,0.09924802,0.06059921,0.06892786,0.06462416,0.09563376,0.1671737,0.29958954,0.24967952,0.12209054,0.14793833,0.091647364,0.05922956,0.054214556,0.13671039,0.24663079,0.22178775,0.21553403,0.2189237,0.1631795,0.23882955,0.093086354,0.086535074,0.13901927,0.118105166,0.3815239,0.18405199,0.15960354,0.07137922,0.06287524,0.091759145,0.08800405,0.079398155,0.10577104,0.14662573,0.16200718,0.20323029,0.24245526,0.2707913,0.30706388,0.34561425,0.36958826,0.33901322,0.17389363,0.003596795,0.0045405915,0.0049168286,0.0038563097,0.0027463096,0.0029241273,0.005731688,0.007197519,0.008983819,0.013739822,0.009711942,0.008571619,0.010743899,0.0264313,0.017701814,0.013283532,0.012685428,0.012921854,0.015622994,0.013094767,0.007414735,0.022633456,0.029342836,0.027227502,0.06255019,0.13492763,0.14977908,0.06248222,0.036703188,0.03773883,0.03255342,0.03897533,0.06786142,0.054280292,0.045171905,0.029182328,0.029941516,0.04855613,0.04781102,0.042394556,0.04678956,0.043709137,0.0221887,0.024064634,0.04889041,0.04609838,0.03214717,0.060304634,0.06430589,0.07840154,0.05211782,0.064768456,0.05876214,0.030002682,0.036309935,0.029327435,0.060319617,0.113732,0.15482801,0.13121076,0.10458987,0.056100868,0.052599933,0.11309194,0.098458126,0.090599164,0.098218225,0.057850324,0.07445172,0.15519178,0.17195423,0.05041034,0.07940537,0.15425883,0.1122424,0.08925823,0.11743087,0.12789401,0.19433933,0.19813325,0.10687354,0.045117177,0.0831391,0.10194718,0.08888794,0.16788206,0.15564305,0.117167965,0.13585941,0.13239704,0.098279886,0.14829718,0.09752941,0.12594096,0.06350325,0.10089134,0.13523984,0.080851674,0.11053016,0.21827757,0.15613885,0.16447836,0.2161049,0.26093426,0.29745075,0.14961725,0.17278583,0.19950277,0.4023427,0.4238755
0.0008750972,0.0014833134,0.0045499834,0.0033484742,0.0016853767,0.0025009962,0.003496756,0.0045640613,0.013665208,0.016588142,0.008159819,0.011575908,0.007213899,0.012663103,0.024523733,0.013338907,0.012254966,0.01120086,0.048179165,0.027024593,0.00757444,0.023282384,0.10822275,0.21178165,0.25802994,0.12063515,0.043922253,0.029988168,0.010750441,0.028340772,0.033728316,0.03611232,0.019013679,0.008386046,0.032332808,0.02395084,0.01582247,0.030327318,0.011728814,0.015652318,0.048980936,0.05010111,0.03480725,0.037635215,0.04066968,0.014336581,0.059387784,0.09845768,0.09417099,0.049123984,0.03685238,0.023072883,0.057176042,0.055351663,0.069113895,0.061922908,0.068909846,0.047754932,0.06815396,0.10095615,0.0959199,0.053903848,0.06822526,0.11793621,0.070085555,0.07053435,0.102122456,0.13935287,0.11108897,0.09690359,0.056645792,0.11274254,0.23949413,0.18892848,0.17449567,0.11690624,0.13932082,0.12413724,0.15846673,0.25376704,0.21602088,0.08751643,0.029268665,0.05340754,0.12015061,0.16018336,0.20299226,0.10773632,0.05797225,0.06095493,0.079673015,0.1323322,0.16598746,0.19948599,0.24106534,0.16821232,0.09867105,0.125783,0.16054656,0.11313839,0.07409007,0.093322195,0.09721507,0.2303724,0.29745495,0.1314743,0.13408494,0.14638126,0.22542985,0.19164127,0.0036943494,0.0045812745,0.00309454,0.0025773565,0.0020415299,0.002767576,0.0036480287,0.0036567517,0.007924342,0.0114063155,0.008026639,0.01065659,0.012216261,0.015439681,0.0064539057,0.015632814,0.0075806635,0.0066058305,0.04147385,0.028914263,0.0074498956,0.019856205,0.027427325,0.16862693,0.5207708,0.2983122,0.03729696,0.014884558,0.020335378,0.02156347,0.027847337,0.039922036,0.040229965,0.040935744,0.032381255,0.019814841,0.039563064,0.027118953,0.04578083,0.04755801,0.045219008,0.032614976,0.06399542,0.062317643,0.0435645,0.019617107,0.01981969,0.029269814,0.074879006,0.03600453,0.085475065,0.23751105,0.17693488,0.11218325,0.07215769,0.051453337,0.053848404,0.07292834,0.1030859,0.14584285,0.0937433,0.06393839,0.12975731,0.070008695,0.117901824,0.11555546,0.07538068,0.11989843,0.077958435,0.06429867,0.042149138,0.11165259,0.11797698,0.14053191,0.14286132,0.23074436,0.37116426,0.11844872,0.09508571,0.13548549,0.13085295,0.2207427,0.098523624,0.15202351,0.24922827,0.2205745,0.14943054,0.09842614,0.11351937,0.110873885,0.062498838,0.09677859,0.14190292,0.23280182,0.1620189,0.075881384,0.14978565,0.3408478,0.1385219,0.06519561,0.06930977,0.08718637,0.2184162,0.25228968,0.20738618,0.13232769,0.1750577,0.30279553,0.25878128,0.11882359,0.00080924004,0.0009264433,0.0040177125,0.0017998839,0.0017733041,0.0043224064,0.0035154023,0.0020164407,0.008607473,0.024714071,0.021507688,0.010968694,0.009428575,0.005326246,0.0064786556,0.009565693,0.010999375,0.008203608,0.036315817,0.028254427,0.00807557,0.012840418,0.04184301,0.04017482,0.117813334,0.16596684,0.08664247,0.039156422,0.036085237,0.017577117,0.013270901,0.017295536,0.023183359,0.013682304,0.040122565,0.033808015,0.038418815,0.051352832,0.038533174,0.04489435,0.024154823,0.027865283,0.036320742,0.016550759,0.024174232,0.05049032,0.051045563,0.107528515,0.1211695,0.09150872,0.06775964,0.037929676,0.087666154,0.1184311,0.06406503,0.068747155,0.05285424,0.08495347,0.12502551,0.060933016,0.03931455,0.049078144,0.090081275,0.08588304,0.10087855,0.13161811,0.0746342,0.06327479,0.10757464,0.09912004,0.044664104,0.038075656,0.097580865,0.12232521,0.081907734,0.12343616,0.13141458,0.065429695,0.024578383,0.053165015,0.081414044,0.14341803,0.1448746,0.088185616,0.035807475,0.029439764,0.06534244,0.09183875,0.081678346,0.03604228,0.04605222,0.122479096,0.13557737,0.1320669,0.05765424,0.15121537,0.24164994,0.13884442,0.13258195,0.20053643,0.16352636,0.09987166,0.0977182,0.09410011,0.08922862,0.10199541,0.13216475,0.15256058,0.22128117,0.17666548
0.0012103154,0.0011150195,0.005285534,0.0029572654,0.0016484255,0.0030394413,0.0043080566,0.0069753863,0.009389862,0.010502543,0.0072309347,0.012827692,0.023979297,0.015114638,0.01907493,0.0106409965,0.014238486,0.029258208,0.044687193,0.017277684,0.019226657,0.034110323,0.028774358,0.044504024,0.04106266,0.03778443,0.042909637,0.03167581,0.046212003,0.07361164,0.0573536,0.034186266,0.038887426,0.049363595,0.03358103,0.0109073315,0.013127214,0.04115004,0.043855622,0.03487328,0.038341284,0.042797387,0.02726492,0.024973763,0.044584554,0.03707594,0.05951611,0.04499699,0.0196026,0.02393083,0.06359901,0.06997736,0.0484787,0.049669825,0.07868249,0.058424365,0.088325776,0.06786548,0.08261081,0.09906788,0.13538638,0.123831846,0.0693774,0.093398705,0.10146517,0.029864388,0.07122041,0.09162591,0.13765214,0.12116006,0.07270891,0.04468465,0.045659762,0.07253051,0.09023029,0.12839226,0.08958002,0.07432061,0.043005906,0.055528827,0.070820324,0.07286517,0.10326062,0.078828335,0.11998317,0.06544294,0.049339417,0.07587902,0.12336758,0.1225301,0.11252788,0.0590589,0.089917384,0.12944406,0.052462995,0.08810948,0.09916842,0.09827163,0.11979166,0.10644769,0.15496096,0.13648613,0.46404067,0.44251305,0.10979094,0.15895997,0.15271367,0.10004444,0.0749516,0.0953655,0.0041070813,0.0047703087,0.002008443,0.001699397,0.0032236106,0.0036868039,0.002102926,0.0022683784,0.004821236,0.008723041,0.006275319,0.004521869,0.0052227546,0.0028824024,0.0068915975,0.0075827744,0.009229577,0.012673867,0.024118615,0.017900929,0.009611443,0.020630946,0.015437527,0.016858926,0.009597343,0.030561082,0.039514847,0.029736336,0.0250002,0.023339277,0.034094196,0.02675902,0.020447519,0.022786822,0.015682574,0.014304055,0.014450359,0.024309883,0.030685471,0.01079701,0.029320957,0.05671319,0.035810225,0.043424997,0.060521707,0.051770397,0.025033636,0.060822748,0.095526084,0.058183055,0.051230125,0.062302396,0.10769529,0.1370114,0.10044342,0.14965461,0.07434772,0.05939157,0.0705597,0.13494769,0.17740779,0.104354925,0.084728755,0.12385126,0.145724,0.06890695,0.042103715,0.042141628,0.088870086,0.13206218,0.09921359,0.111288115,0.078223355,0.11855671,0.06753494,0.033472314,0.06707524,0.08134077,0.11550136,0.15299591,0.10467159,0.106529675,0.15527454,0.06959985,0.102262065,0.15932585,0.12963007,0.12029782,0.085437596,0.10153711,0.067721315,0.11386749,0.124347575,0.108187504,0.12215464,0.1447464,0.12285496,0.14396165,0.09459644,0.07177812,0.050455127,0.12477384,0.31337643,0.14695649,0.07453896,0.055868097,0.18083893,0.22765794,0.08320845,0.07078734,0.0040547103,0.00440994,0.004278736,0.0027020795,0.002594193,0.0053988514,0.0044978764,0.0032917082,0.005347836,0.0058359466,0.0069895657,0.00801106,0.008640323,0.0038507152,0.008246877,0.011397332,0.00818186,0.011782471,0.02397141,0.020447843,0.012820074,0.017466389,0.032972373,0.049596753,0.03274748,0.020447107,0.021260839,0.021112109,0.02392734,0.018126236,0.01221563,0.014681735,0.017996801,0.01781781,0.02508011,0.020112542,0.02223398,0.0380019,0.01999777,0.02055153,0.031958308,0.035900444,0.031399567,0.020945782,0.017969182,0.020572959,0.031078871,0.04251759,0.086338386,0.11831661,0.059098467,0.030867796,0.075234026,0.08709049,0.04977128,0.046368204,0.059194278,0.059213605,0.05652866,0.046543635,0.06893433,0.06930695,0.09879068,0.07078478,0.019796018,0.021093946,0.03527555,0.15054412,0.17649792,0.06365536,0.036291085,0.06005675,0.11022265,0.12447358,0.068358816,0.10230469,0.13429879,0.14495693,0.12419983,0.16766188,0.16300325,0.15891604,0.11576277,0.16341266,0.08878588,0.06545993,0.13388099,0.18355887,0.12630856,0.123016655,0.16412356,0.18555532,0.092120446,0.11122768,0.08940788,0.12930416,0.0833674,0.15597442,0.19672735,0.17615779,0.10547595,0.17873459,0.19028585,0.16020522,0.043018024,0.057351045,0.12475324,0.099218205,0.13697536,0.22895895
0.0018145523,0.0022240293,0.0036122187,0.004498657,0.002363202,0.0014265085,0.002270971,0.0053135348,0.015931452,0.011965913,0.012879903,0.012233511,0.018036656,0.014419714,0.009765722,0.013975159,0.01703541,0.019807028,0.0168981,0.011487136,0.012961816,0.028236251,0.03365224,0.024120554,0.020195767,0.01507847,0.024151044,0.02299471,0.013343537,0.0230355,0.030881826,0.044019237,0.053758014,0.030699529,0.037612174,0.027069235,0.026649877,0.044148855,0.034399208,0.02819543,0.044319976,0.039879028,0.040912163,0.05765287,0.054167744,0.030786445,0.016967941,0.07961648,0.084664166,0.047054403,0.04622891,0.06257966,0.045657955,0.018609429,0.05915752,0.055345915,0.033643555,0.037322562,0.09647261,0.0916493,0.05530087,0.039168607,0.09746976,0.10701413,0.13232107,0.099601075,0.045123972,0.067789316,0.091947004,0.09471737,0.07099688,0.05986511,0.050839633,0.052699942,0.050074127,0.12042355,0.17240803,0.06937255,0.096651256,0.1298565,0.14890736,0.14349505,0.060259208,0.1040435,0.11888294,0.085484646,0.033382468,0.12973946,0.09790355,0.08819347,0.053780656,0.052746195,0.09896567,0.06581742,0.053663097,0.06812223,0.06772473,0.095543005,0.14576714,0.111261666,0.13098928,0.19544241,0.35138738,0.27397522,0.114761665,0.09804197,0.110179946,0.095369786,0.06120895,0.06520993,0.0005430707,0.00057088153,0.007163813,0.0023250533,0.0031865155,0.0048743607,0.0024874238,0.0042719757,0.005312513,0.0064426768,0.010001789,0.009759744,0.0046273074,0.012249669,0.009613168,0.0065508345,0.010295269,0.014864495,0.016967928,0.022575364,0.013493874,0.015705748,0.012829629,0.0187613,0.021164864,0.02748198,0.021816082,0.023249434,0.03654946,0.024212234,0.016128412,0.021840855,0.01585703,0.0247495,0.038288165,0.02221374,0.025726093,0.03524049,0.049434755,0.048369266,0.026527086,0.07254551,0.06611785,0.018831016,0.039328463,0.09135393,0.08431497,0.072187014,0.08415387,0.06592913,0.08004839,0.07243352,0.03373692,0.048841912,0.10903573,0.05835284,0.03320426,0.048056018,0.09567456,0.08423409,0.07395675,0.058451694,0.10795065,0.1309632,0.099774264,0.09177501,0.1107279,0.083316,0.12256038,0.21892211,0.24481948,0.20235953,0.19198634,0.16093518,0.15754358,0.10503223,0.16690227,0.17523897,0.11834495,0.13457672,0.25322998,0.17241381,0.13202338,0.15561232,0.23626702,0.33929098,0.31521896,0.24791916,0.18032375,0.130039,0.100503065,0.17296737,0.24382429,0.2228737,0.35697883,0.11573321,0.1787774,0.2437945,0.29787502,0.18419807,0.24443421,0.17451051,0.46010002,0.50734943,0.32938978,0.10927017,0.15342699,0.19745113,0.1264006,0.17593937,0.0018723378,0.0020634271,0.0026779156,0.00095584616,0.0010969843,0.0054524946,0.0048903087,0.0038368816,0.0063008107,0.010257951,0.012539834,0.0067091035,0.011589398,0.026147783,0.009766329,0.0056176977,0.011069961,0.03234455,0.06340713,0.035988208,0.011849729,0.012538172,0.014345942,0.028008945,0.02977144,0.020511866,0.017928356,0.018610025,0.02927377,0.032224,0.026975548,0.03180477,0.03271173,0.03559067,0.06461194,0.031505045,0.028800031,0.022158101,0.028718162,0.012178152,0.01576848,0.036860883,0.03202179,0.028348029,0.062044524,0.07668812,0.05493497,0.06672927,0.089951314,0.04760316,0.08567313,0.04157343,0.07817133,0.08798721,0.14914253,0.1470409,0.08818373,0.056055754,0.10574428,0.19857349,0.12665747,0.070615366,0.09678084,0.10846094,0.061115287,0.07869377,0.13744271,0.14767563,0.23061687,0.18112315,0.07183759,0.05902941,0.11715383,0.05383489,0.11382872,0.15885665,0.23804925,0.1831763,0.13424945,0.16039774,0.09771845,0.09528751,0.143272,0.21524768,0.20564786,0.11345019,0.08900386,0.118821144,0.22020449,0.23088613,0.071964264,0.24696402,0.21207441,0.24315007,0.20047507,0.1467321,0.13439602,0.20301372,0.10992071,0.1097763,0.19914195,0.17734122,0.27555802,0.27277294,0.22770381,0.16892183,0.43638098,0.218856,0.064212956,0.038514506
0.005116266,0.0061295903,0.0032089667,0.0017811811,0.0015150135,0.0015854307,0.0023639787,0.005214823,0.010068642,0.0119662825,0.010851261,0.01104378,0.019329617,0.014551317,0.013087269,0.009590934,0.012526804,0.021552976,0.02167703,0.022085013,0.029734215,0.03636073,0.04421498,0.11697261,0.22843471,0.111668386,0.07390723,0.042841956,0.05623836,0.041973423,0.037516337,0.041913792,0.029135274,0.024421595,0.013267721,0.024521934,0.016087305,0.06381255,0.058027785,0.035409104,0.048357513,0.033365894,0.026705682,0.025451878,0.008393869,0.03165774,0.047785617,0.09178867,0.07079836,0.05693919,0.02570055,0.05073716,0.061921254,0.056437798,0.07544572,0.08607072,0.06352066,0.03137,0.0523094,0.0678082,0.1257544,0.08597731,0.051614866,0.099482104,0.16343164,0.05403935,0.038737986,0.06663777,0.104744636,0.052704573,0.054032173,0.14064607,0.08769356,0.06068354,0.09145017,0.09080077,0.1202398,0.100564495,0.06662104,0.0846831,0.09315712,0.06298071,0.06198341,0.06506823,0.05232866,0.07745069,0.12445701,0.09863525,0.106660515,0.07587966,0.08707169,0.08078019,0.09206482,0.085079305,0.052560676,0.058486562,0.07484004,0.12310788,0.09362219,0.09906388,0.06480251,0.11793258,0.114562675,0.19789118,0.15827107,0.119106255,0.104911685,0.1024856,0.11123433,0.22194317,0.0008674429,0.0010199188,0.002579735,0.0010616682,0.001502096,0.005163032,0.004727011,0.0021958458,0.0065303487,0.013068831,0.011216995,0.008507262,0.009621503,0.013725055,0.011016798,0.010467226,0.011445889,0.016742112,0.020926163,0.008804662,0.01732163,0.027254237,0.05170961,0.059666302,0.03873395,0.069211446,0.05651898,0.031599246,0.01666138,0.026006967,0.052282184,0.052629452,0.03045083,0.03156035,0.027039228,0.017703762,0.029464101,0.033065774,0.031853203,0.03806291,0.024458626,0.06067388,0.06738942,0.09811096,0.08163945,0.044935502,0.038510337,0.056561906,0.07760681,0.08011461,0.036057506,0.052404534,0.07730588,0.10926376,0.08098868,0.042453803,0.020490462,0.016256765,0.055183318,0.05383127,0.024869164,0.017065207,0.036706295,0.10978139,0.1324963,0.056762654,0.024772553,0.059479196,0.050945025,0.049151737,0.038968027,0.08133317,0.08047971,0.12155828,0.108070314,0.05265264,0.075949885,0.13223241,0.16618207,0.10053565,0.055457454,0.14665617,0.15263733,0.117607355,0.12344381,0.15088667,0.2920069,0.14419426,0.06662196,0.10337283,0.100624986,0.0684273,0.06484008,0.14056885,0.13657625,0.092861,0.11993738,0.09435346,0.064253986,0.069881715,0.077067174,0.09770165,0.24894112,0.30006534,0.16896158,0.12376004,0.12475497,0.30080783,0.22521532,0.09522703,0.0056018867,0.0057086283,0.0030608557,0.0034010054,0.0051664324,0.006514252,0.0035424673,0.0025271552,0.00706349,0.022030229,0.018370774,0.008977512,0.008786176,0.009331389,0.0087007955,0.0033831657,0.0025021934,0.007595799,0.019449366,0.013339622,0.011628167,0.029493134,0.06290545,0.097591266,0.19123979,0.10308968,0.07011634,0.075056344,0.0310303,0.020894486,0.02734111,0.038516596,0.02188334,0.02992797,0.041294668,0.026034303,0.015403251,0.025532622,0.021814784,0.018646106,0.011520456,0.045844,0.028737761,0.029338358,0.022458838,0.031613387,0.05170162,0.09974826,0.08796509,0.04638015,0.048307553,0.05460907,0.035672303,0.056934413,0.045742795,0.055379234,0.051099222,0.029489594,0.04313502,0.06131841,0.07697072,0.040763296,0.044026073,0.067795135,0.04730471,0.051065072,0.04662631,0.0628657,0.087679505,0.046107974,0.101336814,0.0797698,0.06432441,0.13888346,0.12669276,0.08286413,0.080678925,0.024981102,0.077553704,0.12615593,0.070323095,0.062904686,0.17065898,0.105133496,0.032235943,0.084565915,0.08091825,0.084428236,0.09718427,0.12381212,0.1645362,0.12366079,0.09891227,0.11514189,0.07275152,0.04357499,0.04572528,0.05694119,0.15036573,0.14040211,0.110146455,0.19601548,0.22396031,0.17682362,0.0819698,0.106165245,0.102348484,0.09251017,0.20305923,0.23889013
0.0011227059,0.0014092565,0.0050760726,0.002160636,0.001306331,0.0015624053,0.0012279695,0.0022965127,0.005777995,0.007177652,0.0092415195,0.0085957525,0.015654651,0.014309935,0.021840695,0.01819292,0.012241149,0.008231471,0.03340237,0.02523132,0.014674159,0.036088303,0.048391365,0.01760923,0.018303225,0.018600691,0.020246275,0.018058907,0.019594366,0.028055206,0.038852535,0.033467326,0.03034238,0.02661631,0.022546846,0.016502226,0.014407361,0.016109303,0.031188143,0.03320142,0.032759048,0.026571132,0.020517455,0.021827912,0.030014245,0.013190945,0.014037121,0.029372351,0.06939123,0.06751632,0.04962052,0.060838886,0.048844356,0.038729686,0.046020735,0.060589597,0.096657984,0.077565834,0.13806857,0.20653252,0.0833347,0.16770688,0.101262294,0.114782155,0.103155866,0.0950851,0.053449094,0.04205702,0.104402035,0.08963353,0.074695356,0.10904277,0.11308113,0.081685275,0.07752291,0.073744275,0.070048675,0.18389545,0.14983612,0.12720512,0.12556821,0.10481244,0.1457668,0.072770365,0.10138368,0.09789688,0.05832555,0.08994205,0.1711415,0.15959354,0.07602205,0.09619174,0.1558272,0.17457306,0.1679432,0.17224726,0.08403074,0.11589392,0.08500775,0.036058765,0.030267663,0.0702189,0.20589632,0.1710038,0.12120831,0.070168674,0.11374901,0.1780695,0.13789159,0.077811785,0.0019985603,0.0017941539,0.0019188757,0.0011780652,0.0019080795,0.002224417,0.0015210302,0.0040574674,0.008862662,0.00709952,0.00483688,0.00484643,0.010299019,0.008941423,0.0036613687,0.0073004533,0.008403573,0.006457514,0.022711549,0.034058135,0.02205418,0.023970883,0.020282451,0.01709265,0.05891126,0.050703082,0.033974998,0.021127127,0.026935786,0.02433451,0.017579753,0.020362146,0.027429849,0.030135728,0.022980945,0.02016134,0.016014017,0.020444581,0.03055248,0.013416352,0.033405304,0.06598407,0.07940062,0.06622057,0.06330831,0.028919064,0.035497013,0.060250934,0.079323225,0.064975455,0.027602578,0.044140916,0.09533262,0.089385286,0.07445316,0.08549938,0.06668376,0.06794394,0.120609835,0.07093437,0.028732026,0.037337475,0.08280872,0.10898373,0.14170356,0.08830542,0.038421854,0.04021618,0.0716867,0.06865123,0.053162433,0.026893813,0.032462794,0.06976722,0.060560085,0.041652996,0.024906397,0.016040985,0.038596638,0.13903601,0.15043576,0.14214668,0.14407031,0.032865707,0.10028763,0.09044189,0.1669675,0.18441829,0.14285012,0.10635411,0.0885818,0.14236042,0.10945473,0.14934279,0.0958002,0.11593802,0.16838637,0.12143865,0.055865075,0.05531636,0.13925451,0.101567574,0.11979584,0.16798635,0.20611264,0.099321224,0.093815684,0.18166101,0.20665568,0.13299322,0.0031567297,0.0033799193,0.0060771652,0.0044778106,0.0023781601,0.0037133675,0.0038891532,0.003125181,0.006046463,0.0073189246,0.0027748377,0.003462204,0.004379051,0.007223299,0.005949642,0.015017459,0.017197305,0.011228375,0.015899409,0.011064647,0.007429698,0.01487361,0.018997746,0.061035767,0.102064475,0.03387766,0.034341484,0.03058405,0.021422306,0.016093604,0.013565542,0.019251116,0.020146046,0.028792316,0.04017303,0.013739916,0.00812011,0.01595271,0.044847008,0.040110275,0.032987986,0.019710094,0.049096067,0.032144092,0.032940857,0.041091733,0.06326117,0.102007456,0.11498198,0.08931946,0.067900755,0.028409218,0.03057658,0.032608837,0.03602751,0.059882563,0.048643943,0.04412061,0.051219128,0.030813536,0.041950338,0.037296202,0.053018775,0.03334865,0.01739521,0.028503662,0.0640439,0.20962687,0.21207751,0.0794069,0.040678713,0.055532005,0.05412733,0.09876399,0.06354375,0.03323085,0.03587287,0.06347439,0.0741033,0.05849246,0.0338507,0.057161357,0.096466504,0.055822913,0.06268228,0.06674831,0.08850147,0.050810043,0.10284485,0.17077684,0.13284063,0.072219476,0.11881271,0.17398258,0.12198493,0.06754681,0.08491139,0.17919658,0.13270266,0.14232855,0.07822151,0.07190541,0.17009468,0.17207298,0.1261408,0.08375154,0.056429017,0.08997373,0.12781899,0.11907173
0.0026344715,0.0034065223,0.0012591073,0.0023394644,0.001689482,0.002775974,0.0035988027,0.0032469938,0.0073187402,0.010096139,0.010816448,0.02088441,0.028763657,0.013051492,0.013186876,0.013421713,0.012137542,0.015517523,0.07318101,0.034003627,0.01418209,0.021118972,0.05414926,0.142056,0.16348937,0.085293785,0.09617348,0.07332985,0.033482596,0.0139357215,0.03461739,0.025267899,0.014674615,0.019098844,0.07399028,0.029862551,0.021680739,0.057187505,0.030059306,0.01440449,0.022260243,0.012352097,0.008177856,0.039180543,0.04642199,0.032823995,0.053775072,0.09660386,0.058800668,0.015547742,0.044435855,0.041559763,0.041873563,0.0923543,0.05971212,0.025212938,0.0661115,0.059051592,0.076891385,0.089543216,0.06233155,0.058181893,0.09288227,0.054772608,0.0401586,0.056943916,0.04575571,0.06282553,0.1149232,0.1101202,0.051166996,0.059702378,0.05830881,0.038577367,0.044256285,0.09205444,0.107903,0.09705492,0.04988956,0.038444027,0.11486628,0.077881955,0.07423146,0.07485329,0.12129227,0.11601756,0.12418658,0.12164706,0.074778154,0.15958819,0.1420701,0.20657194,0.17649496,0.08198807,0.060946558,0.073233195,0.09607514,0.16454531,0.07653391,0.107799314,0.080004305,0.06129416,0.17404112,0.26934046,0.18737835,0.40588075,0.4192658,0.44861367,0.35747924,0.102876805,0.0033157081,0.0036360887,0.0038329344,0.00307763,0.002502947,0.0017544715,0.0009635743,0.0032737334,0.004628254,0.00840596,0.0066332645,0.00212363,0.0047967643,0.0052809166,0.003458614,0.005723889,0.0074994606,0.009072036,0.014966209,0.024609368,0.021349033,0.03390104,0.029293057,0.038977142,0.05405375,0.060789157,0.051256288,0.021522015,0.024473943,0.029409274,0.035166662,0.021024581,0.0154642565,0.037770353,0.02659842,0.025994407,0.02617634,0.024359293,0.044856153,0.027885234,0.033179246,0.108163565,0.12037026,0.103784606,0.08231872,0.058808833,0.08786601,0.096803024,0.054143727,0.15007961,0.15021232,0.08949948,0.13322026,0.13554756,0.082173504,0.08086729,0.08623454,0.037325937,0.08973691,0.111499816,0.111816496,0.09837956,0.07199829,0.16169555,0.13606614,0.14907193,0.17805886,0.1616195,0.08188763,0.08621591,0.14377142,0.18120904,0.097480595,0.045075227,0.15348278,0.11712018,0.23411925,0.42899817,0.2833261,0.22039755,0.3327368,0.20698339,0.25395837,0.12371337,0.17595232,0.25692827,0.29090112,0.25561816,0.19065718,0.15275072,0.28487012,0.49500242,0.2727344,0.25530833,0.3531411,0.21848607,0.10951194,0.32695794,0.16651492,0.13156499,0.18351376,0.16425191,0.28549564,0.3954162,0.1732918,0.16009639,0.39099938,0.28763184,0.3492625,0.31587678,0.0024456612,0.0025422857,0.008091214,0.006185092,0.0031426395,0.0036745958,0.003701489,0.004805258,0.0077080466,0.012204531,0.007085498,0.009146933,0.015715439,0.01855319,0.013706253,0.0054141507,0.009178618,0.015843503,0.019027658,0.020189147,0.017650064,0.021629121,0.026039228,0.024986757,0.04739927,0.09956971,0.0926088,0.04616384,0.023141338,0.023970047,0.06973418,0.076437704,0.028340671,0.053703718,0.062186766,0.048154704,0.06101376,0.030176606,0.027928201,0.021576835,0.03703754,0.0921584,0.12428091,0.04482904,0.037821088,0.050120655,0.15236506,0.16081981,0.12825596,0.16164812,0.18971796,0.21273693,0.20070662,0.15478776,0.13544592,0.098903894,0.12571777,0.09871412,0.11424111,0.11224518,0.09460257,0.10325484,0.029075015,0.1145422,0.1496803,0.10599289,0.12993883,0.36851895,0.14389695,0.13985537,0.09942612,0.17196895,0.32233453,0.16841589,0.18464464,0.16267101,0.22175226,0.122656025,0.10268861,0.16250564,0.43549645,0.6075565,0.31492138,0.25966734,0.3108727,0.43771705,0.21432742,0.118802294,0.1777871,0.15722069,0.16779101,0.17349643,0.3050992,0.4641968,0.26367623,0.17000279,0.14855634,0.11004315,0.49568138,0.41447732,0.5369528,0.32816362,0.44630015,0.1838025,0.23142241,0.24649876,0.1566068,0.50044674,1.1151468,0.5778289
0.0035650337,0.003387767,0.0016871233,0.0051699295,0.0075431415,0.009677413,0.005245963,0.0023967277,0.0110524865,0.010931083,0.014396036,0.015162793,0.013036886,0.006477303,0.009969869,0.011387615,0.0071431547,0.015024596,0.038172986,0.021334982,0.017809076,0.045359105,0.09777832,0.19457968,0.34047464,0.17627187,0.110001266,0.06673124,0.08355238,0.065860756,0.028277112,0.037415884,0.018237269,0.021111922,0.03551686,0.020552997,0.0072497963,0.05317167,0.08825324,0.054038826,0.021416036,0.06738429,0.028604345,0.011786661,0.021812132,0.023734238,0.02384381,0.0772287,0.05375637,0.03505017,0.04590752,0.028581426,0.06621504,0.0681926,0.04993533,0.044997357,0.026819581,0.050293703,0.052704882,0.10757625,0.07257713,0.05887112,0.056713637,0.102014296,0.10794795,0.03180094,0.10101223,0.18713242,0.18498611,0.10496024,0.14954391,0.092184596,0.07200155,0.06401886,0.053927954,0.054906886,0.089325644,0.11072506,0.09309603,0.078868136,0.06094182,0.076219894,0.06361511,0.066380076,0.061947335,0.04915942,0.06564303,0.1138672,0.099654526,0.07209828,0.15209942,0.13073668,0.15244578,0.109765336,0.077746406,0.0889028,0.088352,0.10611349,0.043986183,0.07770857,0.10633382,0.10346667,0.2822469,0.27173784,0.18153666,0.10862886,0.04020752,0.081473425,0.08744139,0.06797274,0.00165739,0.0017401415,0.0028693543,0.0010771806,0.0011682817,0.0014837584,0.00066582166,0.0012472902,0.008207522,0.013608067,0.012939806,0.0078653805,0.010193476,0.008620595,0.010490917,0.016874189,0.012999991,0.028466918,0.036704917,0.016453207,0.012530205,0.008255651,0.07035399,0.13528259,0.11287317,0.12864788,0.043586694,0.0282249,0.020699814,0.023610273,0.02074912,0.030016141,0.03618488,0.0219588,0.022162072,0.042226147,0.034243163,0.042667262,0.06109236,0.03092392,0.026916085,0.06537074,0.08272437,0.05053799,0.050051298,0.04013619,0.02809839,0.020514613,0.0468757,0.081554495,0.083490044,0.05431321,0.10389394,0.13560848,0.08311798,0.059696455,0.06602775,0.06705914,0.07368718,0.11896638,0.1469464,0.0730198,0.013436738,0.13451402,0.2662331,0.13985531,0.056838218,0.050585452,0.06408541,0.090262495,0.052733015,0.07619206,0.12783183,0.15655379,0.1535876,0.21775983,0.24486175,0.13595678,0.117609106,0.37615824,0.2242956,0.21594742,0.11607853,0.15760763,0.1390883,0.16179189,0.20976411,0.23424266,0.10703496,0.0872883,0.115099356,0.22750634,0.094426036,0.11652344,0.111861736,0.05018692,0.05045174,0.10674093,0.10908918,0.12275406,0.19896065,0.14804007,0.28423917,0.4476437,0.33074343,0.12721613,0.11630341,0.16800831,0.15710412,0.23764919,0.0005517999,0.0009527348,0.0034305726,0.005795134,0.005471239,0.0029614065,0.0011281598,0.005442233,0.009025112,0.008845559,0.018438628,0.0126955295,0.016541766,0.03910298,0.0386244,0.016157987,0.012277763,0.022902697,0.04871709,0.02655434,0.020700302,0.03441864,0.05624305,0.0760861,0.07682898,0.046396967,0.033675615,0.03292155,0.03605643,0.023928778,0.017818261,0.053404946,0.045297053,0.057153605,0.094463155,0.041933496,0.057290953,0.028154604,0.03919115,0.03191009,0.042476255,0.031762253,0.025817573,0.03447895,0.06228589,0.050280433,0.039934576,0.098453216,0.057530344,0.05211992,0.045998286,0.027420808,0.05992687,0.056348458,0.07483098,0.034981422,0.11982267,0.13441496,0.10024343,0.097098805,0.10525232,0.11863698,0.09435229,0.09100603,0.07057946,0.048534837,0.03127782,0.048085902,0.06621681,0.0953835,0.05868507,0.07613084,0.24158122,0.25678775,0.11085766,0.07916679,0.06827133,0.09812829,0.12581739,0.22865239,0.42741933,0.2744982,0.14395176,0.19613083,0.1543111,0.0816342,0.10373718,0.06548125,0.10097131,0.110383175,0.17663628,0.24349529,0.19908984,0.2722268,0.15437663,0.07420474,0.09634566,0.18104263,0.12500148,0.2913005,0.19027583,0.23628171,0.26169378,0.13388501,0.15380245,0.17673923,0.14069588,0.23262368,0.44813895,0.20991552
0.0029235857,0.0033923374,0.0029470986,0.0022078976,0.003961297,0.005057744,0.0026731195,0.0064802314,0.019293608,0.012457053,0.009284173,0.014467205,0.022368608,0.026557473,0.023962064,0.014970338,0.02312726,0.042369023,0.032210074,0.016434263,0.018090744,0.023977757,0.06255967,0.16562337,0.18451677,0.17471644,0.1330626,0.0671891,0.05342511,0.03832704,0.050054725,0.045825534,0.032696906,0.03502343,0.054960657,0.035966992,0.040532455,0.04418659,0.0658283,0.080035836,0.07048786,0.037784617,0.059717778,0.057396024,0.067344315,0.031583305,0.07758589,0.23607045,0.20862293,0.08976552,0.08729315,0.059103515,0.08343864,0.14507917,0.10572313,0.05407976,0.044539105,0.029870432,0.07795322,0.19088347,0.14625138,0.07466203,0.10168655,0.16207223,0.19488788,0.07942643,0.052555878,0.08689806,0.06843356,0.077854075,0.069165744,0.05788966,0.031430885,0.025267653,0.046421677,0.09487048,0.22379743,0.19463423,0.13707167,0.15221827,0.09742619,0.047673386,0.09965028,0.16977781,0.1597421,0.14232278,0.15532382,0.10837025,0.11185015,0.09776489,0.08638086,0.10819728,0.13502456,0.26148933,0.14783497,0.07462285,0.059556104,0.17014654,0.16747984,0.119287275,0.13221706,0.08703614,0.08816916,0.10941937,0.14746377,0.21405128,0.3200594,0.2795097,0.1748105,0.17945266,0.001865455,0.0022366534,0.0019339438,0.0028094207,0.0020011512,0.0023012485,0.0028550748,0.0025107043,0.0105006145,0.01952897,0.008422844,0.0068189367,0.01036901,0.015730597,0.021110721,0.014068401,0.012161303,0.025248097,0.03948114,0.01740888,0.012874622,0.013382153,0.02306347,0.06118804,0.121869944,0.25791663,0.16810478,0.04418859,0.061423745,0.046554003,0.028932285,0.022082845,0.035193276,0.046242233,0.04055659,0.026100647,0.023353996,0.026790436,0.040765006,0.0655278,0.05714363,0.07311933,0.04211169,0.03097955,0.079098165,0.056111827,0.047761314,0.07704365,0.12409088,0.087634616,0.09830217,0.08282193,0.079847224,0.07581994,0.11929659,0.07824112,0.060519762,0.06368584,0.11823463,0.09509064,0.10051251,0.11218606,0.06880712,0.06845476,0.26351082,0.18776242,0.06744605,0.111029446,0.06437612,0.047964532,0.06452202,0.049208444,0.054816023,0.12167423,0.09467623,0.09180327,0.09647252,0.14174919,0.2070789,0.22507255,0.1515223,0.14841275,0.15222205,0.14827347,0.085582085,0.23257764,0.14861226,0.2736293,0.3007839,0.16685463,0.10497252,0.18630256,0.11548769,0.05281493,0.046927076,0.04868706,0.23360312,0.3148546,0.18045437,0.17891717,0.2380318,0.23105423,0.23075883,0.39004818,0.30177107,0.25720444,0.26970255,0.40488687,0.16742134,0.09473402,0.0046732477,0.0046138787,0.0051545366,0.0020925864,0.0018185686,0.004281115,0.0048117484,0.0029286859,0.0045260433,0.0055614845,0.009197923,0.009511005,0.009378228,0.018520428,0.025414122,0.015024624,0.00943856,0.017711028,0.03299052,0.012503175,0.015277386,0.022354139,0.02447593,0.06987214,0.068689026,0.071703635,0.0822963,0.05190595,0.049365792,0.012010744,0.03251067,0.049037732,0.032567136,0.05376098,0.053235948,0.03249634,0.03965346,0.04015675,0.024190258,0.023770621,0.023374952,0.022894518,0.046396296,0.058151934,0.055491783,0.051219538,0.13342565,0.08070096,0.04319861,0.081849456,0.10137187,0.075521916,0.047525417,0.041795276,0.035877977,0.043475065,0.05953631,0.06465298,0.12475589,0.15554987,0.097746685,0.08290272,0.06732341,0.10369753,0.089306615,0.06211047,0.11730548,0.19482605,0.098705955,0.07581105,0.10012935,0.13112561,0.18796287,0.18181723,0.11199329,0.08069535,0.07956384,0.05971848,0.10753165,0.11294737,0.14429365,0.12416649,0.11185902,0.17360765,0.11513604,0.25878263,0.26911664,0.13540806,0.07669173,0.08573348,0.18309002,0.1447978,0.22616951,0.3487955,0.14628802,0.048595786,0.07473569,0.0586305,0.15137447,0.23584168,0.18946849,0.20594026,0.20338729,0.14397945,0.12303642,0.057260346,0.23158702,0.37505668,0.48775956,0.33410323
0.0009767602,0.0010544719,0.002177651,0.0015173388,0.004717895,0.008183078,0.0044605704,0.005939086,0.013674637,0.011787096,0.010109107,0.0072322506,0.014145129,0.01669974,0.019680949,0.008129142,0.0055880905,0.010850004,0.042013668,0.027564382,0.011852001,0.022940842,0.018805783,0.056178402,0.10039677,0.057083163,0.06598648,0.032347396,0.029088402,0.05175219,0.024758736,0.04466976,0.04436352,0.050184064,0.046286035,0.03066979,0.030510072,0.041996285,0.058960676,0.051249705,0.07853741,0.06444746,0.026455464,0.024765844,0.03906381,0.018422108,0.037104186,0.039835107,0.17133714,0.056573085,0.045663323,0.048394583,0.073325954,0.065708034,0.08173213,0.04157044,0.050659932,0.064145915,0.07321338,0.07418417,0.08259661,0.1732277,0.15477373,0.12171396,0.12128143,0.06182564,0.02933078,0.05442007,0.052989673,0.07880182,0.05647779,0.04612058,0.060350347,0.0992183,0.07688682,0.029421683,0.0907153,0.084449425,0.038153023,0.056477714,0.123278975,0.08139428,0.06375231,0.118917994,0.1617433,0.15690339,0.26363385,0.13356663,0.095014036,0.07438324,0.061693605,0.07555424,0.23815235,0.15206271,0.09430132,0.12969676,0.19242106,0.1391648,0.10107205,0.060827803,0.09725581,0.091924876,0.109520026,0.20642513,0.2864616,0.24698688,0.1293724,0.10477623,0.16082138,0.16098857,0.00079846696,0.0007873024,0.0019418498,0.002201348,0.0033318277,0.005242628,0.0034489583,0.0013283243,0.002373735,0.008089452,0.006110334,0.003171181,0.0057432,0.011302243,0.011197353,0.0064907046,0.0031573253,0.009483161,0.019216578,0.029835962,0.021902975,0.038599104,0.044344634,0.041061815,0.07366452,0.09141209,0.0638374,0.043312225,0.019289479,0.044815812,0.027890721,0.019059287,0.023746902,0.024439227,0.053771645,0.026056364,0.024915723,0.033103395,0.04208567,0.06776765,0.074244305,0.08163886,0.069936834,0.050472517,0.1132518,0.047644082,0.04430682,0.07312653,0.069721125,0.08243861,0.08516039,0.073291436,0.089512594,0.08802037,0.115552336,0.08675834,0.060657296,0.07557975,0.13592954,0.17074566,0.13737501,0.108290434,0.067281626,0.10926749,0.13644662,0.09599387,0.1281739,0.13033682,0.09929284,0.13416065,0.16946864,0.17506775,0.091705196,0.16254419,0.12120499,0.10132519,0.12260315,0.14210019,0.10791419,0.14929819,0.1566944,0.21656968,0.13476732,0.09211106,0.07960111,0.14136961,0.31947333,0.13823935,0.12616722,0.13156733,0.1359444,0.27014303,0.23123427,0.22303651,0.23025958,0.21497892,0.23430628,0.41819742,0.3595962,0.19868653,0.07767184,0.12901326,0.18663545,0.35222143,0.22799435,0.24524648,0.18585058,0.25167882,0.28217277,0.16743945,0.0015637088,0.001753635,0.005562484,0.004766636,0.0044803964,0.0044486085,0.0025681828,0.0017848962,0.0059251306,0.007974926,0.007281453,0.008442816,0.014018624,0.019884665,0.019559918,0.0053648883,0.008065979,0.019754881,0.03563391,0.018774888,0.010357788,0.0131207425,0.014499447,0.03267079,0.040150728,0.050304487,0.046633407,0.03441554,0.02861814,0.030449724,0.01770374,0.043650683,0.03518551,0.057768703,0.03588381,0.019059522,0.0062487144,0.02308459,0.038240608,0.055226382,0.06280446,0.03035479,0.036440402,0.03924599,0.034077313,0.024277244,0.035793655,0.061852682,0.07611367,0.06555338,0.059964877,0.051674437,0.06335822,0.061860263,0.062359005,0.09041071,0.06371218,0.07017984,0.059243917,0.06387091,0.08381049,0.06631094,0.09794852,0.12484807,0.05459855,0.033540063,0.052225277,0.09984383,0.053089473,0.028189499,0.06467909,0.14453669,0.103747666,0.11165782,0.08211832,0.0855863,0.13861758,0.15041052,0.17547724,0.09146249,0.15188229,0.19602911,0.11863338,0.070489034,0.09343048,0.10949937,0.19738585,0.14863357,0.15868154,0.06619282,0.16331056,0.13199554,0.1928462,0.1815475,0.06091262,0.06505231,0.12460571,0.099672735,0.1174046,0.17739396,0.26950756,0.32702017,0.14149667,0.20717183,0.19324626,0.101209216,0.09766794,0.13280174,0.15697695,0.09175311
0.005766074,0.005743756,0.010634349,0.0063775824,0.0039706714,0.00382114,0.0033478332,0.005039163,0.009618852,0.009867075,0.016325586,0.0149818035,0.027623413,0.018954609,0.03882892,0.021219753,0.011835796,0.010018297,0.033936646,0.015120929,0.018033694,0.037807427,0.121600874,0.27775803,0.3759821,0.2992695,0.13053982,0.07282215,0.038032092,0.026422843,0.03201753,0.054812033,0.035633814,0.026270406,0.020265877,0.014121803,0.04332913,0.050318707,0.0793562,0.08346802,0.042332176,0.01969045,0.036993753,0.07414142,0.10150783,0.091528125,0.08842129,0.09075969,0.13727659,0.10918313,0.061446793,0.052911628,0.1080128,0.15801753,0.14928354,0.0948904,0.16645797,0.13609569,0.11600465,0.06047506,0.06967477,0.061967544,0.13769148,0.15970388,0.09064748,0.104541376,0.06952795,0.14411893,0.13079071,0.07693739,0.16436408,0.3202926,0.38706124,0.42390785,0.32028824,0.11967389,0.08614349,0.13028502,0.12366829,0.25965166,0.22284272,0.21514378,0.24018419,0.29726446,0.1405564,0.27648687,0.15475413,0.19632857,0.10013272,0.1726487,0.1886098,0.23718643,0.24939379,0.15169363,0.07080256,0.18627301,0.23393995,0.13516447,0.09123539,0.0977574,0.28502184,0.2832548,0.22778493,0.23781653,0.122324176,0.09547103,0.13820103,0.29397747,0.5049936,0.34836528,0.004685646,0.0058794683,0.0068131806,0.0041994313,0.0033832993,0.0053433,0.006094175,0.007655056,0.011120924,0.015399207,0.0121803135,0.013825983,0.02204186,0.016712336,0.014490665,0.01672565,0.011461309,0.014998084,0.026098447,0.030674828,0.026331292,0.033231236,0.04767267,0.115030535,0.17960627,0.2119097,0.08515238,0.05986786,0.07418855,0.05561329,0.02369418,0.013736654,0.015228999,0.011398848,0.019071305,0.01230549,0.030577986,0.06495129,0.11901885,0.096312985,0.059037235,0.05538326,0.104811415,0.09578586,0.032527704,0.110690914,0.1318655,0.14195657,0.25390995,0.17533264,0.17751734,0.27632874,0.27472976,0.47800386,0.7273401,0.61389697,0.28338096,0.08048324,0.22041023,0.11304201,0.06615986,0.10505195,0.23839992,0.41579348,0.2460875,0.18633878,0.18088195,0.053469446,0.042684518,0.33829552,0.69246376,0.40713918,0.26147255,0.31564257,0.3021143,0.07094739,0.0642764,0.28869244,0.882823,1.2718006,1.1408,0.9958688,0.71764123,0.5044164,0.69380563,1.0747219,0.7495186,1.310017,1.3286065,0.3168352,0.31757075,0.7571173,0.7055878,0.60631,0.37586465,0.3723198,0.5069594,1.3467075,1.2415332,0.65676326,0.4068796,0.45047328,0.9853848,1.3905493,0.5037234,0.19259837,0.9791825,1.5027746,1.0048884,1.9426996,0.0010175143,0.001210677,0.002131612,0.0014888473,0.0014797178,0.0016199943,0.0032813526,0.0063261734,0.008452445,0.0074412166,0.008658484,0.0041686976,0.006102103,0.009744408,0.009458702,0.0047305273,0.016094595,0.030460676,0.028691197,0.014462089,0.0134556135,0.032114085,0.04254882,0.117349826,0.13631137,0.18622777,0.07459298,0.050667718,0.050881565,0.023260457,0.030333798,0.10789077,0.0799078,0.039605826,0.052020505,0.05643864,0.08148814,0.060294725,0.08492307,0.19054325,0.17559719,0.106738485,0.025411962,0.037172824,0.083580926,0.14225842,0.25782174,0.096845314,0.058092494,0.16541739,0.08113792,0.1893832,0.38526955,0.37155807,0.33449578,0.15558298,0.13804579,0.13425468,0.22209242,0.1352594,0.051861875,0.13109717,0.53442305,1.3229964,0.70355815,0.17823459,0.13873765,0.36372545,0.08717304,0.13110697,0.24613397,0.172859,0.21294673,0.49177313,0.70775187,0.9308557,0.94645846,0.59186316,0.3422342,0.46293193,0.6499553,0.6289448,0.45024475,0.14581795,0.2008805,0.5697057,0.72301406,0.4326619,0.23160784,0.4001526,0.47450146,0.59261316,0.4442807,0.36944616,0.27042395,0.39132035,0.65101516,1.7526911,0.9661531,0.23780409,0.83575827,0.83078814,0.7281423,0.95668346,0.49679998,0.17884232,0.25180018,0.5905608,1.2276012,0.76972675
