Unnamed: 0,ID,Número da Trajetória,Overlap,Sequência Trajetória,N pontos trajetória,Blocos MATLAB,N blocos,Duração estimulação sensorial (s),Duração estimulação sensorial fórmula pretendida (s),Tempo 1,Tempo 2,Tempo 1 Corrigido,Tempo 3
0,ID_07,1,0.0,"[13, 9, 5, 1, 2, 3, 7, 11, 12, 8, 4]",11,"[1, 4, 6, 8, 9, 11]",5,2.5,2.5,2019-01-09 10:35:13.350996,2019-01-09 10:35:13.350996,2019-01-09 10:35:10.850996,2019-01-09 10:35:28.371997
1,ID_07,2,0.0,"[13, 14, 10, 11, 12, 8, 4, 3, 2]",9,"[1, 2, 3, 5, 7, 9]",5,2.5,2.5,2019-01-09 10:36:41.562004,2019-01-09 10:36:41.315999,2019-01-09 10:36:38.815999,2019-01-09 10:36:56.570995
2,ID_07,3,0.0,"[13, 9, 5, 6, 10, 14, 15, 16, 12, 8, 4]",11,"[1, 3, 4, 6, 8, 11]",5,2.5,2.5,2019-01-09 10:38:09.797997,2019-01-09 10:38:09.797997,2019-01-09 10:38:07.297997,2019-01-09 10:38:24.804997
3,ID_07,4,0.0,"[13, 14, 15, 11, 10, 9, 5, 6, 7, 8, 4, 3, 2, 1]",14,"[1, 3, 4, 6, 7, 10, 11, 14]",7,3.5,3.5,2019-01-09 10:39:40.802995,2019-01-09 10:39:40.802995,2019-01-09 10:39:37.302995,2019-01-09 10:39:55.808999
4,ID_07,5,0.0,"[13, 9, 10, 11, 15, 16, 12, 8, 4, 3, 2, 1, 5]",13,"[1, 2, 4, 5, 6, 9, 12, 13]",7,3.5,3.5,2019-01-09 10:41:08.273995,2019-01-09 10:41:08.273995,2019-01-09 10:41:04.773995,2019-01-09 10:41:23.282001
5,ID_07,6,0.0,"[13, 9, 5, 1, 2, 6, 10, 14, 15, 16, 12, 8, 4, 3, 7, 11]",16,"[1, 4, 5, 8, 10, 13, 14, 16]",7,3.5,3.5,2019-01-09 10:42:33.268998,2019-01-09 10:42:33.268998,2019-01-09 10:42:29.768998,2019-01-09 10:42:48.275998
6,ID_07,7,0.0,"[13, 9, 10, 14, 15, 16, 12, 8, 4, 3, 7, 6, 5, 1]",14,"[1, 2, 3, 4, 6, 9, 10, 11, 13, 14]",9,4.5,4.5,2019-01-09 10:43:59.731001,2019-01-09 10:43:59.484996,2019-01-09 10:43:54.984996,2019-01-09 10:44:14.736995
7,ID_07,8,0.0,"[13, 14, 15, 16, 12, 11, 7, 8, 3, 2, 1, 5, 9, 10]",14,"[1, 4, 5, 6, 7, 11, 13, 14]",7,3.5,3.5,2019-01-09 10:45:25.946004,2019-01-09 10:45:25.946004,2019-01-09 10:45:22.446004,2019-01-09 10:45:40.953999
8,ID_07,9,0.0,"[13, 9, 5, 6, 10, 11, 11, 15, 16, 12, 8, 4, 3, 7]",14,"[1, 3, 4, 5, 8, 9, 12, 13, 14]",8,4.0,4.0,2019-01-09 10:46:51.413997,2019-01-09 10:46:51.413997,2019-01-09 10:46:47.413997,2019-01-09 10:47:06.420001
9,ID_07,1,0.25,"[13, 9, 5, 1, 2, 3, 7, 11, 12, 8, 4]",11,"[1, 4, 6, 8, 9, 11]",5,1.875,2.0,2019-01-09 10:48:18.758001,2019-01-09 10:48:18.513002,2019-01-09 10:48:16.638002,2019-01-09 10:48:33.765001
10,ID_07,2,0.25,"[13, 14, 10, 11, 12, 8, 4, 3, 2]",9,"[1, 2, 3, 5, 7, 9]",5,1.875,2.0,2019-01-09 10:49:43.599997,2019-01-09 10:49:43.354998,2019-01-09 10:49:41.479998,2019-01-09 10:49:58.608003
11,ID_07,3,0.25,"[13, 9, 5, 6, 10, 14, 15, 16, 12, 8, 4]",11,"[1, 3, 4, 6, 8, 11]",5,1.875,2.0,2019-01-09 10:51:09.815995,2019-01-09 10:51:09.815995,2019-01-09 10:51:07.940995,2019-01-09 10:51:24.823005
12,ID_07,4,0.25,"[13, 14, 15, 11, 10, 9, 5, 6, 7, 8, 4, 3, 2, 1]",14,"[1, 3, 4, 6, 7, 10, 11, 14]",7,2.625,2.75,2019-01-09 10:52:35.909996,2019-01-09 10:52:35.664996,2019-01-09 10:52:33.039996,2019-01-09 10:52:50.918002
13,ID_07,5,0.25,"[13, 9, 10, 11, 15, 16, 12, 8, 4, 3, 2, 1, 5]",13,"[1, 2, 4, 5, 6, 9, 12, 13]",7,2.625,2.75,2019-01-09 10:54:00.876997,2019-01-09 10:54:00.876997,2019-01-09 10:53:58.251997,2019-01-09 10:54:15.883996
14,ID_07,6,0.25,"[13, 9, 5, 1, 2, 6, 10, 14, 15, 16, 12, 8, 4, 3, 7, 11]",16,"[1, 4, 5, 8, 10, 13, 14, 16]",7,2.625,2.75,2019-01-09 10:55:23.099001,2019-01-09 10:55:23.099001,2019-01-09 10:55:20.474001,2019-01-09 10:55:38.106000
15,ID_07,7,0.25,"[13, 9, 10, 14, 15, 16, 12, 8, 4, 3, 7, 6, 5, 1]",14,"[1, 2, 3, 4, 6, 9, 10, 11, 13, 14]",9,3.375,3.5,2019-01-09 10:56:45.329001,2019-01-09 10:56:45.329001,2019-01-09 10:56:41.954001,2019-01-09 10:57:00.336001
16,ID_07,8,0.25,"[13, 14, 15, 16, 12, 11, 7, 8, 3, 2, 1, 5, 9, 10]",14,"[1, 4, 5, 6, 7, 11, 13, 14]",7,2.625,2.75,2019-01-09 10:58:08.056998,2019-01-09 10:58:08.056998,2019-01-09 10:58:05.431998,2019-01-09 10:58:23.063997
17,ID_07,9,0.25,"[13, 9, 5, 6, 10, 11, 11, 15, 16, 12, 8, 4, 3, 7]",14,"[1, 3, 4, 5, 8, 9, 12, 13, 14]",8,3.0,3.125,2019-01-09 10:59:32.531001,2019-01-09 10:59:32.531001,2019-01-09 10:59:29.531001,2019-01-09 10:59:47.538001
18,ID_07,1,0.5,"[13, 9, 5, 1, 2, 3, 7, 11, 12, 8, 4]",11,"[1, 4, 6, 8, 9, 11]",5,1.25,1.5,2019-01-09 11:00:58.254998,2019-01-09 11:00:58.254998,2019-01-09 11:00:57.004998,2019-01-09 11:01:13.261998
19,ID_07,2,0.5,"[13, 14, 10, 11, 12, 8, 4, 3, 2]",9,"[1, 2, 3, 5, 7, 9]",5,1.25,1.5,2019-01-09 11:02:23.102003,2019-01-09 11:02:22.855998,2019-01-09 11:02:21.605998,2019-01-09 11:02:38.109003
20,ID_07,3,0.5,"[13, 9, 5, 6, 10, 14, 15, 16, 12, 8, 4]",11,"[1, 3, 4, 6, 8, 11]",5,1.25,1.5,2019-01-09 11:03:48.832005,2019-01-09 11:03:48.832005,2019-01-09 11:03:47.582005,2019-01-09 11:04:03.839005
21,ID_07,4,0.5,"[13, 14, 15, 11, 10, 9, 5, 6, 7, 8, 4, 3, 2, 1]",14,"[1, 3, 4, 6, 7, 10, 11, 14]",7,1.75,2.0,2019-01-09 11:05:16.054002,2019-01-09 11:05:16.054002,2019-01-09 11:05:14.304002,2019-01-09 11:05:31.061002
22,ID_07,5,0.5,"[13, 9, 10, 11, 15, 16, 12, 8, 4, 3, 2, 1, 5]",13,"[1, 2, 4, 5, 6, 9, 12, 13]",7,1.75,2.0,2019-01-09 11:06:39.780997,2019-01-09 11:06:39.780997,2019-01-09 11:06:38.030997,2019-01-09 11:06:54.787997
23,ID_07,6,0.5,"[13, 9, 5, 1, 2, 6, 10, 14, 15, 16, 12, 8, 4, 3, 7, 11]",16,"[1, 4, 5, 8, 10, 13, 14, 16]",7,1.75,2.0,2019-01-09 11:08:05.144002,2019-01-09 11:08:04.897997,2019-01-09 11:08:03.147997,2019-01-09 11:08:20.151002
24,ID_07,7,0.5,"[13, 9, 10, 14, 15, 16, 12, 8, 4, 3, 7, 6, 5, 1]",14,"[1, 2, 3, 4, 6, 9, 10, 11, 13, 14]",9,2.25,2.5,2019-01-09 11:09:33.010001,2019-01-09 11:09:32.763996,2019-01-09 11:09:30.513996,2019-01-09 11:09:48.017001
25,ID_07,8,0.5,"[13, 14, 15, 16, 12, 11, 7, 8, 3, 2, 1, 5, 9, 10]",14,"[1, 4, 5, 6, 7, 11, 13, 14]",7,1.75,2.0,2019-01-09 11:11:00.747999,2019-01-09 11:11:00.747999,2019-01-09 11:10:58.997999,2019-01-09 11:11:15.754002
26,ID_07,9,0.5,"[13, 9, 5, 6, 10, 11, 11, 15, 16, 12, 8, 4, 3, 7]",14,"[1, 3, 4, 5, 8, 9, 12, 13, 14]",8,2.0,2.25,2019-01-09 11:12:29.101000,2019-01-09 11:12:28.856000,2019-01-09 11:12:26.856000,2019-01-09 11:12:44.107003
27,ID_07,1,0.0,"[13, 9, 5, 1, 2, 3, 7, 11, 12, 8, 4]",11,"[1, 4, 6, 8, 9, 11]",5,2.5,2.5,2019-01-09 10:35:43.059998,2019-01-09 10:35:43.059998,2019-01-09 10:35:40.559998,2019-01-09 10:35:58.073002
28,ID_07,2,0.0,"[13, 14, 10, 11, 12, 8, 4, 3, 2]",9,"[1, 2, 3, 5, 7, 9]",5,2.5,2.5,2019-01-09 10:37:10.350995,2019-01-09 10:37:10.105995,2019-01-09 10:37:07.605995,2019-01-09 10:37:25.363004
29,ID_07,3,0.0,"[13, 9, 5, 6, 10, 14, 15, 16, 12, 8, 4]",11,"[1, 3, 4, 6, 8, 11]",5,2.5,2.5,2019-01-09 10:38:40.470995,2019-01-09 10:38:40.470995,2019-01-09 10:38:37.970995,2019-01-09 10:38:55.476999
30,ID_07,4,0.0,"[13, 14, 15, 11, 10, 9, 5, 6, 7, 8, 4, 3, 2, 1]",14,"[1, 3, 4, 6, 7, 10, 11, 14]",7,3.5,3.5,2019-01-09 10:40:10.459996,2019-01-09 10:40:10.459996,2019-01-09 10:40:06.959996,2019-01-09 10:40:25.466996
31,ID_07,5,0.0,"[13, 9, 10, 11, 15, 16, 12, 8, 4, 3, 2, 1, 5]",13,"[1, 2, 4, 5, 6, 9, 12, 13]",7,3.5,3.5,2019-01-09 10:41:36.460002,2019-01-09 10:41:36.460002,2019-01-09 10:41:32.960002,2019-01-09 10:41:51.467002
32,ID_07,6,0.0,"[13, 9, 5, 1, 2, 6, 10, 14, 15, 16, 12, 8, 4, 3, 7, 11]",16,"[1, 4, 5, 8, 10, 13, 14, 16]",7,3.5,3.5,2019-01-09 10:43:01.924003,2019-01-09 10:43:01.924003,2019-01-09 10:42:58.424003,2019-01-09 10:43:16.929996
33,ID_07,7,0.0,"[13, 9, 10, 14, 15, 16, 12, 8, 4, 3, 7, 6, 5, 1]",14,"[1, 2, 3, 4, 6, 9, 10, 11, 13, 14]",9,4.5,4.5,2019-01-09 10:44:28.889001,2019-01-09 10:44:28.642995,2019-01-09 10:44:24.142995,2019-01-09 10:44:43.895005
34,ID_07,8,0.0,"[13, 14, 15, 16, 12, 11, 7, 8, 3, 2, 1, 5, 9, 10]",14,"[1, 4, 5, 6, 7, 11, 13, 14]",7,3.5,3.5,2019-01-09 10:45:53.851002,2019-01-09 10:45:53.851002,2019-01-09 10:45:50.351002,2019-01-09 10:46:08.858002
35,ID_07,9,0.0,"[13, 9, 5, 6, 10, 11, 11, 15, 16, 12, 8, 4, 3, 7]",14,"[1, 3, 4, 5, 8, 9, 12, 13, 14]",8,4.0,4.0,2019-01-09 10:47:21.068000,2019-01-09 10:47:21.068000,2019-01-09 10:47:17.068000,2019-01-09 10:47:36.075000
36,ID_07,1,0.25,"[13, 9, 5, 1, 2, 3, 7, 11, 12, 8, 4]",11,"[1, 4, 6, 8, 9, 11]",5,1.875,2.0,2019-01-09 10:48:46.786998,2019-01-09 10:48:46.541003,2019-01-09 10:48:44.666003,2019-01-09 10:49:01.793998
37,ID_07,2,0.25,"[13, 14, 10, 11, 12, 8, 4, 3, 2]",9,"[1, 2, 3, 5, 7, 9]",5,1.875,2.0,2019-01-09 10:50:12.378005,2019-01-09 10:50:12.134001,2019-01-09 10:50:10.259001,2019-01-09 10:50:27.385004
38,ID_07,3,0.25,"[13, 9, 5, 6, 10, 14, 15, 16, 12, 8, 4]",11,"[1, 3, 4, 6, 8, 11]",5,1.875,2.0,2019-01-09 10:51:38.470004,2019-01-09 10:51:38.470004,2019-01-09 10:51:36.595004,2019-01-09 10:51:53.477004
39,ID_07,4,0.25,"[13, 14, 15, 11, 10, 9, 5, 6, 7, 8, 4, 3, 2, 1]",14,"[1, 3, 4, 6, 7, 10, 11, 14]",7,2.625,2.75,2019-01-09 10:53:04.693002,2019-01-09 10:53:04.448003,2019-01-09 10:53:01.823003,2019-01-09 10:53:19.700002
40,ID_07,5,0.25,"[13, 9, 10, 11, 15, 16, 12, 8, 4, 3, 2, 1, 5]",13,"[1, 2, 4, 5, 6, 9, 12, 13]",7,2.625,2.75,2019-01-09 10:54:28.281998,2019-01-09 10:54:28.281998,2019-01-09 10:54:25.656998,2019-01-09 10:54:43.288997
41,ID_07,6,0.25,"[13, 9, 5, 1, 2, 6, 10, 14, 15, 16, 12, 8, 4, 3, 7, 11]",16,"[1, 4, 5, 8, 10, 13, 14, 16]",7,2.625,2.75,2019-01-09 10:55:50.506004,2019-01-09 10:55:50.506004,2019-01-09 10:55:47.881004,2019-01-09 10:56:05.513003
42,ID_07,7,0.25,"[13, 9, 10, 14, 15, 16, 12, 8, 4, 3, 7, 6, 5, 1]",14,"[1, 2, 3, 4, 6, 9, 10, 11, 13, 14]",9,3.375,3.5,2019-01-09 10:57:12.736004,2019-01-09 10:57:12.736004,2019-01-09 10:57:09.361004,2019-01-09 10:57:27.744000
43,ID_07,8,0.25,"[13, 14, 15, 16, 12, 11, 7, 8, 3, 2, 1, 5, 9, 10]",14,"[1, 4, 5, 6, 7, 11, 13, 14]",7,2.625,2.75,2019-01-09 10:58:35.966995,2019-01-09 10:58:35.966995,2019-01-09 10:58:33.341995,2019-01-09 10:58:50.972999
44,ID_07,9,0.25,"[13, 9, 5, 6, 10, 11, 11, 15, 16, 12, 8, 4, 3, 7]",14,"[1, 3, 4, 5, 8, 9, 12, 13, 14]",8,3.0,3.125,2019-01-09 11:00:01.192996,2019-01-09 11:00:01.194002,2019-01-09 10:59:58.194002,2019-01-09 11:00:16.199000
45,ID_07,1,0.5,"[13, 9, 5, 1, 2, 3, 7, 11, 12, 8, 4]",11,"[1, 4, 6, 8, 9, 11]",5,1.25,1.5,2019-01-09 11:01:26.663001,2019-01-09 11:01:26.663001,2019-01-09 11:01:25.413001,2019-01-09 11:01:41.670001
46,ID_07,2,0.5,"[13, 14, 10, 11, 12, 8, 4, 3, 2]",9,"[1, 2, 3, 5, 7, 9]",5,1.25,1.5,2019-01-09 11:02:51.138001,2019-01-09 11:02:50.893001,2019-01-09 11:02:49.643001,2019-01-09 11:03:06.145001
47,ID_07,3,0.5,"[13, 9, 5, 6, 10, 14, 15, 16, 12, 8, 4]",11,"[1, 3, 4, 6, 8, 11]",5,1.25,1.5,2019-01-09 11:04:18.490997,2019-01-09 11:04:18.490997,2019-01-09 11:04:17.240997,2019-01-09 11:04:33.499003
48,ID_07,4,0.5,"[13, 14, 15, 11, 10, 9, 5, 6, 7, 8, 4, 3, 2, 1]",14,"[1, 3, 4, 6, 7, 10, 11, 14]",7,1.75,2.0,2019-01-09 11:05:43.961998,2019-01-09 11:05:43.961998,2019-01-09 11:05:42.211998,2019-01-09 11:05:58.968998
49,ID_07,5,0.5,"[13, 9, 10, 11, 15, 16, 12, 8, 4, 3, 2, 1, 5]",13,"[1, 2, 4, 5, 6, 9, 12, 13]",7,1.75,2.0,2019-01-09 11:07:07.692996,2019-01-09 11:07:07.692996,2019-01-09 11:07:05.942996,2019-01-09 11:07:22.699000
50,ID_07,6,0.5,"[13, 9, 5, 1, 2, 6, 10, 14, 15, 16, 12, 8, 4, 3, 7, 11]",16,"[1, 4, 5, 8, 10, 13, 14, 16]",7,1.75,2.0,2019-01-09 11:08:34.680002,2019-01-09 11:08:34.435002,2019-01-09 11:08:32.685002,2019-01-09 11:08:49.687002
51,ID_07,7,0.5,"[13, 9, 10, 14, 15, 16, 12, 8, 4, 3, 7, 6, 5, 1]",14,"[1, 2, 3, 4, 6, 9, 10, 11, 13, 14]",9,2.25,2.5,2019-01-09 11:10:01.806999,2019-01-09 11:10:01.561999,2019-01-09 11:09:59.311999,2019-01-09 11:10:16.813998
52,ID_07,8,0.5,"[13, 14, 15, 16, 12, 11, 7, 8, 3, 2, 1, 5, 9, 10]",14,"[1, 4, 5, 6, 7, 11, 13, 14]",7,1.75,2.0,2019-01-09 11:11:30.906998,2019-01-09 11:11:30.906998,2019-01-09 11:11:29.156998,2019-01-09 11:11:45.913998
53,ID_07,9,0.5,"[13, 9, 5, 6, 10, 11, 11, 15, 16, 12, 8, 4, 3, 7]",14,"[1, 3, 4, 5, 8, 9, 12, 13, 14]",8,2.0,2.25,2019-01-09 11:12:57.136997,2019-01-09 11:12:56.891997,2019-01-09 11:12:54.891997,2019-01-09 11:13:12.143001
54,ID_07,1,0.0,"[13, 9, 5, 1, 2, 3, 7, 11, 12, 8, 4]",11,"[1, 4, 6, 8, 9, 11]",5,2.5,2.5,2019-01-09 10:36:12.764001,2019-01-09 10:36:12.764001,2019-01-09 10:36:10.264001,2019-01-09 10:36:27.773998
55,ID_07,2,0.0,"[13, 14, 10, 11, 12, 8, 4, 3, 2]",9,"[1, 2, 3, 5, 7, 9]",5,2.5,2.5,2019-01-09 10:37:39.136999,2019-01-09 10:37:38.893005,2019-01-09 10:37:36.393005,2019-01-09 10:37:54.145004
56,ID_07,3,0.0,"[13, 9, 5, 6, 10, 14, 15, 16, 12, 8, 4]",11,"[1, 3, 4, 6, 8, 11]",5,2.5,2.5,2019-01-09 10:39:11.127005,2019-01-09 10:39:11.127005,2019-01-09 10:39:08.627005,2019-01-09 10:39:26.134004
57,ID_07,4,0.0,"[13, 14, 15, 11, 10, 9, 5, 6, 7, 8, 4, 3, 2, 1]",14,"[1, 3, 4, 6, 7, 10, 11, 14]",7,3.5,3.5,2019-01-09 10:40:40.116001,2019-01-09 10:40:40.116001,2019-01-09 10:40:36.616001,2019-01-09 10:40:55.123001
58,ID_07,5,0.0,"[13, 9, 10, 11, 15, 16, 12, 8, 4, 3, 2, 1, 5]",13,"[1, 2, 4, 5, 6, 9, 12, 13]",7,3.5,3.5,2019-01-09 10:42:04.615995,2019-01-09 10:42:04.615995,2019-01-09 10:42:01.115995,2019-01-09 10:42:19.623005
59,ID_07,6,0.0,"[13, 9, 5, 1, 2, 6, 10, 14, 15, 16, 12, 8, 4, 3, 7, 11]",16,"[1, 4, 5, 8, 10, 13, 14, 16]",7,3.5,3.5,2019-01-09 10:43:30.576995,2019-01-09 10:43:30.576995,2019-01-09 10:43:27.076995,2019-01-09 10:43:45.582999
60,ID_07,7,0.0,"[13, 9, 10, 14, 15, 16, 12, 8, 4, 3, 7, 6, 5, 1]",14,"[1, 2, 3, 4, 6, 9, 10, 11, 13, 14]",9,4.5,4.5,2019-01-09 10:44:58.040995,2019-01-09 10:44:57.795995,2019-01-09 10:44:53.295995,2019-01-09 10:45:13.048005
61,ID_07,8,0.0,"[13, 14, 15, 16, 12, 11, 7, 8, 3, 2, 1, 5, 9, 10]",14,"[1, 4, 5, 6, 7, 11, 13, 14]",7,3.5,3.5,2019-01-09 10:46:21.755005,2019-01-09 10:46:21.755005,2019-01-09 10:46:18.255005,2019-01-09 10:46:36.762004
62,ID_07,9,0.0,"[13, 9, 5, 6, 10, 11, 11, 15, 16, 12, 8, 4, 3, 7]",14,"[1, 3, 4, 5, 8, 9, 12, 13, 14]",8,4.0,4.0,2019-01-09 10:47:50.722004,2019-01-09 10:47:50.722004,2019-01-09 10:47:46.722004,2019-01-09 10:48:05.727997
63,ID_07,1,0.25,"[13, 9, 5, 1, 2, 3, 7, 11, 12, 8, 4]",11,"[1, 4, 6, 8, 9, 11]",5,1.875,2.0,2019-01-09 10:49:14.817001,2019-01-09 10:49:14.572001,2019-01-09 10:49:12.697001,2019-01-09 10:49:29.824001
64,ID_07,2,0.25,"[13, 14, 10, 11, 12, 8, 4, 3, 2]",9,"[1, 2, 3, 5, 7, 9]",5,1.875,2.0,2019-01-09 10:50:41.163002,2019-01-09 10:50:40.916997,2019-01-09 10:50:39.041997,2019-01-09 10:50:56.168996
65,ID_07,3,0.25,"[13, 9, 5, 6, 10, 14, 15, 16, 12, 8, 4]",11,"[1, 3, 4, 6, 8, 11]",5,1.875,2.0,2019-01-09 10:52:07.127996,2019-01-09 10:52:07.127996,2019-01-09 10:52:05.252996,2019-01-09 10:52:22.134995
66,ID_07,4,0.25,"[13, 14, 15, 11, 10, 9, 5, 6, 7, 8, 4, 3, 2, 1]",14,"[1, 3, 4, 6, 7, 10, 11, 14]",7,2.625,2.75,2019-01-09 10:53:33.471995,2019-01-09 10:53:33.228001,2019-01-09 10:53:30.603001,2019-01-09 10:53:48.479005
67,ID_07,5,0.25,"[13, 9, 10, 11, 15, 16, 12, 8, 4, 3, 2, 1, 5]",13,"[1, 2, 4, 5, 6, 9, 12, 13]",7,2.625,2.75,2019-01-09 10:54:55.689001,2019-01-09 10:54:55.689001,2019-01-09 10:54:53.064001,2019-01-09 10:55:10.696000
68,ID_07,6,0.25,"[13, 9, 5, 1, 2, 6, 10, 14, 15, 16, 12, 8, 4, 3, 7, 11]",16,"[1, 4, 5, 8, 10, 13, 14, 16]",7,2.625,2.75,2019-01-09 10:56:17.916004,2019-01-09 10:56:17.916004,2019-01-09 10:56:15.291004,2019-01-09 10:56:32.921998
69,ID_07,7,0.25,"[13, 9, 10, 14, 15, 16, 12, 8, 4, 3, 7, 6, 5, 1]",14,"[1, 2, 3, 4, 6, 9, 10, 11, 13, 14]",9,3.375,3.5,2019-01-09 10:57:40.144003,2019-01-09 10:57:40.144003,2019-01-09 10:57:36.769003,2019-01-09 10:57:55.149997
70,ID_07,8,0.25,"[13, 14, 15, 16, 12, 11, 7, 8, 3, 2, 1, 5, 9, 10]",14,"[1, 4, 5, 6, 7, 11, 13, 14]",7,2.625,2.75,2019-01-09 10:59:03.875001,2019-01-09 10:59:03.875001,2019-01-09 10:59:01.250001,2019-01-09 10:59:18.881005
71,ID_07,9,0.25,"[13, 9, 5, 6, 10, 11, 11, 15, 16, 12, 8, 4, 3, 7]",14,"[1, 3, 4, 5, 8, 9, 12, 13, 14]",8,3.0,3.125,2019-01-09 11:00:29.850002,2019-01-09 11:00:29.850002,2019-01-09 11:00:26.850002,2019-01-09 11:00:44.855996
72,ID_07,1,0.5,"[13, 9, 5, 1, 2, 3, 7, 11, 12, 8, 4]",11,"[1, 4, 6, 8, 9, 11]",5,1.25,1.5,2019-01-09 11:01:55.069999,2019-01-09 11:01:55.069999,2019-01-09 11:01:53.819999,2019-01-09 11:02:10.076998
73,ID_07,2,0.5,"[13, 14, 10, 11, 12, 8, 4, 3, 2]",9,"[1, 2, 3, 5, 7, 9]",5,1.25,1.5,2019-01-09 11:03:19.175004,2019-01-09 11:03:18.931000,2019-01-09 11:03:17.681000,2019-01-09 11:03:34.182004
74,ID_07,3,0.5,"[13, 9, 5, 6, 10, 14, 15, 16, 12, 8, 4]",11,"[1, 3, 4, 6, 8, 11]",5,1.25,1.5,2019-01-09 11:04:48.147002,2019-01-09 11:04:48.147002,2019-01-09 11:04:46.897002,2019-01-09 11:05:03.154002
75,ID_07,4,0.5,"[13, 14, 15, 11, 10, 9, 5, 6, 7, 8, 4, 3, 2, 1]",14,"[1, 3, 4, 6, 7, 10, 11, 14]",7,1.75,2.0,2019-01-09 11:06:11.871000,2019-01-09 11:06:11.871996,2019-01-09 11:06:10.121996,2019-01-09 11:06:26.877999
76,ID_07,5,0.5,"[13, 9, 10, 11, 15, 16, 12, 8, 4, 3, 2, 1, 5]",13,"[1, 2, 4, 5, 6, 9, 12, 13]",7,1.75,2.0,2019-01-09 11:07:35.606001,2019-01-09 11:07:35.606001,2019-01-09 11:07:33.856001,2019-01-09 11:07:50.611995
77,ID_07,6,0.5,"[13, 9, 5, 1, 2, 6, 10, 14, 15, 16, 12, 8, 4, 3, 7, 11]",16,"[1, 4, 5, 8, 10, 13, 14, 16]",7,1.75,2.0,2019-01-09 11:09:04.214000,2019-01-09 11:09:03.969000,2019-01-09 11:09:02.219000,2019-01-09 11:09:19.220999
78,ID_07,7,0.5,"[13, 9, 10, 14, 15, 16, 12, 8, 4, 3, 7, 6, 5, 1]",14,"[1, 2, 3, 4, 6, 9, 10, 11, 13, 14]",9,2.25,2.5,2019-01-09 11:10:30.591001,2019-01-09 11:10:30.346997,2019-01-09 11:10:28.096997,2019-01-09 11:10:45.597005
79,ID_07,8,0.5,"[13, 14, 15, 16, 12, 11, 7, 8, 3, 2, 1, 5, 9, 10]",14,"[1, 4, 5, 6, 7, 11, 13, 14]",7,1.75,2.0,2019-01-09 11:12:01.065002,2019-01-09 11:12:01.065002,2019-01-09 11:11:59.315002,2019-01-09 11:12:16.072002
80,ID_07,9,0.5,"[13, 9, 5, 6, 10, 11, 11, 15, 16, 12, 8, 4, 3, 7]",14,"[1, 3, 4, 5, 8, 9, 12, 13, 14]",8,2.0,2.25,2019-01-09 11:13:25.176002,2019-01-09 11:13:24.931998,2019-01-09 11:13:22.931998,2019-01-09 11:13:40.183002
81,ID_10,1,0.0,"[13, 9, 5, 1, 2, 3, 7, 11, 12, 8, 4]",11,"[1, 4, 6, 8, 9, 11]",5,2.5,2.5,2019-01-09 19:28:03.858003,2019-01-09 19:28:03.858003,2019-01-09 19:28:01.358003,2019-01-09 19:28:18.879999
82,ID_10,2,0.0,"[13, 14, 10, 11, 12, 8, 4, 3, 2]",9,"[1, 2, 3, 5, 7, 9]",5,2.5,2.5,2019-01-09 19:29:27.194998,2019-01-09 19:29:27.194998,2019-01-09 19:29:24.694998,2019-01-09 19:29:42.203003
83,ID_10,3,0.0,"[13, 9, 5, 6, 10, 14, 15, 16, 12, 8, 4]",11,"[1, 3, 4, 6, 8, 11]",5,2.5,2.5,2019-01-09 19:30:50.798004,2019-01-09 19:30:50.553005,2019-01-09 19:30:48.053005,2019-01-09 19:31:05.803998
84,ID_10,4,0.0,"[13, 14, 15, 11, 10, 9, 5, 6, 7, 8, 4, 3, 2, 1]",14,"[1, 3, 4, 6, 7, 10, 11, 14]",7,3.5,3.5,2019-01-09 19:32:16.258997,2019-01-09 19:32:16.258997,2019-01-09 19:32:12.758997,2019-01-09 19:32:31.265001
85,ID_10,5,0.0,"[13, 9, 10, 11, 15, 16, 12, 8, 4, 3, 2, 1, 5]",13,"[1, 2, 4, 5, 6, 9, 12, 13]",7,3.5,3.5,2019-01-09 19:33:41.603002,2019-01-09 19:33:41.358003,2019-01-09 19:33:37.858003,2019-01-09 19:33:56.610002
86,ID_10,6,0.0,"[13, 9, 5, 1, 2, 6, 10, 14, 15, 16, 12, 8, 4, 3, 7, 11]",16,"[1, 4, 5, 8, 10, 13, 14, 16]",7,3.5,3.5,2019-01-09 19:35:09.328004,2019-01-09 19:35:09.328004,2019-01-09 19:35:05.828004,2019-01-09 19:35:24.336996
87,ID_10,7,0.0,"[13, 9, 10, 14, 15, 16, 12, 8, 4, 3, 7, 6, 5, 1]",14,"[1, 2, 3, 4, 6, 9, 10, 11, 13, 14]",9,4.5,4.5,2019-01-09 19:36:36.298997,2019-01-09 19:36:36.298997,2019-01-09 19:36:31.798997,2019-01-09 19:36:51.305001
88,ID_10,8,0.0,"[13, 14, 15, 16, 12, 11, 7, 8, 3, 2, 1, 5, 9, 10]",14,"[1, 4, 5, 6, 7, 11, 13, 14]",7,3.5,3.5,2019-01-09 19:38:04.404997,2019-01-09 19:38:04.159997,2019-01-09 19:38:00.659997,2019-01-09 19:38:19.411996
89,ID_10,9,0.0,"[13, 9, 5, 6, 10, 11, 11, 15, 16, 12, 8, 4, 3, 7]",14,"[1, 3, 4, 5, 8, 9, 12, 13, 14]",8,4.0,4.0,2019-01-09 19:39:31.621995,2019-01-09 19:39:31.621995,2019-01-09 19:39:27.621995,2019-01-09 19:39:46.630001
90,ID_10,1,0.25,"[13, 9, 5, 1, 2, 3, 7, 11, 12, 8, 4]",11,"[1, 4, 6, 8, 9, 11]",5,1.875,2.0,2019-01-09 19:41:00.592001,2019-01-09 19:41:00.592001,2019-01-09 19:40:58.717001,2019-01-09 19:41:15.597995
91,ID_10,2,0.25,"[13, 14, 10, 11, 12, 8, 4, 3, 2]",9,"[1, 2, 3, 5, 7, 9]",5,1.875,2.0,2019-01-09 19:42:28.567998,2019-01-09 19:42:28.567998,2019-01-09 19:42:26.692998,2019-01-09 19:42:43.574997
92,ID_10,3,0.25,"[13, 9, 5, 6, 10, 14, 15, 16, 12, 8, 4]",11,"[1, 3, 4, 6, 8, 11]",5,1.875,2.0,2019-01-09 19:43:53.296999,2019-01-09 19:43:53.296999,2019-01-09 19:43:51.421999,2019-01-09 19:44:08.303003
93,ID_10,4,0.25,"[13, 14, 15, 11, 10, 9, 5, 6, 7, 8, 4, 3, 2, 1]",14,"[1, 3, 4, 6, 7, 10, 11, 14]",7,2.625,2.75,2019-01-09 19:45:16.138996,2019-01-09 19:45:15.893000,2019-01-09 19:45:13.268000,2019-01-09 19:45:31.145995
94,ID_10,5,0.25,"[13, 9, 10, 11, 15, 16, 12, 8, 4, 3, 2, 1, 5]",13,"[1, 2, 4, 5, 6, 9, 12, 13]",7,2.625,2.75,2019-01-09 19:46:41.856998,2019-01-09 19:46:41.856998,2019-01-09 19:46:39.231998,2019-01-09 19:46:56.863998
95,ID_10,6,0.25,"[13, 9, 5, 1, 2, 6, 10, 14, 15, 16, 12, 8, 4, 3, 7, 11]",16,"[1, 4, 5, 8, 10, 13, 14, 16]",7,2.625,2.75,2019-01-09 19:48:10.326997,2019-01-09 19:48:10.081001,2019-01-09 19:48:07.456001,2019-01-09 19:48:25.333001
96,ID_10,7,0.25,"[13, 9, 10, 14, 15, 16, 12, 8, 4, 3, 7, 6, 5, 1]",14,"[1, 2, 3, 4, 6, 9, 10, 11, 13, 14]",9,3.375,3.5,2019-01-09 19:49:39.304004,2019-01-09 19:49:39.304004,2019-01-09 19:49:35.929004,2019-01-09 19:49:54.309998
97,ID_10,8,0.25,"[13, 14, 15, 16, 12, 11, 7, 8, 3, 2, 1, 5, 9, 10]",14,"[1, 4, 5, 6, 7, 11, 13, 14]",7,2.625,2.75,2019-01-09 19:51:10.787002,2019-01-09 19:51:10.787002,2019-01-09 19:51:08.162002,2019-01-09 19:51:25.792996
98,ID_10,9,0.25,"[13, 9, 5, 6, 10, 11, 11, 15, 16, 12, 8, 4, 3, 7]",14,"[1, 3, 4, 5, 8, 9, 12, 13, 14]",8,3.0,3.125,2019-01-09 19:52:39.150996,2019-01-09 19:52:38.905001,2019-01-09 19:52:35.905001,2019-01-09 19:52:54.157000
99,ID_10,1,0.5,"[13, 9, 5, 1, 2, 3, 7, 11, 12, 8, 4]",11,"[1, 4, 6, 8, 9, 11]",5,1.25,1.5,2019-01-09 19:54:03.256002,2019-01-09 19:54:03.011002,2019-01-09 19:54:01.761002,2019-01-09 19:54:18.261996
100,ID_10,2,0.5,"[13, 14, 10, 11, 12, 8, 4, 3, 2]",9,"[1, 2, 3, 5, 7, 9]",5,1.25,1.5,2019-01-09 19:55:27.748000,2019-01-09 19:55:27.748000,2019-01-09 19:55:26.498000,2019-01-09 19:55:42.755000
101,ID_10,3,0.5,"[13, 9, 5, 6, 10, 14, 15, 16, 12, 8, 4]",11,"[1, 3, 4, 6, 8, 11]",5,1.25,1.5,2019-01-09 19:56:53.228999,2019-01-09 19:56:53.228999,2019-01-09 19:56:51.978999,2019-01-09 19:57:08.235003
102,ID_10,4,0.5,"[13, 14, 15, 11, 10, 9, 5, 6, 7, 8, 4, 3, 2, 1]",14,"[1, 3, 4, 6, 7, 10, 11, 14]",7,1.75,2.0,2019-01-09 19:58:18.467995,2019-01-09 19:58:18.467995,2019-01-09 19:58:16.717995,2019-01-09 19:58:33.475005
103,ID_10,5,0.5,"[13, 9, 10, 11, 15, 16, 12, 8, 4, 3, 2, 1, 5]",13,"[1, 2, 4, 5, 6, 9, 12, 13]",7,1.75,2.0,2019-01-09 19:59:43.091002,2019-01-09 19:59:42.846003,2019-01-09 19:59:41.096003,2019-01-09 19:59:58.096996
104,ID_10,6,0.5,"[13, 9, 5, 1, 2, 6, 10, 14, 15, 16, 12, 8, 4, 3, 7, 11]",16,"[1, 4, 5, 8, 10, 13, 14, 16]",7,1.75,2.0,2019-01-09 20:01:08.822996,2019-01-09 20:01:08.822996,2019-01-09 20:01:07.072996,2019-01-09 20:01:23.829995
105,ID_10,7,0.5,"[13, 9, 10, 14, 15, 16, 12, 8, 4, 3, 7, 6, 5, 1]",14,"[1, 2, 3, 4, 6, 9, 10, 11, 13, 14]",9,2.25,2.5,2019-01-09 20:02:33.948997,2019-01-09 20:02:33.703998,2019-01-09 20:02:31.453998,2019-01-09 20:02:48.955997
106,ID_10,8,0.5,"[13, 14, 15, 16, 12, 11, 7, 8, 3, 2, 1, 5, 9, 10]",14,"[1, 4, 5, 6, 7, 11, 13, 14]",7,1.75,2.0,2019-01-09 20:03:59.438003,2019-01-09 20:03:59.438003,2019-01-09 20:03:57.688003,2019-01-09 20:04:14.443996
107,ID_10,9,0.5,"[13, 9, 5, 6, 10, 11, 11, 15, 16, 12, 8, 4, 3, 7]",14,"[1, 3, 4, 5, 8, 9, 12, 13, 14]",8,2.0,2.25,2019-01-09 20:05:22.674998,2019-01-09 20:05:22.674998,2019-01-09 20:05:20.674998,2019-01-09 20:05:37.681002
108,ID_10,1,0.0,"[13, 9, 5, 1, 2, 3, 7, 11, 12, 8, 4]",11,"[1, 4, 6, 8, 9, 11]",5,2.5,2.5,2019-01-09 19:28:31.815998,2019-01-09 19:28:31.815998,2019-01-09 19:28:29.315998,2019-01-09 19:28:46.829999
109,ID_10,2,0.0,"[13, 14, 10, 11, 12, 8, 4, 3, 2]",9,"[1, 2, 3, 5, 7, 9]",5,2.5,2.5,2019-01-09 19:29:54.609001,2019-01-09 19:29:54.609001,2019-01-09 19:29:52.109001,2019-01-09 19:30:09.620004
110,ID_10,3,0.0,"[13, 9, 5, 6, 10, 14, 15, 16, 12, 8, 4]",11,"[1, 3, 4, 6, 8, 11]",5,2.5,2.5,2019-01-09 19:31:19.576002,2019-01-09 19:31:19.331002,2019-01-09 19:31:16.831002,2019-01-09 19:31:34.583001
111,ID_10,4,0.0,"[13, 14, 15, 11, 10, 9, 5, 6, 7, 8, 4, 3, 2, 1]",14,"[1, 3, 4, 6, 7, 10, 11, 14]",7,3.5,3.5,2019-01-09 19:32:44.160999,2019-01-09 19:32:44.160999,2019-01-09 19:32:40.660999,2019-01-09 19:32:59.167002
112,ID_10,5,0.0,"[13, 9, 10, 11, 15, 16, 12, 8, 4, 3, 2, 1, 5]",13,"[1, 2, 4, 5, 6, 9, 12, 13]",7,3.5,3.5,2019-01-09 19:34:11.137996,2019-01-09 19:34:10.892001,2019-01-09 19:34:07.392001,2019-01-09 19:34:26.144996
113,ID_10,6,0.0,"[13, 9, 5, 1, 2, 6, 10, 14, 15, 16, 12, 8, 4, 3, 7, 11]",16,"[1, 4, 5, 8, 10, 13, 14, 16]",7,3.5,3.5,2019-01-09 19:35:37.987002,2019-01-09 19:35:37.987002,2019-01-09 19:35:34.487002,2019-01-09 19:35:52.994002
114,ID_10,7,0.0,"[13, 9, 10, 14, 15, 16, 12, 8, 4, 3, 7, 6, 5, 1]",14,"[1, 2, 3, 4, 6, 9, 10, 11, 13, 14]",9,4.5,4.5,2019-01-09 19:37:05.955998,2019-01-09 19:37:05.955998,2019-01-09 19:37:01.455998,2019-01-09 19:37:20.962997
115,ID_10,8,0.0,"[13, 14, 15, 16, 12, 11, 7, 8, 3, 2, 1, 5, 9, 10]",14,"[1, 4, 5, 6, 7, 11, 13, 14]",7,3.5,3.5,2019-01-09 19:38:33.186997,2019-01-09 19:38:32.941997,2019-01-09 19:38:29.441997,2019-01-09 19:38:48.193997
116,ID_10,9,0.0,"[13, 9, 5, 6, 10, 11, 11, 15, 16, 12, 8, 4, 3, 7]",14,"[1, 3, 4, 5, 8, 9, 12, 13, 14]",8,4.0,4.0,2019-01-09 19:40:01.277004,2019-01-09 19:40:01.277004,2019-01-09 19:39:57.277004,2019-01-09 19:40:16.284004
117,ID_10,1,0.25,"[13, 9, 5, 1, 2, 3, 7, 11, 12, 8, 4]",11,"[1, 4, 6, 8, 9, 11]",5,1.875,2.0,2019-01-09 19:41:30.252995,2019-01-09 19:41:30.252995,2019-01-09 19:41:28.377995,2019-01-09 19:41:45.258999
118,ID_10,2,0.25,"[13, 14, 10, 11, 12, 8, 4, 3, 2]",9,"[1, 2, 3, 5, 7, 9]",5,1.875,2.0,2019-01-09 19:42:57.221996,2019-01-09 19:42:57.223002,2019-01-09 19:42:55.348002,2019-01-09 19:43:12.228996
119,ID_10,3,0.25,"[13, 9, 5, 6, 10, 14, 15, 16, 12, 8, 4]",11,"[1, 3, 4, 6, 8, 11]",5,1.875,2.0,2019-01-09 19:44:20.702000,2019-01-09 19:44:20.702000,2019-01-09 19:44:18.827000,2019-01-09 19:44:35.708004
120,ID_10,4,0.25,"[13, 14, 15, 11, 10, 9, 5, 6, 7, 8, 4, 3, 2, 1]",14,"[1, 3, 4, 6, 7, 10, 11, 14]",7,2.625,2.75,2019-01-09 19:45:44.168999,2019-01-09 19:45:43.923003,2019-01-09 19:45:41.298003,2019-01-09 19:45:59.175003
121,ID_10,5,0.25,"[13, 9, 10, 11, 15, 16, 12, 8, 4, 3, 2, 1, 5]",13,"[1, 2, 4, 5, 6, 9, 12, 13]",7,2.625,2.75,2019-01-09 19:47:11.511001,2019-01-09 19:47:11.511001,2019-01-09 19:47:08.886001,2019-01-09 19:47:26.516995
122,ID_10,6,0.25,"[13, 9, 5, 1, 2, 6, 10, 14, 15, 16, 12, 8, 4, 3, 7, 11]",16,"[1, 4, 5, 8, 10, 13, 14, 16]",7,2.625,2.75,2019-01-09 19:48:39.488003,2019-01-09 19:48:39.243004,2019-01-09 19:48:36.618004,2019-01-09 19:48:54.493997
123,ID_10,7,0.25,"[13, 9, 10, 14, 15, 16, 12, 8, 4, 3, 7, 6, 5, 1]",14,"[1, 2, 3, 4, 6, 9, 10, 11, 13, 14]",9,3.375,3.5,2019-01-09 19:50:09.970001,2019-01-09 19:50:09.970001,2019-01-09 19:50:06.595001,2019-01-09 19:50:24.977001
124,ID_10,8,0.25,"[13, 14, 15, 16, 12, 11, 7, 8, 3, 2, 1, 5, 9, 10]",14,"[1, 4, 5, 6, 7, 11, 13, 14]",7,2.625,2.75,2019-01-09 19:51:40.955003,2019-01-09 19:51:40.955003,2019-01-09 19:51:38.330003,2019-01-09 19:51:55.960997
125,ID_10,9,0.25,"[13, 9, 5, 6, 10, 11, 11, 15, 16, 12, 8, 4, 3, 7]",14,"[1, 3, 4, 5, 8, 9, 12, 13, 14]",8,3.0,3.125,2019-01-09 19:53:07.183997,2019-01-09 19:53:06.938997,2019-01-09 19:53:03.938997,2019-01-09 19:53:22.190001
126,ID_10,1,0.5,"[13, 9, 5, 1, 2, 3, 7, 11, 12, 8, 4]",11,"[1, 4, 6, 8, 9, 11]",5,1.25,1.5,2019-01-09 19:54:31.287996,2019-01-09 19:54:31.042997,2019-01-09 19:54:29.792997,2019-01-09 19:54:46.294000
127,ID_10,2,0.5,"[13, 14, 10, 11, 12, 8, 4, 3, 2]",9,"[1, 2, 3, 5, 7, 9]",5,1.25,1.5,2019-01-09 19:55:56.156999,2019-01-09 19:55:56.156999,2019-01-09 19:55:54.906999,2019-01-09 19:56:11.163999
128,ID_10,3,0.5,"[13, 9, 5, 6, 10, 14, 15, 16, 12, 8, 4]",11,"[1, 3, 4, 6, 8, 11]",5,1.25,1.5,2019-01-09 19:57:21.892995,2019-01-09 19:57:21.892995,2019-01-09 19:57:20.642995,2019-01-09 19:57:36.899995
129,ID_10,4,0.5,"[13, 14, 15, 11, 10, 9, 5, 6, 7, 8, 4, 3, 2, 1]",14,"[1, 3, 4, 6, 7, 10, 11, 14]",7,1.75,2.0,2019-01-09 19:58:46.380004,2019-01-09 19:58:46.380004,2019-01-09 19:58:44.630004,2019-01-09 19:59:01.387004
130,ID_10,5,0.5,"[13, 9, 10, 11, 15, 16, 12, 8, 4, 3, 2, 1, 5]",13,"[1, 2, 4, 5, 6, 9, 12, 13]",7,1.75,2.0,2019-01-09 20:00:11.878002,2019-01-09 20:00:11.633002,2019-01-09 20:00:09.883002,2019-01-09 20:00:26.885001
131,ID_10,6,0.5,"[13, 9, 5, 1, 2, 6, 10, 14, 15, 16, 12, 8, 4, 3, 7, 11]",16,"[1, 4, 5, 8, 10, 13, 14, 16]",7,1.75,2.0,2019-01-09 20:01:36.993000,2019-01-09 20:01:36.993000,2019-01-09 20:01:35.243000,2019-01-09 20:01:51.999999
132,ID_10,7,0.5,"[13, 9, 10, 14, 15, 16, 12, 8, 4, 3, 7, 6, 5, 1]",14,"[1, 2, 3, 4, 6, 9, 10, 11, 13, 14]",9,2.25,2.5,2019-01-09 20:03:02.742997,2019-01-09 20:03:02.499003,2019-01-09 20:03:00.249003,2019-01-09 20:03:17.749997
133,ID_10,8,0.5,"[13, 14, 15, 16, 12, 11, 7, 8, 3, 2, 1, 5, 9, 10]",14,"[1, 4, 5, 6, 7, 11, 13, 14]",7,1.75,2.0,2019-01-09 20:04:27.347004,2019-01-09 20:04:27.347004,2019-01-09 20:04:25.597004,2019-01-09 20:04:42.354004
134,ID_10,9,0.5,"[13, 9, 5, 6, 10, 11, 11, 15, 16, 12, 8, 4, 3, 7]",14,"[1, 3, 4, 5, 8, 9, 12, 13, 14]",8,2.0,2.25,2019-01-09 20:05:50.082997,2019-01-09 20:05:50.082997,2019-01-09 20:05:48.082997,2019-01-09 20:06:05.089997
135,ID_10,1,0.0,"[13, 9, 5, 1, 2, 3, 7, 11, 12, 8, 4]",11,"[1, 4, 6, 8, 9, 11]",5,2.5,2.5,2019-01-09 19:28:59.772998,2019-01-09 19:28:59.772998,2019-01-09 19:28:57.272998,2019-01-09 19:29:14.781004
136,ID_10,2,0.0,"[13, 14, 10, 11, 12, 8, 4, 3, 2]",9,"[1, 2, 3, 5, 7, 9]",5,2.5,2.5,2019-01-09 19:30:22.014998,2019-01-09 19:30:22.014998,2019-01-09 19:30:19.514998,2019-01-09 19:30:37.021998
137,ID_10,3,0.0,"[13, 9, 5, 6, 10, 14, 15, 16, 12, 8, 4]",11,"[1, 3, 4, 6, 8, 11]",5,2.5,2.5,2019-01-09 19:31:48.353999,2019-01-09 19:31:48.108999,2019-01-09 19:31:45.608999,2019-01-09 19:32:03.360003
138,ID_10,4,0.0,"[13, 14, 15, 11, 10, 9, 5, 6, 7, 8, 4, 3, 2, 1]",14,"[1, 3, 4, 6, 7, 10, 11, 14]",7,3.5,3.5,2019-01-09 19:33:12.065997,2019-01-09 19:33:12.065997,2019-01-09 19:33:08.565997,2019-01-09 19:33:27.072997
139,ID_10,5,0.0,"[13, 9, 10, 11, 15, 16, 12, 8, 4, 3, 2, 1, 5]",13,"[1, 2, 4, 5, 6, 9, 12, 13]",7,3.5,3.5,2019-01-09 19:34:40.675001,2019-01-09 19:34:40.428996,2019-01-09 19:34:36.928996,2019-01-09 19:34:55.680995
140,ID_10,6,0.0,"[13, 9, 5, 1, 2, 6, 10, 14, 15, 16, 12, 8, 4, 3, 7, 11]",16,"[1, 4, 5, 8, 10, 13, 14, 16]",7,3.5,3.5,2019-01-09 19:36:06.643002,2019-01-09 19:36:06.643002,2019-01-09 19:36:03.143002,2019-01-09 19:36:21.648996
141,ID_10,7,0.0,"[13, 9, 10, 14, 15, 16, 12, 8, 4, 3, 7, 6, 5, 1]",14,"[1, 2, 3, 4, 6, 9, 10, 11, 13, 14]",9,4.5,4.5,2019-01-09 19:37:35.607999,2019-01-09 19:37:35.607999,2019-01-09 19:37:31.107999,2019-01-09 19:37:50.614003
142,ID_10,8,0.0,"[13, 14, 15, 16, 12, 11, 7, 8, 3, 2, 1, 5, 9, 10]",14,"[1, 4, 5, 6, 7, 11, 13, 14]",7,3.5,3.5,2019-01-09 19:39:01.968998,2019-01-09 19:39:01.723998,2019-01-09 19:38:58.223998,2019-01-09 19:39:16.975001
143,ID_10,9,0.0,"[13, 9, 5, 6, 10, 11, 11, 15, 16, 12, 8, 4, 3, 7]",14,"[1, 3, 4, 5, 8, 9, 12, 13, 14]",8,4.0,4.0,2019-01-09 19:40:30.935001,2019-01-09 19:40:30.935001,2019-01-09 19:40:26.935001,2019-01-09 19:40:45.942000
144,ID_10,1,0.25,"[13, 9, 5, 1, 2, 3, 7, 11, 12, 8, 4]",11,"[1, 4, 6, 8, 9, 11]",5,1.875,2.0,2019-01-09 19:41:59.908004,2019-01-09 19:41:59.908004,2019-01-09 19:41:58.033004,2019-01-09 19:42:14.916000
145,ID_10,2,0.25,"[13, 14, 10, 11, 12, 8, 4, 3, 2]",9,"[1, 2, 3, 5, 7, 9]",5,1.875,2.0,2019-01-09 19:43:25.891002,2019-01-09 19:43:25.891002,2019-01-09 19:43:24.016002,2019-01-09 19:43:40.898997
146,ID_10,3,0.25,"[13, 9, 5, 6, 10, 14, 15, 16, 12, 8, 4]",11,"[1, 3, 4, 6, 8, 11]",5,1.875,2.0,2019-01-09 19:44:48.105996,2019-01-09 19:44:48.105996,2019-01-09 19:44:46.230996,2019-01-09 19:45:03.112995
147,ID_10,4,0.25,"[13, 14, 15, 11, 10, 9, 5, 6, 7, 8, 4, 3, 2, 1]",14,"[1, 3, 4, 6, 7, 10, 11, 14]",7,2.625,2.75,2019-01-09 19:46:12.201003,2019-01-09 19:46:11.954998,2019-01-09 19:46:09.329998,2019-01-09 19:46:27.206997
148,ID_10,5,0.25,"[13, 9, 10, 11, 15, 16, 12, 8, 4, 3, 2, 1, 5]",13,"[1, 2, 4, 5, 6, 9, 12, 13]",7,2.625,2.75,2019-01-09 19:47:41.166000,2019-01-09 19:47:41.166000,2019-01-09 19:47:38.541000,2019-01-09 19:47:56.173000
149,ID_10,6,0.25,"[13, 9, 5, 1, 2, 6, 10, 14, 15, 16, 12, 8, 4, 3, 7, 11]",16,"[1, 4, 5, 8, 10, 13, 14, 16]",7,2.625,2.75,2019-01-09 19:49:08.646998,2019-01-09 19:49:08.403005,2019-01-09 19:49:05.778005,2019-01-09 19:49:23.653002
150,ID_10,7,0.25,"[13, 9, 10, 14, 15, 16, 12, 8, 4, 3, 7, 6, 5, 1]",14,"[1, 2, 3, 4, 6, 9, 10, 11, 13, 14]",9,3.375,3.5,2019-01-09 19:50:40.626996,2019-01-09 19:50:40.628002,2019-01-09 19:50:37.253002,2019-01-09 19:50:55.635998
151,ID_10,8,0.25,"[13, 14, 15, 16, 12, 11, 7, 8, 3, 2, 1, 5, 9, 10]",14,"[1, 4, 5, 6, 7, 11, 13, 14]",7,2.625,2.75,2019-01-09 19:52:11.119002,2019-01-09 19:52:11.119002,2019-01-09 19:52:08.494002,2019-01-09 19:52:26.126002
152,ID_10,9,0.25,"[13, 9, 5, 6, 10, 11, 11, 15, 16, 12, 8, 4, 3, 7]",14,"[1, 3, 4, 5, 8, 9, 12, 13, 14]",8,3.0,3.125,2019-01-09 19:53:35.216001,2019-01-09 19:53:34.971997,2019-01-09 19:53:31.971997,2019-01-09 19:53:50.223001
153,ID_10,1,0.5,"[13, 9, 5, 1, 2, 3, 7, 11, 12, 8, 4]",11,"[1, 4, 6, 8, 9, 11]",5,1.25,1.5,2019-01-09 19:54:59.329999,2019-01-09 19:54:59.084999,2019-01-09 19:54:57.834999,2019-01-09 19:55:14.336998
154,ID_10,2,0.5,"[13, 14, 10, 11, 12, 8, 4, 3, 2]",9,"[1, 2, 3, 5, 7, 9]",5,1.25,1.5,2019-01-09 19:56:24.567999,2019-01-09 19:56:24.567999,2019-01-09 19:56:23.317999,2019-01-09 19:56:39.574003
155,ID_10,3,0.5,"[13, 9, 5, 6, 10, 14, 15, 16, 12, 8, 4]",11,"[1, 3, 4, 6, 8, 11]",5,1.25,1.5,2019-01-09 19:57:50.555996,2019-01-09 19:57:50.555996,2019-01-09 19:57:49.305996,2019-01-09 19:58:05.562996
156,ID_10,4,0.5,"[13, 14, 15, 11, 10, 9, 5, 6, 7, 8, 4, 3, 2, 1]",14,"[1, 3, 4, 6, 7, 10, 11, 14]",7,1.75,2.0,2019-01-09 19:59:14.297002,2019-01-09 19:59:14.297002,2019-01-09 19:59:12.547002,2019-01-09 19:59:29.304998
157,ID_10,5,0.5,"[13, 9, 10, 11, 15, 16, 12, 8, 4, 3, 2, 1, 5]",13,"[1, 2, 4, 5, 6, 9, 12, 13]",7,1.75,2.0,2019-01-09 20:00:40.662004,2019-01-09 20:00:40.417004,2019-01-09 20:00:38.667004,2019-01-09 20:00:55.669003
158,ID_10,6,0.5,"[13, 9, 5, 1, 2, 6, 10, 14, 15, 16, 12, 8, 4, 3, 7, 11]",16,"[1, 4, 5, 8, 10, 13, 14, 16]",7,1.75,2.0,2019-01-09 20:02:05.156003,2019-01-09 20:02:05.156003,2019-01-09 20:02:03.406003,2019-01-09 20:02:20.163003
159,ID_10,7,0.5,"[13, 9, 10, 14, 15, 16, 12, 8, 4, 3, 7, 6, 5, 1]",14,"[1, 2, 3, 4, 6, 9, 10, 11, 13, 14]",9,2.25,2.5,2019-01-09 20:03:31.527995,2019-01-09 20:03:31.282995,2019-01-09 20:03:29.032995,2019-01-09 20:03:46.533999
160,ID_10,8,0.5,"[13, 14, 15, 16, 12, 11, 7, 8, 3, 2, 1, 5, 9, 10]",14,"[1, 4, 5, 6, 7, 11, 13, 14]",7,1.75,2.0,2019-01-09 20:04:55.261005,2019-01-09 20:04:55.261005,2019-01-09 20:04:53.511005,2019-01-09 20:05:10.269000
161,ID_10,9,0.5,"[13, 9, 5, 6, 10, 11, 11, 15, 16, 12, 8, 4, 3, 7]",14,"[1, 3, 4, 5, 8, 9, 12, 13, 14]",8,2.0,2.25,2019-01-09 20:06:17.497000,2019-01-09 20:06:17.497996,2019-01-09 20:06:15.497996,2019-01-09 20:06:32.506002
162,ID_17,1,0.0,"[13, 9, 5, 1, 2, 3, 7, 11, 12, 8, 4]",11,"[1, 4, 6, 8, 9, 11]",5,2.5,2.5,2019-01-15 17:28:45.763002,2019-01-15 17:28:45.763002,2019-01-15 17:28:43.263002,2019-01-15 17:29:00.789998
163,ID_17,2,0.0,"[13, 14, 10, 11, 12, 8, 4, 3, 2]",9,"[1, 2, 3, 5, 7, 9]",5,2.5,2.5,2019-01-15 17:30:11.979996,2019-01-15 17:30:11.734001,2019-01-15 17:30:09.234001,2019-01-15 17:30:26.988002
164,ID_17,3,0.0,"[13, 9, 5, 6, 10, 14, 15, 16, 12, 8, 4]",11,"[1, 3, 4, 6, 8, 11]",5,2.5,2.5,2019-01-15 17:31:38.316995,2019-01-15 17:31:38.071995,2019-01-15 17:31:35.571995,2019-01-15 17:31:53.322999
165,ID_17,4,0.0,"[13, 14, 15, 11, 10, 9, 5, 6, 7, 8, 4, 3, 2, 1]",14,"[1, 3, 4, 6, 7, 10, 11, 14]",7,3.5,3.5,2019-01-15 17:33:03.768996,2019-01-15 17:33:03.768996,2019-01-15 17:33:00.268996,2019-01-15 17:33:18.775000
166,ID_17,5,0.0,"[13, 9, 10, 11, 15, 16, 12, 8, 4, 3, 2, 1, 5]",13,"[1, 2, 4, 5, 6, 9, 12, 13]",7,3.5,3.5,2019-01-15 17:34:29.229003,2019-01-15 17:34:29.229003,2019-01-15 17:34:25.729003,2019-01-15 17:34:44.236003
167,ID_17,6,0.0,"[13, 9, 5, 1, 2, 6, 10, 14, 15, 16, 12, 8, 4, 3, 7, 11]",16,"[1, 4, 5, 8, 10, 13, 14, 16]",7,3.5,3.5,2019-01-15 17:35:55.935000,2019-01-15 17:35:55.935996,2019-01-15 17:35:52.435996,2019-01-15 17:36:10.942000
168,ID_17,7,0.0,"[13, 9, 10, 14, 15, 16, 12, 8, 4, 3, 7, 6, 5, 1]",14,"[1, 2, 3, 4, 6, 9, 10, 11, 13, 14]",9,4.5,4.5,2019-01-15 17:37:18.645998,2019-01-15 17:37:18.645998,2019-01-15 17:37:14.145998,2019-01-15 17:37:33.654004
169,ID_17,8,0.0,"[13, 14, 15, 16, 12, 11, 7, 8, 3, 2, 1, 5, 9, 10]",14,"[1, 4, 5, 6, 7, 11, 13, 14]",7,3.5,3.5,2019-01-15 17:38:43.596996,2019-01-15 17:38:43.353002,2019-01-15 17:38:39.853002,2019-01-15 17:38:58.603995
170,ID_17,9,0.0,"[13, 9, 5, 6, 10, 11, 11, 15, 16, 12, 8, 4, 3, 7]",14,"[1, 3, 4, 5, 8, 9, 12, 13, 14]",8,4.0,4.0,2019-01-15 17:40:11.570005,2019-01-15 17:40:11.570005,2019-01-15 17:40:07.570005,2019-01-15 17:40:26.577004
171,ID_17,1,0.25,"[13, 9, 5, 1, 2, 3, 7, 11, 12, 8, 4]",11,"[1, 4, 6, 8, 9, 11]",5,1.875,2.0,2019-01-15 17:41:40.399004,2019-01-15 17:41:40.152998,2019-01-15 17:41:38.277998,2019-01-15 17:41:55.404998
172,ID_17,2,0.25,"[13, 14, 10, 11, 12, 8, 4, 3, 2]",9,"[1, 2, 3, 5, 7, 9]",5,1.875,2.0,2019-01-15 17:43:09.105000,2019-01-15 17:43:09.105000,2019-01-15 17:43:07.230000,2019-01-15 17:43:24.112000
173,ID_17,3,0.25,"[13, 9, 5, 6, 10, 14, 15, 16, 12, 8, 4]",11,"[1, 3, 4, 6, 8, 11]",5,1.875,2.0,2019-01-15 17:44:36.305996,2019-01-15 17:44:36.305996,2019-01-15 17:44:34.430996,2019-01-15 17:44:51.312000
174,ID_17,4,0.25,"[13, 14, 15, 11, 10, 9, 5, 6, 7, 8, 4, 3, 2, 1]",14,"[1, 3, 4, 6, 7, 10, 11, 14]",7,2.625,2.75,2019-01-15 17:46:00.258005,2019-01-15 17:46:00.258005,2019-01-15 17:45:57.633005,2019-01-15 17:46:15.263999
175,ID_17,5,0.25,"[13, 9, 10, 11, 15, 16, 12, 8, 4, 3, 2, 1, 5]",13,"[1, 2, 4, 5, 6, 9, 12, 13]",7,2.625,2.75,2019-01-15 17:47:24.467999,2019-01-15 17:47:24.467999,2019-01-15 17:47:21.842999,2019-01-15 17:47:39.474998
176,ID_17,6,0.25,"[13, 9, 5, 1, 2, 6, 10, 14, 15, 16, 12, 8, 4, 3, 7, 11]",16,"[1, 4, 5, 8, 10, 13, 14, 16]",7,2.625,2.75,2019-01-15 17:48:48.933000,2019-01-15 17:48:48.933000,2019-01-15 17:48:46.308000,2019-01-15 17:49:03.939004
177,ID_17,7,0.25,"[13, 9, 10, 14, 15, 16, 12, 8, 4, 3, 7, 6, 5, 1]",14,"[1, 2, 3, 4, 6, 9, 10, 11, 13, 14]",9,3.375,3.5,2019-01-15 17:50:16.389003,2019-01-15 17:50:16.389003,2019-01-15 17:50:13.014003,2019-01-15 17:50:31.394001
178,ID_17,8,0.25,"[13, 14, 15, 16, 12, 11, 7, 8, 3, 2, 1, 5, 9, 10]",14,"[1, 4, 5, 6, 7, 11, 13, 14]",7,2.625,2.75,2019-01-15 17:51:45.468001,2019-01-15 17:51:45.221996,2019-01-15 17:51:42.596996,2019-01-15 17:52:00.473995
179,ID_17,9,0.25,"[13, 9, 5, 6, 10, 11, 11, 15, 16, 12, 8, 4, 3, 7]",14,"[1, 3, 4, 5, 8, 9, 12, 13, 14]",8,3.0,3.125,2019-01-15 17:53:12.677003,2019-01-15 17:53:12.677003,2019-01-15 17:53:09.677003,2019-01-15 17:53:27.682997
180,ID_17,1,0.5,"[13, 9, 5, 1, 2, 3, 7, 11, 12, 8, 4]",11,"[1, 4, 6, 8, 9, 11]",5,1.25,1.5,2019-01-15 17:54:40.396996,2019-01-15 17:54:40.396996,2019-01-15 17:54:39.146996,2019-01-15 17:54:55.405002
181,ID_17,2,0.5,"[13, 14, 10, 11, 12, 8, 4, 3, 2]",9,"[1, 2, 3, 5, 7, 9]",5,1.25,1.5,2019-01-15 17:56:05.227003,2019-01-15 17:56:04.982003,2019-01-15 17:56:03.732003,2019-01-15 17:56:20.234002
182,ID_17,3,0.5,"[13, 9, 5, 6, 10, 14, 15, 16, 12, 8, 4]",11,"[1, 3, 4, 6, 8, 11]",5,1.25,1.5,2019-01-15 17:57:31.935997,2019-01-15 17:57:31.935997,2019-01-15 17:57:30.685997,2019-01-15 17:57:46.940995
183,ID_17,4,0.5,"[13, 14, 15, 11, 10, 9, 5, 6, 7, 8, 4, 3, 2, 1]",14,"[1, 3, 4, 6, 7, 10, 11, 14]",7,1.75,2.0,2019-01-15 17:59:00.642004,2019-01-15 17:59:00.642004,2019-01-15 17:58:58.892004,2019-01-15 17:59:15.649003
184,ID_17,5,0.5,"[13, 9, 10, 11, 15, 16, 12, 8, 4, 3, 2, 1, 5]",13,"[1, 2, 4, 5, 6, 9, 12, 13]",7,1.75,2.0,2019-01-15 18:00:24.233996,2019-01-15 18:00:23.988997,2019-01-15 18:00:22.238997,2019-01-15 18:00:39.242002
185,ID_17,6,0.5,"[13, 9, 5, 1, 2, 6, 10, 14, 15, 16, 12, 8, 4, 3, 7, 11]",16,"[1, 4, 5, 8, 10, 13, 14, 16]",7,1.75,2.0,2019-01-15 18:01:49.820004,2019-01-15 18:01:49.575004,2019-01-15 18:01:47.825004,2019-01-15 18:02:04.827003
186,ID_17,7,0.5,"[13, 9, 10, 14, 15, 16, 12, 8, 4, 3, 7, 6, 5, 1]",14,"[1, 2, 3, 4, 6, 9, 10, 11, 13, 14]",9,2.25,2.5,2019-01-15 18:03:13.294999,2019-01-15 18:03:13.294999,2019-01-15 18:03:11.044999,2019-01-15 18:03:28.301003
187,ID_17,8,0.5,"[13, 14, 15, 16, 12, 11, 7, 8, 3, 2, 1, 5, 9, 10]",14,"[1, 4, 5, 6, 7, 11, 13, 14]",7,1.75,2.0,2019-01-15 18:04:36.133998,2019-01-15 18:04:35.888998,2019-01-15 18:04:34.138998,2019-01-15 18:04:51.142004
188,ID_17,9,0.5,"[13, 9, 5, 6, 10, 11, 11, 15, 16, 12, 8, 4, 3, 7]",14,"[1, 3, 4, 5, 8, 9, 12, 13, 14]",8,2.0,2.25,2019-01-15 18:06:00.850004,2019-01-15 18:06:00.850004,2019-01-15 18:05:58.850004,2019-01-15 18:06:15.855002
189,ID_17,1,0.0,"[13, 9, 5, 1, 2, 3, 7, 11, 12, 8, 4]",11,"[1, 4, 6, 8, 9, 11]",5,2.5,2.5,2019-01-15 17:29:14.481002,2019-01-15 17:29:14.481002,2019-01-15 17:29:11.981002,2019-01-15 17:29:29.498995
190,ID_17,2,0.0,"[13, 14, 10, 11, 12, 8, 4, 3, 2]",9,"[1, 2, 3, 5, 7, 9]",5,2.5,2.5,2019-01-15 17:30:40.758999,2019-01-15 17:30:40.514995,2019-01-15 17:30:38.014995,2019-01-15 17:30:55.768996
191,ID_17,3,0.0,"[13, 9, 5, 6, 10, 14, 15, 16, 12, 8, 4]",11,"[1, 3, 4, 6, 8, 11]",5,2.5,2.5,2019-01-15 17:32:07.093001,2019-01-15 17:32:06.848001,2019-01-15 17:32:04.348001,2019-01-15 17:32:22.099005
192,ID_17,4,0.0,"[13, 14, 15, 11, 10, 9, 5, 6, 7, 8, 4, 3, 2, 1]",14,"[1, 3, 4, 6, 7, 10, 11, 14]",7,3.5,3.5,2019-01-15 17:33:31.670001,2019-01-15 17:33:31.670001,2019-01-15 17:33:28.170001,2019-01-15 17:33:46.675995
193,ID_17,5,0.0,"[13, 9, 10, 11, 15, 16, 12, 8, 4, 3, 2, 1, 5]",13,"[1, 2, 4, 5, 6, 9, 12, 13]",7,3.5,3.5,2019-01-15 17:34:58.881005,2019-01-15 17:34:58.881005,2019-01-15 17:34:55.381005,2019-01-15 17:35:13.888004
194,ID_17,6,0.0,"[13, 9, 5, 1, 2, 6, 10, 14, 15, 16, 12, 8, 4, 3, 7, 11]",16,"[1, 4, 5, 8, 10, 13, 14, 16]",7,3.5,3.5,2019-01-15 17:36:23.335003,2019-01-15 17:36:23.335003,2019-01-15 17:36:19.835003,2019-01-15 17:36:38.342002
195,ID_17,7,0.0,"[13, 9, 10, 14, 15, 16, 12, 8, 4, 3, 7, 6, 5, 1]",14,"[1, 2, 3, 4, 6, 9, 10, 11, 13, 14]",9,4.5,4.5,2019-01-15 17:37:46.547999,2019-01-15 17:37:46.547999,2019-01-15 17:37:42.047999,2019-01-15 17:38:01.554999
196,ID_17,8,0.0,"[13, 14, 15, 16, 12, 11, 7, 8, 3, 2, 1, 5, 9, 10]",14,"[1, 4, 5, 6, 7, 11, 13, 14]",7,3.5,3.5,2019-01-15 17:39:12.746999,2019-01-15 17:39:12.503005,2019-01-15 17:39:09.003005,2019-01-15 17:39:27.753998
197,ID_17,9,0.0,"[13, 9, 5, 6, 10, 11, 11, 15, 16, 12, 8, 4, 3, 7]",14,"[1, 3, 4, 5, 8, 9, 12, 13, 14]",8,4.0,4.0,2019-01-15 17:40:41.221001,2019-01-15 17:40:41.221001,2019-01-15 17:40:37.221001,2019-01-15 17:40:56.227005
198,ID_17,1,0.25,"[13, 9, 5, 1, 2, 3, 7, 11, 12, 8, 4]",11,"[1, 4, 6, 8, 9, 11]",5,1.875,2.0,2019-01-15 17:42:09.924995,2019-01-15 17:42:09.679000,2019-01-15 17:42:07.804000,2019-01-15 17:42:24.930999
199,ID_17,2,0.25,"[13, 14, 10, 11, 12, 8, 4, 3, 2]",9,"[1, 2, 3, 5, 7, 9]",5,1.875,2.0,2019-01-15 17:43:38.755996,2019-01-15 17:43:38.755996,2019-01-15 17:43:36.880996,2019-01-15 17:43:53.761004
200,ID_17,3,0.25,"[13, 9, 5, 6, 10, 14, 15, 16, 12, 8, 4]",11,"[1, 3, 4, 6, 8, 11]",5,1.875,2.0,2019-01-15 17:45:04.205000,2019-01-15 17:45:04.205000,2019-01-15 17:45:02.330000,2019-01-15 17:45:19.211004
201,ID_17,4,0.25,"[13, 14, 15, 11, 10, 9, 5, 6, 7, 8, 4, 3, 2, 1]",14,"[1, 3, 4, 6, 7, 10, 11, 14]",7,2.625,2.75,2019-01-15 17:46:28.408999,2019-01-15 17:46:28.408999,2019-01-15 17:46:25.783999,2019-01-15 17:46:43.415998
202,ID_17,5,0.25,"[13, 9, 10, 11, 15, 16, 12, 8, 4, 3, 2, 1, 5]",13,"[1, 2, 4, 5, 6, 9, 12, 13]",7,2.625,2.75,2019-01-15 17:47:52.369004,2019-01-15 17:47:52.369004,2019-01-15 17:47:49.744004,2019-01-15 17:48:07.376999
203,ID_17,6,0.25,"[13, 9, 5, 1, 2, 6, 10, 14, 15, 16, 12, 8, 4, 3, 7, 11]",16,"[1, 4, 5, 8, 10, 13, 14, 16]",7,2.625,2.75,2019-01-15 17:49:17.584997,2019-01-15 17:49:17.584997,2019-01-15 17:49:14.959997,2019-01-15 17:49:32.589995
204,ID_17,7,0.25,"[13, 9, 10, 14, 15, 16, 12, 8, 4, 3, 7, 6, 5, 1]",14,"[1, 2, 3, 4, 6, 9, 10, 11, 13, 14]",9,3.375,3.5,2019-01-15 17:50:46.539001,2019-01-15 17:50:46.539001,2019-01-15 17:50:43.164001,2019-01-15 17:51:01.546996
205,ID_17,8,0.25,"[13, 14, 15, 16, 12, 11, 7, 8, 3, 2, 1, 5, 9, 10]",14,"[1, 4, 5, 6, 7, 11, 13, 14]",7,2.625,2.75,2019-01-15 17:52:14.243001,2019-01-15 17:52:13.998997,2019-01-15 17:52:11.373997,2019-01-15 17:52:29.250001
206,ID_17,9,0.25,"[13, 9, 5, 6, 10, 11, 11, 15, 16, 12, 8, 4, 3, 7]",14,"[1, 3, 4, 5, 8, 9, 12, 13, 14]",8,3.0,3.125,2019-01-15 17:53:42.335000,2019-01-15 17:53:42.335000,2019-01-15 17:53:39.335000,2019-01-15 17:53:57.344001
207,ID_17,1,0.5,"[13, 9, 5, 1, 2, 3, 7, 11, 12, 8, 4]",11,"[1, 4, 6, 8, 9, 11]",5,1.25,1.5,2019-01-15 17:55:08.799005,2019-01-15 17:55:08.799005,2019-01-15 17:55:07.549005,2019-01-15 17:55:23.804998
208,ID_17,2,0.5,"[13, 14, 10, 11, 12, 8, 4, 3, 2]",9,"[1, 2, 3, 5, 7, 9]",5,1.25,1.5,2019-01-15 17:56:33.255004,2019-01-15 17:56:33.010004,2019-01-15 17:56:31.760004,2019-01-15 17:56:48.262004
209,ID_17,3,0.5,"[13, 9, 5, 6, 10, 14, 15, 16, 12, 8, 4]",11,"[1, 3, 4, 6, 8, 11]",5,1.25,1.5,2019-01-15 17:58:02.586998,2019-01-15 17:58:02.586998,2019-01-15 17:58:01.336998,2019-01-15 17:58:17.593002
210,ID_17,4,0.5,"[13, 14, 15, 11, 10, 9, 5, 6, 7, 8, 4, 3, 2, 1]",14,"[1, 3, 4, 6, 7, 10, 11, 14]",7,1.75,2.0,2019-01-15 17:59:28.045999,2019-01-15 17:59:28.045999,2019-01-15 17:59:26.295999,2019-01-15 17:59:43.052003
211,ID_17,5,0.5,"[13, 9, 10, 11, 15, 16, 12, 8, 4, 3, 2, 1, 5]",13,"[1, 2, 4, 5, 6, 9, 12, 13]",7,1.75,2.0,2019-01-15 18:00:53.017003,2019-01-15 18:00:52.772003,2019-01-15 18:00:51.022003,2019-01-15 18:01:08.022997
212,ID_17,6,0.5,"[13, 9, 5, 1, 2, 6, 10, 14, 15, 16, 12, 8, 4, 3, 7, 11]",16,"[1, 4, 5, 8, 10, 13, 14, 16]",7,1.75,2.0,2019-01-15 18:02:17.854996,2019-01-15 18:02:17.609996,2019-01-15 18:02:15.859996,2019-01-15 18:02:32.863001
213,ID_17,7,0.5,"[13, 9, 10, 14, 15, 16, 12, 8, 4, 3, 7, 6, 5, 1]",14,"[1, 2, 3, 4, 6, 9, 10, 11, 13, 14]",9,2.25,2.5,2019-01-15 18:03:40.699004,2019-01-15 18:03:40.699004,2019-01-15 18:03:38.449004,2019-01-15 18:03:55.704998
214,ID_17,8,0.5,"[13, 14, 15, 16, 12, 11, 7, 8, 3, 2, 1, 5, 9, 10]",14,"[1, 4, 5, 6, 7, 11, 13, 14]",7,1.75,2.0,2019-01-15 18:05:04.166998,2019-01-15 18:05:03.923004,2019-01-15 18:05:02.173004,2019-01-15 18:05:19.173998
215,ID_17,9,0.5,"[13, 9, 5, 6, 10, 11, 11, 15, 16, 12, 8, 4, 3, 7]",14,"[1, 3, 4, 5, 8, 9, 12, 13, 14]",8,2.0,2.25,2019-01-15 18:06:29.500995,2019-01-15 18:06:29.500995,2019-01-15 18:06:27.500995,2019-01-15 18:06:44.507995
216,ID_17,1,0.0,"[13, 9, 5, 1, 2, 3, 7, 11, 12, 8, 4]",11,"[1, 4, 6, 8, 9, 11]",5,2.5,2.5,2019-01-15 17:29:43.187002,2019-01-15 17:29:43.187002,2019-01-15 17:29:40.687002,2019-01-15 17:29:58.196003
217,ID_17,2,0.0,"[13, 14, 10, 11, 12, 8, 4, 3, 2]",9,"[1, 2, 3, 5, 7, 9]",5,2.5,2.5,2019-01-15 17:31:09.540004,2019-01-15 17:31:09.295004,2019-01-15 17:31:06.795004,2019-01-15 17:31:24.545998
218,ID_17,3,0.0,"[13, 9, 5, 6, 10, 14, 15, 16, 12, 8, 4]",11,"[1, 3, 4, 6, 8, 11]",5,2.5,2.5,2019-01-15 17:32:35.868996,2019-01-15 17:32:35.623997,2019-01-15 17:32:33.123997,2019-01-15 17:32:50.874004
219,ID_17,4,0.0,"[13, 14, 15, 11, 10, 9, 5, 6, 7, 8, 4, 3, 2, 1]",14,"[1, 3, 4, 6, 7, 10, 11, 14]",7,3.5,3.5,2019-01-15 17:33:59.574004,2019-01-15 17:33:59.574004,2019-01-15 17:33:56.074004,2019-01-15 17:34:14.581004
220,ID_17,5,0.0,"[13, 9, 10, 11, 15, 16, 12, 8, 4, 3, 2, 1, 5]",13,"[1, 2, 4, 5, 6, 9, 12, 13]",7,3.5,3.5,2019-01-15 17:35:28.534002,2019-01-15 17:35:28.534002,2019-01-15 17:35:25.034002,2019-01-15 17:35:43.539996
221,ID_17,6,0.0,"[13, 9, 5, 1, 2, 6, 10, 14, 15, 16, 12, 8, 4, 3, 7, 11]",16,"[1, 4, 5, 8, 10, 13, 14, 16]",7,3.5,3.5,2019-01-15 17:36:50.747004,2019-01-15 17:36:50.747004,2019-01-15 17:36:47.247004,2019-01-15 17:37:05.752998
222,ID_17,7,0.0,"[13, 9, 10, 14, 15, 16, 12, 8, 4, 3, 7, 6, 5, 1]",14,"[1, 2, 3, 4, 6, 9, 10, 11, 13, 14]",9,4.5,4.5,2019-01-15 17:38:14.447999,2019-01-15 17:38:14.447999,2019-01-15 17:38:09.947999,2019-01-15 17:38:29.454998
223,ID_17,8,0.0,"[13, 14, 15, 16, 12, 11, 7, 8, 3, 2, 1, 5, 9, 10]",14,"[1, 4, 5, 6, 7, 11, 13, 14]",7,3.5,3.5,2019-01-15 17:39:41.918999,2019-01-15 17:39:41.673003,2019-01-15 17:39:38.173003,2019-01-15 17:39:56.927004
224,ID_17,9,0.0,"[13, 9, 5, 6, 10, 11, 11, 15, 16, 12, 8, 4, 3, 7]",14,"[1, 3, 4, 5, 8, 9, 12, 13, 14]",8,4.0,4.0,2019-01-15 17:41:10.873998,2019-01-15 17:41:10.873998,2019-01-15 17:41:06.873998,2019-01-15 17:41:25.880002
225,ID_17,1,0.25,"[13, 9, 5, 1, 2, 3, 7, 11, 12, 8, 4]",11,"[1, 4, 6, 8, 9, 11]",5,1.875,2.0,2019-01-15 17:42:39.450001,2019-01-15 17:42:39.205002,2019-01-15 17:42:37.330002,2019-01-15 17:42:54.457001
226,ID_17,2,0.25,"[13, 14, 10, 11, 12, 8, 4, 3, 2]",9,"[1, 2, 3, 5, 7, 9]",5,1.875,2.0,2019-01-15 17:44:08.404005,2019-01-15 17:44:08.404005,2019-01-15 17:44:06.529005,2019-01-15 17:44:23.412000
227,ID_17,3,0.25,"[13, 9, 5, 6, 10, 14, 15, 16, 12, 8, 4]",11,"[1, 3, 4, 6, 8, 11]",5,1.875,2.0,2019-01-15 17:45:32.104999,2019-01-15 17:45:32.104999,2019-01-15 17:45:30.229999,2019-01-15 17:45:47.111003
228,ID_17,4,0.25,"[13, 14, 15, 11, 10, 9, 5, 6, 7, 8, 4, 3, 2, 1]",14,"[1, 3, 4, 6, 7, 10, 11, 14]",7,2.625,2.75,2019-01-15 17:46:56.558997,2019-01-15 17:46:56.558997,2019-01-15 17:46:53.933997,2019-01-15 17:47:11.567998
229,ID_17,5,0.25,"[13, 9, 10, 11, 15, 16, 12, 8, 4, 3, 2, 1, 5]",13,"[1, 2, 4, 5, 6, 9, 12, 13]",7,2.625,2.75,2019-01-15 17:48:20.274998,2019-01-15 17:48:20.274998,2019-01-15 17:48:17.649998,2019-01-15 17:48:35.281002
230,ID_17,6,0.25,"[13, 9, 5, 1, 2, 6, 10, 14, 15, 16, 12, 8, 4, 3, 7, 11]",16,"[1, 4, 5, 8, 10, 13, 14, 16]",7,2.625,2.75,2019-01-15 17:49:46.237004,2019-01-15 17:49:46.237004,2019-01-15 17:49:43.612004,2019-01-15 17:50:01.242998
231,ID_17,7,0.25,"[13, 9, 10, 14, 15, 16, 12, 8, 4, 3, 7, 6, 5, 1]",14,"[1, 2, 3, 4, 6, 9, 10, 11, 13, 14]",9,3.375,3.5,2019-01-15 17:51:16.693001,2019-01-15 17:51:16.693001,2019-01-15 17:51:13.318001,2019-01-15 17:51:31.697999
232,ID_17,8,0.25,"[13, 14, 15, 16, 12, 11, 7, 8, 3, 2, 1, 5, 9, 10]",14,"[1, 4, 5, 6, 7, 11, 13, 14]",7,2.625,2.75,2019-01-15 17:52:43.023996,2019-01-15 17:52:42.778996,2019-01-15 17:52:40.153996,2019-01-15 17:52:58.030000
233,ID_17,9,0.25,"[13, 9, 5, 6, 10, 11, 11, 15, 16, 12, 8, 4, 3, 7]",14,"[1, 3, 4, 5, 8, 9, 12, 13, 14]",8,3.0,3.125,2019-01-15 17:54:11.991004,2019-01-15 17:54:11.991004,2019-01-15 17:54:08.991004,2019-01-15 17:54:26.996998
234,ID_17,1,0.5,"[13, 9, 5, 1, 2, 3, 7, 11, 12, 8, 4]",11,"[1, 4, 6, 8, 9, 11]",5,1.25,1.5,2019-01-15 17:55:37.199001,2019-01-15 17:55:37.199001,2019-01-15 17:55:35.949001,2019-01-15 17:55:52.204995
235,ID_17,2,0.5,"[13, 14, 10, 11, 12, 8, 4, 3, 2]",9,"[1, 2, 3, 5, 7, 9]",5,1.25,1.5,2019-01-15 17:57:01.281999,2019-01-15 17:57:01.037000,2019-01-15 17:56:59.787000,2019-01-15 17:57:16.288003
236,ID_17,3,0.5,"[13, 9, 5, 6, 10, 14, 15, 16, 12, 8, 4]",11,"[1, 3, 4, 6, 8, 11]",5,1.25,1.5,2019-01-15 17:58:33.239004,2019-01-15 17:58:33.239004,2019-01-15 17:58:31.989004,2019-01-15 17:58:48.247000
237,ID_17,4,0.5,"[13, 14, 15, 11, 10, 9, 5, 6, 7, 8, 4, 3, 2, 1]",14,"[1, 3, 4, 6, 7, 10, 11, 14]",7,1.75,2.0,2019-01-15 17:59:55.456995,2019-01-15 17:59:55.456995,2019-01-15 17:59:53.706995,2019-01-15 18:00:10.464005
238,ID_17,5,0.5,"[13, 9, 10, 11, 15, 16, 12, 8, 4, 3, 2, 1, 5]",13,"[1, 2, 4, 5, 6, 9, 12, 13]",7,1.75,2.0,2019-01-15 18:01:21.792998,2019-01-15 18:01:21.547003,2019-01-15 18:01:19.797003,2019-01-15 18:01:36.799002
239,ID_17,6,0.5,"[13, 9, 5, 1, 2, 6, 10, 14, 15, 16, 12, 8, 4, 3, 7, 11]",16,"[1, 4, 5, 8, 10, 13, 14, 16]",7,1.75,2.0,2019-01-15 18:02:45.884998,2019-01-15 18:02:45.639999,2019-01-15 18:02:43.889999,2019-01-15 18:03:00.891002
240,ID_17,7,0.5,"[13, 9, 10, 14, 15, 16, 12, 8, 4, 3, 7, 6, 5, 1]",14,"[1, 2, 3, 4, 6, 9, 10, 11, 13, 14]",9,2.25,2.5,2019-01-15 18:04:08.102004,2019-01-15 18:04:08.102004,2019-01-15 18:04:05.852004,2019-01-15 18:04:23.109003
241,ID_17,8,0.5,"[13, 14, 15, 16, 12, 11, 7, 8, 3, 2, 1, 5, 9, 10]",14,"[1, 4, 5, 6, 7, 11, 13, 14]",7,1.75,2.0,2019-01-15 18:05:32.195995,2019-01-15 18:05:31.950996,2019-01-15 18:05:30.200996,2019-01-15 18:05:47.202995
242,ID_17,9,0.5,"[13, 9, 5, 6, 10, 11, 11, 15, 16, 12, 8, 4, 3, 7]",14,"[1, 3, 4, 5, 8, 9, 12, 13, 14]",8,2.0,2.25,2019-01-15 18:06:58.165998,2019-01-15 18:06:58.165998,2019-01-15 18:06:56.165998,2019-01-15 18:07:13.172002
243,ID_21,1,0.0,"[13, 9, 5, 1, 2, 3, 7, 11, 12, 8, 4]",11,"[1, 4, 6, 8, 9, 11]",5,2.5,2.5,2019-01-18 10:13:11.292999,2019-01-18 10:13:11.292999,2019-01-18 10:13:08.792999,2019-01-18 10:13:26.314996
244,ID_21,2,0.0,"[13, 14, 10, 11, 12, 8, 4, 3, 2]",9,"[1, 2, 3, 5, 7, 9]",5,2.5,2.5,2019-01-18 10:14:36.859996,2019-01-18 10:14:36.859996,2019-01-18 10:14:34.359996,2019-01-18 10:14:51.868002
245,ID_21,3,0.0,"[13, 9, 5, 6, 10, 14, 15, 16, 12, 8, 4]",11,"[1, 3, 4, 6, 8, 11]",5,2.5,2.5,2019-01-18 10:16:04.812003,2019-01-18 10:16:04.812003,2019-01-18 10:16:02.312003,2019-01-18 10:16:19.817997
246,ID_21,4,0.0,"[13, 14, 15, 11, 10, 9, 5, 6, 7, 8, 4, 3, 2, 1]",14,"[1, 3, 4, 6, 7, 10, 11, 14]",7,3.5,3.5,2019-01-18 10:17:31.625996,2019-01-18 10:17:31.380001,2019-01-18 10:17:27.880001,2019-01-18 10:17:46.632000
247,ID_21,5,0.0,"[13, 9, 10, 11, 15, 16, 12, 8, 4, 3, 2, 1, 5]",13,"[1, 2, 4, 5, 6, 9, 12, 13]",7,3.5,3.5,2019-01-18 10:18:58.701002,2019-01-18 10:18:58.456002,2019-01-18 10:18:54.956002,2019-01-18 10:19:13.706996
248,ID_21,6,0.0,"[13, 9, 5, 1, 2, 6, 10, 14, 15, 16, 12, 8, 4, 3, 7, 11]",16,"[1, 4, 5, 8, 10, 13, 14, 16]",7,3.5,3.5,2019-01-18 10:20:25.390001,2019-01-18 10:20:25.390001,2019-01-18 10:20:21.890001,2019-01-18 10:20:40.397000
249,ID_21,7,0.0,"[13, 9, 10, 14, 15, 16, 12, 8, 4, 3, 7, 6, 5, 1]",14,"[1, 2, 3, 4, 6, 9, 10, 11, 13, 14]",9,4.5,4.5,2019-01-18 10:21:55.453996,2019-01-18 10:21:55.208001,2019-01-18 10:21:50.708001,2019-01-18 10:22:10.459004
250,ID_21,8,0.0,"[13, 14, 15, 16, 12, 11, 7, 8, 3, 2, 1, 5, 9, 10]",14,"[1, 4, 5, 6, 7, 11, 13, 14]",7,3.5,3.5,2019-01-18 10:23:21.768998,2019-01-18 10:23:21.523998,2019-01-18 10:23:18.023998,2019-01-18 10:23:36.775997
251,ID_21,9,0.0,"[13, 9, 5, 6, 10, 11, 11, 15, 16, 12, 8, 4, 3, 7]",14,"[1, 3, 4, 5, 8, 9, 12, 13, 14]",8,4.0,4.0,2019-01-18 10:24:48.963003,2019-01-18 10:24:48.963003,2019-01-18 10:24:44.963003,2019-01-18 10:25:03.968997
252,ID_21,1,0.25,"[13, 9, 5, 1, 2, 3, 7, 11, 12, 8, 4]",11,"[1, 4, 6, 8, 9, 11]",5,1.875,2.0,2019-01-18 10:26:17.909996,2019-01-18 10:26:17.909996,2019-01-18 10:26:16.034996,2019-01-18 10:26:32.916000
253,ID_21,2,0.25,"[13, 14, 10, 11, 12, 8, 4, 3, 2]",9,"[1, 2, 3, 5, 7, 9]",5,1.875,2.0,2019-01-18 10:27:44.609998,2019-01-18 10:27:44.609998,2019-01-18 10:27:42.734998,2019-01-18 10:27:59.616998
254,ID_21,3,0.25,"[13, 9, 5, 6, 10, 14, 15, 16, 12, 8, 4]",11,"[1, 3, 4, 6, 8, 11]",5,1.875,2.0,2019-01-18 10:29:07.807002,2019-01-18 10:29:07.807002,2019-01-18 10:29:05.932002,2019-01-18 10:29:22.812996
255,ID_21,4,0.25,"[13, 14, 15, 11, 10, 9, 5, 6, 7, 8, 4, 3, 2, 1]",14,"[1, 3, 4, 6, 7, 10, 11, 14]",7,2.625,2.75,2019-01-18 10:30:32.755998,2019-01-18 10:30:32.755998,2019-01-18 10:30:30.130998,2019-01-18 10:30:47.762998
256,ID_21,5,0.25,"[13, 9, 10, 11, 15, 16, 12, 8, 4, 3, 2, 1, 5]",13,"[1, 2, 4, 5, 6, 9, 12, 13]",7,2.625,2.75,2019-01-18 10:31:56.952997,2019-01-18 10:31:56.952997,2019-01-18 10:31:54.327997,2019-01-18 10:32:11.958005
257,ID_21,6,0.25,"[13, 9, 5, 1, 2, 6, 10, 14, 15, 16, 12, 8, 4, 3, 7, 11]",16,"[1, 4, 5, 8, 10, 13, 14, 16]",7,2.625,2.75,2019-01-18 10:33:20.150001,2019-01-18 10:33:20.150001,2019-01-18 10:33:17.525001,2019-01-18 10:33:35.157996
258,ID_21,7,0.25,"[13, 9, 10, 14, 15, 16, 12, 8, 4, 3, 7, 6, 5, 1]",14,"[1, 2, 3, 4, 6, 9, 10, 11, 13, 14]",9,3.375,3.5,2019-01-18 10:34:43.728998,2019-01-18 10:34:43.483998,2019-01-18 10:34:40.108998,2019-01-18 10:34:58.735998
259,ID_21,8,0.25,"[13, 14, 15, 16, 12, 11, 7, 8, 3, 2, 1, 5, 9, 10]",14,"[1, 4, 5, 6, 7, 11, 13, 14]",7,2.625,2.75,2019-01-18 10:36:09.932001,2019-01-18 10:36:09.932001,2019-01-18 10:36:07.307001,2019-01-18 10:36:24.941002
260,ID_21,9,0.25,"[13, 9, 5, 6, 10, 11, 11, 15, 16, 12, 8, 4, 3, 7]",14,"[1, 3, 4, 5, 8, 9, 12, 13, 14]",8,3.0,3.125,2019-01-18 10:37:35.132997,2019-01-18 10:37:35.132997,2019-01-18 10:37:32.132997,2019-01-18 10:37:50.139997
261,ID_21,1,0.5,"[13, 9, 5, 1, 2, 3, 7, 11, 12, 8, 4]",11,"[1, 4, 6, 8, 9, 11]",5,1.25,1.5,2019-01-18 10:38:59.593000,2019-01-18 10:38:59.593000,2019-01-18 10:38:58.343000,2019-01-18 10:39:14.599003
262,ID_21,2,0.5,"[13, 14, 10, 11, 12, 8, 4, 3, 2]",9,"[1, 2, 3, 5, 7, 9]",5,1.25,1.5,2019-01-18 10:40:26.543001,2019-01-18 10:40:26.543001,2019-01-18 10:40:25.293001,2019-01-18 10:40:41.550000
263,ID_21,3,0.5,"[13, 9, 5, 6, 10, 14, 15, 16, 12, 8, 4]",11,"[1, 3, 4, 6, 8, 11]",5,1.25,1.5,2019-01-18 10:41:54.996001,2019-01-18 10:41:54.749996,2019-01-18 10:41:53.499996,2019-01-18 10:42:10.002005
264,ID_21,4,0.5,"[13, 14, 15, 11, 10, 9, 5, 6, 7, 8, 4, 3, 2, 1]",14,"[1, 3, 4, 6, 7, 10, 11, 14]",7,1.75,2.0,2019-01-18 10:43:21.195996,2019-01-18 10:43:21.195996,2019-01-18 10:43:19.445996,2019-01-18 10:43:36.202000
265,ID_21,5,0.5,"[13, 9, 10, 11, 15, 16, 12, 8, 4, 3, 2, 1, 5]",13,"[1, 2, 4, 5, 6, 9, 12, 13]",7,1.75,2.0,2019-01-18 10:44:45.774003,2019-01-18 10:44:45.529003,2019-01-18 10:44:43.779003,2019-01-18 10:45:00.781002
266,ID_21,6,0.5,"[13, 9, 5, 1, 2, 6, 10, 14, 15, 16, 12, 8, 4, 3, 7, 11]",16,"[1, 4, 5, 8, 10, 13, 14, 16]",7,1.75,2.0,2019-01-18 10:46:13.483998,2019-01-18 10:46:13.483998,2019-01-18 10:46:11.733998,2019-01-18 10:46:28.490001
267,ID_21,7,0.5,"[13, 9, 10, 14, 15, 16, 12, 8, 4, 3, 7, 6, 5, 1]",14,"[1, 2, 3, 4, 6, 9, 10, 11, 13, 14]",9,2.25,2.5,2019-01-18 10:47:41.197996,2019-01-18 10:47:41.197996,2019-01-18 10:47:38.947996,2019-01-18 10:47:56.204000
268,ID_21,8,0.5,"[13, 14, 15, 16, 12, 11, 7, 8, 3, 2, 1, 5, 9, 10]",14,"[1, 4, 5, 6, 7, 11, 13, 14]",7,1.75,2.0,2019-01-18 10:49:04.030005,2019-01-18 10:49:03.784995,2019-01-18 10:49:02.034995,2019-01-18 10:49:19.037004
269,ID_21,9,0.5,"[13, 9, 5, 6, 10, 11, 11, 15, 16, 12, 8, 4, 3, 7]",14,"[1, 3, 4, 5, 8, 9, 12, 13, 14]",8,2.0,2.25,2019-01-18 10:50:28.115004,2019-01-18 10:50:27.871000,2019-01-18 10:50:25.871000,2019-01-18 10:50:43.120998
270,ID_21,1,0.0,"[13, 9, 5, 1, 2, 3, 7, 11, 12, 8, 4]",11,"[1, 4, 6, 8, 9, 11]",5,2.5,2.5,2019-01-18 10:13:39.245996,2019-01-18 10:13:39.245996,2019-01-18 10:13:36.745996,2019-01-18 10:13:54.261002
271,ID_21,2,0.0,"[13, 14, 10, 11, 12, 8, 4, 3, 2]",9,"[1, 2, 3, 5, 7, 9]",5,2.5,2.5,2019-01-18 10:15:06.509000,2019-01-18 10:15:06.509000,2019-01-18 10:15:04.009000,2019-01-18 10:15:21.518997
272,ID_21,3,0.0,"[13, 9, 5, 6, 10, 14, 15, 16, 12, 8, 4]",11,"[1, 3, 4, 6, 8, 11]",5,2.5,2.5,2019-01-18 10:16:33.457996,2019-01-18 10:16:33.457996,2019-01-18 10:16:30.957996,2019-01-18 10:16:48.464000
273,ID_21,4,0.0,"[13, 14, 15, 11, 10, 9, 5, 6, 7, 8, 4, 3, 2, 1]",14,"[1, 3, 4, 6, 7, 10, 11, 14]",7,3.5,3.5,2019-01-18 10:18:01.149996,2019-01-18 10:18:00.904997,2019-01-18 10:17:57.404997,2019-01-18 10:18:16.156000
274,ID_21,5,0.0,"[13, 9, 10, 11, 15, 16, 12, 8, 4, 3, 2, 1, 5]",13,"[1, 2, 4, 5, 6, 9, 12, 13]",7,3.5,3.5,2019-01-18 10:19:26.720997,2019-01-18 10:19:26.475997,2019-01-18 10:19:22.975997,2019-01-18 10:19:41.727001
275,ID_21,6,0.0,"[13, 9, 5, 1, 2, 6, 10, 14, 15, 16, 12, 8, 4, 3, 7, 11]",16,"[1, 4, 5, 8, 10, 13, 14, 16]",7,3.5,3.5,2019-01-18 10:20:56.036998,2019-01-18 10:20:56.036998,2019-01-18 10:20:52.536998,2019-01-18 10:21:11.043002
276,ID_21,7,0.0,"[13, 9, 10, 14, 15, 16, 12, 8, 4, 3, 7, 6, 5, 1]",14,"[1, 2, 3, 4, 6, 9, 10, 11, 13, 14]",9,4.5,4.5,2019-01-18 10:22:24.228996,2019-01-18 10:22:23.983996,2019-01-18 10:22:19.483996,2019-01-18 10:22:39.237001
277,ID_21,8,0.0,"[13, 14, 15, 16, 12, 11, 7, 8, 3, 2, 1, 5, 9, 10]",14,"[1, 4, 5, 6, 7, 11, 13, 14]",7,3.5,3.5,2019-01-18 10:23:50.540004,2019-01-18 10:23:50.295005,2019-01-18 10:23:46.795005,2019-01-18 10:24:05.545998
278,ID_21,9,0.0,"[13, 9, 5, 6, 10, 11, 11, 15, 16, 12, 8, 4, 3, 7]",14,"[1, 3, 4, 5, 8, 9, 12, 13, 14]",8,4.0,4.0,2019-01-18 10:25:18.609995,2019-01-18 10:25:18.609995,2019-01-18 10:25:14.609995,2019-01-18 10:25:33.615999
279,ID_21,1,0.25,"[13, 9, 5, 1, 2, 3, 7, 11, 12, 8, 4]",11,"[1, 4, 6, 8, 9, 11]",5,1.875,2.0,2019-01-18 10:26:47.556998,2019-01-18 10:26:47.556998,2019-01-18 10:26:45.681998,2019-01-18 10:27:02.563998
280,ID_21,2,0.25,"[13, 14, 10, 11, 12, 8, 4, 3, 2]",9,"[1, 2, 3, 5, 7, 9]",5,1.875,2.0,2019-01-18 10:28:12.012998,2019-01-18 10:28:12.012998,2019-01-18 10:28:10.137998,2019-01-18 10:28:27.019997
281,ID_21,3,0.25,"[13, 9, 5, 6, 10, 14, 15, 16, 12, 8, 4]",11,"[1, 3, 4, 6, 8, 11]",5,1.875,2.0,2019-01-18 10:29:36.209996,2019-01-18 10:29:36.209996,2019-01-18 10:29:34.334996,2019-01-18 10:29:51.218002
282,ID_21,4,0.25,"[13, 14, 15, 11, 10, 9, 5, 6, 7, 8, 4, 3, 2, 1]",14,"[1, 3, 4, 6, 7, 10, 11, 14]",7,2.625,2.75,2019-01-18 10:31:00.905001,2019-01-18 10:31:00.905001,2019-01-18 10:30:58.280001,2019-01-18 10:31:15.911004
283,ID_21,5,0.25,"[13, 9, 10, 11, 15, 16, 12, 8, 4, 3, 2, 1, 5]",13,"[1, 2, 4, 5, 6, 9, 12, 13]",7,2.625,2.75,2019-01-18 10:32:24.852000,2019-01-18 10:32:24.852000,2019-01-18 10:32:22.227000,2019-01-18 10:32:39.859000
284,ID_21,6,0.25,"[13, 9, 5, 1, 2, 6, 10, 14, 15, 16, 12, 8, 4, 3, 7, 11]",16,"[1, 4, 5, 8, 10, 13, 14, 16]",7,2.625,2.75,2019-01-18 10:33:47.550999,2019-01-18 10:33:47.550999,2019-01-18 10:33:44.925999,2019-01-18 10:34:02.557003
285,ID_21,7,0.25,"[13, 9, 10, 14, 15, 16, 12, 8, 4, 3, 7, 6, 5, 1]",14,"[1, 2, 3, 4, 6, 9, 10, 11, 13, 14]",9,3.375,3.5,2019-01-18 10:35:12.505004,2019-01-18 10:35:12.260004,2019-01-18 10:35:08.885004,2019-01-18 10:35:27.512999
286,ID_21,8,0.25,"[13, 14, 15, 16, 12, 11, 7, 8, 3, 2, 1, 5, 9, 10]",14,"[1, 4, 5, 6, 7, 11, 13, 14]",7,2.625,2.75,2019-01-18 10:36:38.583998,2019-01-18 10:36:38.583998,2019-01-18 10:36:35.958998,2019-01-18 10:36:53.590997
287,ID_21,9,0.25,"[13, 9, 5, 6, 10, 11, 11, 15, 16, 12, 8, 4, 3, 7]",14,"[1, 3, 4, 5, 8, 9, 12, 13, 14]",8,3.0,3.125,2019-01-18 10:38:03.032001,2019-01-18 10:38:03.032001,2019-01-18 10:38:00.032001,2019-01-18 10:38:18.038005
288,ID_21,1,0.5,"[13, 9, 5, 1, 2, 3, 7, 11, 12, 8, 4]",11,"[1, 4, 6, 8, 9, 11]",5,1.25,1.5,2019-01-18 10:39:28.241999,2019-01-18 10:39:28.241999,2019-01-18 10:39:26.991999,2019-01-18 10:39:43.248999
289,ID_21,2,0.5,"[13, 14, 10, 11, 12, 8, 4, 3, 2]",9,"[1, 2, 3, 5, 7, 9]",5,1.25,1.5,2019-01-18 10:40:56.195002,2019-01-18 10:40:56.195002,2019-01-18 10:40:54.945002,2019-01-18 10:41:11.200996
290,ID_21,3,0.5,"[13, 9, 5, 6, 10, 14, 15, 16, 12, 8, 4]",11,"[1, 3, 4, 6, 8, 11]",5,1.25,1.5,2019-01-18 10:42:24.144998,2019-01-18 10:42:23.899998,2019-01-18 10:42:22.649998,2019-01-18 10:42:39.151002
291,ID_21,4,0.5,"[13, 14, 15, 11, 10, 9, 5, 6, 7, 8, 4, 3, 2, 1]",14,"[1, 3, 4, 6, 7, 10, 11, 14]",7,1.75,2.0,2019-01-18 10:43:49.095996,2019-01-18 10:43:49.095996,2019-01-18 10:43:47.345996,2019-01-18 10:44:04.102000
292,ID_21,5,0.5,"[13, 9, 10, 11, 15, 16, 12, 8, 4, 3, 2, 1, 5]",13,"[1, 2, 4, 5, 6, 9, 12, 13]",7,1.75,2.0,2019-01-18 10:45:14.552996,2019-01-18 10:45:14.307996,2019-01-18 10:45:12.557996,2019-01-18 10:45:29.559995
293,ID_21,6,0.5,"[13, 9, 5, 1, 2, 6, 10, 14, 15, 16, 12, 8, 4, 3, 7, 11]",16,"[1, 4, 5, 8, 10, 13, 14, 16]",7,1.75,2.0,2019-01-18 10:46:43.635997,2019-01-18 10:46:43.635997,2019-01-18 10:46:41.885997,2019-01-18 10:46:58.642000
294,ID_21,7,0.5,"[13, 9, 10, 14, 15, 16, 12, 8, 4, 3, 7, 6, 5, 1]",14,"[1, 2, 3, 4, 6, 9, 10, 11, 13, 14]",9,2.25,2.5,2019-01-18 10:48:08.597998,2019-01-18 10:48:08.597998,2019-01-18 10:48:06.347998,2019-01-18 10:48:23.604002
295,ID_21,8,0.5,"[13, 14, 15, 16, 12, 11, 7, 8, 3, 2, 1, 5, 9, 10]",14,"[1, 4, 5, 6, 7, 11, 13, 14]",7,1.75,2.0,2019-01-18 10:49:32.057996,2019-01-18 10:49:31.812996,2019-01-18 10:49:30.062996,2019-01-18 10:49:47.064996
296,ID_21,9,0.5,"[13, 9, 5, 6, 10, 11, 11, 15, 16, 12, 8, 4, 3, 7]",14,"[1, 3, 4, 5, 8, 9, 12, 13, 14]",8,2.0,2.25,2019-01-18 10:50:56.142000,2019-01-18 10:50:55.897996,2019-01-18 10:50:53.897996,2019-01-18 10:51:11.148004
297,ID_21,1,0.0,"[13, 9, 5, 1, 2, 3, 7, 11, 12, 8, 4]",11,"[1, 4, 6, 8, 9, 11]",5,2.5,2.5,2019-01-18 10:14:07.194999,2019-01-18 10:14:07.194999,2019-01-18 10:14:04.694999,2019-01-18 10:14:22.204996
298,ID_21,2,0.0,"[13, 14, 10, 11, 12, 8, 4, 3, 2]",9,"[1, 2, 3, 5, 7, 9]",5,2.5,2.5,2019-01-18 10:15:36.161002,2019-01-18 10:15:36.161002,2019-01-18 10:15:33.661002,2019-01-18 10:15:51.166996
299,ID_21,3,0.0,"[13, 9, 5, 6, 10, 14, 15, 16, 12, 8, 4]",11,"[1, 3, 4, 6, 8, 11]",5,2.5,2.5,2019-01-18 10:17:02.101001,2019-01-18 10:17:02.101001,2019-01-18 10:16:59.601001,2019-01-18 10:17:17.108000
300,ID_21,4,0.0,"[13, 14, 15, 11, 10, 9, 5, 6, 7, 8, 4, 3, 2, 1]",14,"[1, 3, 4, 6, 7, 10, 11, 14]",7,3.5,3.5,2019-01-18 10:18:30.670003,2019-01-18 10:18:30.425004,2019-01-18 10:18:26.925004,2019-01-18 10:18:45.677003
301,ID_21,5,0.0,"[13, 9, 10, 11, 15, 16, 12, 8, 4, 3, 2, 1, 5]",13,"[1, 2, 4, 5, 6, 9, 12, 13]",7,3.5,3.5,2019-01-18 10:19:54.743003,2019-01-18 10:19:54.496998,2019-01-18 10:19:50.996998,2019-01-18 10:20:09.750003
302,ID_21,6,0.0,"[13, 9, 5, 1, 2, 6, 10, 14, 15, 16, 12, 8, 4, 3, 7, 11]",16,"[1, 4, 5, 8, 10, 13, 14, 16]",7,3.5,3.5,2019-01-18 10:21:26.683000,2019-01-18 10:21:26.683000,2019-01-18 10:21:23.183000,2019-01-18 10:21:41.689999
303,ID_21,7,0.0,"[13, 9, 10, 14, 15, 16, 12, 8, 4, 3, 7, 6, 5, 1]",14,"[1, 2, 3, 4, 6, 9, 10, 11, 13, 14]",9,4.5,4.5,2019-01-18 10:22:53.000003,2019-01-18 10:22:52.755003,2019-01-18 10:22:48.255003,2019-01-18 10:23:08.005996
304,ID_21,8,0.0,"[13, 14, 15, 16, 12, 11, 7, 8, 3, 2, 1, 5, 9, 10]",14,"[1, 4, 5, 6, 7, 11, 13, 14]",7,3.5,3.5,2019-01-18 10:24:19.313003,2019-01-18 10:24:19.068999,2019-01-18 10:24:15.568999,2019-01-18 10:24:34.320002
305,ID_21,9,0.0,"[13, 9, 5, 6, 10, 11, 11, 15, 16, 12, 8, 4, 3, 7]",14,"[1, 3, 4, 5, 8, 9, 12, 13, 14]",8,4.0,4.0,2019-01-18 10:25:48.259000,2019-01-18 10:25:48.259000,2019-01-18 10:25:44.259000,2019-01-18 10:26:03.265004
306,ID_21,1,0.25,"[13, 9, 5, 1, 2, 3, 7, 11, 12, 8, 4]",11,"[1, 4, 6, 8, 9, 11]",5,1.875,2.0,2019-01-18 10:27:17.202000,2019-01-18 10:27:17.202000,2019-01-18 10:27:15.327000,2019-01-18 10:27:32.210005
307,ID_21,2,0.25,"[13, 14, 10, 11, 12, 8, 4, 3, 2]",9,"[1, 2, 3, 5, 7, 9]",5,1.875,2.0,2019-01-18 10:28:39.410003,2019-01-18 10:28:39.410003,2019-01-18 10:28:37.535003,2019-01-18 10:28:54.417002
308,ID_21,3,0.25,"[13, 9, 5, 6, 10, 14, 15, 16, 12, 8, 4]",11,"[1, 3, 4, 6, 8, 11]",5,1.875,2.0,2019-01-18 10:30:04.608002,2019-01-18 10:30:04.608997,2019-01-18 10:30:02.733997,2019-01-18 10:30:19.615997
309,ID_21,4,0.25,"[13, 14, 15, 11, 10, 9, 5, 6, 7, 8, 4, 3, 2, 1]",14,"[1, 3, 4, 6, 7, 10, 11, 14]",7,2.625,2.75,2019-01-18 10:31:29.052001,2019-01-18 10:31:29.052001,2019-01-18 10:31:26.427001,2019-01-18 10:31:44.059001
310,ID_21,5,0.25,"[13, 9, 10, 11, 15, 16, 12, 8, 4, 3, 2, 1, 5]",13,"[1, 2, 4, 5, 6, 9, 12, 13]",7,2.625,2.75,2019-01-18 10:32:52.749998,2019-01-18 10:32:52.749998,2019-01-18 10:32:50.124998,2019-01-18 10:33:07.756002
311,ID_21,6,0.25,"[13, 9, 5, 1, 2, 6, 10, 14, 15, 16, 12, 8, 4, 3, 7, 11]",16,"[1, 4, 5, 8, 10, 13, 14, 16]",7,2.625,2.75,2019-01-18 10:34:14.951001,2019-01-18 10:34:14.951001,2019-01-18 10:34:12.326001,2019-01-18 10:34:29.957005
312,ID_21,7,0.25,"[13, 9, 10, 14, 15, 16, 12, 8, 4, 3, 7, 6, 5, 1]",14,"[1, 2, 3, 4, 6, 9, 10, 11, 13, 14]",9,3.375,3.5,2019-01-18 10:35:41.280004,2019-01-18 10:35:41.035004,2019-01-18 10:35:37.660004,2019-01-18 10:35:56.287999
313,ID_21,8,0.25,"[13, 14, 15, 16, 12, 11, 7, 8, 3, 2, 1, 5, 9, 10]",14,"[1, 4, 5, 6, 7, 11, 13, 14]",7,2.625,2.75,2019-01-18 10:37:07.232997,2019-01-18 10:37:07.232997,2019-01-18 10:37:04.607997,2019-01-18 10:37:22.239001
314,ID_21,9,0.25,"[13, 9, 5, 6, 10, 11, 11, 15, 16, 12, 8, 4, 3, 7]",14,"[1, 3, 4, 5, 8, 9, 12, 13, 14]",8,3.0,3.125,2019-01-18 10:38:30.943004,2019-01-18 10:38:30.943004,2019-01-18 10:38:27.943004,2019-01-18 10:38:45.948998
315,ID_21,1,0.5,"[13, 9, 5, 1, 2, 3, 7, 11, 12, 8, 4]",11,"[1, 4, 6, 8, 9, 11]",5,1.25,1.5,2019-01-18 10:39:56.893996,2019-01-18 10:39:56.893996,2019-01-18 10:39:55.643996,2019-01-18 10:40:11.900996
316,ID_21,2,0.5,"[13, 14, 10, 11, 12, 8, 4, 3, 2]",9,"[1, 2, 3, 5, 7, 9]",5,1.25,1.5,2019-01-18 10:41:25.845003,2019-01-18 10:41:25.845003,2019-01-18 10:41:24.595003,2019-01-18 10:41:40.850996
317,ID_21,3,0.5,"[13, 9, 5, 6, 10, 14, 15, 16, 12, 8, 4]",11,"[1, 3, 4, 6, 8, 11]",5,1.25,1.5,2019-01-18 10:42:53.295997,2019-01-18 10:42:53.050997,2019-01-18 10:42:51.800997,2019-01-18 10:43:08.302001
318,ID_21,4,0.5,"[13, 14, 15, 11, 10, 9, 5, 6, 7, 8, 4, 3, 2, 1]",14,"[1, 3, 4, 6, 7, 10, 11, 14]",7,1.75,2.0,2019-01-18 10:44:16.997997,2019-01-18 10:44:16.997997,2019-01-18 10:44:15.247997,2019-01-18 10:44:32.004001
319,ID_21,5,0.5,"[13, 9, 10, 11, 15, 16, 12, 8, 4, 3, 2, 1, 5]",13,"[1, 2, 4, 5, 6, 9, 12, 13]",7,1.75,2.0,2019-01-18 10:45:43.331999,2019-01-18 10:45:43.086999,2019-01-18 10:45:41.336999,2019-01-18 10:45:58.338002
320,ID_21,6,0.5,"[13, 9, 5, 1, 2, 6, 10, 14, 15, 16, 12, 8, 4, 3, 7, 11]",16,"[1, 4, 5, 8, 10, 13, 14, 16]",7,1.75,2.0,2019-01-18 10:47:13.791003,2019-01-18 10:47:13.791003,2019-01-18 10:47:12.041003,2019-01-18 10:47:28.796997
321,ID_21,7,0.5,"[13, 9, 10, 14, 15, 16, 12, 8, 4, 3, 7, 6, 5, 1]",14,"[1, 2, 3, 4, 6, 9, 10, 11, 13, 14]",9,2.25,2.5,2019-01-18 10:48:36.002999,2019-01-18 10:48:36.002999,2019-01-18 10:48:33.752999,2019-01-18 10:48:51.009003
322,ID_21,8,0.5,"[13, 14, 15, 16, 12, 11, 7, 8, 3, 2, 1, 5, 9, 10]",14,"[1, 4, 5, 6, 7, 11, 13, 14]",7,1.75,2.0,2019-01-18 10:50:00.087999,2019-01-18 10:49:59.842999,2019-01-18 10:49:58.092999,2019-01-18 10:50:15.096004
323,ID_21,9,0.5,"[13, 9, 5, 6, 10, 11, 11, 15, 16, 12, 8, 4, 3, 7]",14,"[1, 3, 4, 5, 8, 9, 12, 13, 14]",8,2.0,2.25,2019-01-18 10:51:24.170997,2019-01-18 10:51:23.925001,2019-01-18 10:51:21.925001,2019-01-18 10:51:39.176005
324,ID_24,1,0.0,"[13, 9, 5, 1, 2, 3, 7, 11, 12, 8, 4]",11,"[1, 4, 6, 8, 9, 11]",5,2.5,2.5,2019-01-21 11:52:19.724997,2019-01-21 11:52:19.724997,2019-01-21 11:52:17.224997,2019-01-21 11:52:34.748995
325,ID_24,2,0.0,"[13, 14, 10, 11, 12, 8, 4, 3, 2]",9,"[1, 2, 3, 5, 7, 9]",5,2.5,2.5,2019-01-21 11:53:45.911001,2019-01-21 11:53:45.666001,2019-01-21 11:53:43.166001,2019-01-21 11:54:00.918001
326,ID_24,3,0.0,"[13, 9, 5, 6, 10, 14, 15, 16, 12, 8, 4]",11,"[1, 3, 4, 6, 8, 11]",5,2.5,2.5,2019-01-21 11:55:12.245003,2019-01-21 11:55:12.000003,2019-01-21 11:55:09.500003,2019-01-21 11:55:27.252002
327,ID_24,4,0.0,"[13, 14, 15, 11, 10, 9, 5, 6, 7, 8, 4, 3, 2, 1]",14,"[1, 3, 4, 6, 7, 10, 11, 14]",7,3.5,3.5,2019-01-21 11:56:37.697999,2019-01-21 11:56:37.697999,2019-01-21 11:56:34.197999,2019-01-21 11:56:52.704003
328,ID_24,5,0.0,"[13, 9, 10, 11, 15, 16, 12, 8, 4, 3, 2, 1, 5]",13,"[1, 2, 4, 5, 6, 9, 12, 13]",7,3.5,3.5,2019-01-21 11:58:03.154003,2019-01-21 11:58:03.154003,2019-01-21 11:57:59.654003,2019-01-21 11:58:18.161003
329,ID_24,6,0.0,"[13, 9, 5, 1, 2, 6, 10, 14, 15, 16, 12, 8, 4, 3, 7, 11]",16,"[1, 4, 5, 8, 10, 13, 14, 16]",7,3.5,3.5,2019-01-21 11:59:29.848997,2019-01-21 11:59:29.848997,2019-01-21 11:59:26.348997,2019-01-21 11:59:44.855996
330,ID_24,7,0.0,"[13, 9, 10, 14, 15, 16, 12, 8, 4, 3, 7, 6, 5, 1]",14,"[1, 2, 3, 4, 6, 9, 10, 11, 13, 14]",9,4.5,4.5,2019-01-21 12:00:52.544998,2019-01-21 12:00:52.544998,2019-01-21 12:00:48.044998,2019-01-21 12:01:07.551002
331,ID_24,8,0.0,"[13, 14, 15, 16, 12, 11, 7, 8, 3, 2, 1, 5, 9, 10]",14,"[1, 4, 5, 6, 7, 11, 13, 14]",7,3.5,3.5,2019-01-21 12:02:17.487999,2019-01-21 12:02:17.242004,2019-01-21 12:02:13.742004,2019-01-21 12:02:32.494999
332,ID_24,9,0.0,"[13, 9, 5, 6, 10, 11, 11, 15, 16, 12, 8, 4, 3, 7]",14,"[1, 3, 4, 5, 8, 9, 12, 13, 14]",8,4.0,4.0,2019-01-21 12:03:45.432996,2019-01-21 12:03:45.432996,2019-01-21 12:03:41.432996,2019-01-21 12:04:00.439995
333,ID_24,1,0.25,"[13, 9, 5, 1, 2, 3, 7, 11, 12, 8, 4]",11,"[1, 4, 6, 8, 9, 11]",5,1.875,2.0,2019-01-21 12:05:14.251997,2019-01-21 12:05:14.006997,2019-01-21 12:05:12.131997,2019-01-21 12:05:29.258997
334,ID_24,2,0.25,"[13, 14, 10, 11, 12, 8, 4, 3, 2]",9,"[1, 2, 3, 5, 7, 9]",5,1.875,2.0,2019-01-21 12:06:42.953004,2019-01-21 12:06:42.953004,2019-01-21 12:06:41.078004,2019-01-21 12:06:57.960004
335,ID_24,3,0.25,"[13, 9, 5, 6, 10, 14, 15, 16, 12, 8, 4]",11,"[1, 3, 4, 6, 8, 11]",5,1.875,2.0,2019-01-21 12:08:10.149001,2019-01-21 12:08:10.149001,2019-01-21 12:08:08.274001,2019-01-21 12:08:25.156001
336,ID_24,4,0.25,"[13, 14, 15, 11, 10, 9, 5, 6, 7, 8, 4, 3, 2, 1]",14,"[1, 3, 4, 6, 7, 10, 11, 14]",7,2.625,2.75,2019-01-21 12:09:34.093999,2019-01-21 12:09:34.093999,2019-01-21 12:09:31.468999,2019-01-21 12:09:49.102005
337,ID_24,5,0.25,"[13, 9, 10, 11, 15, 16, 12, 8, 4, 3, 2, 1, 5]",13,"[1, 2, 4, 5, 6, 9, 12, 13]",7,2.625,2.75,2019-01-21 12:10:58.302002,2019-01-21 12:10:58.302002,2019-01-21 12:10:55.677002,2019-01-21 12:11:13.307995
338,ID_24,6,0.25,"[13, 9, 5, 1, 2, 6, 10, 14, 15, 16, 12, 8, 4, 3, 7, 11]",16,"[1, 4, 5, 8, 10, 13, 14, 16]",7,2.625,2.75,2019-01-21 12:12:22.746997,2019-01-21 12:12:22.748003,2019-01-21 12:12:20.123003,2019-01-21 12:12:37.753001
339,ID_24,7,0.25,"[13, 9, 10, 14, 15, 16, 12, 8, 4, 3, 7, 6, 5, 1]",14,"[1, 2, 3, 4, 6, 9, 10, 11, 13, 14]",9,3.375,3.5,2019-01-21 12:13:50.205998,2019-01-21 12:13:50.205998,2019-01-21 12:13:46.830998,2019-01-21 12:14:05.212002
340,ID_24,8,0.25,"[13, 14, 15, 16, 12, 11, 7, 8, 3, 2, 1, 5, 9, 10]",14,"[1, 4, 5, 6, 7, 11, 13, 14]",7,2.625,2.75,2019-01-21 12:15:19.291000,2019-01-21 12:15:19.045005,2019-01-21 12:15:16.420005,2019-01-21 12:15:34.297004
341,ID_24,9,0.25,"[13, 9, 5, 6, 10, 11, 11, 15, 16, 12, 8, 4, 3, 7]",14,"[1, 3, 4, 5, 8, 9, 12, 13, 14]",8,3.0,3.125,2019-01-21 12:16:46.500002,2019-01-21 12:16:46.500002,2019-01-21 12:16:43.500002,2019-01-21 12:17:01.505996
342,ID_24,1,0.5,"[13, 9, 5, 1, 2, 3, 7, 11, 12, 8, 4]",11,"[1, 4, 6, 8, 9, 11]",5,1.25,1.5,2019-01-21 12:18:14.199999,2019-01-21 12:18:14.199999,2019-01-21 12:18:12.949999,2019-01-21 12:18:29.206003
343,ID_24,2,0.5,"[13, 14, 10, 11, 12, 8, 4, 3, 2]",9,"[1, 2, 3, 5, 7, 9]",5,1.25,1.5,2019-01-21 12:19:39.024001,2019-01-21 12:19:38.779997,2019-01-21 12:19:37.529997,2019-01-21 12:19:54.031001
344,ID_24,3,0.5,"[13, 9, 5, 6, 10, 14, 15, 16, 12, 8, 4]",11,"[1, 3, 4, 6, 8, 11]",5,1.25,1.5,2019-01-21 12:21:05.729003,2019-01-21 12:21:05.729003,2019-01-21 12:21:04.479003,2019-01-21 12:21:20.734001
345,ID_24,4,0.5,"[13, 14, 15, 11, 10, 9, 5, 6, 7, 8, 4, 3, 2, 1]",14,"[1, 3, 4, 6, 7, 10, 11, 14]",7,1.75,2.0,2019-01-21 12:22:34.442995,2019-01-21 12:22:34.442995,2019-01-21 12:22:32.692995,2019-01-21 12:22:49.449995
346,ID_24,5,0.5,"[13, 9, 10, 11, 15, 16, 12, 8, 4, 3, 2, 1, 5]",13,"[1, 2, 4, 5, 6, 9, 12, 13]",7,1.75,2.0,2019-01-21 12:23:58.032001,2019-01-21 12:23:57.787001,2019-01-21 12:23:56.037001,2019-01-21 12:24:13.039001
347,ID_24,6,0.5,"[13, 9, 5, 1, 2, 6, 10, 14, 15, 16, 12, 8, 4, 3, 7, 11]",16,"[1, 4, 5, 8, 10, 13, 14, 16]",7,1.75,2.0,2019-01-21 12:25:23.617002,2019-01-21 12:25:23.372003,2019-01-21 12:25:21.622003,2019-01-21 12:25:38.624002
348,ID_24,7,0.5,"[13, 9, 10, 14, 15, 16, 12, 8, 4, 3, 7, 6, 5, 1]",14,"[1, 2, 3, 4, 6, 9, 10, 11, 13, 14]",9,2.25,2.5,2019-01-21 12:26:47.077996,2019-01-21 12:26:47.077996,2019-01-21 12:26:44.827996,2019-01-21 12:27:02.084996
349,ID_24,8,0.5,"[13, 14, 15, 16, 12, 11, 7, 8, 3, 2, 1, 5, 9, 10]",14,"[1, 4, 5, 6, 7, 11, 13, 14]",7,1.75,2.0,2019-01-21 12:28:09.913998,2019-01-21 12:28:09.668003,2019-01-21 12:28:07.918003,2019-01-21 12:28:24.920002
350,ID_24,9,0.5,"[13, 9, 5, 6, 10, 11, 11, 15, 16, 12, 8, 4, 3, 7]",14,"[1, 3, 4, 5, 8, 9, 12, 13, 14]",8,2.0,2.25,2019-01-21 12:29:34.631996,2019-01-21 12:29:34.631996,2019-01-21 12:29:32.631996,2019-01-21 12:29:49.638000
351,ID_24,1,0.0,"[13, 9, 5, 1, 2, 3, 7, 11, 12, 8, 4]",11,"[1, 4, 6, 8, 9, 11]",5,2.5,2.5,2019-01-21 11:52:48.428000,2019-01-21 11:52:48.428000,2019-01-21 11:52:45.928000,2019-01-21 11:53:03.442000
352,ID_24,2,0.0,"[13, 14, 10, 11, 12, 8, 4, 3, 2]",9,"[1, 2, 3, 5, 7, 9]",5,2.5,2.5,2019-01-21 11:54:14.688998,2019-01-21 11:54:14.445004,2019-01-21 11:54:11.945004,2019-01-21 11:54:29.698000
353,ID_24,3,0.0,"[13, 9, 5, 6, 10, 14, 15, 16, 12, 8, 4]",11,"[1, 3, 4, 6, 8, 11]",5,2.5,2.5,2019-01-21 11:55:41.023996,2019-01-21 11:55:40.778000,2019-01-21 11:55:38.278000,2019-01-21 11:55:56.029004
354,ID_24,4,0.0,"[13, 14, 15, 11, 10, 9, 5, 6, 7, 8, 4, 3, 2, 1]",14,"[1, 3, 4, 6, 7, 10, 11, 14]",7,3.5,3.5,2019-01-21 11:57:05.602998,2019-01-21 11:57:05.602998,2019-01-21 11:57:02.102998,2019-01-21 11:57:20.609002
355,ID_24,5,0.0,"[13, 9, 10, 11, 15, 16, 12, 8, 4, 3, 2, 1, 5]",13,"[1, 2, 4, 5, 6, 9, 12, 13]",7,3.5,3.5,2019-01-21 11:58:32.802002,2019-01-21 11:58:32.802002,2019-01-21 11:58:29.302002,2019-01-21 11:58:47.807000
356,ID_24,6,0.0,"[13, 9, 5, 1, 2, 6, 10, 14, 15, 16, 12, 8, 4, 3, 7, 11]",16,"[1, 4, 5, 8, 10, 13, 14, 16]",7,3.5,3.5,2019-01-21 11:59:57.248003,2019-01-21 11:59:57.248003,2019-01-21 11:59:53.748003,2019-01-21 12:00:12.255003
357,ID_24,7,0.0,"[13, 9, 10, 14, 15, 16, 12, 8, 4, 3, 7, 6, 5, 1]",14,"[1, 2, 3, 4, 6, 9, 10, 11, 13, 14]",9,4.5,4.5,2019-01-21 12:01:20.442000,2019-01-21 12:01:20.442000,2019-01-21 12:01:15.942000,2019-01-21 12:01:35.448004
358,ID_24,8,0.0,"[13, 14, 15, 16, 12, 11, 7, 8, 3, 2, 1, 5, 9, 10]",14,"[1, 4, 5, 6, 7, 11, 13, 14]",7,3.5,3.5,2019-01-21 12:02:46.636000,2019-01-21 12:02:46.391001,2019-01-21 12:02:42.891001,2019-01-21 12:03:01.643000
359,ID_24,9,0.0,"[13, 9, 5, 6, 10, 11, 11, 15, 16, 12, 8, 4, 3, 7]",14,"[1, 3, 4, 5, 8, 9, 12, 13, 14]",8,4.0,4.0,2019-01-21 12:04:15.082000,2019-01-21 12:04:15.082000,2019-01-21 12:04:11.082000,2019-01-21 12:04:30.089000
360,ID_24,1,0.25,"[13, 9, 5, 1, 2, 3, 7, 11, 12, 8, 4]",11,"[1, 4, 6, 8, 9, 11]",5,1.875,2.0,2019-01-21 12:05:43.775997,2019-01-21 12:05:43.530997,2019-01-21 12:05:41.655997,2019-01-21 12:05:58.780995
361,ID_24,2,0.25,"[13, 14, 10, 11, 12, 8, 4, 3, 2]",9,"[1, 2, 3, 5, 7, 9]",5,1.875,2.0,2019-01-21 12:07:12.599997,2019-01-21 12:07:12.599997,2019-01-21 12:07:10.724997,2019-01-21 12:07:27.606997
362,ID_24,3,0.25,"[13, 9, 5, 6, 10, 14, 15, 16, 12, 8, 4]",11,"[1, 3, 4, 6, 8, 11]",5,1.875,2.0,2019-01-21 12:08:38.046999,2019-01-21 12:08:38.046999,2019-01-21 12:08:36.171999,2019-01-21 12:08:53.053999
363,ID_24,4,0.25,"[13, 14, 15, 11, 10, 9, 5, 6, 7, 8, 4, 3, 2, 1]",14,"[1, 3, 4, 6, 7, 10, 11, 14]",7,2.625,2.75,2019-01-21 12:10:02.250002,2019-01-21 12:10:02.250002,2019-01-21 12:09:59.625002,2019-01-21 12:10:17.255996
364,ID_24,5,0.25,"[13, 9, 10, 11, 15, 16, 12, 8, 4, 3, 2, 1, 5]",13,"[1, 2, 4, 5, 6, 9, 12, 13]",7,2.625,2.75,2019-01-21 12:11:26.200000,2019-01-21 12:11:26.200000,2019-01-21 12:11:23.575000,2019-01-21 12:11:41.206004
365,ID_24,6,0.25,"[13, 9, 5, 1, 2, 6, 10, 14, 15, 16, 12, 8, 4, 3, 7, 11]",16,"[1, 4, 5, 8, 10, 13, 14, 16]",7,2.625,2.75,2019-01-21 12:12:51.400996,2019-01-21 12:12:51.400996,2019-01-21 12:12:48.775996,2019-01-21 12:13:06.407000
366,ID_24,7,0.25,"[13, 9, 10, 14, 15, 16, 12, 8, 4, 3, 7, 6, 5, 1]",14,"[1, 2, 3, 4, 6, 9, 10, 11, 13, 14]",9,3.375,3.5,2019-01-21 12:14:20.364002,2019-01-21 12:14:20.364002,2019-01-21 12:14:16.989002,2019-01-21 12:14:35.369995
367,ID_24,8,0.25,"[13, 14, 15, 16, 12, 11, 7, 8, 3, 2, 1, 5, 9, 10]",14,"[1, 4, 5, 6, 7, 11, 13, 14]",7,2.625,2.75,2019-01-21 12:15:48.068998,2019-01-21 12:15:47.823002,2019-01-21 12:15:45.198002,2019-01-21 12:16:03.075002
368,ID_24,9,0.25,"[13, 9, 5, 6, 10, 11, 11, 15, 16, 12, 8, 4, 3, 7]",14,"[1, 3, 4, 5, 8, 9, 12, 13, 14]",8,3.0,3.125,2019-01-21 12:17:16.148997,2019-01-21 12:17:16.148997,2019-01-21 12:17:13.148997,2019-01-21 12:17:31.155001
369,ID_24,1,0.5,"[13, 9, 5, 1, 2, 3, 7, 11, 12, 8, 4]",11,"[1, 4, 6, 8, 9, 11]",5,1.25,1.5,2019-01-21 12:18:42.601002,2019-01-21 12:18:42.601002,2019-01-21 12:18:41.351002,2019-01-21 12:18:57.606996
370,ID_24,2,0.5,"[13, 14, 10, 11, 12, 8, 4, 3, 2]",9,"[1, 2, 3, 5, 7, 9]",5,1.25,1.5,2019-01-21 12:20:07.054004,2019-01-21 12:20:06.810000,2019-01-21 12:20:05.560000,2019-01-21 12:20:22.059998
371,ID_24,3,0.5,"[13, 9, 5, 6, 10, 14, 15, 16, 12, 8, 4]",11,"[1, 3, 4, 6, 8, 11]",5,1.25,1.5,2019-01-21 12:21:36.380999,2019-01-21 12:21:36.380999,2019-01-21 12:21:35.130999,2019-01-21 12:21:51.387003
372,ID_24,4,0.5,"[13, 14, 15, 11, 10, 9, 5, 6, 7, 8, 4, 3, 2, 1]",14,"[1, 3, 4, 6, 7, 10, 11, 14]",7,1.75,2.0,2019-01-21 12:23:01.844003,2019-01-21 12:23:01.844003,2019-01-21 12:23:00.094003,2019-01-21 12:23:16.849997
373,ID_24,5,0.5,"[13, 9, 10, 11, 15, 16, 12, 8, 4, 3, 2, 1, 5]",13,"[1, 2, 4, 5, 6, 9, 12, 13]",7,1.75,2.0,2019-01-21 12:24:26.812000,2019-01-21 12:24:26.567000,2019-01-21 12:24:24.817000,2019-01-21 12:24:41.818999
374,ID_24,6,0.5,"[13, 9, 5, 1, 2, 6, 10, 14, 15, 16, 12, 8, 4, 3, 7, 11]",16,"[1, 4, 5, 8, 10, 13, 14, 16]",7,1.75,2.0,2019-01-21 12:25:51.645004,2019-01-21 12:25:51.398998,2019-01-21 12:25:49.648998,2019-01-21 12:26:06.650002
375,ID_24,7,0.5,"[13, 9, 10, 14, 15, 16, 12, 8, 4, 3, 7, 6, 5, 1]",14,"[1, 2, 3, 4, 6, 9, 10, 11, 13, 14]",9,2.25,2.5,2019-01-21 12:27:14.480996,2019-01-21 12:27:14.480996,2019-01-21 12:27:12.230996,2019-01-21 12:27:29.487000
376,ID_24,8,0.5,"[13, 14, 15, 16, 12, 11, 7, 8, 3, 2, 1, 5, 9, 10]",14,"[1, 4, 5, 6, 7, 11, 13, 14]",7,1.75,2.0,2019-01-21 12:28:37.941999,2019-01-21 12:28:37.697000,2019-01-21 12:28:35.947000,2019-01-21 12:28:52.948999
377,ID_24,9,0.5,"[13, 9, 5, 6, 10, 11, 11, 15, 16, 12, 8, 4, 3, 7]",14,"[1, 3, 4, 5, 8, 9, 12, 13, 14]",8,2.0,2.25,2019-01-21 12:30:03.287000,2019-01-21 12:30:03.287000,2019-01-21 12:30:01.287000,2019-01-21 12:30:18.293004
378,ID_24,1,0.0,"[13, 9, 5, 1, 2, 3, 7, 11, 12, 8, 4]",11,"[1, 4, 6, 8, 9, 11]",5,2.5,2.5,2019-01-21 11:53:17.126003,2019-01-21 11:53:17.126003,2019-01-21 11:53:14.626003,2019-01-21 11:53:32.135005
379,ID_24,2,0.0,"[13, 14, 10, 11, 12, 8, 4, 3, 2]",9,"[1, 2, 3, 5, 7, 9]",5,2.5,2.5,2019-01-21 11:54:43.466000,2019-01-21 11:54:43.221996,2019-01-21 11:54:40.721996,2019-01-21 11:54:58.475001
380,ID_24,3,0.0,"[13, 9, 5, 6, 10, 14, 15, 16, 12, 8, 4]",11,"[1, 3, 4, 6, 8, 11]",5,2.5,2.5,2019-01-21 11:56:09.795002,2019-01-21 11:56:09.550003,2019-01-21 11:56:07.050003,2019-01-21 11:56:24.800996
381,ID_24,4,0.0,"[13, 14, 15, 11, 10, 9, 5, 6, 7, 8, 4, 3, 2, 1]",14,"[1, 3, 4, 6, 7, 10, 11, 14]",7,3.5,3.5,2019-01-21 11:57:33.500996,2019-01-21 11:57:33.500996,2019-01-21 11:57:30.000996,2019-01-21 11:57:48.507000
382,ID_24,5,0.0,"[13, 9, 10, 11, 15, 16, 12, 8, 4, 3, 2, 1, 5]",13,"[1, 2, 4, 5, 6, 9, 12, 13]",7,3.5,3.5,2019-01-21 11:59:02.450996,2019-01-21 11:59:02.450996,2019-01-21 11:58:58.950996,2019-01-21 11:59:17.457000
383,ID_24,6,0.0,"[13, 9, 5, 1, 2, 6, 10, 14, 15, 16, 12, 8, 4, 3, 7, 11]",16,"[1, 4, 5, 8, 10, 13, 14, 16]",7,3.5,3.5,2019-01-21 12:00:24.644998,2019-01-21 12:00:24.644998,2019-01-21 12:00:21.144998,2019-01-21 12:00:39.649996
384,ID_24,7,0.0,"[13, 9, 10, 14, 15, 16, 12, 8, 4, 3, 7, 6, 5, 1]",14,"[1, 2, 3, 4, 6, 9, 10, 11, 13, 14]",9,4.5,4.5,2019-01-21 12:01:48.339002,2019-01-21 12:01:48.339002,2019-01-21 12:01:43.839002,2019-01-21 12:02:03.346002
385,ID_24,8,0.0,"[13, 14, 15, 16, 12, 11, 7, 8, 3, 2, 1, 5, 9, 10]",14,"[1, 4, 5, 6, 7, 11, 13, 14]",7,3.5,3.5,2019-01-21 12:03:15.782996,2019-01-21 12:03:15.539002,2019-01-21 12:03:12.039002,2019-01-21 12:03:30.789995
386,ID_24,9,0.0,"[13, 9, 5, 6, 10, 11, 11, 15, 16, 12, 8, 4, 3, 7]",14,"[1, 3, 4, 5, 8, 9, 12, 13, 14]",8,4.0,4.0,2019-01-21 12:04:44.729999,2019-01-21 12:04:44.729999,2019-01-21 12:04:40.729999,2019-01-21 12:04:59.736998
387,ID_24,1,0.25,"[13, 9, 5, 1, 2, 3, 7, 11, 12, 8, 4]",11,"[1, 4, 6, 8, 9, 11]",5,1.875,2.0,2019-01-21 12:06:13.299997,2019-01-21 12:06:13.054001,2019-01-21 12:06:11.179001,2019-01-21 12:06:28.304995
388,ID_24,2,0.25,"[13, 14, 10, 11, 12, 8, 4, 3, 2]",9,"[1, 2, 3, 5, 7, 9]",5,1.875,2.0,2019-01-21 12:07:42.247996,2019-01-21 12:07:42.247996,2019-01-21 12:07:40.372996,2019-01-21 12:07:57.254000
389,ID_24,3,0.25,"[13, 9, 5, 6, 10, 14, 15, 16, 12, 8, 4]",11,"[1, 3, 4, 6, 8, 11]",5,1.875,2.0,2019-01-21 12:09:05.944001,2019-01-21 12:09:05.944001,2019-01-21 12:09:04.069001,2019-01-21 12:09:20.951997
390,ID_24,4,0.25,"[13, 14, 15, 11, 10, 9, 5, 6, 7, 8, 4, 3, 2, 1]",14,"[1, 3, 4, 6, 7, 10, 11, 14]",7,2.625,2.75,2019-01-21 12:10:30.399005,2019-01-21 12:10:30.399005,2019-01-21 12:10:27.774005,2019-01-21 12:10:45.407000
391,ID_24,5,0.25,"[13, 9, 10, 11, 15, 16, 12, 8, 4, 3, 2, 1, 5]",13,"[1, 2, 4, 5, 6, 9, 12, 13]",7,2.625,2.75,2019-01-21 12:11:54.099003,2019-01-21 12:11:54.099003,2019-01-21 12:11:51.474003,2019-01-21 12:12:09.104001
392,ID_24,6,0.25,"[13, 9, 5, 1, 2, 6, 10, 14, 15, 16, 12, 8, 4, 3, 7, 11]",16,"[1, 4, 5, 8, 10, 13, 14, 16]",7,2.625,2.75,2019-01-21 12:13:20.053003,2019-01-21 12:13:20.053003,2019-01-21 12:13:17.428003,2019-01-21 12:13:35.058997
393,ID_24,7,0.25,"[13, 9, 10, 14, 15, 16, 12, 8, 4, 3, 7, 6, 5, 1]",14,"[1, 2, 3, 4, 6, 9, 10, 11, 13, 14]",9,3.375,3.5,2019-01-21 12:14:50.513999,2019-01-21 12:14:50.513999,2019-01-21 12:14:47.138999,2019-01-21 12:15:05.520003
394,ID_24,8,0.25,"[13, 14, 15, 16, 12, 11, 7, 8, 3, 2, 1, 5, 9, 10]",14,"[1, 4, 5, 6, 7, 11, 13, 14]",7,2.625,2.75,2019-01-21 12:16:16.848001,2019-01-21 12:16:16.603997,2019-01-21 12:16:13.978997,2019-01-21 12:16:31.855000
395,ID_24,9,0.25,"[13, 9, 5, 6, 10, 11, 11, 15, 16, 12, 8, 4, 3, 7]",14,"[1, 3, 4, 5, 8, 9, 12, 13, 14]",8,3.0,3.125,2019-01-21 12:17:45.798001,2019-01-21 12:17:45.798001,2019-01-21 12:17:42.798001,2019-01-21 12:18:00.805001
396,ID_24,1,0.5,"[13, 9, 5, 1, 2, 3, 7, 11, 12, 8, 4]",11,"[1, 4, 6, 8, 9, 11]",5,1.25,1.5,2019-01-21 12:19:11.000003,2019-01-21 12:19:11.000003,2019-01-21 12:19:09.750003,2019-01-21 12:19:26.005997
397,ID_24,2,0.5,"[13, 14, 10, 11, 12, 8, 4, 3, 2]",9,"[1, 2, 3, 5, 7, 9]",5,1.25,1.5,2019-01-21 12:20:35.078002,2019-01-21 12:20:34.833998,2019-01-21 12:20:33.583998,2019-01-21 12:20:50.085002
398,ID_24,3,0.5,"[13, 9, 5, 6, 10, 14, 15, 16, 12, 8, 4]",11,"[1, 3, 4, 6, 8, 11]",5,1.25,1.5,2019-01-21 12:22:07.039000,2019-01-21 12:22:07.039000,2019-01-21 12:22:05.789000,2019-01-21 12:22:22.045004
399,ID_24,4,0.5,"[13, 14, 15, 11, 10, 9, 5, 6, 7, 8, 4, 3, 2, 1]",14,"[1, 3, 4, 6, 7, 10, 11, 14]",7,1.75,2.0,2019-01-21 12:23:29.255995,2019-01-21 12:23:29.255995,2019-01-21 12:23:27.505995,2019-01-21 12:23:44.261003
400,ID_24,5,0.5,"[13, 9, 10, 11, 15, 16, 12, 8, 4, 3, 2, 1, 5]",13,"[1, 2, 4, 5, 6, 9, 12, 13]",7,1.75,2.0,2019-01-21 12:24:55.589997,2019-01-21 12:24:55.344997,2019-01-21 12:24:53.594997,2019-01-21 12:25:10.596001
401,ID_24,6,0.5,"[13, 9, 5, 1, 2, 6, 10, 14, 15, 16, 12, 8, 4, 3, 7, 11]",16,"[1, 4, 5, 8, 10, 13, 14, 16]",7,1.75,2.0,2019-01-21 12:26:19.671999,2019-01-21 12:26:19.426999,2019-01-21 12:26:17.676999,2019-01-21 12:26:34.678999
402,ID_24,7,0.5,"[13, 9, 10, 14, 15, 16, 12, 8, 4, 3, 7, 6, 5, 1]",14,"[1, 2, 3, 4, 6, 9, 10, 11, 13, 14]",9,2.25,2.5,2019-01-21 12:27:41.883995,2019-01-21 12:27:41.883995,2019-01-21 12:27:39.633995,2019-01-21 12:27:56.890995
403,ID_24,8,0.5,"[13, 14, 15, 16, 12, 11, 7, 8, 3, 2, 1, 5, 9, 10]",14,"[1, 4, 5, 6, 7, 11, 13, 14]",7,1.75,2.0,2019-01-21 12:29:05.970001,2019-01-21 12:29:05.725001,2019-01-21 12:29:03.975001,2019-01-21 12:29:20.976005
404,ID_24,9,0.5,"[13, 9, 5, 6, 10, 11, 11, 15, 16, 12, 8, 4, 3, 7]",14,"[1, 3, 4, 5, 8, 9, 12, 13, 14]",8,2.0,2.25,2019-01-21 12:30:31.940003,2019-01-21 12:30:31.940003,2019-01-21 12:30:29.940003,2019-01-21 12:30:46.947003
405,ID_31,1,0.0,"[13, 9, 5, 1, 2, 3, 7, 11, 12, 8, 4]",11,"[1, 4, 6, 8, 9, 11]",5,2.5,2.5,2019-01-25 09:56:48.117000,2019-01-25 09:56:48.117000,2019-01-25 09:56:45.617000,2019-01-25 09:57:03.142004
406,ID_31,2,0.0,"[13, 14, 10, 11, 12, 8, 4, 3, 2]",9,"[1, 2, 3, 5, 7, 9]",5,2.5,2.5,2019-01-25 09:58:13.681000,2019-01-25 09:58:13.687005,2019-01-25 09:58:11.187005,2019-01-25 09:58:28.695996
407,ID_31,3,0.0,"[13, 9, 5, 6, 10, 14, 15, 16, 12, 8, 4]",11,"[1, 3, 4, 6, 8, 11]",5,2.5,2.5,2019-01-25 09:59:41.648004,2019-01-25 09:59:41.648004,2019-01-25 09:59:39.148004,2019-01-25 09:59:56.655004
408,ID_31,4,0.0,"[13, 14, 15, 11, 10, 9, 5, 6, 7, 8, 4, 3, 2, 1]",14,"[1, 3, 4, 6, 7, 10, 11, 14]",7,3.5,3.5,2019-01-25 10:01:08.480997,2019-01-25 10:01:08.235997,2019-01-25 10:01:04.735997,2019-01-25 10:01:23.487997
409,ID_31,5,0.0,"[13, 9, 10, 11, 15, 16, 12, 8, 4, 3, 2, 1, 5]",13,"[1, 2, 4, 5, 6, 9, 12, 13]",7,3.5,3.5,2019-01-25 10:02:35.563003,2019-01-25 10:02:35.318004,2019-01-25 10:02:31.818004,2019-01-25 10:02:50.568997
410,ID_31,6,0.0,"[13, 9, 5, 1, 2, 6, 10, 14, 15, 16, 12, 8, 4, 3, 7, 11]",16,"[1, 4, 5, 8, 10, 13, 14, 16]",7,3.5,3.5,2019-01-25 10:04:02.257997,2019-01-25 10:04:02.257997,2019-01-25 10:03:58.757997,2019-01-25 10:04:17.264996
411,ID_31,7,0.0,"[13, 9, 10, 14, 15, 16, 12, 8, 4, 3, 7, 6, 5, 1]",14,"[1, 2, 3, 4, 6, 9, 10, 11, 13, 14]",9,4.5,4.5,2019-01-25 10:05:32.339996,2019-01-25 10:05:32.096003,2019-01-25 10:05:27.596003,2019-01-25 10:05:47.348002
412,ID_31,8,0.0,"[13, 14, 15, 16, 12, 11, 7, 8, 3, 2, 1, 5, 9, 10]",14,"[1, 4, 5, 6, 7, 11, 13, 14]",7,3.5,3.5,2019-01-25 10:06:58.673002,2019-01-25 10:06:58.428998,2019-01-25 10:06:54.928998,2019-01-25 10:07:13.680998
413,ID_31,9,0.0,"[13, 9, 5, 6, 10, 11, 11, 15, 16, 12, 8, 4, 3, 7]",14,"[1, 3, 4, 5, 8, 9, 12, 13, 14]",8,4.0,4.0,2019-01-25 10:08:25.870005,2019-01-25 10:08:25.870005,2019-01-25 10:08:21.870005,2019-01-25 10:08:40.877004
414,ID_31,1,0.25,"[13, 9, 5, 1, 2, 3, 7, 11, 12, 8, 4]",11,"[1, 4, 6, 8, 9, 11]",5,1.875,2.0,2019-01-25 10:09:54.814000,2019-01-25 10:09:54.814000,2019-01-25 10:09:52.939000,2019-01-25 10:10:09.820004
415,ID_31,2,0.25,"[13, 14, 10, 11, 12, 8, 4, 3, 2]",9,"[1, 2, 3, 5, 7, 9]",5,1.875,2.0,2019-01-25 10:11:21.512001,2019-01-25 10:11:21.512001,2019-01-25 10:11:19.637001,2019-01-25 10:11:36.519001
416,ID_31,3,0.25,"[13, 9, 5, 6, 10, 14, 15, 16, 12, 8, 4]",11,"[1, 3, 4, 6, 8, 11]",5,1.875,2.0,2019-01-25 10:12:44.724002,2019-01-25 10:12:44.724002,2019-01-25 10:12:42.849002,2019-01-25 10:12:59.729996
417,ID_31,4,0.25,"[13, 14, 15, 11, 10, 9, 5, 6, 7, 8, 4, 3, 2, 1]",14,"[1, 3, 4, 6, 7, 10, 11, 14]",7,2.625,2.75,2019-01-25 10:14:09.674004,2019-01-25 10:14:09.674004,2019-01-25 10:14:07.049004,2019-01-25 10:14:24.681004
418,ID_31,5,0.25,"[13, 9, 10, 11, 15, 16, 12, 8, 4, 3, 2, 1, 5]",13,"[1, 2, 4, 5, 6, 9, 12, 13]",7,2.625,2.75,2019-01-25 10:15:33.883998,2019-01-25 10:15:33.883998,2019-01-25 10:15:31.258998,2019-01-25 10:15:48.890002
419,ID_31,6,0.25,"[13, 9, 5, 1, 2, 6, 10, 14, 15, 16, 12, 8, 4, 3, 7, 11]",16,"[1, 4, 5, 8, 10, 13, 14, 16]",7,2.625,2.75,2019-01-25 10:16:57.090004,2019-01-25 10:16:57.090004,2019-01-25 10:16:54.465004,2019-01-25 10:17:12.095998
420,ID_31,7,0.25,"[13, 9, 10, 14, 15, 16, 12, 8, 4, 3, 7, 6, 5, 1]",14,"[1, 2, 3, 4, 6, 9, 10, 11, 13, 14]",9,3.375,3.5,2019-01-25 10:18:20.671003,2019-01-25 10:18:20.426003,2019-01-25 10:18:17.051003,2019-01-25 10:18:35.676997
421,ID_31,8,0.25,"[13, 14, 15, 16, 12, 11, 7, 8, 3, 2, 1, 5, 9, 10]",14,"[1, 4, 5, 6, 7, 11, 13, 14]",7,2.625,2.75,2019-01-25 10:19:46.873000,2019-01-25 10:19:46.873000,2019-01-25 10:19:44.248000,2019-01-25 10:20:01.880995
422,ID_31,9,0.25,"[13, 9, 5, 6, 10, 11, 11, 15, 16, 12, 8, 4, 3, 7]",14,"[1, 3, 4, 5, 8, 9, 12, 13, 14]",8,3.0,3.125,2019-01-25 10:21:12.108999,2019-01-25 10:21:12.108999,2019-01-25 10:21:09.108999,2019-01-25 10:21:27.115999
423,ID_31,1,0.5,"[13, 9, 5, 1, 2, 3, 7, 11, 12, 8, 4]",11,"[1, 4, 6, 8, 9, 11]",5,1.25,1.5,2019-01-25 10:22:36.571003,2019-01-25 10:22:36.571003,2019-01-25 10:22:35.321003,2019-01-25 10:22:51.578003
424,ID_31,2,0.5,"[13, 14, 10, 11, 12, 8, 4, 3, 2]",9,"[1, 2, 3, 5, 7, 9]",5,1.25,1.5,2019-01-25 10:24:03.531002,2019-01-25 10:24:03.531002,2019-01-25 10:24:02.281002,2019-01-25 10:24:18.538002
425,ID_31,3,0.5,"[13, 9, 5, 6, 10, 14, 15, 16, 12, 8, 4]",11,"[1, 3, 4, 6, 8, 11]",5,1.25,1.5,2019-01-25 10:25:32.001997,2019-01-25 10:25:31.756001,2019-01-25 10:25:30.506001,2019-01-25 10:25:47.008001
426,ID_31,4,0.5,"[13, 14, 15, 11, 10, 9, 5, 6, 7, 8, 4, 3, 2, 1]",14,"[1, 3, 4, 6, 7, 10, 11, 14]",7,1.75,2.0,2019-01-25 10:26:58.207997,2019-01-25 10:26:58.207997,2019-01-25 10:26:56.457997,2019-01-25 10:27:13.214001
427,ID_31,5,0.5,"[13, 9, 10, 11, 15, 16, 12, 8, 4, 3, 2, 1, 5]",13,"[1, 2, 4, 5, 6, 9, 12, 13]",7,1.75,2.0,2019-01-25 10:28:22.793004,2019-01-25 10:28:22.546998,2019-01-25 10:28:20.796998,2019-01-25 10:28:37.800003
428,ID_31,6,0.5,"[13, 9, 5, 1, 2, 6, 10, 14, 15, 16, 12, 8, 4, 3, 7, 11]",16,"[1, 4, 5, 8, 10, 13, 14, 16]",7,1.75,2.0,2019-01-25 10:29:50.521999,2019-01-25 10:29:50.521999,2019-01-25 10:29:48.771999,2019-01-25 10:30:05.528998
429,ID_31,7,0.5,"[13, 9, 10, 14, 15, 16, 12, 8, 4, 3, 7, 6, 5, 1]",14,"[1, 2, 3, 4, 6, 9, 10, 11, 13, 14]",9,2.25,2.5,2019-01-25 10:31:18.242002,2019-01-25 10:31:18.242002,2019-01-25 10:31:15.992002,2019-01-25 10:31:33.247996
430,ID_31,8,0.5,"[13, 14, 15, 16, 12, 11, 7, 8, 3, 2, 1, 5, 9, 10]",14,"[1, 4, 5, 6, 7, 11, 13, 14]",7,1.75,2.0,2019-01-25 10:32:41.079000,2019-01-25 10:32:40.834000,2019-01-25 10:32:39.084000,2019-01-25 10:32:56.085999
431,ID_31,9,0.5,"[13, 9, 5, 6, 10, 11, 11, 15, 16, 12, 8, 4, 3, 7]",14,"[1, 3, 4, 5, 8, 9, 12, 13, 14]",8,2.0,2.25,2019-01-25 10:34:05.168002,2019-01-25 10:34:04.923998,2019-01-25 10:34:02.923998,2019-01-25 10:34:20.175002
432,ID_31,1,0.0,"[13, 9, 5, 1, 2, 3, 7, 11, 12, 8, 4]",11,"[1, 4, 6, 8, 9, 11]",5,2.5,2.5,2019-01-25 09:57:16.073004,2019-01-25 09:57:16.073004,2019-01-25 09:57:13.573004,2019-01-25 09:57:31.088000
433,ID_31,2,0.0,"[13, 14, 10, 11, 12, 8, 4, 3, 2]",9,"[1, 2, 3, 5, 7, 9]",5,2.5,2.5,2019-01-25 09:58:43.345001,2019-01-25 09:58:43.345001,2019-01-25 09:58:40.845001,2019-01-25 09:58:58.356004
434,ID_31,3,0.0,"[13, 9, 5, 6, 10, 14, 15, 16, 12, 8, 4]",11,"[1, 3, 4, 6, 8, 11]",5,2.5,2.5,2019-01-25 10:00:10.300001,2019-01-25 10:00:10.300001,2019-01-25 10:00:07.800001,2019-01-25 10:00:25.305995
435,ID_31,4,0.0,"[13, 14, 15, 11, 10, 9, 5, 6, 7, 8, 4, 3, 2, 1]",14,"[1, 3, 4, 6, 7, 10, 11, 14]",7,3.5,3.5,2019-01-25 10:01:38.006003,2019-01-25 10:01:37.761003,2019-01-25 10:01:34.261003,2019-01-25 10:01:53.011997
436,ID_31,5,0.0,"[13, 9, 10, 11, 15, 16, 12, 8, 4, 3, 2, 1, 5]",13,"[1, 2, 4, 5, 6, 9, 12, 13]",7,3.5,3.5,2019-01-25 10:03:03.585995,2019-01-25 10:03:03.340996,2019-01-25 10:02:59.840996,2019-01-25 10:03:18.594001
437,ID_31,6,0.0,"[13, 9, 5, 1, 2, 6, 10, 14, 15, 16, 12, 8, 4, 3, 7, 11]",16,"[1, 4, 5, 8, 10, 13, 14, 16]",7,3.5,3.5,2019-01-25 10:04:32.917999,2019-01-25 10:04:32.917999,2019-01-25 10:04:29.417999,2019-01-25 10:04:47.924003
438,ID_31,7,0.0,"[13, 9, 10, 14, 15, 16, 12, 8, 4, 3, 7, 6, 5, 1]",14,"[1, 2, 3, 4, 6, 9, 10, 11, 13, 14]",9,4.5,4.5,2019-01-25 10:06:01.114996,2019-01-25 10:06:00.869997,2019-01-25 10:05:56.369997,2019-01-25 10:06:16.123002
439,ID_31,8,0.0,"[13, 14, 15, 16, 12, 11, 7, 8, 3, 2, 1, 5, 9, 10]",14,"[1, 4, 5, 6, 7, 11, 13, 14]",7,3.5,3.5,2019-01-25 10:07:27.446996,2019-01-25 10:07:27.201997,2019-01-25 10:07:23.701997,2019-01-25 10:07:42.453000
440,ID_31,9,0.0,"[13, 9, 5, 6, 10, 11, 11, 15, 16, 12, 8, 4, 3, 7]",14,"[1, 3, 4, 5, 8, 9, 12, 13, 14]",8,4.0,4.0,2019-01-25 10:08:55.516997,2019-01-25 10:08:55.516997,2019-01-25 10:08:51.516997,2019-01-25 10:09:10.523997
441,ID_31,1,0.25,"[13, 9, 5, 1, 2, 3, 7, 11, 12, 8, 4]",11,"[1, 4, 6, 8, 9, 11]",5,1.875,2.0,2019-01-25 10:10:24.464000,2019-01-25 10:10:24.464000,2019-01-25 10:10:22.589000,2019-01-25 10:10:39.470004
442,ID_31,2,0.25,"[13, 14, 10, 11, 12, 8, 4, 3, 2]",9,"[1, 2, 3, 5, 7, 9]",5,1.875,2.0,2019-01-25 10:11:48.912999,2019-01-25 10:11:48.912999,2019-01-25 10:11:47.037999,2019-01-25 10:12:03.919999
443,ID_31,3,0.25,"[13, 9, 5, 6, 10, 14, 15, 16, 12, 8, 4]",11,"[1, 3, 4, 6, 8, 11]",5,1.875,2.0,2019-01-25 10:13:13.123999,2019-01-25 10:13:13.123999,2019-01-25 10:13:11.248999,2019-01-25 10:13:28.130999
444,ID_31,4,0.25,"[13, 14, 15, 11, 10, 9, 5, 6, 7, 8, 4, 3, 2, 1]",14,"[1, 3, 4, 6, 7, 10, 11, 14]",7,2.625,2.75,2019-01-25 10:14:37.827995,2019-01-25 10:14:37.827995,2019-01-25 10:14:35.202995,2019-01-25 10:14:52.833999
445,ID_31,5,0.25,"[13, 9, 10, 11, 15, 16, 12, 8, 4, 3, 2, 1, 5]",13,"[1, 2, 4, 5, 6, 9, 12, 13]",7,2.625,2.75,2019-01-25 10:16:01.783002,2019-01-25 10:16:01.783002,2019-01-25 10:15:59.158002,2019-01-25 10:16:16.790997
446,ID_31,6,0.25,"[13, 9, 5, 1, 2, 6, 10, 14, 15, 16, 12, 8, 4, 3, 7, 11]",16,"[1, 4, 5, 8, 10, 13, 14, 16]",7,2.625,2.75,2019-01-25 10:17:24.493999,2019-01-25 10:17:24.493999,2019-01-25 10:17:21.868999,2019-01-25 10:17:39.500999
447,ID_31,7,0.25,"[13, 9, 10, 14, 15, 16, 12, 8, 4, 3, 7, 6, 5, 1]",14,"[1, 2, 3, 4, 6, 9, 10, 11, 13, 14]",9,3.375,3.5,2019-01-25 10:18:49.444001,2019-01-25 10:18:49.199997,2019-01-25 10:18:45.824997,2019-01-25 10:19:04.451001
448,ID_31,8,0.25,"[13, 14, 15, 16, 12, 11, 7, 8, 3, 2, 1, 5, 9, 10]",14,"[1, 4, 5, 6, 7, 11, 13, 14]",7,2.625,2.75,2019-01-25 10:20:15.538998,2019-01-25 10:20:15.538998,2019-01-25 10:20:12.913998,2019-01-25 10:20:30.545002
449,ID_31,9,0.25,"[13, 9, 5, 6, 10, 11, 11, 15, 16, 12, 8, 4, 3, 7]",14,"[1, 3, 4, 5, 8, 9, 12, 13, 14]",8,3.0,3.125,2019-01-25 10:21:40.013997,2019-01-25 10:21:40.013997,2019-01-25 10:21:37.013997,2019-01-25 10:21:55.020001
450,ID_31,1,0.5,"[13, 9, 5, 1, 2, 3, 7, 11, 12, 8, 4]",11,"[1, 4, 6, 8, 9, 11]",5,1.25,1.5,2019-01-25 10:23:05.223996,2019-01-25 10:23:05.223996,2019-01-25 10:23:03.973996,2019-01-25 10:23:20.230000
451,ID_31,2,0.5,"[13, 14, 10, 11, 12, 8, 4, 3, 2]",9,"[1, 2, 3, 5, 7, 9]",5,1.25,1.5,2019-01-25 10:24:33.195999,2019-01-25 10:24:33.195999,2019-01-25 10:24:31.945999,2019-01-25 10:24:48.202003
452,ID_31,3,0.5,"[13, 9, 5, 6, 10, 14, 15, 16, 12, 8, 4]",11,"[1, 3, 4, 6, 8, 11]",5,1.25,1.5,2019-01-25 10:26:01.154001,2019-01-25 10:26:00.909002,2019-01-25 10:25:59.659002,2019-01-25 10:26:16.161001
453,ID_31,4,0.5,"[13, 14, 15, 11, 10, 9, 5, 6, 7, 8, 4, 3, 2, 1]",14,"[1, 3, 4, 6, 7, 10, 11, 14]",7,1.75,2.0,2019-01-25 10:27:26.109998,2019-01-25 10:27:26.109998,2019-01-25 10:27:24.359998,2019-01-25 10:27:41.116998
454,ID_31,5,0.5,"[13, 9, 10, 11, 15, 16, 12, 8, 4, 3, 2, 1, 5]",13,"[1, 2, 4, 5, 6, 9, 12, 13]",7,1.75,2.0,2019-01-25 10:28:51.573998,2019-01-25 10:28:51.328999,2019-01-25 10:28:49.578999,2019-01-25 10:29:06.580002
455,ID_31,6,0.5,"[13, 9, 5, 1, 2, 6, 10, 14, 15, 16, 12, 8, 4, 3, 7, 11]",16,"[1, 4, 5, 8, 10, 13, 14, 16]",7,1.75,2.0,2019-01-25 10:30:20.678001,2019-01-25 10:30:20.678001,2019-01-25 10:30:18.928001,2019-01-25 10:30:35.685001
456,ID_31,7,0.5,"[13, 9, 10, 14, 15, 16, 12, 8, 4, 3, 7, 6, 5, 1]",14,"[1, 2, 3, 4, 6, 9, 10, 11, 13, 14]",9,2.25,2.5,2019-01-25 10:31:45.647003,2019-01-25 10:31:45.647003,2019-01-25 10:31:43.397003,2019-01-25 10:32:00.654003
457,ID_31,8,0.5,"[13, 14, 15, 16, 12, 11, 7, 8, 3, 2, 1, 5, 9, 10]",14,"[1, 4, 5, 6, 7, 11, 13, 14]",7,1.75,2.0,2019-01-25 10:33:09.109002,2019-01-25 10:33:08.862997,2019-01-25 10:33:07.112997,2019-01-25 10:33:24.114996
458,ID_31,9,0.5,"[13, 9, 5, 6, 10, 11, 11, 15, 16, 12, 8, 4, 3, 7]",14,"[1, 3, 4, 5, 8, 9, 12, 13, 14]",8,2.0,2.25,2019-01-25 10:34:33.199997,2019-01-25 10:34:32.954997,2019-01-25 10:34:30.954997,2019-01-25 10:34:48.206001
459,ID_31,1,0.0,"[13, 9, 5, 1, 2, 3, 7, 11, 12, 8, 4]",11,"[1, 4, 6, 8, 9, 11]",5,2.5,2.5,2019-01-25 09:57:44.026996,2019-01-25 09:57:44.026996,2019-01-25 09:57:41.526996,2019-01-25 09:57:59.035998
460,ID_31,2,0.0,"[13, 14, 10, 11, 12, 8, 4, 3, 2]",9,"[1, 2, 3, 5, 7, 9]",5,2.5,2.5,2019-01-25 09:59:12.999004,2019-01-25 09:59:12.999004,2019-01-25 09:59:10.499004,2019-01-25 09:59:28.006004
461,ID_31,3,0.0,"[13, 9, 5, 6, 10, 14, 15, 16, 12, 8, 4]",11,"[1, 3, 4, 6, 8, 11]",5,2.5,2.5,2019-01-25 10:00:38.946999,2019-01-25 10:00:38.946999,2019-01-25 10:00:36.446999,2019-01-25 10:00:53.955005
462,ID_31,4,0.0,"[13, 14, 15, 11, 10, 9, 5, 6, 7, 8, 4, 3, 2, 1]",14,"[1, 3, 4, 6, 7, 10, 11, 14]",7,3.5,3.5,2019-01-25 10:02:07.535002,2019-01-25 10:02:07.288996,2019-01-25 10:02:03.788996,2019-01-25 10:02:22.540996
463,ID_31,5,0.0,"[13, 9, 10, 11, 15, 16, 12, 8, 4, 3, 2, 1, 5]",13,"[1, 2, 4, 5, 6, 9, 12, 13]",7,3.5,3.5,2019-01-25 10:03:31.608998,2019-01-25 10:03:31.365004,2019-01-25 10:03:27.865004,2019-01-25 10:03:46.617003
464,ID_31,6,0.0,"[13, 9, 5, 1, 2, 6, 10, 14, 15, 16, 12, 8, 4, 3, 7, 11]",16,"[1, 4, 5, 8, 10, 13, 14, 16]",7,3.5,3.5,2019-01-25 10:05:03.566002,2019-01-25 10:05:03.566002,2019-01-25 10:05:00.066002,2019-01-25 10:05:18.573002
465,ID_31,7,0.0,"[13, 9, 10, 14, 15, 16, 12, 8, 4, 3, 7, 6, 5, 1]",14,"[1, 2, 3, 4, 6, 9, 10, 11, 13, 14]",9,4.5,4.5,2019-01-25 10:06:29.893004,2019-01-25 10:06:29.649000,2019-01-25 10:06:25.149000,2019-01-25 10:06:44.900999
466,ID_31,8,0.0,"[13, 14, 15, 16, 12, 11, 7, 8, 3, 2, 1, 5, 9, 10]",14,"[1, 4, 5, 6, 7, 11, 13, 14]",7,3.5,3.5,2019-01-25 10:07:56.221000,2019-01-25 10:07:55.976001,2019-01-25 10:07:52.476001,2019-01-25 10:08:11.225998
467,ID_31,9,0.0,"[13, 9, 5, 6, 10, 11, 11, 15, 16, 12, 8, 4, 3, 7]",14,"[1, 3, 4, 5, 8, 9, 12, 13, 14]",8,4.0,4.0,2019-01-25 10:09:25.164996,2019-01-25 10:09:25.164996,2019-01-25 10:09:21.164996,2019-01-25 10:09:40.171000
468,ID_31,1,0.25,"[13, 9, 5, 1, 2, 3, 7, 11, 12, 8, 4]",11,"[1, 4, 6, 8, 9, 11]",5,1.875,2.0,2019-01-25 10:10:54.111999,2019-01-25 10:10:54.111999,2019-01-25 10:10:52.236999,2019-01-25 10:11:09.118999
469,ID_31,2,0.25,"[13, 14, 10, 11, 12, 8, 4, 3, 2]",9,"[1, 2, 3, 5, 7, 9]",5,1.875,2.0,2019-01-25 10:12:16.323995,2019-01-25 10:12:16.323995,2019-01-25 10:12:14.448995,2019-01-25 10:12:31.331005
470,ID_31,3,0.25,"[13, 9, 5, 6, 10, 14, 15, 16, 12, 8, 4]",11,"[1, 3, 4, 6, 8, 11]",5,1.875,2.0,2019-01-25 10:13:41.523996,2019-01-25 10:13:41.523996,2019-01-25 10:13:39.648996,2019-01-25 10:13:56.530000
471,ID_31,4,0.25,"[13, 14, 15, 11, 10, 9, 5, 6, 7, 8, 4, 3, 2, 1]",14,"[1, 3, 4, 6, 7, 10, 11, 14]",7,2.625,2.75,2019-01-25 10:15:05.983998,2019-01-25 10:15:05.983998,2019-01-25 10:15:03.358998,2019-01-25 10:15:20.990998
472,ID_31,5,0.25,"[13, 9, 10, 11, 15, 16, 12, 8, 4, 3, 2, 1, 5]",13,"[1, 2, 4, 5, 6, 9, 12, 13]",7,2.625,2.75,2019-01-25 10:16:29.685998,2019-01-25 10:16:29.685998,2019-01-25 10:16:27.060998,2019-01-25 10:16:44.692998
473,ID_31,6,0.25,"[13, 9, 5, 1, 2, 6, 10, 14, 15, 16, 12, 8, 4, 3, 7, 11]",16,"[1, 4, 5, 8, 10, 13, 14, 16]",7,2.625,2.75,2019-01-25 10:17:51.894997,2019-01-25 10:17:51.894997,2019-01-25 10:17:49.269997,2019-01-25 10:18:06.901001
474,ID_31,7,0.25,"[13, 9, 10, 14, 15, 16, 12, 8, 4, 3, 7, 6, 5, 1]",14,"[1, 2, 3, 4, 6, 9, 10, 11, 13, 14]",9,3.375,3.5,2019-01-25 10:19:18.221003,2019-01-25 10:19:17.974997,2019-01-25 10:19:14.599997,2019-01-25 10:19:33.228998
475,ID_31,8,0.25,"[13, 14, 15, 16, 12, 11, 7, 8, 3, 2, 1, 5, 9, 10]",14,"[1, 4, 5, 6, 7, 11, 13, 14]",7,2.625,2.75,2019-01-25 10:20:44.194998,2019-01-25 10:20:44.194998,2019-01-25 10:20:41.569998,2019-01-25 10:20:59.201998
476,ID_31,9,0.25,"[13, 9, 5, 6, 10, 11, 11, 15, 16, 12, 8, 4, 3, 7]",14,"[1, 3, 4, 5, 8, 9, 12, 13, 14]",8,3.0,3.125,2019-01-25 10:22:07.913997,2019-01-25 10:22:07.913997,2019-01-25 10:22:04.913997,2019-01-25 10:22:22.920001
477,ID_31,1,0.5,"[13, 9, 5, 1, 2, 3, 7, 11, 12, 8, 4]",11,"[1, 4, 6, 8, 9, 11]",5,1.25,1.5,2019-01-25 10:23:33.879996,2019-01-25 10:23:33.879996,2019-01-25 10:23:32.629996,2019-01-25 10:23:48.886000
478,ID_31,2,0.5,"[13, 14, 10, 11, 12, 8, 4, 3, 2]",9,"[1, 2, 3, 5, 7, 9]",5,1.25,1.5,2019-01-25 10:25:02.846995,2019-01-25 10:25:02.846995,2019-01-25 10:25:01.596995,2019-01-25 10:25:17.854005
479,ID_31,3,0.5,"[13, 9, 5, 6, 10, 14, 15, 16, 12, 8, 4]",11,"[1, 3, 4, 6, 8, 11]",5,1.25,1.5,2019-01-25 10:26:30.307001,2019-01-25 10:26:30.060996,2019-01-25 10:26:28.810996,2019-01-25 10:26:45.312995
480,ID_31,4,0.5,"[13, 14, 15, 11, 10, 9, 5, 6, 7, 8, 4, 3, 2, 1]",14,"[1, 3, 4, 6, 7, 10, 11, 14]",7,1.75,2.0,2019-01-25 10:27:54.014001,2019-01-25 10:27:54.014001,2019-01-25 10:27:52.264001,2019-01-25 10:28:09.021000
481,ID_31,5,0.5,"[13, 9, 10, 11, 15, 16, 12, 8, 4, 3, 2, 1, 5]",13,"[1, 2, 4, 5, 6, 9, 12, 13]",7,1.75,2.0,2019-01-25 10:29:20.367002,2019-01-25 10:29:20.120997,2019-01-25 10:29:18.370997,2019-01-25 10:29:35.372000
482,ID_31,6,0.5,"[13, 9, 5, 1, 2, 6, 10, 14, 15, 16, 12, 8, 4, 3, 7, 11]",16,"[1, 4, 5, 8, 10, 13, 14, 16]",7,1.75,2.0,2019-01-25 10:30:50.836005,2019-01-25 10:30:50.836005,2019-01-25 10:30:49.086005,2019-01-25 10:31:05.843004
483,ID_31,7,0.5,"[13, 9, 10, 14, 15, 16, 12, 8, 4, 3, 7, 6, 5, 1]",14,"[1, 2, 3, 4, 6, 9, 10, 11, 13, 14]",9,2.25,2.5,2019-01-25 10:32:13.052004,2019-01-25 10:32:13.052004,2019-01-25 10:32:10.802004,2019-01-25 10:32:28.057998
484,ID_31,8,0.5,"[13, 14, 15, 16, 12, 11, 7, 8, 3, 2, 1, 5, 9, 10]",14,"[1, 4, 5, 6, 7, 11, 13, 14]",7,1.75,2.0,2019-01-25 10:33:37.135998,2019-01-25 10:33:36.892004,2019-01-25 10:33:35.142004,2019-01-25 10:33:52.142998
485,ID_31,9,0.5,"[13, 9, 5, 6, 10, 11, 11, 15, 16, 12, 8, 4, 3, 7]",14,"[1, 3, 4, 5, 8, 9, 12, 13, 14]",8,2.0,2.25,2019-01-25 10:35:01.232001,2019-01-25 10:35:00.985996,2019-01-25 10:34:58.985996,2019-01-25 10:35:16.236999
486,ID_36,1,0.0,"[13, 9, 5, 1, 2, 3, 7, 11, 12, 8, 4]",11,"[1, 4, 6, 8, 9, 11]",5,2.5,2.5,2019-01-30 11:41:26.900003,2019-01-30 11:41:26.655999,2019-01-30 11:41:24.155999,2019-01-30 11:41:41.912997
487,ID_36,2,0.0,"[13, 14, 10, 11, 12, 8, 4, 3, 2]",9,"[1, 2, 3, 5, 7, 9]",5,2.5,2.5,2019-01-30 11:42:50.921997,2019-01-30 11:42:50.921997,2019-01-30 11:42:48.421997,2019-01-30 11:43:05.930998
488,ID_36,3,0.0,"[13, 9, 5, 6, 10, 14, 15, 16, 12, 8, 4]",11,"[1, 3, 4, 6, 8, 11]",5,2.5,2.5,2019-01-30 11:44:14.633995,2019-01-30 11:44:14.633995,2019-01-30 11:44:12.133995,2019-01-30 11:44:29.639999
489,ID_36,4,0.0,"[13, 14, 15, 11, 10, 9, 5, 6, 7, 8, 4, 3, 2, 1]",14,"[1, 3, 4, 6, 7, 10, 11, 14]",7,3.5,3.5,2019-01-30 11:45:40.588005,2019-01-30 11:45:40.588005,2019-01-30 11:45:37.088005,2019-01-30 11:45:55.593999
490,ID_36,5,0.0,"[13, 9, 10, 11, 15, 16, 12, 8, 4, 3, 2, 1, 5]",13,"[1, 2, 4, 5, 6, 9, 12, 13]",7,3.5,3.5,2019-01-30 11:47:09.674999,2019-01-30 11:47:09.429004,2019-01-30 11:47:05.929004,2019-01-30 11:47:24.681999
491,ID_36,6,0.0,"[13, 9, 5, 1, 2, 6, 10, 14, 15, 16, 12, 8, 4, 3, 7, 11]",16,"[1, 4, 5, 8, 10, 13, 14, 16]",7,3.5,3.5,2019-01-30 11:48:35.388002,2019-01-30 11:48:35.388002,2019-01-30 11:48:31.888002,2019-01-30 11:48:50.393996
492,ID_36,7,0.0,"[13, 9, 10, 14, 15, 16, 12, 8, 4, 3, 7, 6, 5, 1]",14,"[1, 2, 3, 4, 6, 9, 10, 11, 13, 14]",9,4.5,4.5,2019-01-30 11:50:00.472996,2019-01-30 11:50:00.227997,2019-01-30 11:49:55.727997,2019-01-30 11:50:15.479000
493,ID_36,8,0.0,"[13, 14, 15, 16, 12, 11, 7, 8, 3, 2, 1, 5, 9, 10]",14,"[1, 4, 5, 6, 7, 11, 13, 14]",7,3.5,3.5,2019-01-30 11:51:26.435002,2019-01-30 11:51:26.435002,2019-01-30 11:51:22.935002,2019-01-30 11:51:41.442002
494,ID_36,9,0.0,"[13, 9, 5, 6, 10, 11, 11, 15, 16, 12, 8, 4, 3, 7]",14,"[1, 3, 4, 5, 8, 9, 12, 13, 14]",8,4.0,4.0,2019-01-30 11:52:52.898002,2019-01-30 11:52:52.898002,2019-01-30 11:52:48.898002,2019-01-30 11:53:07.905001
495,ID_36,1,0.25,"[13, 9, 5, 1, 2, 3, 7, 11, 12, 8, 4]",11,"[1, 4, 6, 8, 9, 11]",5,1.875,2.0,2019-01-30 11:54:20.980998,2019-01-30 11:54:20.737004,2019-01-30 11:54:18.862004,2019-01-30 11:54:35.987002
496,ID_36,2,0.25,"[13, 14, 10, 11, 12, 8, 4, 3, 2]",9,"[1, 2, 3, 5, 7, 9]",5,1.875,2.0,2019-01-30 11:55:47.196996,2019-01-30 11:55:47.196996,2019-01-30 11:55:45.321996,2019-01-30 11:56:02.203000
497,ID_36,3,0.25,"[13, 9, 5, 6, 10, 14, 15, 16, 12, 8, 4]",11,"[1, 3, 4, 6, 8, 11]",5,1.875,2.0,2019-01-30 11:57:13.159998,2019-01-30 11:57:13.159998,2019-01-30 11:57:11.284998,2019-01-30 11:57:28.168003
498,ID_36,4,0.25,"[13, 14, 15, 11, 10, 9, 5, 6, 7, 8, 4, 3, 2, 1]",14,"[1, 3, 4, 6, 7, 10, 11, 14]",7,2.625,2.75,2019-01-30 11:58:38.518004,2019-01-30 11:58:38.273004,2019-01-30 11:58:35.648004,2019-01-30 11:58:53.525003
499,ID_36,5,0.25,"[13, 9, 10, 11, 15, 16, 12, 8, 4, 3, 2, 1, 5]",13,"[1, 2, 4, 5, 6, 9, 12, 13]",7,2.625,2.75,2019-01-30 12:00:03.773003,2019-01-30 12:00:03.526998,2019-01-30 12:00:00.901998,2019-01-30 12:00:18.778997
500,ID_36,6,0.25,"[13, 9, 5, 1, 2, 6, 10, 14, 15, 16, 12, 8, 4, 3, 7, 11]",16,"[1, 4, 5, 8, 10, 13, 14, 16]",7,2.625,2.75,2019-01-30 12:01:29.998999,2019-01-30 12:01:29.998999,2019-01-30 12:01:27.373999,2019-01-30 12:01:45.005003
501,ID_36,7,0.25,"[13, 9, 10, 14, 15, 16, 12, 8, 4, 3, 7, 6, 5, 1]",14,"[1, 2, 3, 4, 6, 9, 10, 11, 13, 14]",9,3.375,3.5,2019-01-30 12:02:54.585002,2019-01-30 12:02:54.340002,2019-01-30 12:02:50.965002,2019-01-30 12:03:09.590995
502,ID_36,8,0.25,"[13, 14, 15, 16, 12, 11, 7, 8, 3, 2, 1, 5, 9, 10]",14,"[1, 4, 5, 6, 7, 11, 13, 14]",7,2.625,2.75,2019-01-30 12:04:20.801995,2019-01-30 12:04:20.801995,2019-01-30 12:04:18.176995,2019-01-30 12:04:35.807999
503,ID_36,9,0.25,"[13, 9, 5, 6, 10, 11, 11, 15, 16, 12, 8, 4, 3, 7]",14,"[1, 3, 4, 5, 8, 9, 12, 13, 14]",8,3.0,3.125,2019-01-30 12:05:47.765997,2019-01-30 12:05:47.765997,2019-01-30 12:05:44.765997,2019-01-30 12:06:02.772001
504,ID_36,1,0.5,"[13, 9, 5, 1, 2, 3, 7, 11, 12, 8, 4]",11,"[1, 4, 6, 8, 9, 11]",5,1.25,1.5,2019-01-30 12:07:17.740001,2019-01-30 12:07:17.740001,2019-01-30 12:07:16.490001,2019-01-30 12:07:32.747001
505,ID_36,2,0.5,"[13, 14, 10, 11, 12, 8, 4, 3, 2]",9,"[1, 2, 3, 5, 7, 9]",5,1.25,1.5,2019-01-30 12:08:46.462001,2019-01-30 12:08:46.462001,2019-01-30 12:08:45.212001,2019-01-30 12:09:01.469000
506,ID_36,3,0.5,"[13, 9, 5, 6, 10, 14, 15, 16, 12, 8, 4]",11,"[1, 3, 4, 6, 8, 11]",5,1.25,1.5,2019-01-30 12:10:10.922003,2019-01-30 12:10:10.922003,2019-01-30 12:10:09.672003,2019-01-30 12:10:25.927001
507,ID_36,4,0.5,"[13, 14, 15, 11, 10, 9, 5, 6, 7, 8, 4, 3, 2, 1]",14,"[1, 3, 4, 6, 7, 10, 11, 14]",7,1.75,2.0,2019-01-30 12:11:39.756997,2019-01-30 12:11:39.511997,2019-01-30 12:11:37.761997,2019-01-30 12:11:54.763997
508,ID_36,5,0.5,"[13, 9, 10, 11, 15, 16, 12, 8, 4, 3, 2, 1, 5]",13,"[1, 2, 4, 5, 6, 9, 12, 13]",7,1.75,2.0,2019-01-30 12:13:08.480002,2019-01-30 12:13:08.480002,2019-01-30 12:13:06.730002,2019-01-30 12:13:23.487002
509,ID_36,6,0.5,"[13, 9, 5, 1, 2, 6, 10, 14, 15, 16, 12, 8, 4, 3, 7, 11]",16,"[1, 4, 5, 8, 10, 13, 14, 16]",7,1.75,2.0,2019-01-30 12:14:35.706998,2019-01-30 12:14:35.706998,2019-01-30 12:14:33.956998,2019-01-30 12:14:50.715004
510,ID_36,7,0.5,"[13, 9, 10, 14, 15, 16, 12, 8, 4, 3, 7, 6, 5, 1]",14,"[1, 2, 3, 4, 6, 9, 10, 11, 13, 14]",9,2.25,2.5,2019-01-30 12:15:58.935002,2019-01-30 12:15:58.935002,2019-01-30 12:15:56.685002,2019-01-30 12:16:13.942002
511,ID_36,8,0.5,"[13, 14, 15, 16, 12, 11, 7, 8, 3, 2, 1, 5, 9, 10]",14,"[1, 4, 5, 6, 7, 11, 13, 14]",7,1.75,2.0,2019-01-30 12:17:21.158998,2019-01-30 12:17:21.158998,2019-01-30 12:17:19.408998,2019-01-30 12:17:36.165002
512,ID_36,9,0.5,"[13, 9, 5, 6, 10, 11, 11, 15, 16, 12, 8, 4, 3, 7]",14,"[1, 3, 4, 5, 8, 9, 12, 13, 14]",8,2.0,2.25,2019-01-30 12:18:44.006004,2019-01-30 12:18:43.761004,2019-01-30 12:18:41.761004,2019-01-30 12:18:59.013003
513,ID_36,1,0.0,"[13, 9, 5, 1, 2, 3, 7, 11, 12, 8, 4]",11,"[1, 4, 6, 8, 9, 11]",5,2.5,2.5,2019-01-30 11:41:54.976002,2019-01-30 11:41:54.731002,2019-01-30 11:41:52.231002,2019-01-30 11:42:09.983997
514,ID_36,2,0.0,"[13, 14, 10, 11, 12, 8, 4, 3, 2]",9,"[1, 2, 3, 5, 7, 9]",5,2.5,2.5,2019-01-30 11:43:18.823998,2019-01-30 11:43:18.823998,2019-01-30 11:43:16.323998,2019-01-30 11:43:33.830998
515,ID_36,3,0.0,"[13, 9, 5, 6, 10, 14, 15, 16, 12, 8, 4]",11,"[1, 3, 4, 6, 8, 11]",5,2.5,2.5,2019-01-30 11:44:42.535996,2019-01-30 11:44:42.535996,2019-01-30 11:44:40.035996,2019-01-30 11:44:57.542000
516,ID_36,4,0.0,"[13, 14, 15, 11, 10, 9, 5, 6, 7, 8, 4, 3, 2, 1]",14,"[1, 3, 4, 6, 7, 10, 11, 14]",7,3.5,3.5,2019-01-30 11:46:10.738998,2019-01-30 11:46:10.738998,2019-01-30 11:46:07.238998,2019-01-30 11:46:25.745998
517,ID_36,5,0.0,"[13, 9, 10, 11, 15, 16, 12, 8, 4, 3, 2, 1, 5]",13,"[1, 2, 4, 5, 6, 9, 12, 13]",7,3.5,3.5,2019-01-30 11:47:38.454998,2019-01-30 11:47:38.209998,2019-01-30 11:47:34.709998,2019-01-30 11:47:53.463999
518,ID_36,6,0.0,"[13, 9, 5, 1, 2, 6, 10, 14, 15, 16, 12, 8, 4, 3, 7, 11]",16,"[1, 4, 5, 8, 10, 13, 14, 16]",7,3.5,3.5,2019-01-30 11:49:03.540998,2019-01-30 11:49:03.540998,2019-01-30 11:49:00.040998,2019-01-30 11:49:18.547997
519,ID_36,7,0.0,"[13, 9, 10, 14, 15, 16, 12, 8, 4, 3, 7, 6, 5, 1]",14,"[1, 2, 3, 4, 6, 9, 10, 11, 13, 14]",9,4.5,4.5,2019-01-30 11:50:29.252995,2019-01-30 11:50:29.007996,2019-01-30 11:50:24.507996,2019-01-30 11:50:44.260005
520,ID_36,8,0.0,"[13, 14, 15, 16, 12, 11, 7, 8, 3, 2, 1, 5, 9, 10]",14,"[1, 4, 5, 6, 7, 11, 13, 14]",7,3.5,3.5,2019-01-30 11:51:54.842996,2019-01-30 11:51:54.842996,2019-01-30 11:51:51.342996,2019-01-30 11:52:09.851001
521,ID_36,9,0.0,"[13, 9, 5, 6, 10, 11, 11, 15, 16, 12, 8, 4, 3, 7]",14,"[1, 3, 4, 5, 8, 9, 12, 13, 14]",8,4.0,4.0,2019-01-30 11:53:22.550003,2019-01-30 11:53:22.550003,2019-01-30 11:53:18.550003,2019-01-30 11:53:37.557003
522,ID_36,1,0.25,"[13, 9, 5, 1, 2, 3, 7, 11, 12, 8, 4]",11,"[1, 4, 6, 8, 9, 11]",5,1.875,2.0,2019-01-30 11:54:49.757004,2019-01-30 11:54:49.510998,2019-01-30 11:54:47.635998,2019-01-30 11:55:04.762997
523,ID_36,2,0.25,"[13, 14, 10, 11, 12, 8, 4, 3, 2]",9,"[1, 2, 3, 5, 7, 9]",5,1.875,2.0,2019-01-30 11:56:15.847997,2019-01-30 11:56:15.847997,2019-01-30 11:56:13.972997,2019-01-30 11:56:30.854997
524,ID_36,3,0.25,"[13, 9, 5, 6, 10, 14, 15, 16, 12, 8, 4]",11,"[1, 3, 4, 6, 8, 11]",5,1.875,2.0,2019-01-30 11:57:41.825996,2019-01-30 11:57:41.825996,2019-01-30 11:57:39.950996,2019-01-30 11:57:56.832996
525,ID_36,4,0.25,"[13, 14, 15, 11, 10, 9, 5, 6, 7, 8, 4, 3, 2, 1]",14,"[1, 3, 4, 6, 7, 10, 11, 14]",7,2.625,2.75,2019-01-30 11:59:06.542998,2019-01-30 11:59:06.299004,2019-01-30 11:59:03.674004,2019-01-30 11:59:21.549002
526,ID_36,5,0.25,"[13, 9, 10, 11, 15, 16, 12, 8, 4, 3, 2, 1, 5]",13,"[1, 2, 4, 5, 6, 9, 12, 13]",7,2.625,2.75,2019-01-30 12:00:32.926003,2019-01-30 12:00:32.681004,2019-01-30 12:00:30.056004,2019-01-30 12:00:47.933003
527,ID_36,6,0.25,"[13, 9, 5, 1, 2, 6, 10, 14, 15, 16, 12, 8, 4, 3, 7, 11]",16,"[1, 4, 5, 8, 10, 13, 14, 16]",7,2.625,2.75,2019-01-30 12:01:57.901996,2019-01-30 12:01:57.903002,2019-01-30 12:01:55.278002,2019-01-30 12:02:12.908000
528,ID_36,7,0.25,"[13, 9, 10, 14, 15, 16, 12, 8, 4, 3, 7, 6, 5, 1]",14,"[1, 2, 3, 4, 6, 9, 10, 11, 13, 14]",9,3.375,3.5,2019-01-30 12:03:23.360997,2019-01-30 12:03:23.117003,2019-01-30 12:03:19.742003,2019-01-30 12:03:38.367997
529,ID_36,8,0.25,"[13, 14, 15, 16, 12, 11, 7, 8, 3, 2, 1, 5, 9, 10]",14,"[1, 4, 5, 6, 7, 11, 13, 14]",7,2.625,2.75,2019-01-30 12:04:49.454002,2019-01-30 12:04:49.454002,2019-01-30 12:04:46.829002,2019-01-30 12:05:04.459996
530,ID_36,9,0.25,"[13, 9, 5, 6, 10, 11, 11, 15, 16, 12, 8, 4, 3, 7]",14,"[1, 3, 4, 5, 8, 9, 12, 13, 14]",8,3.0,3.125,2019-01-30 12:06:17.425995,2019-01-30 12:06:17.425995,2019-01-30 12:06:14.425995,2019-01-30 12:06:32.432995
531,ID_36,1,0.5,"[13, 9, 5, 1, 2, 3, 7, 11, 12, 8, 4]",11,"[1, 4, 6, 8, 9, 11]",5,1.25,1.5,2019-01-30 12:07:48.398998,2019-01-30 12:07:48.398998,2019-01-30 12:07:47.148998,2019-01-30 12:08:03.405002
532,ID_36,2,0.5,"[13, 14, 10, 11, 12, 8, 4, 3, 2]",9,"[1, 2, 3, 5, 7, 9]",5,1.25,1.5,2019-01-30 12:09:13.865996,2019-01-30 12:09:13.865996,2019-01-30 12:09:12.615996,2019-01-30 12:09:28.872000
533,ID_36,3,0.5,"[13, 9, 5, 6, 10, 14, 15, 16, 12, 8, 4]",11,"[1, 3, 4, 6, 8, 11]",5,1.25,1.5,2019-01-30 12:10:40.572999,2019-01-30 12:10:40.572999,2019-01-30 12:10:39.322999,2019-01-30 12:10:55.579003
534,ID_36,4,0.5,"[13, 14, 15, 11, 10, 9, 5, 6, 7, 8, 4, 3, 2, 1]",14,"[1, 3, 4, 6, 7, 10, 11, 14]",7,1.75,2.0,2019-01-30 12:12:09.284004,2019-01-30 12:12:09.039005,2019-01-30 12:12:07.289005,2019-01-30 12:12:24.291004
535,ID_36,5,0.5,"[13, 9, 10, 11, 15, 16, 12, 8, 4, 3, 2, 1, 5]",13,"[1, 2, 4, 5, 6, 9, 12, 13]",7,1.75,2.0,2019-01-30 12:13:38.139004,2019-01-30 12:13:38.139004,2019-01-30 12:13:36.389004,2019-01-30 12:13:53.146004
536,ID_36,6,0.5,"[13, 9, 5, 1, 2, 6, 10, 14, 15, 16, 12, 8, 4, 3, 7, 11]",16,"[1, 4, 5, 8, 10, 13, 14, 16]",7,1.75,2.0,2019-01-30 12:15:03.616000,2019-01-30 12:15:03.616000,2019-01-30 12:15:01.866000,2019-01-30 12:15:18.622004
537,ID_36,7,0.5,"[13, 9, 10, 14, 15, 16, 12, 8, 4, 3, 7, 6, 5, 1]",14,"[1, 2, 3, 4, 6, 9, 10, 11, 13, 14]",9,2.25,2.5,2019-01-30 12:16:26.343000,2019-01-30 12:16:26.343000,2019-01-30 12:16:24.093000,2019-01-30 12:16:41.347999
538,ID_36,8,0.5,"[13, 14, 15, 16, 12, 11, 7, 8, 3, 2, 1, 5, 9, 10]",14,"[1, 4, 5, 6, 7, 11, 13, 14]",7,1.75,2.0,2019-01-30 12:17:48.566000,2019-01-30 12:17:48.566000,2019-01-30 12:17:46.816000,2019-01-30 12:18:03.572004
539,ID_36,9,0.5,"[13, 9, 5, 6, 10, 11, 11, 15, 16, 12, 8, 4, 3, 7]",14,"[1, 3, 4, 5, 8, 9, 12, 13, 14]",8,2.0,2.25,2019-01-30 12:19:12.039004,2019-01-30 12:19:11.794004,2019-01-30 12:19:09.794004,2019-01-30 12:19:27.046003
540,ID_36,1,0.0,"[13, 9, 5, 1, 2, 3, 7, 11, 12, 8, 4]",11,"[1, 4, 6, 8, 9, 11]",5,2.5,2.5,2019-01-30 11:42:23.011004,2019-01-30 11:42:22.766004,2019-01-30 11:42:20.266004,2019-01-30 11:42:38.018003
541,ID_36,2,0.0,"[13, 14, 10, 11, 12, 8, 4, 3, 2]",9,"[1, 2, 3, 5, 7, 9]",5,2.5,2.5,2019-01-30 11:43:46.725999,2019-01-30 11:43:46.725999,2019-01-30 11:43:44.225999,2019-01-30 11:44:01.732999
542,ID_36,3,0.0,"[13, 9, 5, 6, 10, 14, 15, 16, 12, 8, 4]",11,"[1, 3, 4, 6, 8, 11]",5,2.5,2.5,2019-01-30 11:45:10.435996,2019-01-30 11:45:10.435996,2019-01-30 11:45:07.935996,2019-01-30 11:45:25.441004
543,ID_36,4,0.0,"[13, 14, 15, 11, 10, 9, 5, 6, 7, 8, 4, 3, 2, 1]",14,"[1, 3, 4, 6, 7, 10, 11, 14]",7,3.5,3.5,2019-01-30 11:46:40.894004,2019-01-30 11:46:40.894004,2019-01-30 11:46:37.394004,2019-01-30 11:46:55.901004
544,ID_36,5,0.0,"[13, 9, 10, 11, 15, 16, 12, 8, 4, 3, 2, 1, 5]",13,"[1, 2, 4, 5, 6, 9, 12, 13]",7,3.5,3.5,2019-01-30 11:48:07.236998,2019-01-30 11:48:06.991999,2019-01-30 11:48:03.491999,2019-01-30 11:48:22.243998
545,ID_36,6,0.0,"[13, 9, 5, 1, 2, 6, 10, 14, 15, 16, 12, 8, 4, 3, 7, 11]",16,"[1, 4, 5, 8, 10, 13, 14, 16]",7,3.5,3.5,2019-01-30 11:49:31.694003,2019-01-30 11:49:31.694003,2019-01-30 11:49:28.194003,2019-01-30 11:49:46.701003
546,ID_36,7,0.0,"[13, 9, 10, 14, 15, 16, 12, 8, 4, 3, 7, 6, 5, 1]",14,"[1, 2, 3, 4, 6, 9, 10, 11, 13, 14]",9,4.5,4.5,2019-01-30 11:50:58.031002,2019-01-30 11:50:57.786003,2019-01-30 11:50:53.286003,2019-01-30 11:51:13.036996
547,ID_36,8,0.0,"[13, 14, 15, 16, 12, 11, 7, 8, 3, 2, 1, 5, 9, 10]",14,"[1, 4, 5, 6, 7, 11, 13, 14]",7,3.5,3.5,2019-01-30 11:52:23.246000,2019-01-30 11:52:23.246000,2019-01-30 11:52:19.746000,2019-01-30 11:52:38.253000
548,ID_36,9,0.0,"[13, 9, 5, 6, 10, 11, 11, 15, 16, 12, 8, 4, 3, 7]",14,"[1, 3, 4, 5, 8, 9, 12, 13, 14]",8,4.0,4.0,2019-01-30 11:53:52.202005,2019-01-30 11:53:52.202005,2019-01-30 11:53:48.202005,2019-01-30 11:54:07.207999
549,ID_36,1,0.25,"[13, 9, 5, 1, 2, 3, 7, 11, 12, 8, 4]",11,"[1, 4, 6, 8, 9, 11]",5,1.875,2.0,2019-01-30 11:55:18.537998,2019-01-30 11:55:18.292999,2019-01-30 11:55:16.417999,2019-01-30 11:55:33.544998
550,ID_36,2,0.25,"[13, 14, 10, 11, 12, 8, 4, 3, 2]",9,"[1, 2, 3, 5, 7, 9]",5,1.875,2.0,2019-01-30 11:56:44.503002,2019-01-30 11:56:44.503002,2019-01-30 11:56:42.628002,2019-01-30 11:56:59.510001
551,ID_36,3,0.25,"[13, 9, 5, 6, 10, 14, 15, 16, 12, 8, 4]",11,"[1, 3, 4, 6, 8, 11]",5,1.875,2.0,2019-01-30 11:58:10.485999,2019-01-30 11:58:10.485999,2019-01-30 11:58:08.610999,2019-01-30 11:58:25.494005
552,ID_36,4,0.25,"[13, 14, 15, 11, 10, 9, 5, 6, 7, 8, 4, 3, 2, 1]",14,"[1, 3, 4, 6, 7, 10, 11, 14]",7,2.625,2.75,2019-01-30 11:59:34.620003,2019-01-30 11:59:34.375003,2019-01-30 11:59:31.750003,2019-01-30 11:59:49.627003
553,ID_36,5,0.25,"[13, 9, 10, 11, 15, 16, 12, 8, 4, 3, 2, 1, 5]",13,"[1, 2, 4, 5, 6, 9, 12, 13]",7,2.625,2.75,2019-01-30 12:01:02.093005,2019-01-30 12:01:01.848005,2019-01-30 12:00:59.223005,2019-01-30 12:01:17.101000
554,ID_36,6,0.25,"[13, 9, 5, 1, 2, 6, 10, 14, 15, 16, 12, 8, 4, 3, 7, 11]",16,"[1, 4, 5, 8, 10, 13, 14, 16]",7,2.625,2.75,2019-01-30 12:02:25.805003,2019-01-30 12:02:25.805003,2019-01-30 12:02:23.180003,2019-01-30 12:02:40.810997
555,ID_36,7,0.25,"[13, 9, 10, 14, 15, 16, 12, 8, 4, 3, 7, 6, 5, 1]",14,"[1, 2, 3, 4, 6, 9, 10, 11, 13, 14]",9,3.375,3.5,2019-01-30 12:03:52.144003,2019-01-30 12:03:51.897998,2019-01-30 12:03:48.522998,2019-01-30 12:04:07.149997
556,ID_36,8,0.25,"[13, 14, 15, 16, 12, 11, 7, 8, 3, 2, 1, 5, 9, 10]",14,"[1, 4, 5, 6, 7, 11, 13, 14]",7,2.625,2.75,2019-01-30 12:05:18.112004,2019-01-30 12:05:18.112004,2019-01-30 12:05:15.487004,2019-01-30 12:05:33.120000
557,ID_36,9,0.25,"[13, 9, 5, 6, 10, 11, 11, 15, 16, 12, 8, 4, 3, 7]",14,"[1, 3, 4, 5, 8, 9, 12, 13, 14]",8,3.0,3.125,2019-01-30 12:06:47.086999,2019-01-30 12:06:47.086999,2019-01-30 12:06:44.086999,2019-01-30 12:07:02.093003
558,ID_36,1,0.5,"[13, 9, 5, 1, 2, 3, 7, 11, 12, 8, 4]",11,"[1, 4, 6, 8, 9, 11]",5,1.25,1.5,2019-01-30 12:08:19.059997,2019-01-30 12:08:19.059997,2019-01-30 12:08:17.809997,2019-01-30 12:08:34.066001
559,ID_36,2,0.5,"[13, 14, 10, 11, 12, 8, 4, 3, 2]",9,"[1, 2, 3, 5, 7, 9]",5,1.25,1.5,2019-01-30 12:09:41.267004,2019-01-30 12:09:41.267004,2019-01-30 12:09:40.017004,2019-01-30 12:09:56.274004
560,ID_36,3,0.5,"[13, 9, 5, 6, 10, 14, 15, 16, 12, 8, 4]",11,"[1, 3, 4, 6, 8, 11]",5,1.25,1.5,2019-01-30 12:11:10.225997,2019-01-30 12:11:10.225997,2019-01-30 12:11:08.975997,2019-01-30 12:11:25.232996
561,ID_36,4,0.5,"[13, 14, 15, 11, 10, 9, 5, 6, 7, 8, 4, 3, 2, 1]",14,"[1, 3, 4, 6, 7, 10, 11, 14]",7,1.75,2.0,2019-01-30 12:12:38.818002,2019-01-30 12:12:38.573003,2019-01-30 12:12:36.823003,2019-01-30 12:12:53.823996
562,ID_36,5,0.5,"[13, 9, 10, 11, 15, 16, 12, 8, 4, 3, 2, 1, 5]",13,"[1, 2, 4, 5, 6, 9, 12, 13]",7,1.75,2.0,2019-01-30 12:14:07.799002,2019-01-30 12:14:07.799002,2019-01-30 12:14:06.049002,2019-01-30 12:14:22.806002
563,ID_36,6,0.5,"[13, 9, 5, 1, 2, 6, 10, 14, 15, 16, 12, 8, 4, 3, 7, 11]",16,"[1, 4, 5, 8, 10, 13, 14, 16]",7,1.75,2.0,2019-01-30 12:15:31.525997,2019-01-30 12:15:31.525997,2019-01-30 12:15:29.775997,2019-01-30 12:15:46.532997
564,ID_36,7,0.5,"[13, 9, 10, 14, 15, 16, 12, 8, 4, 3, 7, 6, 5, 1]",14,"[1, 2, 3, 4, 6, 9, 10, 11, 13, 14]",9,2.25,2.5,2019-01-30 12:16:53.750999,2019-01-30 12:16:53.750999,2019-01-30 12:16:51.500999,2019-01-30 12:17:08.757003
565,ID_36,8,0.5,"[13, 14, 15, 16, 12, 11, 7, 8, 3, 2, 1, 5, 9, 10]",14,"[1, 4, 5, 6, 7, 11, 13, 14]",7,1.75,2.0,2019-01-30 12:18:15.973999,2019-01-30 12:18:15.973999,2019-01-30 12:18:14.223999,2019-01-30 12:18:30.980999
566,ID_36,9,0.5,"[13, 9, 5, 6, 10, 11, 11, 15, 16, 12, 8, 4, 3, 7]",14,"[1, 3, 4, 5, 8, 9, 12, 13, 14]",8,2.0,2.25,2019-01-30 12:19:40.073000,2019-01-30 12:19:39.828000,2019-01-30 12:19:37.828000,2019-01-30 12:19:55.079999
567,ID_39,1,0.0,"[13, 9, 5, 1, 2, 3, 7, 11, 12, 8, 4]",11,"[1, 4, 6, 8, 9, 11]",5,2.5,2.5,2019-02-01 11:46:58.883004,2019-02-01 11:46:58.883004,2019-02-01 11:46:56.383004,2019-02-01 11:47:13.907002
568,ID_39,2,0.0,"[13, 14, 10, 11, 12, 8, 4, 3, 2]",9,"[1, 2, 3, 5, 7, 9]",5,2.5,2.5,2019-02-01 11:48:23.586004,2019-02-01 11:48:23.341005,2019-02-01 11:48:20.841005,2019-02-01 11:48:38.593004
569,ID_39,3,0.0,"[13, 9, 5, 6, 10, 14, 15, 16, 12, 8, 4]",11,"[1, 3, 4, 6, 8, 11]",5,2.5,2.5,2019-02-01 11:49:49.569002,2019-02-01 11:49:49.569002,2019-02-01 11:49:47.069002,2019-02-01 11:50:04.574996
570,ID_39,4,0.0,"[13, 14, 15, 11, 10, 9, 5, 6, 7, 8, 4, 3, 2, 1]",14,"[1, 3, 4, 6, 7, 10, 11, 14]",7,3.5,3.5,2019-02-01 11:51:14.293004,2019-02-01 11:51:14.293004,2019-02-01 11:51:10.793004,2019-02-01 11:51:29.298998
571,ID_39,5,0.0,"[13, 9, 10, 11, 15, 16, 12, 8, 4, 3, 2, 1, 5]",13,"[1, 2, 4, 5, 6, 9, 12, 13]",7,3.5,3.5,2019-02-01 11:52:40.764000,2019-02-01 11:52:40.764000,2019-02-01 11:52:37.264000,2019-02-01 11:52:55.770999
572,ID_39,6,0.0,"[13, 9, 5, 1, 2, 6, 10, 14, 15, 16, 12, 8, 4, 3, 7, 11]",16,"[1, 4, 5, 8, 10, 13, 14, 16]",7,3.5,3.5,2019-02-01 11:54:10.731999,2019-02-01 11:54:10.731999,2019-02-01 11:54:07.231999,2019-02-01 11:54:25.738003
573,ID_39,7,0.0,"[13, 9, 10, 14, 15, 16, 12, 8, 4, 3, 7, 6, 5, 1]",14,"[1, 2, 3, 4, 6, 9, 10, 11, 13, 14]",9,4.5,4.5,2019-02-01 11:55:35.446003,2019-02-01 11:55:35.446003,2019-02-01 11:55:30.946003,2019-02-01 11:55:50.451997
574,ID_39,8,0.0,"[13, 14, 15, 16, 12, 11, 7, 8, 3, 2, 1, 5, 9, 10]",14,"[1, 4, 5, 6, 7, 11, 13, 14]",7,3.5,3.5,2019-02-01 11:56:58.162000,2019-02-01 11:56:58.162000,2019-02-01 11:56:54.662000,2019-02-01 11:57:13.168004
575,ID_39,9,0.0,"[13, 9, 5, 6, 10, 11, 11, 15, 16, 12, 8, 4, 3, 7]",14,"[1, 3, 4, 5, 8, 9, 12, 13, 14]",8,4.0,4.0,2019-02-01 11:58:21.386001,2019-02-01 11:58:21.386001,2019-02-01 11:58:17.386001,2019-02-01 11:58:36.393000
576,ID_39,1,0.25,"[13, 9, 5, 1, 2, 3, 7, 11, 12, 8, 4]",11,"[1, 4, 6, 8, 9, 11]",5,1.875,2.0,2019-02-01 11:59:45.858998,2019-02-01 11:59:45.858998,2019-02-01 11:59:43.983998,2019-02-01 12:00:00.865002
577,ID_39,2,0.25,"[13, 14, 10, 11, 12, 8, 4, 3, 2]",9,"[1, 2, 3, 5, 7, 9]",5,1.875,2.0,2019-02-01 12:01:14.832998,2019-02-01 12:01:14.832998,2019-02-01 12:01:12.957998,2019-02-01 12:01:29.841003
578,ID_39,3,0.25,"[13, 9, 5, 6, 10, 14, 15, 16, 12, 8, 4]",11,"[1, 3, 4, 6, 8, 11]",5,1.875,2.0,2019-02-01 12:02:41.552996,2019-02-01 12:02:41.552996,2019-02-01 12:02:39.677996,2019-02-01 12:02:56.559996
579,ID_39,4,0.25,"[13, 14, 15, 11, 10, 9, 5, 6, 7, 8, 4, 3, 2, 1]",14,"[1, 3, 4, 6, 7, 10, 11, 14]",7,2.625,2.75,2019-02-01 12:04:04.402004,2019-02-01 12:04:04.157004,2019-02-01 12:04:01.532004,2019-02-01 12:04:19.409003
580,ID_39,5,0.25,"[13, 9, 10, 11, 15, 16, 12, 8, 4, 3, 2, 1, 5]",13,"[1, 2, 4, 5, 6, 9, 12, 13]",7,2.625,2.75,2019-02-01 12:05:29.997003,2019-02-01 12:05:29.752003,2019-02-01 12:05:27.127003,2019-02-01 12:05:45.004003
581,ID_39,6,0.25,"[13, 9, 5, 1, 2, 6, 10, 14, 15, 16, 12, 8, 4, 3, 7, 11]",16,"[1, 4, 5, 8, 10, 13, 14, 16]",7,2.625,2.75,2019-02-01 12:06:56.974996,2019-02-01 12:06:56.974996,2019-02-01 12:06:54.349996,2019-02-01 12:07:11.981000
582,ID_39,7,0.25,"[13, 9, 10, 14, 15, 16, 12, 8, 4, 3, 7, 6, 5, 1]",14,"[1, 2, 3, 4, 6, 9, 10, 11, 13, 14]",9,3.375,3.5,2019-02-01 12:08:21.946996,2019-02-01 12:08:21.703002,2019-02-01 12:08:18.328002,2019-02-01 12:08:36.953995
583,ID_39,8,0.25,"[13, 14, 15, 16, 12, 11, 7, 8, 3, 2, 1, 5, 9, 10]",14,"[1, 4, 5, 6, 7, 11, 13, 14]",7,2.625,2.75,2019-02-01 12:09:49.036002,2019-02-01 12:09:48.789997,2019-02-01 12:09:46.164997,2019-02-01 12:10:04.041000
584,ID_39,9,0.25,"[13, 9, 5, 6, 10, 11, 11, 15, 16, 12, 8, 4, 3, 7]",14,"[1, 3, 4, 5, 8, 9, 12, 13, 14]",8,3.0,3.125,2019-02-01 12:11:14.638002,2019-02-01 12:11:14.393003,2019-02-01 12:11:11.393003,2019-02-01 12:11:29.645002
585,ID_39,1,0.5,"[13, 9, 5, 1, 2, 3, 7, 11, 12, 8, 4]",11,"[1, 4, 6, 8, 9, 11]",5,1.25,1.5,2019-02-01 12:12:40.359998,2019-02-01 12:12:40.361004,2019-02-01 12:12:39.111004,2019-02-01 12:12:55.366002
586,ID_39,2,0.5,"[13, 14, 10, 11, 12, 8, 4, 3, 2]",9,"[1, 2, 3, 5, 7, 9]",5,1.25,1.5,2019-02-01 12:14:07.832004,2019-02-01 12:14:07.832004,2019-02-01 12:14:06.582004,2019-02-01 12:14:22.837997
587,ID_39,3,0.5,"[13, 9, 5, 6, 10, 14, 15, 16, 12, 8, 4]",11,"[1, 3, 4, 6, 8, 11]",5,1.25,1.5,2019-02-01 12:15:32.928002,2019-02-01 12:15:32.683002,2019-02-01 12:15:31.433002,2019-02-01 12:15:47.935001
588,ID_39,4,0.5,"[13, 14, 15, 11, 10, 9, 5, 6, 7, 8, 4, 3, 2, 1]",14,"[1, 3, 4, 6, 7, 10, 11, 14]",7,1.75,2.0,2019-02-01 12:17:00.654995,2019-02-01 12:17:00.654995,2019-02-01 12:16:58.904995,2019-02-01 12:17:15.662005
589,ID_39,5,0.5,"[13, 9, 10, 11, 15, 16, 12, 8, 4, 3, 2, 1, 5]",13,"[1, 2, 4, 5, 6, 9, 12, 13]",7,1.75,2.0,2019-02-01 12:18:29.753999,2019-02-01 12:18:29.508999,2019-02-01 12:18:27.758999,2019-02-01 12:18:44.760998
590,ID_39,6,0.5,"[13, 9, 5, 1, 2, 6, 10, 14, 15, 16, 12, 8, 4, 3, 7, 11]",16,"[1, 4, 5, 8, 10, 13, 14, 16]",7,1.75,2.0,2019-02-01 12:19:56.982001,2019-02-01 12:19:56.982001,2019-02-01 12:19:55.232001,2019-02-01 12:20:11.989000
591,ID_39,7,0.5,"[13, 9, 10, 14, 15, 16, 12, 8, 4, 3, 7, 6, 5, 1]",14,"[1, 2, 3, 4, 6, 9, 10, 11, 13, 14]",9,2.25,2.5,2019-02-01 12:21:24.336999,2019-02-01 12:21:24.091999,2019-02-01 12:21:21.841999,2019-02-01 12:21:39.343998
592,ID_39,8,0.5,"[13, 14, 15, 16, 12, 11, 7, 8, 3, 2, 1, 5, 9, 10]",14,"[1, 4, 5, 6, 7, 11, 13, 14]",7,1.75,2.0,2019-02-01 12:22:49.078000,2019-02-01 12:22:49.078000,2019-02-01 12:22:47.328000,2019-02-01 12:23:04.084999
593,ID_39,9,0.5,"[13, 9, 5, 6, 10, 11, 11, 15, 16, 12, 8, 4, 3, 7]",14,"[1, 3, 4, 5, 8, 9, 12, 13, 14]",8,2.0,2.25,2019-02-01 12:24:15.060997,2019-02-01 12:24:15.060997,2019-02-01 12:24:13.060997,2019-02-01 12:24:30.065995
594,ID_39,1,0.0,"[13, 9, 5, 1, 2, 3, 7, 11, 12, 8, 4]",11,"[1, 4, 6, 8, 9, 11]",5,2.5,2.5,2019-02-01 11:47:26.838998,2019-02-01 11:47:26.838998,2019-02-01 11:47:24.338998,2019-02-01 11:47:41.852998
595,ID_39,2,0.0,"[13, 14, 10, 11, 12, 8, 4, 3, 2]",9,"[1, 2, 3, 5, 7, 9]",5,2.5,2.5,2019-02-01 11:48:52.378998,2019-02-01 11:48:52.135005,2019-02-01 11:48:49.635005,2019-02-01 11:49:07.390001
596,ID_39,3,0.0,"[13, 9, 5, 6, 10, 14, 15, 16, 12, 8, 4]",11,"[1, 3, 4, 6, 8, 11]",5,2.5,2.5,2019-02-01 11:50:17.971000,2019-02-01 11:50:17.971000,2019-02-01 11:50:15.471000,2019-02-01 11:50:32.978000
597,ID_39,4,0.0,"[13, 14, 15, 11, 10, 9, 5, 6, 7, 8, 4, 3, 2, 1]",14,"[1, 3, 4, 6, 7, 10, 11, 14]",7,3.5,3.5,2019-02-01 11:51:42.196001,2019-02-01 11:51:42.196001,2019-02-01 11:51:38.696001,2019-02-01 11:51:57.201995
598,ID_39,5,0.0,"[13, 9, 10, 11, 15, 16, 12, 8, 4, 3, 2, 1, 5]",13,"[1, 2, 4, 5, 6, 9, 12, 13]",7,3.5,3.5,2019-02-01 11:53:11.419004,2019-02-01 11:53:11.419004,2019-02-01 11:53:07.919004,2019-02-01 11:53:26.424997
599,ID_39,6,0.0,"[13, 9, 5, 1, 2, 6, 10, 14, 15, 16, 12, 8, 4, 3, 7, 11]",16,"[1, 4, 5, 8, 10, 13, 14, 16]",7,3.5,3.5,2019-02-01 11:54:39.387004,2019-02-01 11:54:39.387004,2019-02-01 11:54:35.887004,2019-02-01 11:54:54.392997
600,ID_39,7,0.0,"[13, 9, 10, 14, 15, 16, 12, 8, 4, 3, 7, 6, 5, 1]",14,"[1, 2, 3, 4, 6, 9, 10, 11, 13, 14]",9,4.5,4.5,2019-02-01 11:56:02.849999,2019-02-01 11:56:02.849999,2019-02-01 11:55:58.349999,2019-02-01 11:56:17.856003
601,ID_39,8,0.0,"[13, 14, 15, 16, 12, 11, 7, 8, 3, 2, 1, 5, 9, 10]",14,"[1, 4, 5, 6, 7, 11, 13, 14]",7,3.5,3.5,2019-02-01 11:57:26.066999,2019-02-01 11:57:26.066999,2019-02-01 11:57:22.566999,2019-02-01 11:57:41.073003
602,ID_39,9,0.0,"[13, 9, 5, 6, 10, 11, 11, 15, 16, 12, 8, 4, 3, 7]",14,"[1, 3, 4, 5, 8, 9, 12, 13, 14]",8,4.0,4.0,2019-02-01 11:58:48.793003,2019-02-01 11:58:48.793003,2019-02-01 11:58:44.793003,2019-02-01 11:59:03.800999
603,ID_39,1,0.25,"[13, 9, 5, 1, 2, 3, 7, 11, 12, 8, 4]",11,"[1, 4, 6, 8, 9, 11]",5,1.875,2.0,2019-02-01 12:00:15.517005,2019-02-01 12:00:15.517005,2019-02-01 12:00:13.642005,2019-02-01 12:00:30.525000
604,ID_39,2,0.25,"[13, 14, 10, 11, 12, 8, 4, 3, 2]",9,"[1, 2, 3, 5, 7, 9]",5,1.875,2.0,2019-02-01 12:01:44.492996,2019-02-01 12:01:44.492996,2019-02-01 12:01:42.617996,2019-02-01 12:01:59.499996
605,ID_39,3,0.25,"[13, 9, 5, 6, 10, 14, 15, 16, 12, 8, 4]",11,"[1, 3, 4, 6, 8, 11]",5,1.875,2.0,2019-02-01 12:03:08.961005,2019-02-01 12:03:08.961005,2019-02-01 12:03:07.086005,2019-02-01 12:03:23.966999
606,ID_39,4,0.25,"[13, 14, 15, 11, 10, 9, 5, 6, 7, 8, 4, 3, 2, 1]",14,"[1, 3, 4, 6, 7, 10, 11, 14]",7,2.625,2.75,2019-02-01 12:04:32.436995,2019-02-01 12:04:32.191996,2019-02-01 12:04:29.566996,2019-02-01 12:04:47.443995
607,ID_39,5,0.25,"[13, 9, 10, 11, 15, 16, 12, 8, 4, 3, 2, 1, 5]",13,"[1, 2, 4, 5, 6, 9, 12, 13]",7,2.625,2.75,2019-02-01 12:05:59.528999,2019-02-01 12:05:59.284995,2019-02-01 12:05:56.659995,2019-02-01 12:06:14.535003
608,ID_39,6,0.25,"[13, 9, 5, 1, 2, 6, 10, 14, 15, 16, 12, 8, 4, 3, 7, 11]",16,"[1, 4, 5, 8, 10, 13, 14, 16]",7,2.625,2.75,2019-02-01 12:07:24.881997,2019-02-01 12:07:24.881997,2019-02-01 12:07:22.256997,2019-02-01 12:07:39.888000
609,ID_39,7,0.25,"[13, 9, 10, 14, 15, 16, 12, 8, 4, 3, 7, 6, 5, 1]",14,"[1, 2, 3, 4, 6, 9, 10, 11, 13, 14]",9,3.375,3.5,2019-02-01 12:08:51.103003,2019-02-01 12:08:50.856998,2019-02-01 12:08:47.481998,2019-02-01 12:09:06.108001
610,ID_39,8,0.25,"[13, 14, 15, 16, 12, 11, 7, 8, 3, 2, 1, 5, 9, 10]",14,"[1, 4, 5, 6, 7, 11, 13, 14]",7,2.625,2.75,2019-02-01 12:10:17.827005,2019-02-01 12:10:17.581995,2019-02-01 12:10:14.956995,2019-02-01 12:10:32.834005
611,ID_39,9,0.25,"[13, 9, 5, 6, 10, 11, 11, 15, 16, 12, 8, 4, 3, 7]",14,"[1, 3, 4, 5, 8, 9, 12, 13, 14]",8,3.0,3.125,2019-02-01 12:11:42.667995,2019-02-01 12:11:42.424001,2019-02-01 12:11:39.424001,2019-02-01 12:11:57.675005
612,ID_39,1,0.5,"[13, 9, 5, 1, 2, 3, 7, 11, 12, 8, 4]",11,"[1, 4, 6, 8, 9, 11]",5,1.25,1.5,2019-02-01 12:13:10.016003,2019-02-01 12:13:10.016003,2019-02-01 12:13:08.766003,2019-02-01 12:13:25.021001
613,ID_39,2,0.5,"[13, 14, 10, 11, 12, 8, 4, 3, 2]",9,"[1, 2, 3, 5, 7, 9]",5,1.25,1.5,2019-02-01 12:14:35.987997,2019-02-01 12:14:35.987997,2019-02-01 12:14:34.737997,2019-02-01 12:14:50.993005
614,ID_39,3,0.5,"[13, 9, 5, 6, 10, 14, 15, 16, 12, 8, 4]",11,"[1, 3, 4, 6, 8, 11]",5,1.25,1.5,2019-02-01 12:16:01.710002,2019-02-01 12:16:01.465002,2019-02-01 12:16:00.215002,2019-02-01 12:16:16.717002
615,ID_39,4,0.5,"[13, 14, 15, 11, 10, 9, 5, 6, 7, 8, 4, 3, 2, 1]",14,"[1, 3, 4, 6, 7, 10, 11, 14]",7,1.75,2.0,2019-02-01 12:17:30.812999,2019-02-01 12:17:30.812999,2019-02-01 12:17:29.062999,2019-02-01 12:17:45.819003
616,ID_39,5,0.5,"[13, 9, 10, 11, 15, 16, 12, 8, 4, 3, 2, 1, 5]",13,"[1, 2, 4, 5, 6, 9, 12, 13]",7,1.75,2.0,2019-02-01 12:18:58.540998,2019-02-01 12:18:58.295998,2019-02-01 12:18:56.545998,2019-02-01 12:19:13.547002
617,ID_39,6,0.5,"[13, 9, 5, 1, 2, 6, 10, 14, 15, 16, 12, 8, 4, 3, 7, 11]",16,"[1, 4, 5, 8, 10, 13, 14, 16]",7,1.75,2.0,2019-02-01 12:20:26.639997,2019-02-01 12:20:26.639997,2019-02-01 12:20:24.889997,2019-02-01 12:20:41.646997
618,ID_39,7,0.5,"[13, 9, 10, 14, 15, 16, 12, 8, 4, 3, 7, 6, 5, 1]",14,"[1, 2, 3, 4, 6, 9, 10, 11, 13, 14]",9,2.25,2.5,2019-02-01 12:21:52.371005,2019-02-01 12:21:52.125995,2019-02-01 12:21:49.875995,2019-02-01 12:22:07.376999
619,ID_39,8,0.5,"[13, 14, 15, 16, 12, 11, 7, 8, 3, 2, 1, 5, 9, 10]",14,"[1, 4, 5, 6, 7, 11, 13, 14]",7,1.75,2.0,2019-02-01 12:23:17.736997,2019-02-01 12:23:17.736997,2019-02-01 12:23:15.986997,2019-02-01 12:23:32.743997
620,ID_39,9,0.5,"[13, 9, 5, 6, 10, 11, 11, 15, 16, 12, 8, 4, 3, 7]",14,"[1, 3, 4, 5, 8, 9, 12, 13, 14]",8,2.0,2.25,2019-02-01 12:24:43.718999,2019-02-01 12:24:43.718999,2019-02-01 12:24:41.718999,2019-02-01 12:24:58.725999
621,ID_39,1,0.0,"[13, 9, 5, 1, 2, 3, 7, 11, 12, 8, 4]",11,"[1, 4, 6, 8, 9, 11]",5,2.5,2.5,2019-02-01 11:47:54.793996,2019-02-01 11:47:54.793996,2019-02-01 11:47:52.293996,2019-02-01 11:48:09.802997
622,ID_39,2,0.0,"[13, 14, 10, 11, 12, 8, 4, 3, 2]",9,"[1, 2, 3, 5, 7, 9]",5,2.5,2.5,2019-02-01 11:49:21.163996,2019-02-01 11:49:20.920002,2019-02-01 11:49:18.420002,2019-02-01 11:49:36.170000
623,ID_39,3,0.0,"[13, 9, 5, 6, 10, 14, 15, 16, 12, 8, 4]",11,"[1, 3, 4, 6, 8, 11]",5,2.5,2.5,2019-02-01 11:50:46.379999,2019-02-01 11:50:46.379999,2019-02-01 11:50:43.879999,2019-02-01 11:51:01.386003
624,ID_39,4,0.0,"[13, 14, 15, 11, 10, 9, 5, 6, 7, 8, 4, 3, 2, 1]",14,"[1, 3, 4, 6, 7, 10, 11, 14]",7,3.5,3.5,2019-02-01 11:52:10.101000,2019-02-01 11:52:10.101000,2019-02-01 11:52:06.601000,2019-02-01 11:52:25.107999
625,ID_39,5,0.0,"[13, 9, 10, 11, 15, 16, 12, 8, 4, 3, 2, 1, 5]",13,"[1, 2, 4, 5, 6, 9, 12, 13]",7,3.5,3.5,2019-02-01 11:53:42.075003,2019-02-01 11:53:42.075003,2019-02-01 11:53:38.575003,2019-02-01 11:53:57.082003
626,ID_39,6,0.0,"[13, 9, 5, 1, 2, 6, 10, 14, 15, 16, 12, 8, 4, 3, 7, 11]",16,"[1, 4, 5, 8, 10, 13, 14, 16]",7,3.5,3.5,2019-02-01 11:55:08.041002,2019-02-01 11:55:08.041002,2019-02-01 11:55:04.541002,2019-02-01 11:55:23.046996
627,ID_39,7,0.0,"[13, 9, 10, 14, 15, 16, 12, 8, 4, 3, 7, 6, 5, 1]",14,"[1, 2, 3, 4, 6, 9, 10, 11, 13, 14]",9,4.5,4.5,2019-02-01 11:56:30.252998,2019-02-01 11:56:30.252998,2019-02-01 11:56:25.752998,2019-02-01 11:56:45.259002
628,ID_39,8,0.0,"[13, 14, 15, 16, 12, 11, 7, 8, 3, 2, 1, 5, 9, 10]",14,"[1, 4, 5, 6, 7, 11, 13, 14]",7,3.5,3.5,2019-02-01 11:57:53.980004,2019-02-01 11:57:53.980004,2019-02-01 11:57:50.480004,2019-02-01 11:58:08.985997
629,ID_39,9,0.0,"[13, 9, 5, 6, 10, 11, 11, 15, 16, 12, 8, 4, 3, 7]",14,"[1, 3, 4, 5, 8, 9, 12, 13, 14]",8,4.0,4.0,2019-02-01 11:59:16.201998,2019-02-01 11:59:16.201998,2019-02-01 11:59:12.201998,2019-02-01 11:59:31.208997
630,ID_39,1,0.25,"[13, 9, 5, 1, 2, 3, 7, 11, 12, 8, 4]",11,"[1, 4, 6, 8, 9, 11]",5,1.875,2.0,2019-02-01 12:00:45.173000,2019-02-01 12:00:45.173000,2019-02-01 12:00:43.298000,2019-02-01 12:01:00.179999
631,ID_39,2,0.25,"[13, 14, 10, 11, 12, 8, 4, 3, 2]",9,"[1, 2, 3, 5, 7, 9]",5,1.875,2.0,2019-02-01 12:02:14.149997,2019-02-01 12:02:14.149997,2019-02-01 12:02:12.274997,2019-02-01 12:02:29.156000
632,ID_39,3,0.25,"[13, 9, 5, 6, 10, 14, 15, 16, 12, 8, 4]",11,"[1, 3, 4, 6, 8, 11]",5,1.875,2.0,2019-02-01 12:03:36.371005,2019-02-01 12:03:36.371005,2019-02-01 12:03:34.496005,2019-02-01 12:03:51.376999
633,ID_39,4,0.25,"[13, 14, 15, 11, 10, 9, 5, 6, 7, 8, 4, 3, 2, 1]",14,"[1, 3, 4, 6, 7, 10, 11, 14]",7,2.625,2.75,2019-02-01 12:05:00.466998,2019-02-01 12:05:00.221003,2019-02-01 12:04:57.596003,2019-02-01 12:05:15.473002
634,ID_39,5,0.25,"[13, 9, 10, 11, 15, 16, 12, 8, 4, 3, 2, 1, 5]",13,"[1, 2, 4, 5, 6, 9, 12, 13]",7,2.625,2.75,2019-02-01 12:06:29.060000,2019-02-01 12:06:28.815000,2019-02-01 12:06:26.190000,2019-02-01 12:06:44.067000
635,ID_39,6,0.25,"[13, 9, 5, 1, 2, 6, 10, 14, 15, 16, 12, 8, 4, 3, 7, 11]",16,"[1, 4, 5, 8, 10, 13, 14, 16]",7,2.625,2.75,2019-02-01 12:07:52.790002,2019-02-01 12:07:52.790002,2019-02-01 12:07:50.165002,2019-02-01 12:08:07.795996
636,ID_39,7,0.25,"[13, 9, 10, 14, 15, 16, 12, 8, 4, 3, 7, 6, 5, 1]",14,"[1, 2, 3, 4, 6, 9, 10, 11, 13, 14]",9,3.375,3.5,2019-02-01 12:09:20.254998,2019-02-01 12:09:20.009998,2019-02-01 12:09:16.634998,2019-02-01 12:09:35.261997
637,ID_39,8,0.25,"[13, 14, 15, 16, 12, 11, 7, 8, 3, 2, 1, 5, 9, 10]",14,"[1, 4, 5, 6, 7, 11, 13, 14]",7,2.625,2.75,2019-02-01 12:10:46.607004,2019-02-01 12:10:46.362004,2019-02-01 12:10:43.737004,2019-02-01 12:11:01.612998
638,ID_39,9,0.25,"[13, 9, 5, 6, 10, 11, 11, 15, 16, 12, 8, 4, 3, 7]",14,"[1, 3, 4, 5, 8, 9, 12, 13, 14]",8,3.0,3.125,2019-02-01 12:12:10.700995,2019-02-01 12:12:10.455996,2019-02-01 12:12:07.455996,2019-02-01 12:12:25.707995
639,ID_39,1,0.5,"[13, 9, 5, 1, 2, 3, 7, 11, 12, 8, 4]",11,"[1, 4, 6, 8, 9, 11]",5,1.25,1.5,2019-02-01 12:13:39.676001,2019-02-01 12:13:39.676001,2019-02-01 12:13:38.426001,2019-02-01 12:13:54.683000
640,ID_39,2,0.5,"[13, 14, 10, 11, 12, 8, 4, 3, 2]",9,"[1, 2, 3, 5, 7, 9]",5,1.25,1.5,2019-02-01 12:15:04.146001,2019-02-01 12:15:04.146001,2019-02-01 12:15:02.896001,2019-02-01 12:15:19.152005
641,ID_39,3,0.5,"[13, 9, 5, 6, 10, 14, 15, 16, 12, 8, 4]",11,"[1, 3, 4, 6, 8, 11]",5,1.25,1.5,2019-02-01 12:16:30.495000,2019-02-01 12:16:30.250000,2019-02-01 12:16:29.000000,2019-02-01 12:16:45.501999
642,ID_39,4,0.5,"[13, 14, 15, 11, 10, 9, 5, 6, 7, 8, 4, 3, 2, 1]",14,"[1, 3, 4, 6, 7, 10, 11, 14]",7,1.75,2.0,2019-02-01 12:18:00.973004,2019-02-01 12:18:00.973004,2019-02-01 12:17:59.223004,2019-02-01 12:18:15.978998
643,ID_39,5,0.5,"[13, 9, 10, 11, 15, 16, 12, 8, 4, 3, 2, 1, 5]",13,"[1, 2, 4, 5, 6, 9, 12, 13]",7,1.75,2.0,2019-02-01 12:19:27.322998,2019-02-01 12:19:27.077999,2019-02-01 12:19:25.327999,2019-02-01 12:19:42.329998
644,ID_39,6,0.5,"[13, 9, 5, 1, 2, 6, 10, 14, 15, 16, 12, 8, 4, 3, 7, 11]",16,"[1, 4, 5, 8, 10, 13, 14, 16]",7,1.75,2.0,2019-02-01 12:20:56.298999,2019-02-01 12:20:56.298999,2019-02-01 12:20:54.548999,2019-02-01 12:21:11.305999
645,ID_39,7,0.5,"[13, 9, 10, 14, 15, 16, 12, 8, 4, 3, 7, 6, 5, 1]",14,"[1, 2, 3, 4, 6, 9, 10, 11, 13, 14]",9,2.25,2.5,2019-02-01 12:22:20.410000,2019-02-01 12:22:20.165000,2019-02-01 12:22:17.915000,2019-02-01 12:22:35.416004
646,ID_39,8,0.5,"[13, 14, 15, 16, 12, 11, 7, 8, 3, 2, 1, 5, 9, 10]",14,"[1, 4, 5, 6, 7, 11, 13, 14]",7,1.75,2.0,2019-02-01 12:23:46.399002,2019-02-01 12:23:46.399002,2019-02-01 12:23:44.649002,2019-02-01 12:24:01.404996
647,ID_39,9,0.5,"[13, 9, 5, 6, 10, 11, 11, 15, 16, 12, 8, 4, 3, 7]",14,"[1, 3, 4, 5, 8, 9, 12, 13, 14]",8,2.0,2.25,2019-02-01 12:25:12.379003,2019-02-01 12:25:12.379003,2019-02-01 12:25:10.379003,2019-02-01 12:25:27.384996
648,ID_06,1,0.0,"[13, 9, 5, 1, 2, 3, 7, 11, 12, 8, 4]",11,"[1, 4, 6, 8, 9, 11]",5,2.5,2.5,2019-01-08 19:19:48.484005,2019-01-08 19:19:48.484005,2019-01-08 19:19:45.984005,2019-01-08 19:20:03.508003
649,ID_06,2,0.0,"[13, 14, 10, 11, 12, 8, 4, 3, 2]",9,"[1, 2, 3, 5, 7, 9]",5,2.5,2.5,2019-01-08 19:21:17.582999,2019-01-08 19:21:17.582999,2019-01-08 19:21:15.082999,2019-01-08 19:21:32.591004
650,ID_06,3,0.0,"[13, 9, 5, 6, 10, 14, 15, 16, 12, 8, 4]",11,"[1, 3, 4, 6, 8, 11]",5,2.5,2.5,2019-01-08 19:22:45.688002,2019-01-08 19:22:45.443999,2019-01-08 19:22:42.943999,2019-01-08 19:23:00.695998
651,ID_06,4,0.0,"[13, 14, 15, 11, 10, 9, 5, 6, 7, 8, 4, 3, 2, 1]",14,"[1, 3, 4, 6, 7, 10, 11, 14]",7,3.5,3.5,2019-01-08 19:24:11.288001,2019-01-08 19:24:11.043001,2019-01-08 19:24:07.543001,2019-01-08 19:24:26.295996
652,ID_06,5,0.0,"[13, 9, 10, 11, 15, 16, 12, 8, 4, 3, 2, 1, 5]",13,"[1, 2, 4, 5, 6, 9, 12, 13]",7,3.5,3.5,2019-01-08 19:25:36.155998,2019-01-08 19:25:35.910998,2019-01-08 19:25:32.410998,2019-01-08 19:25:51.162997
653,ID_06,6,0.0,"[13, 9, 5, 1, 2, 6, 10, 14, 15, 16, 12, 8, 4, 3, 7, 11]",16,"[1, 4, 5, 8, 10, 13, 14, 16]",7,3.5,3.5,2019-01-08 19:27:03.883997,2019-01-08 19:27:03.883997,2019-01-08 19:27:00.383997,2019-01-08 19:27:18.890001
654,ID_06,7,0.0,"[13, 9, 10, 14, 15, 16, 12, 8, 4, 3, 7, 6, 5, 1]",14,"[1, 2, 3, 4, 6, 9, 10, 11, 13, 14]",9,4.5,4.5,2019-01-08 19:28:34.852997,2019-01-08 19:28:34.852997,2019-01-08 19:28:30.352997,2019-01-08 19:28:49.859000
655,ID_06,8,0.0,"[13, 14, 15, 16, 12, 11, 7, 8, 3, 2, 1, 5, 9, 10]",14,"[1, 4, 5, 6, 7, 11, 13, 14]",7,3.5,3.5,2019-01-08 19:30:04.073997,2019-01-08 19:30:04.073997,2019-01-08 19:30:00.573997,2019-01-08 19:30:19.080001
656,ID_06,9,0.0,"[13, 9, 5, 6, 10, 11, 11, 15, 16, 12, 8, 4, 3, 7]",14,"[1, 3, 4, 5, 8, 9, 12, 13, 14]",8,4.0,4.0,2019-01-08 19:31:28.664999,2019-01-08 19:31:28.419999,2019-01-08 19:31:24.419999,2019-01-08 19:31:43.671999
657,ID_06,1,0.25,"[13, 9, 5, 1, 2, 3, 7, 11, 12, 8, 4]",11,"[1, 4, 6, 8, 9, 11]",5,1.875,2.0,2019-01-08 19:32:55.384997,2019-01-08 19:32:55.139002,2019-01-08 19:32:53.264002,2019-01-08 19:33:10.391001
658,ID_06,2,0.25,"[13, 14, 10, 11, 12, 8, 4, 3, 2]",9,"[1, 2, 3, 5, 7, 9]",5,1.875,2.0,2019-01-08 19:34:21.607996,2019-01-08 19:34:21.607996,2019-01-08 19:34:19.732996,2019-01-08 19:34:36.614995
659,ID_06,3,0.25,"[13, 9, 5, 6, 10, 14, 15, 16, 12, 8, 4]",11,"[1, 3, 4, 6, 8, 11]",5,1.875,2.0,2019-01-08 19:35:46.208995,2019-01-08 19:35:45.963996,2019-01-08 19:35:44.088996,2019-01-08 19:36:01.216005
660,ID_06,4,0.25,"[13, 14, 15, 11, 10, 9, 5, 6, 7, 8, 4, 3, 2, 1]",14,"[1, 3, 4, 6, 7, 10, 11, 14]",7,2.625,2.75,2019-01-08 19:37:13.434996,2019-01-08 19:37:13.434996,2019-01-08 19:37:10.809996,2019-01-08 19:37:28.440004
661,ID_06,5,0.25,"[13, 9, 10, 11, 15, 16, 12, 8, 4, 3, 2, 1, 5]",13,"[1, 2, 4, 5, 6, 9, 12, 13]",7,2.625,2.75,2019-01-08 19:38:40.160999,2019-01-08 19:38:40.160999,2019-01-08 19:38:37.535999,2019-01-08 19:38:55.167998
662,ID_06,6,0.25,"[13, 9, 5, 1, 2, 6, 10, 14, 15, 16, 12, 8, 4, 3, 7, 11]",16,"[1, 4, 5, 8, 10, 13, 14, 16]",7,2.625,2.75,2019-01-08 19:40:03.132999,2019-01-08 19:40:03.132999,2019-01-08 19:40:00.507999,2019-01-08 19:40:18.139999
663,ID_06,7,0.25,"[13, 9, 10, 14, 15, 16, 12, 8, 4, 3, 7, 6, 5, 1]",14,"[1, 2, 3, 4, 6, 9, 10, 11, 13, 14]",9,3.375,3.5,2019-01-08 19:41:26.856001,2019-01-08 19:41:26.856001,2019-01-08 19:41:23.481001,2019-01-08 19:41:41.862005
664,ID_06,8,0.25,"[13, 14, 15, 16, 12, 11, 7, 8, 3, 2, 1, 5, 9, 10]",14,"[1, 4, 5, 6, 7, 11, 13, 14]",7,2.625,2.75,2019-01-08 19:42:51.205000,2019-01-08 19:42:50.960001,2019-01-08 19:42:48.335001,2019-01-08 19:43:06.212000
665,ID_06,9,0.25,"[13, 9, 5, 6, 10, 11, 11, 15, 16, 12, 8, 4, 3, 7]",14,"[1, 3, 4, 5, 8, 9, 12, 13, 14]",8,3.0,3.125,2019-01-08 19:44:18.935997,2019-01-08 19:44:18.935997,2019-01-08 19:44:15.935997,2019-01-08 19:44:33.942997
666,ID_06,1,0.5,"[13, 9, 5, 1, 2, 3, 7, 11, 12, 8, 4]",11,"[1, 4, 6, 8, 9, 11]",5,1.25,1.5,2019-01-08 19:45:44.668996,2019-01-08 19:45:44.668996,2019-01-08 19:45:43.418996,2019-01-08 19:45:59.677001
667,ID_06,2,0.5,"[13, 14, 10, 11, 12, 8, 4, 3, 2]",9,"[1, 2, 3, 5, 7, 9]",5,1.25,1.5,2019-01-08 19:47:09.402996,2019-01-08 19:47:09.402996,2019-01-08 19:47:08.152996,2019-01-08 19:47:24.408004
668,ID_06,3,0.5,"[13, 9, 5, 6, 10, 14, 15, 16, 12, 8, 4]",11,"[1, 3, 4, 6, 8, 11]",5,1.25,1.5,2019-01-08 19:48:33.254996,2019-01-08 19:48:33.009000,2019-01-08 19:48:31.759000,2019-01-08 19:48:48.261000
669,ID_06,4,0.5,"[13, 14, 15, 11, 10, 9, 5, 6, 7, 8, 4, 3, 2, 1]",14,"[1, 3, 4, 6, 7, 10, 11, 14]",7,1.75,2.0,2019-01-08 19:49:56.734004,2019-01-08 19:49:56.734004,2019-01-08 19:49:54.984004,2019-01-08 19:50:11.739998
670,ID_06,5,0.5,"[13, 9, 10, 11, 15, 16, 12, 8, 4, 3, 2, 1, 5]",13,"[1, 2, 4, 5, 6, 9, 12, 13]",7,1.75,2.0,2019-01-08 19:51:21.217995,2019-01-08 19:51:21.217995,2019-01-08 19:51:19.467995,2019-01-08 19:51:36.223999
671,ID_06,6,0.5,"[13, 9, 5, 1, 2, 6, 10, 14, 15, 16, 12, 8, 4, 3, 7, 11]",16,"[1, 4, 5, 8, 10, 13, 14, 16]",7,1.75,2.0,2019-01-08 19:52:49.199001,2019-01-08 19:52:49.199001,2019-01-08 19:52:47.449001,2019-01-08 19:53:04.206000
672,ID_06,7,0.5,"[13, 9, 10, 14, 15, 16, 12, 8, 4, 3, 7, 6, 5, 1]",14,"[1, 2, 3, 4, 6, 9, 10, 11, 13, 14]",9,2.25,2.5,2019-01-08 19:54:14.439003,2019-01-08 19:54:14.439003,2019-01-08 19:54:12.189003,2019-01-08 19:54:29.444997
673,ID_06,8,0.5,"[13, 14, 15, 16, 12, 11, 7, 8, 3, 2, 1, 5, 9, 10]",14,"[1, 4, 5, 6, 7, 11, 13, 14]",7,1.75,2.0,2019-01-08 19:55:38.303002,2019-01-08 19:55:38.058002,2019-01-08 19:55:36.308002,2019-01-08 19:55:53.308996
674,ID_06,9,0.5,"[13, 9, 5, 6, 10, 11, 11, 15, 16, 12, 8, 4, 3, 7]",14,"[1, 3, 4, 5, 8, 9, 12, 13, 14]",8,2.0,2.25,2019-01-08 19:57:03.044999,2019-01-08 19:57:03.044999,2019-01-08 19:57:01.044999,2019-01-08 19:57:18.051002
675,ID_06,1,0.0,"[13, 9, 5, 1, 2, 3, 7, 11, 12, 8, 4]",11,"[1, 4, 6, 8, 9, 11]",5,2.5,2.5,2019-01-08 19:20:18.194003,2019-01-08 19:20:18.194003,2019-01-08 19:20:15.694003,2019-01-08 19:20:33.208003
676,ID_06,2,0.0,"[13, 14, 10, 11, 12, 8, 4, 3, 2]",9,"[1, 2, 3, 5, 7, 9]",5,2.5,2.5,2019-01-08 19:21:47.246004,2019-01-08 19:21:47.246004,2019-01-08 19:21:44.746004,2019-01-08 19:22:02.256997
677,ID_06,3,0.0,"[13, 9, 5, 6, 10, 14, 15, 16, 12, 8, 4]",11,"[1, 3, 4, 6, 8, 11]",5,2.5,2.5,2019-01-08 19:23:14.470999,2019-01-08 19:23:14.225003,2019-01-08 19:23:11.725003,2019-01-08 19:23:29.477003
678,ID_06,4,0.0,"[13, 14, 15, 11, 10, 9, 5, 6, 7, 8, 4, 3, 2, 1]",14,"[1, 3, 4, 6, 7, 10, 11, 14]",7,3.5,3.5,2019-01-08 19:24:39.335002,2019-01-08 19:24:39.090003,2019-01-08 19:24:35.590003,2019-01-08 19:24:54.340996
679,ID_06,5,0.0,"[13, 9, 10, 11, 15, 16, 12, 8, 4, 3, 2, 1, 5]",13,"[1, 2, 4, 5, 6, 9, 12, 13]",7,3.5,3.5,2019-01-08 19:26:04.944003,2019-01-08 19:26:04.699003,2019-01-08 19:26:01.199003,2019-01-08 19:26:19.951002
680,ID_06,6,0.0,"[13, 9, 5, 1, 2, 6, 10, 14, 15, 16, 12, 8, 4, 3, 7, 11]",16,"[1, 4, 5, 8, 10, 13, 14, 16]",7,3.5,3.5,2019-01-08 19:27:34.037997,2019-01-08 19:27:34.037997,2019-01-08 19:27:30.537997,2019-01-08 19:27:49.044997
681,ID_06,7,0.0,"[13, 9, 10, 14, 15, 16, 12, 8, 4, 3, 7, 6, 5, 1]",14,"[1, 2, 3, 4, 6, 9, 10, 11, 13, 14]",9,4.5,4.5,2019-01-08 19:29:05.508996,2019-01-08 19:29:05.508996,2019-01-08 19:29:01.008996,2019-01-08 19:29:20.517002
682,ID_06,8,0.0,"[13, 14, 15, 16, 12, 11, 7, 8, 3, 2, 1, 5, 9, 10]",14,"[1, 4, 5, 6, 7, 11, 13, 14]",7,3.5,3.5,2019-01-08 19:30:31.980002,2019-01-08 19:30:31.980002,2019-01-08 19:30:28.480002,2019-01-08 19:30:46.987001
683,ID_06,9,0.0,"[13, 9, 5, 6, 10, 11, 11, 15, 16, 12, 8, 4, 3, 7]",14,"[1, 3, 4, 5, 8, 9, 12, 13, 14]",8,4.0,4.0,2019-01-08 19:31:57.446999,2019-01-08 19:31:57.201004,2019-01-08 19:31:53.201004,2019-01-08 19:32:12.451997
684,ID_06,1,0.25,"[13, 9, 5, 1, 2, 3, 7, 11, 12, 8, 4]",11,"[1, 4, 6, 8, 9, 11]",5,1.875,2.0,2019-01-08 19:33:24.542001,2019-01-08 19:33:24.297001,2019-01-08 19:33:22.422001,2019-01-08 19:33:39.549000
685,ID_06,2,0.25,"[13, 14, 10, 11, 12, 8, 4, 3, 2]",9,"[1, 2, 3, 5, 7, 9]",5,1.875,2.0,2019-01-08 19:34:49.518999,2019-01-08 19:34:49.518999,2019-01-08 19:34:47.643999,2019-01-08 19:35:04.525003
686,ID_06,3,0.25,"[13, 9, 5, 6, 10, 14, 15, 16, 12, 8, 4]",11,"[1, 3, 4, 6, 8, 11]",5,1.875,2.0,2019-01-08 19:36:14.992997,2019-01-08 19:36:14.747998,2019-01-08 19:36:12.872998,2019-01-08 19:36:29.999001
687,ID_06,4,0.25,"[13, 14, 15, 11, 10, 9, 5, 6, 7, 8, 4, 3, 2, 1]",14,"[1, 3, 4, 6, 7, 10, 11, 14]",7,2.625,2.75,2019-01-08 19:37:43.095004,2019-01-08 19:37:43.095004,2019-01-08 19:37:40.470004,2019-01-08 19:37:58.100998
688,ID_06,5,0.25,"[13, 9, 10, 11, 15, 16, 12, 8, 4, 3, 2, 1, 5]",13,"[1, 2, 4, 5, 6, 9, 12, 13]",7,2.625,2.75,2019-01-08 19:39:07.566996,2019-01-08 19:39:07.566996,2019-01-08 19:39:04.941996,2019-01-08 19:39:22.573000
689,ID_06,6,0.25,"[13, 9, 5, 1, 2, 6, 10, 14, 15, 16, 12, 8, 4, 3, 7, 11]",16,"[1, 4, 5, 8, 10, 13, 14, 16]",7,2.625,2.75,2019-01-08 19:40:31.289998,2019-01-08 19:40:31.291004,2019-01-08 19:40:28.666004,2019-01-08 19:40:46.296002
690,ID_06,7,0.25,"[13, 9, 10, 14, 15, 16, 12, 8, 4, 3, 7, 6, 5, 1]",14,"[1, 2, 3, 4, 6, 9, 10, 11, 13, 14]",9,3.375,3.5,2019-01-08 19:41:54.261998,2019-01-08 19:41:54.261998,2019-01-08 19:41:50.886998,2019-01-08 19:42:09.268998
691,ID_06,8,0.25,"[13, 14, 15, 16, 12, 11, 7, 8, 3, 2, 1, 5, 9, 10]",14,"[1, 4, 5, 6, 7, 11, 13, 14]",7,2.625,2.75,2019-01-08 19:43:20.741000,2019-01-08 19:43:20.496000,2019-01-08 19:43:17.871000,2019-01-08 19:43:35.747004
692,ID_06,9,0.25,"[13, 9, 5, 6, 10, 11, 11, 15, 16, 12, 8, 4, 3, 7]",14,"[1, 3, 4, 5, 8, 9, 12, 13, 14]",8,3.0,3.125,2019-01-08 19:44:47.598002,2019-01-08 19:44:47.598002,2019-01-08 19:44:44.598002,2019-01-08 19:45:02.603996
693,ID_06,1,0.5,"[13, 9, 5, 1, 2, 3, 7, 11, 12, 8, 4]",11,"[1, 4, 6, 8, 9, 11]",5,1.25,1.5,2019-01-08 19:46:13.084000,2019-01-08 19:46:13.084000,2019-01-08 19:46:11.834000,2019-01-08 19:46:28.090999
694,ID_06,2,0.5,"[13, 14, 10, 11, 12, 8, 4, 3, 2]",9,"[1, 2, 3, 5, 7, 9]",5,1.25,1.5,2019-01-08 19:47:37.309996,2019-01-08 19:47:37.309996,2019-01-08 19:47:36.059996,2019-01-08 19:47:52.315004
695,ID_06,3,0.5,"[13, 9, 5, 6, 10, 14, 15, 16, 12, 8, 4]",11,"[1, 3, 4, 6, 8, 11]",5,1.25,1.5,2019-01-08 19:49:01.289997,2019-01-08 19:49:01.044998,2019-01-08 19:48:59.794998,2019-01-08 19:49:16.296997
696,ID_06,4,0.5,"[13, 14, 15, 11, 10, 9, 5, 6, 7, 8, 4, 3, 2, 1]",14,"[1, 3, 4, 6, 7, 10, 11, 14]",7,1.75,2.0,2019-01-08 19:50:24.145000,2019-01-08 19:50:24.145000,2019-01-08 19:50:22.395000,2019-01-08 19:50:39.151999
697,ID_06,5,0.5,"[13, 9, 10, 11, 15, 16, 12, 8, 4, 3, 2, 1, 5]",13,"[1, 2, 4, 5, 6, 9, 12, 13]",7,1.75,2.0,2019-01-08 19:51:50.878999,2019-01-08 19:51:50.878999,2019-01-08 19:51:49.128999,2019-01-08 19:52:05.885999
698,ID_06,6,0.5,"[13, 9, 5, 1, 2, 6, 10, 14, 15, 16, 12, 8, 4, 3, 7, 11]",16,"[1, 4, 5, 8, 10, 13, 14, 16]",7,1.75,2.0,2019-01-08 19:53:17.860000,2019-01-08 19:53:17.860000,2019-01-08 19:53:16.110000,2019-01-08 19:53:32.867000
699,ID_06,7,0.5,"[13, 9, 10, 14, 15, 16, 12, 8, 4, 3, 7, 6, 5, 1]",14,"[1, 2, 3, 4, 6, 9, 10, 11, 13, 14]",9,2.25,2.5,2019-01-08 19:54:42.351002,2019-01-08 19:54:42.351002,2019-01-08 19:54:40.101002,2019-01-08 19:54:57.358002
700,ID_06,8,0.5,"[13, 14, 15, 16, 12, 11, 7, 8, 3, 2, 1, 5, 9, 10]",14,"[1, 4, 5, 6, 7, 11, 13, 14]",7,1.75,2.0,2019-01-08 19:56:06.341997,2019-01-08 19:56:06.096997,2019-01-08 19:56:04.346997,2019-01-08 19:56:21.348997
701,ID_06,9,0.5,"[13, 9, 5, 6, 10, 11, 11, 15, 16, 12, 8, 4, 3, 7]",14,"[1, 3, 4, 5, 8, 9, 12, 13, 14]",8,2.0,2.25,2019-01-08 19:57:31.708995,2019-01-08 19:57:31.708995,2019-01-08 19:57:29.708995,2019-01-08 19:57:46.714999
702,ID_06,1,0.0,"[13, 9, 5, 1, 2, 3, 7, 11, 12, 8, 4]",11,"[1, 4, 6, 8, 9, 11]",5,2.5,2.5,2019-01-08 19:20:47.911997,2019-01-08 19:20:47.911997,2019-01-08 19:20:45.411997,2019-01-08 19:21:02.922004
703,ID_06,2,0.0,"[13, 14, 10, 11, 12, 8, 4, 3, 2]",9,"[1, 2, 3, 5, 7, 9]",5,2.5,2.5,2019-01-08 19:22:16.904000,2019-01-08 19:22:16.904000,2019-01-08 19:22:14.404000,2019-01-08 19:22:31.911996
704,ID_06,3,0.0,"[13, 9, 5, 6, 10, 14, 15, 16, 12, 8, 4]",11,"[1, 3, 4, 6, 8, 11]",5,2.5,2.5,2019-01-08 19:23:43.252003,2019-01-08 19:23:43.007004,2019-01-08 19:23:40.507004,2019-01-08 19:23:58.259999
705,ID_06,4,0.0,"[13, 14, 15, 11, 10, 9, 5, 6, 7, 8, 4, 3, 2, 1]",14,"[1, 3, 4, 6, 7, 10, 11, 14]",7,3.5,3.5,2019-01-08 19:25:07.368002,2019-01-08 19:25:07.123003,2019-01-08 19:25:03.623003,2019-01-08 19:25:22.375002
706,ID_06,5,0.0,"[13, 9, 10, 11, 15, 16, 12, 8, 4, 3, 2, 1, 5]",13,"[1, 2, 4, 5, 6, 9, 12, 13]",7,3.5,3.5,2019-01-08 19:26:33.726999,2019-01-08 19:26:33.481999,2019-01-08 19:26:29.981999,2019-01-08 19:26:48.733003
707,ID_06,6,0.0,"[13, 9, 5, 1, 2, 6, 10, 14, 15, 16, 12, 8, 4, 3, 7, 11]",16,"[1, 4, 5, 8, 10, 13, 14, 16]",7,3.5,3.5,2019-01-08 19:28:04.196997,2019-01-08 19:28:04.196997,2019-01-08 19:28:00.696997,2019-01-08 19:28:19.203001
708,ID_06,7,0.0,"[13, 9, 10, 14, 15, 16, 12, 8, 4, 3, 7, 6, 5, 1]",14,"[1, 2, 3, 4, 6, 9, 10, 11, 13, 14]",9,4.5,4.5,2019-01-08 19:29:36.166997,2019-01-08 19:29:36.166997,2019-01-08 19:29:31.666997,2019-01-08 19:29:51.173001
709,ID_06,8,0.0,"[13, 14, 15, 16, 12, 11, 7, 8, 3, 2, 1, 5, 9, 10]",14,"[1, 4, 5, 6, 7, 11, 13, 14]",7,3.5,3.5,2019-01-08 19:30:59.885996,2019-01-08 19:30:59.885996,2019-01-08 19:30:56.385996,2019-01-08 19:31:14.892000
710,ID_06,9,0.0,"[13, 9, 5, 6, 10, 11, 11, 15, 16, 12, 8, 4, 3, 7]",14,"[1, 3, 4, 5, 8, 9, 12, 13, 14]",8,4.0,4.0,2019-01-08 19:32:26.228004,2019-01-08 19:32:25.981998,2019-01-08 19:32:21.981998,2019-01-08 19:32:41.233002
711,ID_06,1,0.25,"[13, 9, 5, 1, 2, 3, 7, 11, 12, 8, 4]",11,"[1, 4, 6, 8, 9, 11]",5,1.875,2.0,2019-01-08 19:33:53.697998,2019-01-08 19:33:53.454004,2019-01-08 19:33:51.579004,2019-01-08 19:34:08.706004
712,ID_06,2,0.25,"[13, 14, 10, 11, 12, 8, 4, 3, 2]",9,"[1, 2, 3, 5, 7, 9]",5,1.875,2.0,2019-01-08 19:35:17.428001,2019-01-08 19:35:17.428001,2019-01-08 19:35:15.553001,2019-01-08 19:35:32.434005
713,ID_06,3,0.25,"[13, 9, 5, 6, 10, 14, 15, 16, 12, 8, 4]",11,"[1, 3, 4, 6, 8, 11]",5,1.875,2.0,2019-01-08 19:36:43.774002,2019-01-08 19:36:43.529002,2019-01-08 19:36:41.654002,2019-01-08 19:36:58.781997
714,ID_06,4,0.25,"[13, 14, 15, 11, 10, 9, 5, 6, 7, 8, 4, 3, 2, 1]",14,"[1, 3, 4, 6, 7, 10, 11, 14]",7,2.625,2.75,2019-01-08 19:38:12.750999,2019-01-08 19:38:12.750999,2019-01-08 19:38:10.125999,2019-01-08 19:38:27.759004
715,ID_06,5,0.25,"[13, 9, 10, 11, 15, 16, 12, 8, 4, 3, 2, 1, 5]",13,"[1, 2, 4, 5, 6, 9, 12, 13]",7,2.625,2.75,2019-01-08 19:39:34.975004,2019-01-08 19:39:34.975004,2019-01-08 19:39:32.350004,2019-01-08 19:39:49.980998
716,ID_06,6,0.25,"[13, 9, 5, 1, 2, 6, 10, 14, 15, 16, 12, 8, 4, 3, 7, 11]",16,"[1, 4, 5, 8, 10, 13, 14, 16]",7,2.625,2.75,2019-01-08 19:40:59.448998,2019-01-08 19:40:59.448998,2019-01-08 19:40:56.823998,2019-01-08 19:41:14.455002
717,ID_06,7,0.25,"[13, 9, 10, 14, 15, 16, 12, 8, 4, 3, 7, 6, 5, 1]",14,"[1, 2, 3, 4, 6, 9, 10, 11, 13, 14]",9,3.375,3.5,2019-01-08 19:42:21.671002,2019-01-08 19:42:21.671002,2019-01-08 19:42:18.296002,2019-01-08 19:42:36.678002
718,ID_06,8,0.25,"[13, 14, 15, 16, 12, 11, 7, 8, 3, 2, 1, 5, 9, 10]",14,"[1, 4, 5, 6, 7, 11, 13, 14]",7,2.625,2.75,2019-01-08 19:43:50.274002,2019-01-08 19:43:50.029002,2019-01-08 19:43:47.404002,2019-01-08 19:44:05.281002
719,ID_06,9,0.25,"[13, 9, 5, 6, 10, 11, 11, 15, 16, 12, 8, 4, 3, 7]",14,"[1, 3, 4, 5, 8, 9, 12, 13, 14]",8,3.0,3.125,2019-01-08 19:45:16.257000,2019-01-08 19:45:16.257000,2019-01-08 19:45:13.257000,2019-01-08 19:45:31.263999
720,ID_06,1,0.5,"[13, 9, 5, 1, 2, 3, 7, 11, 12, 8, 4]",11,"[1, 4, 6, 8, 9, 11]",5,1.25,1.5,2019-01-08 19:46:41.490997,2019-01-08 19:46:41.490997,2019-01-08 19:46:40.240997,2019-01-08 19:46:56.497997
721,ID_06,2,0.5,"[13, 14, 10, 11, 12, 8, 4, 3, 2]",9,"[1, 2, 3, 5, 7, 9]",5,1.25,1.5,2019-01-08 19:48:05.218998,2019-01-08 19:48:05.218998,2019-01-08 19:48:03.968998,2019-01-08 19:48:20.225002
722,ID_06,3,0.5,"[13, 9, 5, 6, 10, 14, 15, 16, 12, 8, 4]",11,"[1, 3, 4, 6, 8, 11]",5,1.25,1.5,2019-01-08 19:49:29.325995,2019-01-08 19:49:29.080995,2019-01-08 19:49:27.830995,2019-01-08 19:49:44.331999
723,ID_06,4,0.5,"[13, 14, 15, 11, 10, 9, 5, 6, 7, 8, 4, 3, 2, 1]",14,"[1, 3, 4, 6, 7, 10, 11, 14]",7,1.75,2.0,2019-01-08 19:50:51.555000,2019-01-08 19:50:51.555000,2019-01-08 19:50:49.805000,2019-01-08 19:51:06.562995
724,ID_06,5,0.5,"[13, 9, 10, 11, 15, 16, 12, 8, 4, 3, 2, 1, 5]",13,"[1, 2, 4, 5, 6, 9, 12, 13]",7,1.75,2.0,2019-01-08 19:52:20.538997,2019-01-08 19:52:20.538997,2019-01-08 19:52:18.788997,2019-01-08 19:52:35.545997
725,ID_06,6,0.5,"[13, 9, 5, 1, 2, 6, 10, 14, 15, 16, 12, 8, 4, 3, 7, 11]",16,"[1, 4, 5, 8, 10, 13, 14, 16]",7,1.75,2.0,2019-01-08 19:53:46.520003,2019-01-08 19:53:46.520003,2019-01-08 19:53:44.770003,2019-01-08 19:54:01.527003
726,ID_06,7,0.5,"[13, 9, 10, 14, 15, 16, 12, 8, 4, 3, 7, 6, 5, 1]",14,"[1, 2, 3, 4, 6, 9, 10, 11, 13, 14]",9,2.25,2.5,2019-01-08 19:55:10.265999,2019-01-08 19:55:10.265999,2019-01-08 19:55:08.015999,2019-01-08 19:55:25.272002
727,ID_06,8,0.5,"[13, 14, 15, 16, 12, 11, 7, 8, 3, 2, 1, 5, 9, 10]",14,"[1, 4, 5, 6, 7, 11, 13, 14]",7,1.75,2.0,2019-01-08 19:56:34.379000,2019-01-08 19:56:34.134001,2019-01-08 19:56:32.384001,2019-01-08 19:56:49.386000
728,ID_06,9,0.5,"[13, 9, 5, 6, 10, 11, 11, 15, 16, 12, 8, 4, 3, 7]",14,"[1, 3, 4, 5, 8, 9, 12, 13, 14]",8,2.0,2.25,2019-01-08 19:58:00.371000,2019-01-08 19:58:00.371000,2019-01-08 19:57:58.371000,2019-01-08 19:58:15.378996
729,ID_09,1,0.0,"[13, 9, 5, 1, 2, 3, 7, 11, 12, 8, 4]",11,"[1, 4, 6, 8, 9, 11]",5,2.5,2.5,2019-01-09 15:32:22.092001,2019-01-09 15:32:22.092001,2019-01-09 15:32:19.592001,2019-01-09 15:32:37.115003
730,ID_09,2,0.0,"[13, 14, 10, 11, 12, 8, 4, 3, 2]",9,"[1, 2, 3, 5, 7, 9]",5,2.5,2.5,2019-01-09 15:33:45.922003,2019-01-09 15:33:45.922003,2019-01-09 15:33:43.422003,2019-01-09 15:34:00.929002
731,ID_09,3,0.0,"[13, 9, 5, 6, 10, 14, 15, 16, 12, 8, 4]",11,"[1, 3, 4, 6, 8, 11]",5,2.5,2.5,2019-01-09 15:35:08.145003,2019-01-09 15:35:08.145003,2019-01-09 15:35:05.645003,2019-01-09 15:35:23.150996
732,ID_09,4,0.0,"[13, 14, 15, 11, 10, 9, 5, 6, 7, 8, 4, 3, 2, 1]",14,"[1, 3, 4, 6, 7, 10, 11, 14]",7,3.5,3.5,2019-01-09 15:36:30.877002,2019-01-09 15:36:30.877002,2019-01-09 15:36:27.377002,2019-01-09 15:36:45.882996
733,ID_09,5,0.0,"[13, 9, 10, 11, 15, 16, 12, 8, 4, 3, 2, 1, 5]",13,"[1, 2, 4, 5, 6, 9, 12, 13]",7,3.5,3.5,2019-01-09 15:37:56.358997,2019-01-09 15:37:56.358997,2019-01-09 15:37:52.858997,2019-01-09 15:38:11.367002
734,ID_09,6,0.0,"[13, 9, 5, 1, 2, 6, 10, 14, 15, 16, 12, 8, 4, 3, 7, 11]",16,"[1, 4, 5, 8, 10, 13, 14, 16]",7,3.5,3.5,2019-01-09 15:39:24.330004,2019-01-09 15:39:24.330004,2019-01-09 15:39:20.830004,2019-01-09 15:39:39.335002
735,ID_09,7,0.0,"[13, 9, 10, 14, 15, 16, 12, 8, 4, 3, 7, 6, 5, 1]",14,"[1, 2, 3, 4, 6, 9, 10, 11, 13, 14]",9,4.5,4.5,2019-01-09 15:40:51.305000,2019-01-09 15:40:51.305000,2019-01-09 15:40:46.805000,2019-01-09 15:41:06.312000
736,ID_09,8,0.0,"[13, 14, 15, 16, 12, 11, 7, 8, 3, 2, 1, 5, 9, 10]",14,"[1, 4, 5, 6, 7, 11, 13, 14]",7,3.5,3.5,2019-01-09 15:42:19.394001,2019-01-09 15:42:19.149002,2019-01-09 15:42:15.649002,2019-01-09 15:42:34.401001
737,ID_09,9,0.0,"[13, 9, 5, 6, 10, 11, 11, 15, 16, 12, 8, 4, 3, 7]",14,"[1, 3, 4, 5, 8, 9, 12, 13, 14]",8,4.0,4.0,2019-01-09 15:43:46.622999,2019-01-09 15:43:46.622999,2019-01-09 15:43:42.622999,2019-01-09 15:44:01.629999
738,ID_09,1,0.25,"[13, 9, 5, 1, 2, 3, 7, 11, 12, 8, 4]",11,"[1, 4, 6, 8, 9, 11]",5,1.875,2.0,2019-01-09 15:45:16.096000,2019-01-09 15:45:16.096000,2019-01-09 15:45:14.221000,2019-01-09 15:45:31.102004
739,ID_09,2,0.25,"[13, 14, 10, 11, 12, 8, 4, 3, 2]",9,"[1, 2, 3, 5, 7, 9]",5,1.875,2.0,2019-01-09 15:46:45.196000,2019-01-09 15:46:44.951000,2019-01-09 15:46:43.076000,2019-01-09 15:47:00.202999
740,ID_09,3,0.25,"[13, 9, 5, 6, 10, 14, 15, 16, 12, 8, 4]",11,"[1, 3, 4, 6, 8, 11]",5,1.875,2.0,2019-01-09 15:48:10.671999,2019-01-09 15:48:10.671999,2019-01-09 15:48:08.796999,2019-01-09 15:48:25.678999
741,ID_09,4,0.25,"[13, 14, 15, 11, 10, 9, 5, 6, 7, 8, 4, 3, 2, 1]",14,"[1, 3, 4, 6, 7, 10, 11, 14]",7,2.625,2.75,2019-01-09 15:49:36.174996,2019-01-09 15:49:36.174996,2019-01-09 15:49:33.549996,2019-01-09 15:49:51.181995
742,ID_09,5,0.25,"[13, 9, 10, 11, 15, 16, 12, 8, 4, 3, 2, 1, 5]",13,"[1, 2, 4, 5, 6, 9, 12, 13]",7,2.625,2.75,2019-01-09 15:51:02.907999,2019-01-09 15:51:02.907999,2019-01-09 15:51:00.282999,2019-01-09 15:51:17.914003
743,ID_09,6,0.25,"[13, 9, 5, 1, 2, 6, 10, 14, 15, 16, 12, 8, 4, 3, 7, 11]",16,"[1, 4, 5, 8, 10, 13, 14, 16]",7,2.625,2.75,2019-01-09 15:52:25.763997,2019-01-09 15:52:25.518998,2019-01-09 15:52:22.893998,2019-01-09 15:52:40.770997
744,ID_09,7,0.25,"[13, 9, 10, 14, 15, 16, 12, 8, 4, 3, 7, 6, 5, 1]",14,"[1, 2, 3, 4, 6, 9, 10, 11, 13, 14]",9,3.375,3.5,2019-01-09 15:53:50.999001,2019-01-09 15:53:50.754997,2019-01-09 15:53:47.379997,2019-01-09 15:54:06.006000
745,ID_09,8,0.25,"[13, 14, 15, 16, 12, 11, 7, 8, 3, 2, 1, 5, 9, 10]",14,"[1, 4, 5, 6, 7, 11, 13, 14]",7,2.625,2.75,2019-01-09 15:55:17.723002,2019-01-09 15:55:17.723002,2019-01-09 15:55:15.098002,2019-01-09 15:55:32.730002
746,ID_09,9,0.25,"[13, 9, 5, 6, 10, 11, 11, 15, 16, 12, 8, 4, 3, 7]",14,"[1, 3, 4, 5, 8, 9, 12, 13, 14]",8,3.0,3.125,2019-01-09 15:56:42.574001,2019-01-09 15:56:42.329001,2019-01-09 15:56:39.329001,2019-01-09 15:56:57.581000
747,ID_09,1,0.5,"[13, 9, 5, 1, 2, 3, 7, 11, 12, 8, 4]",11,"[1, 4, 6, 8, 9, 11]",5,1.25,1.5,2019-01-09 15:58:09.303997,2019-01-09 15:58:09.303997,2019-01-09 15:58:08.053997,2019-01-09 15:58:24.310001
748,ID_09,2,0.5,"[13, 14, 10, 11, 12, 8, 4, 3, 2]",9,"[1, 2, 3, 5, 7, 9]",5,1.25,1.5,2019-01-09 15:59:40.160002,2019-01-09 15:59:39.913996,2019-01-09 15:59:38.663996,2019-01-09 15:59:55.165996
749,ID_09,3,0.5,"[13, 9, 5, 6, 10, 14, 15, 16, 12, 8, 4]",11,"[1, 3, 4, 6, 8, 11]",5,1.25,1.5,2019-01-09 16:01:08.014997,2019-01-09 16:01:07.769997,2019-01-09 16:01:06.519997,2019-01-09 16:01:23.021997
750,ID_09,4,0.5,"[13, 14, 15, 11, 10, 9, 5, 6, 7, 8, 4, 3, 2, 1]",14,"[1, 3, 4, 6, 7, 10, 11, 14]",7,1.75,2.0,2019-01-09 16:02:33.490997,2019-01-09 16:02:33.492003,2019-01-09 16:02:31.742003,2019-01-09 16:02:48.497996
751,ID_09,5,0.5,"[13, 9, 10, 11, 15, 16, 12, 8, 4, 3, 2, 1, 5]",13,"[1, 2, 4, 5, 6, 9, 12, 13]",7,1.75,2.0,2019-01-09 16:03:57.969999,2019-01-09 16:03:57.969999,2019-01-09 16:03:56.219999,2019-01-09 16:04:12.976003
752,ID_09,6,0.5,"[13, 9, 5, 1, 2, 6, 10, 14, 15, 16, 12, 8, 4, 3, 7, 11]",16,"[1, 4, 5, 8, 10, 13, 14, 16]",7,1.75,2.0,2019-01-09 16:05:23.331999,2019-01-09 16:05:23.088005,2019-01-09 16:05:21.338005,2019-01-09 16:05:38.338998
753,ID_09,7,0.5,"[13, 9, 10, 14, 15, 16, 12, 8, 4, 3, 7, 6, 5, 1]",14,"[1, 2, 3, 4, 6, 9, 10, 11, 13, 14]",9,2.25,2.5,2019-01-09 16:06:48.191999,2019-01-09 16:06:47.946999,2019-01-09 16:06:45.696999,2019-01-09 16:07:03.198999
754,ID_09,8,0.5,"[13, 14, 15, 16, 12, 11, 7, 8, 3, 2, 1, 5, 9, 10]",14,"[1, 4, 5, 6, 7, 11, 13, 14]",7,1.75,2.0,2019-01-09 16:08:14.431996,2019-01-09 16:08:14.431996,2019-01-09 16:08:12.681996,2019-01-09 16:08:29.438000
755,ID_09,9,0.5,"[13, 9, 5, 6, 10, 11, 11, 15, 16, 12, 8, 4, 3, 7]",14,"[1, 3, 4, 5, 8, 9, 12, 13, 14]",8,2.0,2.25,2019-01-09 16:09:39.664998,2019-01-09 16:09:39.664998,2019-01-09 16:09:37.664998,2019-01-09 16:09:54.671997
756,ID_09,1,0.0,"[13, 9, 5, 1, 2, 3, 7, 11, 12, 8, 4]",11,"[1, 4, 6, 8, 9, 11]",5,2.5,2.5,2019-01-09 15:32:50.298999,2019-01-09 15:32:50.298999,2019-01-09 15:32:47.798999,2019-01-09 15:33:05.313995
757,ID_09,2,0.0,"[13, 14, 10, 11, 12, 8, 4, 3, 2]",9,"[1, 2, 3, 5, 7, 9]",5,2.5,2.5,2019-01-09 15:34:13.330997,2019-01-09 15:34:13.330997,2019-01-09 15:34:10.830997,2019-01-09 15:34:28.339998
758,ID_09,3,0.0,"[13, 9, 5, 6, 10, 14, 15, 16, 12, 8, 4]",11,"[1, 3, 4, 6, 8, 11]",5,2.5,2.5,2019-01-09 15:35:35.553997,2019-01-09 15:35:35.553997,2019-01-09 15:35:33.053997,2019-01-09 15:35:50.560997
759,ID_09,4,0.0,"[13, 14, 15, 11, 10, 9, 5, 6, 7, 8, 4, 3, 2, 1]",14,"[1, 3, 4, 6, 7, 10, 11, 14]",7,3.5,3.5,2019-01-09 15:36:58.789997,2019-01-09 15:36:58.789997,2019-01-09 15:36:55.289997,2019-01-09 15:37:13.796997
760,ID_09,5,0.0,"[13, 9, 10, 11, 15, 16, 12, 8, 4, 3, 2, 1, 5]",13,"[1, 2, 4, 5, 6, 9, 12, 13]",7,3.5,3.5,2019-01-09 15:38:26.015002,2019-01-09 15:38:26.015002,2019-01-09 15:38:22.515002,2019-01-09 15:38:41.022997
761,ID_09,6,0.0,"[13, 9, 5, 1, 2, 6, 10, 14, 15, 16, 12, 8, 4, 3, 7, 11]",16,"[1, 4, 5, 8, 10, 13, 14, 16]",7,3.5,3.5,2019-01-09 15:39:52.991999,2019-01-09 15:39:52.991999,2019-01-09 15:39:49.491999,2019-01-09 15:40:07.998003
762,ID_09,7,0.0,"[13, 9, 10, 14, 15, 16, 12, 8, 4, 3, 7, 6, 5, 1]",14,"[1, 2, 3, 4, 6, 9, 10, 11, 13, 14]",9,4.5,4.5,2019-01-09 15:41:20.961005,2019-01-09 15:41:20.961005,2019-01-09 15:41:16.461005,2019-01-09 15:41:35.969000
763,ID_09,8,0.0,"[13, 14, 15, 16, 12, 11, 7, 8, 3, 2, 1, 5, 9, 10]",14,"[1, 4, 5, 6, 7, 11, 13, 14]",7,3.5,3.5,2019-01-09 15:42:48.171998,2019-01-09 15:42:47.926999,2019-01-09 15:42:44.426999,2019-01-09 15:43:03.180004
764,ID_09,9,0.0,"[13, 9, 5, 6, 10, 11, 11, 15, 16, 12, 8, 4, 3, 7]",14,"[1, 3, 4, 5, 8, 9, 12, 13, 14]",8,4.0,4.0,2019-01-09 15:44:16.280996,2019-01-09 15:44:16.280996,2019-01-09 15:44:12.280996,2019-01-09 15:44:31.287995
765,ID_09,1,0.25,"[13, 9, 5, 1, 2, 3, 7, 11, 12, 8, 4]",11,"[1, 4, 6, 8, 9, 11]",5,1.875,2.0,2019-01-09 15:45:46.254004,2019-01-09 15:45:46.254004,2019-01-09 15:45:44.379004,2019-01-09 15:46:01.259998
766,ID_09,2,0.25,"[13, 14, 10, 11, 12, 8, 4, 3, 2]",9,"[1, 2, 3, 5, 7, 9]",5,1.875,2.0,2019-01-09 15:47:13.984005,2019-01-09 15:47:13.738995,2019-01-09 15:47:11.863995,2019-01-09 15:47:28.989999
767,ID_09,3,0.25,"[13, 9, 5, 6, 10, 14, 15, 16, 12, 8, 4]",11,"[1, 3, 4, 6, 8, 11]",5,1.875,2.0,2019-01-09 15:48:38.588002,2019-01-09 15:48:38.588002,2019-01-09 15:48:36.713002,2019-01-09 15:48:53.595001
768,ID_09,4,0.25,"[13, 14, 15, 11, 10, 9, 5, 6, 7, 8, 4, 3, 2, 1]",14,"[1, 3, 4, 6, 7, 10, 11, 14]",7,2.625,2.75,2019-01-09 15:50:05.840999,2019-01-09 15:50:05.840999,2019-01-09 15:50:03.215999,2019-01-09 15:50:20.847998
769,ID_09,5,0.25,"[13, 9, 10, 11, 15, 16, 12, 8, 4, 3, 2, 1, 5]",13,"[1, 2, 4, 5, 6, 9, 12, 13]",7,2.625,2.75,2019-01-09 15:51:30.315002,2019-01-09 15:51:30.315002,2019-01-09 15:51:27.690002,2019-01-09 15:51:45.322998
770,ID_09,6,0.25,"[13, 9, 5, 1, 2, 6, 10, 14, 15, 16, 12, 8, 4, 3, 7, 11]",16,"[1, 4, 5, 8, 10, 13, 14, 16]",7,2.625,2.75,2019-01-09 15:52:53.798003,2019-01-09 15:52:53.553004,2019-01-09 15:52:50.928004,2019-01-09 15:53:08.803997
771,ID_09,7,0.25,"[13, 9, 10, 14, 15, 16, 12, 8, 4, 3, 7, 6, 5, 1]",14,"[1, 2, 3, 4, 6, 9, 10, 11, 13, 14]",9,3.375,3.5,2019-01-09 15:54:20.157000,2019-01-09 15:54:19.912000,2019-01-09 15:54:16.537000,2019-01-09 15:54:35.164995
772,ID_09,8,0.25,"[13, 14, 15, 16, 12, 11, 7, 8, 3, 2, 1, 5, 9, 10]",14,"[1, 4, 5, 6, 7, 11, 13, 14]",7,2.625,2.75,2019-01-09 15:55:46.130995,2019-01-09 15:55:46.130995,2019-01-09 15:55:43.505995,2019-01-09 15:56:01.137995
773,ID_09,9,0.25,"[13, 9, 5, 6, 10, 11, 11, 15, 16, 12, 8, 4, 3, 7]",14,"[1, 3, 4, 5, 8, 9, 12, 13, 14]",8,3.0,3.125,2019-01-09 15:57:10.609998,2019-01-09 15:57:10.364998,2019-01-09 15:57:07.364998,2019-01-09 15:57:25.616998
774,ID_09,1,0.5,"[13, 9, 5, 1, 2, 3, 7, 11, 12, 8, 4]",11,"[1, 4, 6, 8, 9, 11]",5,1.25,1.5,2019-01-09 15:58:39.961002,2019-01-09 15:58:39.961002,2019-01-09 15:58:38.711002,2019-01-09 15:58:54.968002
775,ID_09,2,0.5,"[13, 14, 10, 11, 12, 8, 4, 3, 2]",9,"[1, 2, 3, 5, 7, 9]",5,1.25,1.5,2019-01-09 16:00:09.694000,2019-01-09 16:00:09.449000,2019-01-09 16:00:08.199000,2019-01-09 16:00:24.700999
776,ID_09,3,0.5,"[13, 9, 5, 6, 10, 14, 15, 16, 12, 8, 4]",11,"[1, 3, 4, 6, 8, 11]",5,1.25,1.5,2019-01-09 16:01:36.798999,2019-01-09 16:01:36.553999,2019-01-09 16:01:35.303999,2019-01-09 16:01:51.805999
777,ID_09,4,0.5,"[13, 14, 15, 11, 10, 9, 5, 6, 7, 8, 4, 3, 2, 1]",14,"[1, 3, 4, 6, 7, 10, 11, 14]",7,1.75,2.0,2019-01-09 16:03:01.401004,2019-01-09 16:03:01.401004,2019-01-09 16:02:59.651004,2019-01-09 16:03:16.406998
778,ID_09,5,0.5,"[13, 9, 10, 11, 15, 16, 12, 8, 4, 3, 2, 1, 5]",13,"[1, 2, 4, 5, 6, 9, 12, 13]",7,1.75,2.0,2019-01-09 16:04:26.626995,2019-01-09 16:04:26.626995,2019-01-09 16:04:24.876995,2019-01-09 16:04:41.635001
779,ID_09,6,0.5,"[13, 9, 5, 1, 2, 6, 10, 14, 15, 16, 12, 8, 4, 3, 7, 11]",16,"[1, 4, 5, 8, 10, 13, 14, 16]",7,1.75,2.0,2019-01-09 16:05:51.371004,2019-01-09 16:05:51.126004,2019-01-09 16:05:49.376004,2019-01-09 16:06:06.376998
780,ID_09,7,0.5,"[13, 9, 10, 14, 15, 16, 12, 8, 4, 3, 7, 6, 5, 1]",14,"[1, 2, 3, 4, 6, 9, 10, 11, 13, 14]",9,2.25,2.5,2019-01-09 16:07:16.973999,2019-01-09 16:07:16.729000,2019-01-09 16:07:14.479000,2019-01-09 16:07:31.980003
781,ID_09,8,0.5,"[13, 14, 15, 16, 12, 11, 7, 8, 3, 2, 1, 5, 9, 10]",14,"[1, 4, 5, 6, 7, 11, 13, 14]",7,1.75,2.0,2019-01-09 16:08:43.089002,2019-01-09 16:08:43.089002,2019-01-09 16:08:41.339002,2019-01-09 16:08:58.094996
782,ID_09,9,0.5,"[13, 9, 5, 6, 10, 11, 11, 15, 16, 12, 8, 4, 3, 7]",14,"[1, 3, 4, 5, 8, 9, 12, 13, 14]",8,2.0,2.25,2019-01-09 16:10:07.573004,2019-01-09 16:10:07.573004,2019-01-09 16:10:05.573004,2019-01-09 16:10:22.578998
783,ID_09,1,0.0,"[13, 9, 5, 1, 2, 3, 7, 11, 12, 8, 4]",11,"[1, 4, 6, 8, 9, 11]",5,2.5,2.5,2019-01-09 15:33:18.507999,2019-01-09 15:33:18.507999,2019-01-09 15:33:16.007999,2019-01-09 15:33:33.517001
784,ID_09,2,0.0,"[13, 14, 10, 11, 12, 8, 4, 3, 2]",9,"[1, 2, 3, 5, 7, 9]",5,2.5,2.5,2019-01-09 15:34:40.738996,2019-01-09 15:34:40.738996,2019-01-09 15:34:38.238996,2019-01-09 15:34:55.745995
785,ID_09,3,0.0,"[13, 9, 5, 6, 10, 14, 15, 16, 12, 8, 4]",11,"[1, 3, 4, 6, 8, 11]",5,2.5,2.5,2019-01-09 15:36:02.963997,2019-01-09 15:36:02.963997,2019-01-09 15:36:00.463997,2019-01-09 15:36:17.970001
786,ID_09,4,0.0,"[13, 14, 15, 11, 10, 9, 5, 6, 7, 8, 4, 3, 2, 1]",14,"[1, 3, 4, 6, 7, 10, 11, 14]",7,3.5,3.5,2019-01-09 15:37:26.694995,2019-01-09 15:37:26.694995,2019-01-09 15:37:23.194995,2019-01-09 15:37:41.703001
787,ID_09,5,0.0,"[13, 9, 10, 11, 15, 16, 12, 8, 4, 3, 2, 1, 5]",13,"[1, 2, 4, 5, 6, 9, 12, 13]",7,3.5,3.5,2019-01-09 15:38:55.672998,2019-01-09 15:38:55.672998,2019-01-09 15:38:52.172998,2019-01-09 15:39:10.679998
788,ID_09,6,0.0,"[13, 9, 5, 1, 2, 6, 10, 14, 15, 16, 12, 8, 4, 3, 7, 11]",16,"[1, 4, 5, 8, 10, 13, 14, 16]",7,3.5,3.5,2019-01-09 15:40:21.647004,2019-01-09 15:40:21.647004,2019-01-09 15:40:18.147004,2019-01-09 15:40:36.652998
789,ID_09,7,0.0,"[13, 9, 10, 14, 15, 16, 12, 8, 4, 3, 7, 6, 5, 1]",14,"[1, 2, 3, 4, 6, 9, 10, 11, 13, 14]",9,4.5,4.5,2019-01-09 15:41:50.616004,2019-01-09 15:41:50.616004,2019-01-09 15:41:46.116004,2019-01-09 15:42:05.623004
790,ID_09,8,0.0,"[13, 14, 15, 16, 12, 11, 7, 8, 3, 2, 1, 5, 9, 10]",14,"[1, 4, 5, 6, 7, 11, 13, 14]",7,3.5,3.5,2019-01-09 15:43:16.956996,2019-01-09 15:43:16.713002,2019-01-09 15:43:13.213002,2019-01-09 15:43:31.963996
791,ID_09,9,0.0,"[13, 9, 5, 6, 10, 11, 11, 15, 16, 12, 8, 4, 3, 7]",14,"[1, 3, 4, 5, 8, 9, 12, 13, 14]",8,4.0,4.0,2019-01-09 15:44:45.941999,2019-01-09 15:44:45.941999,2019-01-09 15:44:41.941999,2019-01-09 15:45:00.948999
792,ID_09,1,0.25,"[13, 9, 5, 1, 2, 3, 7, 11, 12, 8, 4]",11,"[1, 4, 6, 8, 9, 11]",5,1.875,2.0,2019-01-09 15:46:16.413003,2019-01-09 15:46:16.413003,2019-01-09 15:46:14.538003,2019-01-09 15:46:31.420003
793,ID_09,2,0.25,"[13, 14, 10, 11, 12, 8, 4, 3, 2]",9,"[1, 2, 3, 5, 7, 9]",5,1.875,2.0,2019-01-09 15:47:42.764004,2019-01-09 15:47:42.519004,2019-01-09 15:47:40.644004,2019-01-09 15:47:57.769997
794,ID_09,3,0.25,"[13, 9, 5, 6, 10, 14, 15, 16, 12, 8, 4]",11,"[1, 3, 4, 6, 8, 11]",5,1.875,2.0,2019-01-09 15:49:06.502002,2019-01-09 15:49:06.502002,2019-01-09 15:49:04.627002,2019-01-09 15:49:21.509998
795,ID_09,4,0.25,"[13, 14, 15, 11, 10, 9, 5, 6, 7, 8, 4, 3, 2, 1]",14,"[1, 3, 4, 6, 7, 10, 11, 14]",7,2.625,2.75,2019-01-09 15:50:35.502998,2019-01-09 15:50:35.502998,2019-01-09 15:50:32.877998,2019-01-09 15:50:50.509998
796,ID_09,5,0.25,"[13, 9, 10, 11, 15, 16, 12, 8, 4, 3, 2, 1, 5]",13,"[1, 2, 4, 5, 6, 9, 12, 13]",7,2.625,2.75,2019-01-09 15:51:57.723997,2019-01-09 15:51:57.723997,2019-01-09 15:51:55.098997,2019-01-09 15:52:12.730996
797,ID_09,6,0.25,"[13, 9, 5, 1, 2, 6, 10, 14, 15, 16, 12, 8, 4, 3, 7, 11]",16,"[1, 4, 5, 8, 10, 13, 14, 16]",7,2.625,2.75,2019-01-09 15:53:21.832995,2019-01-09 15:53:21.587996,2019-01-09 15:53:18.962996,2019-01-09 15:53:36.840005
798,ID_09,7,0.25,"[13, 9, 10, 14, 15, 16, 12, 8, 4, 3, 7, 6, 5, 1]",14,"[1, 2, 3, 4, 6, 9, 10, 11, 13, 14]",9,3.375,3.5,2019-01-09 15:54:49.316005,2019-01-09 15:54:49.070995,2019-01-09 15:54:45.695995,2019-01-09 15:55:04.323005
799,ID_09,8,0.25,"[13, 14, 15, 16, 12, 11, 7, 8, 3, 2, 1, 5, 9, 10]",14,"[1, 4, 5, 6, 7, 11, 13, 14]",7,2.625,2.75,2019-01-09 15:56:14.541000,2019-01-09 15:56:14.541000,2019-01-09 15:56:11.916000,2019-01-09 15:56:29.548000
800,ID_09,9,0.25,"[13, 9, 5, 6, 10, 11, 11, 15, 16, 12, 8, 4, 3, 7]",14,"[1, 3, 4, 5, 8, 9, 12, 13, 14]",8,3.0,3.125,2019-01-09 15:57:38.644004,2019-01-09 15:57:38.400000,2019-01-09 15:57:35.400000,2019-01-09 15:57:53.651004
801,ID_09,1,0.5,"[13, 9, 5, 1, 2, 3, 7, 11, 12, 8, 4]",11,"[1, 4, 6, 8, 9, 11]",5,1.25,1.5,2019-01-09 15:59:10.624002,2019-01-09 15:59:10.624002,2019-01-09 15:59:09.374002,2019-01-09 15:59:25.631002
802,ID_09,2,0.5,"[13, 14, 10, 11, 12, 8, 4, 3, 2]",9,"[1, 2, 3, 5, 7, 9]",5,1.25,1.5,2019-01-09 16:00:39.227998,2019-01-09 16:00:38.982998,2019-01-09 16:00:37.732998,2019-01-09 16:00:54.234997
803,ID_09,3,0.5,"[13, 9, 5, 6, 10, 14, 15, 16, 12, 8, 4]",11,"[1, 3, 4, 6, 8, 11]",5,1.25,1.5,2019-01-09 16:02:05.583001,2019-01-09 16:02:05.338001,2019-01-09 16:02:04.088001,2019-01-09 16:02:20.590001
804,ID_09,4,0.5,"[13, 14, 15, 11, 10, 9, 5, 6, 7, 8, 4, 3, 2, 1]",14,"[1, 3, 4, 6, 7, 10, 11, 14]",7,1.75,2.0,2019-01-09 16:03:29.311002,2019-01-09 16:03:29.311002,2019-01-09 16:03:27.561002,2019-01-09 16:03:44.316996
805,ID_09,5,0.5,"[13, 9, 10, 11, 15, 16, 12, 8, 4, 3, 2, 1, 5]",13,"[1, 2, 4, 5, 6, 9, 12, 13]",7,1.75,2.0,2019-01-09 16:04:55.300004,2019-01-09 16:04:55.300004,2019-01-09 16:04:53.550004,2019-01-09 16:05:10.308000
806,ID_09,6,0.5,"[13, 9, 5, 1, 2, 6, 10, 14, 15, 16, 12, 8, 4, 3, 7, 11]",16,"[1, 4, 5, 8, 10, 13, 14, 16]",7,1.75,2.0,2019-01-09 16:06:19.405000,2019-01-09 16:06:19.160996,2019-01-09 16:06:17.410996,2019-01-09 16:06:34.412995
807,ID_09,7,0.5,"[13, 9, 10, 14, 15, 16, 12, 8, 4, 3, 7, 6, 5, 1]",14,"[1, 2, 3, 4, 6, 9, 10, 11, 13, 14]",9,2.25,2.5,2019-01-09 16:07:45.763000,2019-01-09 16:07:45.517005,2019-01-09 16:07:43.267005,2019-01-09 16:08:00.770000
808,ID_09,8,0.5,"[13, 14, 15, 16, 12, 11, 7, 8, 3, 2, 1, 5, 9, 10]",14,"[1, 4, 5, 6, 7, 11, 13, 14]",7,1.75,2.0,2019-01-09 16:09:11.750001,2019-01-09 16:09:11.750001,2019-01-09 16:09:10.000001,2019-01-09 16:09:26.757997
809,ID_09,9,0.5,"[13, 9, 5, 6, 10, 11, 11, 15, 16, 12, 8, 4, 3, 7]",14,"[1, 3, 4, 5, 8, 9, 12, 13, 14]",8,2.0,2.25,2019-01-09 16:10:35.481995,2019-01-09 16:10:35.481995,2019-01-09 16:10:33.481995,2019-01-09 16:10:50.490001
810,ID_16,1,0.0,"[13, 9, 5, 1, 2, 3, 7, 11, 12, 8, 4]",11,"[1, 4, 6, 8, 9, 11]",5,2.5,2.5,2019-01-15 14:52:59.754995,2019-01-15 14:52:59.754995,2019-01-15 14:52:57.254995,2019-01-15 14:53:14.777998
811,ID_16,2,0.0,"[13, 14, 10, 11, 12, 8, 4, 3, 2]",9,"[1, 2, 3, 5, 7, 9]",5,2.5,2.5,2019-01-15 14:54:27.947003,2019-01-15 14:54:27.702004,2019-01-15 14:54:25.202004,2019-01-15 14:54:42.956005
812,ID_16,3,0.0,"[13, 9, 5, 6, 10, 14, 15, 16, 12, 8, 4]",11,"[1, 3, 4, 6, 8, 11]",5,2.5,2.5,2019-01-15 14:55:56.156996,2019-01-15 14:55:56.156996,2019-01-15 14:55:53.656996,2019-01-15 14:56:11.163995
813,ID_16,4,0.0,"[13, 14, 15, 11, 10, 9, 5, 6, 7, 8, 4, 3, 2, 1]",14,"[1, 3, 4, 6, 7, 10, 11, 14]",7,3.5,3.5,2019-01-15 14:57:27.131004,2019-01-15 14:57:27.131004,2019-01-15 14:57:23.631004,2019-01-15 14:57:42.136998
814,ID_16,5,0.0,"[13, 9, 10, 11, 15, 16, 12, 8, 4, 3, 2, 1, 5]",13,"[1, 2, 4, 5, 6, 9, 12, 13]",7,3.5,3.5,2019-01-15 14:58:54.593002,2019-01-15 14:58:54.593002,2019-01-15 14:58:51.093002,2019-01-15 14:59:09.598996
815,ID_16,6,0.0,"[13, 9, 5, 1, 2, 6, 10, 14, 15, 16, 12, 8, 4, 3, 7, 11]",16,"[1, 4, 5, 8, 10, 13, 14, 16]",7,3.5,3.5,2019-01-15 15:00:19.555999,2019-01-15 15:00:19.555999,2019-01-15 15:00:16.055999,2019-01-15 15:00:34.562999
816,ID_16,7,0.0,"[13, 9, 10, 14, 15, 16, 12, 8, 4, 3, 7, 6, 5, 1]",14,"[1, 2, 3, 4, 6, 9, 10, 11, 13, 14]",9,4.5,4.5,2019-01-15 15:01:46.006999,2019-01-15 15:01:45.761003,2019-01-15 15:01:41.261003,2019-01-15 15:02:01.011997
817,ID_16,8,0.0,"[13, 14, 15, 16, 12, 11, 7, 8, 3, 2, 1, 5, 9, 10]",14,"[1, 4, 5, 6, 7, 11, 13, 14]",7,3.5,3.5,2019-01-15 15:03:12.203997,2019-01-15 15:03:12.203997,2019-01-15 15:03:08.703997,2019-01-15 15:03:27.210996
818,ID_16,9,0.0,"[13, 9, 5, 6, 10, 11, 11, 15, 16, 12, 8, 4, 3, 7]",14,"[1, 3, 4, 5, 8, 9, 12, 13, 14]",8,4.0,4.0,2019-01-15 15:04:37.659005,2019-01-15 15:04:37.659005,2019-01-15 15:04:33.659005,2019-01-15 15:04:52.664999
819,ID_16,1,0.25,"[13, 9, 5, 1, 2, 3, 7, 11, 12, 8, 4]",11,"[1, 4, 6, 8, 9, 11]",5,1.875,2.0,2019-01-15 15:06:04.983003,2019-01-15 15:06:04.736998,2019-01-15 15:06:02.861998,2019-01-15 15:06:19.988997
820,ID_16,2,0.25,"[13, 14, 10, 11, 12, 8, 4, 3, 2]",9,"[1, 2, 3, 5, 7, 9]",5,1.875,2.0,2019-01-15 15:07:29.819005,2019-01-15 15:07:29.572999,2019-01-15 15:07:27.697999,2019-01-15 15:07:44.826004
821,ID_16,3,0.25,"[13, 9, 5, 6, 10, 14, 15, 16, 12, 8, 4]",11,"[1, 3, 4, 6, 8, 11]",5,1.875,2.0,2019-01-15 15:08:56.030999,2019-01-15 15:08:56.030999,2019-01-15 15:08:54.155999,2019-01-15 15:09:11.037999
822,ID_16,4,0.25,"[13, 14, 15, 11, 10, 9, 5, 6, 7, 8, 4, 3, 2, 1]",14,"[1, 3, 4, 6, 7, 10, 11, 14]",7,2.625,2.75,2019-01-15 15:10:22.115998,2019-01-15 15:10:21.872004,2019-01-15 15:10:19.247004,2019-01-15 15:10:37.124003
823,ID_16,5,0.25,"[13, 9, 10, 11, 15, 16, 12, 8, 4, 3, 2, 1, 5]",13,"[1, 2, 4, 5, 6, 9, 12, 13]",7,2.625,2.75,2019-01-15 15:11:47.077004,2019-01-15 15:11:47.077004,2019-01-15 15:11:44.452004,2019-01-15 15:12:02.082002
824,ID_16,6,0.25,"[13, 9, 5, 1, 2, 6, 10, 14, 15, 16, 12, 8, 4, 3, 7, 11]",16,"[1, 4, 5, 8, 10, 13, 14, 16]",7,2.625,2.75,2019-01-15 15:13:09.282995,2019-01-15 15:13:09.282995,2019-01-15 15:13:06.657995,2019-01-15 15:13:24.288999
825,ID_16,7,0.25,"[13, 9, 10, 14, 15, 16, 12, 8, 4, 3, 7, 6, 5, 1]",14,"[1, 2, 3, 4, 6, 9, 10, 11, 13, 14]",9,3.375,3.5,2019-01-15 15:14:31.485999,2019-01-15 15:14:31.485999,2019-01-15 15:14:28.110999,2019-01-15 15:14:46.495000
826,ID_16,8,0.25,"[13, 14, 15, 16, 12, 11, 7, 8, 3, 2, 1, 5, 9, 10]",14,"[1, 4, 5, 6, 7, 11, 13, 14]",7,2.625,2.75,2019-01-15 15:15:54.201000,2019-01-15 15:15:54.201000,2019-01-15 15:15:51.576000,2019-01-15 15:16:09.208000
827,ID_16,9,0.25,"[13, 9, 5, 6, 10, 11, 11, 15, 16, 12, 8, 4, 3, 7]",14,"[1, 3, 4, 5, 8, 9, 12, 13, 14]",8,3.0,3.125,2019-01-15 15:17:18.664996,2019-01-15 15:17:18.664996,2019-01-15 15:17:15.664996,2019-01-15 15:17:33.671000
828,ID_16,1,0.5,"[13, 9, 5, 1, 2, 3, 7, 11, 12, 8, 4]",11,"[1, 4, 6, 8, 9, 11]",5,1.25,1.5,2019-01-15 15:18:44.370999,2019-01-15 15:18:44.370999,2019-01-15 15:18:43.120999,2019-01-15 15:18:59.377998
829,ID_16,2,0.5,"[13, 14, 10, 11, 12, 8, 4, 3, 2]",9,"[1, 2, 3, 5, 7, 9]",5,1.25,1.5,2019-01-15 15:20:09.204998,2019-01-15 15:20:08.961004,2019-01-15 15:20:07.711004,2019-01-15 15:20:24.211998
830,ID_16,3,0.5,"[13, 9, 5, 6, 10, 14, 15, 16, 12, 8, 4]",11,"[1, 3, 4, 6, 8, 11]",5,1.25,1.5,2019-01-15 15:21:34.911997,2019-01-15 15:21:34.911997,2019-01-15 15:21:33.661997,2019-01-15 15:21:49.918996
831,ID_16,4,0.5,"[13, 14, 15, 11, 10, 9, 5, 6, 7, 8, 4, 3, 2, 1]",14,"[1, 3, 4, 6, 7, 10, 11, 14]",7,1.75,2.0,2019-01-15 15:23:02.125998,2019-01-15 15:23:02.125998,2019-01-15 15:23:00.375998,2019-01-15 15:23:17.132001
832,ID_16,5,0.5,"[13, 9, 10, 11, 15, 16, 12, 8, 4, 3, 2, 1, 5]",13,"[1, 2, 4, 5, 6, 9, 12, 13]",7,1.75,2.0,2019-01-15 15:24:25.832997,2019-01-15 15:24:25.832997,2019-01-15 15:24:24.082997,2019-01-15 15:24:40.839001
833,ID_16,6,0.5,"[13, 9, 5, 1, 2, 6, 10, 14, 15, 16, 12, 8, 4, 3, 7, 11]",16,"[1, 4, 5, 8, 10, 13, 14, 16]",7,1.75,2.0,2019-01-15 15:25:51.168000,2019-01-15 15:25:50.923000,2019-01-15 15:25:49.173000,2019-01-15 15:26:06.174999
834,ID_16,7,0.5,"[13, 9, 10, 14, 15, 16, 12, 8, 4, 3, 7, 6, 5, 1]",14,"[1, 2, 3, 4, 6, 9, 10, 11, 13, 14]",9,2.25,2.5,2019-01-15 15:27:19.012001,2019-01-15 15:27:18.767001,2019-01-15 15:27:16.517001,2019-01-15 15:27:34.021002
835,ID_16,8,0.5,"[13, 14, 15, 16, 12, 11, 7, 8, 3, 2, 1, 5, 9, 10]",14,"[1, 4, 5, 6, 7, 11, 13, 14]",7,1.75,2.0,2019-01-15 15:28:46.733000,2019-01-15 15:28:46.733000,2019-01-15 15:28:44.983000,2019-01-15 15:29:01.740995
836,ID_16,9,0.5,"[13, 9, 5, 6, 10, 11, 11, 15, 16, 12, 8, 4, 3, 7]",14,"[1, 3, 4, 5, 8, 9, 12, 13, 14]",8,2.0,2.25,2019-01-15 15:30:15.079000,2019-01-15 15:30:14.833005,2019-01-15 15:30:12.833005,2019-01-15 15:30:30.086000
837,ID_16,1,0.0,"[13, 9, 5, 1, 2, 3, 7, 11, 12, 8, 4]",11,"[1, 4, 6, 8, 9, 11]",5,2.5,2.5,2019-01-15 14:53:29.456997,2019-01-15 14:53:29.456997,2019-01-15 14:53:26.956997,2019-01-15 14:53:44.472998
838,ID_16,2,0.0,"[13, 14, 10, 11, 12, 8, 4, 3, 2]",9,"[1, 2, 3, 5, 7, 9]",5,2.5,2.5,2019-01-15 14:54:56.727998,2019-01-15 14:54:56.484004,2019-01-15 14:54:53.984004,2019-01-15 14:55:11.739001
839,ID_16,3,0.0,"[13, 9, 5, 6, 10, 14, 15, 16, 12, 8, 4]",11,"[1, 3, 4, 6, 8, 11]",5,2.5,2.5,2019-01-15 14:56:26.818004,2019-01-15 14:56:26.818004,2019-01-15 14:56:24.318004,2019-01-15 14:56:41.825004
840,ID_16,4,0.0,"[13, 14, 15, 11, 10, 9, 5, 6, 7, 8, 4, 3, 2, 1]",14,"[1, 3, 4, 6, 7, 10, 11, 14]",7,3.5,3.5,2019-01-15 14:57:56.782996,2019-01-15 14:57:56.782996,2019-01-15 14:57:53.282996,2019-01-15 14:58:11.789000
841,ID_16,5,0.0,"[13, 9, 10, 11, 15, 16, 12, 8, 4, 3, 2, 1, 5]",13,"[1, 2, 4, 5, 6, 9, 12, 13]",7,3.5,3.5,2019-01-15 14:59:22.745002,2019-01-15 14:59:22.745002,2019-01-15 14:59:19.245002,2019-01-15 14:59:37.752002
842,ID_16,6,0.0,"[13, 9, 5, 1, 2, 6, 10, 14, 15, 16, 12, 8, 4, 3, 7, 11]",16,"[1, 4, 5, 8, 10, 13, 14, 16]",7,3.5,3.5,2019-01-15 15:00:48.209998,2019-01-15 15:00:48.209998,2019-01-15 15:00:44.709998,2019-01-15 15:01:03.216998
843,ID_16,7,0.0,"[13, 9, 10, 14, 15, 16, 12, 8, 4, 3, 7, 6, 5, 1]",14,"[1, 2, 3, 4, 6, 9, 10, 11, 13, 14]",9,4.5,4.5,2019-01-15 15:02:15.154004,2019-01-15 15:02:14.909005,2019-01-15 15:02:10.409005,2019-01-15 15:02:30.159002
844,ID_16,8,0.0,"[13, 14, 15, 16, 12, 11, 7, 8, 3, 2, 1, 5, 9, 10]",14,"[1, 4, 5, 6, 7, 11, 13, 14]",7,3.5,3.5,2019-01-15 15:03:40.103996,2019-01-15 15:03:40.103996,2019-01-15 15:03:36.603996,2019-01-15 15:03:55.110996
845,ID_16,9,0.0,"[13, 9, 5, 6, 10, 11, 11, 15, 16, 12, 8, 4, 3, 7]",14,"[1, 3, 4, 5, 8, 9, 12, 13, 14]",8,4.0,4.0,2019-01-15 15:05:07.308995,2019-01-15 15:05:07.308995,2019-01-15 15:05:03.308995,2019-01-15 15:05:22.316005
846,ID_16,1,0.25,"[13, 9, 5, 1, 2, 3, 7, 11, 12, 8, 4]",11,"[1, 4, 6, 8, 9, 11]",5,1.875,2.0,2019-01-15 15:06:33.012996,2019-01-15 15:06:32.767996,2019-01-15 15:06:30.892996,2019-01-15 15:06:48.019996
847,ID_16,2,0.25,"[13, 14, 10, 11, 12, 8, 4, 3, 2]",9,"[1, 2, 3, 5, 7, 9]",5,1.875,2.0,2019-01-15 15:07:58.597002,2019-01-15 15:07:58.352002,2019-01-15 15:07:56.477002,2019-01-15 15:08:13.604001
848,ID_16,3,0.25,"[13, 9, 5, 6, 10, 14, 15, 16, 12, 8, 4]",11,"[1, 3, 4, 6, 8, 11]",5,1.875,2.0,2019-01-15 15:09:24.684002,2019-01-15 15:09:24.684002,2019-01-15 15:09:22.809002,2019-01-15 15:09:39.691002
849,ID_16,4,0.25,"[13, 14, 15, 11, 10, 9, 5, 6, 7, 8, 4, 3, 2, 1]",14,"[1, 3, 4, 6, 7, 10, 11, 14]",7,2.625,2.75,2019-01-15 15:10:50.893995,2019-01-15 15:10:50.648995,2019-01-15 15:10:48.023995,2019-01-15 15:11:05.901005
850,ID_16,5,0.25,"[13, 9, 10, 11, 15, 16, 12, 8, 4, 3, 2, 1, 5]",13,"[1, 2, 4, 5, 6, 9, 12, 13]",7,2.625,2.75,2019-01-15 15:12:14.476996,2019-01-15 15:12:14.476996,2019-01-15 15:12:11.851996,2019-01-15 15:12:29.483996
851,ID_16,6,0.25,"[13, 9, 5, 1, 2, 6, 10, 14, 15, 16, 12, 8, 4, 3, 7, 11]",16,"[1, 4, 5, 8, 10, 13, 14, 16]",7,2.625,2.75,2019-01-15 15:13:36.684999,2019-01-15 15:13:36.684999,2019-01-15 15:13:34.059999,2019-01-15 15:13:51.691999
852,ID_16,7,0.25,"[13, 9, 10, 14, 15, 16, 12, 8, 4, 3, 7, 6, 5, 1]",14,"[1, 2, 3, 4, 6, 9, 10, 11, 13, 14]",9,3.375,3.5,2019-01-15 15:14:58.896995,2019-01-15 15:14:58.896995,2019-01-15 15:14:55.521995,2019-01-15 15:15:13.904005
853,ID_16,8,0.25,"[13, 14, 15, 16, 12, 11, 7, 8, 3, 2, 1, 5, 9, 10]",14,"[1, 4, 5, 6, 7, 11, 13, 14]",7,2.625,2.75,2019-01-15 15:16:22.110998,2019-01-15 15:16:22.110998,2019-01-15 15:16:19.485998,2019-01-15 15:16:37.117997
854,ID_16,9,0.25,"[13, 9, 5, 6, 10, 11, 11, 15, 16, 12, 8, 4, 3, 7]",14,"[1, 3, 4, 5, 8, 9, 12, 13, 14]",8,3.0,3.125,2019-01-15 15:17:47.319005,2019-01-15 15:17:47.319005,2019-01-15 15:17:44.319005,2019-01-15 15:18:02.324998
855,ID_16,1,0.5,"[13, 9, 5, 1, 2, 3, 7, 11, 12, 8, 4]",11,"[1, 4, 6, 8, 9, 11]",5,1.25,1.5,2019-01-15 15:19:12.774999,2019-01-15 15:19:12.774999,2019-01-15 15:19:11.524999,2019-01-15 15:19:27.783004
856,ID_16,2,0.5,"[13, 14, 10, 11, 12, 8, 4, 3, 2]",9,"[1, 2, 3, 5, 7, 9]",5,1.25,1.5,2019-01-15 15:20:37.232004,2019-01-15 15:20:36.987004,2019-01-15 15:20:35.737004,2019-01-15 15:20:52.239003
857,ID_16,3,0.5,"[13, 9, 5, 6, 10, 14, 15, 16, 12, 8, 4]",11,"[1, 3, 4, 6, 8, 11]",5,1.25,1.5,2019-01-15 15:22:04.570003,2019-01-15 15:22:04.570003,2019-01-15 15:22:03.320003,2019-01-15 15:22:19.575001
858,ID_16,4,0.5,"[13, 14, 15, 11, 10, 9, 5, 6, 7, 8, 4, 3, 2, 1]",14,"[1, 3, 4, 6, 7, 10, 11, 14]",7,1.75,2.0,2019-01-15 15:23:30.027999,2019-01-15 15:23:30.027999,2019-01-15 15:23:28.277999,2019-01-15 15:23:45.034003
859,ID_16,5,0.5,"[13, 9, 10, 11, 15, 16, 12, 8, 4, 3, 2, 1, 5]",13,"[1, 2, 4, 5, 6, 9, 12, 13]",7,1.75,2.0,2019-01-15 15:24:53.736004,2019-01-15 15:24:53.736004,2019-01-15 15:24:51.986004,2019-01-15 15:25:08.743003
860,ID_16,6,0.5,"[13, 9, 5, 1, 2, 6, 10, 14, 15, 16, 12, 8, 4, 3, 7, 11]",16,"[1, 4, 5, 8, 10, 13, 14, 16]",7,1.75,2.0,2019-01-15 15:26:20.701998,2019-01-15 15:26:20.456998,2019-01-15 15:26:18.706998,2019-01-15 15:26:35.708997
861,ID_16,7,0.5,"[13, 9, 10, 14, 15, 16, 12, 8, 4, 3, 7, 6, 5, 1]",14,"[1, 2, 3, 4, 6, 9, 10, 11, 13, 14]",9,2.25,2.5,2019-01-15 15:27:47.792996,2019-01-15 15:27:47.547000,2019-01-15 15:27:45.297000,2019-01-15 15:28:02.799995
862,ID_16,8,0.5,"[13, 14, 15, 16, 12, 11, 7, 8, 3, 2, 1, 5, 9, 10]",14,"[1, 4, 5, 6, 7, 11, 13, 14]",7,1.75,2.0,2019-01-15 15:29:16.887996,2019-01-15 15:29:16.887996,2019-01-15 15:29:15.137996,2019-01-15 15:29:31.894996
863,ID_16,9,0.5,"[13, 9, 5, 6, 10, 11, 11, 15, 16, 12, 8, 4, 3, 7]",14,"[1, 3, 4, 5, 8, 9, 12, 13, 14]",8,2.0,2.25,2019-01-15 15:30:43.107001,2019-01-15 15:30:42.862998,2019-01-15 15:30:40.862998,2019-01-15 15:30:58.114001
864,ID_16,1,0.0,"[13, 9, 5, 1, 2, 3, 7, 11, 12, 8, 4]",11,"[1, 4, 6, 8, 9, 11]",5,2.5,2.5,2019-01-15 14:53:59.156001,2019-01-15 14:53:59.156001,2019-01-15 14:53:56.656001,2019-01-15 14:54:14.165998
865,ID_16,2,0.0,"[13, 14, 10, 11, 12, 8, 4, 3, 2]",9,"[1, 2, 3, 5, 7, 9]",5,2.5,2.5,2019-01-15 14:55:25.507997,2019-01-15 14:55:25.264003,2019-01-15 14:55:22.764003,2019-01-15 14:55:40.514996
866,ID_16,3,0.0,"[13, 9, 5, 6, 10, 14, 15, 16, 12, 8, 4]",11,"[1, 3, 4, 6, 8, 11]",5,2.5,2.5,2019-01-15 14:56:57.479002,2019-01-15 14:56:57.479002,2019-01-15 14:56:54.979002,2019-01-15 14:57:12.486002
867,ID_16,4,0.0,"[13, 14, 15, 11, 10, 9, 5, 6, 7, 8, 4, 3, 2, 1]",14,"[1, 3, 4, 6, 7, 10, 11, 14]",7,3.5,3.5,2019-01-15 14:58:26.436003,2019-01-15 14:58:26.436003,2019-01-15 14:58:22.936003,2019-01-15 14:58:41.443003
868,ID_16,5,0.0,"[13, 9, 10, 11, 15, 16, 12, 8, 4, 3, 2, 1, 5]",13,"[1, 2, 4, 5, 6, 9, 12, 13]",7,3.5,3.5,2019-01-15 14:59:50.899999,2019-01-15 14:59:50.899999,2019-01-15 14:59:47.399999,2019-01-15 15:00:05.906999
869,ID_16,6,0.0,"[13, 9, 5, 1, 2, 6, 10, 14, 15, 16, 12, 8, 4, 3, 7, 11]",16,"[1, 4, 5, 8, 10, 13, 14, 16]",7,3.5,3.5,2019-01-15 15:01:16.858998,2019-01-15 15:01:16.858998,2019-01-15 15:01:13.358998,2019-01-15 15:01:31.865002
870,ID_16,7,0.0,"[13, 9, 10, 14, 15, 16, 12, 8, 4, 3, 7, 6, 5, 1]",14,"[1, 2, 3, 4, 6, 9, 10, 11, 13, 14]",9,4.5,4.5,2019-01-15 15:02:44.303997,2019-01-15 15:02:44.060003,2019-01-15 15:02:39.560003,2019-01-15 15:02:59.310997
871,ID_16,8,0.0,"[13, 14, 15, 16, 12, 11, 7, 8, 3, 2, 1, 5, 9, 10]",14,"[1, 4, 5, 6, 7, 11, 13, 14]",7,3.5,3.5,2019-01-15 15:04:08.010001,2019-01-15 15:04:08.010001,2019-01-15 15:04:04.510001,2019-01-15 15:04:23.017000
872,ID_16,9,0.0,"[13, 9, 5, 6, 10, 11, 11, 15, 16, 12, 8, 4, 3, 7]",14,"[1, 3, 4, 5, 8, 9, 12, 13, 14]",8,4.0,4.0,2019-01-15 15:05:36.957004,2019-01-15 15:05:36.957004,2019-01-15 15:05:32.957004,2019-01-15 15:05:51.964003
873,ID_16,1,0.25,"[13, 9, 5, 1, 2, 3, 7, 11, 12, 8, 4]",11,"[1, 4, 6, 8, 9, 11]",5,1.875,2.0,2019-01-15 15:07:01.042003,2019-01-15 15:07:00.797003,2019-01-15 15:06:58.922003,2019-01-15 15:07:16.049003
874,ID_16,2,0.25,"[13, 14, 10, 11, 12, 8, 4, 3, 2]",9,"[1, 2, 3, 5, 7, 9]",5,1.875,2.0,2019-01-15 15:08:27.372002,2019-01-15 15:08:27.127002,2019-01-15 15:08:25.252002,2019-01-15 15:08:42.379001
875,ID_16,3,0.25,"[13, 9, 5, 6, 10, 14, 15, 16, 12, 8, 4]",11,"[1, 3, 4, 6, 8, 11]",5,1.875,2.0,2019-01-15 15:09:53.340998,2019-01-15 15:09:53.340998,2019-01-15 15:09:51.465998,2019-01-15 15:10:08.347998
876,ID_16,4,0.25,"[13, 14, 15, 11, 10, 9, 5, 6, 7, 8, 4, 3, 2, 1]",14,"[1, 3, 4, 6, 7, 10, 11, 14]",7,2.625,2.75,2019-01-15 15:11:19.677997,2019-01-15 15:11:19.432997,2019-01-15 15:11:16.807997,2019-01-15 15:11:34.684001
877,ID_16,5,0.25,"[13, 9, 10, 11, 15, 16, 12, 8, 4, 3, 2, 1, 5]",13,"[1, 2, 4, 5, 6, 9, 12, 13]",7,2.625,2.75,2019-01-15 15:12:41.881001,2019-01-15 15:12:41.881001,2019-01-15 15:12:39.256001,2019-01-15 15:12:56.886995
878,ID_16,6,0.25,"[13, 9, 5, 1, 2, 6, 10, 14, 15, 16, 12, 8, 4, 3, 7, 11]",16,"[1, 4, 5, 8, 10, 13, 14, 16]",7,2.625,2.75,2019-01-15 15:14:04.085001,2019-01-15 15:14:04.085001,2019-01-15 15:14:01.460001,2019-01-15 15:14:19.092001
879,ID_16,7,0.25,"[13, 9, 10, 14, 15, 16, 12, 8, 4, 3, 7, 6, 5, 1]",14,"[1, 2, 3, 4, 6, 9, 10, 11, 13, 14]",9,3.375,3.5,2019-01-15 15:15:26.298999,2019-01-15 15:15:26.298999,2019-01-15 15:15:22.923999,2019-01-15 15:15:41.307005
880,ID_16,8,0.25,"[13, 14, 15, 16, 12, 11, 7, 8, 3, 2, 1, 5, 9, 10]",14,"[1, 4, 5, 6, 7, 11, 13, 14]",7,2.625,2.75,2019-01-15 15:16:50.012003,2019-01-15 15:16:50.012003,2019-01-15 15:16:47.387003,2019-01-15 15:17:05.019998
881,ID_16,9,0.25,"[13, 9, 5, 6, 10, 11, 11, 15, 16, 12, 8, 4, 3, 7]",14,"[1, 3, 4, 5, 8, 9, 12, 13, 14]",8,3.0,3.125,2019-01-15 15:18:15.969996,2019-01-15 15:18:15.969996,2019-01-15 15:18:12.969996,2019-01-15 15:18:30.976000
882,ID_16,1,0.5,"[13, 9, 5, 1, 2, 3, 7, 11, 12, 8, 4]",11,"[1, 4, 6, 8, 9, 11]",5,1.25,1.5,2019-01-15 15:19:41.178999,2019-01-15 15:19:41.178999,2019-01-15 15:19:39.928999,2019-01-15 15:19:56.185002
883,ID_16,2,0.5,"[13, 14, 10, 11, 12, 8, 4, 3, 2]",9,"[1, 2, 3, 5, 7, 9]",5,1.25,1.5,2019-01-15 15:21:05.258999,2019-01-15 15:21:05.013999,2019-01-15 15:21:03.763999,2019-01-15 15:21:20.265999
884,ID_16,3,0.5,"[13, 9, 5, 6, 10, 14, 15, 16, 12, 8, 4]",11,"[1, 3, 4, 6, 8, 11]",5,1.25,1.5,2019-01-15 15:22:34.223001,2019-01-15 15:22:34.223001,2019-01-15 15:22:32.973001,2019-01-15 15:22:49.230996
885,ID_16,4,0.5,"[13, 14, 15, 11, 10, 9, 5, 6, 7, 8, 4, 3, 2, 1]",14,"[1, 3, 4, 6, 7, 10, 11, 14]",7,1.75,2.0,2019-01-15 15:23:57.930000,2019-01-15 15:23:57.930000,2019-01-15 15:23:56.180000,2019-01-15 15:24:12.936999
886,ID_16,5,0.5,"[13, 9, 10, 11, 15, 16, 12, 8, 4, 3, 2, 1, 5]",13,"[1, 2, 4, 5, 6, 9, 12, 13]",7,1.75,2.0,2019-01-15 15:25:21.639996,2019-01-15 15:25:21.639996,2019-01-15 15:25:19.889996,2019-01-15 15:25:36.645005
887,ID_16,6,0.5,"[13, 9, 5, 1, 2, 6, 10, 14, 15, 16, 12, 8, 4, 3, 7, 11]",16,"[1, 4, 5, 8, 10, 13, 14, 16]",7,1.75,2.0,2019-01-15 15:26:50.230996,2019-01-15 15:26:49.987003,2019-01-15 15:26:48.237003,2019-01-15 15:27:05.237996
888,ID_16,7,0.5,"[13, 9, 10, 14, 15, 16, 12, 8, 4, 3, 7, 6, 5, 1]",14,"[1, 2, 3, 4, 6, 9, 10, 11, 13, 14]",9,2.25,2.5,2019-01-15 15:28:16.574996,2019-01-15 15:28:16.329001,2019-01-15 15:28:14.079001,2019-01-15 15:28:31.581000
889,ID_16,8,0.5,"[13, 14, 15, 16, 12, 11, 7, 8, 3, 2, 1, 5, 9, 10]",14,"[1, 4, 5, 6, 7, 11, 13, 14]",7,1.75,2.0,2019-01-15 15:29:47.043998,2019-01-15 15:29:47.043998,2019-01-15 15:29:45.293998,2019-01-15 15:30:02.052004
890,ID_16,9,0.5,"[13, 9, 5, 6, 10, 11, 11, 15, 16, 12, 8, 4, 3, 7]",14,"[1, 3, 4, 5, 8, 9, 12, 13, 14]",8,2.0,2.25,2019-01-15 15:31:11.140002,2019-01-15 15:31:10.895002,2019-01-15 15:31:08.895002,2019-01-15 15:31:26.145996
891,ID_19,1,0.0,"[13, 9, 5, 1, 2, 3, 7, 11, 12, 8, 4]",11,"[1, 4, 6, 8, 9, 11]",5,2.5,2.5,2019-01-17 09:29:48.254996,2019-01-17 09:29:48.254996,2019-01-17 09:29:45.754996,2019-01-17 09:30:03.277002
892,ID_19,2,0.0,"[13, 14, 10, 11, 12, 8, 4, 3, 2]",9,"[1, 2, 3, 5, 7, 9]",5,2.5,2.5,2019-01-17 09:31:13.841999,2019-01-17 09:31:13.841999,2019-01-17 09:31:11.341999,2019-01-17 09:31:28.850004
893,ID_19,3,0.0,"[13, 9, 5, 6, 10, 14, 15, 16, 12, 8, 4]",11,"[1, 3, 4, 6, 8, 11]",5,2.5,2.5,2019-01-17 09:32:41.807001,2019-01-17 09:32:41.807001,2019-01-17 09:32:39.307001,2019-01-17 09:32:56.814001
894,ID_19,4,0.0,"[13, 14, 15, 11, 10, 9, 5, 6, 7, 8, 4, 3, 2, 1]",14,"[1, 3, 4, 6, 7, 10, 11, 14]",7,3.5,3.5,2019-01-17 09:34:08.638003,2019-01-17 09:34:08.391997,2019-01-17 09:34:04.891997,2019-01-17 09:34:23.645003
895,ID_19,5,0.0,"[13, 9, 10, 11, 15, 16, 12, 8, 4, 3, 2, 1, 5]",13,"[1, 2, 4, 5, 6, 9, 12, 13]",7,3.5,3.5,2019-01-17 09:35:35.731998,2019-01-17 09:35:35.486999,2019-01-17 09:35:31.986999,2019-01-17 09:35:50.738002
896,ID_19,6,0.0,"[13, 9, 5, 1, 2, 6, 10, 14, 15, 16, 12, 8, 4, 3, 7, 11]",16,"[1, 4, 5, 8, 10, 13, 14, 16]",7,3.5,3.5,2019-01-17 09:37:02.434003,2019-01-17 09:37:02.434003,2019-01-17 09:36:58.934003,2019-01-17 09:37:17.439996
897,ID_19,7,0.0,"[13, 9, 10, 14, 15, 16, 12, 8, 4, 3, 7, 6, 5, 1]",14,"[1, 2, 3, 4, 6, 9, 10, 11, 13, 14]",9,4.5,4.5,2019-01-17 09:38:32.516002,2019-01-17 09:38:32.271998,2019-01-17 09:38:27.771998,2019-01-17 09:38:47.521996
898,ID_19,8,0.0,"[13, 14, 15, 16, 12, 11, 7, 8, 3, 2, 1, 5, 9, 10]",14,"[1, 4, 5, 6, 7, 11, 13, 14]",7,3.5,3.5,2019-01-17 09:39:58.853001,2019-01-17 09:39:58.608002,2019-01-17 09:39:55.108002,2019-01-17 09:40:13.860001
899,ID_19,9,0.0,"[13, 9, 5, 6, 10, 11, 11, 15, 16, 12, 8, 4, 3, 7]",14,"[1, 3, 4, 5, 8, 9, 12, 13, 14]",8,4.0,4.0,2019-01-17 09:41:26.065996,2019-01-17 09:41:26.065996,2019-01-17 09:41:22.065996,2019-01-17 09:41:41.072996
900,ID_19,1,0.25,"[13, 9, 5, 1, 2, 3, 7, 11, 12, 8, 4]",11,"[1, 4, 6, 8, 9, 11]",5,1.875,2.0,2019-01-17 09:42:55.022002,2019-01-17 09:42:55.022002,2019-01-17 09:42:53.147002,2019-01-17 09:43:10.027995
901,ID_19,2,0.25,"[13, 14, 10, 11, 12, 8, 4, 3, 2]",9,"[1, 2, 3, 5, 7, 9]",5,1.875,2.0,2019-01-17 09:44:21.725001,2019-01-17 09:44:21.725001,2019-01-17 09:44:19.850001,2019-01-17 09:44:36.730995
902,ID_19,3,0.25,"[13, 9, 5, 6, 10, 14, 15, 16, 12, 8, 4]",11,"[1, 3, 4, 6, 8, 11]",5,1.875,2.0,2019-01-17 09:45:44.925003,2019-01-17 09:45:44.925003,2019-01-17 09:45:43.050003,2019-01-17 09:45:59.932002
903,ID_19,4,0.25,"[13, 14, 15, 11, 10, 9, 5, 6, 7, 8, 4, 3, 2, 1]",14,"[1, 3, 4, 6, 7, 10, 11, 14]",7,2.625,2.75,2019-01-17 09:47:09.880999,2019-01-17 09:47:09.880999,2019-01-17 09:47:07.255999,2019-01-17 09:47:24.887999
904,ID_19,5,0.25,"[13, 9, 10, 11, 15, 16, 12, 8, 4, 3, 2, 1, 5]",13,"[1, 2, 4, 5, 6, 9, 12, 13]",7,2.625,2.75,2019-01-17 09:48:34.086004,2019-01-17 09:48:34.086004,2019-01-17 09:48:31.461004,2019-01-17 09:48:49.091998
905,ID_19,6,0.25,"[13, 9, 5, 1, 2, 6, 10, 14, 15, 16, 12, 8, 4, 3, 7, 11]",16,"[1, 4, 5, 8, 10, 13, 14, 16]",7,2.625,2.75,2019-01-17 09:49:57.289003,2019-01-17 09:49:57.289003,2019-01-17 09:49:54.664003,2019-01-17 09:50:12.296003
906,ID_19,7,0.25,"[13, 9, 10, 14, 15, 16, 12, 8, 4, 3, 7, 6, 5, 1]",14,"[1, 2, 3, 4, 6, 9, 10, 11, 13, 14]",9,3.375,3.5,2019-01-17 09:51:20.870002,2019-01-17 09:51:20.625002,2019-01-17 09:51:17.250002,2019-01-17 09:51:35.875996
907,ID_19,8,0.25,"[13, 14, 15, 16, 12, 11, 7, 8, 3, 2, 1, 5, 9, 10]",14,"[1, 4, 5, 6, 7, 11, 13, 14]",7,2.625,2.75,2019-01-17 09:52:47.074996,2019-01-17 09:52:47.074996,2019-01-17 09:52:44.449996,2019-01-17 09:53:02.081996
908,ID_19,9,0.25,"[13, 9, 5, 6, 10, 11, 11, 15, 16, 12, 8, 4, 3, 7]",14,"[1, 3, 4, 5, 8, 9, 12, 13, 14]",8,3.0,3.125,2019-01-17 09:54:12.290004,2019-01-17 09:54:12.290004,2019-01-17 09:54:09.290004,2019-01-17 09:54:27.297999
909,ID_19,1,0.5,"[13, 9, 5, 1, 2, 3, 7, 11, 12, 8, 4]",11,"[1, 4, 6, 8, 9, 11]",5,1.25,1.5,2019-01-17 09:55:36.756001,2019-01-17 09:55:36.756001,2019-01-17 09:55:35.506001,2019-01-17 09:55:51.762005
910,ID_19,2,0.5,"[13, 14, 10, 11, 12, 8, 4, 3, 2]",9,"[1, 2, 3, 5, 7, 9]",5,1.25,1.5,2019-01-17 09:57:03.715004,2019-01-17 09:57:03.715004,2019-01-17 09:57:02.465004,2019-01-17 09:57:18.720998
911,ID_19,3,0.5,"[13, 9, 5, 6, 10, 14, 15, 16, 12, 8, 4]",11,"[1, 3, 4, 6, 8, 11]",5,1.25,1.5,2019-01-17 09:58:32.173004,2019-01-17 09:58:31.926998,2019-01-17 09:58:30.676998,2019-01-17 09:58:47.178998
912,ID_19,4,0.5,"[13, 14, 15, 11, 10, 9, 5, 6, 7, 8, 4, 3, 2, 1]",14,"[1, 3, 4, 6, 7, 10, 11, 14]",7,1.75,2.0,2019-01-17 09:59:58.380995,2019-01-17 09:59:58.380995,2019-01-17 09:59:56.630995,2019-01-17 10:00:13.388005
913,ID_19,5,0.5,"[13, 9, 10, 11, 15, 16, 12, 8, 4, 3, 2, 1, 5]",13,"[1, 2, 4, 5, 6, 9, 12, 13]",7,1.75,2.0,2019-01-17 10:01:22.968004,2019-01-17 10:01:22.723004,2019-01-17 10:01:20.973004,2019-01-17 10:01:37.973998
914,ID_19,6,0.5,"[13, 9, 5, 1, 2, 6, 10, 14, 15, 16, 12, 8, 4, 3, 7, 11]",16,"[1, 4, 5, 8, 10, 13, 14, 16]",7,1.75,2.0,2019-01-17 10:02:50.675997,2019-01-17 10:02:50.675997,2019-01-17 10:02:48.925997,2019-01-17 10:03:05.682997
915,ID_19,7,0.5,"[13, 9, 10, 14, 15, 16, 12, 8, 4, 3, 7, 6, 5, 1]",14,"[1, 2, 3, 4, 6, 9, 10, 11, 13, 14]",9,2.25,2.5,2019-01-17 10:04:18.383005,2019-01-17 10:04:18.383005,2019-01-17 10:04:16.133005,2019-01-17 10:04:33.390004
916,ID_19,8,0.5,"[13, 14, 15, 16, 12, 11, 7, 8, 3, 2, 1, 5, 9, 10]",14,"[1, 4, 5, 6, 7, 11, 13, 14]",7,1.75,2.0,2019-01-17 10:05:41.225002,2019-01-17 10:05:40.980002,2019-01-17 10:05:39.230002,2019-01-17 10:05:56.230995
917,ID_19,9,0.5,"[13, 9, 5, 6, 10, 11, 11, 15, 16, 12, 8, 4, 3, 7]",14,"[1, 3, 4, 5, 8, 9, 12, 13, 14]",8,2.0,2.25,2019-01-17 10:07:05.310001,2019-01-17 10:07:05.065001,2019-01-17 10:07:03.065001,2019-01-17 10:07:20.315995
918,ID_19,1,0.0,"[13, 9, 5, 1, 2, 3, 7, 11, 12, 8, 4]",11,"[1, 4, 6, 8, 9, 11]",5,2.5,2.5,2019-01-17 09:30:16.208998,2019-01-17 09:30:16.208998,2019-01-17 09:30:13.708998,2019-01-17 09:30:31.222998
919,ID_19,2,0.0,"[13, 14, 10, 11, 12, 8, 4, 3, 2]",9,"[1, 2, 3, 5, 7, 9]",5,2.5,2.5,2019-01-17 09:31:43.496002,2019-01-17 09:31:43.496002,2019-01-17 09:31:40.996002,2019-01-17 09:31:58.507005
920,ID_19,3,0.0,"[13, 9, 5, 6, 10, 14, 15, 16, 12, 8, 4]",11,"[1, 3, 4, 6, 8, 11]",5,2.5,2.5,2019-01-17 09:33:10.458998,2019-01-17 09:33:10.458998,2019-01-17 09:33:07.958998,2019-01-17 09:33:25.465002
921,ID_19,4,0.0,"[13, 14, 15, 11, 10, 9, 5, 6, 7, 8, 4, 3, 2, 1]",14,"[1, 3, 4, 6, 7, 10, 11, 14]",7,3.5,3.5,2019-01-17 09:34:38.165996,2019-01-17 09:34:37.922002,2019-01-17 09:34:34.422002,2019-01-17 09:34:53.172996
922,ID_19,5,0.0,"[13, 9, 10, 11, 15, 16, 12, 8, 4, 3, 2, 1, 5]",13,"[1, 2, 4, 5, 6, 9, 12, 13]",7,3.5,3.5,2019-01-17 09:36:03.757002,2019-01-17 09:36:03.512003,2019-01-17 09:36:00.012003,2019-01-17 09:36:18.762996
923,ID_19,6,0.0,"[13, 9, 5, 1, 2, 6, 10, 14, 15, 16, 12, 8, 4, 3, 7, 11]",16,"[1, 4, 5, 8, 10, 13, 14, 16]",7,3.5,3.5,2019-01-17 09:37:33.088000,2019-01-17 09:37:33.088000,2019-01-17 09:37:29.588000,2019-01-17 09:37:48.094004
924,ID_19,7,0.0,"[13, 9, 10, 14, 15, 16, 12, 8, 4, 3, 7, 6, 5, 1]",14,"[1, 2, 3, 4, 6, 9, 10, 11, 13, 14]",9,4.5,4.5,2019-01-17 09:39:01.294000,2019-01-17 09:39:01.049000,2019-01-17 09:38:56.549000,2019-01-17 09:39:16.300003
925,ID_19,8,0.0,"[13, 14, 15, 16, 12, 11, 7, 8, 3, 2, 1, 5, 9, 10]",14,"[1, 4, 5, 6, 7, 11, 13, 14]",7,3.5,3.5,2019-01-17 09:40:27.639005,2019-01-17 09:40:27.393995,2019-01-17 09:40:23.893995,2019-01-17 09:40:42.644999
926,ID_19,9,0.0,"[13, 9, 5, 6, 10, 11, 11, 15, 16, 12, 8, 4, 3, 7]",14,"[1, 3, 4, 5, 8, 9, 12, 13, 14]",8,4.0,4.0,2019-01-17 09:41:55.719004,2019-01-17 09:41:55.719004,2019-01-17 09:41:51.719004,2019-01-17 09:42:10.726004
927,ID_19,1,0.25,"[13, 9, 5, 1, 2, 3, 7, 11, 12, 8, 4]",11,"[1, 4, 6, 8, 9, 11]",5,1.875,2.0,2019-01-17 09:43:24.674999,2019-01-17 09:43:24.674999,2019-01-17 09:43:22.799999,2019-01-17 09:43:39.681999
928,ID_19,2,0.25,"[13, 14, 10, 11, 12, 8, 4, 3, 2]",9,"[1, 2, 3, 5, 7, 9]",5,1.875,2.0,2019-01-17 09:44:49.125004,2019-01-17 09:44:49.125004,2019-01-17 09:44:47.250004,2019-01-17 09:45:04.130998
929,ID_19,3,0.25,"[13, 9, 5, 6, 10, 14, 15, 16, 12, 8, 4]",11,"[1, 3, 4, 6, 8, 11]",5,1.875,2.0,2019-01-17 09:46:13.325995,2019-01-17 09:46:13.325995,2019-01-17 09:46:11.450995,2019-01-17 09:46:28.334001
930,ID_19,4,0.25,"[13, 14, 15, 11, 10, 9, 5, 6, 7, 8, 4, 3, 2, 1]",14,"[1, 3, 4, 6, 7, 10, 11, 14]",7,2.625,2.75,2019-01-17 09:47:38.032003,2019-01-17 09:47:38.032003,2019-01-17 09:47:35.407003,2019-01-17 09:47:53.037997
931,ID_19,5,0.25,"[13, 9, 10, 11, 15, 16, 12, 8, 4, 3, 2, 1, 5]",13,"[1, 2, 4, 5, 6, 9, 12, 13]",7,2.625,2.75,2019-01-17 09:49:01.987000,2019-01-17 09:49:01.987000,2019-01-17 09:48:59.362000,2019-01-17 09:49:16.993004
932,ID_19,6,0.25,"[13, 9, 5, 1, 2, 6, 10, 14, 15, 16, 12, 8, 4, 3, 7, 11]",16,"[1, 4, 5, 8, 10, 13, 14, 16]",7,2.625,2.75,2019-01-17 09:50:24.692998,2019-01-17 09:50:24.692998,2019-01-17 09:50:22.067998,2019-01-17 09:50:39.699002
933,ID_19,7,0.25,"[13, 9, 10, 14, 15, 16, 12, 8, 4, 3, 7, 6, 5, 1]",14,"[1, 2, 3, 4, 6, 9, 10, 11, 13, 14]",9,3.375,3.5,2019-01-17 09:51:49.647999,2019-01-17 09:51:49.403995,2019-01-17 09:51:46.028995,2019-01-17 09:52:04.656005
934,ID_19,8,0.25,"[13, 14, 15, 16, 12, 11, 7, 8, 3, 2, 1, 5, 9, 10]",14,"[1, 4, 5, 6, 7, 11, 13, 14]",7,2.625,2.75,2019-01-17 09:53:15.730001,2019-01-17 09:53:15.730001,2019-01-17 09:53:13.105001,2019-01-17 09:53:30.736005
935,ID_19,9,0.25,"[13, 9, 5, 6, 10, 11, 11, 15, 16, 12, 8, 4, 3, 7]",14,"[1, 3, 4, 5, 8, 9, 12, 13, 14]",8,3.0,3.125,2019-01-17 09:54:40.190999,2019-01-17 09:54:40.190999,2019-01-17 09:54:37.190999,2019-01-17 09:54:55.197003
936,ID_19,1,0.5,"[13, 9, 5, 1, 2, 3, 7, 11, 12, 8, 4]",11,"[1, 4, 6, 8, 9, 11]",5,1.25,1.5,2019-01-17 09:56:05.405997,2019-01-17 09:56:05.405997,2019-01-17 09:56:04.155997,2019-01-17 09:56:20.412000
937,ID_19,2,0.5,"[13, 14, 10, 11, 12, 8, 4, 3, 2]",9,"[1, 2, 3, 5, 7, 9]",5,1.25,1.5,2019-01-17 09:57:33.370999,2019-01-17 09:57:33.370999,2019-01-17 09:57:32.120999,2019-01-17 09:57:48.377999
938,ID_19,3,0.5,"[13, 9, 5, 6, 10, 14, 15, 16, 12, 8, 4]",11,"[1, 3, 4, 6, 8, 11]",5,1.25,1.5,2019-01-17 09:59:01.324002,2019-01-17 09:59:01.079998,2019-01-17 09:58:59.829998,2019-01-17 09:59:16.331002
939,ID_19,4,0.5,"[13, 14, 15, 11, 10, 9, 5, 6, 7, 8, 4, 3, 2, 1]",14,"[1, 3, 4, 6, 7, 10, 11, 14]",7,1.75,2.0,2019-01-17 10:00:26.284002,2019-01-17 10:00:26.284002,2019-01-17 10:00:24.534002,2019-01-17 10:00:41.289996
940,ID_19,5,0.5,"[13, 9, 10, 11, 15, 16, 12, 8, 4, 3, 2, 1, 5]",13,"[1, 2, 4, 5, 6, 9, 12, 13]",7,1.75,2.0,2019-01-17 10:01:51.744995,2019-01-17 10:01:51.499000,2019-01-17 10:01:49.749000,2019-01-17 10:02:06.750999
941,ID_19,6,0.5,"[13, 9, 5, 1, 2, 6, 10, 14, 15, 16, 12, 8, 4, 3, 7, 11]",16,"[1, 4, 5, 8, 10, 13, 14, 16]",7,1.75,2.0,2019-01-17 10:03:20.829002,2019-01-17 10:03:20.829002,2019-01-17 10:03:19.079002,2019-01-17 10:03:35.836002
942,ID_19,7,0.5,"[13, 9, 10, 14, 15, 16, 12, 8, 4, 3, 7, 6, 5, 1]",14,"[1, 2, 3, 4, 6, 9, 10, 11, 13, 14]",9,2.25,2.5,2019-01-17 10:04:45.791999,2019-01-17 10:04:45.791999,2019-01-17 10:04:43.541999,2019-01-17 10:05:00.798999
943,ID_19,8,0.5,"[13, 14, 15, 16, 12, 11, 7, 8, 3, 2, 1, 5, 9, 10]",14,"[1, 4, 5, 6, 7, 11, 13, 14]",7,1.75,2.0,2019-01-17 10:06:09.253999,2019-01-17 10:06:09.008003,2019-01-17 10:06:07.258003,2019-01-17 10:06:24.260003
944,ID_19,9,0.5,"[13, 9, 5, 6, 10, 11, 11, 15, 16, 12, 8, 4, 3, 7]",14,"[1, 3, 4, 5, 8, 9, 12, 13, 14]",8,2.0,2.25,2019-01-17 10:07:33.338998,2019-01-17 10:07:33.093999,2019-01-17 10:07:31.093999,2019-01-17 10:07:48.345002
945,ID_19,1,0.0,"[13, 9, 5, 1, 2, 3, 7, 11, 12, 8, 4]",11,"[1, 4, 6, 8, 9, 11]",5,2.5,2.5,2019-01-17 09:30:44.172999,2019-01-17 09:30:44.172999,2019-01-17 09:30:41.672999,2019-01-17 09:30:59.181004
946,ID_19,2,0.0,"[13, 14, 10, 11, 12, 8, 4, 3, 2]",9,"[1, 2, 3, 5, 7, 9]",5,2.5,2.5,2019-01-17 09:32:13.153998,2019-01-17 09:32:13.153998,2019-01-17 09:32:10.653998,2019-01-17 09:32:28.160998
947,ID_19,3,0.0,"[13, 9, 5, 6, 10, 14, 15, 16, 12, 8, 4]",11,"[1, 3, 4, 6, 8, 11]",5,2.5,2.5,2019-01-17 09:33:39.110000,2019-01-17 09:33:39.110000,2019-01-17 09:33:36.610000,2019-01-17 09:33:54.116004
948,ID_19,4,0.0,"[13, 14, 15, 11, 10, 9, 5, 6, 7, 8, 4, 3, 2, 1]",14,"[1, 3, 4, 6, 7, 10, 11, 14]",7,3.5,3.5,2019-01-17 09:35:07.701000,2019-01-17 09:35:07.456000,2019-01-17 09:35:03.956000,2019-01-17 09:35:22.707004
949,ID_19,5,0.0,"[13, 9, 10, 11, 15, 16, 12, 8, 4, 3, 2, 1, 5]",13,"[1, 2, 4, 5, 6, 9, 12, 13]",7,3.5,3.5,2019-01-17 09:36:31.783002,2019-01-17 09:36:31.538002,2019-01-17 09:36:28.038002,2019-01-17 09:36:46.790002
950,ID_19,6,0.0,"[13, 9, 5, 1, 2, 6, 10, 14, 15, 16, 12, 8, 4, 3, 7, 11]",16,"[1, 4, 5, 8, 10, 13, 14, 16]",7,3.5,3.5,2019-01-17 09:38:03.741003,2019-01-17 09:38:03.741003,2019-01-17 09:38:00.241003,2019-01-17 09:38:18.746996
951,ID_19,7,0.0,"[13, 9, 10, 14, 15, 16, 12, 8, 4, 3, 7, 6, 5, 1]",14,"[1, 2, 3, 4, 6, 9, 10, 11, 13, 14]",9,4.5,4.5,2019-01-17 09:39:30.068004,2019-01-17 09:39:29.824000,2019-01-17 09:39:25.324000,2019-01-17 09:39:45.077005
952,ID_19,8,0.0,"[13, 14, 15, 16, 12, 11, 7, 8, 3, 2, 1, 5, 9, 10]",14,"[1, 4, 5, 6, 7, 11, 13, 14]",7,3.5,3.5,2019-01-17 09:40:56.415001,2019-01-17 09:40:56.170001,2019-01-17 09:40:52.670001,2019-01-17 09:41:11.421004
953,ID_19,9,0.0,"[13, 9, 5, 6, 10, 11, 11, 15, 16, 12, 8, 4, 3, 7]",14,"[1, 3, 4, 5, 8, 9, 12, 13, 14]",8,4.0,4.0,2019-01-17 09:42:25.370000,2019-01-17 09:42:25.370000,2019-01-17 09:42:21.370000,2019-01-17 09:42:40.377000
954,ID_19,1,0.25,"[13, 9, 5, 1, 2, 3, 7, 11, 12, 8, 4]",11,"[1, 4, 6, 8, 9, 11]",5,1.875,2.0,2019-01-17 09:43:54.324003,2019-01-17 09:43:54.324003,2019-01-17 09:43:52.449003,2019-01-17 09:44:09.329997
955,ID_19,2,0.25,"[13, 14, 10, 11, 12, 8, 4, 3, 2]",9,"[1, 2, 3, 5, 7, 9]",5,1.875,2.0,2019-01-17 09:45:16.524996,2019-01-17 09:45:16.524996,2019-01-17 09:45:14.649996,2019-01-17 09:45:31.531000
956,ID_19,3,0.25,"[13, 9, 5, 6, 10, 14, 15, 16, 12, 8, 4]",11,"[1, 3, 4, 6, 8, 11]",5,1.875,2.0,2019-01-17 09:46:41.729995,2019-01-17 09:46:41.729995,2019-01-17 09:46:39.854995,2019-01-17 09:46:56.735999
957,ID_19,4,0.25,"[13, 14, 15, 11, 10, 9, 5, 6, 7, 8, 4, 3, 2, 1]",14,"[1, 3, 4, 6, 7, 10, 11, 14]",7,2.625,2.75,2019-01-17 09:48:06.182997,2019-01-17 09:48:06.182997,2019-01-17 09:48:03.557997,2019-01-17 09:48:21.189001
958,ID_19,5,0.25,"[13, 9, 10, 11, 15, 16, 12, 8, 4, 3, 2, 1, 5]",13,"[1, 2, 4, 5, 6, 9, 12, 13]",7,2.625,2.75,2019-01-17 09:49:29.886003,2019-01-17 09:49:29.886003,2019-01-17 09:49:27.261003,2019-01-17 09:49:44.891997
959,ID_19,6,0.25,"[13, 9, 5, 1, 2, 6, 10, 14, 15, 16, 12, 8, 4, 3, 7, 11]",16,"[1, 4, 5, 8, 10, 13, 14, 16]",7,2.625,2.75,2019-01-17 09:50:52.093001,2019-01-17 09:50:52.093001,2019-01-17 09:50:49.468001,2019-01-17 09:51:07.100000
960,ID_19,7,0.25,"[13, 9, 10, 14, 15, 16, 12, 8, 4, 3, 7, 6, 5, 1]",14,"[1, 2, 3, 4, 6, 9, 10, 11, 13, 14]",9,3.375,3.5,2019-01-17 09:52:18.422999,2019-01-17 09:52:18.177999,2019-01-17 09:52:14.802999,2019-01-17 09:52:33.429999
961,ID_19,8,0.25,"[13, 14, 15, 16, 12, 11, 7, 8, 3, 2, 1, 5, 9, 10]",14,"[1, 4, 5, 6, 7, 11, 13, 14]",7,2.625,2.75,2019-01-17 09:53:44.388998,2019-01-17 09:53:44.388998,2019-01-17 09:53:41.763998,2019-01-17 09:53:59.395002
962,ID_19,9,0.25,"[13, 9, 5, 6, 10, 11, 11, 15, 16, 12, 8, 4, 3, 7]",14,"[1, 3, 4, 5, 8, 9, 12, 13, 14]",8,3.0,3.125,2019-01-17 09:55:08.100997,2019-01-17 09:55:08.100997,2019-01-17 09:55:05.100997,2019-01-17 09:55:23.107996
963,ID_19,1,0.5,"[13, 9, 5, 1, 2, 3, 7, 11, 12, 8, 4]",11,"[1, 4, 6, 8, 9, 11]",5,1.25,1.5,2019-01-17 09:56:34.058999,2019-01-17 09:56:34.058999,2019-01-17 09:56:32.808999,2019-01-17 09:56:49.065999
964,ID_19,2,0.5,"[13, 14, 10, 11, 12, 8, 4, 3, 2]",9,"[1, 2, 3, 5, 7, 9]",5,1.25,1.5,2019-01-17 09:58:03.021995,2019-01-17 09:58:03.021995,2019-01-17 09:58:01.771995,2019-01-17 09:58:18.027999
965,ID_19,3,0.5,"[13, 9, 5, 6, 10, 14, 15, 16, 12, 8, 4]",11,"[1, 3, 4, 6, 8, 11]",5,1.25,1.5,2019-01-17 09:59:30.477002,2019-01-17 09:59:30.230997,2019-01-17 09:59:28.980997,2019-01-17 09:59:45.484002
966,ID_19,4,0.5,"[13, 14, 15, 11, 10, 9, 5, 6, 7, 8, 4, 3, 2, 1]",14,"[1, 3, 4, 6, 7, 10, 11, 14]",7,1.75,2.0,2019-01-17 10:00:54.186999,2019-01-17 10:00:54.186999,2019-01-17 10:00:52.436999,2019-01-17 10:01:09.193003
967,ID_19,5,0.5,"[13, 9, 10, 11, 15, 16, 12, 8, 4, 3, 2, 1, 5]",13,"[1, 2, 4, 5, 6, 9, 12, 13]",7,1.75,2.0,2019-01-17 10:02:20.523002,2019-01-17 10:02:20.278998,2019-01-17 10:02:18.528998,2019-01-17 10:02:35.530002
968,ID_19,6,0.5,"[13, 9, 5, 1, 2, 6, 10, 14, 15, 16, 12, 8, 4, 3, 7, 11]",16,"[1, 4, 5, 8, 10, 13, 14, 16]",7,1.75,2.0,2019-01-17 10:03:50.981001,2019-01-17 10:03:50.981001,2019-01-17 10:03:49.231001,2019-01-17 10:04:05.988001
969,ID_19,7,0.5,"[13, 9, 10, 14, 15, 16, 12, 8, 4, 3, 7, 6, 5, 1]",14,"[1, 2, 3, 4, 6, 9, 10, 11, 13, 14]",9,2.25,2.5,2019-01-17 10:05:13.194999,2019-01-17 10:05:13.194999,2019-01-17 10:05:10.944999,2019-01-17 10:05:28.201003
970,ID_19,8,0.5,"[13, 14, 15, 16, 12, 11, 7, 8, 3, 2, 1, 5, 9, 10]",14,"[1, 4, 5, 6, 7, 11, 13, 14]",7,1.75,2.0,2019-01-17 10:06:37.282000,2019-01-17 10:06:37.037000,2019-01-17 10:06:35.287000,2019-01-17 10:06:52.289000
971,ID_19,9,0.5,"[13, 9, 5, 6, 10, 11, 11, 15, 16, 12, 8, 4, 3, 7]",14,"[1, 3, 4, 5, 8, 9, 12, 13, 14]",8,2.0,2.25,2019-01-17 10:08:01.366999,2019-01-17 10:08:01.122000,2019-01-17 10:07:59.122000,2019-01-17 10:08:16.373999
972,ID_23,1,0.0,"[13, 9, 5, 1, 2, 3, 7, 11, 12, 8, 4]",11,"[1, 4, 6, 8, 9, 11]",5,2.5,2.5,2019-01-21 09:22:19.002997,2019-01-21 09:22:19.002997,2019-01-21 09:22:16.502997,2019-01-21 09:22:34.025003
973,ID_23,2,0.0,"[13, 14, 10, 11, 12, 8, 4, 3, 2]",9,"[1, 2, 3, 5, 7, 9]",5,2.5,2.5,2019-01-21 09:23:47.196996,2019-01-21 09:23:46.951997,2019-01-21 09:23:44.451997,2019-01-21 09:24:02.205002
974,ID_23,3,0.0,"[13, 9, 5, 6, 10, 14, 15, 16, 12, 8, 4]",11,"[1, 3, 4, 6, 8, 11]",5,2.5,2.5,2019-01-21 09:25:15.413003,2019-01-21 09:25:15.413003,2019-01-21 09:25:12.913003,2019-01-21 09:25:30.420003
975,ID_23,4,0.0,"[13, 14, 15, 11, 10, 9, 5, 6, 7, 8, 4, 3, 2, 1]",14,"[1, 3, 4, 6, 7, 10, 11, 14]",7,3.5,3.5,2019-01-21 09:26:46.370999,2019-01-21 09:26:46.370999,2019-01-21 09:26:42.870999,2019-01-21 09:27:01.379005
976,ID_23,5,0.0,"[13, 9, 10, 11, 15, 16, 12, 8, 4, 3, 2, 1, 5]",13,"[1, 2, 4, 5, 6, 9, 12, 13]",7,3.5,3.5,2019-01-21 09:28:13.836005,2019-01-21 09:28:13.836005,2019-01-21 09:28:10.336005,2019-01-21 09:28:28.841999
977,ID_23,6,0.0,"[13, 9, 5, 1, 2, 6, 10, 14, 15, 16, 12, 8, 4, 3, 7, 11]",16,"[1, 4, 5, 8, 10, 13, 14, 16]",7,3.5,3.5,2019-01-21 09:29:38.784005,2019-01-21 09:29:38.784005,2019-01-21 09:29:35.284005,2019-01-21 09:29:53.789999
978,ID_23,7,0.0,"[13, 9, 10, 14, 15, 16, 12, 8, 4, 3, 7, 6, 5, 1]",14,"[1, 2, 3, 4, 6, 9, 10, 11, 13, 14]",9,4.5,4.5,2019-01-21 09:31:05.226998,2019-01-21 09:31:04.981999,2019-01-21 09:31:00.481999,2019-01-21 09:31:20.235004
979,ID_23,8,0.0,"[13, 14, 15, 16, 12, 11, 7, 8, 3, 2, 1, 5, 9, 10]",14,"[1, 4, 5, 6, 7, 11, 13, 14]",7,3.5,3.5,2019-01-21 09:32:31.429005,2019-01-21 09:32:31.429005,2019-01-21 09:32:27.929005,2019-01-21 09:32:46.434999
980,ID_23,9,0.0,"[13, 9, 5, 6, 10, 11, 11, 15, 16, 12, 8, 4, 3, 7]",14,"[1, 3, 4, 5, 8, 9, 12, 13, 14]",8,4.0,4.0,2019-01-21 09:33:56.880996,2019-01-21 09:33:56.880996,2019-01-21 09:33:52.880996,2019-01-21 09:34:11.887000
981,ID_23,1,0.25,"[13, 9, 5, 1, 2, 3, 7, 11, 12, 8, 4]",11,"[1, 4, 6, 8, 9, 11]",5,1.875,2.0,2019-01-21 09:35:24.201001,2019-01-21 09:35:23.956001,2019-01-21 09:35:22.081001,2019-01-21 09:35:39.207005
982,ID_23,2,0.25,"[13, 14, 10, 11, 12, 8, 4, 3, 2]",9,"[1, 2, 3, 5, 7, 9]",5,1.875,2.0,2019-01-21 09:36:49.023997,2019-01-21 09:36:48.778997,2019-01-21 09:36:46.903997,2019-01-21 09:37:04.030996
983,ID_23,3,0.25,"[13, 9, 5, 6, 10, 14, 15, 16, 12, 8, 4]",11,"[1, 3, 4, 6, 8, 11]",5,1.875,2.0,2019-01-21 09:38:15.221005,2019-01-21 09:38:15.221005,2019-01-21 09:38:13.346005,2019-01-21 09:38:30.226998
984,ID_23,4,0.25,"[13, 14, 15, 11, 10, 9, 5, 6, 7, 8, 4, 3, 2, 1]",14,"[1, 3, 4, 6, 7, 10, 11, 14]",7,2.625,2.75,2019-01-21 09:39:41.299999,2019-01-21 09:39:41.056005,2019-01-21 09:39:38.431005,2019-01-21 09:39:56.306003
985,ID_23,5,0.25,"[13, 9, 10, 11, 15, 16, 12, 8, 4, 3, 2, 1, 5]",13,"[1, 2, 4, 5, 6, 9, 12, 13]",7,2.625,2.75,2019-01-21 09:41:06.254004,2019-01-21 09:41:06.254004,2019-01-21 09:41:03.629004,2019-01-21 09:41:21.259998
986,ID_23,6,0.25,"[13, 9, 5, 1, 2, 6, 10, 14, 15, 16, 12, 8, 4, 3, 7, 11]",16,"[1, 4, 5, 8, 10, 13, 14, 16]",7,2.625,2.75,2019-01-21 09:42:28.461997,2019-01-21 09:42:28.461997,2019-01-21 09:42:25.836997,2019-01-21 09:42:43.468996
987,ID_23,7,0.25,"[13, 9, 10, 14, 15, 16, 12, 8, 4, 3, 7, 6, 5, 1]",14,"[1, 2, 3, 4, 6, 9, 10, 11, 13, 14]",9,3.375,3.5,2019-01-21 09:43:50.667998,2019-01-21 09:43:50.667998,2019-01-21 09:43:47.292998,2019-01-21 09:44:05.674002
988,ID_23,8,0.25,"[13, 14, 15, 16, 12, 11, 7, 8, 3, 2, 1, 5, 9, 10]",14,"[1, 4, 5, 6, 7, 11, 13, 14]",7,2.625,2.75,2019-01-21 09:45:13.382999,2019-01-21 09:45:13.382999,2019-01-21 09:45:10.757999,2019-01-21 09:45:28.389003
989,ID_23,9,0.25,"[13, 9, 5, 6, 10, 11, 11, 15, 16, 12, 8, 4, 3, 7]",14,"[1, 3, 4, 5, 8, 9, 12, 13, 14]",8,3.0,3.125,2019-01-21 09:46:37.850002,2019-01-21 09:46:37.850002,2019-01-21 09:46:34.850002,2019-01-21 09:46:52.857998
990,ID_23,1,0.5,"[13, 9, 5, 1, 2, 3, 7, 11, 12, 8, 4]",11,"[1, 4, 6, 8, 9, 11]",5,1.25,1.5,2019-01-21 09:48:03.569000,2019-01-21 09:48:03.569000,2019-01-21 09:48:02.319000,2019-01-21 09:48:18.575004
991,ID_23,2,0.5,"[13, 14, 10, 11, 12, 8, 4, 3, 2]",9,"[1, 2, 3, 5, 7, 9]",5,1.25,1.5,2019-01-21 09:49:28.412002,2019-01-21 09:49:28.167002,2019-01-21 09:49:26.917002,2019-01-21 09:49:43.419998
992,ID_23,3,0.5,"[13, 9, 5, 6, 10, 14, 15, 16, 12, 8, 4]",11,"[1, 3, 4, 6, 8, 11]",5,1.25,1.5,2019-01-21 09:50:54.131996,2019-01-21 09:50:54.131996,2019-01-21 09:50:52.881996,2019-01-21 09:51:09.138000
993,ID_23,4,0.5,"[13, 14, 15, 11, 10, 9, 5, 6, 7, 8, 4, 3, 2, 1]",14,"[1, 3, 4, 6, 7, 10, 11, 14]",7,1.75,2.0,2019-01-21 09:52:21.342999,2019-01-21 09:52:21.342999,2019-01-21 09:52:19.592999,2019-01-21 09:52:36.349999
994,ID_23,5,0.5,"[13, 9, 10, 11, 15, 16, 12, 8, 4, 3, 2, 1, 5]",13,"[1, 2, 4, 5, 6, 9, 12, 13]",7,1.75,2.0,2019-01-21 09:53:45.075004,2019-01-21 09:53:45.075999,2019-01-21 09:53:43.325999,2019-01-21 09:54:00.082003
995,ID_23,6,0.5,"[13, 9, 5, 1, 2, 6, 10, 14, 15, 16, 12, 8, 4, 3, 7, 11]",16,"[1, 4, 5, 8, 10, 13, 14, 16]",7,1.75,2.0,2019-01-21 09:55:10.423002,2019-01-21 09:55:10.178002,2019-01-21 09:55:08.428002,2019-01-21 09:55:25.430001
996,ID_23,7,0.5,"[13, 9, 10, 14, 15, 16, 12, 8, 4, 3, 7, 6, 5, 1]",14,"[1, 2, 3, 4, 6, 9, 10, 11, 13, 14]",9,2.25,2.5,2019-01-21 09:56:38.265997,2019-01-21 09:56:38.020998,2019-01-21 09:56:35.770998,2019-01-21 09:56:53.272997
997,ID_23,8,0.5,"[13, 14, 15, 16, 12, 11, 7, 8, 3, 2, 1, 5, 9, 10]",14,"[1, 4, 5, 6, 7, 11, 13, 14]",7,1.75,2.0,2019-01-21 09:58:05.993001,2019-01-21 09:58:05.993001,2019-01-21 09:58:04.243001,2019-01-21 09:58:21.000001
998,ID_23,9,0.5,"[13, 9, 5, 6, 10, 11, 11, 15, 16, 12, 8, 4, 3, 7]",14,"[1, 3, 4, 5, 8, 9, 12, 13, 14]",8,2.0,2.25,2019-01-21 09:59:34.343004,2019-01-21 09:59:34.098005,2019-01-21 09:59:32.098005,2019-01-21 09:59:49.348998
999,ID_23,1,0.0,"[13, 9, 5, 1, 2, 3, 7, 11, 12, 8, 4]",11,"[1, 4, 6, 8, 9, 11]",5,2.5,2.5,2019-01-21 09:22:48.704998,2019-01-21 09:22:48.704998,2019-01-21 09:22:46.204998,2019-01-21 09:23:03.718998
1000,ID_23,2,0.0,"[13, 14, 10, 11, 12, 8, 4, 3, 2]",9,"[1, 2, 3, 5, 7, 9]",5,2.5,2.5,2019-01-21 09:24:15.982004,2019-01-21 09:24:15.738000,2019-01-21 09:24:13.238000,2019-01-21 09:24:30.992997
1001,ID_23,3,0.0,"[13, 9, 5, 6, 10, 14, 15, 16, 12, 8, 4]",11,"[1, 3, 4, 6, 8, 11]",5,2.5,2.5,2019-01-21 09:25:46.071004,2019-01-21 09:25:46.071004,2019-01-21 09:25:43.571004,2019-01-21 09:26:01.078004
1002,ID_23,4,0.0,"[13, 14, 15, 11, 10, 9, 5, 6, 7, 8, 4, 3, 2, 1]",14,"[1, 3, 4, 6, 7, 10, 11, 14]",7,3.5,3.5,2019-01-21 09:27:16.030002,2019-01-21 09:27:16.030002,2019-01-21 09:27:12.530002,2019-01-21 09:27:31.039003
1003,ID_23,5,0.0,"[13, 9, 10, 11, 15, 16, 12, 8, 4, 3, 2, 1, 5]",13,"[1, 2, 4, 5, 6, 9, 12, 13]",7,3.5,3.5,2019-01-21 09:28:41.988004,2019-01-21 09:28:41.988004,2019-01-21 09:28:38.488004,2019-01-21 09:28:56.995004
1004,ID_23,6,0.0,"[13, 9, 5, 1, 2, 6, 10, 14, 15, 16, 12, 8, 4, 3, 7, 11]",16,"[1, 4, 5, 8, 10, 13, 14, 16]",7,3.5,3.5,2019-01-21 09:30:07.431999,2019-01-21 09:30:07.431999,2019-01-21 09:30:03.931999,2019-01-21 09:30:22.438003
1005,ID_23,7,0.0,"[13, 9, 10, 14, 15, 16, 12, 8, 4, 3, 7, 6, 5, 1]",14,"[1, 2, 3, 4, 6, 9, 10, 11, 13, 14]",9,4.5,4.5,2019-01-21 09:31:34.382000,2019-01-21 09:31:34.137000,2019-01-21 09:31:29.637000,2019-01-21 09:31:49.388004
1006,ID_23,8,0.0,"[13, 14, 15, 16, 12, 11, 7, 8, 3, 2, 1, 5, 9, 10]",14,"[1, 4, 5, 6, 7, 11, 13, 14]",7,3.5,3.5,2019-01-21 09:32:59.327003,2019-01-21 09:32:59.327003,2019-01-21 09:32:55.827003,2019-01-21 09:33:14.334003
1007,ID_23,9,0.0,"[13, 9, 5, 6, 10, 11, 11, 15, 16, 12, 8, 4, 3, 7]",14,"[1, 3, 4, 5, 8, 9, 12, 13, 14]",8,4.0,4.0,2019-01-21 09:34:26.529004,2019-01-21 09:34:26.529004,2019-01-21 09:34:22.529004,2019-01-21 09:34:41.534998
1008,ID_23,1,0.25,"[13, 9, 5, 1, 2, 3, 7, 11, 12, 8, 4]",11,"[1, 4, 6, 8, 9, 11]",5,1.875,2.0,2019-01-21 09:35:52.226005,2019-01-21 09:35:51.980995,2019-01-21 09:35:50.105995,2019-01-21 09:36:07.233004
1009,ID_23,2,0.25,"[13, 14, 10, 11, 12, 8, 4, 3, 2]",9,"[1, 2, 3, 5, 7, 9]",5,1.875,2.0,2019-01-21 09:37:17.795999,2019-01-21 09:37:17.551995,2019-01-21 09:37:15.676995,2019-01-21 09:37:32.802999
1010,ID_23,3,0.25,"[13, 9, 5, 6, 10, 14, 15, 16, 12, 8, 4]",11,"[1, 3, 4, 6, 8, 11]",5,1.875,2.0,2019-01-21 09:38:43.873002,2019-01-21 09:38:43.873002,2019-01-21 09:38:41.998002,2019-01-21 09:38:58.880001
1011,ID_23,4,0.25,"[13, 14, 15, 11, 10, 9, 5, 6, 7, 8, 4, 3, 2, 1]",14,"[1, 3, 4, 6, 7, 10, 11, 14]",7,2.625,2.75,2019-01-21 09:40:10.077000,2019-01-21 09:40:09.832000,2019-01-21 09:40:07.207000,2019-01-21 09:40:25.083004
1012,ID_23,5,0.25,"[13, 9, 10, 11, 15, 16, 12, 8, 4, 3, 2, 1, 5]",13,"[1, 2, 4, 5, 6, 9, 12, 13]",7,2.625,2.75,2019-01-21 09:41:33.660001,2019-01-21 09:41:33.660001,2019-01-21 09:41:31.035001,2019-01-21 09:41:48.666005
1013,ID_23,6,0.25,"[13, 9, 5, 1, 2, 6, 10, 14, 15, 16, 12, 8, 4, 3, 7, 11]",16,"[1, 4, 5, 8, 10, 13, 14, 16]",7,2.625,2.75,2019-01-21 09:42:55.868004,2019-01-21 09:42:55.868004,2019-01-21 09:42:53.243004,2019-01-21 09:43:10.875003
1014,ID_23,7,0.25,"[13, 9, 10, 14, 15, 16, 12, 8, 4, 3, 7, 6, 5, 1]",14,"[1, 2, 3, 4, 6, 9, 10, 11, 13, 14]",9,3.375,3.5,2019-01-21 09:44:18.077003,2019-01-21 09:44:18.077003,2019-01-21 09:44:14.702003,2019-01-21 09:44:33.082997
1015,ID_23,8,0.25,"[13, 14, 15, 16, 12, 11, 7, 8, 3, 2, 1, 5, 9, 10]",14,"[1, 4, 5, 6, 7, 11, 13, 14]",7,2.625,2.75,2019-01-21 09:45:41.287998,2019-01-21 09:45:41.287998,2019-01-21 09:45:38.662998,2019-01-21 09:45:56.294997
1016,ID_23,9,0.25,"[13, 9, 5, 6, 10, 11, 11, 15, 16, 12, 8, 4, 3, 7]",14,"[1, 3, 4, 5, 8, 9, 12, 13, 14]",8,3.0,3.125,2019-01-21 09:47:06.509000,2019-01-21 09:47:06.509000,2019-01-21 09:47:03.509000,2019-01-21 09:47:21.516000
1017,ID_23,1,0.5,"[13, 9, 5, 1, 2, 3, 7, 11, 12, 8, 4]",11,"[1, 4, 6, 8, 9, 11]",5,1.25,1.5,2019-01-21 09:48:31.980001,2019-01-21 09:48:31.980001,2019-01-21 09:48:30.730001,2019-01-21 09:48:46.986005
1018,ID_23,2,0.5,"[13, 14, 10, 11, 12, 8, 4, 3, 2]",9,"[1, 2, 3, 5, 7, 9]",5,1.25,1.5,2019-01-21 09:49:56.443997,2019-01-21 09:49:56.198997,2019-01-21 09:49:54.948997,2019-01-21 09:50:11.450000
1019,ID_23,3,0.5,"[13, 9, 5, 6, 10, 14, 15, 16, 12, 8, 4]",11,"[1, 3, 4, 6, 8, 11]",5,1.25,1.5,2019-01-21 09:51:23.783998,2019-01-21 09:51:23.783998,2019-01-21 09:51:22.533998,2019-01-21 09:51:38.790001
1020,ID_23,4,0.5,"[13, 14, 15, 11, 10, 9, 5, 6, 7, 8, 4, 3, 2, 1]",14,"[1, 3, 4, 6, 7, 10, 11, 14]",7,1.75,2.0,2019-01-21 09:52:49.250995,2019-01-21 09:52:49.250995,2019-01-21 09:52:47.500995,2019-01-21 09:53:04.259001
1021,ID_23,5,0.5,"[13, 9, 10, 11, 15, 16, 12, 8, 4, 3, 2, 1, 5]",13,"[1, 2, 4, 5, 6, 9, 12, 13]",7,1.75,2.0,2019-01-21 09:54:12.982004,2019-01-21 09:54:12.982004,2019-01-21 09:54:11.232004,2019-01-21 09:54:27.987002
1022,ID_23,6,0.5,"[13, 9, 5, 1, 2, 6, 10, 14, 15, 16, 12, 8, 4, 3, 7, 11]",16,"[1, 4, 5, 8, 10, 13, 14, 16]",7,1.75,2.0,2019-01-21 09:55:39.952996,2019-01-21 09:55:39.707997,2019-01-21 09:55:37.957997,2019-01-21 09:55:54.959000
1023,ID_23,7,0.5,"[13, 9, 10, 14, 15, 16, 12, 8, 4, 3, 7, 6, 5, 1]",14,"[1, 2, 3, 4, 6, 9, 10, 11, 13, 14]",9,2.25,2.5,2019-01-21 09:57:07.045000,2019-01-21 09:57:06.800001,2019-01-21 09:57:04.550001,2019-01-21 09:57:22.052996
1024,ID_23,8,0.5,"[13, 14, 15, 16, 12, 11, 7, 8, 3, 2, 1, 5, 9, 10]",14,"[1, 4, 5, 6, 7, 11, 13, 14]",7,1.75,2.0,2019-01-21 09:58:36.151005,2019-01-21 09:58:36.151005,2019-01-21 09:58:34.401005,2019-01-21 09:58:51.158004
1025,ID_23,9,0.5,"[13, 9, 5, 6, 10, 11, 11, 15, 16, 12, 8, 4, 3, 7]",14,"[1, 3, 4, 5, 8, 9, 12, 13, 14]",8,2.0,2.25,2019-01-21 10:00:02.372001,2019-01-21 10:00:02.127002,2019-01-21 10:00:00.127002,2019-01-21 10:00:17.377995
1026,ID_23,1,0.0,"[13, 9, 5, 1, 2, 3, 7, 11, 12, 8, 4]",11,"[1, 4, 6, 8, 9, 11]",5,2.5,2.5,2019-01-21 09:23:18.409001,2019-01-21 09:23:18.409001,2019-01-21 09:23:15.909001,2019-01-21 09:23:33.418002
1027,ID_23,2,0.0,"[13, 14, 10, 11, 12, 8, 4, 3, 2]",9,"[1, 2, 3, 5, 7, 9]",5,2.5,2.5,2019-01-21 09:24:44.762999,2019-01-21 09:24:44.519005,2019-01-21 09:24:42.019005,2019-01-21 09:24:59.769998
1028,ID_23,3,0.0,"[13, 9, 5, 6, 10, 14, 15, 16, 12, 8, 4]",11,"[1, 3, 4, 6, 8, 11]",5,2.5,2.5,2019-01-21 09:26:16.718002,2019-01-21 09:26:16.718002,2019-01-21 09:26:14.218002,2019-01-21 09:26:31.725001
1029,ID_23,4,0.0,"[13, 14, 15, 11, 10, 9, 5, 6, 7, 8, 4, 3, 2, 1]",14,"[1, 3, 4, 6, 7, 10, 11, 14]",7,3.5,3.5,2019-01-21 09:27:45.682999,2019-01-21 09:27:45.682999,2019-01-21 09:27:42.182999,2019-01-21 09:28:00.687997
1030,ID_23,5,0.0,"[13, 9, 10, 11, 15, 16, 12, 8, 4, 3, 2, 1, 5]",13,"[1, 2, 4, 5, 6, 9, 12, 13]",7,3.5,3.5,2019-01-21 09:29:10.136001,2019-01-21 09:29:10.136001,2019-01-21 09:29:06.636001,2019-01-21 09:29:25.142005
1031,ID_23,6,0.0,"[13, 9, 5, 1, 2, 6, 10, 14, 15, 16, 12, 8, 4, 3, 7, 11]",16,"[1, 4, 5, 8, 10, 13, 14, 16]",7,3.5,3.5,2019-01-21 09:30:36.078997,2019-01-21 09:30:36.078997,2019-01-21 09:30:32.578997,2019-01-21 09:30:51.085997
1032,ID_23,7,0.0,"[13, 9, 10, 14, 15, 16, 12, 8, 4, 3, 7, 6, 5, 1]",14,"[1, 2, 3, 4, 6, 9, 10, 11, 13, 14]",9,4.5,4.5,2019-01-21 09:32:03.528995,2019-01-21 09:32:03.283000,2019-01-21 09:31:58.783000,2019-01-21 09:32:18.534003
1033,ID_23,8,0.0,"[13, 14, 15, 16, 12, 11, 7, 8, 3, 2, 1, 5, 9, 10]",14,"[1, 4, 5, 6, 7, 11, 13, 14]",7,3.5,3.5,2019-01-21 09:33:27.230996,2019-01-21 09:33:27.230996,2019-01-21 09:33:23.730996,2019-01-21 09:33:42.239001
1034,ID_23,9,0.0,"[13, 9, 5, 6, 10, 11, 11, 15, 16, 12, 8, 4, 3, 7]",14,"[1, 3, 4, 5, 8, 9, 12, 13, 14]",8,4.0,4.0,2019-01-21 09:34:56.177999,2019-01-21 09:34:56.177999,2019-01-21 09:34:52.177999,2019-01-21 09:35:11.182997
1035,ID_23,1,0.25,"[13, 9, 5, 1, 2, 3, 7, 11, 12, 8, 4]",11,"[1, 4, 6, 8, 9, 11]",5,1.875,2.0,2019-01-21 09:36:20.248997,2019-01-21 09:36:20.003002,2019-01-21 09:36:18.128002,2019-01-21 09:36:35.253995
1036,ID_23,2,0.25,"[13, 14, 10, 11, 12, 8, 4, 3, 2]",9,"[1, 2, 3, 5, 7, 9]",5,1.875,2.0,2019-01-21 09:37:46.573001,2019-01-21 09:37:46.328001,2019-01-21 09:37:44.453001,2019-01-21 09:38:01.579005
1037,ID_23,3,0.25,"[13, 9, 5, 6, 10, 14, 15, 16, 12, 8, 4]",11,"[1, 3, 4, 6, 8, 11]",5,1.875,2.0,2019-01-21 09:39:12.526005,2019-01-21 09:39:12.527000,2019-01-21 09:39:10.652000,2019-01-21 09:39:27.533004
1038,ID_23,4,0.25,"[13, 14, 15, 11, 10, 9, 5, 6, 7, 8, 4, 3, 2, 1]",14,"[1, 3, 4, 6, 7, 10, 11, 14]",7,2.625,2.75,2019-01-21 09:40:38.854001,2019-01-21 09:40:38.607996,2019-01-21 09:40:35.982996,2019-01-21 09:40:53.861001
1039,ID_23,5,0.25,"[13, 9, 10, 11, 15, 16, 12, 8, 4, 3, 2, 1, 5]",13,"[1, 2, 4, 5, 6, 9, 12, 13]",7,2.625,2.75,2019-01-21 09:42:01.060999,2019-01-21 09:42:01.060999,2019-01-21 09:41:58.435999,2019-01-21 09:42:16.067998
1040,ID_23,6,0.25,"[13, 9, 5, 1, 2, 6, 10, 14, 15, 16, 12, 8, 4, 3, 7, 11]",16,"[1, 4, 5, 8, 10, 13, 14, 16]",7,2.625,2.75,2019-01-21 09:43:23.267000,2019-01-21 09:43:23.267000,2019-01-21 09:43:20.642000,2019-01-21 09:43:38.274000
1041,ID_23,7,0.25,"[13, 9, 10, 14, 15, 16, 12, 8, 4, 3, 7, 6, 5, 1]",14,"[1, 2, 3, 4, 6, 9, 10, 11, 13, 14]",9,3.375,3.5,2019-01-21 09:44:45.480998,2019-01-21 09:44:45.480998,2019-01-21 09:44:42.105998,2019-01-21 09:45:00.487002
1042,ID_23,8,0.25,"[13, 14, 15, 16, 12, 11, 7, 8, 3, 2, 1, 5, 9, 10]",14,"[1, 4, 5, 6, 7, 11, 13, 14]",7,2.625,2.75,2019-01-21 09:46:09.196999,2019-01-21 09:46:09.196999,2019-01-21 09:46:06.571999,2019-01-21 09:46:24.201998
1043,ID_23,9,0.25,"[13, 9, 5, 6, 10, 11, 11, 15, 16, 12, 8, 4, 3, 7]",14,"[1, 3, 4, 5, 8, 9, 12, 13, 14]",8,3.0,3.125,2019-01-21 09:47:35.162003,2019-01-21 09:47:35.162003,2019-01-21 09:47:32.162003,2019-01-21 09:47:50.167997
1044,ID_23,1,0.5,"[13, 9, 5, 1, 2, 3, 7, 11, 12, 8, 4]",11,"[1, 4, 6, 8, 9, 11]",5,1.25,1.5,2019-01-21 09:49:00.384001,2019-01-21 09:49:00.384001,2019-01-21 09:48:59.134001,2019-01-21 09:49:15.391001
1045,ID_23,2,0.5,"[13, 14, 10, 11, 12, 8, 4, 3, 2]",9,"[1, 2, 3, 5, 7, 9]",5,1.25,1.5,2019-01-21 09:50:24.473004,2019-01-21 09:50:24.226998,2019-01-21 09:50:22.976998,2019-01-21 09:50:39.478998
1046,ID_23,3,0.5,"[13, 9, 5, 6, 10, 14, 15, 16, 12, 8, 4]",11,"[1, 3, 4, 6, 8, 11]",5,1.25,1.5,2019-01-21 09:51:53.440003,2019-01-21 09:51:53.440003,2019-01-21 09:51:52.190003,2019-01-21 09:52:08.447002
1047,ID_23,4,0.5,"[13, 14, 15, 11, 10, 9, 5, 6, 7, 8, 4, 3, 2, 1]",14,"[1, 3, 4, 6, 7, 10, 11, 14]",7,1.75,2.0,2019-01-21 09:53:17.170005,2019-01-21 09:53:17.170005,2019-01-21 09:53:15.420005,2019-01-21 09:53:32.177005
1048,ID_23,5,0.5,"[13, 9, 10, 11, 15, 16, 12, 8, 4, 3, 2, 1, 5]",13,"[1, 2, 4, 5, 6, 9, 12, 13]",7,1.75,2.0,2019-01-21 09:54:40.882999,2019-01-21 09:54:40.884005,2019-01-21 09:54:39.134005,2019-01-21 09:54:55.889999
1049,ID_23,6,0.5,"[13, 9, 5, 1, 2, 6, 10, 14, 15, 16, 12, 8, 4, 3, 7, 11]",16,"[1, 4, 5, 8, 10, 13, 14, 16]",7,1.75,2.0,2019-01-21 09:56:09.481995,2019-01-21 09:56:09.236000,2019-01-21 09:56:07.486000,2019-01-21 09:56:24.487999
1050,ID_23,7,0.5,"[13, 9, 10, 14, 15, 16, 12, 8, 4, 3, 7, 6, 5, 1]",14,"[1, 2, 3, 4, 6, 9, 10, 11, 13, 14]",9,2.25,2.5,2019-01-21 09:57:35.836999,2019-01-21 09:57:35.593005,2019-01-21 09:57:33.343005,2019-01-21 09:57:50.843003
1051,ID_23,8,0.5,"[13, 14, 15, 16, 12, 11, 7, 8, 3, 2, 1, 5, 9, 10]",14,"[1, 4, 5, 6, 7, 11, 13, 14]",7,1.75,2.0,2019-01-21 09:59:06.311000,2019-01-21 09:59:06.311000,2019-01-21 09:59:04.561000,2019-01-21 09:59:21.318000
1052,ID_23,9,0.5,"[13, 9, 5, 6, 10, 11, 11, 15, 16, 12, 8, 4, 3, 7]",14,"[1, 3, 4, 5, 8, 9, 12, 13, 14]",8,2.0,2.25,2019-01-21 10:00:30.405997,2019-01-21 10:00:30.160998,2019-01-21 10:00:28.160998,2019-01-21 10:00:45.412001
1053,ID_28,1,0.0,"[13, 9, 5, 1, 2, 3, 7, 11, 12, 8, 4]",11,"[1, 4, 6, 8, 9, 11]",5,2.5,2.5,2019-01-22 14:36:18.063999,2019-01-22 14:36:18.063999,2019-01-22 14:36:15.563999,2019-01-22 14:36:33.085996
1054,ID_28,2,0.0,"[13, 14, 10, 11, 12, 8, 4, 3, 2]",9,"[1, 2, 3, 5, 7, 9]",5,2.5,2.5,2019-01-22 14:37:44.897002,2019-01-22 14:37:44.897002,2019-01-22 14:37:42.397002,2019-01-22 14:37:59.904998
1055,ID_28,3,0.0,"[13, 9, 5, 6, 10, 14, 15, 16, 12, 8, 4]",11,"[1, 3, 4, 6, 8, 11]",5,2.5,2.5,2019-01-22 14:39:08.877999,2019-01-22 14:39:08.633000,2019-01-22 14:39:06.133000,2019-01-22 14:39:23.884999
1056,ID_28,4,0.0,"[13, 14, 15, 11, 10, 9, 5, 6, 7, 8, 4, 3, 2, 1]",14,"[1, 3, 4, 6, 7, 10, 11, 14]",7,3.5,3.5,2019-01-22 14:40:37.356004,2019-01-22 14:40:37.356004,2019-01-22 14:40:33.856004,2019-01-22 14:40:52.363004
1057,ID_28,5,0.0,"[13, 9, 10, 11, 15, 16, 12, 8, 4, 3, 2, 1, 5]",13,"[1, 2, 4, 5, 6, 9, 12, 13]",7,3.5,3.5,2019-01-22 14:42:05.588004,2019-01-22 14:42:05.588004,2019-01-22 14:42:02.088004,2019-01-22 14:42:20.593998
1058,ID_28,6,0.0,"[13, 9, 5, 1, 2, 6, 10, 14, 15, 16, 12, 8, 4, 3, 7, 11]",16,"[1, 4, 5, 8, 10, 13, 14, 16]",7,3.5,3.5,2019-01-22 14:43:29.303996,2019-01-22 14:43:29.303996,2019-01-22 14:43:25.803996,2019-01-22 14:43:44.312001
1059,ID_28,7,0.0,"[13, 9, 10, 14, 15, 16, 12, 8, 4, 3, 7, 6, 5, 1]",14,"[1, 2, 3, 4, 6, 9, 10, 11, 13, 14]",9,4.5,4.5,2019-01-22 14:44:53.915003,2019-01-22 14:44:53.670003,2019-01-22 14:44:49.170003,2019-01-22 14:45:08.922003
1060,ID_28,8,0.0,"[13, 14, 15, 16, 12, 11, 7, 8, 3, 2, 1, 5, 9, 10]",14,"[1, 4, 5, 6, 7, 11, 13, 14]",7,3.5,3.5,2019-01-22 14:46:20.138997,2019-01-22 14:46:20.138997,2019-01-22 14:46:16.638997,2019-01-22 14:46:35.147003
1061,ID_28,9,0.0,"[13, 9, 5, 6, 10, 11, 11, 15, 16, 12, 8, 4, 3, 7]",14,"[1, 3, 4, 5, 8, 9, 12, 13, 14]",8,4.0,4.0,2019-01-22 14:47:45.369002,2019-01-22 14:47:45.369002,2019-01-22 14:47:41.369002,2019-01-22 14:48:00.374996
1062,ID_28,1,0.25,"[13, 9, 5, 1, 2, 3, 7, 11, 12, 8, 4]",11,"[1, 4, 6, 8, 9, 11]",5,1.875,2.0,2019-01-22 14:49:10.852002,2019-01-22 14:49:10.852002,2019-01-22 14:49:08.977002,2019-01-22 14:49:25.859002
1063,ID_28,2,0.25,"[13, 14, 10, 11, 12, 8, 4, 3, 2]",9,"[1, 2, 3, 5, 7, 9]",5,1.875,2.0,2019-01-22 14:50:39.819997,2019-01-22 14:50:39.819997,2019-01-22 14:50:37.944997,2019-01-22 14:50:54.828002
1064,ID_28,3,0.25,"[13, 9, 5, 6, 10, 14, 15, 16, 12, 8, 4]",11,"[1, 3, 4, 6, 8, 11]",5,1.875,2.0,2019-01-22 14:52:07.181995,2019-01-22 14:52:06.936996,2019-01-22 14:52:05.061996,2019-01-22 14:52:22.187999
1065,ID_28,4,0.25,"[13, 14, 15, 11, 10, 9, 5, 6, 7, 8, 4, 3, 2, 1]",14,"[1, 3, 4, 6, 7, 10, 11, 14]",7,2.625,2.75,2019-01-22 14:53:31.275997,2019-01-22 14:53:31.030002,2019-01-22 14:53:28.405002,2019-01-22 14:53:46.282001
1066,ID_28,5,0.25,"[13, 9, 10, 11, 15, 16, 12, 8, 4, 3, 2, 1, 5]",13,"[1, 2, 4, 5, 6, 9, 12, 13]",7,2.625,2.75,2019-01-22 14:54:54.754995,2019-01-22 14:54:54.754995,2019-01-22 14:54:52.129995,2019-01-22 14:55:09.762005
1067,ID_28,6,0.25,"[13, 9, 5, 1, 2, 6, 10, 14, 15, 16, 12, 8, 4, 3, 7, 11]",16,"[1, 4, 5, 8, 10, 13, 14, 16]",7,2.625,2.75,2019-01-22 14:56:17.745000,2019-01-22 14:56:17.745000,2019-01-22 14:56:15.120000,2019-01-22 14:56:32.751999
1068,ID_28,7,0.25,"[13, 9, 10, 14, 15, 16, 12, 8, 4, 3, 7, 6, 5, 1]",14,"[1, 2, 3, 4, 6, 9, 10, 11, 13, 14]",9,3.375,3.5,2019-01-22 14:57:41.970000,2019-01-22 14:57:41.970000,2019-01-22 14:57:38.595000,2019-01-22 14:57:56.977000
1069,ID_28,8,0.25,"[13, 14, 15, 16, 12, 11, 7, 8, 3, 2, 1, 5, 9, 10]",14,"[1, 4, 5, 6, 7, 11, 13, 14]",7,2.625,2.75,2019-01-22 14:59:05.817997,2019-01-22 14:59:05.572997,2019-01-22 14:59:02.947997,2019-01-22 14:59:20.824996
1070,ID_28,9,0.25,"[13, 9, 5, 6, 10, 11, 11, 15, 16, 12, 8, 4, 3, 7]",14,"[1, 3, 4, 5, 8, 9, 12, 13, 14]",8,3.0,3.125,2019-01-22 15:00:30.689001,2019-01-22 15:00:30.442995,2019-01-22 15:00:27.442995,2019-01-22 15:00:45.696996
1071,ID_28,1,0.5,"[13, 9, 5, 1, 2, 3, 7, 11, 12, 8, 4]",11,"[1, 4, 6, 8, 9, 11]",5,1.25,1.5,2019-01-22 15:01:57.794996,2019-01-22 15:01:57.549996,2019-01-22 15:01:56.299996,2019-01-22 15:02:12.801995
1072,ID_28,2,0.5,"[13, 14, 10, 11, 12, 8, 4, 3, 2]",9,"[1, 2, 3, 5, 7, 9]",5,1.25,1.5,2019-01-22 15:03:25.526998,2019-01-22 15:03:25.526998,2019-01-22 15:03:24.276998,2019-01-22 15:03:40.533998
1073,ID_28,3,0.5,"[13, 9, 5, 6, 10, 14, 15, 16, 12, 8, 4]",11,"[1, 3, 4, 6, 8, 11]",5,1.25,1.5,2019-01-22 15:04:51.634005,2019-01-22 15:04:51.387999,2019-01-22 15:04:50.137999,2019-01-22 15:05:06.639998
1074,ID_28,4,0.5,"[13, 14, 15, 11, 10, 9, 5, 6, 7, 8, 4, 3, 2, 1]",14,"[1, 3, 4, 6, 7, 10, 11, 14]",7,1.75,2.0,2019-01-22 15:06:17.615996,2019-01-22 15:06:17.615996,2019-01-22 15:06:15.865996,2019-01-22 15:06:32.622996
1075,ID_28,5,0.5,"[13, 9, 10, 11, 15, 16, 12, 8, 4, 3, 2, 1, 5]",13,"[1, 2, 4, 5, 6, 9, 12, 13]",7,1.75,2.0,2019-01-22 15:07:43.222995,2019-01-22 15:07:42.979002,2019-01-22 15:07:41.229002,2019-01-22 15:07:58.229995
1076,ID_28,6,0.5,"[13, 9, 5, 1, 2, 6, 10, 14, 15, 16, 12, 8, 4, 3, 7, 11]",16,"[1, 4, 5, 8, 10, 13, 14, 16]",7,1.75,2.0,2019-01-22 15:09:11.470002,2019-01-22 15:09:11.470002,2019-01-22 15:09:09.720002,2019-01-22 15:09:26.475996
1077,ID_28,7,0.5,"[13, 9, 10, 14, 15, 16, 12, 8, 4, 3, 7, 6, 5, 1]",14,"[1, 2, 3, 4, 6, 9, 10, 11, 13, 14]",9,2.25,2.5,2019-01-22 15:10:42.465998,2019-01-22 15:10:42.465998,2019-01-22 15:10:40.215998,2019-01-22 15:10:57.472998
1078,ID_28,8,0.5,"[13, 14, 15, 16, 12, 11, 7, 8, 3, 2, 1, 5, 9, 10]",14,"[1, 4, 5, 6, 7, 11, 13, 14]",7,1.75,2.0,2019-01-22 15:12:10.455000,2019-01-22 15:12:10.455000,2019-01-22 15:12:08.705000,2019-01-22 15:12:25.461004
1079,ID_28,9,0.5,"[13, 9, 5, 6, 10, 11, 11, 15, 16, 12, 8, 4, 3, 7]",14,"[1, 3, 4, 5, 8, 9, 12, 13, 14]",8,2.0,2.25,2019-01-22 15:13:35.196997,2019-01-22 15:13:35.196997,2019-01-22 15:13:33.196997,2019-01-22 15:13:50.203996
1080,ID_28,1,0.0,"[13, 9, 5, 1, 2, 3, 7, 11, 12, 8, 4]",11,"[1, 4, 6, 8, 9, 11]",5,2.5,2.5,2019-01-22 14:36:47.778000,2019-01-22 14:36:47.778000,2019-01-22 14:36:45.278000,2019-01-22 14:37:02.792000
1081,ID_28,2,0.0,"[13, 14, 10, 11, 12, 8, 4, 3, 2]",9,"[1, 2, 3, 5, 7, 9]",5,2.5,2.5,2019-01-22 14:38:12.305001,2019-01-22 14:38:12.305997,2019-01-22 14:38:09.805997,2019-01-22 14:38:27.314998
1082,ID_28,3,0.0,"[13, 9, 5, 6, 10, 14, 15, 16, 12, 8, 4]",11,"[1, 3, 4, 6, 8, 11]",5,2.5,2.5,2019-01-22 14:39:38.038996,2019-01-22 14:39:37.793000,2019-01-22 14:39:35.293000,2019-01-22 14:39:53.044004
1083,ID_28,4,0.0,"[13, 14, 15, 11, 10, 9, 5, 6, 7, 8, 4, 3, 2, 1]",14,"[1, 3, 4, 6, 7, 10, 11, 14]",7,3.5,3.5,2019-01-22 14:41:07.522005,2019-01-22 14:41:07.522005,2019-01-22 14:41:04.022005,2019-01-22 14:41:22.527998
1084,ID_28,5,0.0,"[13, 9, 10, 11, 15, 16, 12, 8, 4, 3, 2, 1, 5]",13,"[1, 2, 4, 5, 6, 9, 12, 13]",7,3.5,3.5,2019-01-22 14:42:33.495004,2019-01-22 14:42:33.495004,2019-01-22 14:42:29.995004,2019-01-22 14:42:48.502004
1085,ID_28,6,0.0,"[13, 9, 5, 1, 2, 6, 10, 14, 15, 16, 12, 8, 4, 3, 7, 11]",16,"[1, 4, 5, 8, 10, 13, 14, 16]",7,3.5,3.5,2019-01-22 14:43:57.212002,2019-01-22 14:43:57.212002,2019-01-22 14:43:53.712002,2019-01-22 14:44:12.217995
1086,ID_28,7,0.0,"[13, 9, 10, 14, 15, 16, 12, 8, 4, 3, 7, 6, 5, 1]",14,"[1, 2, 3, 4, 6, 9, 10, 11, 13, 14]",9,4.5,4.5,2019-01-22 14:45:22.700997,2019-01-22 14:45:22.457003,2019-01-22 14:45:17.957003,2019-01-22 14:45:37.709002
1087,ID_28,8,0.0,"[13, 14, 15, 16, 12, 11, 7, 8, 3, 2, 1, 5, 9, 10]",14,"[1, 4, 5, 6, 7, 11, 13, 14]",7,3.5,3.5,2019-01-22 14:46:48.799997,2019-01-22 14:46:48.799997,2019-01-22 14:46:45.299997,2019-01-22 14:47:03.805005
1088,ID_28,9,0.0,"[13, 9, 5, 6, 10, 11, 11, 15, 16, 12, 8, 4, 3, 7]",14,"[1, 3, 4, 5, 8, 9, 12, 13, 14]",8,4.0,4.0,2019-01-22 14:48:13.278999,2019-01-22 14:48:13.278999,2019-01-22 14:48:09.278999,2019-01-22 14:48:28.285003
1089,ID_28,1,0.25,"[13, 9, 5, 1, 2, 3, 7, 11, 12, 8, 4]",11,"[1, 4, 6, 8, 9, 11]",5,1.875,2.0,2019-01-22 14:49:40.507997,2019-01-22 14:49:40.507997,2019-01-22 14:49:38.632997,2019-01-22 14:49:55.514997
1090,ID_28,2,0.25,"[13, 14, 10, 11, 12, 8, 4, 3, 2]",9,"[1, 2, 3, 5, 7, 9]",5,1.875,2.0,2019-01-22 14:51:09.481001,2019-01-22 14:51:09.481001,2019-01-22 14:51:07.606001,2019-01-22 14:51:24.487005
1091,ID_28,3,0.25,"[13, 9, 5, 6, 10, 14, 15, 16, 12, 8, 4]",11,"[1, 3, 4, 6, 8, 11]",5,1.875,2.0,2019-01-22 14:52:35.214000,2019-01-22 14:52:34.968004,2019-01-22 14:52:33.093004,2019-01-22 14:52:50.220004
1092,ID_28,4,0.25,"[13, 14, 15, 11, 10, 9, 5, 6, 7, 8, 4, 3, 2, 1]",14,"[1, 3, 4, 6, 7, 10, 11, 14]",7,2.625,2.75,2019-01-22 14:53:59.312005,2019-01-22 14:53:59.065999,2019-01-22 14:53:56.440999,2019-01-22 14:54:14.319004
1093,ID_28,5,0.25,"[13, 9, 10, 11, 15, 16, 12, 8, 4, 3, 2, 1, 5]",13,"[1, 2, 4, 5, 6, 9, 12, 13]",7,2.625,2.75,2019-01-22 14:55:22.168003,2019-01-22 14:55:22.168003,2019-01-22 14:55:19.543003,2019-01-22 14:55:37.173996
1094,ID_28,6,0.25,"[13, 9, 5, 1, 2, 6, 10, 14, 15, 16, 12, 8, 4, 3, 7, 11]",16,"[1, 4, 5, 8, 10, 13, 14, 16]",7,2.625,2.75,2019-01-22 14:56:45.901003,2019-01-22 14:56:45.901003,2019-01-22 14:56:43.276003,2019-01-22 14:57:00.908002
1095,ID_28,7,0.25,"[13, 9, 10, 14, 15, 16, 12, 8, 4, 3, 7, 6, 5, 1]",14,"[1, 2, 3, 4, 6, 9, 10, 11, 13, 14]",9,3.375,3.5,2019-01-22 14:58:09.877000,2019-01-22 14:58:09.877000,2019-01-22 14:58:06.502000,2019-01-22 14:58:24.883004
1096,ID_28,8,0.25,"[13, 14, 15, 16, 12, 11, 7, 8, 3, 2, 1, 5, 9, 10]",14,"[1, 4, 5, 6, 7, 11, 13, 14]",7,2.625,2.75,2019-01-22 14:59:33.859999,2019-01-22 14:59:33.614999,2019-01-22 14:59:30.989999,2019-01-22 14:59:48.866003
1097,ID_28,9,0.25,"[13, 9, 5, 6, 10, 11, 11, 15, 16, 12, 8, 4, 3, 7]",14,"[1, 3, 4, 5, 8, 9, 12, 13, 14]",8,3.0,3.125,2019-01-22 15:00:59.478002,2019-01-22 15:00:59.233998,2019-01-22 15:00:56.233998,2019-01-22 15:01:14.485001
1098,ID_28,1,0.5,"[13, 9, 5, 1, 2, 3, 7, 11, 12, 8, 4]",11,"[1, 4, 6, 8, 9, 11]",5,1.25,1.5,2019-01-22 15:02:27.334003,2019-01-22 15:02:27.087997,2019-01-22 15:02:25.837997,2019-01-22 15:02:42.339001
1099,ID_28,2,0.5,"[13, 14, 10, 11, 12, 8, 4, 3, 2]",9,"[1, 2, 3, 5, 7, 9]",5,1.25,1.5,2019-01-22 15:03:54.185000,2019-01-22 15:03:54.185000,2019-01-22 15:03:52.935000,2019-01-22 15:04:09.191004
1100,ID_28,3,0.5,"[13, 9, 5, 6, 10, 14, 15, 16, 12, 8, 4]",11,"[1, 3, 4, 6, 8, 11]",5,1.25,1.5,2019-01-22 15:05:20.419002,2019-01-22 15:05:20.174003,2019-01-22 15:05:18.924003,2019-01-22 15:05:35.424996
1101,ID_28,4,0.5,"[13, 14, 15, 11, 10, 9, 5, 6, 7, 8, 4, 3, 2, 1]",14,"[1, 3, 4, 6, 7, 10, 11, 14]",7,1.75,2.0,2019-01-22 15:06:46.026997,2019-01-22 15:06:46.026997,2019-01-22 15:06:44.276997,2019-01-22 15:07:01.033001
1102,ID_28,5,0.5,"[13, 9, 10, 11, 15, 16, 12, 8, 4, 3, 2, 1, 5]",13,"[1, 2, 4, 5, 6, 9, 12, 13]",7,1.75,2.0,2019-01-22 15:08:12.013002,2019-01-22 15:08:11.768003,2019-01-22 15:08:10.018003,2019-01-22 15:08:27.020002
1103,ID_28,6,0.5,"[13, 9, 5, 1, 2, 6, 10, 14, 15, 16, 12, 8, 4, 3, 7, 11]",16,"[1, 4, 5, 8, 10, 13, 14, 16]",7,1.75,2.0,2019-01-22 15:09:42.135004,2019-01-22 15:09:42.135004,2019-01-22 15:09:40.385004,2019-01-22 15:09:57.142003
1104,ID_28,7,0.5,"[13, 9, 10, 14, 15, 16, 12, 8, 4, 3, 7, 6, 5, 1]",14,"[1, 2, 3, 4, 6, 9, 10, 11, 13, 14]",9,2.25,2.5,2019-01-22 15:11:12.129004,2019-01-22 15:11:12.129004,2019-01-22 15:11:09.879004,2019-01-22 15:11:27.134998
1105,ID_28,8,0.5,"[13, 14, 15, 16, 12, 11, 7, 8, 3, 2, 1, 5, 9, 10]",14,"[1, 4, 5, 6, 7, 11, 13, 14]",7,1.75,2.0,2019-01-22 15:12:39.120998,2019-01-22 15:12:39.120998,2019-01-22 15:12:37.370998,2019-01-22 15:12:54.127002
1106,ID_28,9,0.5,"[13, 9, 5, 6, 10, 11, 11, 15, 16, 12, 8, 4, 3, 7]",14,"[1, 3, 4, 5, 8, 9, 12, 13, 14]",8,2.0,2.25,2019-01-22 15:14:02.613997,2019-01-22 15:14:02.613997,2019-01-22 15:14:00.613997,2019-01-22 15:14:17.620001
1107,ID_28,1,0.0,"[13, 9, 5, 1, 2, 3, 7, 11, 12, 8, 4]",11,"[1, 4, 6, 8, 9, 11]",5,2.5,2.5,2019-01-22 14:37:17.480002,2019-01-22 14:37:17.480002,2019-01-22 14:37:14.980002,2019-01-22 14:37:32.489999
1108,ID_28,2,0.0,"[13, 14, 10, 11, 12, 8, 4, 3, 2]",9,"[1, 2, 3, 5, 7, 9]",5,2.5,2.5,2019-01-22 14:38:39.717003,2019-01-22 14:38:39.717003,2019-01-22 14:38:37.217003,2019-01-22 14:38:54.722997
1109,ID_28,3,0.0,"[13, 9, 5, 6, 10, 14, 15, 16, 12, 8, 4]",11,"[1, 3, 4, 6, 8, 11]",5,2.5,2.5,2019-01-22 14:40:07.198001,2019-01-22 14:40:06.953001,2019-01-22 14:40:04.453001,2019-01-22 14:40:22.205000
1110,ID_28,4,0.0,"[13, 14, 15, 11, 10, 9, 5, 6, 7, 8, 4, 3, 2, 1]",14,"[1, 3, 4, 6, 7, 10, 11, 14]",7,3.5,3.5,2019-01-22 14:41:37.675995,2019-01-22 14:41:37.675995,2019-01-22 14:41:34.175995,2019-01-22 14:41:52.683005
1111,ID_28,5,0.0,"[13, 9, 10, 11, 15, 16, 12, 8, 4, 3, 2, 1, 5]",13,"[1, 2, 4, 5, 6, 9, 12, 13]",7,3.5,3.5,2019-01-22 14:43:01.398997,2019-01-22 14:43:01.400003,2019-01-22 14:42:57.900003,2019-01-22 14:43:16.407003
1112,ID_28,6,0.0,"[13, 9, 5, 1, 2, 6, 10, 14, 15, 16, 12, 8, 4, 3, 7, 11]",16,"[1, 4, 5, 8, 10, 13, 14, 16]",7,3.5,3.5,2019-01-22 14:44:25.126002,2019-01-22 14:44:25.126002,2019-01-22 14:44:21.626002,2019-01-22 14:44:40.131996
1113,ID_28,7,0.0,"[13, 9, 10, 14, 15, 16, 12, 8, 4, 3, 7, 6, 5, 1]",14,"[1, 2, 3, 4, 6, 9, 10, 11, 13, 14]",9,4.5,4.5,2019-01-22 14:45:51.482001,2019-01-22 14:45:51.237002,2019-01-22 14:45:46.737002,2019-01-22 14:46:06.489997
1114,ID_28,8,0.0,"[13, 14, 15, 16, 12, 11, 7, 8, 3, 2, 1, 5, 9, 10]",14,"[1, 4, 5, 6, 7, 11, 13, 14]",7,3.5,3.5,2019-01-22 14:47:17.462002,2019-01-22 14:47:17.462002,2019-01-22 14:47:13.962002,2019-01-22 14:47:32.467996
1115,ID_28,9,0.0,"[13, 9, 5, 6, 10, 11, 11, 15, 16, 12, 8, 4, 3, 7]",14,"[1, 3, 4, 5, 8, 9, 12, 13, 14]",8,4.0,4.0,2019-01-22 14:48:41.193996,2019-01-22 14:48:41.193996,2019-01-22 14:48:37.193996,2019-01-22 14:48:56.200995
1116,ID_28,1,0.25,"[13, 9, 5, 1, 2, 3, 7, 11, 12, 8, 4]",11,"[1, 4, 6, 8, 9, 11]",5,1.875,2.0,2019-01-22 14:50:10.164002,2019-01-22 14:50:10.164002,2019-01-22 14:50:08.289002,2019-01-22 14:50:25.169996
1117,ID_28,2,0.25,"[13, 14, 10, 11, 12, 8, 4, 3, 2]",9,"[1, 2, 3, 5, 7, 9]",5,1.875,2.0,2019-01-22 14:51:39.136996,2019-01-22 14:51:39.136996,2019-01-22 14:51:37.261996,2019-01-22 14:51:54.145001
1118,ID_28,3,0.25,"[13, 9, 5, 6, 10, 14, 15, 16, 12, 8, 4]",11,"[1, 3, 4, 6, 8, 11]",5,1.875,2.0,2019-01-22 14:53:03.244998,2019-01-22 14:53:02.999003,2019-01-22 14:53:01.124003,2019-01-22 14:53:18.251998
1119,ID_28,4,0.25,"[13, 14, 15, 11, 10, 9, 5, 6, 7, 8, 4, 3, 2, 1]",14,"[1, 3, 4, 6, 7, 10, 11, 14]",7,2.625,2.75,2019-01-22 14:54:27.343999,2019-01-22 14:54:27.098999,2019-01-22 14:54:24.473999,2019-01-22 14:54:42.350003
1120,ID_28,5,0.25,"[13, 9, 10, 11, 15, 16, 12, 8, 4, 3, 2, 1, 5]",13,"[1, 2, 4, 5, 6, 9, 12, 13]",7,2.625,2.75,2019-01-22 14:55:49.585003,2019-01-22 14:55:49.585003,2019-01-22 14:55:46.960003,2019-01-22 14:56:04.592999
1121,ID_28,6,0.25,"[13, 9, 5, 1, 2, 6, 10, 14, 15, 16, 12, 8, 4, 3, 7, 11]",16,"[1, 4, 5, 8, 10, 13, 14, 16]",7,2.625,2.75,2019-01-22 14:57:14.058997,2019-01-22 14:57:14.058997,2019-01-22 14:57:11.433997,2019-01-22 14:57:29.065997
1122,ID_28,7,0.25,"[13, 9, 10, 14, 15, 16, 12, 8, 4, 3, 7, 6, 5, 1]",14,"[1, 2, 3, 4, 6, 9, 10, 11, 13, 14]",9,3.375,3.5,2019-01-22 14:58:37.784996,2019-01-22 14:58:37.784996,2019-01-22 14:58:34.409996,2019-01-22 14:58:52.791000
1123,ID_28,8,0.25,"[13, 14, 15, 16, 12, 11, 7, 8, 3, 2, 1, 5, 9, 10]",14,"[1, 4, 5, 6, 7, 11, 13, 14]",7,2.625,2.75,2019-01-22 15:00:01.894005,2019-01-22 15:00:01.648000,2019-01-22 14:59:59.023000,2019-01-22 15:00:16.899999
1124,ID_28,9,0.25,"[13, 9, 5, 6, 10, 11, 11, 15, 16, 12, 8, 4, 3, 7]",14,"[1, 3, 4, 5, 8, 9, 12, 13, 14]",8,3.0,3.125,2019-01-22 15:01:28.262004,2019-01-22 15:01:28.015998,2019-01-22 15:01:25.015998,2019-01-22 15:01:43.267998
1125,ID_28,1,0.5,"[13, 9, 5, 1, 2, 3, 7, 11, 12, 8, 4]",11,"[1, 4, 6, 8, 9, 11]",5,1.25,1.5,2019-01-22 15:02:56.867005,2019-01-22 15:02:56.623001,2019-01-22 15:02:55.373001,2019-01-22 15:03:11.872999
1126,ID_28,2,0.5,"[13, 14, 10, 11, 12, 8, 4, 3, 2]",9,"[1, 2, 3, 5, 7, 9]",5,1.25,1.5,2019-01-22 15:04:22.843998,2019-01-22 15:04:22.843998,2019-01-22 15:04:21.593998,2019-01-22 15:04:37.850997
1127,ID_28,3,0.5,"[13, 9, 5, 6, 10, 14, 15, 16, 12, 8, 4]",11,"[1, 3, 4, 6, 8, 11]",5,1.25,1.5,2019-01-22 15:05:49.204996,2019-01-22 15:05:48.959996,2019-01-22 15:05:47.709996,2019-01-22 15:06:04.211996
1128,ID_28,4,0.5,"[13, 14, 15, 11, 10, 9, 5, 6, 7, 8, 4, 3, 2, 1]",14,"[1, 3, 4, 6, 7, 10, 11, 14]",7,1.75,2.0,2019-01-22 15:07:14.435000,2019-01-22 15:07:14.435000,2019-01-22 15:07:12.685000,2019-01-22 15:07:29.441004
1129,ID_28,5,0.5,"[13, 9, 10, 11, 15, 16, 12, 8, 4, 3, 2, 1, 5]",13,"[1, 2, 4, 5, 6, 9, 12, 13]",7,1.75,2.0,2019-01-22 15:08:40.804005,2019-01-22 15:08:40.557999,2019-01-22 15:08:38.807999,2019-01-22 15:08:55.809999
1130,ID_28,6,0.5,"[13, 9, 5, 1, 2, 6, 10, 14, 15, 16, 12, 8, 4, 3, 7, 11]",16,"[1, 4, 5, 8, 10, 13, 14, 16]",7,1.75,2.0,2019-01-22 15:10:12.798004,2019-01-22 15:10:12.798004,2019-01-22 15:10:11.048004,2019-01-22 15:10:27.805004
1131,ID_28,7,0.5,"[13, 9, 10, 14, 15, 16, 12, 8, 4, 3, 7, 6, 5, 1]",14,"[1, 2, 3, 4, 6, 9, 10, 11, 13, 14]",9,2.25,2.5,2019-01-22 15:11:41.794001,2019-01-22 15:11:41.794001,2019-01-22 15:11:39.544001,2019-01-22 15:11:56.800005
1132,ID_28,8,0.5,"[13, 14, 15, 16, 12, 11, 7, 8, 3, 2, 1, 5, 9, 10]",14,"[1, 4, 5, 6, 7, 11, 13, 14]",7,1.75,2.0,2019-01-22 15:13:07.781002,2019-01-22 15:13:07.781002,2019-01-22 15:13:06.031002,2019-01-22 15:13:22.788001
1133,ID_28,9,0.5,"[13, 9, 5, 6, 10, 11, 11, 15, 16, 12, 8, 4, 3, 7]",14,"[1, 3, 4, 5, 8, 9, 12, 13, 14]",8,2.0,2.25,2019-01-22 15:14:30.025003,2019-01-22 15:14:30.025003,2019-01-22 15:14:28.025003,2019-01-22 15:14:45.032003
1134,ID_34,1,0.0,"[13, 9, 5, 1, 2, 3, 7, 11, 12, 8, 4]",11,"[1, 4, 6, 8, 9, 11]",5,2.5,2.5,2019-01-29 17:12:59.554003,2019-01-29 17:12:59.554003,2019-01-29 17:12:57.054003,2019-01-29 17:13:14.578997
1135,ID_34,2,0.0,"[13, 14, 10, 11, 12, 8, 4, 3, 2]",9,"[1, 2, 3, 5, 7, 9]",5,2.5,2.5,2019-01-29 17:14:24.257003,2019-01-29 17:14:24.012999,2019-01-29 17:14:21.512999,2019-01-29 17:14:39.267996
1136,ID_34,3,0.0,"[13, 9, 5, 6, 10, 14, 15, 16, 12, 8, 4]",11,"[1, 3, 4, 6, 8, 11]",5,2.5,2.5,2019-01-29 17:15:49.719002,2019-01-29 17:15:49.719002,2019-01-29 17:15:47.219002,2019-01-29 17:16:04.726998
1137,ID_34,4,0.0,"[13, 14, 15, 11, 10, 9, 5, 6, 7, 8, 4, 3, 2, 1]",14,"[1, 3, 4, 6, 7, 10, 11, 14]",7,3.5,3.5,2019-01-29 17:17:13.671001,2019-01-29 17:17:13.671001,2019-01-29 17:17:10.171001,2019-01-29 17:17:28.678001
1138,ID_34,5,0.0,"[13, 9, 10, 11, 15, 16, 12, 8, 4, 3, 2, 1, 5]",13,"[1, 2, 4, 5, 6, 9, 12, 13]",7,3.5,3.5,2019-01-29 17:18:39.630995,2019-01-29 17:18:39.630995,2019-01-29 17:18:36.130995,2019-01-29 17:18:54.636999
1139,ID_34,6,0.0,"[13, 9, 5, 1, 2, 6, 10, 14, 15, 16, 12, 8, 4, 3, 7, 11]",16,"[1, 4, 5, 8, 10, 13, 14, 16]",7,3.5,3.5,2019-01-29 17:20:07.581997,2019-01-29 17:20:07.581997,2019-01-29 17:20:04.081997,2019-01-29 17:20:22.588001
1140,ID_34,7,0.0,"[13, 9, 10, 14, 15, 16, 12, 8, 4, 3, 7, 6, 5, 1]",14,"[1, 2, 3, 4, 6, 9, 10, 11, 13, 14]",9,4.5,4.5,2019-01-29 17:21:32.778004,2019-01-29 17:21:32.778004,2019-01-29 17:21:28.278004,2019-01-29 17:21:47.785004
1141,ID_34,8,0.0,"[13, 14, 15, 16, 12, 11, 7, 8, 3, 2, 1, 5, 9, 10]",14,"[1, 4, 5, 6, 7, 11, 13, 14]",7,3.5,3.5,2019-01-29 17:22:56.982003,2019-01-29 17:22:56.982003,2019-01-29 17:22:53.482003,2019-01-29 17:23:11.989999
1142,ID_34,9,0.0,"[13, 9, 5, 6, 10, 11, 11, 15, 16, 12, 8, 4, 3, 7]",14,"[1, 3, 4, 5, 8, 9, 12, 13, 14]",8,4.0,4.0,2019-01-29 17:24:21.181999,2019-01-29 17:24:21.181999,2019-01-29 17:24:17.181999,2019-01-29 17:24:36.188003
1143,ID_34,1,0.25,"[13, 9, 5, 1, 2, 3, 7, 11, 12, 8, 4]",11,"[1, 4, 6, 8, 9, 11]",5,1.875,2.0,2019-01-29 17:25:46.132001,2019-01-29 17:25:46.132001,2019-01-29 17:25:44.257001,2019-01-29 17:26:01.141003
1144,ID_34,2,0.25,"[13, 14, 10, 11, 12, 8, 4, 3, 2]",9,"[1, 2, 3, 5, 7, 9]",5,1.875,2.0,2019-01-29 17:27:16.083998,2019-01-29 17:27:16.083998,2019-01-29 17:27:14.208998,2019-01-29 17:27:31.092003
1145,ID_34,3,0.25,"[13, 9, 5, 6, 10, 14, 15, 16, 12, 8, 4]",11,"[1, 3, 4, 6, 8, 11]",5,1.875,2.0,2019-01-29 17:28:42.786002,2019-01-29 17:28:42.786002,2019-01-29 17:28:40.911002,2019-01-29 17:28:57.793002
1146,ID_34,4,0.25,"[13, 14, 15, 11, 10, 9, 5, 6, 7, 8, 4, 3, 2, 1]",14,"[1, 3, 4, 6, 7, 10, 11, 14]",7,2.625,2.75,2019-01-29 17:30:06.367001,2019-01-29 17:30:06.120995,2019-01-29 17:30:03.495995,2019-01-29 17:30:21.373005
1147,ID_34,5,0.25,"[13, 9, 10, 11, 15, 16, 12, 8, 4, 3, 2, 1, 5]",13,"[1, 2, 4, 5, 6, 9, 12, 13]",7,2.625,2.75,2019-01-29 17:31:32.701998,2019-01-29 17:31:32.456003,2019-01-29 17:31:29.831003,2019-01-29 17:31:47.706996
1148,ID_34,6,0.25,"[13, 9, 5, 1, 2, 6, 10, 14, 15, 16, 12, 8, 4, 3, 7, 11]",16,"[1, 4, 5, 8, 10, 13, 14, 16]",7,2.625,2.75,2019-01-29 17:32:58.156001,2019-01-29 17:32:58.156001,2019-01-29 17:32:55.531001,2019-01-29 17:33:13.162005
1149,ID_34,7,0.25,"[13, 9, 10, 14, 15, 16, 12, 8, 4, 3, 7, 6, 5, 1]",14,"[1, 2, 3, 4, 6, 9, 10, 11, 13, 14]",9,3.375,3.5,2019-01-29 17:34:21.361997,2019-01-29 17:34:21.361997,2019-01-29 17:34:17.986997,2019-01-29 17:34:36.368001
1150,ID_34,8,0.25,"[13, 14, 15, 16, 12, 11, 7, 8, 3, 2, 1, 5, 9, 10]",14,"[1, 4, 5, 6, 7, 11, 13, 14]",7,2.625,2.75,2019-01-29 17:35:45.324004,2019-01-29 17:35:45.079004,2019-01-29 17:35:42.454004,2019-01-29 17:36:00.331003
1151,ID_34,9,0.25,"[13, 9, 5, 6, 10, 11, 11, 15, 16, 12, 8, 4, 3, 7]",14,"[1, 3, 4, 5, 8, 9, 12, 13, 14]",8,3.0,3.125,2019-01-29 17:37:11.657995,2019-01-29 17:37:11.412000,2019-01-29 17:37:08.412000,2019-01-29 17:37:26.665005
1152,ID_34,1,0.5,"[13, 9, 5, 1, 2, 3, 7, 11, 12, 8, 4]",11,"[1, 4, 6, 8, 9, 11]",5,1.25,1.5,2019-01-29 17:38:38.367000,2019-01-29 17:38:38.367000,2019-01-29 17:38:37.117000,2019-01-29 17:38:53.374000
1153,ID_34,2,0.5,"[13, 14, 10, 11, 12, 8, 4, 3, 2]",9,"[1, 2, 3, 5, 7, 9]",5,1.25,1.5,2019-01-29 17:40:08.451997,2019-01-29 17:40:08.206997,2019-01-29 17:40:06.956997,2019-01-29 17:40:23.458997
1154,ID_34,3,0.5,"[13, 9, 5, 6, 10, 14, 15, 16, 12, 8, 4]",11,"[1, 3, 4, 6, 8, 11]",5,1.25,1.5,2019-01-29 17:41:34.032995,2019-01-29 17:41:33.789002,2019-01-29 17:41:32.539002,2019-01-29 17:41:49.041001
1155,ID_34,4,0.5,"[13, 14, 15, 11, 10, 9, 5, 6, 7, 8, 4, 3, 2, 1]",14,"[1, 3, 4, 6, 7, 10, 11, 14]",7,1.75,2.0,2019-01-29 17:42:59.621004,2019-01-29 17:42:59.376005,2019-01-29 17:42:57.626005,2019-01-29 17:43:14.628004
1156,ID_34,5,0.5,"[13, 9, 10, 11, 15, 16, 12, 8, 4, 3, 2, 1, 5]",13,"[1, 2, 4, 5, 6, 9, 12, 13]",7,1.75,2.0,2019-01-29 17:44:28.336999,2019-01-29 17:44:28.336999,2019-01-29 17:44:26.586999,2019-01-29 17:44:43.343003
1157,ID_34,6,0.5,"[13, 9, 5, 1, 2, 6, 10, 14, 15, 16, 12, 8, 4, 3, 7, 11]",16,"[1, 4, 5, 8, 10, 13, 14, 16]",7,1.75,2.0,2019-01-29 17:45:56.297002,2019-01-29 17:45:56.297002,2019-01-29 17:45:54.547002,2019-01-29 17:46:11.302996
1158,ID_34,7,0.5,"[13, 9, 10, 14, 15, 16, 12, 8, 4, 3, 7, 6, 5, 1]",14,"[1, 2, 3, 4, 6, 9, 10, 11, 13, 14]",9,2.25,2.5,2019-01-29 17:47:21.638000,2019-01-29 17:47:21.393000,2019-01-29 17:47:19.143000,2019-01-29 17:47:36.644004
1159,ID_34,8,0.5,"[13, 14, 15, 16, 12, 11, 7, 8, 3, 2, 1, 5, 9, 10]",14,"[1, 4, 5, 6, 7, 11, 13, 14]",7,1.75,2.0,2019-01-29 17:48:46.353996,2019-01-29 17:48:46.353996,2019-01-29 17:48:44.603996,2019-01-29 17:49:01.360000
1160,ID_34,9,0.5,"[13, 9, 5, 6, 10, 11, 11, 15, 16, 12, 8, 4, 3, 7]",14,"[1, 3, 4, 5, 8, 9, 12, 13, 14]",8,2.0,2.25,2019-01-29 17:50:13.320000,2019-01-29 17:50:13.320000,2019-01-29 17:50:11.320000,2019-01-29 17:50:28.326999
1161,ID_34,1,0.0,"[13, 9, 5, 1, 2, 3, 7, 11, 12, 8, 4]",11,"[1, 4, 6, 8, 9, 11]",5,2.5,2.5,2019-01-29 17:13:27.511003,2019-01-29 17:13:27.511003,2019-01-29 17:13:25.011003,2019-01-29 17:13:42.523997
1162,ID_34,2,0.0,"[13, 14, 10, 11, 12, 8, 4, 3, 2]",9,"[1, 2, 3, 5, 7, 9]",5,2.5,2.5,2019-01-29 17:14:53.040000,2019-01-29 17:14:52.795996,2019-01-29 17:14:50.295996,2019-01-29 17:15:08.049997
1163,ID_34,3,0.0,"[13, 9, 5, 6, 10, 14, 15, 16, 12, 8, 4]",11,"[1, 3, 4, 6, 8, 11]",5,2.5,2.5,2019-01-29 17:16:17.621003,2019-01-29 17:16:17.621003,2019-01-29 17:16:15.121003,2019-01-29 17:16:32.626001
1164,ID_34,4,0.0,"[13, 14, 15, 11, 10, 9, 5, 6, 7, 8, 4, 3, 2, 1]",14,"[1, 3, 4, 6, 7, 10, 11, 14]",7,3.5,3.5,2019-01-29 17:17:41.820999,2019-01-29 17:17:41.820999,2019-01-29 17:17:38.320999,2019-01-29 17:17:56.827999
1165,ID_34,5,0.0,"[13, 9, 10, 11, 15, 16, 12, 8, 4, 3, 2, 1, 5]",13,"[1, 2, 4, 5, 6, 9, 12, 13]",7,3.5,3.5,2019-01-29 17:19:09.282001,2019-01-29 17:19:09.282001,2019-01-29 17:19:05.782001,2019-01-29 17:19:24.287995
1166,ID_34,6,0.0,"[13, 9, 5, 1, 2, 6, 10, 14, 15, 16, 12, 8, 4, 3, 7, 11]",16,"[1, 4, 5, 8, 10, 13, 14, 16]",7,3.5,3.5,2019-01-29 17:20:36.230001,2019-01-29 17:20:36.230001,2019-01-29 17:20:32.730001,2019-01-29 17:20:51.236005
1167,ID_34,7,0.0,"[13, 9, 10, 14, 15, 16, 12, 8, 4, 3, 7, 6, 5, 1]",14,"[1, 2, 3, 4, 6, 9, 10, 11, 13, 14]",9,4.5,4.5,2019-01-29 17:22:00.676998,2019-01-29 17:22:00.676998,2019-01-29 17:21:56.176998,2019-01-29 17:22:15.683998
1168,ID_34,8,0.0,"[13, 14, 15, 16, 12, 11, 7, 8, 3, 2, 1, 5, 9, 10]",14,"[1, 4, 5, 6, 7, 11, 13, 14]",7,3.5,3.5,2019-01-29 17:23:25.382996,2019-01-29 17:23:25.382996,2019-01-29 17:23:21.882996,2019-01-29 17:23:40.389996
1169,ID_34,9,0.0,"[13, 9, 5, 6, 10, 11, 11, 15, 16, 12, 8, 4, 3, 7]",14,"[1, 3, 4, 5, 8, 9, 12, 13, 14]",8,4.0,4.0,2019-01-29 17:24:48.580000,2019-01-29 17:24:48.580000,2019-01-29 17:24:44.580000,2019-01-29 17:25:03.587995
1170,ID_34,1,0.25,"[13, 9, 5, 1, 2, 3, 7, 11, 12, 8, 4]",11,"[1, 4, 6, 8, 9, 11]",5,1.875,2.0,2019-01-29 17:26:16.284000,2019-01-29 17:26:16.284000,2019-01-29 17:26:14.409000,2019-01-29 17:26:31.290004
1171,ID_34,2,0.25,"[13, 14, 10, 11, 12, 8, 4, 3, 2]",9,"[1, 2, 3, 5, 7, 9]",5,1.875,2.0,2019-01-29 17:27:45.735004,2019-01-29 17:27:45.735004,2019-01-29 17:27:43.860004,2019-01-29 17:28:00.742003
1172,ID_34,3,0.25,"[13, 9, 5, 6, 10, 14, 15, 16, 12, 8, 4]",11,"[1, 3, 4, 6, 8, 11]",5,1.875,2.0,2019-01-29 17:29:10.189001,2019-01-29 17:29:10.189001,2019-01-29 17:29:08.314001,2019-01-29 17:29:25.194995
1173,ID_34,4,0.25,"[13, 14, 15, 11, 10, 9, 5, 6, 7, 8, 4, 3, 2, 1]",14,"[1, 3, 4, 6, 7, 10, 11, 14]",7,2.625,2.75,2019-01-29 17:30:35.142997,2019-01-29 17:30:34.897997,2019-01-29 17:30:32.272997,2019-01-29 17:30:50.149996
1174,ID_34,5,0.25,"[13, 9, 10, 11, 15, 16, 12, 8, 4, 3, 2, 1, 5]",13,"[1, 2, 4, 5, 6, 9, 12, 13]",7,2.625,2.75,2019-01-29 17:32:01.478004,2019-01-29 17:32:01.233004,2019-01-29 17:31:58.608004,2019-01-29 17:32:16.485004
1175,ID_34,6,0.25,"[13, 9, 5, 1, 2, 6, 10, 14, 15, 16, 12, 8, 4, 3, 7, 11]",16,"[1, 4, 5, 8, 10, 13, 14, 16]",7,2.625,2.75,2019-01-29 17:33:26.056996,2019-01-29 17:33:26.056996,2019-01-29 17:33:23.431996,2019-01-29 17:33:41.065002
1176,ID_34,7,0.25,"[13, 9, 10, 14, 15, 16, 12, 8, 4, 3, 7, 6, 5, 1]",14,"[1, 2, 3, 4, 6, 9, 10, 11, 13, 14]",9,3.375,3.5,2019-01-29 17:34:48.768004,2019-01-29 17:34:48.768004,2019-01-29 17:34:45.393004,2019-01-29 17:35:03.773998
1177,ID_34,8,0.25,"[13, 14, 15, 16, 12, 11, 7, 8, 3, 2, 1, 5, 9, 10]",14,"[1, 4, 5, 6, 7, 11, 13, 14]",7,2.625,2.75,2019-01-29 17:36:14.475998,2019-01-29 17:36:14.230998,2019-01-29 17:36:11.605998,2019-01-29 17:36:29.482002
1178,ID_34,9,0.25,"[13, 9, 5, 6, 10, 11, 11, 15, 16, 12, 8, 4, 3, 7]",14,"[1, 3, 4, 5, 8, 9, 12, 13, 14]",8,3.0,3.125,2019-01-29 17:37:39.687002,2019-01-29 17:37:39.442003,2019-01-29 17:37:36.442003,2019-01-29 17:37:54.692996
1179,ID_34,1,0.5,"[13, 9, 5, 1, 2, 3, 7, 11, 12, 8, 4]",11,"[1, 4, 6, 8, 9, 11]",5,1.25,1.5,2019-01-29 17:39:09.022999,2019-01-29 17:39:09.022999,2019-01-29 17:39:07.772999,2019-01-29 17:39:24.029003
1180,ID_34,2,0.5,"[13, 14, 10, 11, 12, 8, 4, 3, 2]",9,"[1, 2, 3, 5, 7, 9]",5,1.25,1.5,2019-01-29 17:40:37.228999,2019-01-29 17:40:36.983999,2019-01-29 17:40:35.733999,2019-01-29 17:40:52.235998
1181,ID_34,3,0.5,"[13, 9, 5, 6, 10, 14, 15, 16, 12, 8, 4]",11,"[1, 3, 4, 6, 8, 11]",5,1.25,1.5,2019-01-29 17:42:02.062002,2019-01-29 17:42:01.815997,2019-01-29 17:42:00.565997,2019-01-29 17:42:17.067996
1182,ID_34,4,0.5,"[13, 14, 15, 11, 10, 9, 5, 6, 7, 8, 4, 3, 2, 1]",14,"[1, 3, 4, 6, 7, 10, 11, 14]",7,1.75,2.0,2019-01-29 17:43:29.150003,2019-01-29 17:43:28.905004,2019-01-29 17:43:27.155004,2019-01-29 17:43:44.157003
1183,ID_34,5,0.5,"[13, 9, 10, 11, 15, 16, 12, 8, 4, 3, 2, 1, 5]",13,"[1, 2, 4, 5, 6, 9, 12, 13]",7,1.75,2.0,2019-01-29 17:44:57.991002,2019-01-29 17:44:57.991002,2019-01-29 17:44:56.241002,2019-01-29 17:45:12.996996
1184,ID_34,6,0.5,"[13, 9, 5, 1, 2, 6, 10, 14, 15, 16, 12, 8, 4, 3, 7, 11]",16,"[1, 4, 5, 8, 10, 13, 14, 16]",7,1.75,2.0,2019-01-29 17:46:24.949995,2019-01-29 17:46:24.949995,2019-01-29 17:46:23.199995,2019-01-29 17:46:39.957005
1185,ID_34,7,0.5,"[13, 9, 10, 14, 15, 16, 12, 8, 4, 3, 7, 6, 5, 1]",14,"[1, 2, 3, 4, 6, 9, 10, 11, 13, 14]",9,2.25,2.5,2019-01-29 17:47:49.670004,2019-01-29 17:47:49.423999,2019-01-29 17:47:47.173999,2019-01-29 17:48:04.675998
1186,ID_34,8,0.5,"[13, 14, 15, 16, 12, 11, 7, 8, 3, 2, 1, 5, 9, 10]",14,"[1, 4, 5, 6, 7, 11, 13, 14]",7,1.75,2.0,2019-01-29 17:49:15.008005,2019-01-29 17:49:15.008005,2019-01-29 17:49:13.258005,2019-01-29 17:49:30.013998
1187,ID_34,9,0.5,"[13, 9, 5, 6, 10, 11, 11, 15, 16, 12, 8, 4, 3, 7]",14,"[1, 3, 4, 5, 8, 9, 12, 13, 14]",8,2.0,2.25,2019-01-29 17:50:42.976005,2019-01-29 17:50:42.976005,2019-01-29 17:50:40.976005,2019-01-29 17:50:57.984000
1188,ID_34,1,0.0,"[13, 9, 5, 1, 2, 3, 7, 11, 12, 8, 4]",11,"[1, 4, 6, 8, 9, 11]",5,2.5,2.5,2019-01-29 17:13:55.466001,2019-01-29 17:13:55.466001,2019-01-29 17:13:52.966001,2019-01-29 17:14:10.477004
1189,ID_34,2,0.0,"[13, 14, 10, 11, 12, 8, 4, 3, 2]",9,"[1, 2, 3, 5, 7, 9]",5,2.5,2.5,2019-01-29 17:15:21.817997,2019-01-29 17:15:21.572997,2019-01-29 17:15:19.072997,2019-01-29 17:15:36.824996
1190,ID_34,3,0.0,"[13, 9, 5, 6, 10, 14, 15, 16, 12, 8, 4]",11,"[1, 3, 4, 6, 8, 11]",5,2.5,2.5,2019-01-29 17:16:45.519001,2019-01-29 17:16:45.519001,2019-01-29 17:16:43.019001,2019-01-29 17:17:00.526997
1191,ID_34,4,0.0,"[13, 14, 15, 11, 10, 9, 5, 6, 7, 8, 4, 3, 2, 1]",14,"[1, 3, 4, 6, 7, 10, 11, 14]",7,3.5,3.5,2019-01-29 17:18:09.974005,2019-01-29 17:18:09.974005,2019-01-29 17:18:06.474005,2019-01-29 17:18:24.982000
1192,ID_34,5,0.0,"[13, 9, 10, 11, 15, 16, 12, 8, 4, 3, 2, 1, 5]",13,"[1, 2, 4, 5, 6, 9, 12, 13]",7,3.5,3.5,2019-01-29 17:19:38.932001,2019-01-29 17:19:38.932001,2019-01-29 17:19:35.432001,2019-01-29 17:19:53.939001
1193,ID_34,6,0.0,"[13, 9, 5, 1, 2, 6, 10, 14, 15, 16, 12, 8, 4, 3, 7, 11]",16,"[1, 4, 5, 8, 10, 13, 14, 16]",7,3.5,3.5,2019-01-29 17:21:04.876999,2019-01-29 17:21:04.876999,2019-01-29 17:21:01.376999,2019-01-29 17:21:19.885004
1194,ID_34,7,0.0,"[13, 9, 10, 14, 15, 16, 12, 8, 4, 3, 7, 6, 5, 1]",14,"[1, 2, 3, 4, 6, 9, 10, 11, 13, 14]",9,4.5,4.5,2019-01-29 17:22:28.581997,2019-01-29 17:22:28.581997,2019-01-29 17:22:24.081997,2019-01-29 17:22:43.588996
1195,ID_34,8,0.0,"[13, 14, 15, 16, 12, 11, 7, 8, 3, 2, 1, 5, 9, 10]",14,"[1, 4, 5, 6, 7, 11, 13, 14]",7,3.5,3.5,2019-01-29 17:23:53.783003,2019-01-29 17:23:53.783003,2019-01-29 17:23:50.283003,2019-01-29 17:24:08.790003
1196,ID_34,9,0.0,"[13, 9, 5, 6, 10, 11, 11, 15, 16, 12, 8, 4, 3, 7]",14,"[1, 3, 4, 5, 8, 9, 12, 13, 14]",8,4.0,4.0,2019-01-29 17:25:15.980002,2019-01-29 17:25:15.980002,2019-01-29 17:25:11.980002,2019-01-29 17:25:30.987002
1197,ID_34,1,0.25,"[13, 9, 5, 1, 2, 3, 7, 11, 12, 8, 4]",11,"[1, 4, 6, 8, 9, 11]",5,1.875,2.0,2019-01-29 17:26:46.433002,2019-01-29 17:26:46.433002,2019-01-29 17:26:44.558002,2019-01-29 17:27:01.440997
1198,ID_34,2,0.25,"[13, 14, 10, 11, 12, 8, 4, 3, 2]",9,"[1, 2, 3, 5, 7, 9]",5,1.875,2.0,2019-01-29 17:28:15.385004,2019-01-29 17:28:15.385004,2019-01-29 17:28:13.510004,2019-01-29 17:28:30.392004
1199,ID_34,3,0.25,"[13, 9, 5, 6, 10, 14, 15, 16, 12, 8, 4]",11,"[1, 3, 4, 6, 8, 11]",5,1.875,2.0,2019-01-29 17:29:37.590000,2019-01-29 17:29:37.590995,2019-01-29 17:29:35.715995,2019-01-29 17:29:52.596999
1200,ID_34,4,0.25,"[13, 14, 15, 11, 10, 9, 5, 6, 7, 8, 4, 3, 2, 1]",14,"[1, 3, 4, 6, 7, 10, 11, 14]",7,2.625,2.75,2019-01-29 17:31:03.922995,2019-01-29 17:31:03.677996,2019-01-29 17:31:01.052996,2019-01-29 17:31:18.929995
1201,ID_34,5,0.25,"[13, 9, 10, 11, 15, 16, 12, 8, 4, 3, 2, 1, 5]",13,"[1, 2, 4, 5, 6, 9, 12, 13]",7,2.625,2.75,2019-01-29 17:32:30.254000,2019-01-29 17:32:30.008004,2019-01-29 17:32:27.383004,2019-01-29 17:32:45.260999
1202,ID_34,6,0.25,"[13, 9, 5, 1, 2, 6, 10, 14, 15, 16, 12, 8, 4, 3, 7, 11]",16,"[1, 4, 5, 8, 10, 13, 14, 16]",7,2.625,2.75,2019-01-29 17:33:53.960999,2019-01-29 17:33:53.960999,2019-01-29 17:33:51.335999,2019-01-29 17:34:08.967003
1203,ID_34,7,0.25,"[13, 9, 10, 14, 15, 16, 12, 8, 4, 3, 7, 6, 5, 1]",14,"[1, 2, 3, 4, 6, 9, 10, 11, 13, 14]",9,3.375,3.5,2019-01-29 17:35:16.171999,2019-01-29 17:35:16.171999,2019-01-29 17:35:12.796999,2019-01-29 17:35:31.178003
1204,ID_34,8,0.25,"[13, 14, 15, 16, 12, 11, 7, 8, 3, 2, 1, 5, 9, 10]",14,"[1, 4, 5, 6, 7, 11, 13, 14]",7,2.625,2.75,2019-01-29 17:36:43.628002,2019-01-29 17:36:43.383003,2019-01-29 17:36:40.758003,2019-01-29 17:36:58.635002
1205,ID_34,9,0.25,"[13, 9, 5, 6, 10, 11, 11, 15, 16, 12, 8, 4, 3, 7]",14,"[1, 3, 4, 5, 8, 9, 12, 13, 14]",8,3.0,3.125,2019-01-29 17:38:07.713998,2019-01-29 17:38:07.470004,2019-01-29 17:38:04.470004,2019-01-29 17:38:22.722999
1206,ID_34,1,0.5,"[13, 9, 5, 1, 2, 3, 7, 11, 12, 8, 4]",11,"[1, 4, 6, 8, 9, 11]",5,1.25,1.5,2019-01-29 17:39:39.674000,2019-01-29 17:39:39.674000,2019-01-29 17:39:38.424000,2019-01-29 17:39:54.681000
1207,ID_34,2,0.5,"[13, 14, 10, 11, 12, 8, 4, 3, 2]",9,"[1, 2, 3, 5, 7, 9]",5,1.25,1.5,2019-01-29 17:41:06.006996,2019-01-29 17:41:05.761996,2019-01-29 17:41:04.511996,2019-01-29 17:41:21.013000
1208,ID_34,3,0.5,"[13, 9, 5, 6, 10, 14, 15, 16, 12, 8, 4]",11,"[1, 3, 4, 6, 8, 11]",5,1.25,1.5,2019-01-29 17:42:30.091000,2019-01-29 17:42:29.846996,2019-01-29 17:42:28.596996,2019-01-29 17:42:45.097999
1209,ID_34,4,0.5,"[13, 14, 15, 11, 10, 9, 5, 6, 7, 8, 4, 3, 2, 1]",14,"[1, 3, 4, 6, 7, 10, 11, 14]",7,1.75,2.0,2019-01-29 17:43:58.682000,2019-01-29 17:43:58.436004,2019-01-29 17:43:56.686004,2019-01-29 17:44:13.688003
1210,ID_34,5,0.5,"[13, 9, 10, 11, 15, 16, 12, 8, 4, 3, 2, 1, 5]",13,"[1, 2, 4, 5, 6, 9, 12, 13]",7,1.75,2.0,2019-01-29 17:45:27.643004,2019-01-29 17:45:27.643004,2019-01-29 17:45:25.893004,2019-01-29 17:45:42.650003
1211,ID_34,6,0.5,"[13, 9, 5, 1, 2, 6, 10, 14, 15, 16, 12, 8, 4, 3, 7, 11]",16,"[1, 4, 5, 8, 10, 13, 14, 16]",7,1.75,2.0,2019-01-29 17:46:53.607001,2019-01-29 17:46:53.607001,2019-01-29 17:46:51.857001,2019-01-29 17:47:08.612995
1212,ID_34,7,0.5,"[13, 9, 10, 14, 15, 16, 12, 8, 4, 3, 7, 6, 5, 1]",14,"[1, 2, 3, 4, 6, 9, 10, 11, 13, 14]",9,2.25,2.5,2019-01-29 17:48:17.699001,2019-01-29 17:48:17.454002,2019-01-29 17:48:15.204002,2019-01-29 17:48:32.704995
1213,ID_34,8,0.5,"[13, 14, 15, 16, 12, 11, 7, 8, 3, 2, 1, 5, 9, 10]",14,"[1, 4, 5, 6, 7, 11, 13, 14]",7,1.75,2.0,2019-01-29 17:49:43.662999,2019-01-29 17:49:43.662999,2019-01-29 17:49:41.912999,2019-01-29 17:49:58.669999
1214,ID_34,9,0.5,"[13, 9, 5, 6, 10, 11, 11, 15, 16, 12, 8, 4, 3, 7]",14,"[1, 3, 4, 5, 8, 9, 12, 13, 14]",8,2.0,2.25,2019-01-29 17:51:12.632995,2019-01-29 17:51:12.632995,2019-01-29 17:51:10.632995,2019-01-29 17:51:27.640005
1215,ID_37,1,0.0,"[13, 9, 5, 1, 2, 3, 7, 11, 12, 8, 4]",11,"[1, 4, 6, 8, 9, 11]",5,2.5,2.5,2019-01-31 09:34:50.560004,2019-01-31 09:34:50.560004,2019-01-31 09:34:48.060004,2019-01-31 09:35:05.586004
1216,ID_37,2,0.0,"[13, 14, 10, 11, 12, 8, 4, 3, 2]",9,"[1, 2, 3, 5, 7, 9]",5,2.5,2.5,2019-01-31 09:36:16.137995,2019-01-31 09:36:16.137995,2019-01-31 09:36:13.637995,2019-01-31 09:36:31.146001
1217,ID_37,3,0.0,"[13, 9, 5, 6, 10, 14, 15, 16, 12, 8, 4]",11,"[1, 3, 4, 6, 8, 11]",5,2.5,2.5,2019-01-31 09:37:44.095002,2019-01-31 09:37:44.095002,2019-01-31 09:37:41.595002,2019-01-31 09:37:59.102001
1218,ID_37,4,0.0,"[13, 14, 15, 11, 10, 9, 5, 6, 7, 8, 4, 3, 2, 1]",14,"[1, 3, 4, 6, 7, 10, 11, 14]",7,3.5,3.5,2019-01-31 09:39:10.926003,2019-01-31 09:39:10.681004,2019-01-31 09:39:07.181004,2019-01-31 09:39:25.933003
1219,ID_37,5,0.0,"[13, 9, 10, 11, 15, 16, 12, 8, 4, 3, 2, 1, 5]",13,"[1, 2, 4, 5, 6, 9, 12, 13]",7,3.5,3.5,2019-01-31 09:40:38.005002,2019-01-31 09:40:37.760998,2019-01-31 09:40:34.260998,2019-01-31 09:40:53.012002
1220,ID_37,6,0.0,"[13, 9, 5, 1, 2, 6, 10, 14, 15, 16, 12, 8, 4, 3, 7, 11]",16,"[1, 4, 5, 8, 10, 13, 14, 16]",7,3.5,3.5,2019-01-31 09:42:04.720997,2019-01-31 09:42:04.720997,2019-01-31 09:42:01.220997,2019-01-31 09:42:19.727001
1221,ID_37,7,0.0,"[13, 9, 10, 14, 15, 16, 12, 8, 4, 3, 7, 6, 5, 1]",14,"[1, 2, 3, 4, 6, 9, 10, 11, 13, 14]",9,4.5,4.5,2019-01-31 09:43:34.800995,2019-01-31 09:43:34.555996,2019-01-31 09:43:30.055996,2019-01-31 09:43:49.808005
1222,ID_37,8,0.0,"[13, 14, 15, 16, 12, 11, 7, 8, 3, 2, 1, 5, 9, 10]",14,"[1, 4, 5, 6, 7, 11, 13, 14]",7,3.5,3.5,2019-01-31 09:45:01.122002,2019-01-31 09:45:00.877002,2019-01-31 09:44:57.377002,2019-01-31 09:45:16.129001
1223,ID_37,9,0.0,"[13, 9, 5, 6, 10, 11, 11, 15, 16, 12, 8, 4, 3, 7]",14,"[1, 3, 4, 5, 8, 9, 12, 13, 14]",8,4.0,4.0,2019-01-31 09:46:28.322001,2019-01-31 09:46:28.322001,2019-01-31 09:46:24.322001,2019-01-31 09:46:43.329997
1224,ID_37,1,0.25,"[13, 9, 5, 1, 2, 3, 7, 11, 12, 8, 4]",11,"[1, 4, 6, 8, 9, 11]",5,1.875,2.0,2019-01-31 09:47:57.277996,2019-01-31 09:47:57.277996,2019-01-31 09:47:55.402996,2019-01-31 09:48:12.284996
1225,ID_37,2,0.25,"[13, 14, 10, 11, 12, 8, 4, 3, 2]",9,"[1, 2, 3, 5, 7, 9]",5,1.875,2.0,2019-01-31 09:49:23.980000,2019-01-31 09:49:23.980000,2019-01-31 09:49:22.105000,2019-01-31 09:49:38.986004
1226,ID_37,3,0.25,"[13, 9, 5, 6, 10, 14, 15, 16, 12, 8, 4]",11,"[1, 3, 4, 6, 8, 11]",5,1.875,2.0,2019-01-31 09:50:47.184005,2019-01-31 09:50:47.184005,2019-01-31 09:50:45.309005,2019-01-31 09:51:02.191005
1227,ID_37,4,0.25,"[13, 14, 15, 11, 10, 9, 5, 6, 7, 8, 4, 3, 2, 1]",14,"[1, 3, 4, 6, 7, 10, 11, 14]",7,2.625,2.75,2019-01-31 09:52:12.140002,2019-01-31 09:52:12.140002,2019-01-31 09:52:09.515002,2019-01-31 09:52:27.147001
1228,ID_37,5,0.25,"[13, 9, 10, 11, 15, 16, 12, 8, 4, 3, 2, 1, 5]",13,"[1, 2, 4, 5, 6, 9, 12, 13]",7,2.625,2.75,2019-01-31 09:53:36.349996,2019-01-31 09:53:36.349996,2019-01-31 09:53:33.724996,2019-01-31 09:53:51.356995
1229,ID_37,6,0.25,"[13, 9, 5, 1, 2, 6, 10, 14, 15, 16, 12, 8, 4, 3, 7, 11]",16,"[1, 4, 5, 8, 10, 13, 14, 16]",7,2.625,2.75,2019-01-31 09:54:59.546999,2019-01-31 09:54:59.546999,2019-01-31 09:54:56.921999,2019-01-31 09:55:14.555005
1230,ID_37,7,0.25,"[13, 9, 10, 14, 15, 16, 12, 8, 4, 3, 7, 6, 5, 1]",14,"[1, 2, 3, 4, 6, 9, 10, 11, 13, 14]",9,3.375,3.5,2019-01-31 09:56:23.132998,2019-01-31 09:56:22.887002,2019-01-31 09:56:19.512002,2019-01-31 09:56:38.139001
1231,ID_37,8,0.25,"[13, 14, 15, 16, 12, 11, 7, 8, 3, 2, 1, 5, 9, 10]",14,"[1, 4, 5, 6, 7, 11, 13, 14]",7,2.625,2.75,2019-01-31 09:57:49.333003,2019-01-31 09:57:49.333003,2019-01-31 09:57:46.708003,2019-01-31 09:58:04.338997
1232,ID_37,9,0.25,"[13, 9, 5, 6, 10, 11, 11, 15, 16, 12, 8, 4, 3, 7]",14,"[1, 3, 4, 5, 8, 9, 12, 13, 14]",8,3.0,3.125,2019-01-31 09:59:14.538002,2019-01-31 09:59:14.538002,2019-01-31 09:59:11.538002,2019-01-31 09:59:29.545998
1233,ID_37,1,0.5,"[13, 9, 5, 1, 2, 3, 7, 11, 12, 8, 4]",11,"[1, 4, 6, 8, 9, 11]",5,1.25,1.5,2019-01-31 10:00:38.999001,2019-01-31 10:00:38.999001,2019-01-31 10:00:37.749001,2019-01-31 10:00:54.003999
1234,ID_37,2,0.5,"[13, 14, 10, 11, 12, 8, 4, 3, 2]",9,"[1, 2, 3, 5, 7, 9]",5,1.25,1.5,2019-01-31 10:02:05.984005,2019-01-31 10:02:05.984005,2019-01-31 10:02:04.734005,2019-01-31 10:02:20.991004
1235,ID_37,3,0.5,"[13, 9, 5, 6, 10, 14, 15, 16, 12, 8, 4]",11,"[1, 3, 4, 6, 8, 11]",5,1.25,1.5,2019-01-31 10:03:34.440002,2019-01-31 10:03:34.193997,2019-01-31 10:03:32.943997,2019-01-31 10:03:49.445996
1236,ID_37,4,0.5,"[13, 14, 15, 11, 10, 9, 5, 6, 7, 8, 4, 3, 2, 1]",14,"[1, 3, 4, 6, 7, 10, 11, 14]",7,1.75,2.0,2019-01-31 10:05:00.651001,2019-01-31 10:05:00.651001,2019-01-31 10:04:58.901001,2019-01-31 10:05:15.656995
1237,ID_37,5,0.5,"[13, 9, 10, 11, 15, 16, 12, 8, 4, 3, 2, 1, 5]",13,"[1, 2, 4, 5, 6, 9, 12, 13]",7,1.75,2.0,2019-01-31 10:06:25.245996,2019-01-31 10:06:25.000996,2019-01-31 10:06:23.250996,2019-01-31 10:06:40.252996
1238,ID_37,6,0.5,"[13, 9, 5, 1, 2, 6, 10, 14, 15, 16, 12, 8, 4, 3, 7, 11]",16,"[1, 4, 5, 8, 10, 13, 14, 16]",7,1.75,2.0,2019-01-31 10:07:52.972004,2019-01-31 10:07:52.972004,2019-01-31 10:07:51.222004,2019-01-31 10:08:07.979999
1239,ID_37,7,0.5,"[13, 9, 10, 14, 15, 16, 12, 8, 4, 3, 7, 6, 5, 1]",14,"[1, 2, 3, 4, 6, 9, 10, 11, 13, 14]",9,2.25,2.5,2019-01-31 10:09:20.696000,2019-01-31 10:09:20.696000,2019-01-31 10:09:18.446000,2019-01-31 10:09:35.703000
1240,ID_37,8,0.5,"[13, 14, 15, 16, 12, 11, 7, 8, 3, 2, 1, 5, 9, 10]",14,"[1, 4, 5, 6, 7, 11, 13, 14]",7,1.75,2.0,2019-01-31 10:10:43.551002,2019-01-31 10:10:43.304997,2019-01-31 10:10:41.554997,2019-01-31 10:10:58.556996
1241,ID_37,9,0.5,"[13, 9, 5, 6, 10, 11, 11, 15, 16, 12, 8, 4, 3, 7]",14,"[1, 3, 4, 5, 8, 9, 12, 13, 14]",8,2.0,2.25,2019-01-31 10:12:07.643998,2019-01-31 10:12:07.398998,2019-01-31 10:12:05.398998,2019-01-31 10:12:22.652003
1242,ID_37,1,0.0,"[13, 9, 5, 1, 2, 3, 7, 11, 12, 8, 4]",11,"[1, 4, 6, 8, 9, 11]",5,2.5,2.5,2019-01-31 09:35:18.517004,2019-01-31 09:35:18.517004,2019-01-31 09:35:16.017004,2019-01-31 09:35:33.529999
1243,ID_37,2,0.0,"[13, 14, 10, 11, 12, 8, 4, 3, 2]",9,"[1, 2, 3, 5, 7, 9]",5,2.5,2.5,2019-01-31 09:36:45.791999,2019-01-31 09:36:45.791999,2019-01-31 09:36:43.291999,2019-01-31 09:37:00.801000
1244,ID_37,3,0.0,"[13, 9, 5, 6, 10, 14, 15, 16, 12, 8, 4]",11,"[1, 3, 4, 6, 8, 11]",5,2.5,2.5,2019-01-31 09:38:12.744001,2019-01-31 09:38:12.744001,2019-01-31 09:38:10.244001,2019-01-31 09:38:27.751001
1245,ID_37,4,0.0,"[13, 14, 15, 11, 10, 9, 5, 6, 7, 8, 4, 3, 2, 1]",14,"[1, 3, 4, 6, 7, 10, 11, 14]",7,3.5,3.5,2019-01-31 09:39:40.452005,2019-01-31 09:39:40.206995,2019-01-31 09:39:36.706995,2019-01-31 09:39:55.457999
1246,ID_37,5,0.0,"[13, 9, 10, 11, 15, 16, 12, 8, 4, 3, 2, 1, 5]",13,"[1, 2, 4, 5, 6, 9, 12, 13]",7,3.5,3.5,2019-01-31 09:41:06.038998,2019-01-31 09:41:05.793998,2019-01-31 09:41:02.293998,2019-01-31 09:41:21.045002
1247,ID_37,6,0.0,"[13, 9, 5, 1, 2, 6, 10, 14, 15, 16, 12, 8, 4, 3, 7, 11]",16,"[1, 4, 5, 8, 10, 13, 14, 16]",7,3.5,3.5,2019-01-31 09:42:35.376001,2019-01-31 09:42:35.376001,2019-01-31 09:42:31.876001,2019-01-31 09:42:50.383996
1248,ID_37,7,0.0,"[13, 9, 10, 14, 15, 16, 12, 8, 4, 3, 7, 6, 5, 1]",14,"[1, 2, 3, 4, 6, 9, 10, 11, 13, 14]",9,4.5,4.5,2019-01-31 09:44:03.579002,2019-01-31 09:44:03.332997,2019-01-31 09:43:58.832997,2019-01-31 09:44:18.584001
1249,ID_37,8,0.0,"[13, 14, 15, 16, 12, 11, 7, 8, 3, 2, 1, 5, 9, 10]",14,"[1, 4, 5, 6, 7, 11, 13, 14]",7,3.5,3.5,2019-01-31 09:45:29.899003,2019-01-31 09:45:29.654003,2019-01-31 09:45:26.154003,2019-01-31 09:45:44.906003
1250,ID_37,9,0.0,"[13, 9, 5, 6, 10, 11, 11, 15, 16, 12, 8, 4, 3, 7]",14,"[1, 3, 4, 5, 8, 9, 12, 13, 14]",8,4.0,4.0,2019-01-31 09:46:57.974999,2019-01-31 09:46:57.974999,2019-01-31 09:46:53.974999,2019-01-31 09:47:12.984000
1251,ID_37,1,0.25,"[13, 9, 5, 1, 2, 3, 7, 11, 12, 8, 4]",11,"[1, 4, 6, 8, 9, 11]",5,1.875,2.0,2019-01-31 09:48:26.929002,2019-01-31 09:48:26.929002,2019-01-31 09:48:25.054002,2019-01-31 09:48:41.936002
1252,ID_37,2,0.25,"[13, 14, 10, 11, 12, 8, 4, 3, 2]",9,"[1, 2, 3, 5, 7, 9]",5,1.875,2.0,2019-01-31 09:49:51.383996,2019-01-31 09:49:51.383996,2019-01-31 09:49:49.508996,2019-01-31 09:50:06.390000
1253,ID_37,3,0.25,"[13, 9, 5, 6, 10, 14, 15, 16, 12, 8, 4]",11,"[1, 3, 4, 6, 8, 11]",5,1.875,2.0,2019-01-31 09:51:15.582000,2019-01-31 09:51:15.582000,2019-01-31 09:51:13.707000,2019-01-31 09:51:30.589000
1254,ID_37,4,0.25,"[13, 14, 15, 11, 10, 9, 5, 6, 7, 8, 4, 3, 2, 1]",14,"[1, 3, 4, 6, 7, 10, 11, 14]",7,2.625,2.75,2019-01-31 09:52:40.290000,2019-01-31 09:52:40.290000,2019-01-31 09:52:37.665000,2019-01-31 09:52:55.297995
1255,ID_37,5,0.25,"[13, 9, 10, 11, 15, 16, 12, 8, 4, 3, 2, 1, 5]",13,"[1, 2, 4, 5, 6, 9, 12, 13]",7,2.625,2.75,2019-01-31 09:54:04.249995,2019-01-31 09:54:04.249995,2019-01-31 09:54:01.624995,2019-01-31 09:54:19.257005
1256,ID_37,6,0.25,"[13, 9, 5, 1, 2, 6, 10, 14, 15, 16, 12, 8, 4, 3, 7, 11]",16,"[1, 4, 5, 8, 10, 13, 14, 16]",7,2.625,2.75,2019-01-31 09:55:26.951005,2019-01-31 09:55:26.951005,2019-01-31 09:55:24.326005,2019-01-31 09:55:41.958005
1257,ID_37,7,0.25,"[13, 9, 10, 14, 15, 16, 12, 8, 4, 3, 7, 6, 5, 1]",14,"[1, 2, 3, 4, 6, 9, 10, 11, 13, 14]",9,3.375,3.5,2019-01-31 09:56:51.905996,2019-01-31 09:56:51.660996,2019-01-31 09:56:48.285996,2019-01-31 09:57:06.912995
1258,ID_37,8,0.25,"[13, 14, 15, 16, 12, 11, 7, 8, 3, 2, 1, 5, 9, 10]",14,"[1, 4, 5, 6, 7, 11, 13, 14]",7,2.625,2.75,2019-01-31 09:58:17.987997,2019-01-31 09:58:17.987997,2019-01-31 09:58:15.362997,2019-01-31 09:58:32.994997
1259,ID_37,9,0.25,"[13, 9, 5, 6, 10, 11, 11, 15, 16, 12, 8, 4, 3, 7]",14,"[1, 3, 4, 5, 8, 9, 12, 13, 14]",8,3.0,3.125,2019-01-31 09:59:42.440003,2019-01-31 09:59:42.440003,2019-01-31 09:59:39.440003,2019-01-31 09:59:57.445997
1260,ID_37,1,0.5,"[13, 9, 5, 1, 2, 3, 7, 11, 12, 8, 4]",11,"[1, 4, 6, 8, 9, 11]",5,1.25,1.5,2019-01-31 10:01:07.669002,2019-01-31 10:01:07.669002,2019-01-31 10:01:06.419002,2019-01-31 10:01:22.676997
1261,ID_37,2,0.5,"[13, 14, 10, 11, 12, 8, 4, 3, 2]",9,"[1, 2, 3, 5, 7, 9]",5,1.25,1.5,2019-01-31 10:02:35.635996,2019-01-31 10:02:35.635996,2019-01-31 10:02:34.385996,2019-01-31 10:02:50.642996
1262,ID_37,3,0.5,"[13, 9, 5, 6, 10, 14, 15, 16, 12, 8, 4]",11,"[1, 3, 4, 6, 8, 11]",5,1.25,1.5,2019-01-31 10:04:03.595004,2019-01-31 10:04:03.350004,2019-01-31 10:04:02.100004,2019-01-31 10:04:18.600002
1263,ID_37,4,0.5,"[13, 14, 15, 11, 10, 9, 5, 6, 7, 8, 4, 3, 2, 1]",14,"[1, 3, 4, 6, 7, 10, 11, 14]",7,1.75,2.0,2019-01-31 10:05:28.553002,2019-01-31 10:05:28.553002,2019-01-31 10:05:26.803002,2019-01-31 10:05:43.560002
1264,ID_37,5,0.5,"[13, 9, 10, 11, 15, 16, 12, 8, 4, 3, 2, 1, 5]",13,"[1, 2, 4, 5, 6, 9, 12, 13]",7,1.75,2.0,2019-01-31 10:06:54.027001,2019-01-31 10:06:53.782001,2019-01-31 10:06:52.032001,2019-01-31 10:07:09.034000
1265,ID_37,6,0.5,"[13, 9, 5, 1, 2, 6, 10, 14, 15, 16, 12, 8, 4, 3, 7, 11]",16,"[1, 4, 5, 8, 10, 13, 14, 16]",7,1.75,2.0,2019-01-31 10:08:23.131999,2019-01-31 10:08:23.131999,2019-01-31 10:08:21.381999,2019-01-31 10:08:38.138003
1266,ID_37,7,0.5,"[13, 9, 10, 14, 15, 16, 12, 8, 4, 3, 7, 6, 5, 1]",14,"[1, 2, 3, 4, 6, 9, 10, 11, 13, 14]",9,2.25,2.5,2019-01-31 10:09:48.103998,2019-01-31 10:09:48.103998,2019-01-31 10:09:45.853998,2019-01-31 10:10:03.110002
1267,ID_37,8,0.5,"[13, 14, 15, 16, 12, 11, 7, 8, 3, 2, 1, 5, 9, 10]",14,"[1, 4, 5, 6, 7, 11, 13, 14]",7,1.75,2.0,2019-01-31 10:11:11.582001,2019-01-31 10:11:11.335995,2019-01-31 10:11:09.585995,2019-01-31 10:11:26.589996
1268,ID_37,9,0.5,"[13, 9, 5, 6, 10, 11, 11, 15, 16, 12, 8, 4, 3, 7]",14,"[1, 3, 4, 5, 8, 9, 12, 13, 14]",8,2.0,2.25,2019-01-31 10:12:35.681001,2019-01-31 10:12:35.436002,2019-01-31 10:12:33.436002,2019-01-31 10:12:50.686995
1269,ID_37,1,0.0,"[13, 9, 5, 1, 2, 3, 7, 11, 12, 8, 4]",11,"[1, 4, 6, 8, 9, 11]",5,2.5,2.5,2019-01-31 09:35:46.475996,2019-01-31 09:35:46.475996,2019-01-31 09:35:43.975996,2019-01-31 09:36:01.486003
1270,ID_37,2,0.0,"[13, 14, 10, 11, 12, 8, 4, 3, 2]",9,"[1, 2, 3, 5, 7, 9]",5,2.5,2.5,2019-01-31 09:37:15.446002,2019-01-31 09:37:15.446002,2019-01-31 09:37:12.946002,2019-01-31 09:37:30.451996
1271,ID_37,3,0.0,"[13, 9, 5, 6, 10, 14, 15, 16, 12, 8, 4]",11,"[1, 3, 4, 6, 8, 11]",5,2.5,2.5,2019-01-31 09:38:41.391995,2019-01-31 09:38:41.391995,2019-01-31 09:38:38.891995,2019-01-31 09:38:56.397999
1272,ID_37,4,0.0,"[13, 14, 15, 11, 10, 9, 5, 6, 7, 8, 4, 3, 2, 1]",14,"[1, 3, 4, 6, 7, 10, 11, 14]",7,3.5,3.5,2019-01-31 09:40:09.974003,2019-01-31 09:40:09.727998,2019-01-31 09:40:06.227998,2019-01-31 09:40:24.979997
1273,ID_37,5,0.0,"[13, 9, 10, 11, 15, 16, 12, 8, 4, 3, 2, 1, 5]",13,"[1, 2, 4, 5, 6, 9, 12, 13]",7,3.5,3.5,2019-01-31 09:41:34.066999,2019-01-31 09:41:33.821999,2019-01-31 09:41:30.321999,2019-01-31 09:41:49.075005
1274,ID_37,6,0.0,"[13, 9, 5, 1, 2, 6, 10, 14, 15, 16, 12, 8, 4, 3, 7, 11]",16,"[1, 4, 5, 8, 10, 13, 14, 16]",7,3.5,3.5,2019-01-31 09:43:06.025995,2019-01-31 09:43:06.025995,2019-01-31 09:43:02.525995,2019-01-31 09:43:21.032995
1275,ID_37,7,0.0,"[13, 9, 10, 14, 15, 16, 12, 8, 4, 3, 7, 6, 5, 1]",14,"[1, 2, 3, 4, 6, 9, 10, 11, 13, 14]",9,4.5,4.5,2019-01-31 09:44:32.351005,2019-01-31 09:44:32.104999,2019-01-31 09:44:27.604999,2019-01-31 09:44:47.356999
1276,ID_37,8,0.0,"[13, 14, 15, 16, 12, 11, 7, 8, 3, 2, 1, 5, 9, 10]",14,"[1, 4, 5, 6, 7, 11, 13, 14]",7,3.5,3.5,2019-01-31 09:45:58.672997,2019-01-31 09:45:58.427002,2019-01-31 09:45:54.927002,2019-01-31 09:46:13.679997
1277,ID_37,9,0.0,"[13, 9, 5, 6, 10, 11, 11, 15, 16, 12, 8, 4, 3, 7]",14,"[1, 3, 4, 5, 8, 9, 12, 13, 14]",8,4.0,4.0,2019-01-31 09:47:27.629998,2019-01-31 09:47:27.629998,2019-01-31 09:47:23.629998,2019-01-31 09:47:42.636998
1278,ID_37,1,0.25,"[13, 9, 5, 1, 2, 3, 7, 11, 12, 8, 4]",11,"[1, 4, 6, 8, 9, 11]",5,1.875,2.0,2019-01-31 09:48:56.579002,2019-01-31 09:48:56.579002,2019-01-31 09:48:54.704002,2019-01-31 09:49:11.586002
1279,ID_37,2,0.25,"[13, 14, 10, 11, 12, 8, 4, 3, 2]",9,"[1, 2, 3, 5, 7, 9]",5,1.875,2.0,2019-01-31 09:50:18.783002,2019-01-31 09:50:18.783002,2019-01-31 09:50:16.908002,2019-01-31 09:50:33.790002
1280,ID_37,3,0.25,"[13, 9, 5, 6, 10, 14, 15, 16, 12, 8, 4]",11,"[1, 3, 4, 6, 8, 11]",5,1.875,2.0,2019-01-31 09:51:43.979995,2019-01-31 09:51:43.979995,2019-01-31 09:51:42.104995,2019-01-31 09:51:58.986995
1281,ID_37,4,0.25,"[13, 14, 15, 11, 10, 9, 5, 6, 7, 8, 4, 3, 2, 1]",14,"[1, 3, 4, 6, 7, 10, 11, 14]",7,2.625,2.75,2019-01-31 09:53:08.442000,2019-01-31 09:53:08.442000,2019-01-31 09:53:05.817000,2019-01-31 09:53:23.448004
1282,ID_37,5,0.25,"[13, 9, 10, 11, 15, 16, 12, 8, 4, 3, 2, 1, 5]",13,"[1, 2, 4, 5, 6, 9, 12, 13]",7,2.625,2.75,2019-01-31 09:54:32.150005,2019-01-31 09:54:32.150005,2019-01-31 09:54:29.525005,2019-01-31 09:54:47.155998
1283,ID_37,6,0.25,"[13, 9, 5, 1, 2, 6, 10, 14, 15, 16, 12, 8, 4, 3, 7, 11]",16,"[1, 4, 5, 8, 10, 13, 14, 16]",7,2.625,2.75,2019-01-31 09:55:54.350997,2019-01-31 09:55:54.350997,2019-01-31 09:55:51.725997,2019-01-31 09:56:09.357997
1284,ID_37,7,0.25,"[13, 9, 10, 14, 15, 16, 12, 8, 4, 3, 7, 6, 5, 1]",14,"[1, 2, 3, 4, 6, 9, 10, 11, 13, 14]",9,3.375,3.5,2019-01-31 09:57:20.682001,2019-01-31 09:57:20.437002,2019-01-31 09:57:17.062002,2019-01-31 09:57:35.689001
1285,ID_37,8,0.25,"[13, 14, 15, 16, 12, 11, 7, 8, 3, 2, 1, 5, 9, 10]",14,"[1, 4, 5, 6, 7, 11, 13, 14]",7,2.625,2.75,2019-01-31 09:58:46.638003,2019-01-31 09:58:46.638003,2019-01-31 09:58:44.013003,2019-01-31 09:59:01.643997
1286,ID_37,9,0.25,"[13, 9, 5, 6, 10, 11, 11, 15, 16, 12, 8, 4, 3, 7]",14,"[1, 3, 4, 5, 8, 9, 12, 13, 14]",8,3.0,3.125,2019-01-31 10:00:10.343000,2019-01-31 10:00:10.343000,2019-01-31 10:00:07.343000,2019-01-31 10:00:25.349004
1287,ID_37,1,0.5,"[13, 9, 5, 1, 2, 3, 7, 11, 12, 8, 4]",11,"[1, 4, 6, 8, 9, 11]",5,1.25,1.5,2019-01-31 10:01:36.323001,2019-01-31 10:01:36.323001,2019-01-31 10:01:35.073001,2019-01-31 10:01:51.330996
1288,ID_37,2,0.5,"[13, 14, 10, 11, 12, 8, 4, 3, 2]",9,"[1, 2, 3, 5, 7, 9]",5,1.25,1.5,2019-01-31 10:03:05.287002,2019-01-31 10:03:05.287002,2019-01-31 10:03:04.037002,2019-01-31 10:03:20.292996
1289,ID_37,3,0.5,"[13, 9, 5, 6, 10, 14, 15, 16, 12, 8, 4]",11,"[1, 3, 4, 6, 8, 11]",5,1.25,1.5,2019-01-31 10:04:32.749996,2019-01-31 10:04:32.504000,2019-01-31 10:04:31.254000,2019-01-31 10:04:47.755004
1290,ID_37,4,0.5,"[13, 14, 15, 11, 10, 9, 5, 6, 7, 8, 4, 3, 2, 1]",14,"[1, 3, 4, 6, 7, 10, 11, 14]",7,1.75,2.0,2019-01-31 10:05:56.460002,2019-01-31 10:05:56.460002,2019-01-31 10:05:54.710002,2019-01-31 10:06:11.467002
1291,ID_37,5,0.5,"[13, 9, 10, 11, 15, 16, 12, 8, 4, 3, 2, 1, 5]",13,"[1, 2, 4, 5, 6, 9, 12, 13]",7,1.75,2.0,2019-01-31 10:07:22.811003,2019-01-31 10:07:22.566999,2019-01-31 10:07:20.816999,2019-01-31 10:07:37.818998
1292,ID_37,6,0.5,"[13, 9, 5, 1, 2, 6, 10, 14, 15, 16, 12, 8, 4, 3, 7, 11]",16,"[1, 4, 5, 8, 10, 13, 14, 16]",7,1.75,2.0,2019-01-31 10:08:53.285004,2019-01-31 10:08:53.285004,2019-01-31 10:08:51.535004,2019-01-31 10:09:08.290998
1293,ID_37,7,0.5,"[13, 9, 10, 14, 15, 16, 12, 8, 4, 3, 7, 6, 5, 1]",14,"[1, 2, 3, 4, 6, 9, 10, 11, 13, 14]",9,2.25,2.5,2019-01-31 10:10:15.513003,2019-01-31 10:10:15.513003,2019-01-31 10:10:13.263003,2019-01-31 10:10:30.520003
1294,ID_37,8,0.5,"[13, 14, 15, 16, 12, 11, 7, 8, 3, 2, 1, 5, 9, 10]",14,"[1, 4, 5, 6, 7, 11, 13, 14]",7,1.75,2.0,2019-01-31 10:11:39.612004,2019-01-31 10:11:39.367004,2019-01-31 10:11:37.617004,2019-01-31 10:11:54.619999
1295,ID_37,9,0.5,"[13, 9, 5, 6, 10, 11, 11, 15, 16, 12, 8, 4, 3, 7]",14,"[1, 3, 4, 5, 8, 9, 12, 13, 14]",8,2.0,2.25,2019-01-31 10:13:03.716003,2019-01-31 10:13:03.471004,2019-01-31 10:13:01.471004,2019-01-31 10:13:18.723003
