,Número da Trajetória,Overlap,Tempo 1,Tempo 2,Tempo 3,ID
0,1,0.0,2019-01-09 10:35:13.350996,2019-01-09 10:35:13.350996,2019-01-09 10:35:28.371997,ID_07
1,2,0.0,2019-01-09 10:36:41.562004,2019-01-09 10:36:41.315999,2019-01-09 10:36:56.570995,ID_07
2,3,0.0,2019-01-09 10:38:09.797997,2019-01-09 10:38:09.797997,2019-01-09 10:38:24.804997,ID_07
3,4,0.0,2019-01-09 10:39:40.802995,2019-01-09 10:39:40.802995,2019-01-09 10:39:55.808999,ID_07
4,5,0.0,2019-01-09 10:41:08.273995,2019-01-09 10:41:08.273995,2019-01-09 10:41:23.282001,ID_07
5,6,0.0,2019-01-09 10:42:33.268998,2019-01-09 10:42:33.268998,2019-01-09 10:42:48.275998,ID_07
6,7,0.0,2019-01-09 10:43:59.731001,2019-01-09 10:43:59.484996,2019-01-09 10:44:14.736995,ID_07
7,8,0.0,2019-01-09 10:45:25.946004,2019-01-09 10:45:25.946004,2019-01-09 10:45:40.953999,ID_07
8,9,0.0,2019-01-09 10:46:51.413997,2019-01-09 10:46:51.413997,2019-01-09 10:47:06.420001,ID_07
9,1,0.25,2019-01-09 10:48:18.758001,2019-01-09 10:48:18.513002,2019-01-09 10:48:33.765001,ID_07
10,2,0.25,2019-01-09 10:49:43.599997,2019-01-09 10:49:43.354998,2019-01-09 10:49:58.608003,ID_07
11,3,0.25,2019-01-09 10:51:09.815995,2019-01-09 10:51:09.815995,2019-01-09 10:51:24.823005,ID_07
12,4,0.25,2019-01-09 10:52:35.909996,2019-01-09 10:52:35.664996,2019-01-09 10:52:50.918002,ID_07
13,5,0.25,2019-01-09 10:54:00.876997,2019-01-09 10:54:00.876997,2019-01-09 10:54:15.883996,ID_07
14,6,0.25,2019-01-09 10:55:23.099001,2019-01-09 10:55:23.099001,2019-01-09 10:55:38.106000,ID_07
15,7,0.25,2019-01-09 10:56:45.329001,2019-01-09 10:56:45.329001,2019-01-09 10:57:00.336001,ID_07
16,8,0.25,2019-01-09 10:58:08.056998,2019-01-09 10:58:08.056998,2019-01-09 10:58:23.063997,ID_07
17,9,0.25,2019-01-09 10:59:32.531001,2019-01-09 10:59:32.531001,2019-01-09 10:59:47.538001,ID_07
18,1,0.5,2019-01-09 11:00:58.254998,2019-01-09 11:00:58.254998,2019-01-09 11:01:13.261998,ID_07
19,2,0.5,2019-01-09 11:02:23.102003,2019-01-09 11:02:22.855998,2019-01-09 11:02:38.109003,ID_07
20,3,0.5,2019-01-09 11:03:48.832005,2019-01-09 11:03:48.832005,2019-01-09 11:04:03.839005,ID_07
21,4,0.5,2019-01-09 11:05:16.054002,2019-01-09 11:05:16.054002,2019-01-09 11:05:31.061002,ID_07
22,5,0.5,2019-01-09 11:06:39.780997,2019-01-09 11:06:39.780997,2019-01-09 11:06:54.787997,ID_07
23,6,0.5,2019-01-09 11:08:05.144002,2019-01-09 11:08:04.897997,2019-01-09 11:08:20.151002,ID_07
24,7,0.5,2019-01-09 11:09:33.010001,2019-01-09 11:09:32.763996,2019-01-09 11:09:48.017001,ID_07
25,8,0.5,2019-01-09 11:11:00.747999,2019-01-09 11:11:00.747999,2019-01-09 11:11:15.754002,ID_07
26,9,0.5,2019-01-09 11:12:29.101000,2019-01-09 11:12:28.856000,2019-01-09 11:12:44.107003,ID_07
27,1,0.0,2019-01-09 10:35:43.059998,2019-01-09 10:35:43.059998,2019-01-09 10:35:58.073002,ID_07
28,2,0.0,2019-01-09 10:37:10.350995,2019-01-09 10:37:10.105995,2019-01-09 10:37:25.363004,ID_07
29,3,0.0,2019-01-09 10:38:40.470995,2019-01-09 10:38:40.470995,2019-01-09 10:38:55.476999,ID_07
30,4,0.0,2019-01-09 10:40:10.459996,2019-01-09 10:40:10.459996,2019-01-09 10:40:25.466996,ID_07
31,5,0.0,2019-01-09 10:41:36.460002,2019-01-09 10:41:36.460002,2019-01-09 10:41:51.467002,ID_07
32,6,0.0,2019-01-09 10:43:01.924003,2019-01-09 10:43:01.924003,2019-01-09 10:43:16.929996,ID_07
33,7,0.0,2019-01-09 10:44:28.889001,2019-01-09 10:44:28.642995,2019-01-09 10:44:43.895005,ID_07
34,8,0.0,2019-01-09 10:45:53.851002,2019-01-09 10:45:53.851002,2019-01-09 10:46:08.858002,ID_07
35,9,0.0,2019-01-09 10:47:21.068000,2019-01-09 10:47:21.068000,2019-01-09 10:47:36.075000,ID_07
36,1,0.25,2019-01-09 10:48:46.786998,2019-01-09 10:48:46.541003,2019-01-09 10:49:01.793998,ID_07
37,2,0.25,2019-01-09 10:50:12.378005,2019-01-09 10:50:12.134001,2019-01-09 10:50:27.385004,ID_07
38,3,0.25,2019-01-09 10:51:38.470004,2019-01-09 10:51:38.470004,2019-01-09 10:51:53.477004,ID_07
39,4,0.25,2019-01-09 10:53:04.693002,2019-01-09 10:53:04.448003,2019-01-09 10:53:19.700002,ID_07
40,5,0.25,2019-01-09 10:54:28.281998,2019-01-09 10:54:28.281998,2019-01-09 10:54:43.288997,ID_07
41,6,0.25,2019-01-09 10:55:50.506004,2019-01-09 10:55:50.506004,2019-01-09 10:56:05.513003,ID_07
42,7,0.25,2019-01-09 10:57:12.736004,2019-01-09 10:57:12.736004,2019-01-09 10:57:27.744000,ID_07
43,8,0.25,2019-01-09 10:58:35.966995,2019-01-09 10:58:35.966995,2019-01-09 10:58:50.972999,ID_07
44,9,0.25,2019-01-09 11:00:01.192996,2019-01-09 11:00:01.194002,2019-01-09 11:00:16.199000,ID_07
45,1,0.5,2019-01-09 11:01:26.663001,2019-01-09 11:01:26.663001,2019-01-09 11:01:41.670001,ID_07
46,2,0.5,2019-01-09 11:02:51.138001,2019-01-09 11:02:50.893001,2019-01-09 11:03:06.145001,ID_07
47,3,0.5,2019-01-09 11:04:18.490997,2019-01-09 11:04:18.490997,2019-01-09 11:04:33.499003,ID_07
48,4,0.5,2019-01-09 11:05:43.961998,2019-01-09 11:05:43.961998,2019-01-09 11:05:58.968998,ID_07
49,5,0.5,2019-01-09 11:07:07.692996,2019-01-09 11:07:07.692996,2019-01-09 11:07:22.699000,ID_07
50,6,0.5,2019-01-09 11:08:34.680002,2019-01-09 11:08:34.435002,2019-01-09 11:08:49.687002,ID_07
51,7,0.5,2019-01-09 11:10:01.806999,2019-01-09 11:10:01.561999,2019-01-09 11:10:16.813998,ID_07
52,8,0.5,2019-01-09 11:11:30.906998,2019-01-09 11:11:30.906998,2019-01-09 11:11:45.913998,ID_07
53,9,0.5,2019-01-09 11:12:57.136997,2019-01-09 11:12:56.891997,2019-01-09 11:13:12.143001,ID_07
54,1,0.0,2019-01-09 10:36:12.764001,2019-01-09 10:36:12.764001,2019-01-09 10:36:27.773998,ID_07
55,2,0.0,2019-01-09 10:37:39.136999,2019-01-09 10:37:38.893005,2019-01-09 10:37:54.145004,ID_07
56,3,0.0,2019-01-09 10:39:11.127005,2019-01-09 10:39:11.127005,2019-01-09 10:39:26.134004,ID_07
57,4,0.0,2019-01-09 10:40:40.116001,2019-01-09 10:40:40.116001,2019-01-09 10:40:55.123001,ID_07
58,5,0.0,2019-01-09 10:42:04.615995,2019-01-09 10:42:04.615995,2019-01-09 10:42:19.623005,ID_07
59,6,0.0,2019-01-09 10:43:30.576995,2019-01-09 10:43:30.576995,2019-01-09 10:43:45.582999,ID_07
60,7,0.0,2019-01-09 10:44:58.040995,2019-01-09 10:44:57.795995,2019-01-09 10:45:13.048005,ID_07
61,8,0.0,2019-01-09 10:46:21.755005,2019-01-09 10:46:21.755005,2019-01-09 10:46:36.762004,ID_07
62,9,0.0,2019-01-09 10:47:50.722004,2019-01-09 10:47:50.722004,2019-01-09 10:48:05.727997,ID_07
63,1,0.25,2019-01-09 10:49:14.817001,2019-01-09 10:49:14.572001,2019-01-09 10:49:29.824001,ID_07
64,2,0.25,2019-01-09 10:50:41.163002,2019-01-09 10:50:40.916997,2019-01-09 10:50:56.168996,ID_07
65,3,0.25,2019-01-09 10:52:07.127996,2019-01-09 10:52:07.127996,2019-01-09 10:52:22.134995,ID_07
66,4,0.25,2019-01-09 10:53:33.471995,2019-01-09 10:53:33.228001,2019-01-09 10:53:48.479005,ID_07
67,5,0.25,2019-01-09 10:54:55.689001,2019-01-09 10:54:55.689001,2019-01-09 10:55:10.696000,ID_07
68,6,0.25,2019-01-09 10:56:17.916004,2019-01-09 10:56:17.916004,2019-01-09 10:56:32.921998,ID_07
69,7,0.25,2019-01-09 10:57:40.144003,2019-01-09 10:57:40.144003,2019-01-09 10:57:55.149997,ID_07
70,8,0.25,2019-01-09 10:59:03.875001,2019-01-09 10:59:03.875001,2019-01-09 10:59:18.881005,ID_07
71,9,0.25,2019-01-09 11:00:29.850002,2019-01-09 11:00:29.850002,2019-01-09 11:00:44.855996,ID_07
72,1,0.5,2019-01-09 11:01:55.069999,2019-01-09 11:01:55.069999,2019-01-09 11:02:10.076998,ID_07
73,2,0.5,2019-01-09 11:03:19.175004,2019-01-09 11:03:18.931000,2019-01-09 11:03:34.182004,ID_07
74,3,0.5,2019-01-09 11:04:48.147002,2019-01-09 11:04:48.147002,2019-01-09 11:05:03.154002,ID_07
75,4,0.5,2019-01-09 11:06:11.871000,2019-01-09 11:06:11.871996,2019-01-09 11:06:26.877999,ID_07
76,5,0.5,2019-01-09 11:07:35.606001,2019-01-09 11:07:35.606001,2019-01-09 11:07:50.611995,ID_07
77,6,0.5,2019-01-09 11:09:04.214000,2019-01-09 11:09:03.969000,2019-01-09 11:09:19.220999,ID_07
78,7,0.5,2019-01-09 11:10:30.591001,2019-01-09 11:10:30.346997,2019-01-09 11:10:45.597005,ID_07
79,8,0.5,2019-01-09 11:12:01.065002,2019-01-09 11:12:01.065002,2019-01-09 11:12:16.072002,ID_07
80,9,0.5,2019-01-09 11:13:25.176002,2019-01-09 11:13:24.931998,2019-01-09 11:13:40.183002,ID_07
81,1,0.0,2019-01-09 19:28:03.858003,2019-01-09 19:28:03.858003,2019-01-09 19:28:18.879999,ID_10
82,2,0.0,2019-01-09 19:29:27.194998,2019-01-09 19:29:27.194998,2019-01-09 19:29:42.203003,ID_10
83,3,0.0,2019-01-09 19:30:50.798004,2019-01-09 19:30:50.553005,2019-01-09 19:31:05.803998,ID_10
84,4,0.0,2019-01-09 19:32:16.258997,2019-01-09 19:32:16.258997,2019-01-09 19:32:31.265001,ID_10
85,5,0.0,2019-01-09 19:33:41.603002,2019-01-09 19:33:41.358003,2019-01-09 19:33:56.610002,ID_10
86,6,0.0,2019-01-09 19:35:09.328004,2019-01-09 19:35:09.328004,2019-01-09 19:35:24.336996,ID_10
87,7,0.0,2019-01-09 19:36:36.298997,2019-01-09 19:36:36.298997,2019-01-09 19:36:51.305001,ID_10
88,8,0.0,2019-01-09 19:38:04.404997,2019-01-09 19:38:04.159997,2019-01-09 19:38:19.411996,ID_10
89,9,0.0,2019-01-09 19:39:31.621995,2019-01-09 19:39:31.621995,2019-01-09 19:39:46.630001,ID_10
90,1,0.25,2019-01-09 19:41:00.592001,2019-01-09 19:41:00.592001,2019-01-09 19:41:15.597995,ID_10
91,2,0.25,2019-01-09 19:42:28.567998,2019-01-09 19:42:28.567998,2019-01-09 19:42:43.574997,ID_10
92,3,0.25,2019-01-09 19:43:53.296999,2019-01-09 19:43:53.296999,2019-01-09 19:44:08.303003,ID_10
93,4,0.25,2019-01-09 19:45:16.138996,2019-01-09 19:45:15.893000,2019-01-09 19:45:31.145995,ID_10
94,5,0.25,2019-01-09 19:46:41.856998,2019-01-09 19:46:41.856998,2019-01-09 19:46:56.863998,ID_10
95,6,0.25,2019-01-09 19:48:10.326997,2019-01-09 19:48:10.081001,2019-01-09 19:48:25.333001,ID_10
96,7,0.25,2019-01-09 19:49:39.304004,2019-01-09 19:49:39.304004,2019-01-09 19:49:54.309998,ID_10
97,8,0.25,2019-01-09 19:51:10.787002,2019-01-09 19:51:10.787002,2019-01-09 19:51:25.792996,ID_10
98,9,0.25,2019-01-09 19:52:39.150996,2019-01-09 19:52:38.905001,2019-01-09 19:52:54.157000,ID_10
99,1,0.5,2019-01-09 19:54:03.256002,2019-01-09 19:54:03.011002,2019-01-09 19:54:18.261996,ID_10
100,2,0.5,2019-01-09 19:55:27.748000,2019-01-09 19:55:27.748000,2019-01-09 19:55:42.755000,ID_10
101,3,0.5,2019-01-09 19:56:53.228999,2019-01-09 19:56:53.228999,2019-01-09 19:57:08.235003,ID_10
102,4,0.5,2019-01-09 19:58:18.467995,2019-01-09 19:58:18.467995,2019-01-09 19:58:33.475005,ID_10
103,5,0.5,2019-01-09 19:59:43.091002,2019-01-09 19:59:42.846003,2019-01-09 19:59:58.096996,ID_10
104,6,0.5,2019-01-09 20:01:08.822996,2019-01-09 20:01:08.822996,2019-01-09 20:01:23.829995,ID_10
105,7,0.5,2019-01-09 20:02:33.948997,2019-01-09 20:02:33.703998,2019-01-09 20:02:48.955997,ID_10
106,8,0.5,2019-01-09 20:03:59.438003,2019-01-09 20:03:59.438003,2019-01-09 20:04:14.443996,ID_10
107,9,0.5,2019-01-09 20:05:22.674998,2019-01-09 20:05:22.674998,2019-01-09 20:05:37.681002,ID_10
108,1,0.0,2019-01-09 19:28:31.815998,2019-01-09 19:28:31.815998,2019-01-09 19:28:46.829999,ID_10
109,2,0.0,2019-01-09 19:29:54.609001,2019-01-09 19:29:54.609001,2019-01-09 19:30:09.620004,ID_10
110,3,0.0,2019-01-09 19:31:19.576002,2019-01-09 19:31:19.331002,2019-01-09 19:31:34.583001,ID_10
111,4,0.0,2019-01-09 19:32:44.160999,2019-01-09 19:32:44.160999,2019-01-09 19:32:59.167002,ID_10
112,5,0.0,2019-01-09 19:34:11.137996,2019-01-09 19:34:10.892001,2019-01-09 19:34:26.144996,ID_10
113,6,0.0,2019-01-09 19:35:37.987002,2019-01-09 19:35:37.987002,2019-01-09 19:35:52.994002,ID_10
114,7,0.0,2019-01-09 19:37:05.955998,2019-01-09 19:37:05.955998,2019-01-09 19:37:20.962997,ID_10
115,8,0.0,2019-01-09 19:38:33.186997,2019-01-09 19:38:32.941997,2019-01-09 19:38:48.193997,ID_10
116,9,0.0,2019-01-09 19:40:01.277004,2019-01-09 19:40:01.277004,2019-01-09 19:40:16.284004,ID_10
117,1,0.25,2019-01-09 19:41:30.252995,2019-01-09 19:41:30.252995,2019-01-09 19:41:45.258999,ID_10
118,2,0.25,2019-01-09 19:42:57.221996,2019-01-09 19:42:57.223002,2019-01-09 19:43:12.228996,ID_10
119,3,0.25,2019-01-09 19:44:20.702000,2019-01-09 19:44:20.702000,2019-01-09 19:44:35.708004,ID_10
120,4,0.25,2019-01-09 19:45:44.168999,2019-01-09 19:45:43.923003,2019-01-09 19:45:59.175003,ID_10
121,5,0.25,2019-01-09 19:47:11.511001,2019-01-09 19:47:11.511001,2019-01-09 19:47:26.516995,ID_10
122,6,0.25,2019-01-09 19:48:39.488003,2019-01-09 19:48:39.243004,2019-01-09 19:48:54.493997,ID_10
123,7,0.25,2019-01-09 19:50:09.970001,2019-01-09 19:50:09.970001,2019-01-09 19:50:24.977001,ID_10
124,8,0.25,2019-01-09 19:51:40.955003,2019-01-09 19:51:40.955003,2019-01-09 19:51:55.960997,ID_10
125,9,0.25,2019-01-09 19:53:07.183997,2019-01-09 19:53:06.938997,2019-01-09 19:53:22.190001,ID_10
126,1,0.5,2019-01-09 19:54:31.287996,2019-01-09 19:54:31.042997,2019-01-09 19:54:46.294000,ID_10
127,2,0.5,2019-01-09 19:55:56.156999,2019-01-09 19:55:56.156999,2019-01-09 19:56:11.163999,ID_10
128,3,0.5,2019-01-09 19:57:21.892995,2019-01-09 19:57:21.892995,2019-01-09 19:57:36.899995,ID_10
129,4,0.5,2019-01-09 19:58:46.380004,2019-01-09 19:58:46.380004,2019-01-09 19:59:01.387004,ID_10
130,5,0.5,2019-01-09 20:00:11.878002,2019-01-09 20:00:11.633002,2019-01-09 20:00:26.885001,ID_10
131,6,0.5,2019-01-09 20:01:36.993000,2019-01-09 20:01:36.993000,2019-01-09 20:01:51.999999,ID_10
132,7,0.5,2019-01-09 20:03:02.742997,2019-01-09 20:03:02.499003,2019-01-09 20:03:17.749997,ID_10
133,8,0.5,2019-01-09 20:04:27.347004,2019-01-09 20:04:27.347004,2019-01-09 20:04:42.354004,ID_10
134,9,0.5,2019-01-09 20:05:50.082997,2019-01-09 20:05:50.082997,2019-01-09 20:06:05.089997,ID_10
135,1,0.0,2019-01-09 19:28:59.772998,2019-01-09 19:28:59.772998,2019-01-09 19:29:14.781004,ID_10
136,2,0.0,2019-01-09 19:30:22.014998,2019-01-09 19:30:22.014998,2019-01-09 19:30:37.021998,ID_10
137,3,0.0,2019-01-09 19:31:48.353999,2019-01-09 19:31:48.108999,2019-01-09 19:32:03.360003,ID_10
138,4,0.0,2019-01-09 19:33:12.065997,2019-01-09 19:33:12.065997,2019-01-09 19:33:27.072997,ID_10
139,5,0.0,2019-01-09 19:34:40.675001,2019-01-09 19:34:40.428996,2019-01-09 19:34:55.680995,ID_10
140,6,0.0,2019-01-09 19:36:06.643002,2019-01-09 19:36:06.643002,2019-01-09 19:36:21.648996,ID_10
141,7,0.0,2019-01-09 19:37:35.607999,2019-01-09 19:37:35.607999,2019-01-09 19:37:50.614003,ID_10
142,8,0.0,2019-01-09 19:39:01.968998,2019-01-09 19:39:01.723998,2019-01-09 19:39:16.975001,ID_10
143,9,0.0,2019-01-09 19:40:30.935001,2019-01-09 19:40:30.935001,2019-01-09 19:40:45.942000,ID_10
144,1,0.25,2019-01-09 19:41:59.908004,2019-01-09 19:41:59.908004,2019-01-09 19:42:14.916000,ID_10
145,2,0.25,2019-01-09 19:43:25.891002,2019-01-09 19:43:25.891002,2019-01-09 19:43:40.898997,ID_10
146,3,0.25,2019-01-09 19:44:48.105996,2019-01-09 19:44:48.105996,2019-01-09 19:45:03.112995,ID_10
147,4,0.25,2019-01-09 19:46:12.201003,2019-01-09 19:46:11.954998,2019-01-09 19:46:27.206997,ID_10
148,5,0.25,2019-01-09 19:47:41.166000,2019-01-09 19:47:41.166000,2019-01-09 19:47:56.173000,ID_10
149,6,0.25,2019-01-09 19:49:08.646998,2019-01-09 19:49:08.403005,2019-01-09 19:49:23.653002,ID_10
150,7,0.25,2019-01-09 19:50:40.626996,2019-01-09 19:50:40.628002,2019-01-09 19:50:55.635998,ID_10
151,8,0.25,2019-01-09 19:52:11.119002,2019-01-09 19:52:11.119002,2019-01-09 19:52:26.126002,ID_10
152,9,0.25,2019-01-09 19:53:35.216001,2019-01-09 19:53:34.971997,2019-01-09 19:53:50.223001,ID_10
153,1,0.5,2019-01-09 19:54:59.329999,2019-01-09 19:54:59.084999,2019-01-09 19:55:14.336998,ID_10
154,2,0.5,2019-01-09 19:56:24.567999,2019-01-09 19:56:24.567999,2019-01-09 19:56:39.574003,ID_10
155,3,0.5,2019-01-09 19:57:50.555996,2019-01-09 19:57:50.555996,2019-01-09 19:58:05.562996,ID_10
156,4,0.5,2019-01-09 19:59:14.297002,2019-01-09 19:59:14.297002,2019-01-09 19:59:29.304998,ID_10
157,5,0.5,2019-01-09 20:00:40.662004,2019-01-09 20:00:40.417004,2019-01-09 20:00:55.669003,ID_10
158,6,0.5,2019-01-09 20:02:05.156003,2019-01-09 20:02:05.156003,2019-01-09 20:02:20.163003,ID_10
159,7,0.5,2019-01-09 20:03:31.527995,2019-01-09 20:03:31.282995,2019-01-09 20:03:46.533999,ID_10
160,8,0.5,2019-01-09 20:04:55.261005,2019-01-09 20:04:55.261005,2019-01-09 20:05:10.269000,ID_10
161,9,0.5,2019-01-09 20:06:17.497000,2019-01-09 20:06:17.497996,2019-01-09 20:06:32.506002,ID_10
162,1,0.0,2019-01-15 17:28:45.763002,2019-01-15 17:28:45.763002,2019-01-15 17:29:00.789998,ID_17
163,2,0.0,2019-01-15 17:30:11.979996,2019-01-15 17:30:11.734001,2019-01-15 17:30:26.988002,ID_17
164,3,0.0,2019-01-15 17:31:38.316995,2019-01-15 17:31:38.071995,2019-01-15 17:31:53.322999,ID_17
165,4,0.0,2019-01-15 17:33:03.768996,2019-01-15 17:33:03.768996,2019-01-15 17:33:18.775000,ID_17
166,5,0.0,2019-01-15 17:34:29.229003,2019-01-15 17:34:29.229003,2019-01-15 17:34:44.236003,ID_17
167,6,0.0,2019-01-15 17:35:55.935000,2019-01-15 17:35:55.935996,2019-01-15 17:36:10.942000,ID_17
168,7,0.0,2019-01-15 17:37:18.645998,2019-01-15 17:37:18.645998,2019-01-15 17:37:33.654004,ID_17
169,8,0.0,2019-01-15 17:38:43.596996,2019-01-15 17:38:43.353002,2019-01-15 17:38:58.603995,ID_17
170,9,0.0,2019-01-15 17:40:11.570005,2019-01-15 17:40:11.570005,2019-01-15 17:40:26.577004,ID_17
171,1,0.25,2019-01-15 17:41:40.399004,2019-01-15 17:41:40.152998,2019-01-15 17:41:55.404998,ID_17
172,2,0.25,2019-01-15 17:43:09.105000,2019-01-15 17:43:09.105000,2019-01-15 17:43:24.112000,ID_17
173,3,0.25,2019-01-15 17:44:36.305996,2019-01-15 17:44:36.305996,2019-01-15 17:44:51.312000,ID_17
174,4,0.25,2019-01-15 17:46:00.258005,2019-01-15 17:46:00.258005,2019-01-15 17:46:15.263999,ID_17
175,5,0.25,2019-01-15 17:47:24.467999,2019-01-15 17:47:24.467999,2019-01-15 17:47:39.474998,ID_17
176,6,0.25,2019-01-15 17:48:48.933000,2019-01-15 17:48:48.933000,2019-01-15 17:49:03.939004,ID_17
177,7,0.25,2019-01-15 17:50:16.389003,2019-01-15 17:50:16.389003,2019-01-15 17:50:31.394001,ID_17
178,8,0.25,2019-01-15 17:51:45.468001,2019-01-15 17:51:45.221996,2019-01-15 17:52:00.473995,ID_17
179,9,0.25,2019-01-15 17:53:12.677003,2019-01-15 17:53:12.677003,2019-01-15 17:53:27.682997,ID_17
180,1,0.5,2019-01-15 17:54:40.396996,2019-01-15 17:54:40.396996,2019-01-15 17:54:55.405002,ID_17
181,2,0.5,2019-01-15 17:56:05.227003,2019-01-15 17:56:04.982003,2019-01-15 17:56:20.234002,ID_17
182,3,0.5,2019-01-15 17:57:31.935997,2019-01-15 17:57:31.935997,2019-01-15 17:57:46.940995,ID_17
183,4,0.5,2019-01-15 17:59:00.642004,2019-01-15 17:59:00.642004,2019-01-15 17:59:15.649003,ID_17
184,5,0.5,2019-01-15 18:00:24.233996,2019-01-15 18:00:23.988997,2019-01-15 18:00:39.242002,ID_17
185,6,0.5,2019-01-15 18:01:49.820004,2019-01-15 18:01:49.575004,2019-01-15 18:02:04.827003,ID_17
186,7,0.5,2019-01-15 18:03:13.294999,2019-01-15 18:03:13.294999,2019-01-15 18:03:28.301003,ID_17
187,8,0.5,2019-01-15 18:04:36.133998,2019-01-15 18:04:35.888998,2019-01-15 18:04:51.142004,ID_17
188,9,0.5,2019-01-15 18:06:00.850004,2019-01-15 18:06:00.850004,2019-01-15 18:06:15.855002,ID_17
189,1,0.0,2019-01-15 17:29:14.481002,2019-01-15 17:29:14.481002,2019-01-15 17:29:29.498995,ID_17
190,2,0.0,2019-01-15 17:30:40.758999,2019-01-15 17:30:40.514995,2019-01-15 17:30:55.768996,ID_17
191,3,0.0,2019-01-15 17:32:07.093001,2019-01-15 17:32:06.848001,2019-01-15 17:32:22.099005,ID_17
192,4,0.0,2019-01-15 17:33:31.670001,2019-01-15 17:33:31.670001,2019-01-15 17:33:46.675995,ID_17
193,5,0.0,2019-01-15 17:34:58.881005,2019-01-15 17:34:58.881005,2019-01-15 17:35:13.888004,ID_17
194,6,0.0,2019-01-15 17:36:23.335003,2019-01-15 17:36:23.335003,2019-01-15 17:36:38.342002,ID_17
195,7,0.0,2019-01-15 17:37:46.547999,2019-01-15 17:37:46.547999,2019-01-15 17:38:01.554999,ID_17
196,8,0.0,2019-01-15 17:39:12.746999,2019-01-15 17:39:12.503005,2019-01-15 17:39:27.753998,ID_17
197,9,0.0,2019-01-15 17:40:41.221001,2019-01-15 17:40:41.221001,2019-01-15 17:40:56.227005,ID_17
198,1,0.25,2019-01-15 17:42:09.924995,2019-01-15 17:42:09.679000,2019-01-15 17:42:24.930999,ID_17
199,2,0.25,2019-01-15 17:43:38.755996,2019-01-15 17:43:38.755996,2019-01-15 17:43:53.761004,ID_17
200,3,0.25,2019-01-15 17:45:04.205000,2019-01-15 17:45:04.205000,2019-01-15 17:45:19.211004,ID_17
201,4,0.25,2019-01-15 17:46:28.408999,2019-01-15 17:46:28.408999,2019-01-15 17:46:43.415998,ID_17
202,5,0.25,2019-01-15 17:47:52.369004,2019-01-15 17:47:52.369004,2019-01-15 17:48:07.376999,ID_17
203,6,0.25,2019-01-15 17:49:17.584997,2019-01-15 17:49:17.584997,2019-01-15 17:49:32.589995,ID_17
204,7,0.25,2019-01-15 17:50:46.539001,2019-01-15 17:50:46.539001,2019-01-15 17:51:01.546996,ID_17
205,8,0.25,2019-01-15 17:52:14.243001,2019-01-15 17:52:13.998997,2019-01-15 17:52:29.250001,ID_17
206,9,0.25,2019-01-15 17:53:42.335000,2019-01-15 17:53:42.335000,2019-01-15 17:53:57.344001,ID_17
207,1,0.5,2019-01-15 17:55:08.799005,2019-01-15 17:55:08.799005,2019-01-15 17:55:23.804998,ID_17
208,2,0.5,2019-01-15 17:56:33.255004,2019-01-15 17:56:33.010004,2019-01-15 17:56:48.262004,ID_17
209,3,0.5,2019-01-15 17:58:02.586998,2019-01-15 17:58:02.586998,2019-01-15 17:58:17.593002,ID_17
210,4,0.5,2019-01-15 17:59:28.045999,2019-01-15 17:59:28.045999,2019-01-15 17:59:43.052003,ID_17
211,5,0.5,2019-01-15 18:00:53.017003,2019-01-15 18:00:52.772003,2019-01-15 18:01:08.022997,ID_17
212,6,0.5,2019-01-15 18:02:17.854996,2019-01-15 18:02:17.609996,2019-01-15 18:02:32.863001,ID_17
213,7,0.5,2019-01-15 18:03:40.699004,2019-01-15 18:03:40.699004,2019-01-15 18:03:55.704998,ID_17
214,8,0.5,2019-01-15 18:05:04.166998,2019-01-15 18:05:03.923004,2019-01-15 18:05:19.173998,ID_17
215,9,0.5,2019-01-15 18:06:29.500995,2019-01-15 18:06:29.500995,2019-01-15 18:06:44.507995,ID_17
216,1,0.0,2019-01-15 17:29:43.187002,2019-01-15 17:29:43.187002,2019-01-15 17:29:58.196003,ID_17
217,2,0.0,2019-01-15 17:31:09.540004,2019-01-15 17:31:09.295004,2019-01-15 17:31:24.545998,ID_17
218,3,0.0,2019-01-15 17:32:35.868996,2019-01-15 17:32:35.623997,2019-01-15 17:32:50.874004,ID_17
219,4,0.0,2019-01-15 17:33:59.574004,2019-01-15 17:33:59.574004,2019-01-15 17:34:14.581004,ID_17
220,5,0.0,2019-01-15 17:35:28.534002,2019-01-15 17:35:28.534002,2019-01-15 17:35:43.539996,ID_17
221,6,0.0,2019-01-15 17:36:50.747004,2019-01-15 17:36:50.747004,2019-01-15 17:37:05.752998,ID_17
222,7,0.0,2019-01-15 17:38:14.447999,2019-01-15 17:38:14.447999,2019-01-15 17:38:29.454998,ID_17
223,8,0.0,2019-01-15 17:39:41.918999,2019-01-15 17:39:41.673003,2019-01-15 17:39:56.927004,ID_17
224,9,0.0,2019-01-15 17:41:10.873998,2019-01-15 17:41:10.873998,2019-01-15 17:41:25.880002,ID_17
225,1,0.25,2019-01-15 17:42:39.450001,2019-01-15 17:42:39.205002,2019-01-15 17:42:54.457001,ID_17
226,2,0.25,2019-01-15 17:44:08.404005,2019-01-15 17:44:08.404005,2019-01-15 17:44:23.412000,ID_17
227,3,0.25,2019-01-15 17:45:32.104999,2019-01-15 17:45:32.104999,2019-01-15 17:45:47.111003,ID_17
228,4,0.25,2019-01-15 17:46:56.558997,2019-01-15 17:46:56.558997,2019-01-15 17:47:11.567998,ID_17
229,5,0.25,2019-01-15 17:48:20.274998,2019-01-15 17:48:20.274998,2019-01-15 17:48:35.281002,ID_17
230,6,0.25,2019-01-15 17:49:46.237004,2019-01-15 17:49:46.237004,2019-01-15 17:50:01.242998,ID_17
231,7,0.25,2019-01-15 17:51:16.693001,2019-01-15 17:51:16.693001,2019-01-15 17:51:31.697999,ID_17
232,8,0.25,2019-01-15 17:52:43.023996,2019-01-15 17:52:42.778996,2019-01-15 17:52:58.030000,ID_17
233,9,0.25,2019-01-15 17:54:11.991004,2019-01-15 17:54:11.991004,2019-01-15 17:54:26.996998,ID_17
234,1,0.5,2019-01-15 17:55:37.199001,2019-01-15 17:55:37.199001,2019-01-15 17:55:52.204995,ID_17
235,2,0.5,2019-01-15 17:57:01.281999,2019-01-15 17:57:01.037000,2019-01-15 17:57:16.288003,ID_17
236,3,0.5,2019-01-15 17:58:33.239004,2019-01-15 17:58:33.239004,2019-01-15 17:58:48.247000,ID_17
237,4,0.5,2019-01-15 17:59:55.456995,2019-01-15 17:59:55.456995,2019-01-15 18:00:10.464005,ID_17
238,5,0.5,2019-01-15 18:01:21.792998,2019-01-15 18:01:21.547003,2019-01-15 18:01:36.799002,ID_17
239,6,0.5,2019-01-15 18:02:45.884998,2019-01-15 18:02:45.639999,2019-01-15 18:03:00.891002,ID_17
240,7,0.5,2019-01-15 18:04:08.102004,2019-01-15 18:04:08.102004,2019-01-15 18:04:23.109003,ID_17
241,8,0.5,2019-01-15 18:05:32.195995,2019-01-15 18:05:31.950996,2019-01-15 18:05:47.202995,ID_17
242,9,0.5,2019-01-15 18:06:58.165998,2019-01-15 18:06:58.165998,2019-01-15 18:07:13.172002,ID_17
243,1,0.0,2019-01-18 10:13:11.292999,2019-01-18 10:13:11.292999,2019-01-18 10:13:26.314996,ID_21
244,2,0.0,2019-01-18 10:14:36.859996,2019-01-18 10:14:36.859996,2019-01-18 10:14:51.868002,ID_21
245,3,0.0,2019-01-18 10:16:04.812003,2019-01-18 10:16:04.812003,2019-01-18 10:16:19.817997,ID_21
246,4,0.0,2019-01-18 10:17:31.625996,2019-01-18 10:17:31.380001,2019-01-18 10:17:46.632000,ID_21
247,5,0.0,2019-01-18 10:18:58.701002,2019-01-18 10:18:58.456002,2019-01-18 10:19:13.706996,ID_21
248,6,0.0,2019-01-18 10:20:25.390001,2019-01-18 10:20:25.390001,2019-01-18 10:20:40.397000,ID_21
249,7,0.0,2019-01-18 10:21:55.453996,2019-01-18 10:21:55.208001,2019-01-18 10:22:10.459004,ID_21
250,8,0.0,2019-01-18 10:23:21.768998,2019-01-18 10:23:21.523998,2019-01-18 10:23:36.775997,ID_21
251,9,0.0,2019-01-18 10:24:48.963003,2019-01-18 10:24:48.963003,2019-01-18 10:25:03.968997,ID_21
252,1,0.25,2019-01-18 10:26:17.909996,2019-01-18 10:26:17.909996,2019-01-18 10:26:32.916000,ID_21
253,2,0.25,2019-01-18 10:27:44.609998,2019-01-18 10:27:44.609998,2019-01-18 10:27:59.616998,ID_21
254,3,0.25,2019-01-18 10:29:07.807002,2019-01-18 10:29:07.807002,2019-01-18 10:29:22.812996,ID_21
255,4,0.25,2019-01-18 10:30:32.755998,2019-01-18 10:30:32.755998,2019-01-18 10:30:47.762998,ID_21
256,5,0.25,2019-01-18 10:31:56.952997,2019-01-18 10:31:56.952997,2019-01-18 10:32:11.958005,ID_21
257,6,0.25,2019-01-18 10:33:20.150001,2019-01-18 10:33:20.150001,2019-01-18 10:33:35.157996,ID_21
258,7,0.25,2019-01-18 10:34:43.728998,2019-01-18 10:34:43.483998,2019-01-18 10:34:58.735998,ID_21
259,8,0.25,2019-01-18 10:36:09.932001,2019-01-18 10:36:09.932001,2019-01-18 10:36:24.941002,ID_21
260,9,0.25,2019-01-18 10:37:35.132997,2019-01-18 10:37:35.132997,2019-01-18 10:37:50.139997,ID_21
261,1,0.5,2019-01-18 10:38:59.593000,2019-01-18 10:38:59.593000,2019-01-18 10:39:14.599003,ID_21
262,2,0.5,2019-01-18 10:40:26.543001,2019-01-18 10:40:26.543001,2019-01-18 10:40:41.550000,ID_21
263,3,0.5,2019-01-18 10:41:54.996001,2019-01-18 10:41:54.749996,2019-01-18 10:42:10.002005,ID_21
264,4,0.5,2019-01-18 10:43:21.195996,2019-01-18 10:43:21.195996,2019-01-18 10:43:36.202000,ID_21
265,5,0.5,2019-01-18 10:44:45.774003,2019-01-18 10:44:45.529003,2019-01-18 10:45:00.781002,ID_21
266,6,0.5,2019-01-18 10:46:13.483998,2019-01-18 10:46:13.483998,2019-01-18 10:46:28.490001,ID_21
267,7,0.5,2019-01-18 10:47:41.197996,2019-01-18 10:47:41.197996,2019-01-18 10:47:56.204000,ID_21
268,8,0.5,2019-01-18 10:49:04.030005,2019-01-18 10:49:03.784995,2019-01-18 10:49:19.037004,ID_21
269,9,0.5,2019-01-18 10:50:28.115004,2019-01-18 10:50:27.871000,2019-01-18 10:50:43.120998,ID_21
270,1,0.0,2019-01-18 10:13:39.245996,2019-01-18 10:13:39.245996,2019-01-18 10:13:54.261002,ID_21
271,2,0.0,2019-01-18 10:15:06.509000,2019-01-18 10:15:06.509000,2019-01-18 10:15:21.518997,ID_21
272,3,0.0,2019-01-18 10:16:33.457996,2019-01-18 10:16:33.457996,2019-01-18 10:16:48.464000,ID_21
273,4,0.0,2019-01-18 10:18:01.149996,2019-01-18 10:18:00.904997,2019-01-18 10:18:16.156000,ID_21
274,5,0.0,2019-01-18 10:19:26.720997,2019-01-18 10:19:26.475997,2019-01-18 10:19:41.727001,ID_21
275,6,0.0,2019-01-18 10:20:56.036998,2019-01-18 10:20:56.036998,2019-01-18 10:21:11.043002,ID_21
276,7,0.0,2019-01-18 10:22:24.228996,2019-01-18 10:22:23.983996,2019-01-18 10:22:39.237001,ID_21
277,8,0.0,2019-01-18 10:23:50.540004,2019-01-18 10:23:50.295005,2019-01-18 10:24:05.545998,ID_21
278,9,0.0,2019-01-18 10:25:18.609995,2019-01-18 10:25:18.609995,2019-01-18 10:25:33.615999,ID_21
279,1,0.25,2019-01-18 10:26:47.556998,2019-01-18 10:26:47.556998,2019-01-18 10:27:02.563998,ID_21
280,2,0.25,2019-01-18 10:28:12.012998,2019-01-18 10:28:12.012998,2019-01-18 10:28:27.019997,ID_21
281,3,0.25,2019-01-18 10:29:36.209996,2019-01-18 10:29:36.209996,2019-01-18 10:29:51.218002,ID_21
282,4,0.25,2019-01-18 10:31:00.905001,2019-01-18 10:31:00.905001,2019-01-18 10:31:15.911004,ID_21
283,5,0.25,2019-01-18 10:32:24.852000,2019-01-18 10:32:24.852000,2019-01-18 10:32:39.859000,ID_21
284,6,0.25,2019-01-18 10:33:47.550999,2019-01-18 10:33:47.550999,2019-01-18 10:34:02.557003,ID_21
285,7,0.25,2019-01-18 10:35:12.505004,2019-01-18 10:35:12.260004,2019-01-18 10:35:27.512999,ID_21
286,8,0.25,2019-01-18 10:36:38.583998,2019-01-18 10:36:38.583998,2019-01-18 10:36:53.590997,ID_21
287,9,0.25,2019-01-18 10:38:03.032001,2019-01-18 10:38:03.032001,2019-01-18 10:38:18.038005,ID_21
288,1,0.5,2019-01-18 10:39:28.241999,2019-01-18 10:39:28.241999,2019-01-18 10:39:43.248999,ID_21
289,2,0.5,2019-01-18 10:40:56.195002,2019-01-18 10:40:56.195002,2019-01-18 10:41:11.200996,ID_21
290,3,0.5,2019-01-18 10:42:24.144998,2019-01-18 10:42:23.899998,2019-01-18 10:42:39.151002,ID_21
291,4,0.5,2019-01-18 10:43:49.095996,2019-01-18 10:43:49.095996,2019-01-18 10:44:04.102000,ID_21
292,5,0.5,2019-01-18 10:45:14.552996,2019-01-18 10:45:14.307996,2019-01-18 10:45:29.559995,ID_21
293,6,0.5,2019-01-18 10:46:43.635997,2019-01-18 10:46:43.635997,2019-01-18 10:46:58.642000,ID_21
294,7,0.5,2019-01-18 10:48:08.597998,2019-01-18 10:48:08.597998,2019-01-18 10:48:23.604002,ID_21
295,8,0.5,2019-01-18 10:49:32.057996,2019-01-18 10:49:31.812996,2019-01-18 10:49:47.064996,ID_21
296,9,0.5,2019-01-18 10:50:56.142000,2019-01-18 10:50:55.897996,2019-01-18 10:51:11.148004,ID_21
297,1,0.0,2019-01-18 10:14:07.194999,2019-01-18 10:14:07.194999,2019-01-18 10:14:22.204996,ID_21
298,2,0.0,2019-01-18 10:15:36.161002,2019-01-18 10:15:36.161002,2019-01-18 10:15:51.166996,ID_21
299,3,0.0,2019-01-18 10:17:02.101001,2019-01-18 10:17:02.101001,2019-01-18 10:17:17.108000,ID_21
300,4,0.0,2019-01-18 10:18:30.670003,2019-01-18 10:18:30.425004,2019-01-18 10:18:45.677003,ID_21
301,5,0.0,2019-01-18 10:19:54.743003,2019-01-18 10:19:54.496998,2019-01-18 10:20:09.750003,ID_21
302,6,0.0,2019-01-18 10:21:26.683000,2019-01-18 10:21:26.683000,2019-01-18 10:21:41.689999,ID_21
303,7,0.0,2019-01-18 10:22:53.000003,2019-01-18 10:22:52.755003,2019-01-18 10:23:08.005996,ID_21
304,8,0.0,2019-01-18 10:24:19.313003,2019-01-18 10:24:19.068999,2019-01-18 10:24:34.320002,ID_21
305,9,0.0,2019-01-18 10:25:48.259000,2019-01-18 10:25:48.259000,2019-01-18 10:26:03.265004,ID_21
306,1,0.25,2019-01-18 10:27:17.202000,2019-01-18 10:27:17.202000,2019-01-18 10:27:32.210005,ID_21
307,2,0.25,2019-01-18 10:28:39.410003,2019-01-18 10:28:39.410003,2019-01-18 10:28:54.417002,ID_21
308,3,0.25,2019-01-18 10:30:04.608002,2019-01-18 10:30:04.608997,2019-01-18 10:30:19.615997,ID_21
309,4,0.25,2019-01-18 10:31:29.052001,2019-01-18 10:31:29.052001,2019-01-18 10:31:44.059001,ID_21
310,5,0.25,2019-01-18 10:32:52.749998,2019-01-18 10:32:52.749998,2019-01-18 10:33:07.756002,ID_21
311,6,0.25,2019-01-18 10:34:14.951001,2019-01-18 10:34:14.951001,2019-01-18 10:34:29.957005,ID_21
312,7,0.25,2019-01-18 10:35:41.280004,2019-01-18 10:35:41.035004,2019-01-18 10:35:56.287999,ID_21
313,8,0.25,2019-01-18 10:37:07.232997,2019-01-18 10:37:07.232997,2019-01-18 10:37:22.239001,ID_21
314,9,0.25,2019-01-18 10:38:30.943004,2019-01-18 10:38:30.943004,2019-01-18 10:38:45.948998,ID_21
315,1,0.5,2019-01-18 10:39:56.893996,2019-01-18 10:39:56.893996,2019-01-18 10:40:11.900996,ID_21
316,2,0.5,2019-01-18 10:41:25.845003,2019-01-18 10:41:25.845003,2019-01-18 10:41:40.850996,ID_21
317,3,0.5,2019-01-18 10:42:53.295997,2019-01-18 10:42:53.050997,2019-01-18 10:43:08.302001,ID_21
318,4,0.5,2019-01-18 10:44:16.997997,2019-01-18 10:44:16.997997,2019-01-18 10:44:32.004001,ID_21
319,5,0.5,2019-01-18 10:45:43.331999,2019-01-18 10:45:43.086999,2019-01-18 10:45:58.338002,ID_21
320,6,0.5,2019-01-18 10:47:13.791003,2019-01-18 10:47:13.791003,2019-01-18 10:47:28.796997,ID_21
321,7,0.5,2019-01-18 10:48:36.002999,2019-01-18 10:48:36.002999,2019-01-18 10:48:51.009003,ID_21
322,8,0.5,2019-01-18 10:50:00.087999,2019-01-18 10:49:59.842999,2019-01-18 10:50:15.096004,ID_21
323,9,0.5,2019-01-18 10:51:24.170997,2019-01-18 10:51:23.925001,2019-01-18 10:51:39.176005,ID_21
324,1,0.0,2019-01-21 11:52:19.724997,2019-01-21 11:52:19.724997,2019-01-21 11:52:34.748995,ID_24
325,2,0.0,2019-01-21 11:53:45.911001,2019-01-21 11:53:45.666001,2019-01-21 11:54:00.918001,ID_24
326,3,0.0,2019-01-21 11:55:12.245003,2019-01-21 11:55:12.000003,2019-01-21 11:55:27.252002,ID_24
327,4,0.0,2019-01-21 11:56:37.697999,2019-01-21 11:56:37.697999,2019-01-21 11:56:52.704003,ID_24
328,5,0.0,2019-01-21 11:58:03.154003,2019-01-21 11:58:03.154003,2019-01-21 11:58:18.161003,ID_24
329,6,0.0,2019-01-21 11:59:29.848997,2019-01-21 11:59:29.848997,2019-01-21 11:59:44.855996,ID_24
330,7,0.0,2019-01-21 12:00:52.544998,2019-01-21 12:00:52.544998,2019-01-21 12:01:07.551002,ID_24
331,8,0.0,2019-01-21 12:02:17.487999,2019-01-21 12:02:17.242004,2019-01-21 12:02:32.494999,ID_24
332,9,0.0,2019-01-21 12:03:45.432996,2019-01-21 12:03:45.432996,2019-01-21 12:04:00.439995,ID_24
333,1,0.25,2019-01-21 12:05:14.251997,2019-01-21 12:05:14.006997,2019-01-21 12:05:29.258997,ID_24
334,2,0.25,2019-01-21 12:06:42.953004,2019-01-21 12:06:42.953004,2019-01-21 12:06:57.960004,ID_24
335,3,0.25,2019-01-21 12:08:10.149001,2019-01-21 12:08:10.149001,2019-01-21 12:08:25.156001,ID_24
336,4,0.25,2019-01-21 12:09:34.093999,2019-01-21 12:09:34.093999,2019-01-21 12:09:49.102005,ID_24
337,5,0.25,2019-01-21 12:10:58.302002,2019-01-21 12:10:58.302002,2019-01-21 12:11:13.307995,ID_24
338,6,0.25,2019-01-21 12:12:22.746997,2019-01-21 12:12:22.748003,2019-01-21 12:12:37.753001,ID_24
339,7,0.25,2019-01-21 12:13:50.205998,2019-01-21 12:13:50.205998,2019-01-21 12:14:05.212002,ID_24
340,8,0.25,2019-01-21 12:15:19.291000,2019-01-21 12:15:19.045005,2019-01-21 12:15:34.297004,ID_24
341,9,0.25,2019-01-21 12:16:46.500002,2019-01-21 12:16:46.500002,2019-01-21 12:17:01.505996,ID_24
342,1,0.5,2019-01-21 12:18:14.199999,2019-01-21 12:18:14.199999,2019-01-21 12:18:29.206003,ID_24
343,2,0.5,2019-01-21 12:19:39.024001,2019-01-21 12:19:38.779997,2019-01-21 12:19:54.031001,ID_24
344,3,0.5,2019-01-21 12:21:05.729003,2019-01-21 12:21:05.729003,2019-01-21 12:21:20.734001,ID_24
345,4,0.5,2019-01-21 12:22:34.442995,2019-01-21 12:22:34.442995,2019-01-21 12:22:49.449995,ID_24
346,5,0.5,2019-01-21 12:23:58.032001,2019-01-21 12:23:57.787001,2019-01-21 12:24:13.039001,ID_24
347,6,0.5,2019-01-21 12:25:23.617002,2019-01-21 12:25:23.372003,2019-01-21 12:25:38.624002,ID_24
348,7,0.5,2019-01-21 12:26:47.077996,2019-01-21 12:26:47.077996,2019-01-21 12:27:02.084996,ID_24
349,8,0.5,2019-01-21 12:28:09.913998,2019-01-21 12:28:09.668003,2019-01-21 12:28:24.920002,ID_24
350,9,0.5,2019-01-21 12:29:34.631996,2019-01-21 12:29:34.631996,2019-01-21 12:29:49.638000,ID_24
351,1,0.0,2019-01-21 11:52:48.428000,2019-01-21 11:52:48.428000,2019-01-21 11:53:03.442000,ID_24
352,2,0.0,2019-01-21 11:54:14.688998,2019-01-21 11:54:14.445004,2019-01-21 11:54:29.698000,ID_24
353,3,0.0,2019-01-21 11:55:41.023996,2019-01-21 11:55:40.778000,2019-01-21 11:55:56.029004,ID_24
354,4,0.0,2019-01-21 11:57:05.602998,2019-01-21 11:57:05.602998,2019-01-21 11:57:20.609002,ID_24
355,5,0.0,2019-01-21 11:58:32.802002,2019-01-21 11:58:32.802002,2019-01-21 11:58:47.807000,ID_24
356,6,0.0,2019-01-21 11:59:57.248003,2019-01-21 11:59:57.248003,2019-01-21 12:00:12.255003,ID_24
357,7,0.0,2019-01-21 12:01:20.442000,2019-01-21 12:01:20.442000,2019-01-21 12:01:35.448004,ID_24
358,8,0.0,2019-01-21 12:02:46.636000,2019-01-21 12:02:46.391001,2019-01-21 12:03:01.643000,ID_24
359,9,0.0,2019-01-21 12:04:15.082000,2019-01-21 12:04:15.082000,2019-01-21 12:04:30.089000,ID_24
360,1,0.25,2019-01-21 12:05:43.775997,2019-01-21 12:05:43.530997,2019-01-21 12:05:58.780995,ID_24
361,2,0.25,2019-01-21 12:07:12.599997,2019-01-21 12:07:12.599997,2019-01-21 12:07:27.606997,ID_24
362,3,0.25,2019-01-21 12:08:38.046999,2019-01-21 12:08:38.046999,2019-01-21 12:08:53.053999,ID_24
363,4,0.25,2019-01-21 12:10:02.250002,2019-01-21 12:10:02.250002,2019-01-21 12:10:17.255996,ID_24
364,5,0.25,2019-01-21 12:11:26.200000,2019-01-21 12:11:26.200000,2019-01-21 12:11:41.206004,ID_24
365,6,0.25,2019-01-21 12:12:51.400996,2019-01-21 12:12:51.400996,2019-01-21 12:13:06.407000,ID_24
366,7,0.25,2019-01-21 12:14:20.364002,2019-01-21 12:14:20.364002,2019-01-21 12:14:35.369995,ID_24
367,8,0.25,2019-01-21 12:15:48.068998,2019-01-21 12:15:47.823002,2019-01-21 12:16:03.075002,ID_24
368,9,0.25,2019-01-21 12:17:16.148997,2019-01-21 12:17:16.148997,2019-01-21 12:17:31.155001,ID_24
369,1,0.5,2019-01-21 12:18:42.601002,2019-01-21 12:18:42.601002,2019-01-21 12:18:57.606996,ID_24
370,2,0.5,2019-01-21 12:20:07.054004,2019-01-21 12:20:06.810000,2019-01-21 12:20:22.059998,ID_24
371,3,0.5,2019-01-21 12:21:36.380999,2019-01-21 12:21:36.380999,2019-01-21 12:21:51.387003,ID_24
372,4,0.5,2019-01-21 12:23:01.844003,2019-01-21 12:23:01.844003,2019-01-21 12:23:16.849997,ID_24
373,5,0.5,2019-01-21 12:24:26.812000,2019-01-21 12:24:26.567000,2019-01-21 12:24:41.818999,ID_24
374,6,0.5,2019-01-21 12:25:51.645004,2019-01-21 12:25:51.398998,2019-01-21 12:26:06.650002,ID_24
375,7,0.5,2019-01-21 12:27:14.480996,2019-01-21 12:27:14.480996,2019-01-21 12:27:29.487000,ID_24
376,8,0.5,2019-01-21 12:28:37.941999,2019-01-21 12:28:37.697000,2019-01-21 12:28:52.948999,ID_24
377,9,0.5,2019-01-21 12:30:03.287000,2019-01-21 12:30:03.287000,2019-01-21 12:30:18.293004,ID_24
378,1,0.0,2019-01-21 11:53:17.126003,2019-01-21 11:53:17.126003,2019-01-21 11:53:32.135005,ID_24
379,2,0.0,2019-01-21 11:54:43.466000,2019-01-21 11:54:43.221996,2019-01-21 11:54:58.475001,ID_24
380,3,0.0,2019-01-21 11:56:09.795002,2019-01-21 11:56:09.550003,2019-01-21 11:56:24.800996,ID_24
381,4,0.0,2019-01-21 11:57:33.500996,2019-01-21 11:57:33.500996,2019-01-21 11:57:48.507000,ID_24
382,5,0.0,2019-01-21 11:59:02.450996,2019-01-21 11:59:02.450996,2019-01-21 11:59:17.457000,ID_24
383,6,0.0,2019-01-21 12:00:24.644998,2019-01-21 12:00:24.644998,2019-01-21 12:00:39.649996,ID_24
384,7,0.0,2019-01-21 12:01:48.339002,2019-01-21 12:01:48.339002,2019-01-21 12:02:03.346002,ID_24
385,8,0.0,2019-01-21 12:03:15.782996,2019-01-21 12:03:15.539002,2019-01-21 12:03:30.789995,ID_24
386,9,0.0,2019-01-21 12:04:44.729999,2019-01-21 12:04:44.729999,2019-01-21 12:04:59.736998,ID_24
387,1,0.25,2019-01-21 12:06:13.299997,2019-01-21 12:06:13.054001,2019-01-21 12:06:28.304995,ID_24
388,2,0.25,2019-01-21 12:07:42.247996,2019-01-21 12:07:42.247996,2019-01-21 12:07:57.254000,ID_24
389,3,0.25,2019-01-21 12:09:05.944001,2019-01-21 12:09:05.944001,2019-01-21 12:09:20.951997,ID_24
390,4,0.25,2019-01-21 12:10:30.399005,2019-01-21 12:10:30.399005,2019-01-21 12:10:45.407000,ID_24
391,5,0.25,2019-01-21 12:11:54.099003,2019-01-21 12:11:54.099003,2019-01-21 12:12:09.104001,ID_24
392,6,0.25,2019-01-21 12:13:20.053003,2019-01-21 12:13:20.053003,2019-01-21 12:13:35.058997,ID_24
393,7,0.25,2019-01-21 12:14:50.513999,2019-01-21 12:14:50.513999,2019-01-21 12:15:05.520003,ID_24
394,8,0.25,2019-01-21 12:16:16.848001,2019-01-21 12:16:16.603997,2019-01-21 12:16:31.855000,ID_24
395,9,0.25,2019-01-21 12:17:45.798001,2019-01-21 12:17:45.798001,2019-01-21 12:18:00.805001,ID_24
396,1,0.5,2019-01-21 12:19:11.000003,2019-01-21 12:19:11.000003,2019-01-21 12:19:26.005997,ID_24
397,2,0.5,2019-01-21 12:20:35.078002,2019-01-21 12:20:34.833998,2019-01-21 12:20:50.085002,ID_24
398,3,0.5,2019-01-21 12:22:07.039000,2019-01-21 12:22:07.039000,2019-01-21 12:22:22.045004,ID_24
399,4,0.5,2019-01-21 12:23:29.255995,2019-01-21 12:23:29.255995,2019-01-21 12:23:44.261003,ID_24
400,5,0.5,2019-01-21 12:24:55.589997,2019-01-21 12:24:55.344997,2019-01-21 12:25:10.596001,ID_24
401,6,0.5,2019-01-21 12:26:19.671999,2019-01-21 12:26:19.426999,2019-01-21 12:26:34.678999,ID_24
402,7,0.5,2019-01-21 12:27:41.883995,2019-01-21 12:27:41.883995,2019-01-21 12:27:56.890995,ID_24
403,8,0.5,2019-01-21 12:29:05.970001,2019-01-21 12:29:05.725001,2019-01-21 12:29:20.976005,ID_24
404,9,0.5,2019-01-21 12:30:31.940003,2019-01-21 12:30:31.940003,2019-01-21 12:30:46.947003,ID_24
405,1,0.0,2019-01-25 09:56:48.117000,2019-01-25 09:56:48.117000,2019-01-25 09:57:03.142004,ID_31
406,2,0.0,2019-01-25 09:58:13.681000,2019-01-25 09:58:13.687005,2019-01-25 09:58:28.695996,ID_31
407,3,0.0,2019-01-25 09:59:41.648004,2019-01-25 09:59:41.648004,2019-01-25 09:59:56.655004,ID_31
408,4,0.0,2019-01-25 10:01:08.480997,2019-01-25 10:01:08.235997,2019-01-25 10:01:23.487997,ID_31
409,5,0.0,2019-01-25 10:02:35.563003,2019-01-25 10:02:35.318004,2019-01-25 10:02:50.568997,ID_31
410,6,0.0,2019-01-25 10:04:02.257997,2019-01-25 10:04:02.257997,2019-01-25 10:04:17.264996,ID_31
411,7,0.0,2019-01-25 10:05:32.339996,2019-01-25 10:05:32.096003,2019-01-25 10:05:47.348002,ID_31
412,8,0.0,2019-01-25 10:06:58.673002,2019-01-25 10:06:58.428998,2019-01-25 10:07:13.680998,ID_31
413,9,0.0,2019-01-25 10:08:25.870005,2019-01-25 10:08:25.870005,2019-01-25 10:08:40.877004,ID_31
414,1,0.25,2019-01-25 10:09:54.814000,2019-01-25 10:09:54.814000,2019-01-25 10:10:09.820004,ID_31
415,2,0.25,2019-01-25 10:11:21.512001,2019-01-25 10:11:21.512001,2019-01-25 10:11:36.519001,ID_31
416,3,0.25,2019-01-25 10:12:44.724002,2019-01-25 10:12:44.724002,2019-01-25 10:12:59.729996,ID_31
417,4,0.25,2019-01-25 10:14:09.674004,2019-01-25 10:14:09.674004,2019-01-25 10:14:24.681004,ID_31
418,5,0.25,2019-01-25 10:15:33.883998,2019-01-25 10:15:33.883998,2019-01-25 10:15:48.890002,ID_31
419,6,0.25,2019-01-25 10:16:57.090004,2019-01-25 10:16:57.090004,2019-01-25 10:17:12.095998,ID_31
420,7,0.25,2019-01-25 10:18:20.671003,2019-01-25 10:18:20.426003,2019-01-25 10:18:35.676997,ID_31
421,8,0.25,2019-01-25 10:19:46.873000,2019-01-25 10:19:46.873000,2019-01-25 10:20:01.880995,ID_31
422,9,0.25,2019-01-25 10:21:12.108999,2019-01-25 10:21:12.108999,2019-01-25 10:21:27.115999,ID_31
423,1,0.5,2019-01-25 10:22:36.571003,2019-01-25 10:22:36.571003,2019-01-25 10:22:51.578003,ID_31
424,2,0.5,2019-01-25 10:24:03.531002,2019-01-25 10:24:03.531002,2019-01-25 10:24:18.538002,ID_31
425,3,0.5,2019-01-25 10:25:32.001997,2019-01-25 10:25:31.756001,2019-01-25 10:25:47.008001,ID_31
426,4,0.5,2019-01-25 10:26:58.207997,2019-01-25 10:26:58.207997,2019-01-25 10:27:13.214001,ID_31
427,5,0.5,2019-01-25 10:28:22.793004,2019-01-25 10:28:22.546998,2019-01-25 10:28:37.800003,ID_31
428,6,0.5,2019-01-25 10:29:50.521999,2019-01-25 10:29:50.521999,2019-01-25 10:30:05.528998,ID_31
429,7,0.5,2019-01-25 10:31:18.242002,2019-01-25 10:31:18.242002,2019-01-25 10:31:33.247996,ID_31
430,8,0.5,2019-01-25 10:32:41.079000,2019-01-25 10:32:40.834000,2019-01-25 10:32:56.085999,ID_31
431,9,0.5,2019-01-25 10:34:05.168002,2019-01-25 10:34:04.923998,2019-01-25 10:34:20.175002,ID_31
432,1,0.0,2019-01-25 09:57:16.073004,2019-01-25 09:57:16.073004,2019-01-25 09:57:31.088000,ID_31
433,2,0.0,2019-01-25 09:58:43.345001,2019-01-25 09:58:43.345001,2019-01-25 09:58:58.356004,ID_31
434,3,0.0,2019-01-25 10:00:10.300001,2019-01-25 10:00:10.300001,2019-01-25 10:00:25.305995,ID_31
435,4,0.0,2019-01-25 10:01:38.006003,2019-01-25 10:01:37.761003,2019-01-25 10:01:53.011997,ID_31
436,5,0.0,2019-01-25 10:03:03.585995,2019-01-25 10:03:03.340996,2019-01-25 10:03:18.594001,ID_31
437,6,0.0,2019-01-25 10:04:32.917999,2019-01-25 10:04:32.917999,2019-01-25 10:04:47.924003,ID_31
438,7,0.0,2019-01-25 10:06:01.114996,2019-01-25 10:06:00.869997,2019-01-25 10:06:16.123002,ID_31
439,8,0.0,2019-01-25 10:07:27.446996,2019-01-25 10:07:27.201997,2019-01-25 10:07:42.453000,ID_31
440,9,0.0,2019-01-25 10:08:55.516997,2019-01-25 10:08:55.516997,2019-01-25 10:09:10.523997,ID_31
441,1,0.25,2019-01-25 10:10:24.464000,2019-01-25 10:10:24.464000,2019-01-25 10:10:39.470004,ID_31
442,2,0.25,2019-01-25 10:11:48.912999,2019-01-25 10:11:48.912999,2019-01-25 10:12:03.919999,ID_31
443,3,0.25,2019-01-25 10:13:13.123999,2019-01-25 10:13:13.123999,2019-01-25 10:13:28.130999,ID_31
444,4,0.25,2019-01-25 10:14:37.827995,2019-01-25 10:14:37.827995,2019-01-25 10:14:52.833999,ID_31
445,5,0.25,2019-01-25 10:16:01.783002,2019-01-25 10:16:01.783002,2019-01-25 10:16:16.790997,ID_31
446,6,0.25,2019-01-25 10:17:24.493999,2019-01-25 10:17:24.493999,2019-01-25 10:17:39.500999,ID_31
447,7,0.25,2019-01-25 10:18:49.444001,2019-01-25 10:18:49.199997,2019-01-25 10:19:04.451001,ID_31
448,8,0.25,2019-01-25 10:20:15.538998,2019-01-25 10:20:15.538998,2019-01-25 10:20:30.545002,ID_31
449,9,0.25,2019-01-25 10:21:40.013997,2019-01-25 10:21:40.013997,2019-01-25 10:21:55.020001,ID_31
450,1,0.5,2019-01-25 10:23:05.223996,2019-01-25 10:23:05.223996,2019-01-25 10:23:20.230000,ID_31
451,2,0.5,2019-01-25 10:24:33.195999,2019-01-25 10:24:33.195999,2019-01-25 10:24:48.202003,ID_31
452,3,0.5,2019-01-25 10:26:01.154001,2019-01-25 10:26:00.909002,2019-01-25 10:26:16.161001,ID_31
453,4,0.5,2019-01-25 10:27:26.109998,2019-01-25 10:27:26.109998,2019-01-25 10:27:41.116998,ID_31
454,5,0.5,2019-01-25 10:28:51.573998,2019-01-25 10:28:51.328999,2019-01-25 10:29:06.580002,ID_31
455,6,0.5,2019-01-25 10:30:20.678001,2019-01-25 10:30:20.678001,2019-01-25 10:30:35.685001,ID_31
456,7,0.5,2019-01-25 10:31:45.647003,2019-01-25 10:31:45.647003,2019-01-25 10:32:00.654003,ID_31
457,8,0.5,2019-01-25 10:33:09.109002,2019-01-25 10:33:08.862997,2019-01-25 10:33:24.114996,ID_31
458,9,0.5,2019-01-25 10:34:33.199997,2019-01-25 10:34:32.954997,2019-01-25 10:34:48.206001,ID_31
459,1,0.0,2019-01-25 09:57:44.026996,2019-01-25 09:57:44.026996,2019-01-25 09:57:59.035998,ID_31
460,2,0.0,2019-01-25 09:59:12.999004,2019-01-25 09:59:12.999004,2019-01-25 09:59:28.006004,ID_31
461,3,0.0,2019-01-25 10:00:38.946999,2019-01-25 10:00:38.946999,2019-01-25 10:00:53.955005,ID_31
462,4,0.0,2019-01-25 10:02:07.535002,2019-01-25 10:02:07.288996,2019-01-25 10:02:22.540996,ID_31
463,5,0.0,2019-01-25 10:03:31.608998,2019-01-25 10:03:31.365004,2019-01-25 10:03:46.617003,ID_31
464,6,0.0,2019-01-25 10:05:03.566002,2019-01-25 10:05:03.566002,2019-01-25 10:05:18.573002,ID_31
465,7,0.0,2019-01-25 10:06:29.893004,2019-01-25 10:06:29.649000,2019-01-25 10:06:44.900999,ID_31
466,8,0.0,2019-01-25 10:07:56.221000,2019-01-25 10:07:55.976001,2019-01-25 10:08:11.225998,ID_31
467,9,0.0,2019-01-25 10:09:25.164996,2019-01-25 10:09:25.164996,2019-01-25 10:09:40.171000,ID_31
468,1,0.25,2019-01-25 10:10:54.111999,2019-01-25 10:10:54.111999,2019-01-25 10:11:09.118999,ID_31
469,2,0.25,2019-01-25 10:12:16.323995,2019-01-25 10:12:16.323995,2019-01-25 10:12:31.331005,ID_31
470,3,0.25,2019-01-25 10:13:41.523996,2019-01-25 10:13:41.523996,2019-01-25 10:13:56.530000,ID_31
471,4,0.25,2019-01-25 10:15:05.983998,2019-01-25 10:15:05.983998,2019-01-25 10:15:20.990998,ID_31
472,5,0.25,2019-01-25 10:16:29.685998,2019-01-25 10:16:29.685998,2019-01-25 10:16:44.692998,ID_31
473,6,0.25,2019-01-25 10:17:51.894997,2019-01-25 10:17:51.894997,2019-01-25 10:18:06.901001,ID_31
474,7,0.25,2019-01-25 10:19:18.221003,2019-01-25 10:19:17.974997,2019-01-25 10:19:33.228998,ID_31
475,8,0.25,2019-01-25 10:20:44.194998,2019-01-25 10:20:44.194998,2019-01-25 10:20:59.201998,ID_31
476,9,0.25,2019-01-25 10:22:07.913997,2019-01-25 10:22:07.913997,2019-01-25 10:22:22.920001,ID_31
477,1,0.5,2019-01-25 10:23:33.879996,2019-01-25 10:23:33.879996,2019-01-25 10:23:48.886000,ID_31
478,2,0.5,2019-01-25 10:25:02.846995,2019-01-25 10:25:02.846995,2019-01-25 10:25:17.854005,ID_31
479,3,0.5,2019-01-25 10:26:30.307001,2019-01-25 10:26:30.060996,2019-01-25 10:26:45.312995,ID_31
480,4,0.5,2019-01-25 10:27:54.014001,2019-01-25 10:27:54.014001,2019-01-25 10:28:09.021000,ID_31
481,5,0.5,2019-01-25 10:29:20.367002,2019-01-25 10:29:20.120997,2019-01-25 10:29:35.372000,ID_31
482,6,0.5,2019-01-25 10:30:50.836005,2019-01-25 10:30:50.836005,2019-01-25 10:31:05.843004,ID_31
483,7,0.5,2019-01-25 10:32:13.052004,2019-01-25 10:32:13.052004,2019-01-25 10:32:28.057998,ID_31
484,8,0.5,2019-01-25 10:33:37.135998,2019-01-25 10:33:36.892004,2019-01-25 10:33:52.142998,ID_31
485,9,0.5,2019-01-25 10:35:01.232001,2019-01-25 10:35:00.985996,2019-01-25 10:35:16.236999,ID_31
486,1,0.0,2019-01-30 11:41:26.900003,2019-01-30 11:41:26.655999,2019-01-30 11:41:41.912997,ID_36
487,2,0.0,2019-01-30 11:42:50.921997,2019-01-30 11:42:50.921997,2019-01-30 11:43:05.930998,ID_36
488,3,0.0,2019-01-30 11:44:14.633995,2019-01-30 11:44:14.633995,2019-01-30 11:44:29.639999,ID_36
489,4,0.0,2019-01-30 11:45:40.588005,2019-01-30 11:45:40.588005,2019-01-30 11:45:55.593999,ID_36
490,5,0.0,2019-01-30 11:47:09.674999,2019-01-30 11:47:09.429004,2019-01-30 11:47:24.681999,ID_36
491,6,0.0,2019-01-30 11:48:35.388002,2019-01-30 11:48:35.388002,2019-01-30 11:48:50.393996,ID_36
492,7,0.0,2019-01-30 11:50:00.472996,2019-01-30 11:50:00.227997,2019-01-30 11:50:15.479000,ID_36
493,8,0.0,2019-01-30 11:51:26.435002,2019-01-30 11:51:26.435002,2019-01-30 11:51:41.442002,ID_36
494,9,0.0,2019-01-30 11:52:52.898002,2019-01-30 11:52:52.898002,2019-01-30 11:53:07.905001,ID_36
495,1,0.25,2019-01-30 11:54:20.980998,2019-01-30 11:54:20.737004,2019-01-30 11:54:35.987002,ID_36
496,2,0.25,2019-01-30 11:55:47.196996,2019-01-30 11:55:47.196996,2019-01-30 11:56:02.203000,ID_36
497,3,0.25,2019-01-30 11:57:13.159998,2019-01-30 11:57:13.159998,2019-01-30 11:57:28.168003,ID_36
498,4,0.25,2019-01-30 11:58:38.518004,2019-01-30 11:58:38.273004,2019-01-30 11:58:53.525003,ID_36
499,5,0.25,2019-01-30 12:00:03.773003,2019-01-30 12:00:03.526998,2019-01-30 12:00:18.778997,ID_36
500,6,0.25,2019-01-30 12:01:29.998999,2019-01-30 12:01:29.998999,2019-01-30 12:01:45.005003,ID_36
501,7,0.25,2019-01-30 12:02:54.585002,2019-01-30 12:02:54.340002,2019-01-30 12:03:09.590995,ID_36
502,8,0.25,2019-01-30 12:04:20.801995,2019-01-30 12:04:20.801995,2019-01-30 12:04:35.807999,ID_36
503,9,0.25,2019-01-30 12:05:47.765997,2019-01-30 12:05:47.765997,2019-01-30 12:06:02.772001,ID_36
504,1,0.5,2019-01-30 12:07:17.740001,2019-01-30 12:07:17.740001,2019-01-30 12:07:32.747001,ID_36
505,2,0.5,2019-01-30 12:08:46.462001,2019-01-30 12:08:46.462001,2019-01-30 12:09:01.469000,ID_36
506,3,0.5,2019-01-30 12:10:10.922003,2019-01-30 12:10:10.922003,2019-01-30 12:10:25.927001,ID_36
507,4,0.5,2019-01-30 12:11:39.756997,2019-01-30 12:11:39.511997,2019-01-30 12:11:54.763997,ID_36
508,5,0.5,2019-01-30 12:13:08.480002,2019-01-30 12:13:08.480002,2019-01-30 12:13:23.487002,ID_36
509,6,0.5,2019-01-30 12:14:35.706998,2019-01-30 12:14:35.706998,2019-01-30 12:14:50.715004,ID_36
510,7,0.5,2019-01-30 12:15:58.935002,2019-01-30 12:15:58.935002,2019-01-30 12:16:13.942002,ID_36
511,8,0.5,2019-01-30 12:17:21.158998,2019-01-30 12:17:21.158998,2019-01-30 12:17:36.165002,ID_36
512,9,0.5,2019-01-30 12:18:44.006004,2019-01-30 12:18:43.761004,2019-01-30 12:18:59.013003,ID_36
513,1,0.0,2019-01-30 11:41:54.976002,2019-01-30 11:41:54.731002,2019-01-30 11:42:09.983997,ID_36
514,2,0.0,2019-01-30 11:43:18.823998,2019-01-30 11:43:18.823998,2019-01-30 11:43:33.830998,ID_36
515,3,0.0,2019-01-30 11:44:42.535996,2019-01-30 11:44:42.535996,2019-01-30 11:44:57.542000,ID_36
516,4,0.0,2019-01-30 11:46:10.738998,2019-01-30 11:46:10.738998,2019-01-30 11:46:25.745998,ID_36
517,5,0.0,2019-01-30 11:47:38.454998,2019-01-30 11:47:38.209998,2019-01-30 11:47:53.463999,ID_36
518,6,0.0,2019-01-30 11:49:03.540998,2019-01-30 11:49:03.540998,2019-01-30 11:49:18.547997,ID_36
519,7,0.0,2019-01-30 11:50:29.252995,2019-01-30 11:50:29.007996,2019-01-30 11:50:44.260005,ID_36
520,8,0.0,2019-01-30 11:51:54.842996,2019-01-30 11:51:54.842996,2019-01-30 11:52:09.851001,ID_36
521,9,0.0,2019-01-30 11:53:22.550003,2019-01-30 11:53:22.550003,2019-01-30 11:53:37.557003,ID_36
522,1,0.25,2019-01-30 11:54:49.757004,2019-01-30 11:54:49.510998,2019-01-30 11:55:04.762997,ID_36
523,2,0.25,2019-01-30 11:56:15.847997,2019-01-30 11:56:15.847997,2019-01-30 11:56:30.854997,ID_36
524,3,0.25,2019-01-30 11:57:41.825996,2019-01-30 11:57:41.825996,2019-01-30 11:57:56.832996,ID_36
525,4,0.25,2019-01-30 11:59:06.542998,2019-01-30 11:59:06.299004,2019-01-30 11:59:21.549002,ID_36
526,5,0.25,2019-01-30 12:00:32.926003,2019-01-30 12:00:32.681004,2019-01-30 12:00:47.933003,ID_36
527,6,0.25,2019-01-30 12:01:57.901996,2019-01-30 12:01:57.903002,2019-01-30 12:02:12.908000,ID_36
528,7,0.25,2019-01-30 12:03:23.360997,2019-01-30 12:03:23.117003,2019-01-30 12:03:38.367997,ID_36
529,8,0.25,2019-01-30 12:04:49.454002,2019-01-30 12:04:49.454002,2019-01-30 12:05:04.459996,ID_36
530,9,0.25,2019-01-30 12:06:17.425995,2019-01-30 12:06:17.425995,2019-01-30 12:06:32.432995,ID_36
531,1,0.5,2019-01-30 12:07:48.398998,2019-01-30 12:07:48.398998,2019-01-30 12:08:03.405002,ID_36
532,2,0.5,2019-01-30 12:09:13.865996,2019-01-30 12:09:13.865996,2019-01-30 12:09:28.872000,ID_36
533,3,0.5,2019-01-30 12:10:40.572999,2019-01-30 12:10:40.572999,2019-01-30 12:10:55.579003,ID_36
534,4,0.5,2019-01-30 12:12:09.284004,2019-01-30 12:12:09.039005,2019-01-30 12:12:24.291004,ID_36
535,5,0.5,2019-01-30 12:13:38.139004,2019-01-30 12:13:38.139004,2019-01-30 12:13:53.146004,ID_36
536,6,0.5,2019-01-30 12:15:03.616000,2019-01-30 12:15:03.616000,2019-01-30 12:15:18.622004,ID_36
537,7,0.5,2019-01-30 12:16:26.343000,2019-01-30 12:16:26.343000,2019-01-30 12:16:41.347999,ID_36
538,8,0.5,2019-01-30 12:17:48.566000,2019-01-30 12:17:48.566000,2019-01-30 12:18:03.572004,ID_36
539,9,0.5,2019-01-30 12:19:12.039004,2019-01-30 12:19:11.794004,2019-01-30 12:19:27.046003,ID_36
540,1,0.0,2019-01-30 11:42:23.011004,2019-01-30 11:42:22.766004,2019-01-30 11:42:38.018003,ID_36
541,2,0.0,2019-01-30 11:43:46.725999,2019-01-30 11:43:46.725999,2019-01-30 11:44:01.732999,ID_36
542,3,0.0,2019-01-30 11:45:10.435996,2019-01-30 11:45:10.435996,2019-01-30 11:45:25.441004,ID_36
543,4,0.0,2019-01-30 11:46:40.894004,2019-01-30 11:46:40.894004,2019-01-30 11:46:55.901004,ID_36
544,5,0.0,2019-01-30 11:48:07.236998,2019-01-30 11:48:06.991999,2019-01-30 11:48:22.243998,ID_36
545,6,0.0,2019-01-30 11:49:31.694003,2019-01-30 11:49:31.694003,2019-01-30 11:49:46.701003,ID_36
546,7,0.0,2019-01-30 11:50:58.031002,2019-01-30 11:50:57.786003,2019-01-30 11:51:13.036996,ID_36
547,8,0.0,2019-01-30 11:52:23.246000,2019-01-30 11:52:23.246000,2019-01-30 11:52:38.253000,ID_36
548,9,0.0,2019-01-30 11:53:52.202005,2019-01-30 11:53:52.202005,2019-01-30 11:54:07.207999,ID_36
549,1,0.25,2019-01-30 11:55:18.537998,2019-01-30 11:55:18.292999,2019-01-30 11:55:33.544998,ID_36
550,2,0.25,2019-01-30 11:56:44.503002,2019-01-30 11:56:44.503002,2019-01-30 11:56:59.510001,ID_36
551,3,0.25,2019-01-30 11:58:10.485999,2019-01-30 11:58:10.485999,2019-01-30 11:58:25.494005,ID_36
552,4,0.25,2019-01-30 11:59:34.620003,2019-01-30 11:59:34.375003,2019-01-30 11:59:49.627003,ID_36
553,5,0.25,2019-01-30 12:01:02.093005,2019-01-30 12:01:01.848005,2019-01-30 12:01:17.101000,ID_36
554,6,0.25,2019-01-30 12:02:25.805003,2019-01-30 12:02:25.805003,2019-01-30 12:02:40.810997,ID_36
555,7,0.25,2019-01-30 12:03:52.144003,2019-01-30 12:03:51.897998,2019-01-30 12:04:07.149997,ID_36
556,8,0.25,2019-01-30 12:05:18.112004,2019-01-30 12:05:18.112004,2019-01-30 12:05:33.120000,ID_36
557,9,0.25,2019-01-30 12:06:47.086999,2019-01-30 12:06:47.086999,2019-01-30 12:07:02.093003,ID_36
558,1,0.5,2019-01-30 12:08:19.059997,2019-01-30 12:08:19.059997,2019-01-30 12:08:34.066001,ID_36
559,2,0.5,2019-01-30 12:09:41.267004,2019-01-30 12:09:41.267004,2019-01-30 12:09:56.274004,ID_36
560,3,0.5,2019-01-30 12:11:10.225997,2019-01-30 12:11:10.225997,2019-01-30 12:11:25.232996,ID_36
561,4,0.5,2019-01-30 12:12:38.818002,2019-01-30 12:12:38.573003,2019-01-30 12:12:53.823996,ID_36
562,5,0.5,2019-01-30 12:14:07.799002,2019-01-30 12:14:07.799002,2019-01-30 12:14:22.806002,ID_36
563,6,0.5,2019-01-30 12:15:31.525997,2019-01-30 12:15:31.525997,2019-01-30 12:15:46.532997,ID_36
564,7,0.5,2019-01-30 12:16:53.750999,2019-01-30 12:16:53.750999,2019-01-30 12:17:08.757003,ID_36
565,8,0.5,2019-01-30 12:18:15.973999,2019-01-30 12:18:15.973999,2019-01-30 12:18:30.980999,ID_36
566,9,0.5,2019-01-30 12:19:40.073000,2019-01-30 12:19:39.828000,2019-01-30 12:19:55.079999,ID_36
567,1,0.0,2019-02-01 11:46:58.883004,2019-02-01 11:46:58.883004,2019-02-01 11:47:13.907002,ID_39
568,2,0.0,2019-02-01 11:48:23.586004,2019-02-01 11:48:23.341005,2019-02-01 11:48:38.593004,ID_39
569,3,0.0,2019-02-01 11:49:49.569002,2019-02-01 11:49:49.569002,2019-02-01 11:50:04.574996,ID_39
570,4,0.0,2019-02-01 11:51:14.293004,2019-02-01 11:51:14.293004,2019-02-01 11:51:29.298998,ID_39
571,5,0.0,2019-02-01 11:52:40.764000,2019-02-01 11:52:40.764000,2019-02-01 11:52:55.770999,ID_39
572,6,0.0,2019-02-01 11:54:10.731999,2019-02-01 11:54:10.731999,2019-02-01 11:54:25.738003,ID_39
573,7,0.0,2019-02-01 11:55:35.446003,2019-02-01 11:55:35.446003,2019-02-01 11:55:50.451997,ID_39
574,8,0.0,2019-02-01 11:56:58.162000,2019-02-01 11:56:58.162000,2019-02-01 11:57:13.168004,ID_39
575,9,0.0,2019-02-01 11:58:21.386001,2019-02-01 11:58:21.386001,2019-02-01 11:58:36.393000,ID_39
576,1,0.25,2019-02-01 11:59:45.858998,2019-02-01 11:59:45.858998,2019-02-01 12:00:00.865002,ID_39
577,2,0.25,2019-02-01 12:01:14.832998,2019-02-01 12:01:14.832998,2019-02-01 12:01:29.841003,ID_39
578,3,0.25,2019-02-01 12:02:41.552996,2019-02-01 12:02:41.552996,2019-02-01 12:02:56.559996,ID_39
579,4,0.25,2019-02-01 12:04:04.402004,2019-02-01 12:04:04.157004,2019-02-01 12:04:19.409003,ID_39
580,5,0.25,2019-02-01 12:05:29.997003,2019-02-01 12:05:29.752003,2019-02-01 12:05:45.004003,ID_39
581,6,0.25,2019-02-01 12:06:56.974996,2019-02-01 12:06:56.974996,2019-02-01 12:07:11.981000,ID_39
582,7,0.25,2019-02-01 12:08:21.946996,2019-02-01 12:08:21.703002,2019-02-01 12:08:36.953995,ID_39
583,8,0.25,2019-02-01 12:09:49.036002,2019-02-01 12:09:48.789997,2019-02-01 12:10:04.041000,ID_39
584,9,0.25,2019-02-01 12:11:14.638002,2019-02-01 12:11:14.393003,2019-02-01 12:11:29.645002,ID_39
585,1,0.5,2019-02-01 12:12:40.359998,2019-02-01 12:12:40.361004,2019-02-01 12:12:55.366002,ID_39
586,2,0.5,2019-02-01 12:14:07.832004,2019-02-01 12:14:07.832004,2019-02-01 12:14:22.837997,ID_39
587,3,0.5,2019-02-01 12:15:32.928002,2019-02-01 12:15:32.683002,2019-02-01 12:15:47.935001,ID_39
588,4,0.5,2019-02-01 12:17:00.654995,2019-02-01 12:17:00.654995,2019-02-01 12:17:15.662005,ID_39
589,5,0.5,2019-02-01 12:18:29.753999,2019-02-01 12:18:29.508999,2019-02-01 12:18:44.760998,ID_39
590,6,0.5,2019-02-01 12:19:56.982001,2019-02-01 12:19:56.982001,2019-02-01 12:20:11.989000,ID_39
591,7,0.5,2019-02-01 12:21:24.336999,2019-02-01 12:21:24.091999,2019-02-01 12:21:39.343998,ID_39
592,8,0.5,2019-02-01 12:22:49.078000,2019-02-01 12:22:49.078000,2019-02-01 12:23:04.084999,ID_39
593,9,0.5,2019-02-01 12:24:15.060997,2019-02-01 12:24:15.060997,2019-02-01 12:24:30.065995,ID_39
594,1,0.0,2019-02-01 11:47:26.838998,2019-02-01 11:47:26.838998,2019-02-01 11:47:41.852998,ID_39
595,2,0.0,2019-02-01 11:48:52.378998,2019-02-01 11:48:52.135005,2019-02-01 11:49:07.390001,ID_39
596,3,0.0,2019-02-01 11:50:17.971000,2019-02-01 11:50:17.971000,2019-02-01 11:50:32.978000,ID_39
597,4,0.0,2019-02-01 11:51:42.196001,2019-02-01 11:51:42.196001,2019-02-01 11:51:57.201995,ID_39
598,5,0.0,2019-02-01 11:53:11.419004,2019-02-01 11:53:11.419004,2019-02-01 11:53:26.424997,ID_39
599,6,0.0,2019-02-01 11:54:39.387004,2019-02-01 11:54:39.387004,2019-02-01 11:54:54.392997,ID_39
600,7,0.0,2019-02-01 11:56:02.849999,2019-02-01 11:56:02.849999,2019-02-01 11:56:17.856003,ID_39
601,8,0.0,2019-02-01 11:57:26.066999,2019-02-01 11:57:26.066999,2019-02-01 11:57:41.073003,ID_39
602,9,0.0,2019-02-01 11:58:48.793003,2019-02-01 11:58:48.793003,2019-02-01 11:59:03.800999,ID_39
603,1,0.25,2019-02-01 12:00:15.517005,2019-02-01 12:00:15.517005,2019-02-01 12:00:30.525000,ID_39
604,2,0.25,2019-02-01 12:01:44.492996,2019-02-01 12:01:44.492996,2019-02-01 12:01:59.499996,ID_39
605,3,0.25,2019-02-01 12:03:08.961005,2019-02-01 12:03:08.961005,2019-02-01 12:03:23.966999,ID_39
606,4,0.25,2019-02-01 12:04:32.436995,2019-02-01 12:04:32.191996,2019-02-01 12:04:47.443995,ID_39
607,5,0.25,2019-02-01 12:05:59.528999,2019-02-01 12:05:59.284995,2019-02-01 12:06:14.535003,ID_39
608,6,0.25,2019-02-01 12:07:24.881997,2019-02-01 12:07:24.881997,2019-02-01 12:07:39.888000,ID_39
609,7,0.25,2019-02-01 12:08:51.103003,2019-02-01 12:08:50.856998,2019-02-01 12:09:06.108001,ID_39
610,8,0.25,2019-02-01 12:10:17.827005,2019-02-01 12:10:17.581995,2019-02-01 12:10:32.834005,ID_39
611,9,0.25,2019-02-01 12:11:42.667995,2019-02-01 12:11:42.424001,2019-02-01 12:11:57.675005,ID_39
612,1,0.5,2019-02-01 12:13:10.016003,2019-02-01 12:13:10.016003,2019-02-01 12:13:25.021001,ID_39
613,2,0.5,2019-02-01 12:14:35.987997,2019-02-01 12:14:35.987997,2019-02-01 12:14:50.993005,ID_39
614,3,0.5,2019-02-01 12:16:01.710002,2019-02-01 12:16:01.465002,2019-02-01 12:16:16.717002,ID_39
615,4,0.5,2019-02-01 12:17:30.812999,2019-02-01 12:17:30.812999,2019-02-01 12:17:45.819003,ID_39
616,5,0.5,2019-02-01 12:18:58.540998,2019-02-01 12:18:58.295998,2019-02-01 12:19:13.547002,ID_39
617,6,0.5,2019-02-01 12:20:26.639997,2019-02-01 12:20:26.639997,2019-02-01 12:20:41.646997,ID_39
618,7,0.5,2019-02-01 12:21:52.371005,2019-02-01 12:21:52.125995,2019-02-01 12:22:07.376999,ID_39
619,8,0.5,2019-02-01 12:23:17.736997,2019-02-01 12:23:17.736997,2019-02-01 12:23:32.743997,ID_39
620,9,0.5,2019-02-01 12:24:43.718999,2019-02-01 12:24:43.718999,2019-02-01 12:24:58.725999,ID_39
621,1,0.0,2019-02-01 11:47:54.793996,2019-02-01 11:47:54.793996,2019-02-01 11:48:09.802997,ID_39
622,2,0.0,2019-02-01 11:49:21.163996,2019-02-01 11:49:20.920002,2019-02-01 11:49:36.170000,ID_39
623,3,0.0,2019-02-01 11:50:46.379999,2019-02-01 11:50:46.379999,2019-02-01 11:51:01.386003,ID_39
624,4,0.0,2019-02-01 11:52:10.101000,2019-02-01 11:52:10.101000,2019-02-01 11:52:25.107999,ID_39
625,5,0.0,2019-02-01 11:53:42.075003,2019-02-01 11:53:42.075003,2019-02-01 11:53:57.082003,ID_39
626,6,0.0,2019-02-01 11:55:08.041002,2019-02-01 11:55:08.041002,2019-02-01 11:55:23.046996,ID_39
627,7,0.0,2019-02-01 11:56:30.252998,2019-02-01 11:56:30.252998,2019-02-01 11:56:45.259002,ID_39
628,8,0.0,2019-02-01 11:57:53.980004,2019-02-01 11:57:53.980004,2019-02-01 11:58:08.985997,ID_39
629,9,0.0,2019-02-01 11:59:16.201998,2019-02-01 11:59:16.201998,2019-02-01 11:59:31.208997,ID_39
630,1,0.25,2019-02-01 12:00:45.173000,2019-02-01 12:00:45.173000,2019-02-01 12:01:00.179999,ID_39
631,2,0.25,2019-02-01 12:02:14.149997,2019-02-01 12:02:14.149997,2019-02-01 12:02:29.156000,ID_39
632,3,0.25,2019-02-01 12:03:36.371005,2019-02-01 12:03:36.371005,2019-02-01 12:03:51.376999,ID_39
633,4,0.25,2019-02-01 12:05:00.466998,2019-02-01 12:05:00.221003,2019-02-01 12:05:15.473002,ID_39
634,5,0.25,2019-02-01 12:06:29.060000,2019-02-01 12:06:28.815000,2019-02-01 12:06:44.067000,ID_39
635,6,0.25,2019-02-01 12:07:52.790002,2019-02-01 12:07:52.790002,2019-02-01 12:08:07.795996,ID_39
636,7,0.25,2019-02-01 12:09:20.254998,2019-02-01 12:09:20.009998,2019-02-01 12:09:35.261997,ID_39
637,8,0.25,2019-02-01 12:10:46.607004,2019-02-01 12:10:46.362004,2019-02-01 12:11:01.612998,ID_39
638,9,0.25,2019-02-01 12:12:10.700995,2019-02-01 12:12:10.455996,2019-02-01 12:12:25.707995,ID_39
639,1,0.5,2019-02-01 12:13:39.676001,2019-02-01 12:13:39.676001,2019-02-01 12:13:54.683000,ID_39
640,2,0.5,2019-02-01 12:15:04.146001,2019-02-01 12:15:04.146001,2019-02-01 12:15:19.152005,ID_39
641,3,0.5,2019-02-01 12:16:30.495000,2019-02-01 12:16:30.250000,2019-02-01 12:16:45.501999,ID_39
642,4,0.5,2019-02-01 12:18:00.973004,2019-02-01 12:18:00.973004,2019-02-01 12:18:15.978998,ID_39
643,5,0.5,2019-02-01 12:19:27.322998,2019-02-01 12:19:27.077999,2019-02-01 12:19:42.329998,ID_39
644,6,0.5,2019-02-01 12:20:56.298999,2019-02-01 12:20:56.298999,2019-02-01 12:21:11.305999,ID_39
645,7,0.5,2019-02-01 12:22:20.410000,2019-02-01 12:22:20.165000,2019-02-01 12:22:35.416004,ID_39
646,8,0.5,2019-02-01 12:23:46.399002,2019-02-01 12:23:46.399002,2019-02-01 12:24:01.404996,ID_39
647,9,0.5,2019-02-01 12:25:12.379003,2019-02-01 12:25:12.379003,2019-02-01 12:25:27.384996,ID_39
648,1,0.0,2019-01-08 19:19:48.484005,2019-01-08 19:19:48.484005,2019-01-08 19:20:03.508003,ID_06
649,2,0.0,2019-01-08 19:21:17.582999,2019-01-08 19:21:17.582999,2019-01-08 19:21:32.591004,ID_06
650,3,0.0,2019-01-08 19:22:45.688002,2019-01-08 19:22:45.443999,2019-01-08 19:23:00.695998,ID_06
651,4,0.0,2019-01-08 19:24:11.288001,2019-01-08 19:24:11.043001,2019-01-08 19:24:26.295996,ID_06
652,5,0.0,2019-01-08 19:25:36.155998,2019-01-08 19:25:35.910998,2019-01-08 19:25:51.162997,ID_06
653,6,0.0,2019-01-08 19:27:03.883997,2019-01-08 19:27:03.883997,2019-01-08 19:27:18.890001,ID_06
654,7,0.0,2019-01-08 19:28:34.852997,2019-01-08 19:28:34.852997,2019-01-08 19:28:49.859000,ID_06
655,8,0.0,2019-01-08 19:30:04.073997,2019-01-08 19:30:04.073997,2019-01-08 19:30:19.080001,ID_06
656,9,0.0,2019-01-08 19:31:28.664999,2019-01-08 19:31:28.419999,2019-01-08 19:31:43.671999,ID_06
657,1,0.25,2019-01-08 19:32:55.384997,2019-01-08 19:32:55.139002,2019-01-08 19:33:10.391001,ID_06
658,2,0.25,2019-01-08 19:34:21.607996,2019-01-08 19:34:21.607996,2019-01-08 19:34:36.614995,ID_06
659,3,0.25,2019-01-08 19:35:46.208995,2019-01-08 19:35:45.963996,2019-01-08 19:36:01.216005,ID_06
660,4,0.25,2019-01-08 19:37:13.434996,2019-01-08 19:37:13.434996,2019-01-08 19:37:28.440004,ID_06
661,5,0.25,2019-01-08 19:38:40.160999,2019-01-08 19:38:40.160999,2019-01-08 19:38:55.167998,ID_06
662,6,0.25,2019-01-08 19:40:03.132999,2019-01-08 19:40:03.132999,2019-01-08 19:40:18.139999,ID_06
663,7,0.25,2019-01-08 19:41:26.856001,2019-01-08 19:41:26.856001,2019-01-08 19:41:41.862005,ID_06
664,8,0.25,2019-01-08 19:42:51.205000,2019-01-08 19:42:50.960001,2019-01-08 19:43:06.212000,ID_06
665,9,0.25,2019-01-08 19:44:18.935997,2019-01-08 19:44:18.935997,2019-01-08 19:44:33.942997,ID_06
666,1,0.5,2019-01-08 19:45:44.668996,2019-01-08 19:45:44.668996,2019-01-08 19:45:59.677001,ID_06
667,2,0.5,2019-01-08 19:47:09.402996,2019-01-08 19:47:09.402996,2019-01-08 19:47:24.408004,ID_06
668,3,0.5,2019-01-08 19:48:33.254996,2019-01-08 19:48:33.009000,2019-01-08 19:48:48.261000,ID_06
669,4,0.5,2019-01-08 19:49:56.734004,2019-01-08 19:49:56.734004,2019-01-08 19:50:11.739998,ID_06
670,5,0.5,2019-01-08 19:51:21.217995,2019-01-08 19:51:21.217995,2019-01-08 19:51:36.223999,ID_06
671,6,0.5,2019-01-08 19:52:49.199001,2019-01-08 19:52:49.199001,2019-01-08 19:53:04.206000,ID_06
672,7,0.5,2019-01-08 19:54:14.439003,2019-01-08 19:54:14.439003,2019-01-08 19:54:29.444997,ID_06
673,8,0.5,2019-01-08 19:55:38.303002,2019-01-08 19:55:38.058002,2019-01-08 19:55:53.308996,ID_06
674,9,0.5,2019-01-08 19:57:03.044999,2019-01-08 19:57:03.044999,2019-01-08 19:57:18.051002,ID_06
675,1,0.0,2019-01-08 19:20:18.194003,2019-01-08 19:20:18.194003,2019-01-08 19:20:33.208003,ID_06
676,2,0.0,2019-01-08 19:21:47.246004,2019-01-08 19:21:47.246004,2019-01-08 19:22:02.256997,ID_06
677,3,0.0,2019-01-08 19:23:14.470999,2019-01-08 19:23:14.225003,2019-01-08 19:23:29.477003,ID_06
678,4,0.0,2019-01-08 19:24:39.335002,2019-01-08 19:24:39.090003,2019-01-08 19:24:54.340996,ID_06
679,5,0.0,2019-01-08 19:26:04.944003,2019-01-08 19:26:04.699003,2019-01-08 19:26:19.951002,ID_06
680,6,0.0,2019-01-08 19:27:34.037997,2019-01-08 19:27:34.037997,2019-01-08 19:27:49.044997,ID_06
681,7,0.0,2019-01-08 19:29:05.508996,2019-01-08 19:29:05.508996,2019-01-08 19:29:20.517002,ID_06
682,8,0.0,2019-01-08 19:30:31.980002,2019-01-08 19:30:31.980002,2019-01-08 19:30:46.987001,ID_06
683,9,0.0,2019-01-08 19:31:57.446999,2019-01-08 19:31:57.201004,2019-01-08 19:32:12.451997,ID_06
684,1,0.25,2019-01-08 19:33:24.542001,2019-01-08 19:33:24.297001,2019-01-08 19:33:39.549000,ID_06
685,2,0.25,2019-01-08 19:34:49.518999,2019-01-08 19:34:49.518999,2019-01-08 19:35:04.525003,ID_06
686,3,0.25,2019-01-08 19:36:14.992997,2019-01-08 19:36:14.747998,2019-01-08 19:36:29.999001,ID_06
687,4,0.25,2019-01-08 19:37:43.095004,2019-01-08 19:37:43.095004,2019-01-08 19:37:58.100998,ID_06
688,5,0.25,2019-01-08 19:39:07.566996,2019-01-08 19:39:07.566996,2019-01-08 19:39:22.573000,ID_06
689,6,0.25,2019-01-08 19:40:31.289998,2019-01-08 19:40:31.291004,2019-01-08 19:40:46.296002,ID_06
690,7,0.25,2019-01-08 19:41:54.261998,2019-01-08 19:41:54.261998,2019-01-08 19:42:09.268998,ID_06
691,8,0.25,2019-01-08 19:43:20.741000,2019-01-08 19:43:20.496000,2019-01-08 19:43:35.747004,ID_06
692,9,0.25,2019-01-08 19:44:47.598002,2019-01-08 19:44:47.598002,2019-01-08 19:45:02.603996,ID_06
693,1,0.5,2019-01-08 19:46:13.084000,2019-01-08 19:46:13.084000,2019-01-08 19:46:28.090999,ID_06
694,2,0.5,2019-01-08 19:47:37.309996,2019-01-08 19:47:37.309996,2019-01-08 19:47:52.315004,ID_06
695,3,0.5,2019-01-08 19:49:01.289997,2019-01-08 19:49:01.044998,2019-01-08 19:49:16.296997,ID_06
696,4,0.5,2019-01-08 19:50:24.145000,2019-01-08 19:50:24.145000,2019-01-08 19:50:39.151999,ID_06
697,5,0.5,2019-01-08 19:51:50.878999,2019-01-08 19:51:50.878999,2019-01-08 19:52:05.885999,ID_06
698,6,0.5,2019-01-08 19:53:17.860000,2019-01-08 19:53:17.860000,2019-01-08 19:53:32.867000,ID_06
699,7,0.5,2019-01-08 19:54:42.351002,2019-01-08 19:54:42.351002,2019-01-08 19:54:57.358002,ID_06
700,8,0.5,2019-01-08 19:56:06.341997,2019-01-08 19:56:06.096997,2019-01-08 19:56:21.348997,ID_06
701,9,0.5,2019-01-08 19:57:31.708995,2019-01-08 19:57:31.708995,2019-01-08 19:57:46.714999,ID_06
702,1,0.0,2019-01-08 19:20:47.911997,2019-01-08 19:20:47.911997,2019-01-08 19:21:02.922004,ID_06
703,2,0.0,2019-01-08 19:22:16.904000,2019-01-08 19:22:16.904000,2019-01-08 19:22:31.911996,ID_06
704,3,0.0,2019-01-08 19:23:43.252003,2019-01-08 19:23:43.007004,2019-01-08 19:23:58.259999,ID_06
705,4,0.0,2019-01-08 19:25:07.368002,2019-01-08 19:25:07.123003,2019-01-08 19:25:22.375002,ID_06
706,5,0.0,2019-01-08 19:26:33.726999,2019-01-08 19:26:33.481999,2019-01-08 19:26:48.733003,ID_06
707,6,0.0,2019-01-08 19:28:04.196997,2019-01-08 19:28:04.196997,2019-01-08 19:28:19.203001,ID_06
708,7,0.0,2019-01-08 19:29:36.166997,2019-01-08 19:29:36.166997,2019-01-08 19:29:51.173001,ID_06
709,8,0.0,2019-01-08 19:30:59.885996,2019-01-08 19:30:59.885996,2019-01-08 19:31:14.892000,ID_06
710,9,0.0,2019-01-08 19:32:26.228004,2019-01-08 19:32:25.981998,2019-01-08 19:32:41.233002,ID_06
711,1,0.25,2019-01-08 19:33:53.697998,2019-01-08 19:33:53.454004,2019-01-08 19:34:08.706004,ID_06
712,2,0.25,2019-01-08 19:35:17.428001,2019-01-08 19:35:17.428001,2019-01-08 19:35:32.434005,ID_06
713,3,0.25,2019-01-08 19:36:43.774002,2019-01-08 19:36:43.529002,2019-01-08 19:36:58.781997,ID_06
714,4,0.25,2019-01-08 19:38:12.750999,2019-01-08 19:38:12.750999,2019-01-08 19:38:27.759004,ID_06
715,5,0.25,2019-01-08 19:39:34.975004,2019-01-08 19:39:34.975004,2019-01-08 19:39:49.980998,ID_06
716,6,0.25,2019-01-08 19:40:59.448998,2019-01-08 19:40:59.448998,2019-01-08 19:41:14.455002,ID_06
717,7,0.25,2019-01-08 19:42:21.671002,2019-01-08 19:42:21.671002,2019-01-08 19:42:36.678002,ID_06
718,8,0.25,2019-01-08 19:43:50.274002,2019-01-08 19:43:50.029002,2019-01-08 19:44:05.281002,ID_06
719,9,0.25,2019-01-08 19:45:16.257000,2019-01-08 19:45:16.257000,2019-01-08 19:45:31.263999,ID_06
720,1,0.5,2019-01-08 19:46:41.490997,2019-01-08 19:46:41.490997,2019-01-08 19:46:56.497997,ID_06
721,2,0.5,2019-01-08 19:48:05.218998,2019-01-08 19:48:05.218998,2019-01-08 19:48:20.225002,ID_06
722,3,0.5,2019-01-08 19:49:29.325995,2019-01-08 19:49:29.080995,2019-01-08 19:49:44.331999,ID_06
723,4,0.5,2019-01-08 19:50:51.555000,2019-01-08 19:50:51.555000,2019-01-08 19:51:06.562995,ID_06
724,5,0.5,2019-01-08 19:52:20.538997,2019-01-08 19:52:20.538997,2019-01-08 19:52:35.545997,ID_06
725,6,0.5,2019-01-08 19:53:46.520003,2019-01-08 19:53:46.520003,2019-01-08 19:54:01.527003,ID_06
726,7,0.5,2019-01-08 19:55:10.265999,2019-01-08 19:55:10.265999,2019-01-08 19:55:25.272002,ID_06
727,8,0.5,2019-01-08 19:56:34.379000,2019-01-08 19:56:34.134001,2019-01-08 19:56:49.386000,ID_06
728,9,0.5,2019-01-08 19:58:00.371000,2019-01-08 19:58:00.371000,2019-01-08 19:58:15.378996,ID_06
729,1,0.0,2019-01-09 15:32:22.092001,2019-01-09 15:32:22.092001,2019-01-09 15:32:37.115003,ID_09
730,2,0.0,2019-01-09 15:33:45.922003,2019-01-09 15:33:45.922003,2019-01-09 15:34:00.929002,ID_09
731,3,0.0,2019-01-09 15:35:08.145003,2019-01-09 15:35:08.145003,2019-01-09 15:35:23.150996,ID_09
732,4,0.0,2019-01-09 15:36:30.877002,2019-01-09 15:36:30.877002,2019-01-09 15:36:45.882996,ID_09
733,5,0.0,2019-01-09 15:37:56.358997,2019-01-09 15:37:56.358997,2019-01-09 15:38:11.367002,ID_09
734,6,0.0,2019-01-09 15:39:24.330004,2019-01-09 15:39:24.330004,2019-01-09 15:39:39.335002,ID_09
735,7,0.0,2019-01-09 15:40:51.305000,2019-01-09 15:40:51.305000,2019-01-09 15:41:06.312000,ID_09
736,8,0.0,2019-01-09 15:42:19.394001,2019-01-09 15:42:19.149002,2019-01-09 15:42:34.401001,ID_09
737,9,0.0,2019-01-09 15:43:46.622999,2019-01-09 15:43:46.622999,2019-01-09 15:44:01.629999,ID_09
738,1,0.25,2019-01-09 15:45:16.096000,2019-01-09 15:45:16.096000,2019-01-09 15:45:31.102004,ID_09
739,2,0.25,2019-01-09 15:46:45.196000,2019-01-09 15:46:44.951000,2019-01-09 15:47:00.202999,ID_09
740,3,0.25,2019-01-09 15:48:10.671999,2019-01-09 15:48:10.671999,2019-01-09 15:48:25.678999,ID_09
741,4,0.25,2019-01-09 15:49:36.174996,2019-01-09 15:49:36.174996,2019-01-09 15:49:51.181995,ID_09
742,5,0.25,2019-01-09 15:51:02.907999,2019-01-09 15:51:02.907999,2019-01-09 15:51:17.914003,ID_09
743,6,0.25,2019-01-09 15:52:25.763997,2019-01-09 15:52:25.518998,2019-01-09 15:52:40.770997,ID_09
744,7,0.25,2019-01-09 15:53:50.999001,2019-01-09 15:53:50.754997,2019-01-09 15:54:06.006000,ID_09
745,8,0.25,2019-01-09 15:55:17.723002,2019-01-09 15:55:17.723002,2019-01-09 15:55:32.730002,ID_09
746,9,0.25,2019-01-09 15:56:42.574001,2019-01-09 15:56:42.329001,2019-01-09 15:56:57.581000,ID_09
747,1,0.5,2019-01-09 15:58:09.303997,2019-01-09 15:58:09.303997,2019-01-09 15:58:24.310001,ID_09
748,2,0.5,2019-01-09 15:59:40.160002,2019-01-09 15:59:39.913996,2019-01-09 15:59:55.165996,ID_09
749,3,0.5,2019-01-09 16:01:08.014997,2019-01-09 16:01:07.769997,2019-01-09 16:01:23.021997,ID_09
750,4,0.5,2019-01-09 16:02:33.490997,2019-01-09 16:02:33.492003,2019-01-09 16:02:48.497996,ID_09
751,5,0.5,2019-01-09 16:03:57.969999,2019-01-09 16:03:57.969999,2019-01-09 16:04:12.976003,ID_09
752,6,0.5,2019-01-09 16:05:23.331999,2019-01-09 16:05:23.088005,2019-01-09 16:05:38.338998,ID_09
753,7,0.5,2019-01-09 16:06:48.191999,2019-01-09 16:06:47.946999,2019-01-09 16:07:03.198999,ID_09
754,8,0.5,2019-01-09 16:08:14.431996,2019-01-09 16:08:14.431996,2019-01-09 16:08:29.438000,ID_09
755,9,0.5,2019-01-09 16:09:39.664998,2019-01-09 16:09:39.664998,2019-01-09 16:09:54.671997,ID_09
756,1,0.0,2019-01-09 15:32:50.298999,2019-01-09 15:32:50.298999,2019-01-09 15:33:05.313995,ID_09
757,2,0.0,2019-01-09 15:34:13.330997,2019-01-09 15:34:13.330997,2019-01-09 15:34:28.339998,ID_09
758,3,0.0,2019-01-09 15:35:35.553997,2019-01-09 15:35:35.553997,2019-01-09 15:35:50.560997,ID_09
759,4,0.0,2019-01-09 15:36:58.789997,2019-01-09 15:36:58.789997,2019-01-09 15:37:13.796997,ID_09
760,5,0.0,2019-01-09 15:38:26.015002,2019-01-09 15:38:26.015002,2019-01-09 15:38:41.022997,ID_09
761,6,0.0,2019-01-09 15:39:52.991999,2019-01-09 15:39:52.991999,2019-01-09 15:40:07.998003,ID_09
762,7,0.0,2019-01-09 15:41:20.961005,2019-01-09 15:41:20.961005,2019-01-09 15:41:35.969000,ID_09
763,8,0.0,2019-01-09 15:42:48.171998,2019-01-09 15:42:47.926999,2019-01-09 15:43:03.180004,ID_09
764,9,0.0,2019-01-09 15:44:16.280996,2019-01-09 15:44:16.280996,2019-01-09 15:44:31.287995,ID_09
765,1,0.25,2019-01-09 15:45:46.254004,2019-01-09 15:45:46.254004,2019-01-09 15:46:01.259998,ID_09
766,2,0.25,2019-01-09 15:47:13.984005,2019-01-09 15:47:13.738995,2019-01-09 15:47:28.989999,ID_09
767,3,0.25,2019-01-09 15:48:38.588002,2019-01-09 15:48:38.588002,2019-01-09 15:48:53.595001,ID_09
768,4,0.25,2019-01-09 15:50:05.840999,2019-01-09 15:50:05.840999,2019-01-09 15:50:20.847998,ID_09
769,5,0.25,2019-01-09 15:51:30.315002,2019-01-09 15:51:30.315002,2019-01-09 15:51:45.322998,ID_09
770,6,0.25,2019-01-09 15:52:53.798003,2019-01-09 15:52:53.553004,2019-01-09 15:53:08.803997,ID_09
771,7,0.25,2019-01-09 15:54:20.157000,2019-01-09 15:54:19.912000,2019-01-09 15:54:35.164995,ID_09
772,8,0.25,2019-01-09 15:55:46.130995,2019-01-09 15:55:46.130995,2019-01-09 15:56:01.137995,ID_09
773,9,0.25,2019-01-09 15:57:10.609998,2019-01-09 15:57:10.364998,2019-01-09 15:57:25.616998,ID_09
774,1,0.5,2019-01-09 15:58:39.961002,2019-01-09 15:58:39.961002,2019-01-09 15:58:54.968002,ID_09
775,2,0.5,2019-01-09 16:00:09.694000,2019-01-09 16:00:09.449000,2019-01-09 16:00:24.700999,ID_09
776,3,0.5,2019-01-09 16:01:36.798999,2019-01-09 16:01:36.553999,2019-01-09 16:01:51.805999,ID_09
777,4,0.5,2019-01-09 16:03:01.401004,2019-01-09 16:03:01.401004,2019-01-09 16:03:16.406998,ID_09
778,5,0.5,2019-01-09 16:04:26.626995,2019-01-09 16:04:26.626995,2019-01-09 16:04:41.635001,ID_09
779,6,0.5,2019-01-09 16:05:51.371004,2019-01-09 16:05:51.126004,2019-01-09 16:06:06.376998,ID_09
780,7,0.5,2019-01-09 16:07:16.973999,2019-01-09 16:07:16.729000,2019-01-09 16:07:31.980003,ID_09
781,8,0.5,2019-01-09 16:08:43.089002,2019-01-09 16:08:43.089002,2019-01-09 16:08:58.094996,ID_09
782,9,0.5,2019-01-09 16:10:07.573004,2019-01-09 16:10:07.573004,2019-01-09 16:10:22.578998,ID_09
783,1,0.0,2019-01-09 15:33:18.507999,2019-01-09 15:33:18.507999,2019-01-09 15:33:33.517001,ID_09
784,2,0.0,2019-01-09 15:34:40.738996,2019-01-09 15:34:40.738996,2019-01-09 15:34:55.745995,ID_09
785,3,0.0,2019-01-09 15:36:02.963997,2019-01-09 15:36:02.963997,2019-01-09 15:36:17.970001,ID_09
786,4,0.0,2019-01-09 15:37:26.694995,2019-01-09 15:37:26.694995,2019-01-09 15:37:41.703001,ID_09
787,5,0.0,2019-01-09 15:38:55.672998,2019-01-09 15:38:55.672998,2019-01-09 15:39:10.679998,ID_09
788,6,0.0,2019-01-09 15:40:21.647004,2019-01-09 15:40:21.647004,2019-01-09 15:40:36.652998,ID_09
789,7,0.0,2019-01-09 15:41:50.616004,2019-01-09 15:41:50.616004,2019-01-09 15:42:05.623004,ID_09
790,8,0.0,2019-01-09 15:43:16.956996,2019-01-09 15:43:16.713002,2019-01-09 15:43:31.963996,ID_09
791,9,0.0,2019-01-09 15:44:45.941999,2019-01-09 15:44:45.941999,2019-01-09 15:45:00.948999,ID_09
792,1,0.25,2019-01-09 15:46:16.413003,2019-01-09 15:46:16.413003,2019-01-09 15:46:31.420003,ID_09
793,2,0.25,2019-01-09 15:47:42.764004,2019-01-09 15:47:42.519004,2019-01-09 15:47:57.769997,ID_09
794,3,0.25,2019-01-09 15:49:06.502002,2019-01-09 15:49:06.502002,2019-01-09 15:49:21.509998,ID_09
795,4,0.25,2019-01-09 15:50:35.502998,2019-01-09 15:50:35.502998,2019-01-09 15:50:50.509998,ID_09
796,5,0.25,2019-01-09 15:51:57.723997,2019-01-09 15:51:57.723997,2019-01-09 15:52:12.730996,ID_09
797,6,0.25,2019-01-09 15:53:21.832995,2019-01-09 15:53:21.587996,2019-01-09 15:53:36.840005,ID_09
798,7,0.25,2019-01-09 15:54:49.316005,2019-01-09 15:54:49.070995,2019-01-09 15:55:04.323005,ID_09
799,8,0.25,2019-01-09 15:56:14.541000,2019-01-09 15:56:14.541000,2019-01-09 15:56:29.548000,ID_09
800,9,0.25,2019-01-09 15:57:38.644004,2019-01-09 15:57:38.400000,2019-01-09 15:57:53.651004,ID_09
801,1,0.5,2019-01-09 15:59:10.624002,2019-01-09 15:59:10.624002,2019-01-09 15:59:25.631002,ID_09
802,2,0.5,2019-01-09 16:00:39.227998,2019-01-09 16:00:38.982998,2019-01-09 16:00:54.234997,ID_09
803,3,0.5,2019-01-09 16:02:05.583001,2019-01-09 16:02:05.338001,2019-01-09 16:02:20.590001,ID_09
804,4,0.5,2019-01-09 16:03:29.311002,2019-01-09 16:03:29.311002,2019-01-09 16:03:44.316996,ID_09
805,5,0.5,2019-01-09 16:04:55.300004,2019-01-09 16:04:55.300004,2019-01-09 16:05:10.308000,ID_09
806,6,0.5,2019-01-09 16:06:19.405000,2019-01-09 16:06:19.160996,2019-01-09 16:06:34.412995,ID_09
807,7,0.5,2019-01-09 16:07:45.763000,2019-01-09 16:07:45.517005,2019-01-09 16:08:00.770000,ID_09
808,8,0.5,2019-01-09 16:09:11.750001,2019-01-09 16:09:11.750001,2019-01-09 16:09:26.757997,ID_09
809,9,0.5,2019-01-09 16:10:35.481995,2019-01-09 16:10:35.481995,2019-01-09 16:10:50.490001,ID_09
810,1,0.0,2019-01-15 14:52:59.754995,2019-01-15 14:52:59.754995,2019-01-15 14:53:14.777998,ID_16
811,2,0.0,2019-01-15 14:54:27.947003,2019-01-15 14:54:27.702004,2019-01-15 14:54:42.956005,ID_16
812,3,0.0,2019-01-15 14:55:56.156996,2019-01-15 14:55:56.156996,2019-01-15 14:56:11.163995,ID_16
813,4,0.0,2019-01-15 14:57:27.131004,2019-01-15 14:57:27.131004,2019-01-15 14:57:42.136998,ID_16
814,5,0.0,2019-01-15 14:58:54.593002,2019-01-15 14:58:54.593002,2019-01-15 14:59:09.598996,ID_16
815,6,0.0,2019-01-15 15:00:19.555999,2019-01-15 15:00:19.555999,2019-01-15 15:00:34.562999,ID_16
816,7,0.0,2019-01-15 15:01:46.006999,2019-01-15 15:01:45.761003,2019-01-15 15:02:01.011997,ID_16
817,8,0.0,2019-01-15 15:03:12.203997,2019-01-15 15:03:12.203997,2019-01-15 15:03:27.210996,ID_16
818,9,0.0,2019-01-15 15:04:37.659005,2019-01-15 15:04:37.659005,2019-01-15 15:04:52.664999,ID_16
819,1,0.25,2019-01-15 15:06:04.983003,2019-01-15 15:06:04.736998,2019-01-15 15:06:19.988997,ID_16
820,2,0.25,2019-01-15 15:07:29.819005,2019-01-15 15:07:29.572999,2019-01-15 15:07:44.826004,ID_16
821,3,0.25,2019-01-15 15:08:56.030999,2019-01-15 15:08:56.030999,2019-01-15 15:09:11.037999,ID_16
822,4,0.25,2019-01-15 15:10:22.115998,2019-01-15 15:10:21.872004,2019-01-15 15:10:37.124003,ID_16
823,5,0.25,2019-01-15 15:11:47.077004,2019-01-15 15:11:47.077004,2019-01-15 15:12:02.082002,ID_16
824,6,0.25,2019-01-15 15:13:09.282995,2019-01-15 15:13:09.282995,2019-01-15 15:13:24.288999,ID_16
825,7,0.25,2019-01-15 15:14:31.485999,2019-01-15 15:14:31.485999,2019-01-15 15:14:46.495000,ID_16
826,8,0.25,2019-01-15 15:15:54.201000,2019-01-15 15:15:54.201000,2019-01-15 15:16:09.208000,ID_16
827,9,0.25,2019-01-15 15:17:18.664996,2019-01-15 15:17:18.664996,2019-01-15 15:17:33.671000,ID_16
828,1,0.5,2019-01-15 15:18:44.370999,2019-01-15 15:18:44.370999,2019-01-15 15:18:59.377998,ID_16
829,2,0.5,2019-01-15 15:20:09.204998,2019-01-15 15:20:08.961004,2019-01-15 15:20:24.211998,ID_16
830,3,0.5,2019-01-15 15:21:34.911997,2019-01-15 15:21:34.911997,2019-01-15 15:21:49.918996,ID_16
831,4,0.5,2019-01-15 15:23:02.125998,2019-01-15 15:23:02.125998,2019-01-15 15:23:17.132001,ID_16
832,5,0.5,2019-01-15 15:24:25.832997,2019-01-15 15:24:25.832997,2019-01-15 15:24:40.839001,ID_16
833,6,0.5,2019-01-15 15:25:51.168000,2019-01-15 15:25:50.923000,2019-01-15 15:26:06.174999,ID_16
834,7,0.5,2019-01-15 15:27:19.012001,2019-01-15 15:27:18.767001,2019-01-15 15:27:34.021002,ID_16
835,8,0.5,2019-01-15 15:28:46.733000,2019-01-15 15:28:46.733000,2019-01-15 15:29:01.740995,ID_16
836,9,0.5,2019-01-15 15:30:15.079000,2019-01-15 15:30:14.833005,2019-01-15 15:30:30.086000,ID_16
837,1,0.0,2019-01-15 14:53:29.456997,2019-01-15 14:53:29.456997,2019-01-15 14:53:44.472998,ID_16
838,2,0.0,2019-01-15 14:54:56.727998,2019-01-15 14:54:56.484004,2019-01-15 14:55:11.739001,ID_16
839,3,0.0,2019-01-15 14:56:26.818004,2019-01-15 14:56:26.818004,2019-01-15 14:56:41.825004,ID_16
840,4,0.0,2019-01-15 14:57:56.782996,2019-01-15 14:57:56.782996,2019-01-15 14:58:11.789000,ID_16
841,5,0.0,2019-01-15 14:59:22.745002,2019-01-15 14:59:22.745002,2019-01-15 14:59:37.752002,ID_16
842,6,0.0,2019-01-15 15:00:48.209998,2019-01-15 15:00:48.209998,2019-01-15 15:01:03.216998,ID_16
843,7,0.0,2019-01-15 15:02:15.154004,2019-01-15 15:02:14.909005,2019-01-15 15:02:30.159002,ID_16
844,8,0.0,2019-01-15 15:03:40.103996,2019-01-15 15:03:40.103996,2019-01-15 15:03:55.110996,ID_16
845,9,0.0,2019-01-15 15:05:07.308995,2019-01-15 15:05:07.308995,2019-01-15 15:05:22.316005,ID_16
846,1,0.25,2019-01-15 15:06:33.012996,2019-01-15 15:06:32.767996,2019-01-15 15:06:48.019996,ID_16
847,2,0.25,2019-01-15 15:07:58.597002,2019-01-15 15:07:58.352002,2019-01-15 15:08:13.604001,ID_16
848,3,0.25,2019-01-15 15:09:24.684002,2019-01-15 15:09:24.684002,2019-01-15 15:09:39.691002,ID_16
849,4,0.25,2019-01-15 15:10:50.893995,2019-01-15 15:10:50.648995,2019-01-15 15:11:05.901005,ID_16
850,5,0.25,2019-01-15 15:12:14.476996,2019-01-15 15:12:14.476996,2019-01-15 15:12:29.483996,ID_16
851,6,0.25,2019-01-15 15:13:36.684999,2019-01-15 15:13:36.684999,2019-01-15 15:13:51.691999,ID_16
852,7,0.25,2019-01-15 15:14:58.896995,2019-01-15 15:14:58.896995,2019-01-15 15:15:13.904005,ID_16
853,8,0.25,2019-01-15 15:16:22.110998,2019-01-15 15:16:22.110998,2019-01-15 15:16:37.117997,ID_16
854,9,0.25,2019-01-15 15:17:47.319005,2019-01-15 15:17:47.319005,2019-01-15 15:18:02.324998,ID_16
855,1,0.5,2019-01-15 15:19:12.774999,2019-01-15 15:19:12.774999,2019-01-15 15:19:27.783004,ID_16
856,2,0.5,2019-01-15 15:20:37.232004,2019-01-15 15:20:36.987004,2019-01-15 15:20:52.239003,ID_16
857,3,0.5,2019-01-15 15:22:04.570003,2019-01-15 15:22:04.570003,2019-01-15 15:22:19.575001,ID_16
858,4,0.5,2019-01-15 15:23:30.027999,2019-01-15 15:23:30.027999,2019-01-15 15:23:45.034003,ID_16
859,5,0.5,2019-01-15 15:24:53.736004,2019-01-15 15:24:53.736004,2019-01-15 15:25:08.743003,ID_16
860,6,0.5,2019-01-15 15:26:20.701998,2019-01-15 15:26:20.456998,2019-01-15 15:26:35.708997,ID_16
861,7,0.5,2019-01-15 15:27:47.792996,2019-01-15 15:27:47.547000,2019-01-15 15:28:02.799995,ID_16
862,8,0.5,2019-01-15 15:29:16.887996,2019-01-15 15:29:16.887996,2019-01-15 15:29:31.894996,ID_16
863,9,0.5,2019-01-15 15:30:43.107001,2019-01-15 15:30:42.862998,2019-01-15 15:30:58.114001,ID_16
864,1,0.0,2019-01-15 14:53:59.156001,2019-01-15 14:53:59.156001,2019-01-15 14:54:14.165998,ID_16
865,2,0.0,2019-01-15 14:55:25.507997,2019-01-15 14:55:25.264003,2019-01-15 14:55:40.514996,ID_16
866,3,0.0,2019-01-15 14:56:57.479002,2019-01-15 14:56:57.479002,2019-01-15 14:57:12.486002,ID_16
867,4,0.0,2019-01-15 14:58:26.436003,2019-01-15 14:58:26.436003,2019-01-15 14:58:41.443003,ID_16
868,5,0.0,2019-01-15 14:59:50.899999,2019-01-15 14:59:50.899999,2019-01-15 15:00:05.906999,ID_16
869,6,0.0,2019-01-15 15:01:16.858998,2019-01-15 15:01:16.858998,2019-01-15 15:01:31.865002,ID_16
870,7,0.0,2019-01-15 15:02:44.303997,2019-01-15 15:02:44.060003,2019-01-15 15:02:59.310997,ID_16
871,8,0.0,2019-01-15 15:04:08.010001,2019-01-15 15:04:08.010001,2019-01-15 15:04:23.017000,ID_16
872,9,0.0,2019-01-15 15:05:36.957004,2019-01-15 15:05:36.957004,2019-01-15 15:05:51.964003,ID_16
873,1,0.25,2019-01-15 15:07:01.042003,2019-01-15 15:07:00.797003,2019-01-15 15:07:16.049003,ID_16
874,2,0.25,2019-01-15 15:08:27.372002,2019-01-15 15:08:27.127002,2019-01-15 15:08:42.379001,ID_16
875,3,0.25,2019-01-15 15:09:53.340998,2019-01-15 15:09:53.340998,2019-01-15 15:10:08.347998,ID_16
876,4,0.25,2019-01-15 15:11:19.677997,2019-01-15 15:11:19.432997,2019-01-15 15:11:34.684001,ID_16
877,5,0.25,2019-01-15 15:12:41.881001,2019-01-15 15:12:41.881001,2019-01-15 15:12:56.886995,ID_16
878,6,0.25,2019-01-15 15:14:04.085001,2019-01-15 15:14:04.085001,2019-01-15 15:14:19.092001,ID_16
879,7,0.25,2019-01-15 15:15:26.298999,2019-01-15 15:15:26.298999,2019-01-15 15:15:41.307005,ID_16
880,8,0.25,2019-01-15 15:16:50.012003,2019-01-15 15:16:50.012003,2019-01-15 15:17:05.019998,ID_16
881,9,0.25,2019-01-15 15:18:15.969996,2019-01-15 15:18:15.969996,2019-01-15 15:18:30.976000,ID_16
882,1,0.5,2019-01-15 15:19:41.178999,2019-01-15 15:19:41.178999,2019-01-15 15:19:56.185002,ID_16
883,2,0.5,2019-01-15 15:21:05.258999,2019-01-15 15:21:05.013999,2019-01-15 15:21:20.265999,ID_16
884,3,0.5,2019-01-15 15:22:34.223001,2019-01-15 15:22:34.223001,2019-01-15 15:22:49.230996,ID_16
885,4,0.5,2019-01-15 15:23:57.930000,2019-01-15 15:23:57.930000,2019-01-15 15:24:12.936999,ID_16
886,5,0.5,2019-01-15 15:25:21.639996,2019-01-15 15:25:21.639996,2019-01-15 15:25:36.645005,ID_16
887,6,0.5,2019-01-15 15:26:50.230996,2019-01-15 15:26:49.987003,2019-01-15 15:27:05.237996,ID_16
888,7,0.5,2019-01-15 15:28:16.574996,2019-01-15 15:28:16.329001,2019-01-15 15:28:31.581000,ID_16
889,8,0.5,2019-01-15 15:29:47.043998,2019-01-15 15:29:47.043998,2019-01-15 15:30:02.052004,ID_16
890,9,0.5,2019-01-15 15:31:11.140002,2019-01-15 15:31:10.895002,2019-01-15 15:31:26.145996,ID_16
891,1,0.0,2019-01-17 09:29:48.254996,2019-01-17 09:29:48.254996,2019-01-17 09:30:03.277002,ID_19
892,2,0.0,2019-01-17 09:31:13.841999,2019-01-17 09:31:13.841999,2019-01-17 09:31:28.850004,ID_19
893,3,0.0,2019-01-17 09:32:41.807001,2019-01-17 09:32:41.807001,2019-01-17 09:32:56.814001,ID_19
894,4,0.0,2019-01-17 09:34:08.638003,2019-01-17 09:34:08.391997,2019-01-17 09:34:23.645003,ID_19
895,5,0.0,2019-01-17 09:35:35.731998,2019-01-17 09:35:35.486999,2019-01-17 09:35:50.738002,ID_19
896,6,0.0,2019-01-17 09:37:02.434003,2019-01-17 09:37:02.434003,2019-01-17 09:37:17.439996,ID_19
897,7,0.0,2019-01-17 09:38:32.516002,2019-01-17 09:38:32.271998,2019-01-17 09:38:47.521996,ID_19
898,8,0.0,2019-01-17 09:39:58.853001,2019-01-17 09:39:58.608002,2019-01-17 09:40:13.860001,ID_19
899,9,0.0,2019-01-17 09:41:26.065996,2019-01-17 09:41:26.065996,2019-01-17 09:41:41.072996,ID_19
900,1,0.25,2019-01-17 09:42:55.022002,2019-01-17 09:42:55.022002,2019-01-17 09:43:10.027995,ID_19
901,2,0.25,2019-01-17 09:44:21.725001,2019-01-17 09:44:21.725001,2019-01-17 09:44:36.730995,ID_19
902,3,0.25,2019-01-17 09:45:44.925003,2019-01-17 09:45:44.925003,2019-01-17 09:45:59.932002,ID_19
903,4,0.25,2019-01-17 09:47:09.880999,2019-01-17 09:47:09.880999,2019-01-17 09:47:24.887999,ID_19
904,5,0.25,2019-01-17 09:48:34.086004,2019-01-17 09:48:34.086004,2019-01-17 09:48:49.091998,ID_19
905,6,0.25,2019-01-17 09:49:57.289003,2019-01-17 09:49:57.289003,2019-01-17 09:50:12.296003,ID_19
906,7,0.25,2019-01-17 09:51:20.870002,2019-01-17 09:51:20.625002,2019-01-17 09:51:35.875996,ID_19
907,8,0.25,2019-01-17 09:52:47.074996,2019-01-17 09:52:47.074996,2019-01-17 09:53:02.081996,ID_19
908,9,0.25,2019-01-17 09:54:12.290004,2019-01-17 09:54:12.290004,2019-01-17 09:54:27.297999,ID_19
909,1,0.5,2019-01-17 09:55:36.756001,2019-01-17 09:55:36.756001,2019-01-17 09:55:51.762005,ID_19
910,2,0.5,2019-01-17 09:57:03.715004,2019-01-17 09:57:03.715004,2019-01-17 09:57:18.720998,ID_19
911,3,0.5,2019-01-17 09:58:32.173004,2019-01-17 09:58:31.926998,2019-01-17 09:58:47.178998,ID_19
912,4,0.5,2019-01-17 09:59:58.380995,2019-01-17 09:59:58.380995,2019-01-17 10:00:13.388005,ID_19
913,5,0.5,2019-01-17 10:01:22.968004,2019-01-17 10:01:22.723004,2019-01-17 10:01:37.973998,ID_19
914,6,0.5,2019-01-17 10:02:50.675997,2019-01-17 10:02:50.675997,2019-01-17 10:03:05.682997,ID_19
915,7,0.5,2019-01-17 10:04:18.383005,2019-01-17 10:04:18.383005,2019-01-17 10:04:33.390004,ID_19
916,8,0.5,2019-01-17 10:05:41.225002,2019-01-17 10:05:40.980002,2019-01-17 10:05:56.230995,ID_19
917,9,0.5,2019-01-17 10:07:05.310001,2019-01-17 10:07:05.065001,2019-01-17 10:07:20.315995,ID_19
918,1,0.0,2019-01-17 09:30:16.208998,2019-01-17 09:30:16.208998,2019-01-17 09:30:31.222998,ID_19
919,2,0.0,2019-01-17 09:31:43.496002,2019-01-17 09:31:43.496002,2019-01-17 09:31:58.507005,ID_19
920,3,0.0,2019-01-17 09:33:10.458998,2019-01-17 09:33:10.458998,2019-01-17 09:33:25.465002,ID_19
921,4,0.0,2019-01-17 09:34:38.165996,2019-01-17 09:34:37.922002,2019-01-17 09:34:53.172996,ID_19
922,5,0.0,2019-01-17 09:36:03.757002,2019-01-17 09:36:03.512003,2019-01-17 09:36:18.762996,ID_19
923,6,0.0,2019-01-17 09:37:33.088000,2019-01-17 09:37:33.088000,2019-01-17 09:37:48.094004,ID_19
924,7,0.0,2019-01-17 09:39:01.294000,2019-01-17 09:39:01.049000,2019-01-17 09:39:16.300003,ID_19
925,8,0.0,2019-01-17 09:40:27.639005,2019-01-17 09:40:27.393995,2019-01-17 09:40:42.644999,ID_19
926,9,0.0,2019-01-17 09:41:55.719004,2019-01-17 09:41:55.719004,2019-01-17 09:42:10.726004,ID_19
927,1,0.25,2019-01-17 09:43:24.674999,2019-01-17 09:43:24.674999,2019-01-17 09:43:39.681999,ID_19
928,2,0.25,2019-01-17 09:44:49.125004,2019-01-17 09:44:49.125004,2019-01-17 09:45:04.130998,ID_19
929,3,0.25,2019-01-17 09:46:13.325995,2019-01-17 09:46:13.325995,2019-01-17 09:46:28.334001,ID_19
930,4,0.25,2019-01-17 09:47:38.032003,2019-01-17 09:47:38.032003,2019-01-17 09:47:53.037997,ID_19
931,5,0.25,2019-01-17 09:49:01.987000,2019-01-17 09:49:01.987000,2019-01-17 09:49:16.993004,ID_19
932,6,0.25,2019-01-17 09:50:24.692998,2019-01-17 09:50:24.692998,2019-01-17 09:50:39.699002,ID_19
933,7,0.25,2019-01-17 09:51:49.647999,2019-01-17 09:51:49.403995,2019-01-17 09:52:04.656005,ID_19
934,8,0.25,2019-01-17 09:53:15.730001,2019-01-17 09:53:15.730001,2019-01-17 09:53:30.736005,ID_19
935,9,0.25,2019-01-17 09:54:40.190999,2019-01-17 09:54:40.190999,2019-01-17 09:54:55.197003,ID_19
936,1,0.5,2019-01-17 09:56:05.405997,2019-01-17 09:56:05.405997,2019-01-17 09:56:20.412000,ID_19
937,2,0.5,2019-01-17 09:57:33.370999,2019-01-17 09:57:33.370999,2019-01-17 09:57:48.377999,ID_19
938,3,0.5,2019-01-17 09:59:01.324002,2019-01-17 09:59:01.079998,2019-01-17 09:59:16.331002,ID_19
939,4,0.5,2019-01-17 10:00:26.284002,2019-01-17 10:00:26.284002,2019-01-17 10:00:41.289996,ID_19
940,5,0.5,2019-01-17 10:01:51.744995,2019-01-17 10:01:51.499000,2019-01-17 10:02:06.750999,ID_19
941,6,0.5,2019-01-17 10:03:20.829002,2019-01-17 10:03:20.829002,2019-01-17 10:03:35.836002,ID_19
942,7,0.5,2019-01-17 10:04:45.791999,2019-01-17 10:04:45.791999,2019-01-17 10:05:00.798999,ID_19
943,8,0.5,2019-01-17 10:06:09.253999,2019-01-17 10:06:09.008003,2019-01-17 10:06:24.260003,ID_19
944,9,0.5,2019-01-17 10:07:33.338998,2019-01-17 10:07:33.093999,2019-01-17 10:07:48.345002,ID_19
945,1,0.0,2019-01-17 09:30:44.172999,2019-01-17 09:30:44.172999,2019-01-17 09:30:59.181004,ID_19
946,2,0.0,2019-01-17 09:32:13.153998,2019-01-17 09:32:13.153998,2019-01-17 09:32:28.160998,ID_19
947,3,0.0,2019-01-17 09:33:39.110000,2019-01-17 09:33:39.110000,2019-01-17 09:33:54.116004,ID_19
948,4,0.0,2019-01-17 09:35:07.701000,2019-01-17 09:35:07.456000,2019-01-17 09:35:22.707004,ID_19
949,5,0.0,2019-01-17 09:36:31.783002,2019-01-17 09:36:31.538002,2019-01-17 09:36:46.790002,ID_19
950,6,0.0,2019-01-17 09:38:03.741003,2019-01-17 09:38:03.741003,2019-01-17 09:38:18.746996,ID_19
951,7,0.0,2019-01-17 09:39:30.068004,2019-01-17 09:39:29.824000,2019-01-17 09:39:45.077005,ID_19
952,8,0.0,2019-01-17 09:40:56.415001,2019-01-17 09:40:56.170001,2019-01-17 09:41:11.421004,ID_19
953,9,0.0,2019-01-17 09:42:25.370000,2019-01-17 09:42:25.370000,2019-01-17 09:42:40.377000,ID_19
954,1,0.25,2019-01-17 09:43:54.324003,2019-01-17 09:43:54.324003,2019-01-17 09:44:09.329997,ID_19
955,2,0.25,2019-01-17 09:45:16.524996,2019-01-17 09:45:16.524996,2019-01-17 09:45:31.531000,ID_19
956,3,0.25,2019-01-17 09:46:41.729995,2019-01-17 09:46:41.729995,2019-01-17 09:46:56.735999,ID_19
957,4,0.25,2019-01-17 09:48:06.182997,2019-01-17 09:48:06.182997,2019-01-17 09:48:21.189001,ID_19
958,5,0.25,2019-01-17 09:49:29.886003,2019-01-17 09:49:29.886003,2019-01-17 09:49:44.891997,ID_19
959,6,0.25,2019-01-17 09:50:52.093001,2019-01-17 09:50:52.093001,2019-01-17 09:51:07.100000,ID_19
960,7,0.25,2019-01-17 09:52:18.422999,2019-01-17 09:52:18.177999,2019-01-17 09:52:33.429999,ID_19
961,8,0.25,2019-01-17 09:53:44.388998,2019-01-17 09:53:44.388998,2019-01-17 09:53:59.395002,ID_19
962,9,0.25,2019-01-17 09:55:08.100997,2019-01-17 09:55:08.100997,2019-01-17 09:55:23.107996,ID_19
963,1,0.5,2019-01-17 09:56:34.058999,2019-01-17 09:56:34.058999,2019-01-17 09:56:49.065999,ID_19
964,2,0.5,2019-01-17 09:58:03.021995,2019-01-17 09:58:03.021995,2019-01-17 09:58:18.027999,ID_19
965,3,0.5,2019-01-17 09:59:30.477002,2019-01-17 09:59:30.230997,2019-01-17 09:59:45.484002,ID_19
966,4,0.5,2019-01-17 10:00:54.186999,2019-01-17 10:00:54.186999,2019-01-17 10:01:09.193003,ID_19
967,5,0.5,2019-01-17 10:02:20.523002,2019-01-17 10:02:20.278998,2019-01-17 10:02:35.530002,ID_19
968,6,0.5,2019-01-17 10:03:50.981001,2019-01-17 10:03:50.981001,2019-01-17 10:04:05.988001,ID_19
969,7,0.5,2019-01-17 10:05:13.194999,2019-01-17 10:05:13.194999,2019-01-17 10:05:28.201003,ID_19
970,8,0.5,2019-01-17 10:06:37.282000,2019-01-17 10:06:37.037000,2019-01-17 10:06:52.289000,ID_19
971,9,0.5,2019-01-17 10:08:01.366999,2019-01-17 10:08:01.122000,2019-01-17 10:08:16.373999,ID_19
972,1,0.0,2019-01-21 09:22:19.002997,2019-01-21 09:22:19.002997,2019-01-21 09:22:34.025003,ID_23
973,2,0.0,2019-01-21 09:23:47.196996,2019-01-21 09:23:46.951997,2019-01-21 09:24:02.205002,ID_23
974,3,0.0,2019-01-21 09:25:15.413003,2019-01-21 09:25:15.413003,2019-01-21 09:25:30.420003,ID_23
975,4,0.0,2019-01-21 09:26:46.370999,2019-01-21 09:26:46.370999,2019-01-21 09:27:01.379005,ID_23
976,5,0.0,2019-01-21 09:28:13.836005,2019-01-21 09:28:13.836005,2019-01-21 09:28:28.841999,ID_23
977,6,0.0,2019-01-21 09:29:38.784005,2019-01-21 09:29:38.784005,2019-01-21 09:29:53.789999,ID_23
978,7,0.0,2019-01-21 09:31:05.226998,2019-01-21 09:31:04.981999,2019-01-21 09:31:20.235004,ID_23
979,8,0.0,2019-01-21 09:32:31.429005,2019-01-21 09:32:31.429005,2019-01-21 09:32:46.434999,ID_23
980,9,0.0,2019-01-21 09:33:56.880996,2019-01-21 09:33:56.880996,2019-01-21 09:34:11.887000,ID_23
981,1,0.25,2019-01-21 09:35:24.201001,2019-01-21 09:35:23.956001,2019-01-21 09:35:39.207005,ID_23
982,2,0.25,2019-01-21 09:36:49.023997,2019-01-21 09:36:48.778997,2019-01-21 09:37:04.030996,ID_23
983,3,0.25,2019-01-21 09:38:15.221005,2019-01-21 09:38:15.221005,2019-01-21 09:38:30.226998,ID_23
984,4,0.25,2019-01-21 09:39:41.299999,2019-01-21 09:39:41.056005,2019-01-21 09:39:56.306003,ID_23
985,5,0.25,2019-01-21 09:41:06.254004,2019-01-21 09:41:06.254004,2019-01-21 09:41:21.259998,ID_23
986,6,0.25,2019-01-21 09:42:28.461997,2019-01-21 09:42:28.461997,2019-01-21 09:42:43.468996,ID_23
987,7,0.25,2019-01-21 09:43:50.667998,2019-01-21 09:43:50.667998,2019-01-21 09:44:05.674002,ID_23
988,8,0.25,2019-01-21 09:45:13.382999,2019-01-21 09:45:13.382999,2019-01-21 09:45:28.389003,ID_23
989,9,0.25,2019-01-21 09:46:37.850002,2019-01-21 09:46:37.850002,2019-01-21 09:46:52.857998,ID_23
990,1,0.5,2019-01-21 09:48:03.569000,2019-01-21 09:48:03.569000,2019-01-21 09:48:18.575004,ID_23
991,2,0.5,2019-01-21 09:49:28.412002,2019-01-21 09:49:28.167002,2019-01-21 09:49:43.419998,ID_23
992,3,0.5,2019-01-21 09:50:54.131996,2019-01-21 09:50:54.131996,2019-01-21 09:51:09.138000,ID_23
993,4,0.5,2019-01-21 09:52:21.342999,2019-01-21 09:52:21.342999,2019-01-21 09:52:36.349999,ID_23
994,5,0.5,2019-01-21 09:53:45.075004,2019-01-21 09:53:45.075999,2019-01-21 09:54:00.082003,ID_23
995,6,0.5,2019-01-21 09:55:10.423002,2019-01-21 09:55:10.178002,2019-01-21 09:55:25.430001,ID_23
996,7,0.5,2019-01-21 09:56:38.265997,2019-01-21 09:56:38.020998,2019-01-21 09:56:53.272997,ID_23
997,8,0.5,2019-01-21 09:58:05.993001,2019-01-21 09:58:05.993001,2019-01-21 09:58:21.000001,ID_23
998,9,0.5,2019-01-21 09:59:34.343004,2019-01-21 09:59:34.098005,2019-01-21 09:59:49.348998,ID_23
999,1,0.0,2019-01-21 09:22:48.704998,2019-01-21 09:22:48.704998,2019-01-21 09:23:03.718998,ID_23
1000,2,0.0,2019-01-21 09:24:15.982004,2019-01-21 09:24:15.738000,2019-01-21 09:24:30.992997,ID_23
1001,3,0.0,2019-01-21 09:25:46.071004,2019-01-21 09:25:46.071004,2019-01-21 09:26:01.078004,ID_23
1002,4,0.0,2019-01-21 09:27:16.030002,2019-01-21 09:27:16.030002,2019-01-21 09:27:31.039003,ID_23
1003,5,0.0,2019-01-21 09:28:41.988004,2019-01-21 09:28:41.988004,2019-01-21 09:28:56.995004,ID_23
1004,6,0.0,2019-01-21 09:30:07.431999,2019-01-21 09:30:07.431999,2019-01-21 09:30:22.438003,ID_23
1005,7,0.0,2019-01-21 09:31:34.382000,2019-01-21 09:31:34.137000,2019-01-21 09:31:49.388004,ID_23
1006,8,0.0,2019-01-21 09:32:59.327003,2019-01-21 09:32:59.327003,2019-01-21 09:33:14.334003,ID_23
1007,9,0.0,2019-01-21 09:34:26.529004,2019-01-21 09:34:26.529004,2019-01-21 09:34:41.534998,ID_23
1008,1,0.25,2019-01-21 09:35:52.226005,2019-01-21 09:35:51.980995,2019-01-21 09:36:07.233004,ID_23
1009,2,0.25,2019-01-21 09:37:17.795999,2019-01-21 09:37:17.551995,2019-01-21 09:37:32.802999,ID_23
1010,3,0.25,2019-01-21 09:38:43.873002,2019-01-21 09:38:43.873002,2019-01-21 09:38:58.880001,ID_23
1011,4,0.25,2019-01-21 09:40:10.077000,2019-01-21 09:40:09.832000,2019-01-21 09:40:25.083004,ID_23
1012,5,0.25,2019-01-21 09:41:33.660001,2019-01-21 09:41:33.660001,2019-01-21 09:41:48.666005,ID_23
1013,6,0.25,2019-01-21 09:42:55.868004,2019-01-21 09:42:55.868004,2019-01-21 09:43:10.875003,ID_23
1014,7,0.25,2019-01-21 09:44:18.077003,2019-01-21 09:44:18.077003,2019-01-21 09:44:33.082997,ID_23
1015,8,0.25,2019-01-21 09:45:41.287998,2019-01-21 09:45:41.287998,2019-01-21 09:45:56.294997,ID_23
1016,9,0.25,2019-01-21 09:47:06.509000,2019-01-21 09:47:06.509000,2019-01-21 09:47:21.516000,ID_23
1017,1,0.5,2019-01-21 09:48:31.980001,2019-01-21 09:48:31.980001,2019-01-21 09:48:46.986005,ID_23
1018,2,0.5,2019-01-21 09:49:56.443997,2019-01-21 09:49:56.198997,2019-01-21 09:50:11.450000,ID_23
1019,3,0.5,2019-01-21 09:51:23.783998,2019-01-21 09:51:23.783998,2019-01-21 09:51:38.790001,ID_23
1020,4,0.5,2019-01-21 09:52:49.250995,2019-01-21 09:52:49.250995,2019-01-21 09:53:04.259001,ID_23
1021,5,0.5,2019-01-21 09:54:12.982004,2019-01-21 09:54:12.982004,2019-01-21 09:54:27.987002,ID_23
1022,6,0.5,2019-01-21 09:55:39.952996,2019-01-21 09:55:39.707997,2019-01-21 09:55:54.959000,ID_23
1023,7,0.5,2019-01-21 09:57:07.045000,2019-01-21 09:57:06.800001,2019-01-21 09:57:22.052996,ID_23
1024,8,0.5,2019-01-21 09:58:36.151005,2019-01-21 09:58:36.151005,2019-01-21 09:58:51.158004,ID_23
1025,9,0.5,2019-01-21 10:00:02.372001,2019-01-21 10:00:02.127002,2019-01-21 10:00:17.377995,ID_23
1026,1,0.0,2019-01-21 09:23:18.409001,2019-01-21 09:23:18.409001,2019-01-21 09:23:33.418002,ID_23
1027,2,0.0,2019-01-21 09:24:44.762999,2019-01-21 09:24:44.519005,2019-01-21 09:24:59.769998,ID_23
1028,3,0.0,2019-01-21 09:26:16.718002,2019-01-21 09:26:16.718002,2019-01-21 09:26:31.725001,ID_23
1029,4,0.0,2019-01-21 09:27:45.682999,2019-01-21 09:27:45.682999,2019-01-21 09:28:00.687997,ID_23
1030,5,0.0,2019-01-21 09:29:10.136001,2019-01-21 09:29:10.136001,2019-01-21 09:29:25.142005,ID_23
1031,6,0.0,2019-01-21 09:30:36.078997,2019-01-21 09:30:36.078997,2019-01-21 09:30:51.085997,ID_23
1032,7,0.0,2019-01-21 09:32:03.528995,2019-01-21 09:32:03.283000,2019-01-21 09:32:18.534003,ID_23
1033,8,0.0,2019-01-21 09:33:27.230996,2019-01-21 09:33:27.230996,2019-01-21 09:33:42.239001,ID_23
1034,9,0.0,2019-01-21 09:34:56.177999,2019-01-21 09:34:56.177999,2019-01-21 09:35:11.182997,ID_23
1035,1,0.25,2019-01-21 09:36:20.248997,2019-01-21 09:36:20.003002,2019-01-21 09:36:35.253995,ID_23
1036,2,0.25,2019-01-21 09:37:46.573001,2019-01-21 09:37:46.328001,2019-01-21 09:38:01.579005,ID_23
1037,3,0.25,2019-01-21 09:39:12.526005,2019-01-21 09:39:12.527000,2019-01-21 09:39:27.533004,ID_23
1038,4,0.25,2019-01-21 09:40:38.854001,2019-01-21 09:40:38.607996,2019-01-21 09:40:53.861001,ID_23
1039,5,0.25,2019-01-21 09:42:01.060999,2019-01-21 09:42:01.060999,2019-01-21 09:42:16.067998,ID_23
1040,6,0.25,2019-01-21 09:43:23.267000,2019-01-21 09:43:23.267000,2019-01-21 09:43:38.274000,ID_23
1041,7,0.25,2019-01-21 09:44:45.480998,2019-01-21 09:44:45.480998,2019-01-21 09:45:00.487002,ID_23
1042,8,0.25,2019-01-21 09:46:09.196999,2019-01-21 09:46:09.196999,2019-01-21 09:46:24.201998,ID_23
1043,9,0.25,2019-01-21 09:47:35.162003,2019-01-21 09:47:35.162003,2019-01-21 09:47:50.167997,ID_23
1044,1,0.5,2019-01-21 09:49:00.384001,2019-01-21 09:49:00.384001,2019-01-21 09:49:15.391001,ID_23
1045,2,0.5,2019-01-21 09:50:24.473004,2019-01-21 09:50:24.226998,2019-01-21 09:50:39.478998,ID_23
1046,3,0.5,2019-01-21 09:51:53.440003,2019-01-21 09:51:53.440003,2019-01-21 09:52:08.447002,ID_23
1047,4,0.5,2019-01-21 09:53:17.170005,2019-01-21 09:53:17.170005,2019-01-21 09:53:32.177005,ID_23
1048,5,0.5,2019-01-21 09:54:40.882999,2019-01-21 09:54:40.884005,2019-01-21 09:54:55.889999,ID_23
1049,6,0.5,2019-01-21 09:56:09.481995,2019-01-21 09:56:09.236000,2019-01-21 09:56:24.487999,ID_23
1050,7,0.5,2019-01-21 09:57:35.836999,2019-01-21 09:57:35.593005,2019-01-21 09:57:50.843003,ID_23
1051,8,0.5,2019-01-21 09:59:06.311000,2019-01-21 09:59:06.311000,2019-01-21 09:59:21.318000,ID_23
1052,9,0.5,2019-01-21 10:00:30.405997,2019-01-21 10:00:30.160998,2019-01-21 10:00:45.412001,ID_23
1053,1,0.0,2019-01-22 14:36:18.063999,2019-01-22 14:36:18.063999,2019-01-22 14:36:33.085996,ID_28
1054,2,0.0,2019-01-22 14:37:44.897002,2019-01-22 14:37:44.897002,2019-01-22 14:37:59.904998,ID_28
1055,3,0.0,2019-01-22 14:39:08.877999,2019-01-22 14:39:08.633000,2019-01-22 14:39:23.884999,ID_28
1056,4,0.0,2019-01-22 14:40:37.356004,2019-01-22 14:40:37.356004,2019-01-22 14:40:52.363004,ID_28
1057,5,0.0,2019-01-22 14:42:05.588004,2019-01-22 14:42:05.588004,2019-01-22 14:42:20.593998,ID_28
1058,6,0.0,2019-01-22 14:43:29.303996,2019-01-22 14:43:29.303996,2019-01-22 14:43:44.312001,ID_28
1059,7,0.0,2019-01-22 14:44:53.915003,2019-01-22 14:44:53.670003,2019-01-22 14:45:08.922003,ID_28
1060,8,0.0,2019-01-22 14:46:20.138997,2019-01-22 14:46:20.138997,2019-01-22 14:46:35.147003,ID_28
1061,9,0.0,2019-01-22 14:47:45.369002,2019-01-22 14:47:45.369002,2019-01-22 14:48:00.374996,ID_28
1062,1,0.25,2019-01-22 14:49:10.852002,2019-01-22 14:49:10.852002,2019-01-22 14:49:25.859002,ID_28
1063,2,0.25,2019-01-22 14:50:39.819997,2019-01-22 14:50:39.819997,2019-01-22 14:50:54.828002,ID_28
1064,3,0.25,2019-01-22 14:52:07.181995,2019-01-22 14:52:06.936996,2019-01-22 14:52:22.187999,ID_28
1065,4,0.25,2019-01-22 14:53:31.275997,2019-01-22 14:53:31.030002,2019-01-22 14:53:46.282001,ID_28
1066,5,0.25,2019-01-22 14:54:54.754995,2019-01-22 14:54:54.754995,2019-01-22 14:55:09.762005,ID_28
1067,6,0.25,2019-01-22 14:56:17.745000,2019-01-22 14:56:17.745000,2019-01-22 14:56:32.751999,ID_28
1068,7,0.25,2019-01-22 14:57:41.970000,2019-01-22 14:57:41.970000,2019-01-22 14:57:56.977000,ID_28
1069,8,0.25,2019-01-22 14:59:05.817997,2019-01-22 14:59:05.572997,2019-01-22 14:59:20.824996,ID_28
1070,9,0.25,2019-01-22 15:00:30.689001,2019-01-22 15:00:30.442995,2019-01-22 15:00:45.696996,ID_28
1071,1,0.5,2019-01-22 15:01:57.794996,2019-01-22 15:01:57.549996,2019-01-22 15:02:12.801995,ID_28
1072,2,0.5,2019-01-22 15:03:25.526998,2019-01-22 15:03:25.526998,2019-01-22 15:03:40.533998,ID_28
1073,3,0.5,2019-01-22 15:04:51.634005,2019-01-22 15:04:51.387999,2019-01-22 15:05:06.639998,ID_28
1074,4,0.5,2019-01-22 15:06:17.615996,2019-01-22 15:06:17.615996,2019-01-22 15:06:32.622996,ID_28
1075,5,0.5,2019-01-22 15:07:43.222995,2019-01-22 15:07:42.979002,2019-01-22 15:07:58.229995,ID_28
1076,6,0.5,2019-01-22 15:09:11.470002,2019-01-22 15:09:11.470002,2019-01-22 15:09:26.475996,ID_28
1077,7,0.5,2019-01-22 15:10:42.465998,2019-01-22 15:10:42.465998,2019-01-22 15:10:57.472998,ID_28
1078,8,0.5,2019-01-22 15:12:10.455000,2019-01-22 15:12:10.455000,2019-01-22 15:12:25.461004,ID_28
1079,9,0.5,2019-01-22 15:13:35.196997,2019-01-22 15:13:35.196997,2019-01-22 15:13:50.203996,ID_28
1080,1,0.0,2019-01-22 14:36:47.778000,2019-01-22 14:36:47.778000,2019-01-22 14:37:02.792000,ID_28
1081,2,0.0,2019-01-22 14:38:12.305001,2019-01-22 14:38:12.305997,2019-01-22 14:38:27.314998,ID_28
1082,3,0.0,2019-01-22 14:39:38.038996,2019-01-22 14:39:37.793000,2019-01-22 14:39:53.044004,ID_28
1083,4,0.0,2019-01-22 14:41:07.522005,2019-01-22 14:41:07.522005,2019-01-22 14:41:22.527998,ID_28
1084,5,0.0,2019-01-22 14:42:33.495004,2019-01-22 14:42:33.495004,2019-01-22 14:42:48.502004,ID_28
1085,6,0.0,2019-01-22 14:43:57.212002,2019-01-22 14:43:57.212002,2019-01-22 14:44:12.217995,ID_28
1086,7,0.0,2019-01-22 14:45:22.700997,2019-01-22 14:45:22.457003,2019-01-22 14:45:37.709002,ID_28
1087,8,0.0,2019-01-22 14:46:48.799997,2019-01-22 14:46:48.799997,2019-01-22 14:47:03.805005,ID_28
1088,9,0.0,2019-01-22 14:48:13.278999,2019-01-22 14:48:13.278999,2019-01-22 14:48:28.285003,ID_28
1089,1,0.25,2019-01-22 14:49:40.507997,2019-01-22 14:49:40.507997,2019-01-22 14:49:55.514997,ID_28
1090,2,0.25,2019-01-22 14:51:09.481001,2019-01-22 14:51:09.481001,2019-01-22 14:51:24.487005,ID_28
1091,3,0.25,2019-01-22 14:52:35.214000,2019-01-22 14:52:34.968004,2019-01-22 14:52:50.220004,ID_28
1092,4,0.25,2019-01-22 14:53:59.312005,2019-01-22 14:53:59.065999,2019-01-22 14:54:14.319004,ID_28
1093,5,0.25,2019-01-22 14:55:22.168003,2019-01-22 14:55:22.168003,2019-01-22 14:55:37.173996,ID_28
1094,6,0.25,2019-01-22 14:56:45.901003,2019-01-22 14:56:45.901003,2019-01-22 14:57:00.908002,ID_28
1095,7,0.25,2019-01-22 14:58:09.877000,2019-01-22 14:58:09.877000,2019-01-22 14:58:24.883004,ID_28
1096,8,0.25,2019-01-22 14:59:33.859999,2019-01-22 14:59:33.614999,2019-01-22 14:59:48.866003,ID_28
1097,9,0.25,2019-01-22 15:00:59.478002,2019-01-22 15:00:59.233998,2019-01-22 15:01:14.485001,ID_28
1098,1,0.5,2019-01-22 15:02:27.334003,2019-01-22 15:02:27.087997,2019-01-22 15:02:42.339001,ID_28
1099,2,0.5,2019-01-22 15:03:54.185000,2019-01-22 15:03:54.185000,2019-01-22 15:04:09.191004,ID_28
1100,3,0.5,2019-01-22 15:05:20.419002,2019-01-22 15:05:20.174003,2019-01-22 15:05:35.424996,ID_28
1101,4,0.5,2019-01-22 15:06:46.026997,2019-01-22 15:06:46.026997,2019-01-22 15:07:01.033001,ID_28
1102,5,0.5,2019-01-22 15:08:12.013002,2019-01-22 15:08:11.768003,2019-01-22 15:08:27.020002,ID_28
1103,6,0.5,2019-01-22 15:09:42.135004,2019-01-22 15:09:42.135004,2019-01-22 15:09:57.142003,ID_28
1104,7,0.5,2019-01-22 15:11:12.129004,2019-01-22 15:11:12.129004,2019-01-22 15:11:27.134998,ID_28
1105,8,0.5,2019-01-22 15:12:39.120998,2019-01-22 15:12:39.120998,2019-01-22 15:12:54.127002,ID_28
1106,9,0.5,2019-01-22 15:14:02.613997,2019-01-22 15:14:02.613997,2019-01-22 15:14:17.620001,ID_28
1107,1,0.0,2019-01-22 14:37:17.480002,2019-01-22 14:37:17.480002,2019-01-22 14:37:32.489999,ID_28
1108,2,0.0,2019-01-22 14:38:39.717003,2019-01-22 14:38:39.717003,2019-01-22 14:38:54.722997,ID_28
1109,3,0.0,2019-01-22 14:40:07.198001,2019-01-22 14:40:06.953001,2019-01-22 14:40:22.205000,ID_28
1110,4,0.0,2019-01-22 14:41:37.675995,2019-01-22 14:41:37.675995,2019-01-22 14:41:52.683005,ID_28
1111,5,0.0,2019-01-22 14:43:01.398997,2019-01-22 14:43:01.400003,2019-01-22 14:43:16.407003,ID_28
1112,6,0.0,2019-01-22 14:44:25.126002,2019-01-22 14:44:25.126002,2019-01-22 14:44:40.131996,ID_28
1113,7,0.0,2019-01-22 14:45:51.482001,2019-01-22 14:45:51.237002,2019-01-22 14:46:06.489997,ID_28
1114,8,0.0,2019-01-22 14:47:17.462002,2019-01-22 14:47:17.462002,2019-01-22 14:47:32.467996,ID_28
1115,9,0.0,2019-01-22 14:48:41.193996,2019-01-22 14:48:41.193996,2019-01-22 14:48:56.200995,ID_28
1116,1,0.25,2019-01-22 14:50:10.164002,2019-01-22 14:50:10.164002,2019-01-22 14:50:25.169996,ID_28
1117,2,0.25,2019-01-22 14:51:39.136996,2019-01-22 14:51:39.136996,2019-01-22 14:51:54.145001,ID_28
1118,3,0.25,2019-01-22 14:53:03.244998,2019-01-22 14:53:02.999003,2019-01-22 14:53:18.251998,ID_28
1119,4,0.25,2019-01-22 14:54:27.343999,2019-01-22 14:54:27.098999,2019-01-22 14:54:42.350003,ID_28
1120,5,0.25,2019-01-22 14:55:49.585003,2019-01-22 14:55:49.585003,2019-01-22 14:56:04.592999,ID_28
1121,6,0.25,2019-01-22 14:57:14.058997,2019-01-22 14:57:14.058997,2019-01-22 14:57:29.065997,ID_28
1122,7,0.25,2019-01-22 14:58:37.784996,2019-01-22 14:58:37.784996,2019-01-22 14:58:52.791000,ID_28
1123,8,0.25,2019-01-22 15:00:01.894005,2019-01-22 15:00:01.648000,2019-01-22 15:00:16.899999,ID_28
1124,9,0.25,2019-01-22 15:01:28.262004,2019-01-22 15:01:28.015998,2019-01-22 15:01:43.267998,ID_28
1125,1,0.5,2019-01-22 15:02:56.867005,2019-01-22 15:02:56.623001,2019-01-22 15:03:11.872999,ID_28
1126,2,0.5,2019-01-22 15:04:22.843998,2019-01-22 15:04:22.843998,2019-01-22 15:04:37.850997,ID_28
1127,3,0.5,2019-01-22 15:05:49.204996,2019-01-22 15:05:48.959996,2019-01-22 15:06:04.211996,ID_28
1128,4,0.5,2019-01-22 15:07:14.435000,2019-01-22 15:07:14.435000,2019-01-22 15:07:29.441004,ID_28
1129,5,0.5,2019-01-22 15:08:40.804005,2019-01-22 15:08:40.557999,2019-01-22 15:08:55.809999,ID_28
1130,6,0.5,2019-01-22 15:10:12.798004,2019-01-22 15:10:12.798004,2019-01-22 15:10:27.805004,ID_28
1131,7,0.5,2019-01-22 15:11:41.794001,2019-01-22 15:11:41.794001,2019-01-22 15:11:56.800005,ID_28
1132,8,0.5,2019-01-22 15:13:07.781002,2019-01-22 15:13:07.781002,2019-01-22 15:13:22.788001,ID_28
1133,9,0.5,2019-01-22 15:14:30.025003,2019-01-22 15:14:30.025003,2019-01-22 15:14:45.032003,ID_28
1134,1,0.0,2019-01-29 17:12:59.554003,2019-01-29 17:12:59.554003,2019-01-29 17:13:14.578997,ID_34
1135,2,0.0,2019-01-29 17:14:24.257003,2019-01-29 17:14:24.012999,2019-01-29 17:14:39.267996,ID_34
1136,3,0.0,2019-01-29 17:15:49.719002,2019-01-29 17:15:49.719002,2019-01-29 17:16:04.726998,ID_34
1137,4,0.0,2019-01-29 17:17:13.671001,2019-01-29 17:17:13.671001,2019-01-29 17:17:28.678001,ID_34
1138,5,0.0,2019-01-29 17:18:39.630995,2019-01-29 17:18:39.630995,2019-01-29 17:18:54.636999,ID_34
1139,6,0.0,2019-01-29 17:20:07.581997,2019-01-29 17:20:07.581997,2019-01-29 17:20:22.588001,ID_34
1140,7,0.0,2019-01-29 17:21:32.778004,2019-01-29 17:21:32.778004,2019-01-29 17:21:47.785004,ID_34
1141,8,0.0,2019-01-29 17:22:56.982003,2019-01-29 17:22:56.982003,2019-01-29 17:23:11.989999,ID_34
1142,9,0.0,2019-01-29 17:24:21.181999,2019-01-29 17:24:21.181999,2019-01-29 17:24:36.188003,ID_34
1143,1,0.25,2019-01-29 17:25:46.132001,2019-01-29 17:25:46.132001,2019-01-29 17:26:01.141003,ID_34
1144,2,0.25,2019-01-29 17:27:16.083998,2019-01-29 17:27:16.083998,2019-01-29 17:27:31.092003,ID_34
1145,3,0.25,2019-01-29 17:28:42.786002,2019-01-29 17:28:42.786002,2019-01-29 17:28:57.793002,ID_34
1146,4,0.25,2019-01-29 17:30:06.367001,2019-01-29 17:30:06.120995,2019-01-29 17:30:21.373005,ID_34
1147,5,0.25,2019-01-29 17:31:32.701998,2019-01-29 17:31:32.456003,2019-01-29 17:31:47.706996,ID_34
1148,6,0.25,2019-01-29 17:32:58.156001,2019-01-29 17:32:58.156001,2019-01-29 17:33:13.162005,ID_34
1149,7,0.25,2019-01-29 17:34:21.361997,2019-01-29 17:34:21.361997,2019-01-29 17:34:36.368001,ID_34
1150,8,0.25,2019-01-29 17:35:45.324004,2019-01-29 17:35:45.079004,2019-01-29 17:36:00.331003,ID_34
1151,9,0.25,2019-01-29 17:37:11.657995,2019-01-29 17:37:11.412000,2019-01-29 17:37:26.665005,ID_34
1152,1,0.5,2019-01-29 17:38:38.367000,2019-01-29 17:38:38.367000,2019-01-29 17:38:53.374000,ID_34
1153,2,0.5,2019-01-29 17:40:08.451997,2019-01-29 17:40:08.206997,2019-01-29 17:40:23.458997,ID_34
1154,3,0.5,2019-01-29 17:41:34.032995,2019-01-29 17:41:33.789002,2019-01-29 17:41:49.041001,ID_34
1155,4,0.5,2019-01-29 17:42:59.621004,2019-01-29 17:42:59.376005,2019-01-29 17:43:14.628004,ID_34
1156,5,0.5,2019-01-29 17:44:28.336999,2019-01-29 17:44:28.336999,2019-01-29 17:44:43.343003,ID_34
1157,6,0.5,2019-01-29 17:45:56.297002,2019-01-29 17:45:56.297002,2019-01-29 17:46:11.302996,ID_34
1158,7,0.5,2019-01-29 17:47:21.638000,2019-01-29 17:47:21.393000,2019-01-29 17:47:36.644004,ID_34
1159,8,0.5,2019-01-29 17:48:46.353996,2019-01-29 17:48:46.353996,2019-01-29 17:49:01.360000,ID_34
1160,9,0.5,2019-01-29 17:50:13.320000,2019-01-29 17:50:13.320000,2019-01-29 17:50:28.326999,ID_34
1161,1,0.0,2019-01-29 17:13:27.511003,2019-01-29 17:13:27.511003,2019-01-29 17:13:42.523997,ID_34
1162,2,0.0,2019-01-29 17:14:53.040000,2019-01-29 17:14:52.795996,2019-01-29 17:15:08.049997,ID_34
1163,3,0.0,2019-01-29 17:16:17.621003,2019-01-29 17:16:17.621003,2019-01-29 17:16:32.626001,ID_34
1164,4,0.0,2019-01-29 17:17:41.820999,2019-01-29 17:17:41.820999,2019-01-29 17:17:56.827999,ID_34
1165,5,0.0,2019-01-29 17:19:09.282001,2019-01-29 17:19:09.282001,2019-01-29 17:19:24.287995,ID_34
1166,6,0.0,2019-01-29 17:20:36.230001,2019-01-29 17:20:36.230001,2019-01-29 17:20:51.236005,ID_34
1167,7,0.0,2019-01-29 17:22:00.676998,2019-01-29 17:22:00.676998,2019-01-29 17:22:15.683998,ID_34
1168,8,0.0,2019-01-29 17:23:25.382996,2019-01-29 17:23:25.382996,2019-01-29 17:23:40.389996,ID_34
1169,9,0.0,2019-01-29 17:24:48.580000,2019-01-29 17:24:48.580000,2019-01-29 17:25:03.587995,ID_34
1170,1,0.25,2019-01-29 17:26:16.284000,2019-01-29 17:26:16.284000,2019-01-29 17:26:31.290004,ID_34
1171,2,0.25,2019-01-29 17:27:45.735004,2019-01-29 17:27:45.735004,2019-01-29 17:28:00.742003,ID_34
1172,3,0.25,2019-01-29 17:29:10.189001,2019-01-29 17:29:10.189001,2019-01-29 17:29:25.194995,ID_34
1173,4,0.25,2019-01-29 17:30:35.142997,2019-01-29 17:30:34.897997,2019-01-29 17:30:50.149996,ID_34
1174,5,0.25,2019-01-29 17:32:01.478004,2019-01-29 17:32:01.233004,2019-01-29 17:32:16.485004,ID_34
1175,6,0.25,2019-01-29 17:33:26.056996,2019-01-29 17:33:26.056996,2019-01-29 17:33:41.065002,ID_34
1176,7,0.25,2019-01-29 17:34:48.768004,2019-01-29 17:34:48.768004,2019-01-29 17:35:03.773998,ID_34
1177,8,0.25,2019-01-29 17:36:14.475998,2019-01-29 17:36:14.230998,2019-01-29 17:36:29.482002,ID_34
1178,9,0.25,2019-01-29 17:37:39.687002,2019-01-29 17:37:39.442003,2019-01-29 17:37:54.692996,ID_34
1179,1,0.5,2019-01-29 17:39:09.022999,2019-01-29 17:39:09.022999,2019-01-29 17:39:24.029003,ID_34
1180,2,0.5,2019-01-29 17:40:37.228999,2019-01-29 17:40:36.983999,2019-01-29 17:40:52.235998,ID_34
1181,3,0.5,2019-01-29 17:42:02.062002,2019-01-29 17:42:01.815997,2019-01-29 17:42:17.067996,ID_34
1182,4,0.5,2019-01-29 17:43:29.150003,2019-01-29 17:43:28.905004,2019-01-29 17:43:44.157003,ID_34
1183,5,0.5,2019-01-29 17:44:57.991002,2019-01-29 17:44:57.991002,2019-01-29 17:45:12.996996,ID_34
1184,6,0.5,2019-01-29 17:46:24.949995,2019-01-29 17:46:24.949995,2019-01-29 17:46:39.957005,ID_34
1185,7,0.5,2019-01-29 17:47:49.670004,2019-01-29 17:47:49.423999,2019-01-29 17:48:04.675998,ID_34
1186,8,0.5,2019-01-29 17:49:15.008005,2019-01-29 17:49:15.008005,2019-01-29 17:49:30.013998,ID_34
1187,9,0.5,2019-01-29 17:50:42.976005,2019-01-29 17:50:42.976005,2019-01-29 17:50:57.984000,ID_34
1188,1,0.0,2019-01-29 17:13:55.466001,2019-01-29 17:13:55.466001,2019-01-29 17:14:10.477004,ID_34
1189,2,0.0,2019-01-29 17:15:21.817997,2019-01-29 17:15:21.572997,2019-01-29 17:15:36.824996,ID_34
1190,3,0.0,2019-01-29 17:16:45.519001,2019-01-29 17:16:45.519001,2019-01-29 17:17:00.526997,ID_34
1191,4,0.0,2019-01-29 17:18:09.974005,2019-01-29 17:18:09.974005,2019-01-29 17:18:24.982000,ID_34
1192,5,0.0,2019-01-29 17:19:38.932001,2019-01-29 17:19:38.932001,2019-01-29 17:19:53.939001,ID_34
1193,6,0.0,2019-01-29 17:21:04.876999,2019-01-29 17:21:04.876999,2019-01-29 17:21:19.885004,ID_34
1194,7,0.0,2019-01-29 17:22:28.581997,2019-01-29 17:22:28.581997,2019-01-29 17:22:43.588996,ID_34
1195,8,0.0,2019-01-29 17:23:53.783003,2019-01-29 17:23:53.783003,2019-01-29 17:24:08.790003,ID_34
1196,9,0.0,2019-01-29 17:25:15.980002,2019-01-29 17:25:15.980002,2019-01-29 17:25:30.987002,ID_34
1197,1,0.25,2019-01-29 17:26:46.433002,2019-01-29 17:26:46.433002,2019-01-29 17:27:01.440997,ID_34
1198,2,0.25,2019-01-29 17:28:15.385004,2019-01-29 17:28:15.385004,2019-01-29 17:28:30.392004,ID_34
1199,3,0.25,2019-01-29 17:29:37.590000,2019-01-29 17:29:37.590995,2019-01-29 17:29:52.596999,ID_34
1200,4,0.25,2019-01-29 17:31:03.922995,2019-01-29 17:31:03.677996,2019-01-29 17:31:18.929995,ID_34
1201,5,0.25,2019-01-29 17:32:30.254000,2019-01-29 17:32:30.008004,2019-01-29 17:32:45.260999,ID_34
1202,6,0.25,2019-01-29 17:33:53.960999,2019-01-29 17:33:53.960999,2019-01-29 17:34:08.967003,ID_34
1203,7,0.25,2019-01-29 17:35:16.171999,2019-01-29 17:35:16.171999,2019-01-29 17:35:31.178003,ID_34
1204,8,0.25,2019-01-29 17:36:43.628002,2019-01-29 17:36:43.383003,2019-01-29 17:36:58.635002,ID_34
1205,9,0.25,2019-01-29 17:38:07.713998,2019-01-29 17:38:07.470004,2019-01-29 17:38:22.722999,ID_34
1206,1,0.5,2019-01-29 17:39:39.674000,2019-01-29 17:39:39.674000,2019-01-29 17:39:54.681000,ID_34
1207,2,0.5,2019-01-29 17:41:06.006996,2019-01-29 17:41:05.761996,2019-01-29 17:41:21.013000,ID_34
1208,3,0.5,2019-01-29 17:42:30.091000,2019-01-29 17:42:29.846996,2019-01-29 17:42:45.097999,ID_34
1209,4,0.5,2019-01-29 17:43:58.682000,2019-01-29 17:43:58.436004,2019-01-29 17:44:13.688003,ID_34
1210,5,0.5,2019-01-29 17:45:27.643004,2019-01-29 17:45:27.643004,2019-01-29 17:45:42.650003,ID_34
1211,6,0.5,2019-01-29 17:46:53.607001,2019-01-29 17:46:53.607001,2019-01-29 17:47:08.612995,ID_34
1212,7,0.5,2019-01-29 17:48:17.699001,2019-01-29 17:48:17.454002,2019-01-29 17:48:32.704995,ID_34
1213,8,0.5,2019-01-29 17:49:43.662999,2019-01-29 17:49:43.662999,2019-01-29 17:49:58.669999,ID_34
1214,9,0.5,2019-01-29 17:51:12.632995,2019-01-29 17:51:12.632995,2019-01-29 17:51:27.640005,ID_34
1215,1,0.0,2019-01-31 09:34:50.560004,2019-01-31 09:34:50.560004,2019-01-31 09:35:05.586004,ID_37
1216,2,0.0,2019-01-31 09:36:16.137995,2019-01-31 09:36:16.137995,2019-01-31 09:36:31.146001,ID_37
1217,3,0.0,2019-01-31 09:37:44.095002,2019-01-31 09:37:44.095002,2019-01-31 09:37:59.102001,ID_37
1218,4,0.0,2019-01-31 09:39:10.926003,2019-01-31 09:39:10.681004,2019-01-31 09:39:25.933003,ID_37
1219,5,0.0,2019-01-31 09:40:38.005002,2019-01-31 09:40:37.760998,2019-01-31 09:40:53.012002,ID_37
1220,6,0.0,2019-01-31 09:42:04.720997,2019-01-31 09:42:04.720997,2019-01-31 09:42:19.727001,ID_37
1221,7,0.0,2019-01-31 09:43:34.800995,2019-01-31 09:43:34.555996,2019-01-31 09:43:49.808005,ID_37
1222,8,0.0,2019-01-31 09:45:01.122002,2019-01-31 09:45:00.877002,2019-01-31 09:45:16.129001,ID_37
1223,9,0.0,2019-01-31 09:46:28.322001,2019-01-31 09:46:28.322001,2019-01-31 09:46:43.329997,ID_37
1224,1,0.25,2019-01-31 09:47:57.277996,2019-01-31 09:47:57.277996,2019-01-31 09:48:12.284996,ID_37
1225,2,0.25,2019-01-31 09:49:23.980000,2019-01-31 09:49:23.980000,2019-01-31 09:49:38.986004,ID_37
1226,3,0.25,2019-01-31 09:50:47.184005,2019-01-31 09:50:47.184005,2019-01-31 09:51:02.191005,ID_37
1227,4,0.25,2019-01-31 09:52:12.140002,2019-01-31 09:52:12.140002,2019-01-31 09:52:27.147001,ID_37
1228,5,0.25,2019-01-31 09:53:36.349996,2019-01-31 09:53:36.349996,2019-01-31 09:53:51.356995,ID_37
1229,6,0.25,2019-01-31 09:54:59.546999,2019-01-31 09:54:59.546999,2019-01-31 09:55:14.555005,ID_37
1230,7,0.25,2019-01-31 09:56:23.132998,2019-01-31 09:56:22.887002,2019-01-31 09:56:38.139001,ID_37
1231,8,0.25,2019-01-31 09:57:49.333003,2019-01-31 09:57:49.333003,2019-01-31 09:58:04.338997,ID_37
1232,9,0.25,2019-01-31 09:59:14.538002,2019-01-31 09:59:14.538002,2019-01-31 09:59:29.545998,ID_37
1233,1,0.5,2019-01-31 10:00:38.999001,2019-01-31 10:00:38.999001,2019-01-31 10:00:54.003999,ID_37
1234,2,0.5,2019-01-31 10:02:05.984005,2019-01-31 10:02:05.984005,2019-01-31 10:02:20.991004,ID_37
1235,3,0.5,2019-01-31 10:03:34.440002,2019-01-31 10:03:34.193997,2019-01-31 10:03:49.445996,ID_37
1236,4,0.5,2019-01-31 10:05:00.651001,2019-01-31 10:05:00.651001,2019-01-31 10:05:15.656995,ID_37
1237,5,0.5,2019-01-31 10:06:25.245996,2019-01-31 10:06:25.000996,2019-01-31 10:06:40.252996,ID_37
1238,6,0.5,2019-01-31 10:07:52.972004,2019-01-31 10:07:52.972004,2019-01-31 10:08:07.979999,ID_37
1239,7,0.5,2019-01-31 10:09:20.696000,2019-01-31 10:09:20.696000,2019-01-31 10:09:35.703000,ID_37
1240,8,0.5,2019-01-31 10:10:43.551002,2019-01-31 10:10:43.304997,2019-01-31 10:10:58.556996,ID_37
1241,9,0.5,2019-01-31 10:12:07.643998,2019-01-31 10:12:07.398998,2019-01-31 10:12:22.652003,ID_37
1242,1,0.0,2019-01-31 09:35:18.517004,2019-01-31 09:35:18.517004,2019-01-31 09:35:33.529999,ID_37
1243,2,0.0,2019-01-31 09:36:45.791999,2019-01-31 09:36:45.791999,2019-01-31 09:37:00.801000,ID_37
1244,3,0.0,2019-01-31 09:38:12.744001,2019-01-31 09:38:12.744001,2019-01-31 09:38:27.751001,ID_37
1245,4,0.0,2019-01-31 09:39:40.452005,2019-01-31 09:39:40.206995,2019-01-31 09:39:55.457999,ID_37
1246,5,0.0,2019-01-31 09:41:06.038998,2019-01-31 09:41:05.793998,2019-01-31 09:41:21.045002,ID_37
1247,6,0.0,2019-01-31 09:42:35.376001,2019-01-31 09:42:35.376001,2019-01-31 09:42:50.383996,ID_37
1248,7,0.0,2019-01-31 09:44:03.579002,2019-01-31 09:44:03.332997,2019-01-31 09:44:18.584001,ID_37
1249,8,0.0,2019-01-31 09:45:29.899003,2019-01-31 09:45:29.654003,2019-01-31 09:45:44.906003,ID_37
1250,9,0.0,2019-01-31 09:46:57.974999,2019-01-31 09:46:57.974999,2019-01-31 09:47:12.984000,ID_37
1251,1,0.25,2019-01-31 09:48:26.929002,2019-01-31 09:48:26.929002,2019-01-31 09:48:41.936002,ID_37
1252,2,0.25,2019-01-31 09:49:51.383996,2019-01-31 09:49:51.383996,2019-01-31 09:50:06.390000,ID_37
1253,3,0.25,2019-01-31 09:51:15.582000,2019-01-31 09:51:15.582000,2019-01-31 09:51:30.589000,ID_37
1254,4,0.25,2019-01-31 09:52:40.290000,2019-01-31 09:52:40.290000,2019-01-31 09:52:55.297995,ID_37
1255,5,0.25,2019-01-31 09:54:04.249995,2019-01-31 09:54:04.249995,2019-01-31 09:54:19.257005,ID_37
1256,6,0.25,2019-01-31 09:55:26.951005,2019-01-31 09:55:26.951005,2019-01-31 09:55:41.958005,ID_37
1257,7,0.25,2019-01-31 09:56:51.905996,2019-01-31 09:56:51.660996,2019-01-31 09:57:06.912995,ID_37
1258,8,0.25,2019-01-31 09:58:17.987997,2019-01-31 09:58:17.987997,2019-01-31 09:58:32.994997,ID_37
1259,9,0.25,2019-01-31 09:59:42.440003,2019-01-31 09:59:42.440003,2019-01-31 09:59:57.445997,ID_37
1260,1,0.5,2019-01-31 10:01:07.669002,2019-01-31 10:01:07.669002,2019-01-31 10:01:22.676997,ID_37
1261,2,0.5,2019-01-31 10:02:35.635996,2019-01-31 10:02:35.635996,2019-01-31 10:02:50.642996,ID_37
1262,3,0.5,2019-01-31 10:04:03.595004,2019-01-31 10:04:03.350004,2019-01-31 10:04:18.600002,ID_37
1263,4,0.5,2019-01-31 10:05:28.553002,2019-01-31 10:05:28.553002,2019-01-31 10:05:43.560002,ID_37
1264,5,0.5,2019-01-31 10:06:54.027001,2019-01-31 10:06:53.782001,2019-01-31 10:07:09.034000,ID_37
1265,6,0.5,2019-01-31 10:08:23.131999,2019-01-31 10:08:23.131999,2019-01-31 10:08:38.138003,ID_37
1266,7,0.5,2019-01-31 10:09:48.103998,2019-01-31 10:09:48.103998,2019-01-31 10:10:03.110002,ID_37
1267,8,0.5,2019-01-31 10:11:11.582001,2019-01-31 10:11:11.335995,2019-01-31 10:11:26.589996,ID_37
1268,9,0.5,2019-01-31 10:12:35.681001,2019-01-31 10:12:35.436002,2019-01-31 10:12:50.686995,ID_37
1269,1,0.0,2019-01-31 09:35:46.475996,2019-01-31 09:35:46.475996,2019-01-31 09:36:01.486003,ID_37
1270,2,0.0,2019-01-31 09:37:15.446002,2019-01-31 09:37:15.446002,2019-01-31 09:37:30.451996,ID_37
1271,3,0.0,2019-01-31 09:38:41.391995,2019-01-31 09:38:41.391995,2019-01-31 09:38:56.397999,ID_37
1272,4,0.0,2019-01-31 09:40:09.974003,2019-01-31 09:40:09.727998,2019-01-31 09:40:24.979997,ID_37
1273,5,0.0,2019-01-31 09:41:34.066999,2019-01-31 09:41:33.821999,2019-01-31 09:41:49.075005,ID_37
1274,6,0.0,2019-01-31 09:43:06.025995,2019-01-31 09:43:06.025995,2019-01-31 09:43:21.032995,ID_37
1275,7,0.0,2019-01-31 09:44:32.351005,2019-01-31 09:44:32.104999,2019-01-31 09:44:47.356999,ID_37
1276,8,0.0,2019-01-31 09:45:58.672997,2019-01-31 09:45:58.427002,2019-01-31 09:46:13.679997,ID_37
1277,9,0.0,2019-01-31 09:47:27.629998,2019-01-31 09:47:27.629998,2019-01-31 09:47:42.636998,ID_37
1278,1,0.25,2019-01-31 09:48:56.579002,2019-01-31 09:48:56.579002,2019-01-31 09:49:11.586002,ID_37
1279,2,0.25,2019-01-31 09:50:18.783002,2019-01-31 09:50:18.783002,2019-01-31 09:50:33.790002,ID_37
1280,3,0.25,2019-01-31 09:51:43.979995,2019-01-31 09:51:43.979995,2019-01-31 09:51:58.986995,ID_37
1281,4,0.25,2019-01-31 09:53:08.442000,2019-01-31 09:53:08.442000,2019-01-31 09:53:23.448004,ID_37
1282,5,0.25,2019-01-31 09:54:32.150005,2019-01-31 09:54:32.150005,2019-01-31 09:54:47.155998,ID_37
1283,6,0.25,2019-01-31 09:55:54.350997,2019-01-31 09:55:54.350997,2019-01-31 09:56:09.357997,ID_37
1284,7,0.25,2019-01-31 09:57:20.682001,2019-01-31 09:57:20.437002,2019-01-31 09:57:35.689001,ID_37
1285,8,0.25,2019-01-31 09:58:46.638003,2019-01-31 09:58:46.638003,2019-01-31 09:59:01.643997,ID_37
1286,9,0.25,2019-01-31 10:00:10.343000,2019-01-31 10:00:10.343000,2019-01-31 10:00:25.349004,ID_37
1287,1,0.5,2019-01-31 10:01:36.323001,2019-01-31 10:01:36.323001,2019-01-31 10:01:51.330996,ID_37
1288,2,0.5,2019-01-31 10:03:05.287002,2019-01-31 10:03:05.287002,2019-01-31 10:03:20.292996,ID_37
1289,3,0.5,2019-01-31 10:04:32.749996,2019-01-31 10:04:32.504000,2019-01-31 10:04:47.755004,ID_37
1290,4,0.5,2019-01-31 10:05:56.460002,2019-01-31 10:05:56.460002,2019-01-31 10:06:11.467002,ID_37
1291,5,0.5,2019-01-31 10:07:22.811003,2019-01-31 10:07:22.566999,2019-01-31 10:07:37.818998,ID_37
1292,6,0.5,2019-01-31 10:08:53.285004,2019-01-31 10:08:53.285004,2019-01-31 10:09:08.290998,ID_37
1293,7,0.5,2019-01-31 10:10:15.513003,2019-01-31 10:10:15.513003,2019-01-31 10:10:30.520003,ID_37
1294,8,0.5,2019-01-31 10:11:39.612004,2019-01-31 10:11:39.367004,2019-01-31 10:11:54.619999,ID_37
1295,9,0.5,2019-01-31 10:13:03.716003,2019-01-31 10:13:03.471004,2019-01-31 10:13:18.723003,ID_37
