,psd_alfa_C1,psd_alfa_C2,psd_alfa_C3,psd_alfa_C4,psd_alfa_CP1,psd_alfa_CP2,psd_alfa_CP3,psd_alfa_CP4,psd_alfa_CPZ,psd_alfa_CZ,psd_alfa_F3,psd_alfa_F4,psd_alfa_F7,psd_alfa_F8,psd_alfa_FC1,psd_alfa_FC2,psd_alfa_FC3,psd_alfa_FC4,psd_alfa_FCZ,psd_alfa_FP1,psd_alfa_FP2,psd_alfa_FZ,psd_alfa_O1,psd_alfa_O2,psd_alfa_OZ,psd_alfa_P3,psd_alfa_P4,psd_alfa_P7,psd_alfa_P8,psd_alfa_PZ,psd_alfa_T7,psd_alfa_T8,psd_beta_C1,psd_beta_C2,psd_beta_C3,psd_beta_C4,psd_beta_CP1,psd_beta_CP2,psd_beta_CP3,psd_beta_CP4,psd_beta_CPZ,psd_beta_CZ,psd_beta_F3,psd_beta_F4,psd_beta_F7,psd_beta_F8,psd_beta_FC1,psd_beta_FC2,psd_beta_FC3,psd_beta_FC4,psd_beta_FCZ,psd_beta_FP1,psd_beta_FP2,psd_beta_FZ,psd_beta_O1,psd_beta_O2,psd_beta_OZ,psd_beta_P3,psd_beta_P4,psd_beta_P7,psd_beta_P8,psd_beta_PZ,psd_beta_T7,psd_beta_T8,psd_delta_C1,psd_delta_C2,psd_delta_C3,psd_delta_C4,psd_delta_CP1,psd_delta_CP2,psd_delta_CP3,psd_delta_CP4,psd_delta_CPZ,psd_delta_CZ,psd_delta_F3,psd_delta_F4,psd_delta_F7,psd_delta_F8,psd_delta_FC1,psd_delta_FC2,psd_delta_FC3,psd_delta_FC4,psd_delta_FCZ,psd_delta_FP1,psd_delta_FP2,psd_delta_FZ,psd_delta_O1,psd_delta_O2,psd_delta_OZ,psd_delta_P3,psd_delta_P4,psd_delta_P7,psd_delta_P8,psd_delta_PZ,psd_delta_T7,psd_delta_T8,psd_gamma_C1,psd_gamma_C2,psd_gamma_C3,psd_gamma_C4,psd_gamma_CP1,psd_gamma_CP2,psd_gamma_CP3,psd_gamma_CP4,psd_gamma_CPZ,psd_gamma_CZ,psd_gamma_F3,psd_gamma_F4,psd_gamma_F7,psd_gamma_F8,psd_gamma_FC1,psd_gamma_FC2,psd_gamma_FC3,psd_gamma_FC4,psd_gamma_FCZ,psd_gamma_FP1,psd_gamma_FP2,psd_gamma_FZ,psd_gamma_O1,psd_gamma_O2,psd_gamma_OZ,psd_gamma_P3,psd_gamma_P4,psd_gamma_P7,psd_gamma_P8,psd_gamma_PZ,psd_gamma_T7,psd_gamma_T8,psd_theta_C1,psd_theta_C2,psd_theta_C3,psd_theta_C4,psd_theta_CP1,psd_theta_CP2,psd_theta_CP3,psd_theta_CP4,psd_theta_CPZ,psd_theta_CZ,psd_theta_F3,psd_theta_F4,psd_theta_F7,psd_theta_F8,psd_theta_FC1,psd_theta_FC2,psd_theta_FC3,psd_theta_FC4,psd_theta_FCZ,psd_theta_FP1,psd_theta_FP2,psd_theta_FZ,psd_theta_O1,psd_theta_O2,psd_theta_OZ,psd_theta_P3,psd_theta_P4,psd_theta_P7,psd_theta_P8,psd_theta_PZ,psd_theta_T7,psd_theta_T8
18,4.253660037647933,2.515038417186588,4.2802638781722635,6.743221136275679,5.033226872910745,7.765158399706706,7.895803020801395,11.860299622640014,6.701840888126753,3.5896545814466663,5.147480042069219,4.78597660548985,5.522056628251448,5.192733398871496,4.721733930637129,7.363302283920348,3.6631034017773345,3.6670740228146315,5.549519875785336,2.586275018984452,1.9584965921239927,4.88755053083878,31.323588686063886,17.640701727941632,16.70828543137759,16.39952341793105,24.7979142004624,4.985257954103872,4.965666084899567,6.849192286608741,8.9873528922908,10.047961783129722,2.469551716785645,1.7024851913447492,2.6382405230833683,3.430153363296995,2.774716165731661,4.538300334388623,4.804725274880184,5.27530557155842,3.13273346182541,1.9996312166767893,3.265301806095522,3.3425209039705805,4.64302293403307,5.199216997425538,2.153425299184164,7.451169076375663,2.1807674165756907,2.4869009685062338,2.4153474369086325,2.0475485507631674,1.4899758843966993,2.102516096783802,14.285832672612742,5.678117289789952,9.872163755062502,7.974880725669209,8.279294364911038,2.1363849882618524,7.626333579537459,8.436977470410056,11.333734961226583,14.412554184673354,5.419961940788198,2.0273046065995004,1.831337584007997,3.2758798479335383,2.1445278252940625,10.979485276038758,6.98814482166199,7.107942012225976,5.025359187129652,1.91149145939562,3.5021374096686486,2.900837225752184,6.627056762226857,6.3346463575726375,3.038393013412133,5.968566747469595,2.8793772180506494,4.934990662150085,3.8506449964188505,2.0216684861225076,1.3900539561291225,3.039992325284402,5.636956440866925,3.139226002531359,10.46817506721709,3.210340248188004,3.411569163290551,3.084863195908838,6.673445321212057,5.832774357259041,6.767954528186237,5.400813155574724,1.2809056554488052,0.8498335162130388,1.0976084181493206,1.227111096113731,1.204412927336307,2.0669808559432568,1.4642181106410135,1.6029300027184945,1.3468992797243118,0.9535942774618889,1.6851400228006241,1.6888544632820413,2.4122406216520176,2.9690523642784683,0.8713333104424237,6.342871822198504,0.9891317125720889,1.0639260502784964,0.9423766447298476,1.325738062405435,1.0617466034545942,0.9793691380082237,4.424353306603734,1.666514211365211,4.449903664863086,1.3369223452173173,1.5179626357166853,0.8613535596850852,6.20590707694646,6.212169751051988,8.650426600070205,12.74425128576695,5.929033475695178,2.1007043833378702,2.8435594867914915,2.99155103857629,2.677838783711195,5.763271183241159,7.008225366007537,6.760432501323521,5.094546475447714,3.1367594201583415,5.461322492919862,3.6306517431512475,7.815112534444779,7.719030778389424,4.7224398294929415,6.905718648340553,3.123455564491451,4.397879878524691,6.817911635152996,2.142404642654583,1.5476813860004768,4.779960348969325,10.140267200767994,6.137521413620561,12.145291548222303,5.389104539062828,6.134340015705675,4.676951823057607,6.7837449023500085,6.138743658084422,9.311345929745585,8.844190393574536
19,6.241505980142392,2.8592267772182822,4.835643689148128,8.880677036358975,5.710545490728691,9.083835990168154,9.701902250526473,15.733910258859396,10.415902768727392,3.6869816249236465,5.945845448877662,4.65288691339083,5.825468528200872,5.571157700615004,5.4888507729629055,8.191656757844612,4.377787292469293,5.439535641926341,6.403773179044947,2.780012095172424,2.0254788905731402,5.408402721513994,30.383750679902732,17.115511000156403,18.229919660370797,15.920730016659945,24.55230144551024,5.784150052932091,6.427225947845727,7.355096458923072,10.051890625618398,11.309995781630278,3.845745904982323,1.8942189999506809,2.9024529139860533,4.036714191897772,3.0105041005299427,5.717228494177107,6.878600142954383,7.647522310435306,4.460141499293968,2.039458851868403,3.4079473989550024,3.151082419208251,4.7720613511046395,4.924850567476824,2.4532977913622744,8.408162582782097,2.4101142116705887,3.826299034699332,2.736608625127701,2.1482571537490003,1.6117019004013855,2.4537304052500986,13.951144879683852,5.548508059291635,11.429873760789633,8.636287348053884,8.92991827277001,2.567503735917853,8.30178428441286,9.347287195851095,13.08641245122999,16.878977563465014,13.512824934878154,2.4775725596555276,1.6045997181208804,2.604749912279658,2.5416098105779383,7.003969185461756,16.947185424214695,17.26325531853945,13.01811358280247,1.8311517851543613,3.378377099579666,2.555894745455589,6.6059387536370195,5.515587916306686,3.827341668511508,9.016656291350955,3.067779391130898,12.690478473814437,4.10605678189313,1.9101985672023147,1.5672777335566934,3.907837244696566,5.903104429307859,3.061639319639653,21.523340976273175,3.4327295834373217,3.1207056308630854,3.5628163404908264,11.307959608529927,9.51516042550793,9.263472402381012,5.523760806681821,1.6867142890077957,0.8680630897970332,1.1693098040268524,1.6356834844373225,1.2318725416662346,2.5524785974084807,2.1123741828432685,2.3990875652089017,1.7448065207190666,0.9496180250607722,1.5775767917602934,1.4611533124480047,2.1943287038084236,2.5507609670967213,0.9192704133056395,6.402271791557723,1.0633738909291424,1.4215850499113003,0.9524811891878926,1.2571525310249854,1.0155783177197009,1.021870220938581,3.9557280242661363,1.5620238712017454,5.135889487974055,1.4565663357188896,1.8406533447432594,0.8579896434639522,6.265871043069637,6.343945361550141,9.594096860382706,16.188398560188944,13.163618219550699,2.3676856653764844,2.6777320308610797,3.069088445045054,2.9783067002426833,7.2633177624084055,15.253870922606438,12.964620254933834,11.167200456839055,2.6750682154670358,5.108562356326729,3.0345510749612004,7.266932283528149,6.502284260932356,4.631305113434792,8.04350565886125,2.9397916223388165,9.831641422351822,6.3725304789841175,2.0971318444935605,1.5373462665593252,4.775488865561783,8.180119330063462,4.719890595879406,18.17301439587027,5.169695476070046,5.0826475489884615,4.656105273170397,10.483750549610704,9.579623932950199,12.36945460550487,8.480535820126534
20,6.558756635058671,2.9140350088709965,4.740751261124387,8.887285803211853,7.220166909974068,11.226734903175384,10.191066714469343,16.953828890109435,12.487439613323659,3.8225259268074296,7.085522171109915,5.3939010394969955,7.133672625059262,6.063631910365075,6.716104864608496,9.96490113902837,4.728332860395312,5.547829146962613,7.67431003623642,3.7072794875712134,2.593066659756005,6.784827681258321,30.524340574629605,17.986695340368897,18.08680349495262,19.54492158256471,26.32824919419363,7.117466200725175,6.435584888095036,8.397843572311103,11.517073726281524,12.06851378083229,4.752597655169666,2.003723737288965,3.1375298713101074,4.2033997815451585,3.4748051111819223,6.117047276347876,9.020405719638802,9.346279533929192,5.494216886290815,2.1036925554653862,3.2690011939848773,3.50350338339922,4.718127158412244,5.263792532787193,2.4301806442963425,8.974312950158492,2.4248084519058466,5.028595514886547,2.704749411350349,2.194613358369679,1.7705612954159733,2.567219198681414,15.370298060588539,5.678457422618521,13.41876464721281,11.082912686106283,10.160188365262002,2.503761337720789,8.82544825435616,9.863784624030814,12.88861442299094,12.411371470079757,13.993372725963127,2.107075102685485,1.5416837159136776,2.4902912045945413,2.095346650094143,6.492337914096424,16.053056166128954,17.044806449121097,12.798432297131512,1.88723252449563,3.2996349400491454,2.395710354903713,7.01857490639668,5.048544699093327,3.6642807335738325,9.219417588610668,3.173069479089463,12.440643473382806,4.049817995110061,1.8096736512234202,1.529609917270136,3.6301686195656657,5.877190244063968,3.0325798543344717,19.2467834422132,3.457057571722544,3.062982537812786,3.4936324173031608,10.40893244498875,9.820681858400349,10.112550640769769,4.278825887013227,1.7539514640247944,0.8493807432614631,1.2852851452862524,1.2324516442276945,1.1878368811721884,2.5317064128103084,2.19117950882719,2.208411579431413,1.7590561960787454,0.9131026006343745,1.4757688406916714,1.5328100153055857,2.0359799182188,2.7258683335276146,0.9451229791466176,6.528773797072063,0.9473507921029523,1.459046855188717,0.9853810805680041,1.2147024231126125,1.014562388718332,0.9818510122840962,4.219079345148202,1.6058818132478336,4.51613345376245,1.4389173361450958,1.5950891854572546,0.8693860071389281,6.17391089508601,6.3017122010933235,8.37100772150734,7.971942406584276,7.7624578843824565,1.9504933879943565,2.566741983173415,2.751175139565021,2.683257538592443,5.094298772746697,9.171695506665856,8.970509807113558,6.8566196714527905,2.6871806185226887,5.073333450127393,3.0272894364316016,7.67740432638675,6.205442012287676,4.342011030530557,6.635315075982362,3.1369703356176615,5.925169883994386,6.1519621522165835,1.974494371097535,1.3324811880011111,4.433244146639481,8.853019447997212,5.287921987473965,13.716504909098148,5.435834173113108,5.604649370070547,4.382788494694978,7.476115366443992,6.127693166490644,8.625487331300974,7.461608503945172
21,6.052745353372302,2.847538373316638,3.5891628940589726,6.800530027248897,5.204331144341268,9.739099128637463,7.896035502199084,14.279923401772976,11.332800990203395,4.328309027187061,6.21884134307038,5.048441162216477,6.356711499392986,6.0083785792812705,5.771672527771443,6.720615434460342,3.7521742706303485,4.64824857772328,6.609093747101724,3.1110795243876055,2.38645778154023,6.112561160989571,31.886924291029572,18.693511781748384,18.433751189149916,16.83885743841529,25.173673406243324,6.23218911641743,5.34158039954491,7.045656064292416,8.834379812469706,10.297195054590702,3.537637876434019,1.7794728028093232,3.0655262198706623,4.1151139012072235,3.2725101336836815,5.907118324103067,6.46233482984826,8.212956701754592,4.621807307557901,2.057956429780461,3.3740088292688597,3.2005309440137353,4.95250027597649,4.4774490961572155,2.3158214171417058,8.015346698812209,2.531963153160177,4.248321256454801,2.5990433641709387,2.0313216609793017,1.5223824266286101,2.428937950753607,14.995025441749021,6.099505331803812,10.665108093235176,10.765122213342693,11.163198014401132,2.440657488477882,8.033930294914171,9.851309412624687,11.809625124442391,13.280169427162036,11.956273716350552,1.60298522314406,1.79075989217381,2.710430706429179,1.8971501249325229,4.645827000786085,13.510580214642687,14.876501889375504,10.549751787038986,1.5061718004290015,3.6513555751298554,2.256014231534209,6.202667573234066,5.534522759262472,3.2982159827952273,7.3296849041071255,2.9945232345198747,10.833919855940621,4.383056457299972,1.8225288586108945,1.349604208371602,3.5734101711568655,5.2070895180804655,3.0333779177453835,18.275043563335203,3.2619843841530383,3.493135176540818,3.247098942665616,9.018764991196804,8.598671556683257,7.76538409627392,5.168210911506321,1.5958244118792209,0.7655774220438616,1.1672783564335987,1.0760054130969365,1.084839127770465,2.2965858438510622,1.7431111011774192,1.7595942672414822,1.6028866511987871,0.9090982462112152,1.2858548304848227,1.1809017981931902,1.9175618438111997,2.0740995769301662,0.8510533822345678,6.431116805288184,0.8898501408793891,1.2714243980553874,0.9224074232179191,1.0900483841851383,0.9365366520341922,0.9496564257460705,2.286497433487966,1.216286976500669,3.0864436685078545,1.2661953608130716,1.4789180142997793,0.8062168277547244,6.1087576859790715,5.988018931020633,7.985785876371665,10.41650282968476,11.792451492510736,1.9342997838975862,2.6547487650532275,3.3916873508132994,2.6278961449861526,6.013400125084445,13.116863032337278,11.816554761026055,10.088841285323724,2.9614426603075117,4.783915414009243,3.162108303513378,6.296190607827157,6.581084569916129,4.224197560688481,7.029753993265331,2.797772263875231,8.935217454563826,5.757337901741266,1.8867296021198854,1.3851216208422557,4.376201570266858,8.880013599991798,5.517581128515303,15.401229378767312,5.756252445280552,5.908731429371983,4.2088047484867275,8.188173291273415,8.526050602085888,11.462515452876687,8.011816185899079
22,5.980350630125031,2.816357206029352,4.910081741400063,7.549592526629567,5.791575327748433,9.596721560228616,10.086924827191979,14.132392563624308,10.009326855652034,3.8018287741579115,6.17213366786018,5.1782938244286925,5.987309763440862,5.849504144862294,6.074375341995619,8.64502543117851,4.169328443822451,4.721290519228205,6.8429850216489285,3.1715785444248468,2.413833535683807,6.070818504667841,29.171024914830923,16.52110123541206,18.792564747855067,16.12824748735875,22.242171049583703,6.286556657869369,5.651725543430075,6.54284207848832,9.99756040982902,9.60189918987453,4.137679854466114,1.7555858685227577,2.8996865657973103,3.468721504759742,2.906423975218786,5.23555331164971,6.9648079661419615,7.034546746581327,4.589890497300075,1.9083381557720713,3.51458360455581,3.526353095367085,4.815201260498725,5.411532423750032,2.289111984282499,8.0370933865197,2.1590855831163935,3.994636510469718,2.578757626906736,2.2762519074603915,1.649562882448663,2.3618385203008074,12.811054140911438,5.171444652660284,11.06085411447566,7.94446540021454,7.959122227475746,2.3693374823778868,8.20228892553132,9.182648456771858,11.872716437210329,10.9779082267778,12.448598914488684,2.184491144362255,1.9489693786454154,2.80838726030197,2.894084944273345,7.191646942374064,13.888002813473577,13.827130798745202,10.212214587227209,1.654660274652997,3.666633208922576,3.1839873299759347,7.913893612567335,6.93232573394198,3.20942456528428,8.257340785348788,3.7298838651622646,11.134252461488359,3.6846054026682395,1.7792651287891204,1.516968119176454,3.23748621303821,5.68211535573937,3.4173372987424955,18.593193075503223,3.090631671511801,3.526507625792874,3.314508478069911,10.011873269831995,8.953780234151054,9.114929947827477,5.6247159955091774,1.6630425975563412,0.8224911367733512,1.109661746340862,1.0517820053337346,1.171871376072886,2.463405270191288,1.8951622105305432,1.8382686293989536,1.6932735406953725,0.9095693372955793,1.4254539594276139,1.4539013334342599,1.9922873036648525,2.5946788337023463,0.9228034379020755,6.076383899198845,0.9198129439482727,1.3879892187560472,0.983788784196804,1.1511413347307098,0.9738122014368855,1.0124016143890913,3.406780814202648,1.4242751285564736,4.284947560790897,1.2590406117851671,1.4104852323271189,0.9084034985562539,6.295747962212772,6.174217701300222,8.168046455466538,8.319422007843968,9.576222975738347,2.1994933049427345,2.8192271711304784,3.0269442941062152,2.743668796028942,5.972937011392787,11.490058794151992,11.232855555135757,8.525921264663339,2.721298602409661,5.30439376598224,3.5134615027345717,7.540674938354641,7.488135830499232,4.386000917293131,7.8110655304044485,3.344315307913348,8.067930641118437,5.650937382597476,2.019962528720498,1.4308923127828166,4.560460482025519,8.80344060715288,5.1222468027845025,16.177201410755515,5.241561797447503,5.104074196424335,4.543852177448571,8.688927395269275,7.996490312507376,10.087008122354746,8.267089840956032
23,4.088779962330591,2.7673147633322515,4.4194579240866005,7.928740931674838,5.249189474852756,8.231197483837605,7.090621802490205,12.382490676827729,7.073959131957963,3.8155988659127615,5.932578613283113,5.113760125823319,6.321755878161639,5.818830410134979,5.495368815900292,7.671467144973576,3.9753840683260933,3.390513564227149,6.510648730909452,3.0142144751152955,2.167525395634584,5.675086846167687,32.87725057452917,17.523370072012767,17.519557266496122,16.75259886542335,24.66126560466364,5.749575459049083,3.9882728888187557,5.550023372052237,8.35558830294758,10.110629867995158,2.3842413975216914,1.496069327913574,2.8134136664448306,3.594146437535528,2.396290581600624,4.231010752846487,4.866637442319188,5.287178799335379,2.86271942059102,1.8653839942999184,3.064083866775036,3.1745310552651063,4.43741991330171,5.083098258182872,2.196827057559858,7.231370807858184,2.2602492936130147,2.3404224011756014,2.4680157330294605,1.894292658107588,1.5653093687433284,2.147305745893391,11.974408516834956,5.1787933698506095,8.593172628025059,7.555517051514471,8.167715841409517,2.1484983462869423,6.549855810590088,7.5501088576857,11.441339112934656,14.411796364584006,4.485747882426949,1.3853323544026352,1.5800829260115279,2.543212685850449,1.7698049450700637,3.633567237557145,5.7297610146633815,5.450180222396739,4.476679274375783,1.9702768986462615,3.1700606741651427,2.5221847754437476,6.398190154868644,5.573609822022263,2.5915163932950236,3.850120527204126,2.48509871562419,3.6359730638650944,3.609541772675584,1.8980281274707522,1.3282218242238741,2.753100516201812,4.7331879068224225,3.123791067991988,9.568329704052303,2.987272968312027,3.4624360196175985,2.4408049102930818,4.188573304418242,3.951758986659115,5.407070944784209,4.754391993628815,1.1902196958999411,0.7284710442263531,1.5084575600212702,1.7721717258609715,1.1030838119268083,2.235902785514554,1.9085208737124049,1.8637110983945604,1.23885173366034,0.9099455678551749,1.3674433243977546,1.574660605228928,1.9576647805479297,2.886156751173985,0.8264406675380087,5.786143913610431,0.8746428882204782,1.0456277894945742,0.9132750103617582,1.1421418187183008,0.982099350039789,0.9483089654622745,2.6067526046062994,1.272270300432865,2.845469183739624,1.3864234119864705,1.553562268099995,0.8068274594279501,5.777928064162552,5.774357176051126,8.601947545685107,14.98147374149994,5.06047357339412,1.9091975409537554,2.549049648223445,3.051311185117811,2.3052316391840577,3.902778058545664,5.71350019890815,5.428263219073415,4.1873375594150275,2.98390124225989,5.576858762651682,3.326283418573439,7.572346366941929,7.858651340939105,4.1988757729996,5.332045257091522,2.896381716709584,3.7927110242890194,6.262287322897464,2.0839465723838657,1.2516102869994938,4.256408225046471,9.17189964093268,5.4016103385947645,9.838557103648782,5.035851674620062,5.32330252462998,4.277843458112329,5.649780796375126,4.723744641523808,7.788435206748545,9.153624065220356
24,4.742456265375949,2.492883533705026,4.065839253598824,5.736286417231895,5.389727535657585,8.236126974225044,8.622853230917826,10.727817367296666,9.118970803683624,3.4809081262210384,5.564891253015958,4.783710086485371,5.535767675610259,4.861472814809531,5.567634842009284,6.998296332312748,3.8878108316566795,3.9678686152910814,6.357097387081012,2.768756472505629,2.0478241349337623,5.453199046314694,29.596873791888356,16.630030644591898,15.58184833265841,17.342485254630446,23.154180496931076,5.641880648909137,4.340178886195645,6.291517143836245,8.012447535293177,9.206315327901393,3.5273042449261993,1.9752521329792216,2.8486274895840324,4.438283853232861,3.694533903399133,5.768375791376457,7.402870294754393,7.907141000032425,4.478652677789796,2.066510794975329,3.332646745548118,3.5758619123953395,4.865157548920251,4.5464813156286255,2.5587326745153405,7.891288885730319,2.471919262461597,4.120034969673725,2.850851338735083,2.2279354070633417,1.7701133183436468,2.6736508043541107,17.374393602949567,6.622103530389722,13.065258906863164,12.45687610207824,11.493162521219347,2.772083222225774,7.6774402186856605,10.107776630320586,14.155307988403365,17.8358122066129,9.974987235182198,2.1487061403604457,2.0472046944632893,3.1492314501520013,2.571904187789187,5.4707773197151255,13.309631944139255,13.997888727317331,10.149682166229468,1.7382769747200655,3.7876638743910007,2.6056088936456945,7.645488309208304,5.371589464630233,3.2679957530490356,7.627715964190429,3.1811511180421803,9.925147700414527,3.408240989301703,1.9885207348124823,1.4771105434192577,3.475522657026886,4.487888098083204,2.92614314093953,19.33971227845177,2.5728815744514577,3.157209444907494,3.2794642484077485,8.417669962000218,7.128586887120036,7.288123615580844,5.436874424049165,1.5835400249670784,0.8168574071305557,1.1721035309619765,1.50789528106543,1.1003715164861205,2.287799444729899,1.8075635082368535,1.9512026694883389,1.461813047853866,0.9118473067246669,1.3082566080129254,1.3014342443966598,2.0304825791299663,2.3669462709676736,0.9198798693432764,5.768714710029599,0.946769888628296,1.3251344713580693,1.0385226055404928,1.105754801983494,0.9396108589498908,0.9662064353506139,3.9330103345491807,1.5598463169226306,4.6172183501766995,1.4392093717106036,1.6528321264104306,0.8632752387711662,6.167645300592994,6.221984584044549,9.448161548789358,15.162469897404662,9.827739442698658,2.3145855666371062,2.8164319810457528,2.497941517503932,2.6511448668316007,5.999552260618657,11.95419323630631,10.876389977056533,9.018051903694868,2.9094467754475772,4.269826720701531,3.260794619563967,6.5706546301953495,6.113825482316315,4.884694761130959,7.6227421523071826,2.9086860886309296,7.331273314775899,5.845167732331902,1.9990437140222639,1.5423893491970375,4.905962734483182,8.526932331733406,5.309541244059801,15.430349856615067,5.212895397562534,6.4224538509733975,4.724032070953399,8.073568838881329,7.027194136753678,9.101992705836892,7.1704036090523005
25,3.9926902536535636,2.5633521800045855,4.818545334273949,8.041013294132426,5.217320547671989,88.63499667495489,8.699016005266458,11.98966387892142,6.867807300295681,3.502967745589558,5.469782190630212,5.174405727302656,5.679703448549844,5.529111193027347,5.224351465585642,7.215660472866148,3.803931140282657,3.9242575876414776,5.707911899662577,2.902853084378876,2.140868062269874,5.4275036382023245,29.04240711359307,15.507806412642822,15.507276519201696,18.780007783789188,22.5992810446769,5.485493078595027,4.996821167878807,7.225208421004936,9.92407143348828,10.579840396530926,2.712810877710581,1.709159807433025,3.051573865377577,3.8680921752529684,2.9484056613000575,58.91531886300072,5.988371798594017,6.34535627978039,3.2374799593526404,2.0463857235881733,3.134924412734108,3.282667003077222,4.553534061415121,4.657259392843116,2.268775198899675,7.457192565198056,2.295923466590466,2.9617521176987793,2.5450459907006007,1.9710219294211129,1.5535657312284457,2.4146380255842814,14.046943397261202,5.825302105222363,9.860873760771938,10.319216075004078,9.765639224497136,2.3997498537937645,7.38159756292589,9.22616985917557,10.987482295604423,11.253797143581323,6.103895633714274,1.8761899809760507,1.7246136303583626,2.2675751461065374,2.677775002666749,67.33479327522218,7.442832476954209,7.010895016719587,4.695790505138575,1.782512384124857,3.087298882746836,2.681822661543265,6.3666037895018235,5.863329715793952,2.5576364660082618,5.622149419650668,2.8271791743463837,5.510843810043298,3.4049227342620725,1.644384710743907,1.0864483019759064,2.443117275106488,5.579154923907481,2.91595851740567,10.880531430302653,3.0463199327641632,2.886147118260851,2.4751635264692595,5.430852590507129,5.723325535655022,6.626618451264221,4.773017230036203,1.2554194964877752,0.7227224423331791,1.0213599025519216,1.0782098831896292,1.0584953414536358,10.430941250888282,1.308824264242503,1.4369831894782692,1.22458797204672,0.8499238509784846,1.2962069412196797,1.1450663765799618,1.843839053208285,1.9963344018378848,0.8374284609544702,5.887520067517471,0.8457931033944988,0.9644605912626503,0.9284112002205802,1.061675547816776,0.9038433674959379,0.9119085196971355,2.992383042055735,1.31413148392312,3.308804537937249,1.191273103131607,1.3830124862579396,0.7979793468848584,5.531077946216101,5.718068338865123,7.823383679351537,8.198756411729846,6.305356044322252,1.9295116944704205,2.651198214152828,3.0486347968690097,2.6390522834844887,136.0697355121374,7.731203571893275,8.056331775151193,5.228475696640089,2.8164593095425516,5.094871390610933,3.3952495141420513,6.709899287670851,7.178602274507284,4.510281956754625,6.830713013187051,3.0806993891019374,5.466831353260204,6.053477118257433,2.188930695410818,1.3454952859319746,4.561901791021228,9.636270464397967,5.7540544075891376,12.607915559783578,5.698809341993183,5.914766632486135,4.523736657574773,7.426073891110718,6.834882311522961,9.258216246962547,8.464335231110454
26,4.572749443468638,3.0004598447703756,4.545106261502951,8.144699735566974,5.696495994925499,8.942461325204931,9.279350226279348,13.941837445599958,7.7237038931343704,4.241077265760396,5.982562812278047,5.642989912303165,5.597354203928262,6.153752357931808,5.975540756480768,7.323985046241432,3.741983135114424,4.091827344382182,6.7438991100061685,3.148509371385444,2.528878772864118,6.380330931278877,34.954169183038175,18.233923765365034,17.162935866508633,21.823757502716035,26.638899522367865,6.247999692277517,4.651278228266165,7.081463874783367,8.9972602436319,10.692634270526469,2.802337818138767,2.0117453950661,3.5517796386557166,5.291748919262318,3.5599330622062553,5.430887380498461,7.605888051330112,7.823313724657055,3.717764800967416,2.1841284215042833,3.2177783723454922,3.827953401923878,5.080001923488453,4.844481583859306,2.4445093422400532,7.832949311705306,2.5449730710533913,3.61746495400439,2.7323147623974364,2.1346414632716915,1.7279280600632774,2.4818855636112858,18.000239084358327,6.666126981144771,11.146517586894333,13.898156517825555,12.19926916382974,2.4738062456890475,6.933254837349523,9.375589703267906,12.347600160865113,12.408572409185581,6.086131921620108,1.3065688872302417,1.3786521876681945,2.3494425195167423,1.681552317677415,3.5729610499402042,7.140764078940265,7.822497147571994,5.028853851399617,1.3772291385976132,2.6643809706001775,1.9066034474235494,4.870138411206426,4.274361526768189,2.38462398374395,4.113861195946811,2.0667557128035696,5.671518134477083,2.9842587173334323,1.348433137536631,0.9101681334868772,2.507504785171477,4.497063418966718,2.6656909121811623,10.855439802980982,2.878038943890715,3.008817133377306,2.574280186308897,5.744408670580015,5.286887488182401,4.992592737835366,4.372589555714512,1.353433136955573,0.7396467207172464,2.66262157674646,1.4888513633195544,1.1460245229955035,2.0671227027833083,2.781743296509376,1.6828119014462573,1.2818319628422614,0.8497365470248042,1.3451857512336574,1.269535779783837,2.41515206744225,2.2784462703384634,0.845136291104609,6.03955574297288,1.1511783941386966,1.0230946775209304,0.9756954466411116,1.2050734630975057,1.0301953755060822,0.9745714645532644,3.2762838668531913,1.499031652656413,3.8667214475935907,1.4950438774121722,1.576891034574146,0.7963023491583954,6.049725431694242,5.698734386896831,7.249935465551971,7.898931289673783,5.839764286065474,1.877216767752543,2.484641154296696,2.8171127196401358,2.6117766683455557,4.4165846484247595,7.218554965220392,7.801829022355378,4.977361822966486,2.4401910486631095,4.581929126288742,3.048542799660936,6.589124794118106,5.789495655335486,4.146172490436584,5.640678311465308,2.7621390181593597,5.302633391693234,5.438918829895556,1.7856279300758615,1.1600231810007244,3.9757672348059714,8.957715472206473,5.170791351702064,11.583686689846218,5.695159488823265,5.754629441071302,3.955341293476522,5.820408987347037,5.043845128966495,7.012109097559005,6.807761499658227
27,4.782323478139006,3.4617940400494263,5.543719627894461,10.60003784368746,6.696164680761285,11.48508963524364,8.872002334101126,16.77727495552972,11.068913416238502,4.406229993037414,6.611172851989977,5.975335123366676,6.749645806849003,6.345818794216029,6.307881296379492,8.504865370923653,4.962712177075446,4.91102019441314,7.1821477031335235,3.2769590688985772,2.3866076371632516,6.223515520105138,38.41059363912791,18.54013657430187,18.958487664349377,21.465208381414413,27.932883182074875,6.611867400351912,5.0914554158225656,7.324995007365942,10.116223886143416,11.725984397344291,2.8135811335232574,1.956626880200929,6.118652439909056,4.77778994536493,3.4295048826606944,5.5659306490269955,8.505250756570604,6.935053112101741,3.72347859229194,2.1809829959238414,3.4744155054795556,3.671986487461254,6.044515459507238,5.429859062132891,2.503093819541391,7.88826473581139,3.206406283425167,2.97084986596019,3.0322035199787933,2.33317476886441,1.8660938749235356,2.5882216523314128,16.86070284631569,6.865907504106872,12.14631264883792,11.03391672950238,11.024337050912436,2.5404479893040843,6.505945879325736,8.635843929369003,11.871448194142431,15.453607513336465,5.324473371729255,1.3350929129956057,1.7042497893271502,2.3032938024698524,1.8282334767718567,3.4330183552810922,6.513913402159233,5.118195531395031,4.290799728551065,1.7002381973725278,3.099550940532936,2.1964199640933657,5.763421439041849,5.3252456345944665,2.6596681364026153,4.249769623129396,2.5106472749030218,3.8364344563888153,3.571750938135665,1.5012802359706257,1.0371570706411148,2.659022748048301,5.636745954689104,3.3237846473639365,9.295101794123184,3.543032806192059,3.2181320457311813,2.6174269660259597,4.230358024869929,3.6533644451992586,5.8547754852043,5.682595197868068,1.4515423918055603,0.9855398873241938,6.644161763688317,2.3625693197573128,1.4893435736667016,2.4037057210080093,6.3281601051130565,2.2618224866164383,1.3763311878847162,0.939098356411705,1.6296450025947706,1.8334873502681148,3.7776662147734896,3.204774347068451,0.993426162722244,6.397934608685318,1.9134339886477392,1.319862673881289,1.0801787177570077,1.6441546447367728,1.306760883608149,1.1000270746990282,4.955018725922855,1.9831758677355538,4.493231653214025,2.2815052880105213,1.8394840292330628,0.9230824963424311,5.583220336120576,5.7336423442393425,9.042379349921248,15.15942968762829,5.057661212049425,1.5099198499228805,2.4531470553483814,2.8627544816117734,2.4565146304666996,4.151281784288585,6.315011094557121,6.554797408170998,4.599638225045055,2.3379511840175837,5.239480058662593,2.876282698707655,7.207095623016357,6.018278305418789,3.7833902169950306,5.7209968799725175,2.8089656261727214,4.000807588454336,5.338252289220691,2.079850935842842,1.1536443053046241,4.030575801152736,8.440293371677399,4.917424637824297,10.009405319578946,4.87050018273294,5.452676385175437,3.8859868072904646,4.849583259783685,4.704268940258771,6.7223283695057034,6.760725926142186
28,4.265327210305259,3.038902359548956,3.8700265140505508,8.741141471546143,5.589092092122883,30.92391462996602,7.408075936837122,13.350944209378213,7.7109308913350105,4.568692893371917,6.133426999440417,5.572379406658001,6.293355574598536,6.095536416978575,6.132891867309809,7.5880684889853,4.152954075834714,3.612728323787451,6.926606307388283,3.021786891622469,2.275974467920605,6.23656262177974,35.03805142827332,20.081198046682402,18.027883837930858,20.408046373631805,27.525047422386706,6.43407717871014,4.718077485449612,6.294377613812685,9.373188542667776,12.235650850925595,2.257206455396954,1.6632181414024672,3.0195564868336078,4.251126538292738,2.8357986702758353,20.558192671160214,5.061888536147308,6.077032514440361,2.9615230814670213,2.006176764552947,3.372981613210868,3.305596714199055,4.622771477443166,4.8236471629934385,2.1921935185673647,7.029413842246868,2.3679215883021243,2.6010573801613646,2.6280676465830766,2.0715893660963047,1.5937698753987206,2.3306119910557754,16.456518904305995,6.225622622878291,11.240974825341254,9.764548991370248,9.780921223864425,2.263258305902127,6.584062677575275,8.049694864894263,10.306346259312704,8.958347854786552,3.5538946467568167,1.7110826720454497,1.9098691209364915,2.752688895270694,2.3298555352084804,185.89262082241476,3.5364646500966046,3.49823620490497,2.7365446658222936,2.115817267622333,3.5387918760534376,2.492888455890352,7.164178168750368,5.342977165128104,2.4769458796072286,3.8562409463338554,2.6840128666663077,2.262321142552537,3.3490288406028412,2.168446064388263,1.1165687301399885,2.4009598928387277,5.237086690613069,3.196632482286077,5.889901047339663,3.2779384055174887,3.824428182269912,2.457456386764534,3.70454903531936,3.884132791426964,4.9637687698123045,4.991749148757663,1.1780766639049034,0.7070358661849241,1.1629726446926725,1.255731027413276,1.079139730904899,4.852124511671718,1.2412961768859532,1.457397416288586,1.2206388364575105,0.8954185941547621,1.7706370631458412,1.3739289049681247,2.31807146792562,2.5221534820047964,0.8275140752402876,5.715723184039234,0.9472953556723951,0.9511821519936348,0.9094124610555809,1.2696403146037483,1.034655445550925,1.0086459651574842,3.918570192581683,1.5148117727221688,4.16664904969366,1.234456871884504,1.366373203609328,0.8372555331561671,5.4670121735398425,5.411642777289671,6.75127382237406,5.000101529731182,3.4039172460325062,1.7780829512048513,2.699087286600843,3.223434236133471,2.5031589611899108,121.1289712227881,4.527021723333746,4.800211580004543,2.9308338707778603,2.72035546367988,5.370235478039831,3.380833368282765,7.448250951711088,6.830852420534939,4.373998672235757,5.232836178038269,2.9965782596264035,2.5526324461679906,6.093284930102527,2.3714117414783686,1.3298981357365847,4.510942322667688,10.082182474434376,5.877153074834496,8.835307089611888,5.714620579965413,6.3640676671639085,4.534363455604762,4.719314252724871,4.4800679897889495,7.028516964055598,8.109084097668529
29,4.977260381565429,3.4518498432589695,4.4933252793271095,9.009750676341355,7.082358177285641,8.998905250336975,9.204403060721233,13.825519185047597,11.909525957889855,5.051641564932652,5.669321632012725,5.906404490815476,6.3089472532738,6.665642693405971,5.432540419860743,7.122007547877729,3.7990079435985535,3.983728791354224,6.649494753219187,2.87010502506746,2.428960498946253,5.647413345286623,39.20738596934825,20.031646185088903,19.949742418248206,19.31644359137863,24.568175373133272,5.749600662966259,5.1066899904981256,6.4132162660826,9.098500711843371,13.07106000604108,2.9321525944396853,2.658611087099416,6.94945299619576,11.26575430680532,4.014051657577511,6.118659352068789,9.134360821917653,12.20318155537825,4.81890061928425,2.0964854174962966,3.8127568768686615,5.502905529283453,6.045356538379565,9.11686138715595,2.698108241020236,8.59728010254912,3.133713242277736,4.715261238743551,2.791983755741967,2.796719069010578,2.436912585835671,2.7439187324489467,18.277124341693707,7.343612604017835,12.743034829327371,13.393606386671308,12.621546949958429,2.7580727874010336,7.149508091970347,9.551719602313824,13.399312374531291,35.336861794348806,5.784177883469965,2.5552126280672383,1.4314283762359992,4.841817150008865,2.5555106258252636,4.502460320509272,8.37789342040196,6.978729088586988,4.699803754192544,2.3742747926007723,2.1786391953355633,2.9647618721355684,5.213127333263401,6.13014569535153,3.69763753406005,4.125074239709647,2.3286053401534446,4.689810230047442,3.7814913848706055,1.4403478562599048,1.139928165684978,3.101293068539235,7.807469854014926,4.497790647292277,14.673370838863775,3.801420796662569,4.063493972353172,3.1110368290683255,5.334321624104632,4.901250737020746,6.022718458552845,5.548453020310262,1.7794544344269525,2.0598847995643155,11.229383133468218,16.30303881756845,1.8483544881746639,3.8365072632586816,10.186282896029297,12.490153711041785,1.6425850158157118,1.154118776184987,2.1209829292274662,4.029403622553218,4.592473396769492,10.61701088474365,1.190805220630864,6.503938637251849,2.791668858662888,3.0606442455791694,1.0802242056797695,2.6481149388928316,2.323974876162538,1.3207211350163561,2.6838880708055513,1.8420556712044345,3.490582132144482,3.376311558440648,4.320029906011769,1.1146084850679472,6.03337216671207,6.259895682887873,12.459764046070632,51.27108009764925,5.814148811623454,1.9726681057363749,2.7429685287643224,3.025940095540136,2.403988066362217,4.618981503881514,6.524106371216476,6.383647560141981,5.100378300994635,3.140165936201811,5.057136586401612,2.8685518773272634,6.984302191995084,5.437152634840459,4.469712148420513,6.774288020096719,2.612831594888121,3.9464177389163524,6.4368633611593395,2.1765975252492353,1.2310746969887987,4.633587144780904,10.630134958773851,6.536249304190278,13.096314738504589,5.095972795970738,7.115837302990258,4.5743470545858145,5.518217629287392,4.972767579602078,8.813858148641884,8.308222866617143
30,4.778984221047722,3.2597565805190243,4.8497843818040565,10.016722837463021,7.816325014573522,12.102687935112044,8.262632269179448,14.983887143898755,12.238197668921202,4.630361756426282,7.083079952280968,6.255696935113519,7.178734973422252,7.285939762368798,7.067112062941305,8.697862300323322,4.584645270369947,3.6785950214834884,8.179562908480875,3.7612519881804474,2.886842492443975,7.192273231339641,33.00458670128137,19.1422623465769,18.0124492617324,19.377442076802254,26.197570434305817,7.210716561530717,4.684131854446605,6.382132793078199,9.69397503649816,14.20693751424551,2.8370533618726768,2.556666120653972,7.823051819286775,13.425825745798647,3.2491894235135987,6.008316137013026,9.657592352596112,13.383137949858792,3.74420437583467,2.052564512268873,3.6705286329379305,4.587811454257462,6.3700673199491575,8.914201593142934,2.615631110529648,7.811559073161334,3.390594843949657,4.098835939657874,2.905055916926358,2.7592157930484973,2.3468824438168667,2.5749388405529317,14.25498539902037,5.965213516901713,9.883931365038734,10.530810133786872,10.925366237643175,2.7440867088444065,7.257373537868261,8.615816506789997,14.802983350818977,40.188711951486766,6.430823192204116,1.5455391894647619,1.420934062480228,2.5980506943596993,1.5154773864196613,3.710774504725123,7.656391197087942,6.495383830042556,5.603336539934389,1.7053759693226311,2.365292402828345,2.2362823565345025,5.415874198661186,4.785448836628348,2.6583384551486233,4.373127343569649,2.1944834879832342,4.892434608336771,3.4012208743661176,1.3339676243049325,1.132189202508016,2.5485094338364433,5.271508976875339,2.5730354027473368,10.536703368416056,3.5857930961356033,2.40562963517732,2.5344855021103285,4.850853412790457,4.758476377901388,5.629301213048166,4.851859055634122,1.6417643057593523,2.132357793925621,12.112297885323642,17.64263434233726,1.8393729756098764,3.7796740525664063,10.315730543879909,13.243196208350128,1.6337901531642274,1.1089188103596825,2.135289138095686,4.391751263028709,5.052757285739062,11.213286861675442,1.1019976516308816,7.059649498842191,3.0467662509181537,3.3976888425968355,1.0831192130353884,2.6675225767576194,2.3774551896167395,1.2811973588213732,2.5223385850949853,1.9894136048606015,3.414868127038062,3.474675030702201,4.635666507056158,1.0955207394545141,5.849041400324495,6.339347443827137,14.728893493156647,61.695416530710645,5.892095185117796,1.89130351645872,2.660406695213169,3.084256430156529,2.3385994718410075,4.26767478347756,6.818319263402373,6.935766024980694,5.115034757182002,2.6637283444870263,4.986095882486552,3.071665036259219,7.658989110495895,6.610297248698771,4.378663637908176,5.401407630415633,2.9571532795671374,4.404760431498289,5.997880827635527,1.9412101537454873,1.2568924285005778,4.306724003981799,9.02987306471914,5.167833005543798,10.42279344983399,4.997068375814706,5.4503060528077185,4.447314888238907,5.879389529582113,5.465755821205676,8.584490278735757,8.382567204535007
31,7.0208342804107815,2.909629969508387,5.971073784166947,9.866073727607727,6.223893054993823,9.914067661156878,11.35570858605206,18.157900136429816,10.811358777573332,4.658187201130204,7.094116517691873,6.117427838034928,6.908594354172237,6.287931289989501,7.088334692525677,9.241366584319621,4.939669888699427,5.566676831222139,7.433257400407456,3.5836471361108124,2.5364408211316913,6.940161329112016,33.477878430858254,22.84204395255074,19.973660935647786,20.549243839923292,33.97007205057889,7.2357475000899285,6.8971637228969485,8.0274497740902,11.781033012084663,12.914783204905689,5.079093316453509,2.6298411903553642,9.071156513527967,9.398031441378407,3.971312329667853,7.913550463854335,14.27547684579622,13.175857529859059,5.827757471706718,2.161562808396411,3.9282801299123093,4.176910551905166,7.693839012063108,7.384264943539165,2.923515930888243,9.663671924499795,3.7506678636418656,5.084794989670627,3.0085341750236694,2.712856643483974,2.1959104888082948,2.7689208600349957,14.786342944717035,6.524468968564179,12.435506127076223,13.084884943964425,13.550236559240147,3.097059172432637,8.633521472802386,10.325301132979803,14.796084535191767,24.376255925744772,13.332707469089655,2.439876741846092,1.3970917989354348,2.875165231671417,2.1933920797891915,7.418165620038053,15.60682737181196,15.576977435557637,10.688431739254156,1.7622590567043517,2.493436790246051,2.253803686471656,4.673101058870088,4.940865797834704,3.308500306957285,7.8418405100819655,2.0858145617239643,10.947226528514875,3.8226856377150398,1.8597956786834402,1.345413440503762,3.571046579963877,5.461076005303767,2.8651507236645557,21.07528351189103,2.6424671668792143,3.206979698006762,3.488957159788697,10.804074074258097,9.83847068346222,9.625440936360974,4.298476014810149,2.020938195528288,1.6872101336957712,12.346071300271433,9.103758573473897,1.8309611214135657,3.548593158029689,11.333866459608544,8.440880805210327,1.8751443612927687,1.1418006911299017,2.6406414135635714,2.9884434679843253,6.778700797440251,6.9148930142546305,1.2106301287531096,7.471978413377656,3.4317530207772506,2.784106485250959,1.1498625696049203,2.4918784783949377,1.8341005034017144,1.2761863699779497,2.763721096471272,1.9089745544533798,4.070288368893671,3.462331000264385,3.190764356531872,1.1256984371357248,6.200691644153267,6.551797019710648,10.665744081052253,28.543893662572373,9.065506572369486,2.587622409919277,2.90058646351099,3.8555950159206986,2.8097375470679253,6.345652451273054,11.741578811779618,11.780907865613699,7.813359901774675,2.715820708544925,5.59808243997395,3.298778145108372,6.691662536468357,7.0417888928204775,5.429412965895608,8.113815798424184,2.914892480475828,7.235751749249175,6.984653300605714,2.325774432392791,1.6058421751949936,5.593274341663346,9.81194048654288,5.941956886090338,17.389400047250092,6.205458659678698,7.034830283373594,5.624440382234752,10.610827419441193,7.238749007228762,10.972008109092712,8.641710795927793
32,4.101097641978413,2.946270709799137,4.437231895281002,8.053583558648825,6.075992409023456,8.503273653332144,8.457297750283033,13.362302328459918,7.659557246370241,4.277282947441563,6.505993223981932,6.064191824407317,6.545348645886406,6.313606107141823,6.022799760103226,8.342920220457017,4.478106755414046,3.764909371966496,6.597831103135832,3.2218010746873915,2.4494909157510847,6.13975347368978,35.73297010734677,20.232721930369735,18.735858902800828,22.20844355178997,28.907453874126077,6.209601473528892,4.222095594741404,6.962808372918516,23.631979594938457,59.51005453243852,2.5097474281210452,1.7055973930837354,3.150378688587807,3.795940036070533,2.903464512201026,4.573810962028801,5.26845222702832,5.583263755397638,2.9250558400235604,2.1407887652458157,3.388599092431832,3.337918566103326,4.824994088266976,5.029336032748688,2.3706736719759647,7.28566553152632,2.4896755603549536,2.621082399855368,2.7430384579929523,2.065238179056905,1.61337691861263,2.4011068635445554,14.597238303394988,5.960849906841759,10.365769485360943,9.037587587954476,8.984997788502369,2.4129180310410447,6.860153764137067,8.071522112004459,33.092423633206636,47.289728885516524,5.522324616322294,2.5119881793216337,2.6433200473547913,4.172538629063638,3.219300451746676,5.467300848977175,6.3304865107056685,6.135002018709201,4.51557403721381,2.590245898318244,3.6889092334604356,3.403798575163819,5.962019822618458,5.755921665695496,3.221873219445115,4.910357092740014,2.9461500416800845,4.30491914448794,3.906490124791162,2.4464164016535506,1.6603259027760942,3.3277097281825263,5.987470503896475,3.3682363718980923,7.844887732062489,4.325214173150016,3.961302834795788,3.328632014017785,4.886607886874117,5.37552894820692,164.3429563846439,389.2453731968999,1.306546591422375,0.7828150161230951,1.450769388156914,1.1649593335505415,1.142950554140043,2.1202868360887805,1.5521414657087007,1.4118829737981287,1.275715969995872,1.0080349493364338,1.4858446324979013,1.457392946804248,2.137531678272353,2.528402571897459,0.9370945941782338,5.834269617480459,1.0958681928059377,0.9990242131152627,1.0745381063088644,1.2167863749255048,1.0587574874989514,1.0772633102078544,4.418456705934659,1.6998585806504707,4.7151507387752645,1.3342551305868255,1.4297634768354328,0.8978088552566987,5.656286222802009,5.590762082647416,16.71559503847675,25.913848941854667,4.530488979071379,2.1720786025980487,3.1594081956427544,3.5260605218354613,2.891832613386214,4.186897596810013,5.856062693055719,5.769392184447497,4.036611237097532,3.3142447064165026,5.697417422197759,3.8293174584396183,7.823407824616879,7.24318518768996,4.665821208618581,5.753435019869357,3.3409319003112614,3.3749821013770998,6.382901861798018,2.4295735347550362,1.5043991443235427,4.6518954914063215,9.954555775038898,5.873186164535582,10.354768484830856,6.190800049807876,6.273067905567586,4.683383565861732,5.096006847452372,4.769406572449952,71.83772511780262,157.39851538091898
33,5.316587637935299,2.966650266898796,4.86296349845361,9.649053303292021,5.703582748537883,10.36432251567021,7.687843521125615,17.755764652974904,8.04801649064757,5.02053540549241,7.316989009268582,5.436856241431087,6.5003359923139215,6.584220216609538,6.6501311812317,9.15050000185147,5.173757905140519,3.745734997210093,7.54799458081834,3.5079146691714413,2.607489499496296,6.9697103172075,35.861763171851635,23.572020436404273,18.669286277145147,20.018171286210418,36.151243606582284,6.954965982004069,5.760055559221655,6.720328354276717,11.20969423209317,12.886365555459633,3.0598886878578924,1.9452860542514827,3.0684442826895975,4.745128091599327,3.373409250343684,6.034327358065639,6.265825522859814,7.792566073476337,4.050091909448383,2.0785664328286657,3.659566882561194,3.5790711408481,5.328271887265146,5.015628521505278,2.584043924798607,7.440760935423896,2.5563153067196254,3.3529504889884265,2.9015572945354506,2.1148274227016373,1.5922885668260278,2.3915313940960914,15.891184921201784,6.609221683902433,11.152957544254605,11.159658424730878,13.200451183365658,2.486113880877383,7.66434203251265,8.915477301343344,11.388009923393838,10.908451935392804,6.034580797859235,1.6478008565172786,1.4193407478160225,3.0154973537719343,1.8871619395213202,4.803611205716152,7.197540044217021,7.71768765480374,5.132283320563147,1.2833391010644846,2.6530798713793047,2.2337675691233017,4.857305386394728,4.5343886013142765,2.4291988083859906,4.821331061975798,1.8930648202513112,5.368368892959552,2.9927428149676416,1.8408949308650335,1.2159414782217937,2.412088400888024,4.7079649339139,2.62501930592407,9.486450511758449,3.172223729052348,3.3078843225666787,2.4090296210488304,5.975604004561319,5.63127967325272,5.211304138356354,3.992218935309211,1.1902984156222374,0.7088331070690401,1.0546610774326837,1.0651538314050413,1.057219243648433,2.0195456127112266,1.2574953964303859,1.4696586852096516,1.2278808192149882,0.8613649810058632,1.2610578626208735,1.109648715782896,1.7624437018639583,1.9110657251530938,0.8834900581859984,5.713347129130852,0.7400705200097946,0.9441095257898269,1.004737902121633,1.1078140805693693,0.9044073249242501,0.9828463101939633,1.9280200538105419,1.082811593732913,2.327252290342585,1.1729172151717648,1.37170521270491,0.8806134032965929,5.541305123188067,5.686855966814619,7.446455289027654,6.417939477614709,4.931420466164127,1.8717554776230827,3.4571570868138224,3.453052107943222,2.489511825842783,4.872099700151011,7.486591523047537,5.3026750683784485,4.648272879421711,2.5808611535467207,4.788389429450035,3.308711835416034,7.314343762118369,6.379582802765071,3.7428329524118453,6.090079841669649,2.9616547690238804,3.235867654439062,5.170067248400301,2.1177991875447333,1.345860364381224,3.7064770003780723,9.267559507861733,5.325734906364232,9.967809543013573,6.566609081346542,6.461338140070438,3.6205173819325864,4.67412790749222,4.548504832200706,9.214276913553476,7.173624529968947
34,4.55290317768231,2.6626723702065647,3.7423776229843497,8.411618473473936,4.710372013505548,8.78077038214542,6.779235583962873,12.008992518531159,7.654410961549729,3.7865181075176224,5.821385551826097,5.47933264169842,6.4993831038009375,6.249504047445953,5.10233858221909,6.671920098597184,4.3616140756057575,3.9916964597068727,5.7786404504440725,2.816853448166512,2.217213448602706,5.263971674139611,30.525646172463894,17.052143753971905,15.77444066060707,16.426483518444,23.424186394549906,5.460736225359142,4.445466678589582,5.749945325078443,9.332645684480667,10.088624141644686,2.9742981496383436,1.9707734554685885,3.4098224496119656,5.037918665038887,3.82207408620161,5.851454247022048,7.360324216278968,7.273458344570827,4.13482244766783,2.1382961203926243,3.9315967114816885,4.198174610792194,5.645239245495759,5.418893000751268,2.5087700014410075,7.461937726475298,2.3931366886245087,3.3502597143524326,2.9150142181606498,2.464456010784488,1.8523780981922755,2.7431188136688434,16.796020136098377,7.103979394742055,10.945531466859393,12.531952808785718,13.02430954092415,2.4823610656312667,6.99951320711989,9.004285369883291,12.330903526162729,13.909856148529798,4.729130170744611,1.2637407144211465,1.8052792001981288,2.801264245135826,1.4684137877338799,3.8355413344106637,5.707823969714809,6.0528278481797315,3.2949980050034355,1.711483404505998,2.948616602225229,2.372555183683289,4.518443489359925,4.80786068510497,2.885535232053371,3.572555444407044,2.245947051051189,3.0544379624188878,3.3081981564464513,1.9339235477673355,1.3469951172737638,2.693967406230513,5.277574236970395,3.0127229256322607,7.179823951446451,3.0883371546224225,3.303530280390987,2.4574540148023516,3.6663259634224232,3.5445893481664825,5.17372652029735,4.6789085390628316,1.3089804726860166,0.7105397496616206,1.0558049134488101,1.0940348468011507,1.0760723664589023,2.110521906615759,1.3111892665165215,1.4148934870945595,1.3131799066741223,0.8961965536400385,1.6596783748354937,1.2574198617585353,2.295180981491285,2.265142336000281,0.7865852001032181,5.444728703878354,0.9065160179488885,0.9759832171312155,0.9356724542612938,1.267176727651531,0.9552938953447665,1.0427848068275125,2.189859402278671,1.2229013103706166,2.6440223659847106,1.2199778360582059,1.482313497490395,0.8384539136159219,5.805001760563755,5.456283411149343,7.805207866113051,10.872624145122245,4.717761185020208,1.8127336516045034,2.9419871571008116,3.27662326162681,2.6308792585041374,4.680651560192928,6.09295500908047,6.303816277068108,4.1224056330975145,2.540185785619542,5.570297478698194,3.325484518427402,6.949222763068974,6.508763006422669,4.655067226849496,5.535378586500883,2.781511750072241,3.5695874830707908,6.018621497787535,2.3936045181471854,1.4143931912258267,4.618689854396507,9.851586888544261,5.7053808704949915,10.314919520169497,5.873870220966637,6.612649944145232,4.454013745998964,5.102109396830201,4.305969050619751,6.895715370774269,8.50986095611006
35,3.810034191701561,2.789669102639891,5.111065285746008,8.709269168321043,5.77720339060761,9.307975124102086,8.093241427559406,14.376871840795502,7.659771159524098,3.9431132026948035,6.9654688850278035,6.2073794833850116,6.9417632475961,6.854295352241024,6.1487024067901075,8.70278975344263,4.679643490817398,3.4378253913018852,6.909096584422514,3.547854663338512,2.54436213435838,6.229013408301398,31.88013902399689,20.491358445724472,16.438017541076988,18.093418097123504,30.681167205329984,6.459653202909976,5.169913900317624,6.226000317838043,9.369410981889814,10.33226674189791,2.5589302531443536,1.8759839094855124,3.22989417691133,5.02394966679276,3.873096873576287,5.447239396744408,6.081897474359721,6.889194730320014,3.8195180241018534,2.0798401965294033,4.466153688554186,4.870512602792587,6.236600485863164,7.481522960006259,2.402773101493949,7.099849899532273,2.6444792201800738,3.185691100952681,2.6967203521053307,2.730014643020695,1.932134526214213,2.40664880402619,15.791592129971832,5.882860205019824,10.295534593751654,11.297311437374447,10.232591281237546,2.4661528477736283,6.38985367550049,8.23594351822976,12.52367187407799,17.19886089267675,4.073595828231191,2.184809889513417,1.78760281050927,3.1684091954957694,2.7109989168820903,6.809724640334025,4.741480432130629,5.554014154768083,4.1806537337834015,1.830392271585879,3.772847292566439,2.959603090857854,6.0222455285838805,8.018305612495169,2.378879637035425,5.3469164777197875,2.8920700860908255,3.257968741309014,2.977548769194982,1.7918312623805832,1.6708275343262358,2.1007625091442605,5.39838834447437,2.754426162937307,7.847303175367415,3.556008010491496,4.95380831125658,2.193500749854138,3.9195645367726684,4.466398539079819,5.4201344246394,5.42425355524756,1.2316133042986621,0.7895057699442987,1.4057372131901502,1.2311013679209282,1.2358767460227682,2.2874589240018395,1.576249327399637,1.8355554948357167,1.2771560229793977,1.023880735374405,2.0489365697358153,2.49988341010976,2.921061513461609,4.987577051906555,0.907731523966504,5.511750887308153,1.03503048831044,1.21303098194403,0.970466283888527,1.4907087679603137,1.1525128618359304,1.023480860339987,2.3516979651958536,1.3269680292751218,2.522963691262703,1.554783025994766,1.860686008740231,0.932271211695479,5.312780356689473,5.747356945903448,8.751519297220511,14.261023647122784,3.8868769188411534,2.0862721430603415,3.0842440901324153,3.110842371825129,2.680954203242436,5.2226864791009575,5.600969539955258,5.895763169974089,3.120147215668112,2.548628079239279,5.303275189362466,3.6093068192712963,7.998446875717491,7.470940938219428,4.28309480776079,6.035667669493705,3.560495999408886,3.0579910380765796,5.925489880610257,2.01808541896753,1.3727001351071522,4.419559321831912,10.144743137061596,5.822015285957605,10.393942473456264,5.393256084062159,6.530475977342576,4.126695625018328,5.493384145665914,5.17673377180472,7.631122600287199,8.348127361387014
36,2.5408567598788068,2.1355443459469825,4.281734582036734,3.716475155670196,2.875593490898609,,2.127061947248876,2.1284522372297943,3.6509991041384637,3.252685914048925,2.5550181744620204,2.8424820920918137,8.378360944334418,5.5430621723644435,2.545005423598923,2.403616235824302,1.321952040598262,1.7430570296710357,3.0357974173966795,3.7526620144490153,3.226636879844591,2.619173697894439,10.863026836887002,12.769571680109948,9.511608339380473,1.2435213138815016,4.323905770434067,2.6337832387071103,2.438749492284842,2.1717663330491632,9.016518481075764,10.323203925509006,2.171139065467287,2.233096261988976,5.747736406192416,3.5305912970216013,2.3162684938142775,,3.1644787995901424,4.465400230401428,2.94962137559196,2.4960718110378366,3.7281409204297233,4.955117357894778,7.39654714561766,4.949027053953614,3.035504174476955,4.451646324014291,2.553725484176539,2.9788208012178075,3.0721189577889163,4.08531697030412,4.084703679836821,2.86457456604694,11.019703626516275,14.95197591430042,10.411925584776327,2.3554263352707494,6.630361633142456,3.096183303568978,5.003408819902688,5.1613509058370255,9.981212060665712,9.720577058033086,1.389815934089711,0.7647632874068222,1.7468953374191187,1.1494367481645895,1.10981348916539,,1.097839904105058,1.130556938733207,1.1300246324026375,1.103958109524683,1.545613067719387,2.252804824820487,4.71105952601647,2.777174839138752,1.8451559426466702,1.535683177280589,0.936861310947279,1.238667970028473,2.146523773262743,7.36118656641338,5.005597755371127,1.7673956808721414,3.85627725336235,3.454259960562922,3.612463529861998,0.8940743400671636,1.876113430625992,1.9103084941889392,1.7784768588171573,1.9299648065498332,3.733520985406358,3.4397157542116474,0.9237912676098858,0.7023948905953148,1.1628502838902932,0.8980851238220566,0.8722324757854949,,0.9141345275338608,0.9022805951417467,0.7475493774791175,0.8921936749857196,1.179163964707186,1.7236463597782858,3.820620747319481,2.292638283506676,0.8761409147837185,3.0369870246431674,0.8637269060045583,1.146360244092648,0.8943344141698617,2.7003040991075977,2.3200091909529874,0.8405568428315746,3.39831129031154,6.933784932698472,6.1103618745619315,0.8594953089868795,1.1964641144004418,0.9396208041607679,4.0359717850151355,4.351829290499154,2.107056756130987,1.8914052827767591,1.9548841228242964,1.383895636536181,2.366067055845633,2.0726420916616917,1.5590416587656364,,1.4320532645797357,1.5206072857836261,1.6978456842480227,2.0054063643328846,2.436665032291785,2.7736523770727217,4.608042247127742,2.952306473162025,3.36145464098081,2.374159259488806,1.4628259959863499,1.6287496982840821,3.578180359909311,3.0382801487576216,2.6715340209193528,3.210190392564982,5.863312399014831,6.24053570209071,5.8088936493732035,1.1831535230157897,2.517437416827306,3.2068672589957714,2.763635362498462,2.3931143805384636,5.91180962510407,4.9946492072194815
37,2.922487328760326,2.389085362665355,4.897722683381289,4.3533482239581645,3.561256977263838,,2.38212248950731,2.608286522445269,4.210164042888209,3.520935424603522,2.85965675720945,2.9781744815409184,10.017973894719034,6.484629644546658,2.7080873551312834,2.608401409815997,1.6995918267639354,1.89054427028168,3.101654030615464,4.286042705643922,3.16646316787228,2.6633989618858323,13.089531217701733,17.123187601100653,11.24073046958074,1.7842129745986313,5.9771395463030785,2.666110944119282,2.765388329862617,2.1463909215526655,13.202837435528636,12.324342271313071,2.4545177329855505,2.565076032624347,6.4628704749338794,4.123341161175631,2.8629845910472795,,3.8462751545011997,5.3277336119208485,3.457811581029091,2.735573249083245,4.270729736163048,5.42162025521975,8.31982382806018,5.597016075626016,3.5161509513272904,4.970513211446814,3.0237059327191673,3.432904904911993,3.512010611302685,4.47456086112652,4.154920276050689,3.3952654630411416,12.19950447557494,17.96845624630805,11.571459501283243,2.7006056407117285,7.688941877859179,3.624881854193518,5.37915165477898,5.326822538336273,13.450263708364218,11.160175694385543,1.5101962417247705,0.9441005031476379,1.614469012565678,1.2473278802644927,1.2147631750849541,,1.381971238515689,1.3050461584498407,1.11887924867915,1.4216220770322252,1.4178482088027522,1.4249725645640865,4.307887778850272,2.7190277469344437,1.6243061363638844,1.7783629991754424,0.8840462360240053,1.1249907474848442,1.7681397475826088,2.8099229966755956,3.0461816713795997,1.7750594324752456,3.6660420082625933,4.020128792035393,3.769237831875216,0.8939141325754463,1.969226834262372,1.7255652855965309,1.8103811762557598,1.9365081298019504,4.011624208942521,3.600580108468421,0.9295974055021361,0.7387885051457488,1.2344550807483756,0.9290803960766425,0.9164107447077185,,1.0411883632741592,0.9859859893595058,0.7661135379066764,0.9344203072032542,1.1662522193773839,1.670795916197676,3.9572113719259505,2.446081275593315,0.9003994083514044,3.0988937342044665,0.8952335853109616,1.1491957817497678,0.9137760124531269,2.168487680137332,1.8802180654802214,0.8358453151231515,3.4177784245912335,8.249055321357446,6.738382054209069,0.9453584341372334,1.258476276007059,0.9676101027480399,4.274220754268754,4.418676593559212,2.766631089798466,2.467243356477411,1.889736857265234,1.3823976769344881,2.643001585965976,1.946475778822787,1.5153629938140512,,1.4240994642022997,1.5152601263253018,1.7017226200550795,1.8959643493872136,2.658521436387673,2.4037855910137296,5.14142622705549,3.1416012498084456,3.3789171429816633,2.414103946648538,1.4440668455790728,1.670228099101223,3.3778870129026473,2.8398675785865635,1.9119739881716669,3.0954413523431867,5.63217094168067,6.164457357954234,5.689095007255673,1.334911081357859,2.6039922377094626,3.0386528524104506,2.829995850333944,2.26895630476065,5.853929615113884,5.172718083485961
38,2.7604319620877504,2.45563275530003,7.029468048131093,5.14915122766979,3.567822161130607,,2.6839726488105953,2.7095088589703664,4.784883611137047,3.5266089253127575,3.307830455014482,3.5986918956041336,9.663585340604186,6.57805911032483,3.133253689156845,2.9072634933982044,1.7260663298657164,2.2406590142054483,3.4775148378685117,4.651000432204455,3.87138532823883,3.274703834904358,18.320501025300473,19.169544393662363,14.606789976824075,1.5525571798207238,6.8826882052235305,3.2158940739464015,2.749836479779333,2.302075969055295,12.463475461117923,14.953787438571453,2.405765957519179,2.4937620728451293,6.6368326188239735,4.249676283507142,2.846529554517474,,3.740294741874095,4.9845267240016256,3.5660142930282746,2.6892080313700717,4.482764587010024,5.864213868335355,8.279942441731691,5.680750895407982,3.537969369062921,5.026422906666994,3.047543839784339,3.6272266224841587,3.4291270458197687,4.67861641664058,4.2494959343457595,3.370594818989048,13.916325056925416,21.204585558734834,14.549522515153512,2.6050169835798442,7.643698299943935,3.5302951364428736,5.708281365514267,5.462589884700719,12.800505384802818,12.44884759944398,1.3998360918776598,0.8820330385788111,1.6890224778762786,1.2870787741121603,1.2201826866657939,,1.1674152192426845,1.1967964965151623,1.113887661631452,1.1004358038917417,1.4083521491556894,1.8922894669231027,4.634700919268653,2.919296468462562,1.5520780798397027,1.6271075455733808,0.9198572197419708,1.0237638980470365,1.5293225933419308,2.223987852630671,2.256376679724781,1.6537503543077037,3.695383173180744,3.799945356149692,3.6850598771707155,0.9486381632086704,1.6912413975660456,1.4741470076842234,1.700987946605892,2.0551471643557306,3.3515696741233114,3.2750448954175226,0.9378058414313273,0.7877533677174142,1.2900223595124771,0.9342670908836226,0.9203713082115428,,1.195335450120183,0.9581862736922631,0.7986437700537863,0.9581454029330416,1.2811431170121068,1.6114224429202295,4.367261183233495,2.809488356433576,0.9708713174632067,3.153953135552001,1.122464537615997,1.1419377324273228,0.9938435974845561,2.404255515557452,2.0112811994295043,0.8729451664066801,4.999832570319995,10.564597054326441,9.2194358476263,1.1816609762718144,1.3316574377313373,1.0128237646540583,4.188149538094876,4.526667188656575,2.8452126307456638,2.422100173362196,1.9138764182571322,1.2976116559002548,2.3446223640348762,1.8178536411141977,1.5420796407852322,,1.377105712890625,1.4351974823512137,1.6121132503030822,1.8653680745046586,2.221805101726204,2.503682189853862,5.092005303595215,3.3186681393999606,3.277238109149039,2.289733471116051,1.2467359774746,1.4515691145788878,3.1890793761704117,2.2372931125573814,1.91286246990785,2.914826211053878,5.625843477901071,5.9619739768095315,5.427141732070595,1.14637021033559,2.331326308194548,2.92845320655033,2.639688056660816,2.3618508130311966,6.000869150739163,5.1479937974363565
39,3.2065618579508737,2.9634735692525283,7.289192522875965,5.1664145139511675,3.734350437298417,,2.975790237542242,3.5010678548133,5.050637235399336,3.9229686954058707,3.652415703982115,3.9604927296750247,11.917750351130962,7.736779807601124,3.2313518750015646,3.353114239871502,1.9875476573361084,2.63990368694067,3.735132544534281,5.48734565381892,4.368498135590926,3.436416416661814,23.657870304305106,25.90467338450253,17.739272385369986,1.8983344780281186,8.624109730590135,3.4405205224175006,3.048640544875525,2.5975362077588215,16.831808839924634,18.806144944392145,2.3782545831636526,2.666282634891104,7.0971664899843745,4.228024896292482,2.8979550279473187,,4.274366445315536,5.24703605697141,3.456751222984167,2.752126587438397,4.743747893371619,5.396089894929901,8.013064223632682,5.436048479168676,3.534746188961435,5.3276030157576315,3.367919343872927,3.6121560624451376,3.5062369533989113,4.182445722108241,4.038347149617039,3.4097030584234744,13.836668586009182,19.40033423306886,12.560498362290673,2.8629912849282846,7.982140232343227,3.577950850740308,5.911065258260351,5.749681593442801,14.28551072604023,12.952064505952876,1.269638021767605,0.8391569417653955,1.5795344224898145,1.1814985682576662,1.2443838186300127,,1.1937488270632457,0.9467438103456516,1.2828243870899314,0.993980749626644,1.3905889027228113,1.5532265970250592,4.387965585920028,3.122218775388319,1.2771796809829539,1.5678066374675836,0.7822267807569006,1.0937480365100782,1.3063933711237041,2.16698174335761,1.9614965312939603,1.39191374546499,3.1509351611020975,2.8415814631443936,2.8820505940529983,0.9938044950104086,1.5363925376732368,1.2899626472062664,1.6147394253493985,2.011402206335333,2.975002986204345,2.802093018544838,0.9450732434288511,0.7343394273675585,1.2676014551971093,0.9245281280527706,0.8967443658320917,,1.09089996738021,1.0176255616443086,0.7690397926580772,0.9453741298557361,1.1236872842346202,1.3881806710287492,3.9732244822516805,2.4417668305432016,0.8850750398323726,3.041662755094876,0.8753120457640762,1.0365017080857797,0.9249673487374821,2.265069921804752,1.8953370579311013,0.8148702615926595,3.4681331999308895,7.042087743684533,6.06545550726878,1.0024471097267451,1.329922911736503,0.9673439515154314,3.968010943935951,4.387939970911248,3.1994923213005677,2.221965488161004,1.7454727203585207,1.3292811636347324,2.6345347869209945,1.9738690898520872,1.5958812437020242,,1.4087664021644741,1.501644350355491,1.8041058938251808,1.7635946278460324,2.7110141527373344,2.7411289629526436,5.144164199009538,3.1501378980465233,3.6612310213968158,2.4680003407411277,1.4281065668910742,1.6910100530367345,3.515326476190239,2.110734552843496,1.691492783720605,3.492111776722595,5.5661890655756,5.768254806753248,5.549159657675773,1.3037771714152768,2.332758536795154,3.5205537278670818,2.7321861998643726,2.6485314301680773,5.766286863945425,5.3208555909805
40,3.3216735755559057,3.253693226724863,7.35577498562634,6.259264191612601,4.539386311080307,,3.1892254628473893,3.4926396619994193,6.009193341014907,4.084504762431607,3.122627647826448,3.6153011315036565,12.502197059802711,8.544530486688018,3.0573030235245824,2.9414628515951335,1.8146700313081965,2.388619934208691,3.579372481908649,5.3044909436721355,4.366597393527627,3.1789211789146066,19.717389717698097,18.442162545397878,14.91557527333498,1.6896896268008277,7.315720693441108,3.0605344800278544,2.9896073101554066,2.4077141424641013,13.80934234475717,17.94574299128726,2.3707904256298207,2.649880721946829,6.628365437791217,4.339276591053931,2.984211896546185,,3.9422435038432013,5.413065686298069,3.7169748720771167,2.6573561699478887,4.328468490712112,5.386288874433376,8.267543489637319,5.6880730771808885,3.3767874374461826,5.53532629419351,3.0487159892800264,3.4001075400738046,3.340412262332393,4.3848747736774385,4.3566582899075,3.2130523686646484,11.249574534303974,14.646370444097556,10.159602999920025,2.692179627047153,7.515971788961906,3.3367084215569776,5.779105224064551,5.619374409434386,11.313128299661912,10.813884844537824,1.4191221198416315,0.8644059716971242,1.5095558264874853,1.3524531877919799,1.1797614079114283,,1.0319912244085572,1.134272421040805,1.198712847326533,1.0861262908292701,1.2491890156525187,1.3383735240495298,4.276999788999092,2.6181563989666756,1.4139676586637506,1.7167496789625147,0.7943322798382724,0.9549175356369233,1.4733978950971505,2.196487821493065,1.7155590940092225,1.461682853914681,2.6746763578557875,3.386408327060053,2.5846764074231032,0.9898312873701798,1.778338084477582,1.3091153086861596,1.9654092357086483,1.9949466513935477,3.146268350974424,2.7742309648601804,0.9552495996558719,0.76907586355901,1.2099183783220724,0.8901971278874043,0.909606532673024,,1.0871796838500813,0.9856694211975991,0.7589765549482763,0.9492879704566803,1.0773413116567099,1.4128767750207771,3.990383580003254,2.381674042226223,0.8438552812322087,3.2454422871524002,0.883131260366099,0.956043588303146,0.8983254892882542,2.8891832243971294,2.2291983354989497,0.7897308771589451,2.7754111024478334,6.418670696803019,5.122228232721682,1.0483120756816788,1.2770609898780094,0.9089571977938249,4.155350310611539,4.795727963028185,2.3488071205974848,1.832675986634058,1.8019520357483998,1.2310064194025472,2.6823713851626962,2.014236873947084,1.5942178433761,,1.6070398851297796,1.406780764227733,1.7848447168944404,1.798874931409955,2.455307578202337,2.5289323239121586,4.616619669832289,3.0333462927956134,3.258213837398216,2.3824247473385185,1.4291065599536523,1.5386365412268788,3.0452740320470184,2.24947786773555,1.800629499484785,3.058339672861621,5.372025247197598,5.702990398276597,5.318078561685979,1.2619241460924968,2.54915893310681,3.0743812094442546,2.9840647475793958,2.29521602159366,5.333803535904735,5.006223043892533
41,4.16727623087354,3.763345186598599,9.634592948714271,7.221993000712246,5.358738620998338,,3.9491449133493006,3.8811150152469054,6.922425061929971,4.948124551447108,3.8766505022067577,4.571972007397562,15.304263914003968,10.715700860600919,3.5675972467288375,3.3714006131049246,2.2220543323783204,3.125341871054843,4.234042338794097,6.822087045293301,5.6427993113175035,3.692471917020157,33.652008161880076,27.243154298048466,20.884583122096956,2.1963413892081007,8.82483206805773,3.7522722559515387,3.215375036234036,2.939999249065295,18.0183831253089,27.63035031966865,2.4615610927867237,2.6936131453112466,7.150102912419243,4.06905523777823,2.908539645432029,,3.998882839368889,5.4456599355035,3.496582958177896,2.7854797517647967,4.418730717588915,5.7061371189774945,8.274037652881816,5.63040923589142,3.464396133495029,5.207599380810279,3.0341556230268907,3.742787415831117,3.557562031346606,4.364959328086115,3.984188828326296,3.343360494909575,15.625710322638042,17.406924336683005,11.805347923655063,2.7105988265248016,8.309647022542777,3.569149190298049,6.286439354880713,5.731981924327556,13.737143104663119,14.50701113208197,1.3097470364300534,0.9060815455086413,1.3210867600719212,1.2142188406869536,1.4357405743794516,,1.1398826900403947,1.32723044953309,1.126438948631403,1.078158980817534,1.2133917953178752,1.411861325323116,4.3106520679430105,2.80652308720164,1.4328767592814984,1.5015846238384256,0.7196040669441572,0.9079161591216689,1.3730181053688284,2.1023079607402906,1.8407429433864309,1.402527521349839,2.8455298488552216,2.9852260122424923,2.5930610645445995,0.8760522005104576,1.5370186029031174,1.3687754508282524,1.6281296684610425,2.1507983619812876,3.014390891621588,2.8237674341653474,0.9130938944963418,0.7139812789773714,1.2646612536855173,0.9133963817475887,0.8919421602513466,,1.0460891796810756,0.9367694979118824,0.748717775024943,0.911384164737683,1.07654419764458,1.369704380863368,3.822211463102576,2.3625312783224217,0.8531466935437493,3.1366994453492225,0.850331438982721,0.9320126258671735,0.8776470198199604,2.1086004148855864,1.7461971542616084,0.7705117109253479,3.722251170074742,4.7568505151502904,4.50002548404882,0.9793349940991902,1.2453026918137766,0.8905510470640365,4.254059058439452,4.642699936084682,2.417706166170319,2.0447380652512948,2.1500447764992714,1.3469991681631655,2.8899780882056803,2.124301012372598,1.6635828651487827,,1.6558209172217175,1.59435834211763,1.962574344361201,1.964646828128025,2.9883291863370687,3.0587496294174343,5.608973326161504,3.462564811343327,4.02420901809819,2.58438236778602,1.5782587579451501,1.758900994900614,3.620544448494911,2.4693191226106137,2.0243703620508313,3.55077424319461,6.534096959512681,5.864967533852905,5.991696612909436,1.375618070596829,2.5197186914738268,3.7295662914402783,2.639216632815078,2.431525645079091,5.839192133862525,6.399654783308506
42,3.9434216159861535,3.107113006990403,7.811941730324179,6.558582506841049,4.704827966634184,,3.2492514001205564,3.5349541576579213,6.286207179073244,4.05843771295622,3.276261588325724,3.782815096201375,13.769195706117898,9.399941132869571,3.122732712654397,3.0102767050266266,1.7901023529702798,2.367609879001975,3.596689348341897,5.798415280878544,4.8748090921435505,3.2982641423586756,17.438353563193232,18.79777922295034,14.25053901039064,1.6710575437173247,7.886364532168955,3.2016520854085684,2.809539873851463,2.6068264269270003,14.336928608827293,15.40945447050035,2.6950866558763664,2.3962863415363245,6.539840916957473,4.4074140350858215,2.8772729347110726,,3.5527223590179347,4.998868964321446,3.6639159043261316,2.5263920215365943,4.4357748120091856,4.874136800935958,7.328762825636659,4.973241637344472,3.5173076794308145,4.851973775657825,2.8705132099275943,3.187853919371264,3.2833344230311923,4.163583151239436,3.784630818699952,3.306223570689326,12.060011758876499,14.73268831614405,9.675264329416677,2.5449435379414354,7.41276606277097,3.458995430264622,6.094288830354344,5.640935080009513,11.989069091214333,10.697332290874328,4.252960417943541,0.9279044861614238,1.2841630796174286,1.1683954853651812,1.2755049556290032,,1.035263159792521,1.0244958493785816,1.117340356358909,1.0781949749798514,0.9448269456697744,1.223445560754044,4.167529958067462,2.6692193387134466,1.3661626035172958,1.8088255856127944,0.7773894667479908,0.9671410280134296,1.4474639610853046,1.7037764791894006,1.6265785889117979,1.364178098810953,2.425218746793689,2.7949236318818294,2.8984951713937335,0.808882262390398,1.4481996986432932,1.1760078123188578,1.9207724508305546,2.027538283073227,2.755550747679081,2.563264159107348,1.0156035665431773,0.7508067365620263,1.1258353085850104,0.855877577123465,0.8761462812572063,,1.0668002469174098,0.8934524510095798,0.7365719123413328,0.9469242944533107,1.028859419420769,1.2686367359719952,3.5880475611520524,2.1654701197348913,0.7854561123394888,3.3131103796222305,0.8536512575574307,0.9149781431005977,0.8347474416723344,2.365022488675095,1.8483379394638177,0.7538885974440745,2.5108760141847597,3.8360753737833875,3.2844774486875394,1.0689516684578848,1.2536863044942947,0.8465539182225257,4.215282971927081,4.488107907491212,2.310413496388719,1.7902280692396744,3.456539736362174,1.0826244979398325,2.7661170170176774,1.8549026135588065,1.4041582035133615,,1.644694508286193,1.6221344703808427,1.6148672148119658,1.6307736514136195,2.5428495719097555,2.9164275038056076,4.775115463417023,2.9343371279537678,4.2019603424705565,2.5534290762152523,1.36836915044114,1.8101810128428042,3.9595735433977097,1.8174778670072556,1.7084809369407594,3.8398677424993366,5.432944162748754,5.251707625575364,5.602841905783862,1.2618050095625222,2.453680703183636,3.993259771959856,3.1417013669852167,2.2997984779067338,4.9198135966435075,5.338741757441312
43,3.663384122774005,3.472337091807276,9.039540076628327,7.182043918874115,5.010271706851199,,3.5059027723036706,3.6205665674060583,6.988582987105474,4.73628070903942,4.065052518853918,4.200490424409509,18.829381093382835,12.259504699613899,3.3670852426439524,3.2084951526485384,2.0726656657643616,2.6979174581356347,3.9761659572832286,7.772778510116041,6.216293346369639,3.6492037470452487,23.964364838320762,21.760389965493232,18.272620742209256,1.7794638988561928,9.209463518345729,3.566520375898108,3.4932745911646634,2.6453983155079186,14.363836671691388,20.98810230381787,2.447980015858775,2.3576218518428504,6.501411582576111,4.020331740321126,2.7353730838513,,3.546235733665526,4.669910773372976,3.4009874252660666,2.702245314139873,4.577785141009372,5.397700879257172,8.705498432391323,5.782452994026244,3.65197284554597,5.083525298687164,2.9891382619098295,3.398283115529921,3.364894484548131,4.489972263399977,4.279330707504414,3.346359731949633,12.271085783140734,14.46943033079151,9.537258636555634,2.4655414272274356,7.531645729613956,3.5613813015515916,5.807878609630279,5.314792986609973,12.41760748962406,10.939493055047933,1.6798907454358414,0.8369241149921436,1.8004968405875843,1.3163090261514299,1.2172801289125346,,1.2002897219645092,1.1744145449483767,1.1635885894065723,1.281583303352818,1.2746978718496393,1.5917801192699699,4.542541952105239,2.9673014068976045,1.4733194693690166,1.6150751798704732,0.8417433127760887,0.9690363594927476,1.3436759509204421,2.0207969573675655,1.7468926089350134,1.5321848604799015,2.83699900683132,2.6186631293967366,2.6674977925722487,0.8125519043460372,1.5545034293609206,1.4426744346565101,1.7464130451116944,1.7855415753729176,2.8362296579871327,3.018612726009451,0.9535591757412476,0.7027876188203663,1.1956479598893566,0.8583753759694446,0.8361019516769375,,0.9642559379017257,0.9605901685745266,0.7051925857695096,0.9135062871337141,1.0689801437138158,1.349267270825294,3.4240168333781185,2.084304856680319,0.8286734273497132,3.247365008974157,0.8287184454047747,0.9509118258392846,0.8560337779499605,2.172592710621757,1.8561633878562134,0.7656212712845445,3.5027293970415485,3.8193687214516103,3.459312084942212,0.898857212519033,1.2088918067547638,0.8833648731751964,4.310347872888087,4.434720931385527,2.777253908561761,2.0034096187373507,2.081379876472056,1.451418429496698,3.739712294191122,2.548726843087934,1.885318211861886,,2.068557878374122,1.6902246279641986,1.979102278710343,2.3287608346436173,3.482501895632595,4.021609580377117,6.651521020103246,3.7276429939083755,6.369373615598306,3.038947907043621,1.7408152198186144,2.1393014903878793,5.734650534577668,2.7443656290415674,2.087420303723775,5.746576527599245,7.178041210863739,6.813344545662403,6.838857079856098,1.571948014316149,3.1480732723139226,5.817272147396579,3.321151074487716,2.411689085420221,7.123332237824798,7.005286868661642
44,3.5449795541353524,3.164468871545978,10.910519340541214,7.26855342509225,4.699161829194054,,3.9404783165082335,4.86671511316672,6.697163888020441,4.0748766041360795,4.656022181734443,4.890847747446969,14.995758421719074,9.979142167139798,4.272156715160236,3.5974307829746976,2.3757516755722463,2.957320131827146,4.677205812186003,7.325307698920369,5.65138368983753,4.4990442402195185,22.476813988760114,28.519939864054322,17.8585487883538,2.061820137896575,12.690913979895413,4.381269100122154,3.90943989623338,3.1160081416601315,20.45569196343422,19.961643032729626,2.5959017366403714,2.3926286594360135,7.734722828899976,4.473735014471458,3.159407126076985,,3.9429762546205893,5.06122827573563,3.902427612047177,2.7647023161989637,4.475476394873112,5.931628096732311,7.975284301210195,5.875659378943965,3.6491097998805344,5.134326180268545,3.0426930206886027,3.6193389678373933,3.5210552923672367,4.182488191872835,4.490978222747799,3.4460981260053813,13.891696522478014,15.629768517101184,9.62502537004184,2.618474896735279,8.156558891641907,3.6555769765982404,5.9271700083627366,6.157316383905709,13.63360143295722,13.347649182833266,2.5158558164548595,0.7799803142916062,1.5227832427626709,1.3109182837069966,1.1514512507346808,,1.2325278985372279,0.939581139391521,1.1445744348748121,1.029005544296524,1.216258637214196,1.4211849702405743,3.518593883200083,2.4008765067264903,1.3515491900761845,1.347369670838816,0.8502335113007575,0.9736125093695591,1.4064909919397905,1.6440253930340987,1.8859447191061918,1.325187395195826,2.845823732059216,3.3067253934859764,2.630309318192303,0.858389726090536,1.567602006616653,1.1599703884712653,1.6468214889755473,1.6197360819205642,3.33192396647064,2.995992126670899,0.9387829146589866,0.7094853940543544,1.198701472844732,0.8856650521238407,0.9108634549193084,,0.9649260589412734,0.9066986601737881,0.7485544722385384,0.8847789329138323,1.0193896483770004,1.2942721161834925,3.614940356783336,2.203810586479449,0.7674369497863154,3.166916416375898,0.8008173214193448,0.9449027674008903,0.8102083027097251,1.9155733439220057,1.653761124543962,0.7083236509970448,2.4555608138143725,3.5747390770666243,2.6842863835554454,0.8502022817538091,1.1463713733519398,0.8789686399950369,4.235095660988009,4.723176822153619,2.5808504765336693,2.0943262104538007,2.716614428209141,1.2933659018017352,2.71325177163817,2.0077179360669106,1.6634128551231697,,1.6228289605351165,1.3500592613127083,1.7592183139640838,1.910796418087557,2.6427634875290096,2.726555278059095,5.643739365041256,3.5549476742744446,4.280806460883468,2.546082600019872,1.51575927156955,1.6198390076169744,4.203579272143543,2.076496253721416,1.7174616077682003,4.000317945610732,6.107673922087997,6.9234324037097394,6.37075724080205,1.4002964308019727,2.5552577862981707,4.125214065425098,2.879711479181424,2.1897080005146563,6.5485743107274175,5.702439462766051
45,3.6653570423368365,3.607840510085225,9.29628120502457,6.6280768369324505,4.668848589062691,,3.5792237031273544,3.987688076449558,6.383484258549288,4.616711055859923,4.390050511574373,4.568045376800001,16.882865456864238,11.088930477853864,3.960823640227318,3.289180516730994,2.2887536033522338,2.9833255102857947,4.413423739606515,7.169212913140655,5.8423423615749925,4.005028487881646,25.843574781902134,24.581829318776727,20.323537988588214,1.8161828338634223,9.447106916923076,3.9857064839452505,3.346141311340034,2.639097219798714,16.41485164873302,22.998238098807633,2.443100936943665,2.5989409477915615,7.199798143119551,4.441903995029861,2.9761452169623226,,3.8507840436068363,4.850421213632217,3.8448216546385083,2.6712204999057576,4.843836271902546,6.200584670295939,8.947826347139198,6.226091951248236,3.7537853968387935,5.539459642022848,3.2436052861157805,3.8666441687382758,3.5747989677474834,4.722363613836933,4.678935012634611,3.6071203903702553,13.709042032132857,18.579103823867626,11.916111849131994,2.6768021125462838,7.880076453147922,3.85975653261994,5.667899509717245,5.617957751383074,13.738859401200898,12.917820647999179,1.7072851733246353,0.7880649081926094,1.3696905825781869,1.2141190090915188,1.2457857847039122,,1.1495736325741746,1.150301972302259,1.1732497987395618,1.0846069499166333,1.252335690878681,1.6066033131210133,4.519991947745439,2.8784298337996006,1.301448941376293,1.4736638759131893,0.7923097227831022,0.9443376511626411,1.3651086901518283,2.0632499326893594,1.5701859974797117,1.1993974294455256,2.564818802056834,2.7169742388650775,2.5060794869204983,0.8310377033922123,1.4954566049709683,1.2580023067130242,1.5365882482001325,1.4483582399407169,2.7594121856964193,2.605331061204197,0.9343491988147434,0.706955662224118,1.22331207762727,0.9127794382948196,0.8798678703669793,,0.975890806444113,0.9368829812501644,0.7466779686069458,0.9351659329013273,1.1409434532652085,1.4214503956964109,3.776206405746052,2.3030228267089115,0.8517629333937293,3.24564551738149,0.8565330302872098,0.9806181003568781,0.8928037445912196,2.3691261294516153,1.9224583750201418,0.7711052134027341,2.5400724496194016,7.30176479464717,4.927531323119183,0.8791858175527523,1.2598800711884905,0.9002449794479617,4.179119277068821,4.485965545427462,2.816833618453529,1.9220275125917397,1.9452284614089876,1.537886550067924,4.225116193993017,2.8244653658475727,1.8850812630262226,,2.2313621157081798,1.9449072715360671,2.1447530889417976,1.9792467937804759,3.71213024482131,5.112221144372597,6.445041857659817,3.444591216975823,7.224825239973143,2.778664493234828,1.6642224218230695,2.703324717003852,6.751481938408688,2.7870213671121746,2.1379997924668714,6.287241820245981,8.02183587802574,7.7925106743350625,7.761827786453068,1.4755545416846871,3.352757543325424,6.708658125717193,3.4328428737353534,2.4973526888061315,7.697844936046749,7.800844963639975
46,3.444268513703719,3.245990417781286,7.594474591314793,5.343547294614837,3.9180591993499547,,3.0892161885276437,3.7795221142005175,5.145545525010675,4.378289682790637,3.84139028028585,4.10457601537928,13.310428708791733,8.554305939469486,3.812103357631713,3.415937419049442,2.1081080922158435,2.6879993529291824,4.431079840287566,5.780543084256351,4.619557614205405,3.9449989853892475,24.28391226567328,24.866339226718992,19.327559391967952,1.7661693127593026,9.019757941132411,3.9353245811071247,3.344227123307064,2.452070184517652,17.376234114635736,21.481560659594834,2.52666312007932,2.5146027983282693,7.108041529136244,4.4048457275494,3.1074831385922153,,3.907663151039742,5.011623081372818,3.7664960727852304,2.665522195457015,4.766566777107073,6.239131631446071,8.289575896924362,5.657968613377307,3.618611084675649,5.092248014989309,3.19348935954622,3.7423603498609737,3.4529599724919535,4.292479403375182,4.3321676093910355,3.464177869318519,13.808907897328027,17.727773054502904,11.408312289859168,2.62517785813543,8.07472917222185,3.6850737596978433,5.817544486490078,5.745561793446541,13.459810797940008,12.485108200053219,1.5980805892468197,0.7703224227952887,1.493333116741269,1.1741154667106457,1.119420610848465,,1.0770839871838689,1.0601327285257867,1.0852644500118913,1.021602670334687,1.1216040275030537,1.4461643258982804,3.998105927166762,2.54832338396227,1.183534666779451,1.1660709278658032,0.7759730060570291,0.9081898697331781,1.2739888716168934,1.7660436442383798,1.7061466151062632,1.1621818975982023,2.5237353656848427,2.636593686474953,2.592104676296003,0.8426156000496121,1.559027872644947,1.1351301345712272,1.3859993014193606,1.7270748867304064,2.7256208304606844,2.5964631713577546,0.9184528549894821,0.7234070063759646,1.1724511256261394,0.8980143876442526,0.8844476128615497,,0.9614290389663438,0.9250294815501547,0.7396548969609285,0.8891902697314435,1.1112019461734235,1.4910247034549684,3.786615000535676,2.3152818332619063,0.8359265956414674,3.2371141624025768,0.8394048873014981,0.9904791992312312,0.8373891079145324,2.216707150637376,1.843757623419151,0.7364184676816876,2.930097914486396,5.583147111792641,4.721045920632605,0.8442699967190492,1.1825056928955746,0.8700316452632251,4.2061853973791585,4.3986739683532505,2.2874931978549284,1.8485033390334138,1.9831552635878325,1.3815073762089014,3.637061279732734,2.4228270922321826,1.7693189874989912,,1.867701459559612,1.5867951733525842,2.014072291785851,1.821489364374429,3.106732794549316,3.8102382968645543,5.521378479897976,3.2380865595769137,5.437694228021428,2.6181339926552027,1.4585313620045781,2.139995020115748,4.9407002225052565,2.447574574034661,2.0005457918159664,4.853088379604742,7.221539854072034,7.035662129055709,7.094756583683193,1.2962441251147538,2.9489372100215405,4.900105646811426,3.1261363765224814,2.281152585055679,6.623187626246363,6.451851222664118
47,5.043582554208115,4.851234349189326,12.738188379444182,9.358064795378596,6.54443830717355,,4.837834159843624,5.718483560485765,8.961010811617598,6.090316368499771,5.126698408275843,6.054689962184057,18.2125671999529,12.908687232993543,5.155702994670719,4.376883327495307,2.6710667298175395,3.8554232160095125,5.79837555414997,8.351852535270154,6.8480055197142065,5.2433343371376395,39.642477640882134,31.19862696621567,26.3527927454561,2.296339109307155,12.895710940938443,5.231517716310918,3.926768695237115,2.9629515192937106,24.117450695484877,34.00944662280381,3.096803728112718,2.762317493761657,7.6969502260908484,4.630873732821783,3.126952731690835,,4.280182398360921,5.890050491871079,3.922177966160234,2.9400926068774424,5.070329811132979,6.169145286548883,7.761098568153102,5.5381806450895965,4.142374964430928,5.68830655538477,3.6018052669533063,3.7780229686177336,3.9787830028217286,4.268898333975812,4.227317076583859,3.995694551122142,15.329210116760805,16.90033424529247,11.123463889816776,2.8290559639572166,9.38215963105904,4.08353529201122,5.95776540285442,5.70015367702581,15.455088243470527,14.257319613534492,3.1455189200642053,1.107462231630052,1.5020592963992385,1.3065348630334483,1.513067536507151,,1.352794555714354,1.2505148333730176,1.2109066465200158,1.262643721929635,1.1929995671380311,1.8453129123372491,5.577784431807231,3.5827638348564506,1.3746877648372902,1.6645579262331012,0.7145990048229578,1.0279774141963571,1.3183714927436085,2.2101479917182587,1.8457372516422765,1.501909693615744,2.5559746463841293,2.664872634341009,2.6578326724120416,0.822818496999389,1.580761681907461,1.3072742040094454,1.7797823165892623,1.8141689142794348,2.9877446104364935,2.8282807215873618,1.0111545590234527,0.7213209192400427,1.21624387418251,0.8844380049595202,0.8706559739266595,,0.958248788833771,0.8727295979724659,0.7363136260210013,0.9158404343452275,1.054809712968563,1.3839254121421618,3.1084946658666013,1.9677431678246649,0.8129864297643508,3.1768915300744993,0.8204734123751223,0.9572008823397482,0.838279221625271,1.7650458103162237,1.5873504291903373,0.7590268469357397,3.184986330779793,2.848935368092498,3.05567956820596,0.860594429241246,1.1566221376142494,0.8832639949787335,4.23862584921153,4.327021421886457,2.507550634618383,2.0930680409492197,2.958105003926903,1.4723069471074268,4.475787049159408,3.3658953616395593,2.2618092480115592,,2.3906899587018415,2.090421097818762,2.61663252604194,2.0823878585360944,3.914205590263009,4.549698205664754,6.872930622193962,3.952619037590921,7.136623637052253,3.2885234395507723,1.8148668605135754,2.4775989732006565,6.166037026559934,2.863863075617701,2.327228692593053,6.554511608555913,7.535227166954428,7.34120822744444,7.390894403215498,1.5634802548447624,3.70842800475657,6.5996788325719535,3.6346032575238496,2.4023721634875983,7.532327785156667,7.718267326708883
48,3.835617215372622,3.6870466719847172,9.18793841265142,7.5023144017905,5.34287461778149,,3.880924079567194,3.8919356593396515,7.176952611189336,4.71323833335191,3.8957312353886664,4.014043515780941,14.92858468554914,10.321539652068168,3.5032444866374135,3.080003778450191,2.1939936850685626,2.7657483296934515,4.055684024933726,6.587884214241058,5.441779212560505,3.6832542391493917,26.879073935560882,24.76269379258156,19.402560428716242,2.1455053210956976,9.104975149966776,3.5916688211727887,3.1663294648751616,2.7393487689550966,19.027772126719356,25.279053137637675,2.3926957619551104,2.6341043449065182,7.153084359742934,4.41059365766705,3.0243213259382173,,3.7995238199073356,5.1086289386148565,3.793539246544242,2.6954019122058526,4.739612235425739,5.8923450342263095,8.223123208153993,5.621129501378164,3.7031802639830858,4.823928902624175,3.247734028263949,3.876523143844679,3.5961857029178645,4.261498568666866,3.908913527993718,3.520578677125741,12.617401545867324,14.26211665966548,9.959768431144767,2.5748281805135775,7.5966138174408115,3.755621444724966,5.65440329228295,5.3557067876681685,12.695397541392595,11.755589141102973,1.2780756060237763,0.8012186908672447,1.6064848787209485,1.2129618480685167,1.1822354617834208,,1.2395534522511298,1.2576753142639063,1.085315471755166,0.9331031033070758,1.1681728028634097,1.4445156666624825,4.582473877235316,2.9175817835493945,1.34864335450402,1.460409868741408,0.7754678072160459,0.9530426341370912,1.4494477491098223,1.8344905020057922,1.59128186351154,1.3279980830702698,2.5947878712031525,2.593814100691816,2.7782109791587573,0.8442347188974964,1.5683293568145018,1.2554078530229162,1.596929907464073,1.4435663524636766,2.640894177602604,2.6376213390904013,0.9087987110660833,0.6779311016771317,1.1440878053008419,0.8259080652806006,0.79936406075376,,0.9141155380802957,0.9058774263621672,0.66643648091258,0.9055520696392705,1.0529744909035799,1.2839026871915848,2.873685444228613,1.7957130933154986,0.8041954162081311,3.139063138405618,0.8404721170336416,0.9112060362781449,0.8522036600879801,1.5890474951447686,1.4650391726718226,0.7511401245210436,2.6124334090127377,3.907896536475164,3.4569658510008594,0.8592305737238348,1.167799574318451,0.8628436152093855,4.0728302501520375,4.388335691146494,2.6859711422275723,1.9901359487448644,1.8534363916842267,1.504528132500127,5.03453443525359,3.0392648186534643,2.0618303678929806,,2.547463169321418,1.690444434643723,2.284411253640428,1.8870366766350344,4.031471733469516,5.565701343584806,6.4983024494722486,3.779736696742475,8.461549819912761,3.063287091208622,1.6357733547920361,2.915237710112706,7.478843734133989,2.783920703222975,2.1911546937189996,7.373159256530926,8.879938046447933,7.993521401658654,8.303428941871971,1.729812051053159,3.362992050824687,7.847976026823744,3.5463474923744798,2.3670051305089146,7.613883586600423,9.047871339134872
49,4.787308047525585,5.531594681087881,14.76500101853162,9.119331953115761,6.083168176701292,,5.0493619637563825,6.172106106532738,8.869236306054518,6.820797396358103,5.743530491599813,6.623514927923679,19.812273792922497,13.312278781086206,5.812821676954627,4.568529024254531,3.0052622605580837,4.5730480924248695,6.428881490137428,9.2726920847781,7.553013885626569,6.048715265933424,51.91738065332174,40.34149739891291,31.085013295523822,2.220215683337301,15.098751289770007,5.99115586373955,4.308268893510103,3.3687759132590145,25.796907488256693,48.17607323639095,2.6813801960088313,2.798010322294431,8.537917034118436,4.680483925767476,3.143811038171407,,4.332712192990584,5.545805899600964,3.9676824053458404,3.025866455573123,5.750985452323221,7.002897451457102,8.236231282353401,5.713184356864076,4.382626248116139,5.752826087700669,3.8376916309061926,4.396150332468096,4.244796076818602,4.618310478690546,4.4605364855669905,4.2197543298243545,17.096890791435726,18.88615745701827,12.759730801917613,3.0651453671453055,9.344969716039486,4.376700620923657,5.958821551757865,5.834548144775908,15.466439945157617,15.999178074707743,1.6065327072283253,0.8807281792542199,1.4340881425596308,1.3831851410941454,1.6203065861191135,,1.178548905045318,1.199202011775924,1.320080740697449,1.0763858936115867,1.1585778702283278,1.4807746811129618,5.64274314820068,3.6970572946302127,1.2772202553605894,1.2421932478900999,0.8539129557902925,0.9037993240781361,1.3146119454177096,2.112568123266101,1.6702495522622485,1.5114844809431816,2.9676820886379573,2.824506467732135,2.4479606581735425,0.8558139134038356,1.4838017686997773,1.40665774961235,1.4997191301517887,1.5845621146581834,3.045621793717146,3.0950077016314026,0.9403132371517131,0.6979345714626106,1.3098404840548028,0.8810103462337793,0.8582244530543903,,1.182910970555895,0.9219894247962657,0.7252945081290818,0.8899699940911887,1.1611996544615977,1.4225640952645335,3.099030027669869,2.0456208692394284,0.8801630709740493,3.192947384377476,1.1274815205979394,1.0254261059117198,0.8958759667621052,1.7670889014880231,1.7133638207269541,0.8356715111403901,3.5468407663756807,4.2487771065680136,3.9986535443858884,1.1759210410673404,1.2468679690300633,0.9057548231794499,4.109029843675671,4.3417199426585285,2.45415565109397,2.3008619718893897,1.757499558152631,1.4695880527142435,4.1547383880242705,2.6669520884752274,1.8715301994234324,,2.2746489848941565,1.7180100112454966,2.1164164500078186,2.0219363213982433,3.971285419538617,4.041520209284499,5.1683961355593055,3.0791960598435253,7.082845171680674,3.149778814986348,1.8192358402302489,2.222195209469646,6.359027116559446,2.2675642831018195,1.773530399077572,6.197709124535322,8.966321765910834,8.140699355863035,8.147046028170735,1.524687628261745,3.2290069211740047,6.442394485929981,3.2717341964598745,2.4537793651688844,8.718493802007288,9.141450223978609
50,4.97817323775962,5.1629405352286994,14.623888593632728,8.25090246507898,5.7105644373223186,,4.680335841840133,5.611224652966484,7.902234676294029,6.696227559586987,5.779074097517878,6.547169643454254,17.74076570291072,12.311463477090001,5.905353929847479,4.781221476150677,3.1323067960329354,4.577354702632874,6.781011034036055,8.188464329577982,6.890632736030966,6.100874539697543,48.17527916748077,41.5460669901222,33.398916479200125,2.368346613366157,14.144287153612822,6.192819215357304,4.162283759796992,3.442332847043872,28.93492707516998,39.92818994447589,2.631201336043887,2.6849951900658198,8.106038199912291,4.587180348607944,3.1436569915967993,,4.322607957874425,5.48598129171296,3.911906027497025,2.8306598906056024,4.992258534912253,6.088943729992025,7.72190022689756,5.646777943184134,3.983330214396119,5.390912105212919,3.465489724476356,3.819227851636242,3.822894828772405,4.3002854799851775,4.155530768912286,3.781668965530116,15.022519568447024,17.773919651517645,12.279224043595605,2.899997078202432,8.649732495541684,3.924476135580335,6.055056808691006,5.385707183449995,13.650565830175765,13.884379470255226,1.8915216423920356,0.9000287209346425,1.425247277438757,1.208357471114141,1.260596525753499,,1.1886942629644182,1.1533972137840465,1.1098496452177642,1.0977476840707823,1.1126866320410045,1.2787218456651317,4.893034434644505,3.155684724333696,1.169458537333412,1.3457920285873115,0.8529622818969074,0.8914412082958734,1.2623917227756465,1.8720307380135637,1.8136861544917338,1.170135506981751,2.6168551994487643,2.535748601076193,2.539253451686818,0.8753463807806838,1.4617960932810092,1.1937995859625516,1.5172640723903896,1.578248209625599,2.701622281165328,2.6390349739813246,0.9226651651488282,0.7247460079042867,1.2144644557565698,0.8745659736177913,0.8488799816177561,,1.117295487119918,0.9074107357491812,0.7140830888943128,0.9483965278604956,1.0712935469427975,1.332630643560151,2.729805018134357,1.8605645489060407,0.8157251381817332,3.1938007114149514,1.0767773303541617,0.9832619548433286,0.8744414320744909,1.3918770605414466,1.42117349378168,0.7710874403983325,2.8367043832986383,6.294849283221993,5.209136322264385,1.165911552561738,1.2301576757636212,0.8939832708847462,4.078126768945367,4.370132496660517,2.285515172388841,1.9798295247710485,2.2511694114655256,1.627831908990629,4.655922006350011,2.8599196230061352,2.0682892063632607,,2.5785273319343105,1.924425916513428,2.0885339617962018,2.0974180079065263,4.052260279422626,5.246074171736836,6.744258047547191,3.903908480424434,8.277778135379776,3.1924076029099524,1.940866481163539,2.6981505361618474,7.1096085594035685,2.847349038347602,2.4864765582606196,7.404822012176737,9.371211286634207,10.01252606511116,8.895748760551214,1.8148468807339668,3.7798902194481343,7.714647566899657,3.430366312386468,2.167058177292347,9.254980890545994,9.14594269124791
51,5.163885318324901,5.2839873533230275,14.374548918567598,8.531261701136827,5.894885718589649,,4.738555842777714,5.0775386043824255,8.03331853239797,6.889372889418155,5.476941063534468,6.345592497382313,15.479505236726254,11.54263922944665,5.978547444101423,4.523542011156678,2.9282755858730525,4.335038422141224,6.7743208492174745,7.486409915145487,6.747404637280852,6.343188433675095,54.44759130477905,36.759909708052874,33.299087546765804,2.299746571225114,12.558006681501865,6.276399653870612,4.598054452799261,3.398444183403626,25.639106053858995,43.31246146466583,2.659868787304731,2.924338705270202,7.991455124283675,4.382533530588262,3.097052547673229,,4.329758936364669,5.22526853819727,3.7886150093981996,2.9274039588926826,5.288538734021131,7.2615551907802,8.975946620921604,6.397664379619528,4.208008456771495,5.349265979020856,3.635310898971511,4.5151776721468195,4.044383062137058,4.441581531864358,5.012022575101582,3.9489330156357028,15.361415076768026,20.466800167923793,13.796778512187302,2.887582995754201,8.579727313190233,4.23156087344978,5.969124023977201,5.486106027092319,15.409985338919796,14.597324276110157,1.524439579952741,0.8446324300166452,1.5083333437360125,1.5333694864239078,1.2914320377603872,,1.3340030927793123,1.3349989621929126,1.20758203411242,1.0973723583447281,1.1587405588215915,1.2752559887303505,4.355993303761352,2.8015462812618352,1.2517642408056417,1.4326484852063004,0.7933241649880074,0.8984028636405128,1.2532165128504857,1.7768176621757448,1.6089271484815981,1.3043541621300392,2.6437349479238037,2.461977755956468,2.302810766195762,0.8049306761677144,1.6157815916812979,1.1628997126535978,1.5172067942330614,1.7620385915506631,2.5601540473871864,2.9771763292956166,0.939221567932691,0.7357502706781816,1.2548542566719334,0.8675036980321238,0.8794005027539242,,1.1402755729932323,0.9391753274030634,0.7027776848644862,0.919642626854511,1.1904739782266915,1.4117687136376844,3.168065818499599,2.096726807394589,0.8596492292554103,3.1476430194743443,1.0247302578818562,1.026538948281086,0.8670773983112667,1.641533633801373,1.794788080133003,0.7755306938861395,3.366288816323504,8.519138815245242,6.010035681356385,1.1350216325354268,1.3570780718055175,0.9100436867583994,4.220414469273237,4.474438170291251,3.6335992731437727,2.221251212631614,2.0868105930276215,1.6208927263505757,6.258767039980739,3.876534174196422,2.4042672012001276,,2.9574258951470256,1.9566798000596464,2.764743665466085,2.1168797102291137,4.871183424256742,6.27501931739971,6.142207072116435,3.5739841405302286,10.178873839322478,3.412769379792735,1.9043573993258178,3.1929687247611582,8.856175816617906,3.061906812945381,2.459965879097581,9.118001529714093,10.770532651804388,9.970073471777141,9.394226362928748,2.027659007580951,4.280207707779482,9.253687167074531,4.359294107416645,2.3931144387461245,9.80305764824152,10.76422561891377
52,5.058629380073398,5.303732759784907,14.922918984666467,8.44816246535629,6.157171766972169,,5.084705218905583,5.761944630648941,8.258636284153908,6.771533429855481,5.949035519734025,5.899581563426182,16.355084837414324,11.66283484781161,5.784701730590314,4.743496421724558,3.150432283291593,4.134561604587361,6.305818707915023,8.081390697043389,6.816128181526437,6.117326149251312,50.702528562396765,36.993241868913174,31.589703517965972,2.2421104658860713,14.208516979124397,5.893443303648382,4.206544021144509,3.1845469784457237,25.68263455759734,42.561091715469956,2.689503406145377,2.8999373644182924,7.613459412823431,4.416633215441834,3.0379199379240163,,4.11388074644492,5.714193644962506,3.7490774848265573,2.8843636500823777,4.923275926557835,6.487494065368082,7.648164333659224,5.687392178515438,4.006610844953684,5.158449865120929,3.453104400250595,4.142966557992622,3.805347099842038,3.8797472516307607,4.482495041884249,3.792276904277969,13.989410203066655,16.810503148008138,10.755377894383855,2.816559004713781,9.007937267597299,3.9148410069174133,5.784627763205208,5.648196354741231,14.172293245792389,14.022263378137723,1.7443027900299057,0.8477269111608621,1.5574098943034187,1.1918325544684194,1.2641053690458648,,1.1496948482090374,1.078454948583385,1.034921343489259,0.9478303045398206,1.3427860412775772,1.2139212103647878,3.6493586339929607,2.3306195507757366,1.3046409003436565,1.3691125113837188,0.8279740477519226,0.8571657790525933,1.278587674278242,1.646093496674439,1.2948043822689215,1.3455007974698674,2.690581950446358,2.5455033573962282,2.724749454500852,0.7396082182822283,1.467718017011066,1.1831807350972667,1.6092785026557976,1.669126146225608,2.893836110160919,2.8370736617944203,0.9424156942259287,0.6809918921817371,1.210385707054229,0.8962861654708831,0.8538479644357722,,1.0617066092208916,0.9195738402922871,0.7351367866590408,0.9090922610539565,1.1105741405117442,1.372583974898589,2.741333269568713,1.8059426715808513,0.8334990727689728,3.276525078490522,0.9749949407478198,0.9291252049479226,0.8494061719375168,1.5799219991095015,1.6563823869546468,0.7648141470326664,2.3879167808900092,4.305230242607649,2.8676098040705256,0.9965189609602021,1.2686630940379473,0.8769399571519898,4.104508019736386,4.573125420392898,3.198459382929286,2.413021634311008,2.3090384784154594,1.4512633788399398,4.923922446323559,3.074810461839661,2.0124879956711084,,2.5084768421947956,1.8154482095269486,2.198040921939537,1.9118777272524312,3.8909473223611712,5.525049811694771,5.458736442960799,3.152235149173066,8.094720600638539,3.0268067202996463,1.7107866588048637,2.9694943805225194,7.191043230704963,2.545832365285605,1.988150121178478,6.99376838747412,8.848735014908016,8.155620656907558,7.8236935078166425,1.703284593531862,3.974387625930831,7.317716401303187,3.7660241359844804,2.318347367690876,8.237983623985201,8.894482452888042
53,4.694251256296411,5.202900851145387,15.645388863049448,8.782833523582667,5.908172111958265,,5.3938635683152825,5.848770670127124,8.405723667237908,6.4474861428607255,5.972691345959902,6.9453257019631565,17.350002541206777,12.500333483330905,6.230528117157519,4.876142280409113,3.0899557459633797,4.478651564568281,6.776908179745078,8.458662254270166,7.4300303240306675,6.592313991859555,46.75317392684519,35.10815429035574,29.63515045121312,2.361073115025647,15.008229587692767,6.399088335456327,4.028705501696095,3.2889665744733065,24.066785350441933,43.14407892525196,2.5536136963637546,2.5695459626149386,7.192469682195224,4.190879764792044,2.914447963121347,,3.9446134032914415,5.137150383234257,3.610045689129038,2.7417644087108783,5.006547980883624,6.269874720601365,7.843948173103854,5.677912828105036,3.6335829172458034,5.532607217901386,3.800870505074272,3.8726387720089406,3.486093679384794,4.28007453592727,4.303899360820651,3.5215883763157763,14.02071064512711,16.643932860461064,11.296303404378705,2.8364352147036698,8.795957233814988,3.657957713585347,5.841204234457109,5.899371564737521,12.751344052958302,13.586793400463648,1.87098733476887,0.6869115136396431,1.4585364697268233,1.24986399532645,1.1851928338728612,,1.2589001835294766,1.1119695864181267,1.1763090788008412,0.9604587603462278,1.0748719450930366,1.2220106054883217,4.23344401497161,2.8159040593891405,1.1833907037726021,1.1934829690289916,0.7493664579669712,0.8015693338165875,1.2926658846481587,1.8191145463788416,1.3572392927017063,1.247774589501205,2.762188985798275,2.3502109379478497,2.5518011752865277,0.8812270762064145,1.2753730079566594,1.1954345845879288,1.4245155107346363,1.6732404928916367,2.3863446422183188,2.579004883955349,0.9302936881567803,0.7341718929865237,1.2648404499486787,0.909352733515334,0.8822109431321223,,1.0354948076383153,0.9495130432242149,0.7548147725060517,0.9413581277613048,1.5055501130518678,1.5077692660270259,3.3734157163962664,2.243159409317741,0.844184427592154,3.4531376704762806,1.5358590303549136,0.9972525858756853,0.8719799983509802,2.090465138280706,1.9959157145876816,0.7974519685376436,2.6030905974039342,4.539598601695616,3.730636779437191,1.1894269632648502,1.321803688597356,0.940020387702134,4.2482473254494835,4.492401009883906,2.934411822934635,2.762467636330257,2.108277374645695,1.351809100015089,3.6586068745236844,2.5507980899419636,1.9533930026227608,,1.9876551232300699,1.5616556629538536,2.1645881643053144,1.955695406650193,3.37693392066285,3.7403495225589722,5.947904952336103,3.6839823296759278,5.247037537628785,2.6815695164259523,1.5518906293436885,2.068235306069255,4.857211286434904,2.5213526387233287,2.1602149354293942,4.618001315975562,6.573393940925598,6.481781718321145,6.359684281051159,1.4324667572509497,3.087712830165401,4.837582819163799,2.915695367846638,2.336119447136298,6.880694592837244,7.363648212049156
54,10.516363778151572,8.483768004225567,5.674975487636402,7.1183458785526454,11.902589059900492,19.359440892003477,10.576905944617465,10.111205599969253,10.880263798753731,12.20708190521691,14.383284244104289,14.59170829912182,8.02807227591984,12.05786140053533,14.723185347975232,13.45261192182079,9.214904042892158,9.935291745932773,15.784905524924397,11.634273483650759,10.47314444440417,15.814249112736434,122.74624302517623,96.82575869373977,97.03065501525998,45.92072492232546,41.03368517826311,14.852810243610293,6.488726998213679,13.762052112724632,8.687002205988392,7.3758981307037175,3.052315740205813,2.2712430873070844,1.9929371683247155,2.1340610001061577,3.5133387755195145,17.915560834808275,3.3511139736219775,3.311717740871245,3.426465245865984,2.0755564110004343,4.353836662630783,4.496372828725725,2.424607544526225,3.4578567574499175,1.7882672291307244,12.994552089367062,2.679430828720797,3.0821139334875625,2.015360791119747,4.674035750213079,4.583182526403107,3.3531894005136564,12.02156042563729,8.920954256609548,10.605253628455102,4.541837923170533,5.090778875455726,1.8490315414965153,12.809083273168653,13.436288107186556,9.900822449708357,1.500458891314338,6.4419020200148225,2.4277528973470908,2.1110101079102606,1.6094038983283099,5.50575579109136,19.617278827354312,6.7489801949705,4.272661673894618,8.04201958089834,2.924233311205171,5.248366302112117,4.259193214238621,2.8055944203515537,7.465453825716395,1.3773672380921198,4.737532461149385,2.923608659330057,7.189327163359849,1.9693511731020408,6.1333985067903996,5.972687307803426,4.406720410770504,5.325929581886157,5.369163671275601,9.132196777500212,3.091892514930805,3.073865253099939,2.0850181426794734,5.544257164729061,6.731716304784641,5.009854976378847,1.3737515455432003,1.9076543753726583,1.3661365173902595,1.2129355768593086,1.1287079803423694,2.110992107191123,15.280912743037334,1.7076119743251184,1.7684701181224227,2.109629605001828,1.1973345483511366,2.848661665666441,3.1129078424783074,1.532603974965241,2.026367159032816,0.9052024024640559,13.389660414759419,1.693975387752289,1.8752677451630007,0.9876708702449832,3.4949970731759095,3.6518061097012833,2.3462961116820225,7.204204142908566,3.0067773232076433,6.381210072504473,1.3518174532691773,1.3448004601741559,0.8782466395587107,12.520918258815072,11.918935962967225,9.62561374399229,0.6573909357712182,5.596008093561977,2.5572006998118013,1.8286076956428587,1.870494641480036,4.6904191840440035,16.005431185476482,5.056531721493229,3.5428977862466127,6.382121297065169,2.564662281656638,4.059497878188267,3.6751937004737556,2.3304809001274407,4.565348848700523,1.8109662341885269,5.471758369822055,2.8586824191734195,5.089604703243822,2.3421552032232285,5.146800598595291,5.013377085560933,3.5046723496634513,8.145345549564809,7.083352073095739,9.250308619812131,4.202729323878884,3.969817771576345,2.018744038650766,6.530184065923095,7.312410161830485,6.080176797695458,1.7926889413502067
55,11.147140205139294,8.601029112469405,5.794573051389307,6.092486743000336,11.238616541959345,22.02493033837527,10.546417761361226,10.246509584248997,9.863236831733957,13.388537234277464,18.05848981894087,18.0785853008274,9.223701170412824,12.33400967612397,18.743441280093975,16.48543047485873,10.563713454757817,9.90961400384549,20.086178585188463,15.585207380354404,14.31503234198317,21.157229028176516,145.51965950522572,122.35212384257466,120.87580090155825,53.22846720810048,54.11267458111979,18.741876338026486,6.542996241478249,15.595465432852507,8.229407831095159,6.361024745274335,3.1874709311523475,2.4747118186496664,2.2136124935059343,2.4769620576989837,3.7510524125536904,19.447836588369682,3.6314716817287263,3.6382927210070193,3.6791098827961832,2.339482933166437,4.107165666937362,4.760974719829392,2.7565634409256745,3.511250535666477,1.802901324481354,13.08953037369065,3.038239970919676,3.977743392169941,2.0841905352426693,5.147999057953712,5.351235791749787,3.6852858975180425,14.818075054790825,12.306802644161507,13.640552817378193,5.0815912982216105,5.780136620160192,1.819700844862382,12.965897069079801,12.756453070323914,10.594588864478283,1.8079229521390516,6.3712661794852465,2.658327328390442,1.860338932601735,2.0183515443932265,3.7179738355916925,18.606470461236313,5.160605920536909,4.23607569973683,6.428410641092341,3.0500022949127015,4.418106393131893,4.656098877603654,2.742385637247935,6.42869505827548,1.4394809168152278,6.615644218982197,3.0556815763702616,5.106648077344289,2.200769817136461,5.773639277322218,5.822363891638815,3.893767836416373,4.911975076538511,5.9337504135328345,7.446425122907385,3.444620131631382,3.554257065843558,1.8907932244474068,7.608030668052379,7.533487128966954,7.4225873468094505,1.6211226320592687,2.0139071916673856,1.5391154720418854,1.3937138753590261,1.2367414335585636,2.2425603156079887,15.586928857374005,1.9162340113325627,1.9611098132372717,2.15020785390152,1.3352208288779366,2.8492450110206846,3.266729414008296,1.9226513913963572,2.312292564965901,0.8963053899151419,12.939940481373924,1.8890902433668089,2.9369832063821377,1.033503809821923,3.692931121804577,3.801653236223501,2.4811507582853665,10.541285068029538,7.4035548786923755,10.59995226751198,1.557456985437966,1.5212634536965197,0.8074046363617526,12.26999776190496,11.34999914211221,9.215967229465605,0.7732605060937203,4.919656115816906,2.9751342663075775,1.7800461791921407,2.1101715392433107,3.7315439549274743,16.99243939947337,4.108691035071388,3.5398546897340566,5.1221021567471325,2.744285069638863,3.754992038011551,4.261602880433202,2.771477709757164,4.95254568522796,1.998066290980205,7.165423536207527,2.9154360527172685,3.7924564676359296,2.920186670962721,4.862544126808643,4.964201885741204,3.3747489214874804,9.84061136841774,9.476130711846054,9.655486210249364,4.996477393433452,4.955704673193395,2.486294019035995,6.931103416718543,7.65698216855526,7.265959226060659,1.9146349222864956
56,12.555696943309158,9.564534790115431,5.8785366418305784,6.268009805353358,13.942113087978214,24.62366153486073,11.726007040124387,10.227236984064803,12.341786816250533,14.91282980714459,18.379008353804238,18.614141881698743,9.402630486874841,13.110681611578912,19.870135220116936,16.440544713987038,10.9028944716556,10.280695249093696,21.159417592571117,16.162417276063934,15.07705487892963,21.848243137355894,151.62504673935473,132.26851751096547,127.33009015209973,57.01740802032873,56.895160872954875,19.598703001975082,6.628901464864612,15.889245551079512,8.633167220978066,7.839860976673663,3.2402520955656655,2.413815680483822,2.1700933211832307,2.4657326721353456,3.473292395938188,19.312573480419815,3.4327445791859645,3.3563224133104086,3.466780312010087,2.290490079758456,3.6588300790754147,4.04823954886524,2.3652903182664886,3.114069826551713,1.9392458634683862,12.008732301183045,2.7118951838929206,3.0364598860614933,2.231395061244257,4.726275037683081,4.891275464615319,3.4555444253783207,15.62808162998408,15.27348259696737,16.085852636024356,4.75386383550358,6.21851563846576,1.8822004112735158,12.453858158551157,12.418968850397505,10.671023177565075,1.859543739556102,5.173876335902605,2.575240647274768,1.52976540812233,1.8197919707745314,3.3256016213272233,14.405160705791786,4.105465981410816,3.5804385370283853,5.113980601890944,2.040212795691332,3.1064327849890105,3.7046262877993286,2.981533583806595,6.2165637136786245,1.4527759321936173,7.313676876947284,2.259689073980553,4.431949710124172,2.1652591130987275,4.0254531377286185,4.134012109716423,2.71231347869616,5.029596890381072,5.131006684678141,6.383459360222332,3.84932153247064,3.2295224627887364,1.660559364609071,8.081310908892192,8.623845875263214,6.563206174178049,1.629895377845969,1.923690418152546,1.4674071665012889,1.241929909610917,1.1447890224189905,2.09573134452512,15.186019576503895,1.6912194066662778,1.7845043828401685,2.1030432628776907,1.2735957352560945,2.6192051095677016,3.003997073847131,1.5330369915318443,1.8709332480284502,0.9316930088516528,12.092708824638976,1.6462216044601519,1.9678246426337864,1.0733623628311761,3.659772850369336,3.9382430131809087,2.4661563484187354,12.082120096238214,12.078395491698757,14.114371519099222,1.329939821971493,1.26725271752548,0.8493808427374461,11.350280807164381,10.447357983139227,9.184442671539728,0.6914558869084431,4.94551460724324,2.8420087473932654,1.6100580396596342,2.261752902995795,3.711830882821232,13.549396535381675,3.901825228240341,3.835396288195625,4.966139036696404,2.5711558701004833,3.1212877365760505,4.031418910017237,2.7778955409303308,5.001075332984328,1.8905438191723078,6.87600951641798,2.4310412700287998,3.7554003356490284,2.8191867168061435,3.9494882221333683,4.082783591002226,2.9706909554079175,10.635249549522996,10.438353987410665,10.892113554291427,5.184662237297744,4.59665828384459,2.220410853624344,7.525417837314308,8.822415606118739,7.210657291579992,2.1460546122398227
57,15.852593118324876,11.826616944745183,6.08691900561098,5.84098810213618,12.455023723305203,23.2087264303118,12.23405366181396,10.315274441381916,13.671240783878602,17.159840295789763,17.98467971093487,18.814448529155925,8.03389196516946,11.834288714453578,21.99735867907293,17.081324302125722,11.698780843289569,12.166266125859693,24.319568838109262,14.805021302890964,13.981526470161043,22.97254157019779,175.43903726618737,150.97939752740785,144.79014853714034,60.35967080970295,57.43000912480056,21.56880879192613,6.299224332906306,18.22170743253082,9.39883734099567,7.873241454944946,3.7984827904438134,2.639975256897742,2.3462187346012797,2.4117411849147175,3.7182874584686942,18.263647507410496,3.881863933202112,3.729726555320667,4.3565649903030135,2.303213615959976,3.915063171007205,4.427929008670617,2.4198202627303544,3.27195000500069,1.9517345499480143,11.501687113195658,2.7788923180196434,3.6885542795062065,2.4195198639063165,4.973002942278981,5.066323705250397,3.642584451881703,17.92339197709225,16.45318117516581,18.34382285596803,5.3783579751325306,6.041762015229324,1.9443886249064235,12.475502357119694,11.9442468858324,10.502286371774971,1.9639740476122824,7.851656104321592,2.8432884100766387,2.0242355258233147,2.026700720307417,3.211997594917193,17.699585485388525,6.870627388707362,4.528536985162646,8.416446577030001,2.8581580336322077,4.3804031192848925,4.54778079802054,2.57458127089194,5.856072886672337,1.4840686399111291,5.987601780361729,2.6036271992779803,7.514655910199508,2.625473320222227,5.883252291823737,5.9817512264999095,4.133479236770654,5.608937673969194,5.2504221894196235,10.508007573662326,4.073843560036039,2.7385125758883078,2.00765639601741,7.107594530680217,7.723399881797377,5.851738525961991,1.749722876411397,1.9518066424097924,1.4719790865456162,1.2263698963579373,1.179884216071514,2.042692060058471,15.05292877482134,1.7158362632017088,1.777738595592382,2.1844978855369845,1.2858624074851832,2.5195308717229636,2.8490921622505994,1.517692009883831,1.8338625684464205,0.9326571821475227,11.786873643359286,1.6389193153827364,1.9431502219049435,1.0641953447247943,3.4843150515371235,3.7785344620715478,2.335877715722745,12.860752329288516,10.137883797142422,13.37007553956937,1.3060059211511543,1.2845546186781576,0.8587715772137017,11.688172518915962,10.704158445150824,8.86340081342496,0.6877711307424761,6.276765983784571,3.1013282714411616,2.057980600511655,2.273962541949004,3.3378520456608385,17.206189571879804,5.434408376459032,4.211703781038523,6.868948432384059,2.4910381180234253,3.4742860589176416,4.214544722344726,3.0100720323389396,5.315432441420853,1.909321523271501,5.956846522167325,2.508264093194157,5.194501980440691,3.242911654524505,4.332287848228589,4.389320645714179,3.3573407272342592,9.915186208672822,10.185131803154945,12.0936882449314,5.160825385246426,4.545790783595294,2.4410033656749874,7.2723846533335745,8.582933398429304,6.901864486280829,2.051001225481741
58,12.293019099161029,9.448881755815819,6.994625786319375,6.4320689416490495,14.912014798028395,59.753879671916366,15.578501363052055,10.258883354254067,12.053882994223386,15.392517059808597,20.974960760213435,22.454395599197596,10.392450902145356,15.962986857630312,20.232441122061573,64.74777776747942,10.801999931572936,12.518298695795238,22.220953469513915,19.04953009216115,18.527771113440394,23.537968925666064,161.35627764742821,127.64568324200809,126.3309838832356,70.81659539835528,54.243426013272256,20.51338489400223,45.66499241627753,23.81012006662786,130.07674925029278,7.761419605230913,4.910160459985491,2.8295752890699077,4.971967420715373,3.6374839146446902,4.510730352194514,58.703923132270575,4.901826447166968,4.924762106384151,4.831126090721227,4.621428546670359,7.054105386487208,6.779823946999386,3.9015803995425813,6.053991106455214,2.11404218498501,85.13140585273504,2.981176043249434,4.22406749567017,3.5896865010727197,7.901324817794375,8.622477034805343,4.849287310207728,18.597919261083007,16.275609465083107,19.076979311648756,6.433527123590466,6.249144676985452,2.5768106170289684,70.13956969603896,21.186501515330747,173.52128494530916,3.2091915018099826,9.890962355711963,2.9073279474687297,7.900199620053172,3.5590331790444907,5.186432237678673,280.286047141999,8.384599364944734,6.299970191321336,8.472741610603407,8.560796282836236,11.063426354667172,7.322591845877469,4.938095575198531,12.64185956097208,1.652759819990024,231.67060408741236,2.899796290876111,6.71133342984831,4.93240055948263,13.073460228042677,15.68753135506995,5.260954989353195,5.5762156916898675,5.945824166701641,9.694406180642545,5.205775963986525,3.904977293132106,3.265094641392352,156.47431928664446,21.678116521798074,648.6973585560918,4.062426705786493,2.493094325018319,1.5688201328885043,2.5269329794355144,1.715298046292446,2.3744654049551173,27.523002503585303,2.086809443198945,2.2875043796375394,2.294724775765644,2.25867557037418,4.458948503724969,4.428986394486856,2.3240121311118855,3.252901797168306,1.075512785519095,42.179031421255786,2.074222127248504,2.6013534065896238,1.6824699323478853,5.0946672999998555,5.4861876742506865,3.0928124247111555,14.168879277349333,11.896910104042036,15.817050447367365,1.7590283057415945,1.5492368379455002,1.1250004877183528,38.00939836219186,16.78213405466522,73.8577341180644,1.2901097893518454,7.840644917450845,3.2888754503801465,6.373382406309247,3.5867068509105593,5.131652927957475,122.43278604000807,6.256873486563563,5.697543441783637,7.96848873142153,7.202504551969469,10.00648399349302,7.7140977955423295,4.872707126196474,10.846737888641655,2.121632802300155,128.73638048768044,2.996065857587382,5.903265264350921,4.8600484151393175,11.408049380406737,12.656798237003386,5.399849847890437,10.528502520173788,10.176712065003812,11.775429360568523,6.331201468128711,4.810542275663465,3.4482504124753177,113.1050018593669,18.803954124450684,299.86785911023617,4.144678503507748
59,13.154413143638521,9.78041478083469,5.3410857217386365,6.056327692931518,13.24530949932523,21.458531031385064,12.54805558710359,10.333904618164524,11.710209873854183,15.361968369688839,17.26087587303482,17.904777283547446,9.080022951820865,13.08353990316391,19.44106897281017,14.85922624124214,10.320903267711401,11.067482933867723,21.61116190836765,14.74930316908285,13.769071782007813,21.2014252319932,149.06975417397916,127.38667661324143,117.90841002948582,59.9895462510176,56.182181171607226,19.6635620231973,6.187143386341631,17.474213032983243,8.589808421675116,7.2017981292447075,3.6955437317374162,2.9969280149089172,3.4588142698339652,2.999886237375904,4.7487843403359875,19.926467793993652,4.4883808150189,4.718854695966002,4.2205477293464355,2.950567148218397,5.93077434314182,5.556458869250491,4.0300680193468,9.473195634200238,2.2913951324881054,13.423242548014969,4.38011279766215,11.39345925184898,2.1095826850796584,5.74784746277146,5.439074935566168,4.351355113612954,18.21425909292884,16.40361113823019,18.622821604367346,5.691186437616125,6.808192360040266,2.048919297521934,12.238337483722717,11.514145327964798,10.342356690671295,2.202456413215259,7.505791298171971,3.7049056991236284,3.364211443113163,2.0132505997025874,10.63445518957451,16.364120921934955,8.332781624631025,4.994904647901421,9.367986145662144,4.285573508241214,7.644270473974757,4.142600424529519,3.3365081981173716,11.06236180930864,1.953585902811028,5.4312524443957955,4.226993602060247,9.89165533974301,2.071903581963852,8.114386582747102,6.788624610635452,6.544322248373646,6.930239913344849,5.939501505054068,9.924590602167882,4.684329906012863,4.149512482399587,2.60817523667356,5.33760554753826,8.323304275108967,6.506691650429275,1.7565853140695253,2.734138229243399,2.923439463302202,3.297875304269837,2.190133484418766,3.573873155801266,18.685427035961766,2.736121493853716,3.63902602748567,3.2771547721495153,2.1186788308114046,5.816160228278022,6.142846626971732,5.327357637725072,13.74493604816962,1.7345788169222942,12.685779056482716,4.67539394958294,15.642694965208648,1.177760808786843,4.948632478772197,4.619716620254621,3.3040436792362016,14.424834685996757,13.170486989110941,16.39681710366858,2.472788323302666,2.3518425368820317,1.1488570621622785,11.215937438464607,11.151451733894646,9.003895956993802,1.4946858696021081,5.289304943289608,2.9639957065228373,2.467006503138691,2.2346418409142643,5.640653369482607,17.167533980682492,6.068100570701063,3.9728951232973486,6.84668606845662,3.0943294405005872,4.848129698075354,4.028037743410096,2.7875980304088444,5.776135658379644,1.9896287703886628,5.534159077797085,2.7559174050111324,5.810848262626678,2.813050290569663,5.465379916131496,5.164663423784077,4.405838582897559,11.29655388649553,11.030554305762053,12.917692540213466,5.124516494106501,4.906843416392803,2.8476884472183883,5.564916791627184,7.057091337628663,6.37771055335179,2.1065264591015875
60,13.007451547309756,9.17844322975725,6.028635369148105,4.958151490427554,9.628514351788908,22.042774129658937,11.430509708588943,10.26510092196986,10.053947189589962,15.546419846941717,20.645508397137746,19.87066416768357,9.102980591706,11.851760529680178,22.009290791174863,18.11467541847378,11.742273942218162,10.279193229507655,23.315577724133618,16.816101066069677,15.136547910515219,24.12606868892908,159.15012580808252,141.74527244176716,134.15546721080318,59.137967764399946,60.88162725791335,21.873373989365064,6.037865561665967,16.2705852126237,7.339484756812453,5.593896770733409,3.332110703922808,2.4108090401568916,2.202885054430226,2.4295947696373332,3.524802661559079,17.07278218236752,3.9221273000293877,3.9716077662887983,4.027372368000215,2.253439281048486,4.217458110360894,4.879263942711987,2.453876415529521,3.4544198751973454,1.8243611812067684,11.595884279813617,2.4401124683208764,3.441627253778279,2.2293556976364926,4.9314374482491985,5.053025604865979,3.5869827697752044,16.287187725538388,15.993273322237656,17.52202693023719,5.125014744407963,6.507129146484658,1.955967565663741,11.321397090796381,11.448179531726055,9.876111362245865,1.9114143160550157,7.234397948195692,2.7288321398373228,1.5367380838142708,1.4533197117998498,3.434966114582494,17.21551969239954,5.224432094109943,4.290693203074625,7.87411358760437,1.847884417657042,3.233978779462632,3.461313568550395,2.8251010917301755,6.757174007361755,1.567145882290788,5.039520383434137,1.9383929757168517,6.333887391519966,2.00581460740068,4.447842919034883,4.813011626538355,2.992311889101984,4.652303774491884,5.12846316996729,8.39678577176528,3.4622773273440544,2.5494130823062733,1.6402700093749445,4.549909337583813,6.179074938700069,4.658548950828845,1.544518967421027,2.0334806495156954,1.52770382237577,1.3575943250998534,1.2514669911070087,2.0844809887421434,14.7550546353159,1.7406723800377222,1.9695217811204202,2.2618393099946843,1.3400820637343713,3.0975024710642174,3.489980291305983,1.6776565989857772,2.22403872430732,0.9679856702859979,11.474013801489491,1.6438053737601876,2.005775648285635,1.0888478145716363,3.903836452991527,4.094563226317405,2.517201250157086,11.360692384187132,11.335329501889646,15.013839973107679,1.3235471255939046,1.3213889899361675,0.8873755900822289,10.882763104746118,10.83519331223215,8.955242788942996,0.6929995643076836,5.968433688394725,2.761525334790349,1.87674343760591,2.285330119775608,3.727148112375289,15.86840907111764,5.6144155387301,4.020623309770599,6.394042342435569,2.3077403602655977,3.210971539374441,4.244881391059607,3.1445470376638696,5.808149406220764,2.1166276710573584,5.981784255709499,2.5769753847271204,5.053728091297671,2.9406691319309175,4.298029991332442,4.6057736617513,3.0846817535348237,9.124919888563454,9.154682629741728,11.339650955051184,4.775741545017809,4.694992152508348,2.471580490237102,5.612985551124439,6.719490920659155,6.102240236941725,2.082321618217975
61,12.560544768348336,7.772772427415475,5.558132048463449,7.317997224163264,12.770137196639553,21.30771108204499,9.701291215606034,11.341528268530965,14.240903197787702,13.097374234348536,14.227528678020462,13.59746779780835,8.398713966016658,10.988283262122422,14.286422825534828,13.644241815200076,9.206582049955614,8.149038709234446,15.181135138846003,12.084476737072691,11.144775722641498,15.902883576927707,105.17150908708572,100.53502750815824,86.60379453795031,40.71451793424785,51.012986165005714,14.51903287670575,7.390409067738801,13.90383334364742,8.666263427585363,8.826458259136416,3.553784426912898,2.611325358884642,2.111016288836254,2.6512687472859398,4.056989077071194,19.46618629153818,4.218354144541081,3.600174735765904,4.167857659922447,2.331414470972959,4.877871419012081,5.8951199243892916,2.9319526292965747,4.62182978662895,1.973015545445378,10.978797727148049,2.764678332823678,4.080325219547376,2.1390935780800646,5.163348010682967,5.195841215027031,3.5128706513205543,18.031578307272866,14.318864676170051,17.684020684100688,5.6070482096401975,5.6053484076983295,2.0116581763431896,10.906627721851692,11.803914181655273,9.98648360837251,1.930022046508384,12.300291913561523,4.363281543191988,2.1578376490651863,2.2906569283804856,5.8513339899946,44.61725620785728,6.984284125792328,7.68803325627232,11.867997513036244,2.541272508096881,8.020290348213166,6.949804737814702,4.932345429551788,12.554790708236396,2.2310732783807907,5.7751984932110645,3.9079121124814264,7.710094709182158,2.6865183899644762,8.18604246887844,7.470247910532635,4.812007646251004,4.797665016667452,6.4713444880908355,9.427257347851992,3.190615971107036,3.7421064625959843,2.468469352606917,8.409375950577669,8.04747797519667,7.95362530334387,2.584721638413612,2.068235970000387,1.5566863289677713,1.4899569891895226,1.2800400781998178,2.3127690815272217,15.012814525107387,1.831538501619434,1.9546242062915553,2.3299376052818843,1.4072492967898143,3.661611436655221,4.351508725449094,2.027382868618588,2.808377652627314,1.024279016064611,11.216303046239773,1.7916132273967378,2.154653607703949,1.1308505324905127,4.1725974861037685,4.237591819219233,2.875153974400746,14.095593396632466,11.911678178876173,18.11275211002794,1.3680026006568369,1.2932448812534858,1.0162024912006018,10.55870667551062,10.578898303720052,8.518576822098112,0.7061314593101997,4.268513672286645,2.763029420748353,1.510585905634798,1.665471980231814,3.650153346825391,17.70531537476927,4.567494499497116,3.9850218454375863,4.942414874676615,2.238523491541855,3.116316336672753,5.876395734958351,4.538765671895817,7.690622529480606,1.467861482524313,4.984453320503235,2.3502986441599205,3.9380613598041236,2.791908787912689,3.816418320639059,4.216578585328534,3.127330433926545,7.189194904640317,7.807050948031247,8.685752865858376,4.135148104978725,3.748663031728938,2.095529722282663,7.620218384545296,7.749001262709498,5.606848746538162,1.6630540048936382
62,13.08645453536883,9.745973948156461,5.519987840671092,6.263681250857189,14.960674132453278,31.52998979203403,12.523536977823824,10.774544964078814,13.223989924881607,14.817226518061943,20.795419230125844,21.66712741018273,10.750430985353887,15.161647461354733,22.299459858913906,17.608642228879035,12.618551321793348,12.641158158658072,23.234447493450716,18.488630739739165,17.403819365426898,23.9337547973264,164.20475038466975,144.09088378306478,137.4374755541794,63.51113005075604,64.28574325400405,21.580682318017352,6.115958036389202,17.489310179371387,8.305384137202054,7.2729545790934935,5.3212430502753705,3.2241543667623773,2.5866168798529543,2.7149990055477247,5.452048033475876,18.90169709804468,4.7784186754142866,5.552041890041437,5.86717072292231,2.8240767496754415,5.448112984595355,5.970116551907267,3.3027591452992056,4.104729971004417,2.0624896096705925,11.671668267808855,3.3020513874362223,4.864413756877184,2.116903564456152,7.033673537080176,7.287365253432654,5.143443733686581,16.953656071564183,16.571857006056234,19.306561560370028,5.364386724977521,6.284943527134601,1.987769705010578,13.908753171563148,13.120332325343043,10.764564824057743,2.0789452028111555,4.415719886310399,2.311730680958135,1.364847065815411,1.6797826301626628,2.6854710522457026,12.64757699391339,4.015835769678233,3.5660757748701144,4.956164208124392,1.8491281844035257,4.001395485829562,3.0595295829698443,2.352885059735854,7.889825064921752,1.2884348434454296,3.9132780439103954,1.9538687047315761,4.27153832060867,1.824571121687768,4.370335202111164,4.133088896196568,2.8604523449757835,5.884096426598262,6.895045022247359,6.9417819649970625,4.0436052295262925,4.426052091730526,1.4291240404418204,3.419117932935478,5.480563959281426,3.996526917035226,1.471768664487172,5.69946798896126,2.8256861342015327,1.8867704079639225,1.6798988217487931,4.487382328989042,18.717787559580756,3.7425364480441203,5.226799924457737,6.307776346147875,2.063423121398955,4.563520587907988,5.303651545546018,2.8088726321584545,2.806348213198362,1.2892943268525414,11.53315200463112,2.5171987340399937,5.0910965028379,1.2190899572033231,6.58390049738955,7.082480989993201,4.995929176402569,12.46042284037685,11.890582169144182,17.094210168579593,1.2890300899925933,1.3353766769341746,1.112676162392745,15.653120768547524,13.222534049418755,9.363338842376834,1.017257245393921,5.5050746304914355,3.2326200453098863,2.0786173117812723,2.490494924131781,4.841589194256812,18.399337772279978,5.013635382056236,4.2300636996515095,6.291082012467086,2.656209806445986,3.715555416420102,4.793704196345061,3.5825925297103822,6.990948400925845,2.341237384825945,5.575225281063467,2.5449607346672565,4.424414102686569,3.0377860530279577,4.975932650268078,4.96324134292081,3.4451514075044543,12.386868009343743,12.49704323709011,13.070464367046952,6.8740471033379436,6.504919554572552,2.670293120900169,5.655591783579439,7.491119380574673,6.164553458802402,2.7719676436390728
63,13.149153179256245,9.240880273864605,6.07983586814953,6.830062833614647,14.629275392508134,27.648039569612592,13.204399059759453,10.964561311993748,12.896606553113088,14.658382038760465,21.03023452218622,21.513587736990303,11.584580075577833,15.6159467442194,22.165802191011608,18.059395224554464,13.04354208696168,11.312111630104482,23.03897970705293,18.945636868011206,17.686407547444105,24.495616409694776,154.15842918446288,132.66587920952588,125.54413184989244,67.08188873017207,62.740378256421536,22.03951969568152,6.080476625356823,18.259420001413673,8.234106877353042,7.098250149283558,3.825309333478799,2.620466308144387,2.2556575167982373,2.6457477251824457,3.892434455337934,19.352167495526373,4.076173059729626,3.980965291702887,4.229933350870851,2.482058906025486,4.294634549296461,4.864333677687682,2.6543442509137094,3.9316148759098724,2.172633474401664,11.95503436611034,3.330774405185366,3.6872850796498824,2.3500891475123353,5.26739026827272,5.491590120072942,3.7256160358083434,16.3636296056211,16.097802144940943,16.767835768405348,5.562337293667952,6.438380285544554,2.0727441624330822,12.375929814879782,12.157924502389506,10.004237308748998,1.9857397837768076,7.27436753368238,3.145341768686194,1.5402647713926854,1.8445424575475045,3.667615615995601,16.717887541744858,5.58795435790671,5.266631706035696,7.201418935437687,1.7431635133107193,4.391480739286635,4.0568024742242415,3.848035128612537,11.544612978468649,1.6305243079841603,5.685093754436821,2.444510282657575,5.842426115123089,2.1591621152765583,4.851501056691632,4.5364231409621425,3.34598957124399,6.0563396400539204,5.864910614036489,8.308710785058793,3.8218456793401856,3.257681684772251,2.0858210118603893,5.730388300435152,6.666257788310759,5.610199608781841,1.4627201489929575,2.172496193452389,1.5862989512243075,1.3928070918609592,1.2011252576940024,2.193452064148005,14.98670716318884,1.832795958080169,2.0327543220446387,2.3445505871677597,1.2940774349772255,2.9807021373926545,3.181898805905803,1.7604930649213202,2.346394661344675,1.009879165167149,11.726846183591988,2.168628968320263,2.5170648068524315,1.1016577368536673,3.8271566254479694,4.0390594467680785,2.5588128769413743,10.04537847438769,12.516609727754258,13.54828960938903,1.3022306818584184,1.246517798563218,0.915215433224148,11.122629173769383,10.117128429556033,8.836810944558238,0.6998551668857544,6.598770996788517,3.555040981154889,1.8938868306577206,2.198318747105077,4.051809199154377,18.409481272101402,5.56448582210578,4.708773718448356,7.203458924777806,2.487486111931503,4.1356844594702125,4.476324713323265,3.749567549675703,7.7757551916874945,2.246472460683435,5.880117765627801,2.732583147007972,4.838384687900543,3.172468248521909,4.925401706714183,4.7526173875667155,3.56668489985168,13.23661976493895,11.30247360561043,13.135951128788292,6.165917264297605,5.228531488683075,2.8434814885258675,6.088143971282989,7.606278522871435,6.590488483197987,2.222022565547377
64,13.042880222201347,10.235260124318302,5.211295923800208,6.155752809718251,12.207995256176218,26.93254069890827,13.874537864467129,9.331313805887476,11.728000026778318,16.06557051127311,18.157039434299804,20.30378024210222,8.623653746326454,12.644143687793985,21.844030292413663,16.25948163564317,12.163680527010001,10.503676574444398,24.183183180866763,15.564300498226658,15.135846828343347,22.789789218222722,163.09110634028912,134.3656369135715,124.56953799119219,70.41111247963272,59.13457288988866,21.76215789222624,6.356433033943176,20.33182530431077,7.517078018281609,6.376154298777692,2.8108247424825095,2.364555559324799,1.9933699659304693,2.5124260428128764,3.619583079853328,18.876880523748696,3.432914545555832,3.489223094220506,3.0381459109776188,2.185352197557222,3.64440032717539,4.277253818145255,2.4199721883633174,3.4516720443207305,1.9004423193109687,10.885908137424849,2.8424076044757385,2.8298927973082755,2.245785022751079,4.638259291823488,4.869341188168619,3.240813712181989,15.463433155673556,16.982622270006686,16.38952491339296,5.729501226596767,6.705483461701078,1.8267364248458762,10.53187032812275,11.590588837862015,9.575195479555987,2.012235667280038,3.6961809382773936,3.016115464561153,1.374881456285948,1.6395765778725035,4.9303412088193,10.13934456568677,3.8412374087783974,2.522695347579429,3.5513968687155284,2.3661636769247707,4.727829211333301,2.8413616255420493,3.372620514710434,9.358426650578622,1.6930465881159762,3.900117579178186,2.994428316014819,3.1605563235643785,2.3114565592550207,5.010010703699663,4.095049989700783,3.1708633323432878,5.479250379721634,5.635740715661086,6.619267449423205,3.945540349377552,3.6233935570635367,1.9832472898997366,3.6521873880701605,4.056334433698794,3.2203295413637534,1.6157467525772518,1.6709570245438954,1.4783172723582538,1.150639391880759,1.1200999447282811,2.0135775091603136,13.906213618611218,1.3673144321728614,1.6430556022442033,1.8329198435367289,1.1531842085332755,2.5693491820675263,2.7505693210514437,1.3754302849520172,1.9051598828809801,0.9193683636112837,11.105377458079602,1.567286365570908,1.664691129235507,1.1623617369878048,3.443657886236906,3.6637807593251637,2.2348763864101784,8.845637501508463,13.198440334235784,12.427870831743348,1.2929912372783292,1.1287675054063584,0.8426048370893113,10.3501189751114,9.54761652610614,8.277475042632432,0.6743696028479462,3.8183193537406623,4.001760418759659,1.7843657697085291,2.064145606709644,4.740249889437109,17.073892522603273,3.8941732491366565,3.430782671784982,4.318807274103165,2.7242296491749585,3.8319493469316512,3.9026710437610745,4.8941116547212005,9.081781259737909,2.8020363533869386,5.835777032189071,3.1434385164175183,2.8990311548113823,3.6747781559824944,4.42084317910485,4.029917763546109,3.2486450218129903,11.390467290766537,12.936052517034113,10.175931151024997,5.92261808924377,6.549489975441247,3.81042153458111,5.73221524246037,6.540874310303479,5.780216888524592,2.408781641861424
65,16.472921997774392,12.227083760080859,5.343846889445558,5.600199860055,13.901437254389748,28.60721026081592,13.290447706822306,10.699198057409376,14.077609492233023,18.765182598144747,22.550968249561265,23.247450415510684,10.16534176596906,13.90223897760734,27.379837265470996,20.63911297591403,14.517168587190099,12.610258621862158,28.73353080940433,18.26076945872046,16.89486566465348,27.615635452093557,193.70768952649087,162.79708151705563,153.70182623155415,74.04299592599273,71.41827058512717,27.566142613068223,6.226010154932737,18.843894125893712,9.337536990642548,6.641746615059674,3.8792267441749573,2.8525935776997358,2.3654068500036374,2.5378547943546437,3.92747824662365,19.449523591902107,3.9721092834952287,4.417295349412598,4.724318168882746,2.878548599255737,5.505275934410747,6.935345445526764,2.7271468643448316,3.419517663132865,2.625736902700737,10.9496522200061,3.2596173405181617,4.080103470187169,2.6444466602697503,5.792542440758552,5.7004586269613355,4.256878361047711,17.673437570920214,19.325897854287177,18.700002692639828,6.15413514606189,7.4197624999214895,2.550553715991555,10.867324279388413,11.90673015662469,9.524534165393561,1.87431047015707,6.163389545690734,3.2739257330831606,1.3002635296288645,1.4838366369076539,4.504303717112634,20.566486433381215,5.056472284195479,4.638205533410655,7.5535639698500745,2.4916044421843253,3.476768764812732,3.8753267544962,3.171138188918121,8.54789768345654,1.8473739983164705,6.563590213772841,2.283928872202523,5.918945587836788,3.6276041937526315,4.054101082147099,4.162612538493704,3.1837453934713267,6.4720960217528045,8.544899312255438,7.773508557875175,5.009861739381449,4.607839891832555,1.91150121827377,6.568727898411453,8.051963515754323,5.578903917921707,1.4685111564176623,2.597513774617255,1.721980850561522,1.3615664843200648,1.5294203192297573,2.4973071058411733,16.055467141995905,2.3387955275211425,2.321726040008798,2.817152083480323,1.4146464309305884,4.621336101081397,7.288231729944528,1.8457064848007576,2.4549404529352614,1.8360770309300278,12.11728486669017,2.4222284200732247,2.7466781612019986,1.3839054877280432,4.330207632392558,4.408843126839201,2.8817409106522973,9.805158053495688,14.940873434170499,14.352111975313164,1.7987928374623152,1.7211134461376787,1.700316433016269,11.706626572049572,11.814211658929707,8.451908770439331,0.6893472486808605,4.41433975356631,3.0650592234451324,1.51339104922954,1.894245797302574,4.114173585548997,15.31706121750176,3.893099492415786,3.5582679556682706,6.157615687698126,2.536106767365709,4.168901708908379,4.359669692348689,3.660664428025484,6.677124940324575,1.8174911674577743,6.156516552437097,2.3381562205031514,3.4712894703261554,2.3288145603146404,4.899600287899375,4.662924853619188,3.1995170866139233,13.539452804252505,11.445723241195083,11.147995479404926,6.0221797320991755,5.698270455468446,1.958412118256092,6.82639580918476,8.150435634888709,6.554974475875497,1.8447381007717922
66,12.837489091907628,9.873529867036268,5.68590265174862,6.983296305406839,15.491401616600342,31.942026922479272,13.623703533085063,10.073371027829126,11.975440080277622,15.344545725383796,20.72990225860849,22.654807253275067,10.865287142223679,15.586310531944036,23.252548737218603,16.635687847156078,12.404889479512349,12.736558448523283,24.827437329804525,18.43671634560451,17.81509636202827,25.119391022599302,166.21155908796936,132.82266241731122,130.65347058000043,70.6123637210112,61.37467050575651,23.141002020565793,6.492731074104086,19.037611869862303,9.276252094423398,7.920951509731822,2.8641532007895876,2.198267586209113,1.9821053683699574,2.4992698672576807,3.837424621451646,18.775059608742595,3.4678724259720184,3.5076251115242485,3.4095177506969776,2.281973956996808,3.76921912538819,4.512437786615919,2.655376694747247,3.4594321441545617,1.86622844375961,11.36099742143415,2.566545346780913,2.724544348893687,2.072486462566303,5.138356158568058,5.4420371816377155,3.5933295293943956,14.144153174129315,14.055377076147124,14.641656147432514,5.5411674693459645,6.653151496720966,1.8237012936879182,11.523843859322369,11.203253074199893,9.956727764802054,1.948126908246195,3.5274547844892368,2.4283955190185225,1.3000900326005649,1.264026619537617,3.298211839137366,11.47330371895805,3.089659887336893,2.913217387686018,3.253121340094367,1.5632958602509461,3.2575322984484956,2.890782998292707,3.1523995348834433,8.959526094258763,1.4744409672857728,3.695453382533742,2.0726236325572245,3.1921169284032658,2.1109560311742825,3.9343697135336697,3.7895183413638733,2.7130402777402196,5.973730607365724,6.012919002387207,6.913770841492806,4.075525223015575,3.5722078500839416,1.496682467404753,3.6753028034581803,4.68308674680884,3.257192172895884,1.1138848594782758,2.2367736241903913,1.5174922723417694,1.2551369834454817,1.2278523527129437,2.3789873935129435,15.26483223278774,1.703593895854283,2.0298139611441,2.511093885914306,1.4172776432133105,2.581965799436148,2.964195724871388,1.498975169397454,1.7449629535803979,0.8415131446781743,10.784572759803268,1.6786907349342073,2.1472772164088383,1.0651612349192874,3.677322977637232,3.999530760665948,2.595207595732063,8.104972777800867,8.185686639990308,10.399800838058582,1.114148986289365,1.1323017683935177,0.8306885604270065,11.12765312063857,9.864246434517554,8.401125018281164,0.7117826742160105,5.242382700089365,3.985672607086599,1.635390959563665,1.9773138337768614,4.6676460187882185,13.209290220402181,4.365775384940207,3.5218865086790174,5.263520928565413,2.531520090997219,3.7092864222358912,4.2667375528253615,4.28196819848381,8.08583217440173,2.770441147731617,5.071702413260937,3.167580405715853,3.8420294295065105,3.571046545403078,4.57985675893724,4.2953235970344394,2.9472122550942004,12.768140528351068,11.32039783988148,10.397183941677213,6.331468583084643,6.1904985923320055,3.0567587818950415,5.043452372774482,6.678126752376556,5.437409330625087,2.204835443990305
67,14.260407391702756,10.555302462307736,5.5204874952323735,6.072288655559532,13.977374765090644,26.8482273677364,12.392740551149473,10.605565650621429,14.460391364991665,16.829587737447582,19.566597504308447,20.75600446551107,9.980733331758529,13.36493733106181,21.24353058752604,16.7582159047015,11.293209594441578,11.082408193033189,23.297073246794753,17.08239142317325,16.162842977792025,23.621325424755923,162.6008495222777,138.1614472484216,130.56722248438746,62.72568937856704,59.865895891562104,21.43709734082222,6.03905413299799,16.680665605235845,8.168448694050312,7.279737532371655,3.3783088001655415,2.3262089598574676,2.103075268678367,2.3702184334979393,3.5449077367957216,17.685686412733048,3.7709871467086487,3.6868300157948397,3.705834249558393,2.2350276631186716,3.9389589510392398,4.317609600548167,2.437306691717822,3.3132434327853844,1.8723379525908967,11.668158054817468,2.606086458399659,3.352738560352009,2.0857098043052247,4.97089733107714,5.161931425391231,3.467894275672734,15.83500747801736,15.265308975358494,16.53428314602934,5.214818942476995,6.406906482880004,1.863199027866358,11.786891089286655,11.516065627802163,10.023645241744816,1.850712622399442,5.993453429255169,2.9652215671376325,1.4443115896938252,1.3219096090324456,3.678565459267702,16.313843123498373,4.71481272688834,4.744477333588293,6.728824100719066,1.9266491963207955,3.512349387165159,3.154591457132483,3.4648386463231873,8.831346785882488,1.4830116597295273,4.688710894697579,2.6136166707146913,5.734341142670019,2.0984709954063874,4.6021118250791915,4.4884690578328446,3.139110685879132,5.5522761977044865,5.70458472793689,7.592906949867029,3.5429261151875835,3.3199316640093457,1.6322216561093228,5.365528577385703,6.188657007442089,4.326579521148233,1.511182565081981,2.071400688691938,1.5471734463972098,1.2839952162266854,1.1486579658139817,2.1998088782311243,13.976698608530569,1.7042002532434708,1.9132623724544828,2.1757053245892166,1.2193173406558344,2.7631832949737145,3.103056603777077,1.5941420460876543,1.825958029485264,0.9028464487528254,10.841253268154105,1.6611425089649856,2.0392881226598547,1.1042913217806927,3.8241509409999708,4.031378899526317,2.557214019361709,10.487224089956726,10.793026787723647,13.500170465704286,1.291360322966284,1.182585156584537,0.8090777487268497,10.733719092968386,9.954710072634043,8.545617645722814,0.6829914570971596,5.041597411036491,3.1784342718310654,1.5451120270881802,1.8869570194510743,3.8289984804578125,15.925528365187347,4.251536709489301,3.832494985545054,5.374818400014192,2.431476576020941,3.7163404922466725,4.594056750647724,4.027204238809645,7.694246189203113,2.1088410867378116,5.578242184128612,2.4568704538978636,3.943600575439632,2.738308336120099,4.493121523410082,4.480131872696802,3.2031298032961786,12.235269066877663,10.620227316394448,11.36456080712378,5.97788771847263,4.665157932322472,2.6907351275440305,6.501065974589437,7.298960525076836,5.97820058465004,1.9709038315340877
68,14.465381216723472,11.174599843798205,5.568701162701473,5.697210697690025,16.0918729234254,27.428768342360854,11.826271686004475,10.3712662239559,15.239925152854994,16.091005731141195,18.654063169378787,19.153394445311278,9.97810777334962,14.485747524304315,20.54079713707324,15.905763488262892,11.719496062141843,11.404081815271638,22.365561308106408,17.22330943448469,16.051578742917627,21.985027633490972,163.17817941308022,132.02164811082184,131.00653112633154,61.34106696117669,53.40818190597929,20.177669706754386,6.462495133746415,16.44781994400546,8.20970835047774,8.440374134806916,4.596895694703562,3.9155327212938573,2.8434601590561215,2.8616068375413306,5.762965069152415,23.3813930535689,4.581095694447868,5.166047907550819,4.642780862923246,3.0635959592473228,8.176144619937986,8.280723995994776,4.053935292176902,4.288205964257941,3.0534553989127744,11.221355031011626,4.6871365630067885,4.231307808368001,2.4717833402974065,14.448523725150153,13.313040282810107,7.8548759847762994,16.351807804312557,16.89006231026724,17.31136004673317,5.818601755890995,6.734901173331309,2.6774269572342746,11.699313123244792,11.14225403580349,9.321223842562176,2.2770531813876005,3.718214516993612,2.5695846088638064,1.3660479362442857,1.3515955179173034,3.256733121816069,14.247924846131355,3.1320377602241933,2.9985421897436026,3.5086338357359637,1.8769885937217623,3.687202090077335,3.0987321806605905,2.846233364834916,8.474351438053418,1.652907689276617,3.448838062467985,2.0928245976392645,3.0500633183692116,1.8790661306411494,5.40132667083526,5.073275831819046,3.02431543241255,5.2525193023029715,5.530127520614769,6.978381912631448,3.7805154170200694,4.201144409307744,1.2544290812002146,3.540700130542973,4.22406115103513,4.094002790225204,1.3365669929044088,5.510781489647343,4.175889854195702,2.7946389614044165,2.6766864293676917,6.768471615941962,25.167770494590513,4.141631980019156,5.361238905607024,5.603664099908201,2.9516219037759583,9.982166835470707,10.066843049571617,4.411738498674822,3.5236917883594288,2.3886664480414765,11.771498539019376,5.382228385315102,4.8716598485043505,1.6593211717008671,18.927328412246425,17.85693466081284,9.691003670013743,10.237954975309549,12.742260800223448,15.301603827538202,2.383851546483129,2.783430006729759,1.782027176432166,12.041548501656507,10.879565968934912,9.443554559766199,1.6130183985296753,5.405126721598208,3.957144421292469,1.88111538591329,2.625525899929926,5.0431807758286595,16.87835925258696,4.948595596943051,3.637013549450785,5.6078555644489825,2.5705487350933254,4.239296889863908,5.132702994160354,4.53081913292408,9.33889829320833,2.8075331065338105,4.7192537458613515,3.1578414782416075,4.353287018602714,3.4511465346440673,5.8750666794367135,5.753999692387879,3.6353803297970444,12.32803228776902,11.878183810040355,10.517166112549603,6.91111566266045,6.576270388904959,3.30921562272124,5.042686068918556,7.0000673294998705,5.948284291662276,2.499421127140522
69,27.490897104144096,22.089527337811887,7.748253439785913,8.957083657151088,24.912798195146024,77.8273493051529,20.15547244809568,28.923017904162407,19.96060519013554,37.57713199593127,35.96920776180923,38.99229317903519,21.077349432744086,29.95236706919968,26.277071388904005,49.158301670104265,20.05982305854559,29.511060332879424,29.969495837576687,41.64806194603443,45.38571694865823,34.77279201615602,160.2378012612462,174.15267741307616,126.34678592439741,72.66880385577679,69.66132519301027,24.553629278670996,15.900303376838565,24.174425285309553,11.222842615097761,10.434269905090332,58.22326283669099,31.73762292135507,14.979369021602906,9.683604730525985,53.68427425855771,97.84380195196718,31.481606216402724,67.38033553119749,35.62457929365337,41.71389772091061,56.5472521702759,78.60436826013029,34.356618067249656,27.174836228368804,14.960952277760953,55.01714476849884,32.02693510684185,62.87562311626971,11.427825069404207,100.49015656113625,103.22638729121536,62.102255993522704,27.11361215915531,70.06392162293196,41.39441315783188,10.652544588083401,15.619056561263278,7.30407344235573,42.09172446280718,30.094255809672177,18.420885084196925,8.59322492760839,82.74126332253218,74.27881937474012,10.120883205672726,10.503232857445255,32.55787584930658,333.6087139323354,21.985624451190233,131.42499537207186,33.83519308408722,188.06447088718414,73.12005618587136,98.47311419434845,69.80646750889719,155.8301942422986,12.505712918937206,214.1012758947909,25.64292395254597,87.34979061409831,40.46613653190434,100.1804112456739,153.1472411006689,43.01888879854232,28.90552009921521,259.2822117730975,16.131612559547648,6.343190929328557,15.481822716537863,11.176278989296407,37.59630920831114,17.74986446253024,21.997154515702277,26.724883646238595,70.0078672307427,31.914897459500935,17.86820280176471,10.932771203442826,65.79365101788426,80.85269047296606,35.32638984324876,74.27584736433346,53.50029870169237,21.227487741271034,70.49377585644834,92.7632242674008,35.96011321496917,14.613484709116165,16.0043088162638,29.673070792341605,36.59220960253151,64.32545004645362,6.549803420966782,129.10028058104217,125.47044779057615,79.71588766667992,21.168683200812666,35.81889721681364,49.15415739378659,7.955802571814274,11.214977432246087,8.471896331684547,43.45830786769511,31.15387291472871,19.194441811123397,5.831204071000684,31.069491989910603,35.15902301296592,6.2104808748699725,6.257353234104812,20.294175250455737,147.27697521448135,14.85982141457498,41.61551268771291,19.092491478659213,67.86377634853125,29.746732441708446,37.90254471823573,26.76640124991536,54.342230781912804,7.460751279722899,95.6359850242734,14.536593109369278,44.77149713784456,20.362020819447935,44.248066842556,63.824901822954416,21.006545051932335,25.346428155899048,122.01246898621321,18.818912096321583,7.9569193767383695,10.927415103651583,6.266344164032489,20.000185118988156,14.35148948803544,12.825555866584182,14.18550219386816
70,3.5826303355861455,3.5443648230284452,2.134604161255993,2.8678524686256424,4.26668394356966,12.83862313721329,4.571644793031737,3.046115947654471,3.0440033733611926,3.653737425338477,4.853087637457065,7.206483598565683,2.935156022431329,4.655744385672733,4.515551365329884,6.565843475982547,3.412486330489628,4.861597757553682,5.594947455392685,5.224802938755602,5.728463758714497,5.37597230868414,31.008521909825504,23.437707277480513,23.921742453239858,16.21116370370146,9.899860160658136,4.736951683298685,5.003470956580713,7.815451070200652,4.590253345668316,2.1162377524888143,3.2167545541597065,2.2514900811074767,1.9577352613850962,2.115167699230369,3.3768842004064936,18.275012815138325,3.085220647335518,2.927862700744299,2.980496243253583,2.0237173848727252,5.483872984768823,6.797312977141701,2.642349078087136,3.9059129849192686,2.10191635414958,12.372258090181276,3.1732945717521943,2.769210837868741,1.8532757640059572,4.984321123629343,4.832022394111846,3.3244674996240065,13.351254427107051,8.94457554386463,13.432689040200785,3.3180950886162464,3.481342708255397,2.1433331930893473,11.622196645475924,11.553915683180094,9.660241499659605,1.252334659511689,10.172535257879645,3.570914497686317,1.8663726732484065,2.251925030577695,4.977820295607671,16.216955438721925,3.5233427915954962,6.7230408458271995,5.073801985417958,3.5358322638785467,4.483136101043783,5.678059649653733,4.166055601672269,9.874074254184961,2.077168166579213,6.059102619474288,3.376855682290625,3.685935509565752,2.4641963973408565,6.036677790689282,6.205920122738462,4.307293354941066,5.153988975507673,5.543423969356809,5.7611078809713945,3.2127346130437218,3.243300725443987,2.6921577227767557,5.509753471415024,6.477492104750127,6.336969105177559,1.8257309420732781,2.0548262348256685,1.7049977443548414,1.4708387761857011,1.4581373784494644,2.447569610467326,16.802305084638647,1.99844186545306,2.1244647518869897,2.289661996655923,1.4374799184224685,5.718480494579126,6.370979859639192,2.1349453031689336,3.480838351606508,1.580380029281514,12.190616966108792,2.4473065186612075,2.2759255562050384,1.2785989547410281,4.648701979022007,4.299287203139102,2.8564241438289173,15.374216880445601,9.509247953246813,16.476682842039736,1.878457439943304,1.6793856548247277,1.5555953441435122,11.293268289591651,11.093879389591166,9.28258702151652,0.7297656020455179,4.692870163125917,2.450590196531266,1.252303714863956,1.747710513882339,3.290043561719358,10.542432079091668,2.5483954523224384,3.074593609198928,2.9937446815893054,2.3765059013385326,3.5650121863000095,4.384375992231071,2.4896822578739375,5.094435531646013,1.7451506573706865,5.784092121757567,2.5731972709763795,1.8710826989263296,2.3502869880758226,4.041492735268548,4.039846360683441,2.8641774551942945,7.929848856292665,6.688888533972204,6.461186625529081,3.3418149687349796,3.3053053193725646,2.02271415037103,6.317024293821305,5.685195792466402,5.628741637337953,1.601786440005526
71,3.1806113838683814,1.9310381467221305,0.9239923747372814,1.3416348083410412,2.3429205612046644,10.14907262288034,1.555288617964834,2.4303722311742604,2.1670394198736176,2.2405346389859915,2.261619796627201,2.9962677508592606,1.7249920638278127,2.8407676436472684,0.8083759385044686,4.84365873853676,1.6173526382772252,2.1649128175340593,1.5200550406007096,2.9149222827982157,3.2158552785404027,1.9202494731871411,5.732211517170072,5.322497017914429,6.015740684233606,1.6886380035430193,1.5464365787920542,1.0291265352861956,5.283162754494697,4.431871173437685,4.586250171996653,1.0476311872480437,6.054563971702009,2.627449168357998,2.1115491799719166,2.0354226289782673,4.088193803909235,19.749445491470397,3.0558230391761754,5.19715397967957,3.3532745364937,2.5185375088767614,4.097638506209478,6.79984777525533,3.5812474961858243,4.178809351287782,1.6053473045758437,12.415929057169706,3.398776512767654,5.044511453888845,1.8514249131840188,5.712916630727705,6.1559926107292995,4.2018718959297985,13.838463346473873,11.29675138508901,14.869323116727173,2.519396282878006,2.4327011888090055,1.5981987489794847,13.011777133215219,11.765099974581972,10.138887373614125,1.249181588718784,24.469045689329505,8.745964034460485,1.6558153038204182,4.100904930965044,5.838011624291539,59.769774437882006,2.5244710413971916,26.852180599235,12.393071956466883,21.07112156227231,11.023517261492088,12.20544709940441,5.539999256143346,16.5111274109222,1.3394445904850727,7.582166595966555,2.7157067706866655,5.109846890263725,4.2013521160697564,14.269999373937026,19.057782948948443,5.510387185495347,11.153253552038223,11.720157897798344,6.731275585480034,3.7317537135095336,5.454409270896576,4.69236217031721,11.793753918027505,8.996337768621743,11.084522688179277,5.598643270786852,4.393003471705015,1.9883421123267908,1.8156181579342956,1.5097803827757161,3.2163647929337458,17.0205423310108,2.3640258696104866,4.04306913515029,3.2950606509984937,1.5671187966290745,3.8141965374052234,5.164296356269915,2.880529909816687,3.2005730640776164,1.195115507925948,12.180383046143106,2.2839186071905715,3.959228023632022,1.1238885913371632,4.967161356944416,5.201355043936928,3.7436963539221324,14.91179373988416,14.859482485917397,18.56296412734082,1.416078987176661,1.497309746355313,1.0815666514645272,13.192453834562912,11.283371943136444,9.594623579687322,0.9013442145260342,9.406715573277324,5.783017550129443,1.5522729372605681,2.1901841973885894,4.635191959096119,35.57662293314934,2.6021536032203585,8.775787195190787,7.30579998344183,9.036000061314553,5.592096655163914,7.003856357187033,2.9446422995533794,8.396598976105452,1.5663661615690216,7.112170453183353,2.8188548458274454,3.566007304470986,2.4968564976006746,8.44863272504881,11.072321445681155,5.525727494386956,6.470817432273179,8.293965482152998,5.39890700019896,2.6275854906998575,2.7098544815089554,3.6887380992993712,8.862055256031454,7.188878022134304,7.303206133656204,2.593266821349971
72,2.4695830943528563,5.359490140108392,2.544083137763664,8.402307401411235,6.15815247874707,3.4137699694838375,8.05354944895953,65.0234273634851,40.05803354084492,6.937362108146772,4.577665735268965,4.971540183760226,10.148019006010145,10.813267552293837,3.0828945455141366,6.604439520742744,3.169280127622187,35.712843062356114,2.7408615860622376,2.458657792885788,3.1612172606401145,3.3337327768094838,6.659279169980437,10.086763824801892,13.3927270071581,3.9509713533334434,6.030045915395021,3.329922750708647,6.928959919605404,6.8761350703425705,5.520498496480286,3.8313125842250884,4.180867726972792,4.389680812892038,3.428444109886186,8.174477909051348,3.465838424745016,6.8856518337270245,14.675030572107062,82.00292917899787,57.86804761737585,5.9559877117862925,4.655983670090791,5.633384011161979,6.964917964069173,8.43662973784376,2.3699054472672287,14.928138727555051,3.223531810363056,42.387633642647415,2.7635893020487856,2.240744088339852,3.453075110883219,2.5635618840169627,9.059207543032244,9.321850775450002,14.713527416461147,4.327705952164251,7.609266744111665,2.8736755666614044,16.16282420582138,15.48615752835758,12.075256352545694,3.230440925108269,12.182374761323445,40.132090041879565,11.95824313617777,54.43889880552888,11.179033099324442,17.630893067689613,30.776797619182616,370.48534490168095,120.3320228960365,117.96973692253232,12.435554162948392,13.07651330716908,14.573862368706614,16.668545635184273,11.091278051026165,13.597973898868077,11.296727883745916,112.14020079933107,11.360460383002646,10.901299770921469,12.231007916852832,11.026849839254282,34.241037152241915,194.55893244594336,58.25036228634417,12.105589514249004,34.55280890921131,11.293658521026373,11.22559439681936,10.80496478243731,14.138702346826904,11.934642418054864,2.8466656244745536,2.1386432456438342,2.1115082886353775,3.236327701870323,1.6792664350759878,5.679188227986742,11.353611400409136,51.811520708724856,36.87807086316752,2.641703642439097,3.054511071240995,3.470086320703558,4.7028501649037935,6.412944228941342,1.3281433036809176,14.62860792526044,1.8939936849164951,27.159649962413823,1.7259169610497338,1.3747197790507926,2.2945709092709876,1.4597963343021547,5.872093202924589,3.4112469666069956,8.417669203481637,2.336906465643551,4.871019214078842,1.7234225829270144,15.49846929992782,14.161628074361943,10.503398290893529,2.143794690255163,4.8127524787560105,13.66947335191071,4.702370410086587,22.288090083748102,4.39797155559063,6.246963050216436,14.441680163145065,129.27752453833818,62.8891047090292,30.841333558782935,5.0150232564192265,5.572050926275551,7.832533621694893,9.294103248976171,3.980075241997838,7.660471834242344,4.601030697813258,54.505541920661926,4.119392833672464,3.858836309518665,5.027514242101461,3.9975558465812355,12.84063799539581,48.21056011132896,25.074692675843835,6.50129490531981,12.89296243339777,4.230171150993556,8.88453796505928,9.02878725901246,8.124979096464813,4.929493123199791
73,2.372956689214334,8.208543702494353,2.389637636952102,7.752562873065472,6.372744799591601,3.0738463974557817,7.947127684019506,49.61389442905784,34.07098213210702,8.768170839175582,3.87222325662151,5.03610452869907,8.581020287238061,9.373874054290354,2.4373274500248954,5.579538876190782,2.584078873042017,29.105121036991477,2.323166307178326,1.9213352934457362,2.8575339820235968,2.660643425770104,5.396585707785562,8.83482868084684,8.899013104382902,4.951231298036873,6.942753330804408,2.6260612066835165,6.195237045176327,6.720730802044272,4.971266316715628,3.2550332543905824,3.917753550922498,6.257252403884195,3.566214960301295,8.071490381553303,3.890632367983926,5.438172192953061,14.29578656097874,74.4765781564638,52.76861577294767,7.694555999478325,6.1387855967041105,9.521019615931436,8.495710062561557,10.461690239026211,3.097372711636126,14.243579033063725,3.404302227863809,40.198781236540526,3.0332713868119754,2.4047674087341875,3.8439784984802827,3.1531478744000196,6.267685857892502,8.633180681499653,10.901617395575158,4.951550712576136,8.92149684659671,3.5262475721538067,16.15090752602555,15.05107301636599,11.469819874037057,3.8091353526397143,12.496739771449938,36.29018401261419,12.147353554610163,74.45032522082329,12.514020170783624,20.78631828771904,35.15589568996802,448.82867205888033,175.46390229836106,269.84319370239973,14.208370295818895,16.29677857272327,14.633939164923504,16.63395928335376,11.18601334746927,12.830262130592018,11.75345660885796,162.37496910616755,11.49184422683902,10.066710994578898,12.927972740726545,10.995289398124442,28.0355938593857,110.92579003889114,35.27123894309625,15.874930599238724,37.27664373582229,11.301781341899186,12.478571792598814,13.713141961488873,13.48961578332819,11.526833492098376,2.613023682442872,2.9535328731071786,2.2704035818605917,3.322547704101453,2.136770173365221,4.44721963685879,10.85751562641235,46.446118474705145,33.764868469006615,3.0673545898025623,4.735640526632778,9.414413518243236,5.678146507307247,8.041571663852665,2.1757550816801086,14.61002563155489,2.046281567800179,25.8260869741207,2.0186207327697048,1.4655379300165805,2.6117018983313756,2.1669847849352664,3.6864160601908225,3.7152290892663586,6.224213841960591,2.782302738978615,4.921187309264496,2.569633083567169,15.747858953545801,13.855589924787637,10.481363793587661,2.543847540891875,4.571780649712309,15.710306470282376,4.601061780704185,24.15540674701333,5.29863647534512,5.394745385274291,15.001639840193093,103.70170325040817,65.8655627630651,45.59034574776888,6.047033297363669,5.393001047195867,7.787169597577304,8.944135159254074,3.987776522990316,7.76014564326033,4.629957344150171,54.205136839300394,4.310399090172723,3.5016942129004747,4.7352302353829145,4.007146315416321,10.92961779795587,33.9200715534389,19.833278260193765,7.373834785539657,13.844595407135785,4.384532454423606,8.483869372867048,9.558310499414802,8.163996099028736,4.593784920871258
74,2.336581514100544,5.650056176818907,2.323223467101343,6.869057600852102,7.5087166333105415,3.0159290181472898,7.524884422309697,51.934896502643824,29.056760016828775,7.415773230604827,3.3297526533715427,4.423233738634735,9.89092217059806,10.593602026347071,2.4004129954846576,5.59420051285997,2.650032314704731,25.138889206573367,2.3433085589203984,1.7884258268168196,2.5557361805113032,2.685857136384584,4.810509650269523,5.889521999051794,6.972332485020161,4.918631457258016,6.040904554538429,2.709775886614807,5.6326278718188405,6.594946258701384,4.681798018282279,3.200217353878543,3.852810797980055,4.829838915611617,3.3277847251156345,7.404428986774292,3.5580852127168328,5.314448324497789,14.137082529487088,73.9815974375233,51.69240210670978,6.022414789185859,4.152645953581668,5.623277058475651,6.792444197344594,8.832771942252293,2.1218555302766617,13.513158861314878,3.000127773702843,38.8579634600319,2.5964868837036192,2.1165969883440994,3.577583353035152,2.296354909049114,5.890115331567358,6.641832667810377,10.105501365615055,4.622378837666474,7.539603095210623,2.5906931950885337,16.018065332900733,14.811567059950903,11.454218707513064,3.2383695725002326,8.064841240411624,16.85463820467703,7.204804205684923,25.842192699201405,7.325585829676129,5.996431631501764,19.377032265765592,275.0288131646812,91.9163883663714,67.99751834478229,7.440311164828017,7.987469885847531,10.450041329022497,13.037174241617322,6.310615586698987,8.44559952383861,7.24818732123822,81.7139238351956,6.56866880308371,6.173722838866524,7.7819124853704125,6.297291212831624,11.297523058601655,59.78108337149024,14.037108834600076,7.970954698976129,26.246330875437707,6.568091892404482,8.70920110901352,8.658409366034903,7.0410394328064285,7.609298161696643,2.7052480631937215,2.242079861844104,2.147070551473007,3.075295565849956,1.6916219365157303,4.560629226034507,10.372808126703603,48.84184410184389,34.22230284195393,2.6581094334687805,2.4601980003353674,3.215493787138257,4.47531644567789,6.056779566279147,1.2182528960238415,13.929469208960654,1.7003833627313725,26.250623712257948,1.7021417086198198,1.3987023796744324,2.3041659478622023,1.3567066910127323,3.941518702049507,3.250127181672724,6.390074310729688,2.4530959103685746,4.514808478234045,1.650827988214587,15.413815024658106,13.534314432035899,9.931446254995535,2.0797805268557568,3.930062404833734,10.451996815390885,3.8488819263875484,17.08235125988722,3.8659067067783326,4.311120603233576,10.72088978253305,104.1232980787754,53.041312377899885,27.917734580114484,4.084678192157298,4.629826988093555,6.557660177350044,7.688284735195339,3.0779500666540116,6.7104248446412385,3.7855322880204767,45.07600306533277,3.561149671440944,2.847361349267885,4.017804050818086,3.2545225985813886,6.1518101138062775,17.81976397614926,10.668446077033877,5.385874712374061,12.999438506085426,3.2733775733504444,7.521282823290676,7.164847862441093,7.08715379005298,3.7090650002937764
75,2.9035796178504825,6.198357732500881,2.776069741230458,10.403775901068002,7.0451414794661105,3.7390768411569297,8.349747338797897,76.96560863405466,40.179932955652475,7.582841033581644,3.811011236393824,3.7871687090955675,10.829022154211998,9.237317077349871,2.186802405049093,4.984825471183285,3.015746478922665,32.57686481811106,2.2155686747282743,1.9527887779986486,2.5842395261861384,2.376578238909133,5.761547014117241,5.391266167862341,7.251574075780809,4.832788690691814,7.110052218195051,2.484661468770355,5.7573770172894,6.6919667879119515,5.517328245332465,2.9927959840279073,4.356965313490946,4.771178755618166,3.89732053008629,10.210749882389791,3.539353423548164,7.799656770657748,13.847187554347329,101.33191861677915,59.93465648498386,6.0580905847018585,4.915859295579139,6.41020385955926,7.554908646852709,9.138273642747663,2.3198516500997357,14.057173480978236,3.7401074077934027,42.31027892092243,2.7956632438872475,2.2920174124010373,3.486068708298262,2.5130316498689353,10.710524307796732,6.515995133668184,13.00705605535768,4.5682231793762185,8.599799999501556,2.789234720694367,15.61784790828824,13.495126971974969,11.643143428955227,3.3531949629832525,10.446986474562436,20.70710906991735,9.10049922822509,61.748466338030994,9.435142477741465,12.212219211505726,45.324426144361496,818.8256248831749,177.09108861163259,63.367120921611786,9.23823460470885,9.538782367599197,16.578596318140626,14.498178439680487,7.797115613357164,9.644565943744965,9.187087009195238,128.0606894288212,8.02744682005141,7.164042108342983,9.098420108784921,7.717730855802074,13.091554108541459,23.746258666506037,17.814470716984943,9.308631721069105,34.82693509431556,7.60279007954523,9.930688102031127,8.716854092199355,13.367893436225131,8.507242644554935,3.0454906109298463,2.3325542724705883,2.969318841223867,3.354635640334891,1.8090347714405652,5.695115627531777,11.091219466834445,59.60189594770782,39.09310354356421,2.9467212971212575,4.153598556513316,5.116579879086203,6.3517043236061,7.941134163047536,1.3839538812590035,14.862575368169928,3.7538273263635347,28.36493520226213,1.9161233610702766,1.5337510378685693,2.42168903196216,1.5380611657747068,6.445705298574467,3.4534203932707896,9.118822231357626,2.5940184268620214,5.078955173303257,1.8587108538667962,14.993565258919261,13.704181232242263,10.215284399237134,2.535155897930963,5.287077161483467,13.497608131729066,4.938099475111812,30.020466772839427,4.990916349925101,7.3124689515680075,17.207963624969125,254.39362600445747,75.15691267326474,34.94303114712238,5.883122561499476,6.013073609210551,8.211357227992266,9.734857885632664,4.28307315451093,8.087513560894877,4.836309148231521,59.629315976053476,4.625946836313233,3.830579633358866,5.335655732778832,4.333392687840387,8.588182099629194,12.848405516706407,13.209886266849935,6.369072652887553,17.4038844415918,4.5840317325200886,8.088775095529854,8.160727506037802,9.551816387102008,5.139561137184501
76,148.7495470792055,39.53177994117141,103.51881757378578,79.47406591847539,111.81044671684504,29.026275034993887,314.54555317759514,3163.420855998993,1690.2222782373428,1347.484990954399,98.13747368752956,99.3409682996571,104.86875660717487,104.0839166380465,96.40304837375879,108.75125741586089,99.5610449463129,2018.495500087738,96.10896278172731,96.65331896394491,98.67089753970504,95.74395325034857,120.58731727302074,49.65302115306258,168.90289075672626,134.46375913918018,462.3864218592644,97.09347924217582,138.71469628065825,114.51642820611596,24.357747402973473,100.95443995669484,210.51952661946416,16.65462297387421,81.66079467628151,41.139265755191445,89.15312332101166,46.30438215099275,572.5361173972487,3101.233784109354,2028.8638956844807,1579.407723620534,73.9955542376265,77.67334242817014,77.0018752082251,80.0219748634845,73.20848689414561,99.14902038872242,76.76876266486943,2396.6887667775154,74.62006149580702,73.12791718868539,76.12144580343738,73.23993183672428,103.12755266204476,34.78760231519118,347.73568622767925,158.37202896364033,494.57401037216187,73.92495282692835,124.7433484531939,103.38822170160711,40.174643974751234,79.63265106081963,1191.4536841213703,793.7251906841993,1138.454120606184,1027.003224939108,1132.4309445917606,182.44441598653793,1734.1932840645313,38661.67438030243,13656.987965106964,9150.150954723358,1125.3744959831238,1124.39351901412,1123.3812384307384,1141.925498843193,1116.9255524873734,1125.5081184208393,1116.4620406925678,15141.382932662964,1114.9008683860302,1129.3570660054684,1134.431902319193,1116.3227669894695,1929.0649741888046,975.5465555936098,2299.3012592196465,867.3263676464558,4940.464720129967,1119.3719878792763,1456.5292783081532,1167.625293135643,414.436262100935,1131.868377327919,169.5279586710967,10.472650716110365,28.566643541125813,11.967777405516244,34.122362041671295,29.687349688174436,478.820146410726,1176.2051085243002,1225.370874395594,719.2359832115471,23.89706364556332,26.469259846635396,25.97492904169485,28.402358591847587,23.618083612745977,44.39397068199469,25.465251095738495,1353.5231541609392,24.090047872959985,23.107085600713617,24.962472316474305,23.239971953444183,67.3868256053538,22.408852073567687,371.716119494522,83.32187408814207,270.6580803496763,24.014399061343283,60.00334193231538,51.498122040356975,35.93361412640661,27.918783944187453,416.63187742233276,228.65660674870014,366.77923053503036,318.8200145959854,368.70208010077477,79.6845811419189,659.7150936722755,10732.783675193787,4783.908188343048,3790.266066789627,358.27263444662094,360.54283380508423,357.4668690562248,365.7664880156517,354.9412935972214,365.432258695364,358.81827771663666,5688.756465911865,358.0181263387203,357.23813623189926,361.17080599069595,354.90893945097923,556.3465245068073,229.48617674410343,664.104513823986,329.50565591454506,1568.5421824455261,356.45727813243866,473.1271490454674,374.8913109302521,85.58266703039408,363.4341936558485
77,181.51769042015076,56.62352265790105,96.41425963491201,77.132532838732,103.06822462007403,23.645544657483697,373.9859201014042,3146.1514830589294,1515.8903002738953,1304.893158376217,91.11428912729025,90.87616484612226,97.81584050506353,99.57091556861997,88.69404438883066,100.2293024212122,92.79201412573457,1831.3996344804764,90.31752636656165,89.44560168311,91.51889849454165,88.15725892782211,80.63320117071271,48.04169712588191,90.84084071218967,112.39339504390955,508.0033577978611,89.11123871803284,115.45883491635323,88.34827831014991,9.285814652685076,94.45407288148999,356.91838059574366,20.133033001911826,64.69030876178294,47.62369717354886,71.70392287662253,34.68523593619466,880.5549629032612,2740.7592087984085,1575.6291449069977,1521.0733227431774,56.703960872255266,59.602196619380265,60.105400858446956,61.949307506438345,55.3370006964542,79.3218172620982,60.19888221635483,1888.5790538042784,57.170967338606715,54.775852244347334,57.73810893879272,54.542564204894006,27.100404258817434,29.185999796027318,355.6995103135705,116.06617493089288,590.9155402332544,55.647169618168846,90.43386165285483,62.695023603737354,16.188815992791206,61.67551066027954,1175.3482446074486,797.9406341910362,1127.0838156342506,730.5518966168165,1116.7936343699694,355.3374372422695,2106.3754558563232,44266.60692691803,13498.404651880264,8281.536400318146,1111.1151035875082,1118.3094307780266,1097.9822855442762,1137.8877963870764,1110.9259482473135,1118.4670589864254,1105.435997247696,14651.08546614647,1108.6462400853634,1116.518409922719,1123.383518308401,1110.3642638772726,2224.1613641381264,641.0738434642553,2771.274819970131,852.6842072606087,5130.078971385956,1104.9761902540922,1334.1490477323532,1056.820197030902,217.0219700783491,1124.9913815408945,267.50190556049347,8.684003303642385,14.386139791895403,18.68960059073288,17.263853071199264,19.097848777164472,686.665092362091,705.3498746827245,606.3138714525849,565.0414471165277,11.881739332238794,13.780818342638668,13.5597540611343,14.740938155227923,11.202035295355017,27.813183500256855,12.50881612941157,695.6236136611551,11.688421920553083,10.703510601160815,11.834948425530456,10.988863461534493,21.85141834343085,9.063182562385919,483.0159593257122,39.924136093759444,278.1763338134624,11.386486823539599,34.49429709871765,30.03533089213306,33.01416447357042,13.290781658724882,611.7140725255013,328.76661606132984,495.8267845213413,364.6722864359617,496.16238474845886,110.42275093495846,1025.121547281742,15641.76607131958,6257.481038570404,4922.516107559204,479.3563652783632,484.6775010228157,470.62384709715843,493.4787340462208,477.0595207810402,493.70063096284866,480.3190138190985,7486.27108335495,482.16237872838974,479.41431403160095,486.80567741394043,475.69143399596214,657.8442826867104,273.1570936739445,717.9553285241127,427.74663493037224,2255.6441128253937,477.23544016480446,594.1354632377625,451.31417736411095,54.91830734536052,490.8199068158865
78,54.80403546243906,9.852541086729616,5.868722626473755,8.88145191129297,9.439397836104035,46.4253737591207,168.95931400358677,590.1554971933365,115.46147055923939,7.68014247296378,6.720476609189063,7.857532007619739,13.666360289789736,12.52100383862853,5.268756212899461,6.828753161244094,5.686828080797568,87.53041923046112,5.468600254971534,5.0136463542003185,6.095645658206195,5.4683006019331515,59.58954873494804,14.836762100458145,268.7761653214693,7.170181954279542,43.48767362535,5.528879584744573,7.5177610269747674,8.407116634771228,6.026603397913277,6.116583768744022,165.99550796672702,14.609778561862186,12.115928315324709,17.13204412953928,12.120683444663882,34.802512207534164,371.28507997840643,663.2564095780253,355.99011555314064,12.790602602763101,13.412724452791736,15.717046073405072,15.425568650243804,17.883834399981424,10.770100852823816,17.488162266090512,10.708271554904059,234.04119350016117,11.535648023709655,10.936149614281021,12.981273088371381,11.271127514191903,30.23363891406916,30.174905608873814,610.8606662601233,14.471555303316563,97.17557963449508,11.315355455735698,23.85123708518222,22.71377865690738,19.843193818815053,11.80972668225877,42.030311771668494,49.71891874447465,18.57307687168941,22.692577476846054,16.611349456070457,391.80896850302815,1241.3441883400083,45261.51582598686,4470.415040850639,68.65091773215681,21.07500947022345,20.179749626549892,21.026713657192886,27.60775914066471,17.467416226281784,21.112954513228033,16.65675701224245,3474.2947816848755,18.02134436002234,17.116723676736,20.20548419386614,17.509577963210177,754.6781892888248,132.78587523382157,1106.6901460289955,52.25439017522149,97.0055324723944,18.459141909261234,29.4959643506445,39.52781262341887,12.733219715300947,19.42485551990103,97.28039786568843,8.01432780099276,7.960294165059167,11.210945276616258,7.388300116872415,10.960675221213023,211.9243901106529,123.96906300273258,194.4846906408202,10.41967579658376,8.546092078177026,10.417387331472128,11.017595994417206,11.530941088494728,7.088631880833418,15.9085741652234,7.354958746873308,131.4058371935971,7.407820071421156,7.299808652533102,8.316878323967103,7.292768752449774,16.2348614212533,14.212428155587986,302.62245182530023,9.473631842411123,38.476753361464944,7.497217105992604,19.83291267606546,18.410236763884313,15.573292977933306,7.79474218870746,84.33622261509299,29.775898787193,13.945617363788188,25.246178964152932,13.50730931153521,154.97374720871449,364.2207011580467,3162.6550257205963,268.9169505611062,43.60464331693947,15.241320128552616,14.263856690376997,16.383287496864796,17.441362142562866,12.548045022413135,15.853337477892637,12.400808453094214,223.83786085993052,13.06093909079209,12.378694489598274,13.836582656949759,12.449715519323945,358.37798193097115,26.384648866951466,606.5805368125439,21.183247212320566,84.40257608890533,12.865194468759,18.219174351543188,18.79856490995735,12.22000562120229,13.301999657414854
79,188.22374567389488,13.311623246408999,7.766575843561441,18.827030202373862,13.41447519371286,94.00721546262503,449.29950311779976,1494.8972165584564,227.2266522049904,150.4248008131981,9.25258977804333,10.33620850648731,16.526124090887606,15.982080833055079,7.715486106462777,8.294870611280203,7.717547763604671,180.8204036206007,7.534250675234944,7.008702727034688,7.957913097925484,7.918134389910847,211.12210769206285,43.62148232758045,360.2277208119631,11.224752641282976,138.42602167278528,8.000379370059818,11.352514964528382,12.298415997065604,9.353556262794882,8.222560514695942,716.9573903083801,45.12198001611978,42.48464060947299,45.338795986026525,41.17975942790508,82.48731296043843,1486.8577644228935,2010.9492056071758,775.7456358522177,211.9040102697909,45.28801329433918,50.533397938124835,49.35088008642197,49.69094693660736,41.27752099884674,32.39335323451087,40.63348250929266,561.8908237665892,41.33222310338169,41.33949591778219,43.01910474896431,42.27079090196639,108.89759624842554,112.34627279918641,2182.911232113838,54.169148788787425,323.55166878551245,42.057126003783196,54.08042238559574,56.41940014902502,45.18132080556825,41.15812212694436,219.86876893788576,54.32420666329563,36.236333835404366,364.73450949415565,38.02342212293297,1265.6573448330164,1928.316179662943,22790.436625480652,4807.375952601433,2877.70214676857,36.73966589849442,37.03456511721015,56.7979053594172,45.68829666823149,34.290619601961225,38.255225867033005,35.938975343015045,3788.017213344574,36.74971091095358,34.42439093487337,37.45760326273739,34.431857930030674,3134.1398432850838,98.78229349851608,2294.095914810896,56.04298133403063,266.36155648157,34.71332014305517,42.04591392772272,46.24595586210489,61.43854930996895,36.46616492187604,529.5015654410236,35.51840472937329,38.64024584618164,47.13745600020047,36.63799143396318,30.18750787668978,1140.8740940969437,533.6409318260849,767.7114595426247,81.7730324488366,41.579376738809515,50.2882032742491,45.31066330673639,44.9802155198995,37.56943212283659,33.300657785730436,37.546854709944455,545.6287714187056,37.87917997397017,37.92105132015422,39.16703938739374,38.49172327682027,62.39653417287627,57.61789022653829,1541.703448165208,46.08163437296753,144.6313543128781,38.45358843682334,50.521556120656896,49.764303395932075,47.97471795609454,38.05625549284741,179.04466576874256,17.119640484452248,9.742052759975195,114.3568498082459,9.65712225297466,448.6296661198139,750.5198828876019,4724.460691213608,902.7567207813263,1184.846568852663,9.19637776678428,10.556721594184637,14.779001823626459,14.87867592368275,8.284477749839425,14.073389931581914,9.649767947848886,625.1966878771782,8.804894634522498,7.97498959582299,9.860035090241581,8.113340358249843,1039.5494401454926,51.52033595368266,478.35998609662056,11.924503545742482,209.61842499673367,8.527462836354971,13.391113141551614,13.439493253827095,29.432440642267466,9.256391786038876
80,244.7316311299801,14.931429759599268,9.21990250935778,12.926195515319705,13.953414978459477,76.9097013399005,496.00832536816597,1167.052797973156,95.63979227095842,18.848908017389476,9.759975073393434,11.35714299743995,15.040266793221235,16.93066710140556,9.09200613386929,7.510080584324896,8.78654164262116,92.79110841453075,9.173267928417772,8.661330619361252,9.961662464775145,9.446962969377637,173.51667024195194,52.34818859025836,505.62626495957375,14.540096977725625,155.25808837264776,9.286491549573839,12.483798433095217,13.822269276715815,9.158045053482056,9.766234899871051,1619.862699881196,102.02099033631384,100.19999125506729,92.18828822486103,97.27431321516633,121.08916696161032,3218.4211127460003,2611.881487071514,1244.4085609167814,89.16170801967382,102.01819462236017,105.23537662811577,106.65850294753909,108.0948073649779,98.87140814680606,65.10543415788561,95.07165115792304,972.4095901474357,99.70190038438886,101.03892767801881,103.07635483331978,101.10579652246088,127.37157614901662,234.46850455366075,5003.215432167053,131.07354787644,598.8863548263907,100.92913475818932,112.58272547274828,124.24514768645167,98.12103514559567,98.95705000963062,82.57159381173551,16.886403696844354,8.899866457795724,47.10454388987273,7.392529310891405,403.8721425458789,1075.3468684852123,17211.26639842987,2669.793665409088,173.85792825371027,8.009925804799423,8.609991476987489,13.206207368057221,17.15903522563167,6.588411204575095,9.05393400171306,7.385874661849812,2106.5490916371346,6.982735474593937,6.958660684176721,9.628080995753407,6.594538135686889,959.4391603022814,44.66311680153012,687.9009427502751,13.50667086080648,82.06014963798225,6.398453799192794,9.59978588798549,11.377788265235722,13.962051889393479,8.703010316821747,1128.9870309410617,80.08490412612446,84.48795083677396,105.34143006952945,82.76701490103733,51.69023987764376,2403.5198614001274,907.4217253946699,1507.9621507320553,97.9673766560154,85.81002847495256,87.77900855056942,86.05961668945383,89.26881658408092,82.73055902827764,60.75789405440446,80.41464266716503,1095.9708414738998,83.54162800242193,85.15243455622112,86.30069853097666,84.61284069198882,104.44049481884576,110.73516485339496,3296.8998581636697,100.9554234406096,248.19707238930278,84.1065322747454,95.78686853637919,99.07060200202977,98.751770441595,83.97857548698084,96.21034283190966,9.361002477817237,4.527148848865181,32.60755306109786,3.9599118172191083,182.68030881881714,364.46795612573624,3116.7594343423843,405.4806958884001,97.55778033286333,4.251348407706246,5.856916308403015,7.120456430129707,10.15317119890824,3.164488618494943,6.996080977842212,3.898992348695174,314.466442912817,3.7513489078264683,3.1855964625719935,5.2328595775179565,3.2556507212575525,416.40816256403923,24.44375562481582,197.312630712986,5.416904285084456,90.85115697234869,3.4914137213490903,7.267661101650447,8.08444560971111,11.227498878724873,4.474001645576209
81,309.42983366549015,10.120676713995636,12.186456879135221,16.139841871336102,17.284828412812203,74.10130370408297,691.2428140640259,1300.0060617923737,248.09389002621174,22.049547638744116,12.137828394770622,13.13350151758641,17.881098901852965,17.839959473349154,11.21596380835399,9.795880876481533,10.705374530516565,248.8018497824669,11.511182994581759,10.862952913157642,11.690019629895687,11.729178950190544,260.87799295783043,67.59313307702541,454.799797385931,23.02359777968377,164.69952277839184,11.521696695126593,16.670952551066875,20.512085524387658,12.564641772769392,11.312260932754725,1280.098158866167,71.1699293460697,84.47917806915939,87.49813737813383,82.08929211832583,84.44713591597974,2618.360672146082,2456.5198458731174,1173.267213627696,89.0599621925503,85.874461568892,87.76670414954424,88.10140076093376,89.8532522842288,82.32176606543362,61.49918248411268,79.57152358721942,961.3411333411932,82.95379159972072,84.38048791140318,85.8755384106189,84.23801115714014,221.84822522103786,175.61182426288724,3422.406405210495,115.78412516973913,385.65232837572694,83.54308281559497,100.34819575957954,107.89370979182422,89.16786359623075,82.73029699921608,152.7224404271692,34.01110880076885,19.90790749550797,45.506576425395906,18.58867090777494,795.9654703736305,1764.0633471310139,22391.91973209381,3765.679657459259,201.39004872180521,18.853087472962216,20.310596912167966,23.084422515239567,26.65257320040837,16.761379258241504,18.947478209156543,18.529971421230584,3178.7236109375954,18.068641424179077,17.926304164575413,21.28492927295156,16.915570886339992,2031.6583141684532,51.26850900705904,1617.3118464648724,18.17824359750375,156.151618110016,17.18372429604642,19.2083366564475,18.879671551985666,19.78634501574561,19.495991815347224,1022.9742611991242,78.69781597401015,85.27828675869387,104.52123834693339,82.76331212255172,46.842672643833794,2202.6224387809634,1036.6864486131817,1470.800905721262,99.89781028707512,85.74084413703531,87.246057955781,87.34144021582324,89.45980483258609,83.35269930830691,65.25689974660054,80.86164914129768,1076.654425705783,83.6312429892132,85.74243442853913,86.80061102495529,84.84197304642294,109.86673313891515,89.71501898486167,2938.303063157946,100.6859647022793,165.2533044689335,84.38271773047745,96.42764925956726,97.56368010130245,99.84592004911974,84.88707142532803,217.80882589519024,14.927832293324172,7.945573655888438,32.60206524282694,7.594322203658521,328.0035611242056,916.0371646285057,5331.430673599243,950.0684812664986,79.0310064330697,7.888689113315195,9.295144933275878,9.94490017183125,13.559015584178269,6.646749679930508,9.366338257677853,7.542975712567568,831.047959625721,7.411019178107381,6.79467135341838,9.03307186672464,6.802590156439692,890.146441757679,49.579862505197525,386.1755318939686,7.350376807153225,183.35675820708275,7.196378370281309,10.15954208560288,10.549722239375114,14.39859694801271,8.23338219197467
82,218.26140210032463,8.673235424794257,11.312757153064013,21.199841052293777,15.663133934140205,92.00173476710916,444.34576854109764,1602.0891517400742,308.1035055220127,52.32686013914645,11.781988898292184,12.918019783683121,17.274759709835052,18.246509949676692,10.592999868094921,10.031503741629422,10.48732060007751,221.62404283881187,10.592298116534948,10.465738829225302,11.318974778987467,11.05165050830692,208.63346755504608,70.77713496983051,391.28047227859497,20.944146788679063,138.1853548809886,10.90297510381788,15.339079080149531,19.17560980655253,15.63791441731155,11.355216382071376,787.0803661644459,51.69752344954759,58.850333327427506,68.16715886816382,57.4562904657796,64.71545295789838,1579.0710635483265,1723.8322962075472,788.977038115263,82.26321765687317,60.03229157067835,64.875443931669,63.971395255066454,65.67524070851505,56.87836650758982,49.83872687444091,55.269249132834375,618.7823740765452,57.620867737568915,58.04284627083689,59.60952292662114,58.01391799468547,147.91890245396644,111.7209637304768,2191.1695450544357,81.22694760095328,214.42656056024134,58.28743102028966,73.93782248254865,80.00796125270426,66.83635665103793,58.094473206438124,341.97570802643895,150.83649242296815,121.81290937587619,156.5411607734859,117.16119898483157,1250.0105947256088,2751.7269253730774,31500.470757484436,6220.156416296959,670.8258176222444,119.87168667837977,124.24653256312013,163.2594196125865,132.45820347219706,118.97780327126384,110.25020712986588,118.49947506561875,4309.45511162281,120.03748258575797,123.36929049342871,125.99925231188536,120.1198655180633,3152.4271219968796,354.0791440755129,2999.2763102054596,90.89754614979029,1035.1395662873983,119.38192090019584,112.66768327914178,97.63223398476839,126.51585740968585,127.89009092375636,642.6687419880182,51.71021178830415,57.69256127678091,69.61788637272548,54.633135194308124,35.07594431357575,1386.7585244588554,717.69792761188,929.5603347709402,69.89422043261584,58.606099417374935,67.7656879852293,63.784035490243696,68.23686535062734,54.79447714606067,50.56461597268935,56.596416579850484,677.9626972274855,55.80621834815247,55.9822906870977,56.90280153794447,56.029253915767185,80.21877816645429,57.32148626702838,1837.681494653225,66.54219058691524,95.96010397945065,55.747225967934355,66.35209957312327,66.83950104343239,70.15800527005922,57.00390340643935,278.0464831739664,29.78085190989077,22.032269276678562,62.30452470481396,20.793372066691518,463.5114222764969,1007.9117268323898,6354.913771152496,1336.0635787248611,342.2786630690098,21.215952117927372,22.362571442499757,25.994395138695836,27.636861195787787,19.86382738687098,20.466067362576723,20.151086733676493,909.0781435370445,20.24395449552685,20.816082251258194,22.82611862756312,20.018718438223004,947.6310238242149,158.6673492565751,715.8228345215321,14.560710289515555,292.4499697983265,20.62930050306022,20.82823240198195,18.223803490400314,34.16514070704579,22.590243723243475
83,552.6873916387558,14.13365569896996,22.97558286227286,35.569169325754046,23.53208535350859,44.16243825107813,1160.1532399654388,1339.3747359514236,264.6584343165159,53.09408297762275,22.716513136401772,22.655840730294585,27.555023785680532,26.73759078606963,21.155131747946143,17.151193344034255,20.96527232788503,269.8720581829548,21.280753193423152,21.726285805925727,22.18694647308439,21.87220030464232,105.14824837446213,101.65012069046497,1320.0614601373672,42.42528975009918,238.76298405230045,21.712974412366748,27.730359695851803,34.83582101762295,28.845147229731083,20.98496467806399,1006.1050243675709,62.714208383113146,70.77319186646491,82.6937046367675,69.56249568611383,101.2092656455934,2076.1822648346424,1861.6965301334858,874.3593618273735,81.25606144312769,72.64755014330149,75.76482300646603,73.15605680923909,77.78333476744592,70.07505535148084,58.445545844733715,66.33755203802139,701.056051068008,69.90975968074054,71.37047068681568,73.00593762192875,71.35749782901257,93.00350397825241,144.46752914227545,3196.5923085808754,97.08061371929944,253.81651031784713,70.80398628022522,88.34989462047815,93.84863590821624,83.45501450821757,70.87213220074773,613.2470704615116,91.96505730506033,69.95476433075964,87.6070517115295,67.96797597780824,968.6908349394798,2024.1675674915314,18093.898475170135,3309.180721640587,163.80431572906673,69.93887398857623,72.1638702088967,70.40985627099872,80.08010196499527,68.04687681142241,56.37315718922764,64.86412649974227,2400.439567863941,67.74091999977827,70.0738913146779,73.1383329257369,68.15526180434972,1784.125354140997,211.91152930259705,3270.6677988171577,48.76351612620056,746.5926324948668,67.56763940211385,62.239713850431144,54.30807056836784,66.07470754534006,72.94775603804737,1020.0586061691865,87.90893038531067,91.12039786123205,109.29701445274986,88.52511667646468,58.274692979466636,2163.9649888966233,1242.7146735135466,1418.8191264402121,107.11171994626056,91.53056630748324,93.40789121051785,93.45669650065247,93.63611035223585,89.25524503865745,74.40465297258925,87.337077857228,1033.1587983528152,89.69511457689805,91.55611878668424,92.39376461482607,90.64857903285883,100.29618826229125,90.99978505400941,3108.1880861893296,106.34684044634923,131.98191804985981,90.59285190596711,100.99778654694092,104.24211242934689,105.84051479236223,90.30911595618818,749.2346689105034,38.43344538472593,29.916181229054928,75.82106813788414,29.477918054908514,224.17165245860815,1581.1020284891129,4756.010890007019,673.6427545547485,85.88784653693438,30.73912113904953,30.94559907913208,33.220475539565086,34.33298831805587,29.064129572361708,24.992071790620685,28.087930288165808,565.7621696591377,29.623681912198663,29.613407561555505,30.656995717436075,29.69961892813444,585.4112282395363,188.67405876517296,1675.9071350097656,43.10040781274438,434.04754623770714,29.984949622303247,31.169862486422062,36.83281736448407,46.37230560183525,29.985034139826894
84,579.2748853564262,17.054138123057783,30.23871756158769,39.26818980835378,34.23031163401902,89.3513155169785,1227.4596467614174,2746.3777661323547,750.856876373291,39.71204743720591,30.07695870473981,31.156725832261145,35.440306877717376,37.065155105665326,28.525321278721094,22.59378565941006,27.339169522747397,663.3158624172211,28.65377173293382,29.376858146861196,30.584853026084602,29.39576772041619,461.6114739328623,113.5740103200078,829.6310529112816,59.08301053568721,201.64780505001545,29.133408097550273,38.97832427173853,47.61609225533903,36.055148812010884,29.968257527798414,2673.502817749977,185.75940397568047,222.0597192645073,254.38083335757256,217.8696501068771,119.15026139467955,5459.898538887501,5047.242850065231,3327.796831727028,249.82946598902345,223.58620585873723,227.38515259698033,223.62524596974254,227.975782006979,218.4157893061638,166.79896507412195,209.28943436592817,2523.9565819501877,219.7966556996107,224.56586826592684,226.56803065910935,222.57316065952182,402.5691309943795,286.58170672133565,7332.409679889679,293.9175977371633,452.5587595999241,220.98131896927953,245.8705184981227,260.88680513203144,241.35381705127656,221.50457510724664,194.28693922236562,37.60322305606678,18.327158206375316,37.85345848882571,17.52490786020644,929.1091207414865,1699.0185119211674,17882.365256547928,3211.995728313923,44.17815827764571,17.955856601474807,19.573834229959175,20.299818977946416,26.265671709552407,16.650836681947112,16.66727682459168,17.53190832096152,2875.150144100189,17.79089873889461,17.636281496379524,20.220858394168317,16.738150094170123,2304.086059331894,44.633284327574074,1787.0957851409912,14.453650888754055,191.16011494770646,17.15392677579075,16.5223240328487,15.266974573023617,19.29952102364041,19.334258511662483,2909.5416045747697,237.43808551807888,256.4769326709211,315.42254489613697,251.33106688736007,108.96781069459394,6288.055805489421,3087.2922046110034,4386.06936018914,302.4109589168802,258.6536319577135,261.64692812017165,258.88214382575825,259.3056512705516,253.43079352751374,188.4205715614371,244.71042948425747,3194.6333586238325,253.8019850908313,260.13160042930394,260.9154966485221,257.50778743531555,339.6960846730508,228.66600795532577,8136.70710567385,301.1914318194613,344.7554465383291,255.97695080796257,270.07185862748884,274.7534736408852,288.2095482200384,256.394312629709,253.24057042598724,19.712447770871222,10.989383677951992,32.73595590144396,10.712361545301974,309.44253131747246,968.1403636932373,5058.353811502457,1148.7508863210678,32.34100015833974,10.957982623949647,11.961718439124525,13.14206316601485,15.448767342604697,10.00473229214549,11.72761945053935,10.11589856352657,1016.9571861624718,10.660198633559048,10.03396965097636,11.482744244858623,10.244582430459559,946.0560083389282,64.45166189223528,416.66404530406,14.645233633928001,172.54931665956974,10.411577066406608,13.116359594278038,14.529258594848216,17.176121473312378,11.020063073374331
85,666.476234793663,18.971664598211646,30.176733154803514,45.732535887509584,34.61844311095774,70.37409208714962,1433.2501739263535,1830.7609558105469,711.6650566458702,70.35837648436427,30.634068185463548,31.053761718794703,36.627478431910276,36.08428640291095,29.287207638844848,24.28249712102115,27.483747573569417,630.2952393889427,29.37125856988132,29.53797043301165,29.930363642051816,30.220388201996684,389.6024730056524,121.84106186032295,1073.3402222394943,59.19531546533108,237.78314515948296,29.613582184538245,37.56361082196236,47.65222920104861,35.92484537512064,29.516387032344937,2560.7598684728146,160.58458597399294,195.6892185844481,232.79576702043414,191.7625772766769,93.20373274385929,5250.90529769659,4529.632441699505,3000.777691602707,236.2612895667553,198.2498369179666,200.9908459149301,200.09949849918485,202.1383596584201,193.38703458197415,150.1634125597775,183.9535441249609,2311.5039728581905,193.65152390673757,198.13516805879772,199.09664848819375,196.88243325799704,417.10216319188476,293.41874830424786,6590.129807591438,269.6201582439244,489.40117098391056,195.4182810150087,221.77861956879497,239.59876038134098,219.54538999125361,195.2816671691835,1129.3462999165058,104.4217066373676,70.15518529806286,140.68961166776717,70.24624280165881,1095.629082992673,4201.558768749237,21458.098769187927,4339.314244687557,539.6732296794653,69.98473079875112,70.41018537711352,93.93721562810242,74.25709755625576,68.22327140253037,53.64080908475444,66.17223157081753,3733.757883310318,69.336001528427,70.89064153842628,72.0100566977635,69.20527026522905,2753.6769434809685,207.5427055824548,4072.4682584404945,56.36094033252448,632.6862210407853,68.58351116534323,62.56717175710946,57.18175426591188,86.17257652804255,70.4346529673785,1803.927558939904,145.68200934445485,158.09267698205076,192.60329700773582,153.5121815977618,64.61046512413304,3893.9895019866526,2066.051669185981,2708.499534521252,187.88802550989203,158.96802370843943,162.31780547241215,162.50260110246018,164.53008275129832,154.67905058176257,123.82797508325893,151.43208287190646,1978.309533558786,155.2123699511867,159.54483674431685,160.5030294158496,157.1747479320038,234.82413549209014,149.11975277937017,4924.698350951076,185.37753008422442,223.2578205585014,156.28307056613266,172.09689691662788,176.23649814049713,180.94578565796837,158.22583250701427,791.622519493103,31.819125404581428,25.25974321179092,66.37956714257598,25.14221938326955,328.1387872993946,2096.5123623609543,5993.7824010849,1628.9431601762772,172.38410003483295,25.412753224372864,26.19511680677533,29.185936087742448,29.51913815923035,24.393262341618538,20.173530327156186,22.961156675592065,1392.5144970417023,24.719080422073603,24.812626652419567,25.908114621415734,24.809544906020164,1130.8336406946182,176.5926070511341,1012.775219976902,41.833365336060524,414.77659344673157,25.0181348528713,29.428841779008508,35.628425888717175,38.55423768982291,25.391890201717615
86,226.22428089380264,12.880049180239439,16.382963629439473,26.485859416425228,20.148063078522682,27.090425370261073,494.0939396619797,987.2754514217377,387.293316423893,33.86294771917164,16.07688213698566,17.313556629233062,21.893901051953435,21.567371673882008,15.358445583842695,15.021906234323978,14.887988101691008,313.7173391878605,15.76236227992922,15.246900962665677,16.213926137425005,15.898007317446172,144.7965744882822,41.84844810515642,381.7063495516777,29.41431710496545,63.41995391994715,15.85954858455807,21.059162681922317,25.47715767286718,20.901408977806568,15.92751347925514,1012.576162815094,81.25950919929892,89.71572224982083,114.36954257078469,87.62498130090535,40.5108142294921,2051.3792261481285,1981.4188815653324,1351.973369717598,113.80316340364516,91.76754881627858,94.9957175180316,93.09648373164237,95.66881530918181,88.3330493234098,77.19264656770974,84.62897595018148,991.1663103848696,88.80919101648033,89.85728304833174,91.21168591082096,89.85081524588168,144.18484829366207,110.39710277691483,2760.263755917549,117.70272278226912,154.1913659311831,89.49973131529987,105.89090525172651,111.16047576069832,105.76014849357307,89.55589914694428,97.3618618445471,26.022213394753635,16.765581618528813,61.722618294879794,14.605870499508455,509.0596182271838,1036.4012643694878,13587.867766618729,2243.1447617709637,267.4095737747848,16.072980157332495,17.455568333389238,44.70068862428889,21.752126631326973,14.068972872337326,15.252432000124827,15.303869266062975,1888.2280141115189,15.339071047492325,14.323361683636904,16.924046183703467,14.425071218283847,988.6243622750044,59.519293485209346,937.8534145653248,13.065125182038173,95.68137943278998,14.316125394543633,13.609373156214133,12.851398583734408,21.608463110169396,15.208371274638921,828.1718413345516,71.7205148175708,75.30983511242084,93.09439445496537,72.59995066851843,29.57828752550995,1778.7933356594294,903.2443780452013,1245.0653105042875,91.31074014294427,76.58559748961125,82.07285126263741,80.06958445184864,84.53677785291802,73.00535310059786,66.74308897345327,73.13982844061684,897.8482456877828,73.13425568281673,74.56970449129585,75.82096091937274,74.06969755538739,98.0212324502645,69.47824876988307,2264.243630692363,87.70376251777634,102.04819100908935,73.55826426646672,85.71481310355011,84.77674721507356,89.93698810809292,75.7927904924145,252.47636437416077,19.376637414097786,15.200505149550736,49.77300250902772,14.351119403727353,158.1597588956356,954.7936394810677,4341.918304562569,1263.2367610931396,113.02852025255561,14.626249787397683,15.104061109013855,19.42737284116447,18.480751430615783,13.303229119628668,14.464770792983472,14.271300518885255,1044.7660833597183,14.44804877974093,13.578460435383022,14.929323690012097,13.733476400375366,457.4669525027275,55.296316742897034,310.3987965732813,18.5803915373981,101.20552871376276,14.067107811570168,17.390074208378792,19.069464411586523,22.47036714106798,14.053387334570289
87,1528.8788825273514,47.991572646424174,79.56984685733914,93.70847512036562,84.00732651352882,68.45434289425611,3736.3916635513306,2496.552661061287,2666.9540107250214,191.24595634639263,79.74957348778844,82.25992089137435,82.31058297678828,86.09446417540312,77.697878703475,68.66366975009441,72.7443122304976,2205.5275440216064,79.29364824667573,79.77584656327963,82.03592570498586,79.59793880581856,686.373308300972,242.66964942216873,2486.7817163467407,136.80136483162642,418.7410734593868,78.91112612560391,96.17157001048326,112.95524053275585,85.68745106458664,79.49642790481448,5595.954276621342,370.23418908938766,442.24081095308065,520.2757799997926,429.77641243487597,135.094492463395,11744.494929909706,8888.538986444473,7546.442404389381,524.117685854435,447.89919164031744,448.32362327724695,448.5623650252819,447.9698268696666,437.03204300254583,346.25928523018956,418.5851253569126,5720.755480229855,438.34937270730734,449.870060198009,449.71429370343685,444.68424282968044,927.3013835772872,621.1467161774635,13919.098287820816,589.7795623168349,911.0488928854465,440.20138774067163,488.32881916314363,528.8999555632472,491.2167573347688,440.9813731908798,2684.260956943035,103.06860716082156,75.51967585459352,131.58155931159854,76.60941919311881,841.0285506397486,7924.17386174202,13448.901504278183,4814.379304647446,1842.4522317945957,76.29944570362568,78.16955540329218,79.32557538151741,86.7254133336246,75.30342694371939,72.80289963819087,75.67101460881531,4200.291812419891,76.64931612089276,76.9893042743206,80.35017503425479,76.17346872575581,3126.401577144861,543.4682406485081,4261.958360671997,88.83814606815577,1325.4087008535862,76.92889822646976,73.7407929264009,85.4721893556416,80.32594178803265,77.82156043685973,3546.257202513516,285.49718428985216,304.4225051125977,364.1149760806002,297.41095966892317,88.7597989058122,7563.827997073531,4210.0111045874655,5165.4041996225715,370.59702206170186,304.19507500482723,305.8498968021013,308.52617320488207,306.99691851623356,299.03859240585007,231.84294675593264,290.7060653960798,3752.7498877607286,300.0626392895356,308.1609313376248,308.9614503842313,303.74183409730904,464.8528496036306,311.4212940563448,9366.534098051488,361.0841769259423,448.0736505938694,301.44417949486524,321.0100543219596,331.94922358961776,339.1024164739065,303.2505435985513,1738.5786175727844,36.926900036633015,45.334693510085344,84.55028152093291,46.00018775090575,280.24944849312305,4618.570923805237,4413.584470748901,3034.495711326599,274.29975010454655,44.74392859265208,47.070414293557405,48.676938749849796,51.709959749132395,44.444053899496794,47.79459908604622,43.753469828516245,2637.026995420456,45.09549913927913,45.236519537866116,47.65133233740926,45.31134804710746,1568.9886584877968,446.9239506870508,1969.5365577936172,94.5989340543747,722.7095402777195,44.44028250873089,56.14694859832525,78.31270061433315,57.960246689617634,45.68988969549537
88,190.5700769275427,11.308049550279975,13.160722912289202,18.309207283891737,18.316751578822732,15.473678533453494,410.4282446205616,736.1252456903458,313.7215245515108,28.299448546022177,14.013145701028407,15.717098722234368,19.784692209213972,20.248229848220944,13.110410538502038,13.640418532304466,12.150142109021544,245.68086117506027,13.329062843695283,12.557471520267427,13.534548575989902,13.68523424025625,101.3893373310566,34.62923318147659,307.15296790003777,23.35644536651671,51.792795304208994,13.19898758083582,17.752774409018457,21.721597760915756,16.61338598933071,13.60338251106441,585.2617556229234,45.05143000278622,52.493659663014114,64.76193096023053,51.39230436179787,21.378867560997605,1185.132410377264,1237.2753322124481,828.8483303040266,69.65503189712763,53.457620088011026,55.76662463136017,56.74954911228269,56.40618386678398,50.45349337160587,47.823348781093955,48.817404778674245,604.5283675193787,51.04407202452421,51.62552755791694,52.99265112262219,51.321349339559674,97.47740114107728,67.94323166832328,1510.9730958938599,70.32349158544093,94.2726427456364,51.501773763448,66.14098011050373,71.08112750574946,62.93506873771548,51.65955936536193,83.5211273515597,23.224705801112577,11.804058507550508,22.94826810248196,11.132077343063429,211.62050496786833,734.1357609257102,10489.572033286095,1472.5976753979921,178.41260810382664,11.226884278585203,11.368554929504171,15.917808166705072,16.470787624712102,9.688378035207279,11.699673588736914,11.775238846894354,1197.0716286450624,10.579230758594349,10.259054572088644,12.021072863717563,9.617916395654902,378.6700642667711,32.39453022251837,287.20514895394444,7.665393830393441,89.05616530682892,10.424308449728414,10.163237893721089,9.213758588884957,7.692506231251173,11.300053331069648,421.3048735400662,36.75033009494655,38.62567673786543,46.922209970944095,37.27681653981563,16.58186432905495,917.6514521241188,474.755797884427,654.8132989555597,46.39184994448442,39.280342040001415,41.018244468432385,40.75851303059608,41.30132967111422,37.702946854551556,38.1011940407916,36.37279394752113,475.84225685568526,37.90831268634065,38.475020592159126,39.19581790250959,38.29141532332869,51.09728215029463,37.07651179865934,1149.4675622088835,44.927785678737564,53.84578084340319,38.02897420246154,49.203036389371846,50.01812223054003,48.39774540596409,38.27861858007964,190.62388315796852,13.021490769460797,12.295426684431732,21.148428786545992,10.529221268370748,82.08597963675857,669.0690666437149,2955.084592103958,871.3469207286835,78.0688589438796,11.521224630996585,11.580479796975851,15.471155289560556,15.308828093111515,9.875322110019624,12.75621133390814,10.620330343954265,711.542084813118,10.230246698483825,10.244630044326186,11.636870913207531,9.70234046690166,284.57431867718697,42.43245208635926,166.71358793973923,15.290384064428508,75.8051685988903,10.540230432525277,14.94505803566426,17.528907861560583,12.99923995975405,10.867297416552901
89,116.69018864631653,12.373396544717252,12.471298803575337,27.01007085852325,14.534864109009504,17.579742707312107,229.17270101606846,786.45358979702,217.32296235859394,26.22732217423618,12.932813260704279,13.512477395124733,19.062224542722106,18.630289938300848,10.796415677759796,12.186208507046103,11.62589737214148,176.47198867052794,10.830291372258216,11.065422208048403,11.933244182728231,10.998315992765129,76.8528594635427,28.77726242877543,198.55780713260174,19.390942761674523,36.710098618641496,11.085054487921298,16.076465835794806,18.2729511288926,14.879549038596451,11.922903475351632,1316.3109375163913,107.58089640876278,122.11528880288824,154.75657302886248,119.5445719640702,47.68667655298486,2636.12543605268,2313.3720085024834,1794.6742549538612,146.04572532698512,124.6261580963619,129.96855867095292,132.06284609623253,125.56321534793824,119.66562864836305,102.20539045985788,115.4557442641817,1288.8691471889615,119.92772296071053,121.79948418634012,123.0088280281052,121.42068322282284,144.5398658979684,132.79801735188812,3721.273574978113,156.09010704793036,175.937487045303,121.16644735215232,136.9611108675599,145.16470243688673,139.78004409000278,120.52157963626087,100.64335551578552,81.0652100481093,20.221918704919517,727.3173946887255,23.695801908615977,505.3153419867158,658.7360724806786,6966.299459338188,1375.6118193268776,265.0388306938112,20.065273565705866,22.520374855957925,33.898878493346274,41.05976643040776,19.530153600499034,21.114797855261713,21.530975645873696,1199.9094635248184,20.306625228840858,19.19493544846773,24.36804521130398,18.565117672551423,874.7031129896641,160.6599218212068,529.2487349361181,17.30222225887701,135.00550971366465,19.512226921506226,18.9964278251864,15.075000759679824,130.24049904197454,23.973517527338117,1114.9710468016565,91.84401757374872,100.51283441134728,123.16047273634467,97.49211608141195,34.545956423244206,2363.941745366901,1280.5577153339982,1650.4255465697497,118.01473607192747,102.33309169416316,105.67394031386357,108.71437632886227,103.91568149498198,99.10484886495396,83.80672091152519,95.06573813268915,1194.2047425545752,98.80084531323519,100.97381462401245,101.65190864063334,100.34065489890054,123.05264362657908,95.0870102387853,3049.9136734288186,119.92034871946089,136.49551423441153,100.08586040930822,112.11546247068327,114.36942462751176,116.83130511664785,100.04353004478617,120.38594670593739,25.32967529259622,13.016474433243275,82.10126031190157,13.05512129329145,114.21271972358227,347.78423607349396,2371.825322508812,488.66672068834305,113.754877820611,11.857233941555023,13.62318079918623,18.119235057383776,20.01811843365431,11.274832650087774,14.485111692920327,12.25465803872794,423.32055047154427,11.876778909936547,11.270574410445988,13.644412509165704,11.358389747329056,276.3429135084152,61.08312541618943,161.50708124041557,17.315399833023548,81.84080570936203,11.635477421805263,16.64103800430894,19.16081295348704,28.938352596014738,13.040173333138227
90,0.9541170511511154,2.462290271068923,1.0955190737149678,1.367643562844023,1.3499492342816666,5.283342703478411,1.5583748172502965,1.7083715356420726,1.1949743347940966,0.9378092508995906,1.3132213789504021,1.3702216529054567,2.7186435618204996,3.374177307705395,1.064309515641071,3.5708339419215918,0.913960553589277,1.0535653273109347,1.2136880832258612,0.6962180559639819,0.6943911175767425,1.2139372629462741,9.95680209598504,10.639578918926418,1.2370851618470624,2.578375962912105,2.1826951124239713,1.164292945759371,3.07793149841018,3.569423482986167,3.459518600720912,2.8253682248760015,1.8416857128613628,5.137411208124831,1.802888022211846,1.6788039174571168,1.5595455442962702,11.44877932529198,2.165188594517531,2.350906259380281,1.858339073805837,1.3113454861013452,2.2586987033719197,2.940625032351818,3.795808537688572,5.583303704042919,1.5022839379525976,10.650480340700597,1.3326095559023088,1.4360525929077994,1.5486486154259183,1.1314020048303064,1.3812705983582418,1.8856621973100118,8.582005437347107,10.183852660702541,2.462016538629541,2.071576065645786,1.899327819046448,1.5777252065163339,9.369048653752543,9.660376119427383,7.848373177694157,3.267853790021036,3.7812123773619533,11.852378156618215,1.6182196995941922,2.207166280641104,2.393506725638872,22.158965759444982,5.1409219777269755,4.925394470774336,2.6700841553974897,2.0708984811790287,2.9459803699865006,2.1629894490615698,7.17498946323758,9.308435022830963,2.106389603795833,4.2159116273978725,1.5720240280643338,2.130836386641022,2.0638926180254202,2.041505398665322,1.1882918352057459,2.275171038490953,4.412282953126123,4.484989462071098,7.258807687321678,2.7036778956244234,2.1195866174821276,2.1040323463239474,4.495091077842517,4.139059379667742,5.321784883562941,4.717181567684747,2.1635276993947627,2.580832301191549,1.2792649886250729,1.155979023224063,1.4231735813154955,4.447137517217925,1.6390895873428235,2.0896870137221413,2.256806501918618,1.0336205127714493,2.0876596308880835,2.78184629360112,3.195613412572129,5.441483544018411,0.9449455803860474,10.81960012743366,1.1863233369240334,1.5385287720164342,0.9792822595500184,0.7685568011766009,1.6711629348264978,1.619535080408241,8.527543224772671,10.851887565877405,1.1870751848164218,1.0531678005918366,1.0279408425049041,0.9711985942431056,9.27110012889898,9.36208019084006,7.225519877465558,2.452272854043258,1.9661651167552918,7.04303159727715,1.6218773525906727,1.8870917992899194,1.7830921860877424,10.6544567970559,2.5352616066811606,2.516498090699315,2.068248388241045,1.6474649892188609,2.6952571934089065,2.336187200853601,5.431888217572123,6.644053675699979,2.1398722601588815,4.71063720760867,1.252195863344241,1.3858142119715922,1.9494205189403147,1.657718006754294,0.9503141409368254,2.355903008719906,4.438541742274538,4.684005485614762,3.3117873244918883,2.1963400358799845,2.170635838410817,2.1897919505136088,4.7345299972221255,4.520516260527074,4.9497284344397485,4.506433993810788
91,0.7976309789228253,4.736520815640688,1.0855382424779236,1.3516876279027201,1.3496634492184967,14.405277092009783,1.5406948805321008,1.5043268140289001,1.031025683914777,0.8077791680989321,1.2575132932397537,1.1901236648554914,2.529206918552518,3.107338532572612,0.9341984841739759,3.6211044061928988,0.8272055565612391,0.9379629846080206,1.0393103293608874,0.7122015340428334,0.6944581837160513,1.1144898089696653,7.705970434471965,7.2433398745488375,2.606581518193707,2.549786862800829,1.7904294800246134,1.0555967019172385,3.1799140269868076,3.822013415629044,3.297058487078175,2.5227685109712183,1.8350502141402103,5.727391020627692,2.1255539504636545,1.7324708496744279,1.6591936800978146,13.837163322023116,2.1473681736097205,2.200882623583311,1.8396407904219814,1.3956714119558455,2.1492929226951674,2.410020588285988,3.9088785997591913,5.396529246354476,1.5334303079725942,10.689075308619067,1.4307183373603038,1.4173163144732825,1.504762045442476,1.173174992800341,1.4056454419915099,1.9213102168578189,7.07529837382026,7.973113533807918,2.8015972893626895,1.9758506859943736,1.8539565680839587,1.602546384674497,9.263831670978107,9.575257514370605,7.775747173582204,3.6092645314056426,2.670740544999717,11.022252307157032,1.633403126106714,1.9059011592617026,2.3989706569409464,23.658641963265836,3.4324225271120667,3.6402155747055076,1.8287656293978216,2.2134789724077564,2.189032187743578,1.994621918129269,7.479581894585863,8.6423169268528,2.075541182421148,3.4537684623501264,1.7016116635204526,1.360607647256984,2.4111416441883193,1.7473343159508659,1.1366131293470971,2.217219749582,4.2009316057374235,4.086435750650708,6.877016712678596,2.690071654797066,2.0047288126079366,2.2881388758833054,3.801329279667698,2.7630439362837933,4.239145946485223,4.294783229852328,2.136024190349417,2.849090199561033,1.7218275183950027,1.1322838286105252,1.47687607750413,4.796553255800973,1.621420828087139,1.9903073166460672,2.1603450404654723,1.0023144106980908,1.966572392575472,2.056574745438411,3.2042455572991457,5.635783651086967,0.9417494702574913,10.12316337073571,1.2094424744191201,1.519018324188437,0.8928593774726323,0.7757373474532869,1.6161385958639585,1.5250703249876096,6.689643051686289,7.785644038449391,1.273209501960082,1.0357670400935604,1.0143411227545585,0.9270374132483994,8.916480293919449,8.769655816649902,7.004192473686999,2.6619339619173843,1.4825625403318554,11.393456137739122,1.4642569876741618,1.7989416955970228,1.918701032991521,28.73997949063778,1.9252522906754166,1.9715678063221276,1.5314271586248651,1.6455995355499908,2.180359835620038,2.2167753777466714,4.814403102500364,6.774088309612125,2.173859713366255,4.397690063342452,1.2086682618246414,0.9639212439651601,2.043074506218545,1.4350452547660097,0.9894123140838929,2.1982465987093747,4.084228043211624,4.072401730809361,6.046254769898951,2.1569506061496213,1.8982031906489283,2.182005366194062,3.9504443120677024,4.24063453101553,4.2315812315791845,4.262603441020474
92,0.8528614634997211,4.214244487229735,1.269529209821485,1.6482462815474719,1.6860343021107838,9.251642331946641,1.8763700063573197,1.7529573597130366,1.3123374737915583,0.8825631521176547,1.423242807504721,1.5790725010447204,2.973364811623469,3.6984262405894697,1.1909534223377705,3.5664360329974443,0.9587100430508144,0.9350586333312094,1.1324416336719878,0.8863577822921798,0.8738599644857459,1.3038561810390092,8.656183199491352,8.877281681634486,2.162448989110999,3.3814353228081018,2.3278387816390023,1.26422996254405,2.8690599428955466,3.698082407936454,3.5363085044082254,3.4003888576989993,1.6862583142938092,4.760423384141177,2.4289338507514913,1.7371358844684437,1.6097955995064694,10.572364444669802,2.135333343176171,2.281018765643239,1.8195908014604356,1.2930453613080317,2.464983244863106,2.505014530470362,4.443518511834554,5.556285032071173,1.5690928557887673,10.219344199867919,1.4381994769792072,1.4076526385906618,1.4713604814460268,1.2646932682400802,1.2144300835643662,2.004095404117834,6.140407320344821,6.439667660742998,2.270929177029757,2.1994535563862883,1.9667675205710111,1.6272642114927294,9.120543734752573,8.587526361225173,7.183953814092092,3.2474960971740074,3.9141350716818124,22.651326551567763,1.649406760407146,2.2499641818285454,4.580581167829223,43.58558630337939,4.279448519810103,5.603657948086038,1.6596884925093036,2.720211683481466,2.527224954974372,2.3876945597294252,6.080095678044017,9.723430877784267,2.320020903425757,3.044624736503465,3.0137394132907502,1.339342230494367,2.213754978583893,1.644168381972122,1.1777558393077925,2.1135507431608858,5.01890334271593,7.205455520306714,16.29800332011655,2.727005645283498,2.4770629497652408,2.4180683540180326,3.9542274535051547,4.429493012139574,3.7950026380713098,4.697920841863379,1.8702502597989223,2.5109713942583767,2.281623941144062,1.044023146391737,1.3759244070570276,3.2419669378214166,1.572352249695541,1.902754742786783,1.9304205954995268,0.9874652887447155,2.147321466509311,2.240076365069399,3.8207367433642503,5.468192071020894,0.8963633599705645,10.130429574928712,1.4625375131345209,1.387753864264596,0.918631163358441,0.7895613907749066,1.4234026734811778,1.452945646178705,5.264244839963794,5.353177953111299,1.2213764598527632,1.0663060913884692,1.0035445709490887,0.8966847113924814,8.913097708500572,8.392702085984638,6.936138914170442,1.986973368730105,1.6410585667472333,10.15533780446276,1.5894069656496868,1.9287407485535368,1.9606162386480719,19.726117025129497,1.868219333118759,2.3773772263666615,1.7851334559964016,1.693406818958465,2.4393194617005065,2.3132630303734913,5.062206677393988,5.9583375114016235,2.257463551359251,4.118814336834475,1.3757638225797564,1.0346812778152525,1.9480030023260042,1.604658544238191,1.0959903011098504,2.360087411943823,4.436270741280168,5.229469068581238,5.564039573073387,2.097670585499145,2.2217335063032806,2.3111263872124255,4.061585379531607,3.2649115892127156,4.116680822335184,4.400736797833815
93,0.9405141026945785,2.24337590043433,1.2137195881223306,1.7763160649337806,2.0053189509781078,2.8422372706700116,2.1636330493493006,1.8920269067166373,1.4833110544714145,1.0425324362586252,1.7233879043487832,1.9666763982968405,3.242607897846028,4.256133892340586,1.4083633141126484,3.7950210680719465,1.002625998808071,1.0943500965368003,1.4291461848188192,1.0046184543170966,0.9269720649172086,1.5884817912592553,11.849167465697974,11.809419083874673,1.024452292767819,4.165284452028573,2.514500738470815,1.5522821922786534,3.195849625626579,3.8671687652822584,3.8613514334429055,3.688483964651823,1.384239889375749,3.4545104936114512,1.7384798102284549,1.6037367549870396,1.4646747622464318,3.458332117588725,2.0345155498944223,1.9305575660837349,1.4073102101974655,1.2418216956575634,3.2517329382244498,4.3863902319571935,4.02584028779529,5.275517367408611,1.5594331744068768,10.087432354339398,1.3658062907779822,1.1238657443755073,1.5255108828569064,1.2347237006906653,1.14022167508665,1.7937593947863206,8.068282462772913,8.397130222874694,1.5026336768642068,2.2548310735146515,1.8930760943476344,1.666804049818893,8.767066945438273,8.814670523861423,7.20127165550366,3.027258200745564,2.3885682076070225,5.8399233894306235,1.2549761231639422,1.7295252400799654,2.0508740599325392,9.157929380307905,2.976001749630086,3.5994647842017002,1.7292661395913456,1.7957954260054976,2.1561576359090395,2.084250227198936,5.571644964220468,6.657102727331221,1.6724370852898574,3.167046892485814,1.3458986450132215,1.3715879504161421,1.4580341703549493,1.40145699151617,0.8548092864657519,1.6934450595726958,3.723576144693652,3.5603314645413775,3.5665231225721072,2.3482375327148475,2.0075846987310797,1.6420161718997406,3.304368114186218,3.0371601969818585,3.9007947234495077,3.4521958259574603,1.3794535823308252,2.20694616837136,0.989472552873849,0.9552235452474633,1.1566850259896455,2.225587685188657,1.2871342462403845,1.5384955481749785,1.4413615863304585,0.8706904052360187,3.0957645744820184,4.056281028624653,2.7725613522306958,4.251991779710806,0.9468666444263363,10.32934790600848,1.1122772955332039,1.021472050297234,0.921526036790965,0.8070365022376791,1.2297248704271624,1.3213695788181212,7.308168002055027,7.760299202345777,0.9110975307748959,1.030121904364023,0.9802336089705932,0.925867374576228,8.707923941983609,8.581635796872433,6.7307686349522555,1.7770667473087087,1.7012851894833148,4.554422164801508,1.3486193784046918,1.8653855950105935,1.5117849907255732,4.84689453151077,2.0895692869089544,2.416795992758125,1.612753956578672,1.6298977425321937,2.2981824004091322,2.02615448506549,4.82797488803044,5.523156869458035,1.9462024938547984,4.327408387325704,1.0262197247357108,1.2106728099752218,1.9157093192916363,1.4738774552824907,1.0159776866203174,2.1441385324578732,4.058193997479975,3.9316654729191214,2.010561845963821,2.0619351707864553,1.9446575606707484,1.9342762170708738,4.289325064746663,3.8310178206302226,4.440132848685607,4.010271572042257
94,1.0467154352227226,2.137967079761438,1.3724242307944223,1.4322264687507413,1.757151672791224,2.9798055184073746,1.9877028971677646,1.7503972194390371,1.4222187892301008,0.9384658915223554,1.526581596408505,1.5029932183097117,3.046608966542408,3.9307480619754642,1.163829721917864,3.664861957076937,1.0245692828902975,1.0702072395361029,1.1106159363407642,0.7610927204950713,0.8419512741966173,1.2490326625993475,10.117309837369248,10.097072809003294,1.0598905282677151,3.404917209991254,2.3708180524408817,1.1839211874757893,3.0815340287517756,3.817962249740958,3.55180780752562,3.4538694890215993,1.515063522674609,3.5879974020645022,2.635972949065035,1.9285555972601287,1.5975038440956268,4.140798024309333,2.435644873912679,2.3624030473001767,1.716188151476672,1.3676459257112583,2.9511350112443324,2.7926015281991567,4.986116226064041,6.530575374199543,1.5329399957408896,10.243434720905498,1.570805534356623,1.32519342150772,1.51455620652996,1.3650050641444977,1.154214951384347,1.824952330935048,5.070028892077971,5.8842588478000835,1.669561892413185,2.4268560082418844,2.1089721522002947,1.615012632100843,8.923405795940198,8.7956398492679,7.534414588008076,3.3427471280447207,4.601084991008975,8.447105457889847,1.8827891453838674,1.904415574244922,2.8041465411661193,9.428589721210301,5.44529937178595,5.06171024608193,2.494135844244738,2.702723331822199,2.3930788665893488,2.2098243061918765,5.283838647301309,10.419433878269047,2.1858748496015323,3.710961955221137,1.7815311439335346,2.284690732267336,1.7755970711732516,1.5112749042600626,1.2052874008077197,1.914190916068037,4.205579371046042,5.311475819326006,5.267248008749448,2.287206214532489,1.8827847634383943,1.8480061826267047,4.594814960000804,4.4454674316511955,4.881558255874552,3.818429322564043,1.3765587784746458,2.1915052579970506,2.482333873558673,1.260083680108437,1.1938334250771732,1.9811012816717266,1.6274861914098437,1.690984592642053,1.4398115656604205,0.861597857237939,2.716929356665787,3.240694657961285,4.3808853697555605,7.781922844515066,0.8901868347948039,9.862823289950029,1.6102422591757204,1.031470173188609,0.8790884771769925,0.9288683464774294,1.1254946111876052,1.1913660766822431,2.962940479392273,4.036319962324342,1.0935078421425715,1.1060369795359293,1.0315367890143534,0.8646289525131579,8.256610621174332,8.190238222596236,6.828478199167876,2.2074591815908207,2.509372992790304,5.5412924266420305,1.4650690864073113,1.881069430964999,1.6790082590887323,5.506676738150418,3.0860204715281725,2.74323440680746,2.071420254651457,1.4371382494573481,2.3650699440622702,2.148812505765818,4.759959236253053,6.356227211654186,2.122781428624876,4.323165980167687,1.1692036132444628,1.4752041097381152,1.7168293270515278,1.5145690995268524,0.9604019578546286,2.1215340530034155,4.359809798188508,4.375784890726209,2.568081603385508,2.143872537999414,2.0460173109313473,2.067724330117926,4.464141500648111,4.492185660637915,5.493535951245576,3.7679488013964146
95,0.8920708351070061,2.1265169634716585,1.1690346509567462,1.2884942989330739,1.2492258174461313,2.971222667838447,1.526951717096381,1.6340765287168324,1.1088045575888827,0.8895918799680658,1.4159948186716065,1.2936946877744049,2.9920589295215905,3.2758579909568653,1.1620028017205186,3.472114505711943,0.9554447460686788,1.018361854221439,1.2075526174157858,0.7549312431365252,0.6340757681755349,1.2672338707488962,10.374652571044862,11.304642772302032,1.0482416037120856,2.944358086097054,2.154237750801258,1.1750400371965952,2.5517053436487913,3.488022804958746,3.148654694086872,2.7006872260244563,1.455775953218108,3.402244532480836,2.125427854480222,2.049101505690487,1.6183213938347762,3.9864033315097913,2.0887224964099005,2.4076786648947746,1.6646982949168887,1.264315487787826,2.8014839517709333,2.355303895456018,4.624599816452246,5.319528121617623,1.6974197897070553,10.211948378128,1.307152931985911,1.1811686454166193,1.582385793881258,1.4163826963340398,1.2308388850215124,1.9586726066336269,7.504069435526617,9.662521712016314,1.4865808680042392,2.1411448706203373,2.2907593483978417,1.7276143917115405,8.488223771564662,8.645815745694563,7.047526698443107,3.9808839646866545,2.90808100180584,6.45957935921615,1.3629476834466914,1.916307028295705,2.770874216366792,9.222114807926118,3.8615558041783515,4.117552842217265,1.8434322155371774,2.2519485755765345,1.8050206344923936,2.3667207788093947,5.251024274912197,9.638015006203204,1.5874742257437902,3.43658498422883,1.8635670567164198,1.4738791360286996,1.7633976258366602,1.3402158947428688,1.1162998080180841,1.6898175254027592,3.7927605881122872,3.9884558937046677,4.560794426652137,2.2009225212968886,1.6219514072872698,1.7310241964878514,3.4460195165593177,2.927551369793946,3.622617423388874,4.159948006417835,1.4915937840669358,2.3280776017600147,2.3013282229840115,2.0176876059849747,1.1763452184823109,2.264387302147952,1.4234030136321962,2.0503835507952317,1.5346041045631864,0.918146825824806,2.214610893133795,2.014720569604833,4.08300594517641,5.045056549533911,0.9114541882127014,10.215735106612556,1.4148900004329334,1.1088262128851056,0.9644048818699957,0.8301602233586891,1.3364863721108122,1.2728067003990873,6.956988492675009,9.564922656863928,1.1019289793239295,1.064432577777552,1.260754894474303,0.9327386610493704,8.176399509466137,8.585789837525226,6.749794452844071,4.40712659201381,1.7934439820237458,4.543275921605527,1.428803036105819,1.6907475655898452,1.641870905586984,5.665953736752272,2.3034012119751424,2.544621820561588,1.614317632629536,1.4020690432516858,2.203767406172119,2.0007247803732753,4.974225361365825,6.730698107276112,1.8504461913835257,3.8296448765322566,1.0810008825501427,1.1240053790970705,1.5714072360424325,1.3768823118880391,1.060723305272404,1.9376602140255272,3.6638958554249257,3.8207627076189965,2.4757439678069204,1.9179027003701776,1.9730341591639444,1.788833164027892,4.115834104595706,3.458845865679905,4.197117610601708,4.236726992530748
96,0.6092019284551498,2.455543653923087,0.9397511603310704,1.164230954600498,1.2672903903876431,3.4861454914789647,1.5143899363465607,1.345118260360323,0.881742947967723,0.6730827226419933,1.3222222769400105,1.2041472509736195,2.6685299235396087,3.2999071408994496,0.9877098927972838,3.5725409688893706,0.709870128048351,0.6709378976665903,0.9161693815258332,0.7133122271625325,0.7159704946388956,1.1265316788922064,7.2825944516807795,7.735205814242363,1.0162126127397642,2.584001631475985,1.9235356012359262,1.0465290179126896,2.4763096880633384,3.317987924674526,3.2539039093535393,2.5295949017163366,1.337074381808634,3.426937990298029,1.6174860938917845,1.6058104320109123,1.3970562104077544,4.155878807068802,1.750866789734573,1.91960892334464,1.4250461463234387,1.2119455150241265,2.3499304516008124,2.239792636828497,3.8486402372654993,4.85513194144005,1.5229402197292075,9.844042753684334,1.1978052898484748,1.035608327583759,1.5326552293117857,1.0925704991677776,1.0885736646741861,1.7566623137099668,8.589454577304423,12.294524145545438,1.5825787504581967,2.067678273306228,2.0875949630863033,1.5673305115342373,8.398945254157297,8.760473559959792,7.030545064480975,2.815792333421996,1.7797878717829008,5.560111138038337,1.3350029603316216,1.8150064370274777,1.5438152240676573,9.116633489611559,2.2536188716912875,2.8678540329565294,1.336845391051611,1.6073142533059581,1.8948242977785412,2.044829416263383,3.961845530284336,6.984818261116743,1.956864291059901,2.9188870867074,1.0017054910349543,1.0916252358583733,1.9946374304709025,1.3423588625300908,1.244947759914794,1.832919149819645,3.8354916505340952,3.867098999762675,3.38211918642628,2.1721318116760813,1.7990986780205276,1.9157886163156945,2.9309832552826265,2.985083541716449,3.6383055594342295,5.170857184566557,1.3723600377488765,2.199521576130792,1.2827741775254253,1.1265057298714964,1.0683968877174266,2.268978122401677,1.2211524190206546,1.5873954432663595,1.3724625082431885,0.8527850565087647,1.7299232149525778,1.7803786367949215,2.9245848636492155,4.0489907914889045,0.9626400949400704,9.530611268928624,1.0735166731592471,0.9582445522937633,1.009163692515358,0.6329236389319703,1.166810133781837,1.2917738488340547,8.538899879567907,13.14427451143274,0.9167347611764853,0.9654773845113596,1.107542662339256,0.9573581075983384,8.716792195627932,8.061493574132328,6.286241916313884,1.8316820137442846,1.5145375655265525,4.737698181997985,1.5189425321295857,1.6967345727607608,1.4193828537827358,6.446704675909132,1.868535706307739,1.9405870261834934,1.345027492789086,1.4540203846991062,1.5427425096277148,1.905618075397797,3.854258917272091,5.774459888925776,1.6801281744847074,3.8049613940529525,1.0471709247212857,1.0015202569775283,1.621705770958215,1.1720945258275606,0.8735341252759099,1.867242724983953,3.8729243678972125,4.121483012568206,2.298045641509816,2.190476021496579,1.6993285826174542,1.7429518411518075,3.3907292236108333,4.183218581601977,3.5832072026096284,3.8592500786762685
97,0.9747731892275624,2.468174701789394,1.3254347431939095,1.6068257100414485,1.6285452293232083,3.663551469799131,2.042944834101945,2.024538043770008,1.3342997190193273,0.9135079380939715,1.6085774404928088,1.8574251589598134,3.336395777296275,3.504765030811541,1.3103415330988355,3.67305229883641,1.0254902445012704,1.1323858707328327,1.239393459400162,0.8871468817233108,0.790967809734866,1.361186645226553,10.573409614153206,11.07054646126926,1.1681204341584817,3.617470181779936,2.8599709476111457,1.3853591735824011,3.226512431865558,3.8091965834610164,3.39972841902636,2.9793978319503367,1.384811266689212,3.7128289986867458,1.6078460957942298,2.0923259035043884,1.4369658802024787,4.253145234542899,1.6877762591320788,2.3570141893287655,1.5181751186901238,1.3799987391394097,2.461024501826614,2.9812832071911544,4.068122972967103,5.5503367620985955,1.631677459954517,10.269530233927071,1.2867031946370844,1.2386132275423734,1.5447303267137613,1.2420686707628192,1.146615843026666,1.9358440331416205,9.267998146242462,11.652457556920126,1.587495549756568,2.2907335878699087,2.337173882551724,1.7798453045543283,7.996469284989871,8.688625181093812,6.98503665626049,3.894324407156091,2.6938381161016878,7.246038585435599,1.3006940498598851,1.7218679349753074,3.2224196183960885,10.062901041237637,3.271929526817985,3.645495256932918,1.71715767828573,2.4709749486646615,1.834255001085694,2.0076546134077944,5.568490421865135,9.824467968428507,2.150679676560685,2.5433898881601635,2.1013724835938774,1.0752407324616797,2.39881691231858,1.2052580887029762,1.3388534189289203,1.8819215019902913,3.9415224637195934,4.245980337145738,5.9510859864531085,2.3333591052505653,2.4210734009102453,2.0015175941807684,2.6691699677030556,3.410226388950832,3.6133659923507366,5.1692870547412895,1.3418224712040683,2.2323576527014666,0.9859063345629693,1.8209058166576142,1.0734130521541374,2.4383503823628416,1.1874278623054124,1.7483266151430144,1.403657170385486,0.9363253532228555,1.7978793089241663,2.238077184301801,2.74846352658642,5.395198466430884,0.9067082135061355,9.585754974978045,0.990532982541481,1.0439291851298549,0.9635652145334461,0.6660224208872023,1.3006695764943288,1.314667542146708,8.737145728446194,11.638860059974832,0.9725158054152416,0.9943368955873666,1.09914788322385,0.946814133612861,8.336527103892877,8.17726005516306,6.984179201936058,3.8543425534953712,1.4097444363869727,5.563755519688129,1.321798401477281,2.1541620226344094,2.064212429104373,6.4809496980160475,1.9154818874085322,2.4165615322999656,1.556893010274507,1.7646481646806933,2.1384496794780716,2.4479000421706587,4.475234425626695,6.420339166652411,2.306684502400458,4.140007513342425,1.341525188763626,1.0379601299064234,2.422453893814236,1.2951368626090698,1.102365342376288,2.3255146807059646,4.055627738125622,4.705253057181835,3.1256894289981574,2.091234564431943,2.3603329027537256,2.2049945837352425,3.3590536913834512,4.043119552079588,3.977006155764684,4.429450666066259
98,1.164304769190494,5.391052080085501,1.2486429259297438,1.7677912110229954,2.2137940759421326,12.662362889386714,2.18501991184894,1.965684728929773,1.6826747742015868,1.2611761194420978,1.7187233461299911,1.9950910500483587,3.2354575232602656,4.198395501589403,1.3783289105049334,3.65787060582079,1.0501875513000414,1.2972210242878646,1.48711352085229,0.9385395242134109,0.9668486927694175,1.5435388195328414,14.913249528035522,14.004514086991549,2.640986000187695,4.243019764544442,2.7386912261135876,1.5067639615153894,3.0266290705185384,4.081260150996968,3.741697029909119,3.8522784307133406,1.8346349024795927,6.094391195802018,1.6699665611668024,1.9728959014173597,1.5968886655173264,14.365604394697584,2.0825820029131137,2.394487579294946,1.8391595804132521,1.2969977524335263,2.9477906064130366,3.780799073865637,3.9913628206704743,6.150416171294637,1.5117324801394716,9.508577873930335,1.3178311764932005,1.3976857499073958,1.5462442279385868,1.256198267583386,1.350662392724189,1.8456333491485566,8.711828879313543,10.157776909181848,2.8347645893518347,2.226946413429687,2.221305419880082,1.5853181757847778,8.28942125372123,8.870793739333749,7.0196944288909435,3.783760555961635,2.120720353559591,21.92686646594666,1.6565316036576405,1.713169094728073,2.762222819001181,46.4499804074876,2.9474576258508023,2.7905049901164602,1.6854264940775465,2.2500847044284455,1.9716170900210273,1.965482553714537,4.859318629314657,9.008436871226877,2.0825078318011947,2.6693822092056507,1.3400993466348154,0.9634364732846734,2.0228287030477077,1.4011209750606213,1.2943653964612167,1.7689163560135057,3.523972765833605,3.682184727949789,13.685192316188477,2.865409289370291,1.8832058576663258,1.8749800638033776,2.8373627574183047,3.2977961891447194,3.511101778713055,4.419531182065839,1.811975476812222,2.948312457647262,1.3345599886633863,1.7822665458879783,1.2707608946129767,4.460870942239126,1.5050771128244378,2.112740549364389,1.9032239483749436,0.9962389372049074,2.4924353192545823,3.2174941984521865,3.1012494318929384,6.451766666941694,0.8874504103459913,9.729722631163895,1.1172947247359843,1.3473300814439426,0.9875476973775221,0.8455224283352436,1.5016976849437924,1.4441713058204186,7.260154290634091,9.05141686052957,1.2393735298701358,1.0091918782109133,1.1723254938260652,0.9380730793964176,8.108916706987657,8.476709546812344,6.5391879543312825,3.7797246941408957,1.3100157520966604,14.417780796065927,1.56061198504176,1.8673236481845379,1.758594677085057,34.60821229964495,1.7550791089888662,2.169648723793216,1.3898688048357144,1.465828434447758,2.1350469323806465,2.1505769109353423,5.4095740197226405,6.295491970377043,2.0144928857916966,3.5199518024455756,1.3147888166713528,0.9623312507756054,1.7934219213202596,1.2594225918292068,1.0703437801566906,2.0311720145400614,3.85279962210916,4.377570410724729,7.582060236018151,1.9188420119462535,1.8566959188319743,1.8639968620846048,3.460189269389957,3.7572668807115406,3.7051362451165915,4.3481508328113705
99,1.1214831538381986,4.406292486237362,1.3418131056823768,1.657522821915336,1.5907615670585074,11.611627298407257,2.0702126348624006,1.8282922974321991,1.284343801671639,1.1194685866939835,1.5966974751790985,1.7531026678625494,2.8780419379472733,4.164039652096108,1.253285699931439,3.279630356701091,1.0033109028881881,1.1871959213749506,1.4051682373974472,0.7492275835829787,0.8661283281981014,1.4285271099652164,12.85311410902068,14.136013225652277,2.1601562038995326,3.3838778908830136,2.534249782911502,1.3385914062382653,3.0926484032534063,3.554697352228686,3.2173100335057825,3.7418710999190807,1.5447044424945489,4.5453048223862424,2.042168413026957,2.34018941046088,1.383433476803475,8.509544146363623,1.9398833101149648,2.3822766925150063,1.5987291808414739,1.228614717547316,3.1378662170027383,3.7876972928643227,4.601378655934241,6.960065147723071,1.4931576988601591,9.561269835103303,1.459218572563259,1.271726254344685,1.4999531376815867,1.2943098117830232,1.2816115195164457,1.8701867156778462,6.343439788906835,11.708608886692673,2.204111933679087,2.167191370972432,2.2040155345166568,1.5741308525321074,8.493205517879687,8.417296732659452,7.334185953368433,4.3992746286676265,2.5286537893407512,16.30152206053026,1.3172627623134758,1.6460665483464254,2.8207957548147533,25.157280353596434,2.7490845895954408,3.231871891330229,1.5370765104307793,1.8646141306817299,2.5191876338794827,3.6149157531326637,5.5798341272748075,14.985449612140656,2.7274742897134274,3.0649955515400507,1.9365235639270395,1.400283481416409,1.9360582846275065,1.5651320809411118,1.1860511931445217,2.3221496849146206,4.303948604501784,5.444504306069575,9.061683958861977,2.859327370970277,2.327895232156152,2.4136664251273032,3.488761114567751,3.5307560756336898,3.0431009872700088,4.666775777877774,1.8144161326745234,3.2706143229006557,1.9809419591183541,2.512233988909429,1.2814776853247167,4.4959241390643,1.5235018759085506,2.343804596875998,1.8064938026327582,1.0084853340686095,3.1127474267123034,3.6409070298759616,4.614813168700493,7.3622162444735295,1.017796882933908,9.868394232398714,1.5296775509341387,1.3126516728334536,1.0058932939500664,0.954860456431561,1.5961142883043067,1.5515851619056775,5.2878248388879,14.738768586539663,1.4554005254012736,1.031622884738681,1.469722573801846,1.0564043104750453,8.323730951815378,8.058702818743768,6.921349784533959,4.592881582539121,1.4533940266119316,14.26699012517929,1.4431046292884275,2.057991034234874,1.5844706795178354,35.005407175049186,2.1145174687262625,2.2099618654465303,1.4923197159077972,1.468460395699367,2.412499423371628,2.5024033966474235,5.1118390110787,7.701217196881771,2.0621784206014127,4.230331804137677,1.3045462692389265,1.0200431497651152,1.6804126789793372,1.4483512059086934,0.9253160023945384,2.010561089264229,3.9202425978146493,4.4890824356116354,7.279655779711902,2.3203656601253897,2.170958905480802,1.976560684852302,3.565126651665196,3.9170947566162795,4.025931004434824,4.08514667651616
100,0.9638915362302214,4.301270324504003,1.2958199586137198,1.5309916925616562,1.3947367842774838,9.253182215616107,1.8650003476068377,1.994264093809761,1.3157144567230716,0.867247894348111,1.6734139790059999,1.508847766672261,3.4450541279511526,3.7164998648222536,1.236882475495804,3.2586432062089443,1.0105592518812045,1.0865542135434225,1.2247598788235337,0.8106501700240187,0.7887788087828085,1.3548649003496394,9.164470131509006,9.321059245849028,1.9869441748596728,3.0388160375878215,2.483619246049784,1.2454776078811847,3.3614246058277786,3.9061674615368247,3.30929656047374,3.1763849838171154,1.8097270112775732,5.603486803011037,2.452460801578127,1.933234994794475,1.5625470387021778,10.729547269875184,2.18721256533172,2.4099063957692124,1.916419671033509,1.4843953777017305,3.5392882127780467,3.8661254147882573,5.310777087288443,7.674167398363352,1.466059364247485,9.82676433341112,1.6802439677121583,1.4172827886795858,1.4000501196278492,1.3680545071110828,1.28750731528271,1.8899865663115634,5.186863651033491,6.513677399198059,2.5060090119950473,2.128530333720846,2.053649923254852,1.5986873313522665,8.401180675718933,8.467303006909788,7.263707055244595,3.96800680027809,4.528978577582166,30.349080392625183,1.979910819500219,2.3027241513773333,5.918625785852782,36.9843328371644,5.813575626234524,6.3322180503746495,1.5876195393502712,4.294959057006054,3.044292712729657,2.4319851654581726,6.014091573888436,14.80075455037877,2.9507386207114905,2.771083756670123,4.250246340234298,1.4609580575779546,2.1293144527589902,1.638713949432713,1.3733898413192946,2.157450366212288,4.324826135416515,7.222540589282289,22.256316151469946,3.1079456603038125,2.212176885223016,2.4179455103876535,2.7799695017165504,5.217645870288834,2.9753729395451955,3.5274725305498578,1.7840062341747398,3.056418448977638,2.218767150225176,1.3926236613315268,1.2316649856529693,4.401944882829412,1.5220183609017113,1.8890322785409808,1.7499237076208374,0.9182794090065727,3.564477035070013,3.7347224042605376,5.0078855147148715,8.838162953907158,1.0121598904788698,9.415697611984797,1.6351040226254554,1.2734121446555946,0.9548410650950245,1.0554665807376296,1.458521118365752,1.3824871084580082,3.8674423603879404,6.410823597434501,1.452491049803939,1.0812069826897641,1.1575729370179033,0.9533443104601247,7.975990398335853,7.820645227184286,6.559729383297963,3.319094291782676,1.8568672239780426,12.961199099663645,1.572939450852573,1.9948028348153457,1.5433434600709006,24.94972280692309,1.81297016388271,2.289678974193521,1.523953746072948,1.488160174631048,1.9394716946408153,1.9933718431275338,4.6718185767531395,8.127911598421633,2.2810909140389413,4.169762250967324,1.2179889163235202,1.1008603250957094,1.7914962882059626,1.4325861993711442,1.0097870690515265,2.3475883062928915,3.858225391013548,4.077913821674883,6.351248826831579,2.2578406642423943,1.7374707385897636,2.0126086456002668,4.157611459959298,4.42937045590952,3.9574794936925173,3.938617795938626
101,0.9999843314290047,2.483977485098876,1.1341904901200905,1.503558065451216,1.5864774977671914,4.383006686111912,1.7574171215528622,1.822124126192648,1.2350207543931901,1.0428367386339232,1.629463949939236,1.6501902136951685,2.9553132480941713,3.5725566558539867,1.3428108795778826,3.4646076092030853,0.9790519216039684,1.129029809817439,1.422935863956809,0.8298181346617639,0.7944211356516462,1.4893300976837054,13.680092059075832,13.060391822364181,1.2365637085167691,3.603237375500612,2.7442170394351706,1.4080554319662042,2.8672642656601965,3.8420040509663522,3.258403914514929,3.4853325196309015,1.3421754811133724,3.8931632625462953,1.6468961657665204,1.5601679515384603,1.4110005049587926,5.480635118146893,1.8223045153717976,1.941450587764848,1.40060387639096,1.2102507789677475,2.392556081758812,3.2549428797210567,3.682713722810149,5.057304450019728,1.4876403693051543,9.371512176585384,1.2409793507686118,1.1074817793996772,1.5323074094339972,1.07981572728022,1.0935102654912043,1.7210582554980647,7.284052218892612,9.543061998556368,1.6672960264259018,2.20945857836341,2.062751053017564,1.6116160586534534,8.579433269915171,8.262550487415865,6.9486817956203595,3.168607538100332,2.040559838860645,10.067455194075592,1.1234357889406965,1.7482493458373938,2.0902131855109474,17.19300655531697,2.3628226335858926,2.7475682472868357,1.4935952222003834,1.8614137024997035,1.9187030957255047,1.6196489250432933,4.836468659050297,8.135917873005383,1.8030023984465515,2.749985043919878,1.3798929976474028,0.9757344787431066,1.7191884562635096,1.1589191562961787,1.1015673298970796,1.4845358819002286,3.5128222189086955,3.92034149626852,6.6562231368152425,1.7887209232867463,1.7730982272041729,1.7705239279166562,2.5425980711588636,2.836205097992206,3.2481559628649848,4.728997468191665,1.36745725626497,2.3039380034788337,1.0336089374050061,1.0547531378506392,1.0937386171008256,2.6742815612124105,1.1677756820063223,1.4721767288392584,1.4218976102711167,0.8610304410012759,1.7794850568861875,2.4094619616334967,2.360083329222107,3.9142165328485135,0.9072311446516323,9.360396677948302,0.9708382326607534,0.9354576602618181,0.8778468043146859,0.6232762165154782,1.2448115671759297,1.2949644783475378,5.766497004515259,9.192030711346888,0.9988888905354543,0.892838893832959,0.9527867510996657,0.94359194702065,7.83363422488037,7.839585618057754,6.292551737715257,1.8371459459558537,1.366097349091433,6.633110489929095,1.4217469579307362,1.7437072092434391,1.4430133669520728,10.972779302392155,1.7095552175305784,2.121672485372983,1.254162663826719,1.486875546106603,1.8364403513260186,1.8303791584912688,4.074553027749062,5.412639264250174,2.0831398287555203,4.036002443172038,1.077471715689171,0.8817271082079969,1.755187702656258,1.2755494681186974,0.8697003868292086,2.0811750000575557,3.7655680207535625,3.933177940780297,3.2772217236924917,1.976184474187903,1.9617163779912516,2.0134349761065096,3.6758723144885153,3.563132951967418,3.519686550134793,3.835907729808241
102,1.2574299835250713,3.1339418492279947,1.5583006097585894,1.8887761980295181,2.8043586571584456,5.577592441113666,2.7689001290127635,2.4868611217243597,2.1595460129901767,1.2889855170215014,2.128866224666126,2.0989314652979374,4.820278787519783,5.993474187562242,1.6143583852681331,3.787845285842195,1.2698068021563813,1.4176031763781793,1.607861959200818,1.2779722674167715,1.244445604243083,1.7833410820458084,14.975505037000403,15.049252862809226,1.470996328862384,5.74971035530325,3.638297101133503,1.7148754122899845,2.901205967646092,4.25382811226882,4.079458391061053,5.2546842489391565,1.3474704173859209,4.554443577944767,2.0845405051659327,3.0832223637844436,1.6389896863984177,6.535866057674866,2.212118273746455,2.5980625105148647,1.5498815500905039,1.3244164802017622,3.586259361327393,4.933671836624853,5.094350723084062,9.127346027526073,1.7244461541849887,9.530721625196747,1.520167477792711,1.2823728920920985,1.5314417687477544,1.598806327820057,1.2242033935763175,1.9360634505574126,5.599558549874928,6.010521319694817,1.978794145543361,2.5069391522265505,2.331089028302813,1.7782716004148824,8.564550676965155,8.648219329188578,7.326844541239552,5.511452756763902,2.2535212265211158,9.397047251695767,1.3137642126821447,1.750940095007536,2.0306001642893534,15.832559030968696,3.155852828058414,3.1226924947986845,1.558456635393668,1.585081487064599,1.926430133607937,1.9287132963654585,4.22299876663601,13.356847979594022,1.7704471174511127,3.455333979218267,1.109736536818673,1.2974616838619113,1.54904400005762,1.2540613724922878,1.1453953629825264,1.5906679054751294,4.025181391625665,3.6139186668151524,5.29734948213445,2.1856124712940073,1.881342284832499,1.6775033527665073,2.985684204759309,3.1008063779154327,3.687345360958716,4.782769792655017,1.4190358276664483,2.7513730224200117,1.6655518475090503,4.434695378222386,1.21769534825944,3.031772160284163,1.3514233655769203,2.7411310843490355,1.5190277158581011,1.0234487497200462,3.0753447572351433,5.007859342185839,3.886683281052683,12.032101802105899,0.9282621294914861,9.39468810611288,1.3578221555690106,1.2053775699314428,0.8787385536379588,1.0310501484127599,1.4983676430802007,1.2813211328648322,2.48898151130561,2.6062838846883096,1.2039933947107784,0.9973850455935462,1.4997592929830716,0.9052625714502938,7.877289690441103,8.241456764153554,7.015484793555515,8.058765763053088,1.4865652337903157,7.266010157763958,1.4564542871084996,2.0492003532126546,1.6425484645878896,11.14650594536215,1.8322696851100773,2.3376672907033935,1.4774615774513222,1.450545409170445,2.4544656043872237,2.1216872992226854,4.78326267329976,8.447856467682868,2.481358635122888,4.240792826749384,1.131566517869942,1.126050170569215,1.77583763434086,1.6341237715096213,0.9363006902276538,2.3639021383132786,4.3396402325015515,4.472989588975906,3.553435526555404,2.189402759540826,2.0929575694026425,2.3844374081818387,3.9778570644557476,3.836662450339645,3.709364536916837,4.088163579581305
103,1.376132080622483,3.860124998027459,1.3098278432153165,2.004397836572025,2.661054691998288,8.005613111890852,2.3724407219560817,2.2089418198447675,2.2729966149199754,1.5141546391532756,1.9868140516337007,2.0370079582789913,4.135225404752418,6.035728089045733,1.5672007066314109,3.8563051784876734,1.1594407187658362,1.3938681222498417,1.8242419173475355,1.0718372650444508,1.308146966039203,1.8956770145450719,17.707580322166905,17.998203344177455,1.8159834871767089,4.977066855644807,3.3493217051727697,1.9225841242587194,3.1812814995646477,4.087626235559583,3.7891204410698265,5.255707481410354,1.4527142266160809,4.685892250563484,2.0520011785265524,2.5766977669263724,1.6009603714337572,8.359461251529865,2.0290048742026556,2.4367807382077444,1.5629632289346773,1.6649758636049228,2.8969081431569066,3.3812555157055613,4.812949053302873,7.804018401657231,1.6074456725618802,9.484268593951128,1.4940950695745414,1.1648623913060874,1.5909462854324374,1.3256744714453816,1.3029433775955113,1.759183787726215,7.623977930052206,10.344091424485669,2.127417566953227,2.3848580858611967,2.0736538754135836,1.6491035639774054,8.051925324252807,7.948565034894273,7.018692223937251,4.476928421354387,2.4242362815130036,12.377770472085103,1.2418000205798307,2.257711679703789,1.7001686537696514,23.253917403053492,2.9812971224600915,2.977569110953482,1.8531408841226948,2.250804209324997,2.542040318076033,2.1134018170414492,5.2293097687652335,10.976879566442221,1.875927717264858,2.6026659270428354,1.7295007346547209,1.3321445121619035,1.8545774473750498,1.8867767994379392,1.0787792798510054,1.8556213544798084,3.3629707286308985,3.6617351870518178,7.186506642028689,2.715324819291709,1.8452848999004345,2.0225081098033115,3.4565116147859953,3.0043166516406927,3.5269234867882915,3.787521087360801,1.4171536442972865,2.8800314134969085,1.9320828964737302,2.9884338491683593,1.1804008399849408,3.5283600705042772,1.3275349315335916,2.267290879444772,1.4797253334108973,1.0562990944436024,2.6497394019315834,2.9042682244835305,4.197395736809995,8.569567180529702,0.9907228069323537,9.721206457470544,1.4175649594108108,1.172772284689927,1.0406140922896157,0.9086255579404678,1.30646209686347,1.3534686579532718,6.229641179743339,9.780389393199584,1.2766937347805651,1.019011230482647,1.3422849656308244,0.9775687299224955,8.399392505452852,7.891868008300662,6.167452052977751,4.315407875765231,1.7988865438383073,7.974857115186751,1.5311304741771892,1.852246728958562,1.696575214737095,15.875381650403142,2.207380108302459,2.3195475077955052,1.8915017717517912,1.661481088376604,2.4970433732960373,2.295510479598306,4.827845026738942,7.251488306792453,1.9800558657152578,3.825604362646118,1.4236995339160785,1.1877795332111418,1.9432060362305492,1.6827071303850971,0.9464230824960396,2.161450174753554,3.7808706401847303,4.5679785253014416,4.18500040541403,2.1065636829007417,1.9104773382423446,2.2824917396064848,3.9168024086393416,3.546227584592998,4.106489242985845,3.887433820636943
104,1.03152530209627,7.842816645279527,1.3949490094091743,1.8215657764812931,1.7844098765635863,17.964574857614934,1.9276887614978477,2.111691326717846,1.4641872476204298,1.12153127338388,1.9623643602244556,1.7525647272123024,3.597711998736486,4.405681014759466,1.3646147781400941,3.429575910558924,1.1102794233011082,1.2353722850093618,1.3143049436621368,0.9768901727511548,0.9354438298032619,1.7227169155376032,12.497076706495136,13.185648887883872,3.747415932593867,3.817392309429124,2.9560372058767825,1.4232694229576737,2.887890732381493,3.8640082348138094,3.515059972414747,4.0024095214903355,2.2187835165823344,7.554578085546382,2.121525234542787,2.3888530777185224,1.6735443605284672,19.27004216122441,2.2773085220251232,2.5020848988788202,2.118007640092401,1.320805598879815,3.176508569595171,3.910405735950917,4.590941498463508,6.932086194865406,1.5688221501477528,9.179012544336729,1.5534996200585738,1.5924828512652311,1.5483061488339445,1.4141669653326971,1.4395827074622503,2.0128164687776007,6.141700854641385,7.945735109387897,3.815231186308665,2.376338372414466,2.0422273300937377,1.6563598492211895,8.672726500662975,8.656444595544599,6.836977481725626,3.9948759804246947,2.9695586636080407,30.66683010547422,2.294133424584288,2.1968270411889534,3.442338918830501,52.16106987791136,3.66214722089353,3.972158614487853,1.6061104524851544,3.6757461239176337,2.8568357847689185,2.3985760744835716,6.774031193344854,10.9779360354878,3.0647297753603198,2.990494162077084,2.631264613228268,1.1659951669571456,2.0312754222686635,1.5270290969056077,1.506189075371367,2.204223826993257,4.61210441426374,5.587500592810102,18.236883799545467,2.5657348487584386,2.335410013984074,2.54704593680799,2.7884007613465656,3.0569788432330824,3.347993959323503,4.761236712511163,2.412210209058685,3.66145454972866,1.9592665025811584,2.3207022509268427,1.5926738913094596,6.598346253213094,1.820822211811901,2.552780931637244,2.5207876233253046,1.0119683940956747,3.168837827615789,4.104719209863106,4.212932372865907,8.208278892197995,0.9484307720413199,9.40163324958121,1.4523737399940728,1.799518146299306,0.9332706365512422,1.1007970485934493,1.8450008258241724,1.787040508361315,4.145536724536214,6.096411960243131,1.6858517626587854,1.0644709382177098,1.1472785170099087,0.9412277042883943,8.39516243104299,8.225295627198648,6.498410386484466,3.4944041030939843,1.4912290062056854,16.76304341526702,1.535408286144957,1.9864464120473713,1.6995971818687394,33.79888134077191,1.7586377944098786,2.1240507921902463,1.2110147144994698,1.8660412970348261,2.110605390043929,2.234013154520653,4.613299708580598,5.3597014339175075,2.1175427973503247,3.5949569137301296,1.282683908357285,0.9030065120896325,1.5771693142596632,1.4288403326645494,0.8634496916783974,2.135807546437718,3.421780129428953,3.9035907830111682,8.795201661996543,2.0497870282270014,1.9198163645341992,2.08380856201984,3.5597379610408098,3.778742131544277,3.159665036946535,3.425703733228147
105,1.3655129878316075,4.352465912234038,1.8382092166575603,1.7904510095831938,2.6106598888873123,9.484249167144299,2.744984725723043,2.345093569601886,1.5992993648978882,1.2907302807434462,2.087034532451071,2.0798590339836664,3.935783199267462,4.773534572450444,1.6795185438240878,3.8594314828515053,1.4080385917623062,1.3316750191734172,1.6390458258683793,1.0507620172575116,1.117305517254863,1.943060997291468,17.040020116837695,19.16334981797263,1.897310336062219,5.5159407638711855,3.727504168637097,1.7516300140414387,3.2385266094934195,3.848570107948035,4.043889755848795,4.872538251220249,1.3994325090607163,5.020345764933154,1.6420876327174483,1.5691001808590954,1.313294751525973,9.702947914774995,1.897390313388314,1.821519275836181,1.4494479673885508,1.1129254889965523,2.3251154452736955,3.161204880598234,3.517411620123312,4.984416867955588,1.4488811266346602,8.64717703370843,1.1255690096731996,1.0683937816793332,1.2975990866834763,1.1655242178676417,0.9707987810543273,1.6530184911971446,4.820243499125354,4.937585414154455,2.2480866027763113,2.0766929046658333,1.9626224566309247,1.558438096253667,8.336272279848345,7.7217718353495,6.856339270598255,2.5016340186994057,2.353249303268967,33.203754559508525,1.5030124777695164,1.805080843041651,2.627859612402972,72.96161248814315,3.0465003692370374,2.837068353983341,1.3305856246006442,1.8552648107288405,2.20521563096554,1.9718858657142846,4.116974901990034,8.145090308971703,1.6289548002532683,2.193563585024094,1.2517342656792607,0.9204290136040072,1.8491965674911626,1.2865649796367506,1.0432789340484305,1.4565345190931112,3.8314656558213755,3.8703318787156604,20.994687016354874,2.917116988101043,1.72214819212968,1.6913225863390835,2.820214045641478,3.085869935603114,2.821401852997951,4.102857710677199,1.7488664148004318,2.663678881162923,0.9568522423251125,0.8844954038522701,1.145397268828674,4.577751245960826,1.3407131823441887,1.6382850278660044,1.7190033113365644,0.8742374144503628,1.692789199296385,2.497816652066831,2.4025779421208426,3.9391366344716516,0.8793671008788806,9.245675276360998,0.9283323679483146,1.229513475436761,0.7980266361755639,0.6941798141042455,1.1902624553385976,1.3176362858757784,2.1672720290553116,1.8092730540502089,1.1016276921509416,0.9317700186102229,0.8583262655292856,0.7977834293342312,8.034787626456819,8.288897039165022,5.911189161452057,1.3057640826446004,1.4573085645679384,12.837604386731982,1.6727025213185698,2.1990560926496983,1.5499556757276878,28.602265752851963,2.0269533415557817,2.1748767176177353,1.2638949701795354,1.3376303541008383,2.3568977776449174,2.6402966759633273,4.863983253017068,6.0275428695604205,2.2969991114223376,3.8766583311371505,1.3087245097267441,0.8953193173510954,1.694876147666946,1.4296444278443232,0.9869414061540738,2.069533773465082,4.440103599335998,4.611069511156529,6.076091143768281,2.1008275070926175,1.90973469580058,1.9548336567822844,3.2805242226459086,2.993465110193938,3.750773146748543,4.207928141113371
106,0.8978167388704605,3.5222714068368077,1.1077017989009619,1.1938011593883857,1.6690511765773408,5.738206091336906,1.710075572191272,1.6339317517122254,1.1642875542747788,0.8013788392418064,1.1400944567867555,1.5193753933999687,2.4780016974546015,4.131100722588599,0.8472749395878054,3.0561496678274125,0.9351937987958081,0.8125288550218102,1.1423696560086682,0.6508595106424764,0.7824627828085795,1.1025873609469272,6.237658177269623,7.574301154818386,1.6944110102485865,2.5525804521748796,1.9639567690319382,1.0984871623804793,2.7040659042540938,3.213617019355297,3.324080171296373,3.1634160986868665,1.4763169710931834,4.171177220996469,2.094209001370473,1.8550396162027027,1.5166491684794892,8.215793306590058,1.9302939690533094,2.1461684882524423,1.609250630281167,1.4008884390932508,2.945033866126323,4.227468925819267,5.208924747421406,6.7527720966609195,1.343756382993888,9.644323698012158,1.8230112182209268,1.314183416980086,1.438373114069691,1.2907980017189402,1.2011807139060693,1.7226103627763223,5.8957022411050275,6.480824027676135,2.0202317064104136,2.0881806667603087,1.8869883188017411,1.4266543621488381,7.54584078094922,8.083558379439637,6.863868911750615,3.512051873258315,2.4185237525671255,26.020853081718087,2.307395880052354,2.214830801676726,3.0984508084657136,26.296942902263254,2.6598926706355996,4.006664312328212,1.2955113852513023,2.867204097128706,2.3193424494820647,2.267700980155496,5.4246296640485525,10.94056511647068,2.0810465539398137,2.2922423122508917,1.7624987831368344,1.2205528173581115,2.1234720552456565,1.0091575441038003,1.0879697792915977,1.6356623364117695,3.991796758782584,4.540802736300975,17.4767573189456,2.4333696346729994,1.8105584695149446,2.3601963075634558,2.2666323220619233,3.762564123462653,2.80530760937836,3.9088399571483023,1.8927819769487542,2.6954401350849366,2.1317140644896426,1.7138264606728626,1.5041653687148937,3.3133847550743667,1.5902673185337335,2.0482790218920854,1.8368775322414876,1.0079088713155215,3.4124057237931993,4.540304316833499,4.599257214977115,7.968955460455618,0.993015330095659,8.656793939735508,1.908225712213607,1.4429926127377257,0.9370678935738397,1.0574923264812242,1.565466483043565,1.4619915364164626,4.371053232716804,5.1695160636882065,1.2493688641370682,1.1742695107841428,1.118929778385791,0.9039561509780469,7.675891873077489,8.193673977075377,6.352176027576206,3.366127814842912,1.5332281254814006,13.332983362488449,1.4098391402512789,2.0867160928901285,1.977783023903612,16.109692631289363,2.2045882215024903,2.0949320605723187,1.2939254665980116,1.869644969701767,1.925412318087183,2.20288748096209,3.637095171143301,7.233043375890702,2.0075846259715036,3.7074254360049963,1.1395615729270503,0.8817172856652178,1.7078593227779493,1.264249614905566,1.0627066003507935,2.160336443921551,3.498484700685367,4.33653627987951,7.139601919334382,2.5061510095838457,1.8453909870004281,2.195246022893116,3.5542964469641447,4.09265561029315,4.82295808615163,4.393366281874478
107,0.9257909987354651,4.40800521755591,1.0620204120641574,1.305294907069765,1.4697130900458433,10.174808674491942,1.7597984115127474,1.570883789099753,1.2555858120322227,1.037446767440997,1.5841793356230482,2.174703258788213,2.569975156802684,3.500545077258721,1.1781077773775905,3.2625052554067224,0.7842103732400574,1.0794345507747494,1.223425759235397,0.8668669179314747,0.7012224014033563,1.3414226850727573,8.625515270978212,8.386609668377787,2.5463194033363834,3.0404628050746396,2.111951500410214,1.2485430997912772,2.9687175119761378,3.7843380123376846,3.0488537449855357,2.7135488053318113,1.7130952946899924,6.1234216336742975,2.0993738689867314,2.1596409860649146,1.618609603610821,12.941968307131901,2.2356257686624303,2.395794159383513,1.9026959998882376,1.2603336144820787,4.4676629913738,6.921348482137546,5.07944719720399,6.2130886217346415,1.7022701249516103,9.947179845767096,1.6753990967117716,1.4194149407558143,1.4010088434588397,1.611238025361672,1.5167791716521606,2.060442144284025,7.321075085201301,8.337175924680196,2.9112383417668752,2.471773146680789,2.1140293538337573,1.8067207220155979,8.842165232636034,8.632187673356384,7.063236305839382,4.520642796705943,3.0158277513692155,27.618300053291023,2.224626725364942,1.8640761973074405,3.4302993153687567,34.70241214381531,3.5707485949387774,4.509214602876455,1.7353522671328392,3.7217485951259732,2.0204833454045,1.6396549144701567,5.971212129225023,9.771840923349373,3.4331338829360902,2.9751285292149987,2.5148113272734918,1.2163108949607704,2.4506333975296,1.3928634380135918,1.2963589288119692,2.5791524021769874,4.097436474694405,5.116806387377437,17.82649668166414,2.3418052624037955,2.6399802773084957,2.6448932694620453,3.1207859101414215,3.81957930221688,3.6958619493816514,4.446792641829234,2.229680618711427,3.529894690927904,2.1625834183396364,1.8037405918676086,1.6525859964531264,5.375497809836816,1.8237582971778465,2.3197867385533755,2.282328176079318,1.0576430263427028,5.085852460069873,6.916855691088131,4.938839590067801,6.1771504806529265,1.0679308875296556,9.390036002514535,1.9198667380351253,1.6830514018693066,1.0123261142780393,1.3023330291161983,1.8828645647772646,1.7470121283622575,6.429978440792183,7.262301582159125,1.5396459564271936,1.2843983122365898,1.2692657123807294,1.0653994420408708,8.318018457430298,8.107388797725434,6.892976505696424,3.7268524547471316,1.5383524005301297,11.267137480899692,1.6892301209736615,1.9680061959661543,1.7521581030450761,23.35371624212712,1.9449492247076705,2.265175644424744,1.608527745702304,1.5594826109008864,2.3529067839263007,2.2455819707829505,5.380404938478023,6.037843209924176,2.177583970478736,3.8529867015313357,1.4081567205721512,1.1038905649911612,2.139015865395777,1.508491244749166,0.9750395693117753,2.4456056708004326,3.856053837807849,4.589511197991669,6.185597827425227,1.8860000127460808,1.9859482417814434,2.2776431287638843,4.608577350154519,4.000309738330543,3.513771778671071,3.946893528336659
144,3.233787792851217,6.05836373870261,2.3371276183752343,5.579186748946086,1.5688585554016754,4.105247266124934,2.9189139313530177,,5.004565551644191,4.114540352020413,2.913734846515581,5.442539317300543,3.856619441648945,4.090929316589609,3.4600020153447986,5.332157074008137,1.9013709970749915,7.854479248635471,6.191072607180104,4.24839899642393,1.679834196693264,2.9951939213788137,8.01819475600496,10.721106140408665,5.015722359530628,3.209920192603022,2.3330955154960975,3.2528277370147407,4.4698555720970035,4.660674720071256,10.179817269090563,9.257639525458217,4.623547007213347,4.145943679759512,5.9861218760488555,7.853782575693913,3.239491579734022,7.2366055464954115,6.307496958470438,,5.599675037956331,7.414559950120747,5.6565283084637485,6.155226110422518,3.782168496400118,5.12360153516056,3.6819700835621916,15.035024611279368,3.569533786503598,6.049971991160419,6.1366967056528665,7.457688232534565,2.5801039446378127,3.967070129874628,14.418299178942107,21.94329135818407,11.60362821246963,7.635327281604987,3.298954379715724,4.217785113723949,12.369243922876194,11.917253243154846,20.76726549421437,11.657647541142069,5.9970010770484805,2.863093377527548,2.314992405445082,9.870898284134455,2.1638156395056285,3.7897910915489774,5.271188518236158,,5.740946511650691,4.230280981573742,3.807655339187477,3.174346587911714,4.081710932950955,5.48179275210714,3.427594514505472,4.574306633003289,3.4514697872509714,4.83647386499797,5.04583706788253,4.691732603532728,2.0469168848649133,3.268749245762592,7.336096939980052,7.432792219333351,4.8250589170493186,4.618539423972834,2.7206246377318166,3.8049604299885686,5.169976102479268,5.589989945292473,7.796663194312714,6.272498270845972,2.1387043791492033,1.5830449397071789,2.0785380522738706,4.337508506523591,1.9771878676237975,3.9142541386354424,2.3910490908747306,,2.13720740066492,2.2672043103284523,2.9583480286419217,3.186413833645929,2.176969733227452,2.7288096434858744,1.7535607191803138,14.897327582730213,1.8346221472711477,2.4216957310727594,2.3992217736577004,3.6773402298422297,1.6843564721966686,2.0165775672467134,7.184389562098659,19.174909346475033,9.377124250022462,2.873353891118313,1.663047360125347,2.1091267999509,12.543834060124937,11.027412880139309,14.470037012870307,4.106636948563391,4.409529792610556,2.830357290804386,2.2711701749358326,11.853199219331145,2.028417948167771,3.6272797733545303,4.069563961820677,,4.416780371684581,3.3749030844774097,2.8316892276052386,2.6146540767513216,3.0889883055351675,4.288978467229754,3.309860563604161,5.749067116994411,2.4900143180275336,4.2294818558730185,4.908517992589623,4.4833314314018935,1.573951478349045,3.286756807938218,5.972823651973158,6.603650632314384,4.465335630811751,3.43311412143521,2.2879704483784735,3.566525876522064,5.628782091662288,6.046237424015999,10.09184040594846,7.606182363815606
145,3.4366101608611643,5.419377761427313,2.7236681198701262,4.727749590529129,1.906249628518708,3.9100002322811633,3.3727165427990258,,6.485589954536408,4.710127948783338,3.563733072951436,4.617336933733895,4.530644015176222,4.928907816065475,2.7909319614991546,4.867793642915785,2.1981466707075015,6.392932220478542,5.056541762314737,3.823920094873756,1.9688764004968107,2.7131879469379783,7.641362433787435,10.912253113929182,4.498763621086255,3.2719089067541063,2.138186857337132,2.869362389901653,4.514236468821764,5.496707395650446,8.363500237464905,7.768413401208818,5.735167149396148,5.086450320959557,7.313879730645567,7.5704130285885185,3.534497293003369,8.157210635545198,7.75582450296497,,6.55698475020472,8.457744173938408,6.6193206803291105,6.897929684782866,4.339493963925634,5.934638982580509,4.559790730127133,15.868349553784356,4.486600220843684,7.0071479203761555,7.216734891699161,8.638193459773902,3.0145260934659746,4.750173320644535,18.452993215760216,28.941414086148143,11.682824188028462,9.055406968400348,3.857873205561191,5.0969328003702685,12.680449581239372,13.14668744453229,21.416639210656285,14.114990844973363,10.503236771910451,3.5716929160116706,4.2943794978782535,16.64192185853608,5.286236395477317,6.656295474385843,8.911819881177507,,8.3973883301951,6.8620758393080905,3.943822863220703,5.041688425990287,6.074907010770403,8.28645627188962,4.57560749782715,5.440544766315725,5.325011341483332,6.743836569512496,6.915652680618223,7.810842478647828,3.3710873140080366,6.590093980776146,8.012171667360235,9.487871822784655,9.322463869466446,5.452484998386353,4.3168591655557975,6.383672647643834,6.10262875125045,5.60665821103612,8.492850727634504,8.75243301561568,2.330651326701627,1.6762511668275693,2.094896517064626,4.144471035942843,2.1277812336393254,4.036634210933698,2.5799594136515225,,2.3150331394390378,2.3748383905513037,2.54353052650913,3.1670731823396636,2.3637701992811344,2.9474631883203983,1.726966472915592,14.967225091822911,1.8359775926910515,2.387442453937183,2.3218240889946173,3.795174858169048,1.8837158731912496,2.0612961807273678,10.16067137607024,25.87937099451665,9.08128796982055,2.9068189171539416,1.6978236549221037,2.0853542198437935,12.11416346450278,10.948663530143676,14.633239099566708,4.754654452881368,6.276869011344388,3.2734780543250963,2.8480969194788486,9.803574066609144,2.29214207502082,4.2396374337840825,6.017996580339968,,6.266349839279428,4.3282829283270985,3.5760607570409775,3.3111243101302534,3.1746742024552077,4.34229543316178,4.348714035586454,5.419297143816948,3.4156398178311065,5.545694089960307,6.081182014895603,5.327656341250986,1.842671597842127,4.75801806896925,6.670717091765255,7.524869171902537,5.112012266181409,3.8799854810349643,3.222526633180678,5.039496289100498,6.217381276655942,5.003312660846859,10.46399911865592,8.175007649697363
146,3.4052828850690275,4.910074276267551,2.932443661848083,4.654521559132263,1.7585313908057287,4.194344423012808,3.3420082181692123,,6.323517707642168,4.42431824922096,3.4040741302305833,4.218256915919483,4.554958431981504,5.151972378371283,2.8630449378397316,5.396875145379454,2.3699383746134117,5.454142898088321,4.648813046514988,4.086061264388263,1.8675968749448657,2.7925363392569125,7.646829879377037,11.430103331804276,4.83367228298448,3.872934525134042,2.4821401457302272,2.9908365104347467,4.899872990790755,5.4521881975233555,8.030312252230942,8.339786203578115,5.543411542021204,4.841512207349297,6.830931146396324,8.362642518477514,3.414059647184331,7.479946223611478,7.882366553531028,,6.966764034586959,7.49739619641332,6.640378342126496,7.729716104222462,4.891705822956283,6.477305978478398,4.52105759177357,15.927636064589024,4.603898276400287,7.326023987843655,6.8284675071481615,7.97815003170399,3.1762536127644125,4.78289802413201,19.06805732869543,33.586293924599886,10.905515780905262,9.241814666893333,4.228427118505351,5.181752196222078,13.17677428596653,12.547764083137736,20.802697428734973,14.234080910682678,8.28460231423378,3.632384967204416,3.0338270553329494,17.711254389723763,2.427132862067083,3.7790700152982026,8.14635946881026,,8.013830440177117,5.025639802624937,3.7945716539979912,4.122608406760264,5.352658343326766,7.4318100669188425,4.834557825233787,5.473485252878163,5.170508979063015,7.85059765985352,6.132504953711759,5.117640153912362,2.655795258760918,5.012841331335949,8.38286780344788,9.062284894753247,4.081765851879027,4.9868815403897315,3.547614218405215,5.517730976862367,5.548040673602372,5.842179467435926,9.21031909820158,7.756833889288828,2.5063236314508686,1.7366602278343635,2.079225118905015,4.342635108059767,2.2676302057789144,3.9394350733346073,2.767962290363357,,2.5114791133091785,2.3309739865453594,3.4450346242920205,3.9928657843120163,2.715551241180947,3.3818996826084913,2.1464629678575875,14.503145908747683,2.1512503669782745,2.7310692394166836,2.660174832726625,3.8327414472405508,2.0512767173386237,2.44378823003899,10.530144500080496,31.50855581043288,9.45971632245346,3.188743354712642,2.1337436289741163,2.5446636516335275,11.686885911331046,10.358758423535619,14.522193654556759,4.905955168396758,4.571526078507304,2.836345724062994,2.511310056434013,9.420274756848812,1.7106214072555304,3.335414396133274,4.078693367773667,,4.691866633947939,3.0843733984511346,3.145585971651599,2.878257888369262,2.899198851082474,4.056520294398069,3.6725446698255837,5.896493676118553,2.67208855075296,4.715362505521625,5.057240778114647,4.188173450529575,1.7235995328519493,3.7794083764310926,6.411356327589601,7.285039522685111,4.4244377058930695,3.709835931658745,2.5865815696306527,3.7954865547362715,5.226345965638757,5.558991222642362,9.753284975886345,8.300169254653156
147,3.39240807807073,4.500245660892688,2.646033084602095,4.609654104569927,1.890725179691799,4.501086776144803,3.236060932977125,,5.29157486744225,4.412982991198078,3.41933686286211,4.300920874811709,3.984340437455103,4.515235283179209,3.089623205596581,5.172266974113882,2.08090445084963,5.2184749220032245,5.6474544981028885,4.649045469705015,1.7964293801924214,3.0258339538704604,8.35069001186639,13.570137438364327,4.819264839170501,3.623358265031129,2.567019371781498,3.3495009411126375,4.857585212448612,4.993740294594318,9.26924787927419,8.975502452813089,6.015722206939245,5.174253037694143,8.201534932595678,7.844989144359715,3.6106136176385917,8.576551772421226,8.565570940845646,,7.445331950293621,9.15521860588342,7.486380127375014,8.444170649454463,5.12670174066443,6.805892146076076,4.918039161566412,17.962584301130846,4.9212370431632735,7.320967655687127,8.101179722871166,9.12613315449562,3.4114396112272516,5.304935166350333,19.001651497092098,33.48097373964265,11.480620101792738,10.025260628026444,4.522810384514742,5.655685250530951,13.32649469259195,13.326222833711654,20.100818248465657,13.419848080957308,6.736166862538084,3.276948849816108,2.939165751740802,12.927729112561792,2.4942722520790994,4.255943815223873,8.285021518531721,,7.365235200268216,5.070491628430318,3.7074163374199998,3.6994765323470347,6.770879474061076,10.012792597990483,3.9069751946954057,5.838175260578282,4.943594067299273,6.511287163448287,5.739234220527578,5.451191915199161,2.981915771670174,4.808027493709233,6.924485991476104,7.098662230418995,5.832835056935437,3.650991668109782,2.9421822146105114,4.636465982912341,4.96061996818753,5.403752795245964,7.81876972905593,9.312479058280587,2.2710526891387417,1.4930025793091772,1.9395832302961935,4.342982454090816,2.1147646923509456,4.165906164871558,2.305583093630048,,2.2629541035712464,2.150627879473177,2.663417052190198,3.114117100267322,2.658349735156662,3.2938166932581225,1.7103603954637947,14.469278212345671,1.678305943187297,2.273079235919795,2.30657049905858,3.9173343552647566,1.8694431796575373,2.006109463309258,10.043391424915171,32.38639027404133,9.452738191612298,2.818252840143032,1.6767649117355177,2.1656324429386586,11.93763757146371,10.93552553174959,13.842772941643489,3.573412355308392,4.295407823519781,2.679545505088754,2.5579811917850748,7.595296250656247,1.8281611119164154,3.530818677973002,3.9421374385710806,,4.910062125418335,3.855449700495228,2.5114363379543647,2.4819112732075155,3.2553327328059822,4.462404671357945,3.061442665057257,6.110530579462647,2.7790673775598407,4.284619484678842,4.047101101605222,4.338303086115047,1.5652332513127476,2.9282275936566293,6.11688249045983,8.134205883834511,5.097240908071399,3.7664824922103435,2.4750190059421584,3.3054217346943915,5.372338346205652,5.661174829583615,8.816313464194536,7.105464581400156
148,3.942851966712624,5.659955102601089,3.1176321645034477,5.965841526631266,1.8823280552169308,4.577701038215309,3.0367600556928664,,9.28813184145838,4.466320824576542,4.268845572369173,4.354066273663193,5.822489445563406,6.447185558499768,3.349254955537617,5.145057046320289,2.617313264636323,6.147270818473771,5.15268140588887,4.080337879713625,2.2948587575228885,3.058827162021771,8.637138816993684,11.764482944272459,3.9142083551269025,3.4263690176885575,2.588535367976874,3.295761678600684,5.261610058369115,5.884417565539479,9.646971011534333,10.180565586779267,5.490179930347949,5.098471061501186,7.45557281334186,8.368494862224907,3.62913293793099,8.226401638239622,8.80598348157946,,7.477489663870074,7.686283868679311,8.076346915913746,8.812935266178101,5.1859558807336725,6.794385488319676,4.455787693586899,16.44833985483274,4.708921442215797,7.787359594658483,6.891981676744763,8.226160716731101,3.5511973765096627,4.70172332279617,22.29013352189213,37.665774463675916,12.046857184031978,10.020134010119364,4.392021415696945,5.1443742122501135,13.568886992288753,13.414805667707697,20.946856355294585,12.825680852984078,6.23074558461667,3.1181519607343944,2.685166273295181,14.258747862186283,2.5517771209706552,4.256417636497645,8.19073155435035,,7.3032186410273425,5.358573573175818,4.0052498879958875,4.422100086230785,4.88916905305814,6.815362292400096,4.177389870164916,4.126449624891393,4.5072814100421965,6.28096199943684,5.002909303584602,5.0786800784408115,2.7879839017259656,4.438646945345681,7.779617008054629,7.787152600940317,4.730441090941895,4.524810581642669,2.955882671813015,4.739009047625586,5.017547759052832,5.486471076437738,9.005040032207035,6.890842443681322,2.8633813262786134,1.907676119799362,2.1792903348796244,4.494435955166409,2.304345159245713,4.210301410239481,3.1597052129654912,,2.8220198282724596,2.5403972827007237,3.7309659060156264,4.118261495477782,2.901105198816367,3.58444454104756,2.2265150439579884,15.22064306482207,2.3491770004966384,2.8461555102694547,2.619172320692087,4.129363818719867,2.341763042295497,2.485685269220994,14.250606409405009,38.79479999886826,9.641617691158899,3.108862756562303,2.0902210767417273,2.55157540914297,12.585539016072289,11.218134979571914,14.68842815302196,4.073565809903812,3.5062910756096244,2.3597448598593473,2.0948955498170108,7.070284511428326,1.4447772409766912,3.3168395166285336,3.3348557772114873,,3.7468748341780156,3.3313895401079208,2.702425845200196,2.7341719542164356,2.639303245814517,3.6493822117336094,2.7272587176412344,5.538143566809595,2.165343117667362,3.5201236605644226,4.140415840083733,3.8468066486530006,1.457299353205599,2.907213638536632,6.372689618729055,6.9584171287715435,3.8529757875949144,3.5123557900078595,2.2924171353224665,3.152731485897675,5.309892003424466,5.067001387942582,8.667141082696617,6.189251667819917
149,4.289152915589511,5.797206453280523,3.6505450843833387,6.050610885722563,2.36955052241683,4.510973958531395,4.201866046059877,,9.65328048914671,5.023722595069557,4.421499616000801,4.6639829815831035,6.433980073779821,7.235477707581595,3.2776440493762493,6.002741225529462,2.853484562365338,6.7223925434518605,5.22599890246056,4.161396238487214,2.6385547243990004,3.234219242585823,8.618493215180933,13.182215625420213,4.694450442912057,3.96558889769949,2.7968929207418114,3.3687556569930166,5.863722210051492,6.348581344354898,9.343657060526311,11.499769054353237,7.653629945707507,6.424088889616542,7.998913228220772,9.964480108465068,3.9284494559979066,9.01078074821271,10.97907146322541,,9.045498081832193,8.026697600143962,8.708260982530192,9.717685941723175,5.71962479443755,7.451525845681317,5.761334294220433,15.961307974066585,6.1653237280552275,9.512029006145895,8.353038712812122,9.77406615857035,4.150554799707606,5.283637641696259,22.316612012218684,38.27864624327049,11.92082317720633,9.945160083589144,4.555118375719758,5.948860394710209,13.976112706586719,14.76310845464468,22.38432492595166,12.831369967898354,7.466566014045384,3.8638726364297327,3.281071625679033,19.073718460276723,3.0263263688539155,3.162762244755868,9.04573367733974,,8.304595583467744,4.782854917721124,4.162559525866527,4.292444238672033,5.096181084809359,7.1765730463084765,4.977513359335717,4.896586760878563,4.905090645479504,8.463985119306017,6.074711884139106,4.471401829505339,2.8181825400679372,5.142109061125666,8.936172438552603,8.978913640021347,3.7223570616333745,5.815191732835956,3.577114832296502,5.180630509130424,4.420984023454366,5.808414105558768,10.061629247502424,7.569231333036441,4.283861248040921,2.9455368048729724,2.3358298367384123,5.655460893649433,2.576014311216568,4.561124538668082,4.798431699782668,,4.088401095941663,2.594453463643731,4.25596045806742,4.8062174437291105,3.3675251452223165,3.9958472289072233,2.684461942408234,14.593058411264792,3.115322701887635,4.2889056539934245,2.917220267590892,4.698568359799538,3.119489962955413,2.505396214019129,13.350846784305759,37.74964812328108,9.986765629946603,2.928431467807968,2.0024495615871274,2.5000708023981133,13.811858325425419,12.282317911740392,14.940183918952243,4.287354517600761,5.770450952695683,3.7034346896689385,2.6234184915665537,8.303752692881972,1.8498201097827405,3.5530847671907395,5.618276656605303,,6.585597584489733,3.562603349564597,3.5131469776388258,3.3320528164040297,3.8848681724630296,5.2465905318968,4.309013078454882,5.884507729206234,3.226212691515684,6.072525633499026,5.678271350916475,4.564972536172718,2.010624622926116,4.297002422390506,6.784775643609464,6.934202916454524,4.65991091914475,4.170305415755138,3.1830597727093846,4.439569020178169,5.60217461315915,5.942152813076973,8.84067639708519,7.679176051169634
150,5.324356548953801,5.8075776032637805,3.070743565331213,6.894400401506573,1.947577198734507,5.004042381187901,4.6130543341860175,,10.81523805623874,5.053673521615565,4.294222831958905,4.691787500632927,6.4095772977452725,7.377103611361235,3.9277991163544357,5.114569212310016,3.1118146725930274,6.642062769969925,6.0682661714963615,5.24735517683439,2.8768013435183093,3.5844089870806783,7.159173837862909,10.333232348784804,5.0947629497386515,3.3788921136874706,2.6575883384793997,4.131870227865875,5.598228250164539,6.188896019011736,10.41254703886807,10.482615092769265,7.5316818547435105,5.821084530907683,7.850216046790592,10.450416360981762,3.5706363632925786,7.97519477782771,11.687105827149935,,9.158136948826723,7.668891717912629,8.221338226576336,9.528828813927248,5.445238799438812,7.188622323155869,5.582608871918637,16.50831292499788,5.705878254957497,9.005397645523772,7.663792159291916,8.725056126422714,4.080241051269695,4.851871897699311,20.937853551004082,36.846582661382854,10.961783962557092,10.700569371692836,4.805009230040014,5.648070786264725,15.139576978981495,14.041805814485997,21.91240806132555,12.458966943086125,7.8297062500496395,4.022148146759719,3.682115006085951,9.76419985818211,2.703909098272561,3.582183846447151,9.358899274957366,,8.857635271851905,5.894191803236026,4.5761244764435105,4.036537033243803,5.089083424536511,7.3533453469281085,4.308456525905058,5.831182221299969,4.4019998458679765,8.34161174861947,5.964288633549586,4.531662219960708,2.701993282244075,4.473086890357081,7.78235057805432,7.990071157109924,4.644275490136351,5.212772251979914,3.495321489026537,4.455346141185146,5.251432441582438,5.500920437043533,7.685734977712855,7.421541064104531,4.064775553160871,2.7857741306434036,2.2256134509461845,6.199311949785624,2.4168302597900038,4.255119358731463,4.583481890222174,,3.839158443042834,2.582053653895855,4.227618620461726,4.540179196737881,3.1188790362648433,3.706024613165937,2.826568846103328,15.186193584668217,2.955541937808448,4.0541492717238725,2.939599412457028,4.3404355305938225,2.7415436061346554,2.496294384854991,11.724339523425442,32.02295448863879,9.263631531212013,3.073261944564365,2.127835275587131,2.5784534473132226,13.814610951158102,12.096527027097181,14.294184897153173,3.9151955252236803,6.216887384653091,3.911832085577771,2.9822531214449555,7.188018760643899,1.8620640621520579,3.1614689505659044,6.210203660884872,,7.2248936630785465,3.7286955630406737,4.143332771491259,3.3089697535615414,3.557513846317306,4.545202129520476,4.40116657409817,5.262656894046813,3.538668854162097,7.09597219247371,5.735236511100084,4.191066313069314,1.9399707380216569,4.469527397304773,6.931802956387401,8.118279976770282,3.997717023594305,4.4456001778598875,3.39897905359976,4.596551298163831,5.285079008899629,5.37676177918911,7.7337128459475935,5.76751510379836
151,48.7465662881732,4.304983012843877,2.8798000857932493,7.526738336309791,2.1782035764772445,4.847478441661224,5.0192445633001626,,7.547505141701549,4.515292646829039,3.8027925766073167,4.09513121121563,5.363641015719622,6.6788760595954955,14.19346930924803,5.668664525728673,3.400721921934746,5.013649264583364,5.465088470373303,4.769035789649934,2.3050224408507347,15.613945433869958,9.012270253151655,13.233693432994187,4.469491337658837,4.019381973193958,2.8782967710867524,16.017106012441218,9.623117395676672,5.705679766833782,11.485144146718085,10.764209961052984,43.64304573391564,7.2795517480699345,7.485687492589932,12.655701269977726,4.203169453830924,9.048569612787105,13.101494318107143,,10.467816449818201,9.314830174844246,9.932374799973331,10.213356552412733,6.1402745777741075,7.572948292363435,16.124856236274354,16.459643054986373,7.112617102393415,9.408551937667653,8.281680435175076,10.03507112909574,4.737584662507288,15.446498393430375,23.84312840877101,39.01317552663386,12.038274100632407,9.548091373289935,4.854164028074592,16.659703804180026,17.562823195476085,14.128321403404698,23.394393792841583,12.161712773377076,387.08549831062555,3.7493719355552457,2.950273177702911,20.23581598768942,5.617385257210117,6.058290731743909,8.922908178647049,,7.40227875940036,4.83930990594672,4.040719635668211,4.309478481445694,5.875105554878246,7.307610874704551,96.20409202761948,8.42023640871048,4.968150009517558,6.330259690003004,6.19206485862378,4.676557822676841,2.9381269341683947,101.23806609772146,7.87929769285256,8.00794834503904,5.880853612325154,5.250298730970826,4.908849819912575,109.39338291063905,24.7642015456222,7.6050350471632555,12.559918890474364,7.637914393853862,11.70691693732806,3.780497609568556,2.422432312869205,6.884754156089912,2.777118291305669,4.59521877928637,5.8631697966120555,,4.9397367947676685,2.762740313755785,4.236013004629058,4.886455306404969,3.3592259605939034,3.6576744405465433,4.588368100485241,14.46223807761271,3.7667446426894458,4.836687912757043,3.1398165378959675,5.061151448899182,3.636585076492338,3.944348026834632,12.667376995523227,36.700494074466405,9.42742340521363,2.7176410524134553,1.8274293529429997,3.9752954353389214,14.115585379840923,12.877943208877696,15.578329368509003,3.575440930944751,151.6205919906497,2.995466173160821,3.0947175982873887,9.948438149876893,3.144906193483621,4.608241026289761,5.879773176275194,,5.29270461993292,3.499666228890419,3.439234773395583,2.9067732684779912,3.8535838830284774,5.313488130923361,41.95134085603058,7.922378892544657,4.29261990939267,5.848736240295693,6.466101855039597,4.518895177170634,1.510705827968195,48.06754318997264,8.002950460650027,8.142068574670702,4.304837377276272,5.212314776144922,4.632703814422712,47.84801066853106,15.497456886805594,5.553057708311826,10.521381045691669,8.042321831453592
152,4.687187902163714,4.947846711729653,2.8832515235990286,5.310489039402455,2.0143045258009806,4.589440723066218,3.6019912222400308,,9.792808588827029,5.468766205012798,4.484787583351135,5.646916426485404,5.892047309316695,6.887452123919502,3.295794318546541,5.755100108217448,2.757965528871864,5.119829002069309,5.287831940222532,4.01008571498096,2.712214132770896,3.4214598417747766,9.269576927181333,13.870070804841816,4.075754201039672,3.6027523456141353,2.665318315848708,3.549121058313176,5.220270075369626,6.018855870934203,9.04750672634691,10.488443891517818,5.891596432775259,5.2106556031503715,6.832089798990637,7.55985365685774,3.2370296685257927,7.43408939888468,8.314167251228355,,8.156327101460192,8.36013563821325,8.022152236662805,8.754333073738962,4.736233822768554,6.003383947245311,4.513361353019718,15.50373327336274,4.667102046369109,7.592411951918621,6.868076583486982,7.678868831135333,3.5148248316545505,4.804979755135719,20.00997745199129,31.14501223899424,10.969477152684703,9.72645062574884,4.370312592072878,5.3584078486892395,11.913206923054531,12.847517296904698,19.850792275974527,10.109135931998026,8.45558762375731,3.7703287198382895,3.500574290228542,13.619646371807903,2.8613285921892384,3.7840218283236027,10.930953918432351,,7.994636180228554,5.500406437931815,4.169965937762754,3.1424716871697456,4.80579800932901,7.136803207686171,4.814632415218512,4.853829501371365,5.822543789690826,8.991119924758095,5.755100035457872,5.336340043868404,2.3437203672074247,4.984180261089932,8.025588875170797,9.038263742695563,4.43467078730464,5.1724547120102216,3.1660859767725924,5.664305506797973,5.0748714347719215,5.492873700859491,9.719774665427394,7.034117043076549,2.3899381330920733,1.6894758859962167,1.821134411784442,4.323576376918936,2.040488640886906,4.030596813208831,2.2364083556567493,,2.4459634910272143,2.352235789430779,3.4811613500096428,4.372832092485623,2.712881067509443,3.533988188337389,2.0951164779035025,14.020843378602876,1.9979089586286136,2.8217649746693496,2.596005733266793,3.7996947762621858,1.900351539006806,2.441445373278839,10.759587570646545,29.2899763371679,9.615502925953479,2.6945139441068022,2.1576388226094423,2.521981301924825,11.915524908545194,10.420591332149343,13.30041981418617,3.4855844287449145,6.564919167431071,3.6533609381876886,2.9303038609214127,9.065267047844827,1.9492443971103057,3.14470412558876,7.137010834412649,,7.755078753689304,3.508985129883513,3.5595328081399202,4.009206226328388,4.03692276449874,5.656055640429258,4.579961590934545,5.594421934802085,3.365876036696136,6.957300094654784,5.962549505056813,4.183463286608458,2.1214914158917964,4.984705243259668,6.258602719753981,7.397249049972743,4.492770065553486,4.353384603746235,3.4796815598383546,4.947532986989245,5.6743480381555855,7.039652555249631,7.353714550845325,6.920372659806162
153,3.354311891598627,3.5794880386674777,2.4727187701500952,5.733428348321468,1.8454574601491913,4.668387875426561,3.0712463485542685,,6.745773745933548,3.91658311127685,3.6559514701366425,4.75799452397041,4.618824023054913,5.5174584267660975,2.9302504553925246,5.36382308928296,2.0322381606092677,4.417406235006638,4.931927396683022,4.223828174872324,2.134073685738258,2.796852379105985,9.069905907381326,13.380853226408362,4.679690930061042,3.71467147488147,2.227635486633517,3.1530772685073316,5.285524181090295,5.704839946702123,9.242088999599218,8.97843751590699,6.0095008739153855,5.131041918502888,7.522751271608286,9.195731894578785,3.9766590780345723,8.770951302722096,8.317297768371645,,7.332397341087926,8.729905748623423,8.109461079584435,9.540245169773698,5.577621341217309,7.343483142904006,5.151865065272432,15.652250411221758,5.078136433439795,7.488319752155803,7.58407454850385,9.053648318513297,3.7182750675128773,5.2315559587441385,26.10034740064293,43.497171835042536,12.003167707007378,9.86092138919048,4.502395699091721,5.719291810237337,13.093207700876519,13.188276498112828,22.30527435312979,16.657952903187834,5.915469380852301,3.543879724020371,3.4100196571671404,257.868979126215,11.78172166692093,5.4604789620498195,6.465149162977468,,5.63548895297572,4.785924385942053,3.9516820397693664,4.237492692482192,5.066873964096885,7.009182023466565,4.233568019117229,5.8726099669002,4.595660495397169,5.134812439791858,5.276398493151646,6.2009683169890195,2.703344071051106,4.016118626168463,9.175167797366157,9.468753036344424,7.554855197668076,4.752466848003678,2.5026762195921037,5.157843785127625,6.076005032809917,6.080245671910234,57.945944485254586,7.078695940435864,2.50915792730666,1.8137063282210875,2.2187348567968,4.583493432619434,2.4223694836109644,4.628611819498474,2.7705360980689875,,2.433437538911676,2.427999571636974,3.462057632532378,4.090061278020585,3.091188481903373,3.9180356393444526,2.176992088152474,14.264000357798068,2.1770664391169703,2.656573583408317,2.6329833056024654,4.400050813273992,2.2566503712369013,2.3826296310289763,15.600004024236114,40.47220713982824,9.557493209285894,3.1310990007114015,1.9984059863418224,2.52569931672042,11.986199164311984,10.821328563906718,15.464641161088366,7.142484197174781,3.3478015393484384,2.221536196884699,2.2857637668494135,26.54739352874458,2.4251935246866196,3.5243169986642897,3.6073424271307886,,3.7420004373416305,2.9205031460151076,2.6660430594347417,2.906316425651312,2.9870530706830323,4.068102978635579,2.6352914865128696,5.754932702984661,2.1752124303020537,3.220453378162347,3.648046520538628,3.869591106195003,1.5218123880913481,2.6208418858004734,7.110841921530664,7.218045648187399,4.920983279589564,3.1589402933605015,1.9650481117423624,3.006234241183847,5.475902114994824,5.21901051979512,12.522003147751093,6.373984506353736
154,3.915650653652847,4.381931110401638,2.7418463432695717,6.604859663639218,2.0116382074775174,4.389029374578968,3.8725383928976953,,6.477995018940419,4.046834073960781,3.5390649281907827,4.922022402752191,5.035137641243637,5.950765917077661,3.4761667193379253,5.766088259406388,2.408756612567231,5.559537443332374,5.523183266632259,4.345843684859574,2.200007686042227,3.4377263218630105,8.788243518210948,13.74537474475801,4.287500458303839,4.09753416897729,2.6791867276187986,3.6066465836483985,5.208394431974739,5.528365261852741,9.7128901979886,10.361376742366701,7.683435862418264,6.258437439100817,8.412451774347574,11.342156969476491,3.945606862544082,9.064280733582564,10.480144468601793,,8.79844283190323,9.161231202597264,8.871571641066112,9.64178639696911,5.749942836700939,7.295425552001689,6.011638703057542,16.486501874169335,5.857455944351386,8.706940687261522,8.59745241177734,9.831083079916425,4.076564080605749,5.700325549696572,23.610546224517748,43.894920381717384,11.839658982353285,10.6168700804119,4.959115496603772,6.333675984933507,13.604815292637795,14.256395836127922,22.490151488455012,14.706769739859737,5.2811996574746445,2.6898020842054393,2.746875528828241,27.228053426370025,2.9089783238305245,3.6273673867981415,5.826651431561913,,5.509763414011104,4.150276145082898,3.413586618989939,3.140976339636836,4.623548993549775,6.346017755276989,3.6940929203410633,5.209229013416916,3.775259894609917,5.681420378095936,4.620903710019775,4.266157346137334,2.1697598858736455,3.9221739170898218,8.162422978784889,8.389290567720309,4.009027055872139,4.671448084991425,2.8346018625597935,4.12904225231614,4.813935927813873,5.353054395527579,10.513996472582221,6.572595833858941,3.2044515296547615,2.091490511702432,2.1955996510314435,4.905675191366754,2.329875069335685,4.335921704296197,3.3970376698562177,,3.00030959670039,2.4549470338115498,3.6070684859623725,3.9654521810916776,3.145120725093875,3.8436162544712715,2.2556204635293398,14.168952582622296,2.414237609173142,3.0957504545767733,2.567066574101773,4.249219260600512,2.4882852389964683,2.293146386364242,13.087493311104481,40.78734455106314,9.386223309775232,2.8228351773122995,1.8576841466710903,2.360644610689633,12.370595188258449,11.319079811073607,14.354543074659887,4.785079619523458,4.567454510834068,2.9852513689547777,2.5138201017398387,12.381549691781402,1.903586118714884,3.460211300989613,5.007653555367142,,5.019292526412755,3.4949781256727874,3.284414764493704,3.4177885681856424,3.431327233556658,4.652206844184548,3.8739260635338724,5.805670865811408,2.9265757329994813,5.607246159343049,5.25370315881446,4.112476832233369,1.6743773740017787,4.202863434329629,7.624455553013831,8.10865027597174,4.520008689723909,4.067018337082118,2.945208063465543,4.171040025539696,5.700623209122568,5.571124376729131,9.782281005755067,6.889869109727442
155,2.595545316580683,2.845913841156289,2.8453776612877846,5.6665249285288155,1.8318511865800247,3.926531469915062,2.6531183684710413,,5.3494742314796895,2.6887435815297067,2.570943091996014,3.7743272114312276,4.093082941835746,4.992025351384655,2.3503207048634067,4.425824648933485,1.655437663430348,3.8210197672015056,3.855560236843303,3.5897454363293946,1.7175375251099467,2.4825735890772194,6.3023699040059,9.94139933027327,3.5117419611196965,3.031030559213832,1.5990511092240922,2.6816494209924713,5.0961351953446865,4.030843920190819,9.380788367707282,8.610719873104244,4.633737884432776,3.7680789500882383,7.2526969815953635,8.055061851337086,3.222695908334572,7.867133244872093,7.428075252391864,,6.561056645296048,6.65907867369242,7.54079973557964,7.894961745478213,4.478534508962184,5.736939288908616,4.100474856386427,16.48062761523761,4.529987607384101,6.320657397736795,6.164374957734253,7.460576860466972,3.293648060207488,4.415235751366708,22.780229279305786,39.98695232439786,10.139422985957935,8.576495165470988,3.5083271068288013,4.861053770582657,11.90555740322452,10.799846262671053,19.267828727606684,10.08427666965872,6.240631191758439,2.4571439607825596,2.801536669721827,28.660468669841066,4.4114856245869305,5.240719314315356,5.53104196296772,,5.423441361926962,4.636810743249953,4.024667661724379,2.9212907393230125,3.7230758025543764,5.468161645694636,3.622465555963572,4.359483958978672,4.480213530769106,5.080813527456485,5.5281002569245175,5.483749991981313,1.9077422894042684,3.3764081563276704,13.319969148142263,16.300463204970583,4.818376117327716,5.122344737173989,2.869867348636035,4.348969545389991,5.257893419184256,5.405392395914532,12.647142255445942,4.983944083505776,2.5341429354739375,1.679986023418678,1.9674534801197296,4.520135087204835,2.044978605226788,3.7904379541942035,2.336081772682519,,2.6276330418113503,2.485609114955878,3.0300467237793782,3.4122997874419525,2.8010028800053988,3.3432481645832013,1.9947561440858408,12.93754537255154,2.003826185273283,2.5685981918286416,2.2927622680981585,3.4523378517405945,2.0126242986862053,2.189469737913896,13.634244745844626,32.77884302588063,8.35392245062394,2.5650153393144137,1.7944967041785276,2.2909070119112585,11.888579048900283,10.56706164854404,12.681635231274413,3.6546659512168844,3.850414927001111,2.4602680932730436,2.0657680433942005,8.901811437681317,1.439982392184902,3.8126327854115516,3.733517645741813,,3.374096631887369,3.727167350007221,2.6740996981970966,2.429639163892716,2.8053571295458823,4.539539571851492,3.6944951862096786,5.666833196301013,2.858248393749818,4.037831240566447,4.508739802986383,4.63927086093463,1.4317448803922161,4.10101909074001,7.23008782370016,8.253829786553979,3.9322340744547546,3.109926270553842,2.335861325263977,4.148644482484087,4.160700191278011,3.9526233449578285,9.729323268402368,8.654820383526385
156,3.9475375961046666,5.066976911621168,3.4618937206687406,6.327769020572305,2.4590433458797634,5.341480486094952,3.1831279047764838,,8.46700175316073,4.9172786239068955,4.213614389300346,5.411010759416968,6.220677343662828,7.057243725284934,3.468271723249927,5.948817590251565,2.27275094948709,5.40548303979449,5.583454068982974,4.820822592591867,2.5173366884700954,3.335067129228264,10.829682927578688,14.824700425378978,5.248260567896068,4.338432976510376,2.8025309438817203,3.894662280799821,5.868710693903267,5.967067962046713,10.873906430788338,11.912697809748352,5.487112706759945,4.839209152123658,7.542961822764482,8.652046279166825,4.006157272669952,8.673633812577464,7.673334512219299,,6.787301514123101,8.033034813706763,7.8711007663514465,10.384784589405172,5.584305530646816,7.721643865806982,4.848333221161738,16.235752758802846,4.412827460328117,7.494537851016503,7.291022870049346,8.993770781671628,3.6213349594618194,4.889769668807276,26.857843156903982,41.70717252418399,12.28291739244014,10.109483133419417,4.666491462558042,5.626390215184074,13.17048110649921,13.200826535467058,21.054135082522407,12.911503843497485,4.237557375745382,2.4747502538957633,3.0790871242061257,29.310955724213272,4.535233041679021,5.304721664288081,4.10038793052081,,3.623834632890066,3.9145817318058107,2.9226374281279277,3.1394081088365056,5.1506595918908715,7.596751631353982,3.4210281119158026,4.630118175555253,2.700127093703486,3.743272794963559,3.4524702496128157,5.8046681369887665,1.623172101972159,2.684352726646466,7.892005807661917,7.163300404499751,6.894906648085453,4.142901292652823,2.270018772833282,4.740549084090162,4.778910544700921,5.296012284816243,13.917972988565452,6.762940756743774,2.3420427376095176,1.6433901148502628,2.1614649790535623,4.4145633655716665,2.3669235711167858,4.175308992671489,2.323646456716233,,2.2246825246838853,2.308560138772009,3.4562193886813475,4.289969184810616,3.0826376923869248,4.13073484241977,2.0407289075592416,14.260812298743986,2.170301554087928,2.5621453905841918,2.4078514666143747,3.986672951214132,2.1421826045298076,2.2255899400533963,18.466304023604607,40.944463973573875,9.307611628173618,2.9322543623493402,2.036748125419763,2.4537812312246388,11.687188867654186,10.845297658306663,13.7467724380258,3.981502560691297,3.6605505738407373,2.5300008710473776,2.599770203232765,12.493843329139054,2.8382192977005616,4.427222447702661,3.4250325988978148,,3.3059678971767426,3.1324713199865073,2.981816738611087,3.4395567199680954,2.8657945222221315,4.244124720571563,3.525966196320951,6.183138815686107,2.2902854689164087,3.6930583009961993,4.199160233838484,5.202880303841084,1.3339379365788773,3.0065261234994978,7.7812724048271775,7.479029707610607,6.376367702614516,3.642667463282123,2.389179921010509,4.536782915238291,5.312940164003521,5.158696032594889,11.538808001205325,5.946488061454147
157,4.745527869090438,6.423325612558983,3.2147892779903486,5.987597483908758,2.1861303539481014,4.5914085931144655,3.3520013093948364,,9.077463182620704,5.266673979349434,4.081997147295624,4.058843333041295,7.38262664526701,7.842780789360404,3.514934389386326,5.532550101634115,2.5724581064423546,6.133520539151505,5.573557718889788,4.368810419691727,2.433131856378168,3.5757519653998315,8.256187837105244,12.815059162676334,3.991977166151628,3.6106015322729945,2.9711466340813786,3.7880293966736645,5.782034830190241,6.364789151120931,9.453437174670398,11.825047433376312,5.820237303851172,4.582191082590725,5.974962426989805,8.059058724029455,3.302552067907527,7.143074988562148,7.4298288236605,,6.933683071110863,6.08532546175411,7.1664684364805,7.816816767444834,4.743404198961798,6.419651057512965,4.917949656373821,15.356391377281398,4.61411512515042,7.609540625708178,6.79476137884194,7.500599676859565,3.262810245360015,5.26641227043001,21.753849636297673,36.58180235652253,9.404699550941586,8.42100904264953,4.465535930648912,5.676290187693667,12.579109461512417,12.642855464946479,17.976801231270656,11.068557592807338,6.644617060374003,3.225547287001973,3.6881466057820944,12.303982628509402,2.0077376157132676,3.2974542773445137,7.976144490385195,,6.568470853380859,6.229989638086408,3.289911284809932,2.8798514813388465,3.116806114121573,4.651527640817221,5.064688375568949,4.043918186653173,5.5069272420951165,9.063576835615095,5.455947401060257,4.479831797652878,1.8544677295722067,4.829949022678193,8.650306466734037,9.443502320209518,3.8794427491666283,5.9927635884378105,3.612305361457402,5.584304857620737,4.745035595988156,5.676465640135575,7.352121552685276,6.431153502489906,2.643541748966527,1.8352581209910568,1.9872209102231864,4.353034918949561,1.9459241580079834,3.852947282666719,2.4734946755415876,,2.4359332765016006,2.3232864216424787,2.942735059605184,3.3817565195022325,2.5880771395350166,3.387911009212985,2.2747902121409425,14.327946730190888,2.380446797133118,2.796223227505834,2.579156586307363,3.7076660146340146,1.9366758619980828,2.430123705380538,14.151539222439169,36.97171348176198,8.170496363163693,2.618425040736838,1.9655427529414737,2.563133238481896,11.824997836811235,10.572579072686494,13.183360428229207,3.4979304518856225,4.839597182581201,3.215954697225243,2.478314228937961,6.406556465663016,1.6512377478647977,3.838080621790141,4.66463080374524,,4.920894105453044,3.224628046154976,2.9439423815347254,3.087948032771237,3.3209799148608,4.552909027552232,4.304521047743037,5.626732716336846,2.882072440115735,5.702655485947616,6.137320393463597,4.83423873083666,1.5545509668299928,4.520055226748809,6.7148549715057015,7.439684413839132,4.936671524774283,3.8182201387826353,3.08592505462002,4.525752476183698,5.6510246358811855,5.522859399206936,8.450529247056693,6.901545217260718
158,4.059245315147564,4.621132015017793,2.911645016865805,6.603135087061673,2.1356354554882273,4.700436926214024,3.806623863056302,,8.045787253649905,4.207270627375692,4.469520383281633,4.8146706249099225,6.08597177779302,7.274526753462851,3.666108998004347,6.203297001775354,2.484082171577029,5.360946175642312,5.759404739364982,4.34731732821092,2.5078087783185765,3.7067139346618205,9.773509344086051,13.325607869774103,4.440867516677827,4.296751198126003,2.905188361182809,3.8207088655326515,6.046630442142487,6.051661039236933,10.208697174675763,12.04819354461506,5.2386085444595665,4.505166754825041,6.984337102039717,8.913589910662267,3.478371279925341,7.579004275612533,7.558247743872926,,6.257239161641337,7.397793488053139,7.844277250114828,8.968040710897185,4.661004146328196,6.4084294499480166,4.7365557693410665,15.452771505806595,4.487799582420848,7.198033155873418,7.110466220183298,7.868754517403431,3.1511645975115243,4.947090252244379,23.32022599875927,38.285904098302126,10.788971689180471,9.406327706528828,4.567997275444213,5.4708141324226744,11.967400379944593,12.443442610674538,18.834497313946486,11.996750807156786,4.975691816071048,2.5703380779305007,2.302517106727464,43.762970017269254,3.30522695730906,3.81229177583009,5.828437911986839,,5.153707374120131,4.209056609397521,2.8088483413739596,3.067670051677851,4.329813455115072,6.18132327508647,3.781735598749947,4.850371529755648,3.7938896821287926,5.123801813169848,4.543705872492865,4.522913855907973,1.9149450381519273,3.661820457637077,7.352740911301225,7.344256911892444,4.651616050978191,4.095964428415755,2.5008255997818196,4.345791010564426,4.680421683588065,5.419900069682626,12.598142202477902,6.456166571297217,2.3435933189830394,1.6183885427381028,1.9295739928111288,4.37925495498348,2.1493036215360917,4.044057563987735,2.328654238681338,,2.271297875267919,2.301790306546536,3.3000289918163617,3.7427886281875544,2.824874664838717,3.691794593578379,1.9771274369304592,13.982284013764001,2.069591767167367,2.464824397520715,2.4585075098002562,3.772217096411623,2.0132050360643916,2.2601789162308705,14.888278408761835,35.78729989385465,9.050341961483355,2.6200011202490714,1.8555486558398115,2.2956772063480457,11.86624204274267,10.447432130604284,13.431355608190643,3.8984867787803523,4.286292562028393,2.6918386574834585,2.0820356003241614,14.286422228906304,1.7943494021892548,3.2434556633234024,4.940766375511885,,4.6523966593667865,2.868222421966493,3.470037685474381,3.011346096172929,3.0929744825698435,4.379901482025161,3.4342716389801353,5.764463800005615,2.6479844673303887,4.519553040154278,4.50115097919479,3.7063983327243477,1.4662505709566176,3.5509426379576325,6.8519298220053315,6.972404837142676,4.211663792375475,3.2623036531731486,2.542443689890206,3.8473648019135,5.638240720145404,5.07616443792358,9.234948083758354,5.764193600043654
159,3.5794328432530165,3.582662175176665,2.7728007698897272,6.480638519860804,1.9126977858832106,3.7226933345664293,3.4745358861982822,,6.086177920224145,3.3091682998929173,3.2664912578184158,3.6134739930275828,5.050294654211029,6.1511226231232285,3.2952521287370473,5.153275735210627,2.259824424982071,4.862152418354526,5.176818114705384,3.6158429575152695,1.8963779148180038,3.6174168926663697,9.172711696010083,13.186908094212413,3.3429177419748157,4.056166450027376,2.83968320582062,3.5667681077029556,4.903385299257934,5.475671758176759,7.983042625710368,9.213028650265187,6.982398830587044,5.3093537062522955,8.010078548977617,10.200720658758655,3.8132383415359072,8.842039678711444,9.320321420091204,,7.798682738211937,8.203281613532454,8.630685988464393,8.251020932220854,5.697067063010763,7.193638986791484,5.667564044415485,15.222892805468291,5.603852929198183,7.74697914312128,7.970812162966467,9.287777764257044,3.7268596424837597,5.859370576217771,26.4244299614802,50.436349119991064,10.286677832482383,9.628945248550735,4.689197536208667,6.3816731999395415,12.660555395996198,13.103959907311946,20.65511918044649,12.07926298957318,8.40766544570215,3.6691812638309784,4.213606658595381,55.093632836360484,5.473254313983489,3.7944307332509197,9.737202984979376,,8.871097183146048,6.820874106779229,4.874891114013735,4.848288623179542,6.107207293098327,7.80924874561606,4.852810114243766,6.076821497117635,6.290616813203087,9.306873958848882,5.271055313642137,4.711873923952226,3.13050839031348,5.2693849938805215,8.402800813200884,9.662325101089664,4.052590702485759,5.30410450664931,3.645443262939807,5.730904907977674,5.450668661069358,5.240025460807374,20.739850209793076,6.356455443892628,2.7903331838388112,1.9217097158161778,2.136873371000547,4.692917359989224,2.2282815684775414,3.9860128363216063,2.793252371930066,,2.7905088536499534,2.4259400011032994,3.310741776431314,3.615130533489719,2.8543361122501665,3.3847187755782215,2.163743372875615,13.8822866792907,2.1846804588676605,3.089298261784279,2.673784112175781,3.8015214404367725,2.264882534291246,2.6050851702166256,14.471754857368069,42.00454535748577,8.98132378279115,2.6617070707288804,1.8918766095339379,2.5517541896533658,11.225405292861979,10.279288631863892,13.66489180145436,3.634992950992455,6.221323012141511,4.052565622259863,2.50357948243618,10.950740426778793,1.6434285207651556,3.317147638881579,5.821890779770911,,6.584016373381019,3.3731811854522675,3.011780805536546,2.775738321361132,3.9342479431070387,5.157542414963245,4.585871356539428,5.656718276441097,3.3213391434401274,6.925943336682394,6.281429115915671,4.785489174537361,1.8331190658500418,5.11903633014299,7.056675269268453,7.8883987735025585,4.482870688661933,3.7152221193537116,3.1808731437195092,4.988436383428052,5.357254471164197,5.53736585425213,8.623371017165482,6.674975447822362
160,4.323509550886229,5.03662099072244,3.184630288160406,6.550222053192556,2.1627090027322993,4.8951552889775485,3.4017653961200267,,9.26836533471942,4.91965762921609,4.619439801899716,5.647984507959336,6.296754698269069,6.926349451532587,3.6576416750904173,5.561646947171539,2.4598700256319717,5.656837951391935,5.950400576693937,4.3566973763518035,2.7304248069413006,3.822126949671656,10.110769071616232,14.066065778024495,4.116477211937308,4.2057938408106565,3.0215441074687988,3.909915452823043,5.670496786478907,5.7486724108457565,9.757917607203126,11.128408194053918,6.2856807562639005,5.304057835019194,7.560633996035904,8.761347140534781,3.6192744664731435,8.510560779541265,8.855838670569938,,7.626911159604788,8.560611226130277,7.91717717947904,9.269828355172649,5.4808854110888205,7.156527288316283,5.242202722001821,15.320715261623263,4.7233339719241485,7.94900151231559,8.006601594388485,8.933176766731776,3.455593643593602,5.437583211460151,23.466771002858877,38.16387086408213,11.071913701016456,10.179359029280022,4.801267867151182,5.926821679167915,13.397361821262166,13.321417442057282,20.12047343305312,12.308882287470624,5.474190518725663,2.977285963424947,2.5760913940757746,18.809301385772415,2.6192598197667394,3.1353623526229057,5.788434064015746,,5.822204919240903,3.6332220770418644,3.2670218824932817,3.343513162690215,4.295268154237419,5.945969132881146,3.787008947256254,4.657591867726296,3.3681981803965755,6.082365638576448,4.827476528589614,3.7989612465025857,2.0715982864203397,4.018223109596875,8.513037479133345,7.326747880142648,3.644690241344506,5.027023282309528,2.9184281047491822,4.022299945063423,4.3745911461883225,5.041619137045927,8.896778228518087,5.821447492053267,2.7221557356824633,1.7800033238017932,2.034640621559447,4.332965972025704,2.101914320974174,4.061854131123255,2.6887405033448886,,2.63522992736398,2.3850492050314642,3.353589034759352,3.7136328605811286,2.748390891156305,3.483151501768589,2.020232590894011,13.825159505358897,2.111933082687756,2.6537494745753065,2.5166311222619697,3.94160598216331,2.1206223257195234,2.2743395954876178,13.409855668214732,33.899947397003416,8.861389993398916,2.609436802686105,1.807525003414412,2.3452692419141385,11.578171233850298,10.552601612289436,13.083880588965258,3.544220194726222,3.8876988110132515,2.5513184955343604,2.1774861961603165,12.185593077447265,1.7249030497623608,3.2945648999884725,4.196770780254155,,4.375176824396476,3.1387658091261983,3.0511593213304877,3.1840828887652606,3.005808946909383,4.177566384896636,3.244066290790215,5.086397053673863,2.459775860188529,4.7476390900556,4.641525010811165,3.718099818797782,1.470862393034622,3.6375568015500903,7.1433138800784945,7.420178037136793,4.397033160785213,3.7534997100010514,2.6723518676590174,3.560485376510769,4.797903471626341,5.501544568687677,8.79510521190241,5.690500547643751
161,3.545569983543828,4.584838912705891,2.7500104042701423,4.693828377639875,1.9033697026316077,4.608929652022198,3.229185414966196,,7.164196576923132,4.285295523004606,3.4040157770505175,5.034349276684225,5.661500676069409,6.741691438946873,3.298098483355716,5.588562053162605,2.3002235975582153,5.496321799000725,5.171312572201714,4.260379064362496,2.114796414389275,3.2537960214540362,10.258249938488007,13.325709209311754,4.057353216921911,3.8771229737903923,2.496286644600332,3.419963817577809,5.073359934613109,5.937768903095275,8.464021608233452,9.410203259903938,6.180206000863109,4.769171850057319,6.679279431409668,9.149915669695474,3.6565810805768706,8.737268115510233,7.585049555927981,,6.715875653753756,7.6250780548434705,7.725669463980012,8.704589679837227,5.743479436205234,7.54116295138374,5.304079244524473,15.551702381344512,4.868600321060512,7.432146128849126,7.760811829939485,9.07653374451911,3.533038376190234,5.421326168288942,27.90055109653622,46.772215282544494,11.421018687542528,8.943390377680771,4.497695477766683,5.888449479243718,13.287928042700514,13.833501725457609,21.163780271308497,12.866904799011536,5.051308620750206,2.817335658619413,2.4593080379418097,32.35848335316405,2.8892920272483025,3.405364172067493,6.92556601279648,,4.753192559292074,3.762902932066936,2.936306245828746,2.9181314530433156,3.8016231774236076,5.6489511334802955,4.349037364590913,5.411051315604709,4.439582371560391,6.477234492194839,5.085733435407747,4.4726622581947595,1.8561158667580457,4.277351883501979,7.928588296636008,8.037749161303509,3.8452318403869867,4.460906646272633,2.58249962280388,4.731787277705735,4.742033448565053,4.761270429298747,11.629080079728737,6.1137129087001085,2.826650394126773,1.815838914581036,2.1743273946412955,4.7766992338438286,2.3742882267470122,4.440730055648601,3.016150144048879,,2.6331031872359745,2.4858952203885565,3.3723484261827252,3.7339419513955363,3.3438591981393984,4.105882987460063,2.2584394482692005,13.817416489473544,2.3389211446556146,2.7554673124541296,2.614619319956546,4.266000771167455,2.455335102695244,2.619556973058934,20.13384197562118,47.19110205769539,9.223896775438334,3.0249848898620257,1.9450485820016183,2.50477700456031,11.59069821187586,10.812647438797285,14.471209644398186,5.234535043655342,4.426835017511621,2.843209367711097,1.9331628282088786,10.157625831197947,1.6860658070072532,3.2604195293970406,4.731640889076516,,4.338159764301963,3.000324039021507,2.5592761812731624,2.9414469900075346,2.9915900668129325,4.1537677752785385,3.8365391228580847,5.146851064637303,2.799583351588808,4.798955473233946,5.127534182975069,4.2146868363488466,1.4883313415339217,4.283241883968003,6.343031709548086,7.472148980014026,4.514993022894487,3.237028984585777,2.4720845831325278,4.294190177461132,5.109104968141764,5.442086607217789,7.399454072583467,5.234173149801791
