,C4,grupo
0,"(array([0.00000000e+00, 4.88281250e-01, 9.76562500e-01, ...,
       4.99023438e+02, 4.99511719e+02, 5.00000000e+02], shape=(1025,)), array([3.5740884e-03, 1.5387785e-03, 1.3707533e-03, ..., 2.7648042e-16,
       2.4197651e-16, 5.3478590e-17], shape=(1025,), dtype=float32))",CV
1,"(array([0.00000000e+00, 4.88281250e-01, 9.76562500e-01, ...,
       4.99023438e+02, 4.99511719e+02, 5.00000000e+02], shape=(1025,)), array([3.6468059e-03, 1.5661594e-03, 3.0782698e-03, ..., 1.3727551e-16,
       1.3541115e-16, 5.8017694e-17], shape=(1025,), dtype=float32))",CV
2,"(array([0.00000000e+00, 4.88281250e-01, 9.76562500e-01, ...,
       4.99023438e+02, 4.99511719e+02, 5.00000000e+02], shape=(1025,)), array([1.1788289e-02, 4.6544764e-03, 1.6343717e-02, ..., 1.7479483e-16,
       1.8796094e-16, 4.4164103e-17], shape=(1025,), dtype=float32))",CV
3,"(array([0.00000000e+00, 4.88281250e-01, 9.76562500e-01, ...,
       4.99023438e+02, 4.99511719e+02, 5.00000000e+02], shape=(1025,)), array([2.2017965e-02, 6.9858921e-03, 3.2706883e-02, ..., 5.5917161e-16,
       2.3693941e-16, 8.6813743e-17], shape=(1025,), dtype=float32))",CV
4,"(array([0.00000000e+00, 4.88281250e-01, 9.76562500e-01, ...,
       4.99023438e+02, 4.99511719e+02, 5.00000000e+02], shape=(1025,)), array([4.51080836e-02, 1.26228295e-02, 1.17868394e-01, ...,
       5.57730538e-16, 3.18305558e-16, 2.69277465e-16],
      shape=(1025,), dtype=float32))",CV
5,"(array([0.00000000e+00, 4.88281250e-01, 9.76562500e-01, ...,
       4.99023438e+02, 4.99511719e+02, 5.00000000e+02], shape=(1025,)), array([2.25724857e-02, 9.80419852e-03, 1.15615064e-02, ...,
       2.26718930e-16, 3.32332636e-16, 1.02345476e-16],
      shape=(1025,), dtype=float32))",CV
6,"(array([0.00000000e+00, 4.88281250e-01, 9.76562500e-01, ...,
       4.99023438e+02, 4.99511719e+02, 5.00000000e+02], shape=(1025,)), array([1.7563809e-02, 8.3737429e-03, 2.2016589e-02, ..., 2.5789056e-16,
       1.9491534e-16, 1.2061007e-16], shape=(1025,), dtype=float32))",CV
7,"(array([0.00000000e+00, 4.88281250e-01, 9.76562500e-01, ...,
       4.99023438e+02, 4.99511719e+02, 5.00000000e+02], shape=(1025,)), array([1.0786340e-02, 3.8461087e-03, 5.0217393e-03, ..., 1.7976433e-16,
       9.8473973e-17, 5.3131286e-17], shape=(1025,), dtype=float32))",CV
8,"(array([0.00000000e+00, 4.88281250e-01, 9.76562500e-01, ...,
       4.99023438e+02, 4.99511719e+02, 5.00000000e+02], shape=(1025,)), array([1.4147889e-02, 6.5256441e-03, 9.7361933e-03, ..., 1.8860410e-16,
       2.8854003e-16, 9.8206350e-17], shape=(1025,), dtype=float32))",CV
9,"(array([0.00000000e+00, 4.88281250e-01, 9.76562500e-01, ...,
       4.99023438e+02, 4.99511719e+02, 5.00000000e+02], shape=(1025,)), array([2.6862468e-03, 1.1511148e-03, 3.5273919e-03, ..., 1.9958820e-16,
       1.3979883e-16, 3.6466555e-17], shape=(1025,), dtype=float32))",CV
10,"(array([0.00000000e+00, 4.88281250e-01, 9.76562500e-01, ...,
       4.99023438e+02, 4.99511719e+02, 5.00000000e+02], shape=(1025,)), array([1.1677742e-02, 4.4004158e-03, 5.1016086e-03, ..., 2.7406852e-16,
       2.6188210e-16, 8.6995928e-17], shape=(1025,), dtype=float32))",CV
11,"(array([0.00000000e+00, 4.88281250e-01, 9.76562500e-01, ...,
       4.99023438e+02, 4.99511719e+02, 5.00000000e+02], shape=(1025,)), array([4.4632265e-03, 2.1551573e-03, 2.6511727e-03, ..., 1.5762465e-16,
       1.6776725e-16, 2.7220390e-17], shape=(1025,), dtype=float32))",CV
12,"(array([0.00000000e+00, 4.88281250e-01, 9.76562500e-01, ...,
       4.99023438e+02, 4.99511719e+02, 5.00000000e+02], shape=(1025,)), array([5.1299324e-03, 1.8969801e-03, 4.3863379e-03, ..., 1.5797587e-16,
       1.4429844e-16, 1.1352742e-16], shape=(1025,), dtype=float32))",CV
13,"(array([0.00000000e+00, 4.88281250e-01, 9.76562500e-01, ...,
       4.99023438e+02, 4.99511719e+02, 5.00000000e+02], shape=(1025,)), array([5.1992182e-03, 1.9716008e-03, 4.7102519e-03, ..., 2.4722674e-16,
       1.5917366e-16, 6.1671470e-17], shape=(1025,), dtype=float32))",CV
14,"(array([0.00000000e+00, 4.88281250e-01, 9.76562500e-01, ...,
       4.99023438e+02, 4.99511719e+02, 5.00000000e+02], shape=(1025,)), array([4.9753706e-03, 1.7008448e-03, 3.1418828e-03, ..., 2.0550015e-16,
       1.4707127e-16, 3.6944808e-17], shape=(1025,), dtype=float32))",CV
15,"(array([0.00000000e+00, 4.88281250e-01, 9.76562500e-01, ...,
       4.99023438e+02, 4.99511719e+02, 5.00000000e+02], shape=(1025,)), array([1.0992270e-02, 4.8778821e-03, 2.3218654e-03, ..., 2.7911332e-16,
       2.0708313e-16, 4.8787185e-17], shape=(1025,), dtype=float32))",CV
16,"(array([0.00000000e+00, 4.88281250e-01, 9.76562500e-01, ...,
       4.99023438e+02, 4.99511719e+02, 5.00000000e+02], shape=(1025,)), array([7.5816950e-03, 2.9153840e-03, 3.5575468e-03, ..., 6.2506267e-17,
       1.8391910e-16, 1.2142994e-16], shape=(1025,), dtype=float32))",CV
17,"(array([0.00000000e+00, 4.88281250e-01, 9.76562500e-01, ...,
       4.99023438e+02, 4.99511719e+02, 5.00000000e+02], shape=(1025,)), array([8.9622363e-03, 3.1191735e-03, 6.2830220e-03, ..., 1.9769085e-16,
       3.2896107e-16, 4.5183232e-17], shape=(1025,), dtype=float32))",CV
18,"(array([0.00000000e+00, 4.88281250e-01, 9.76562500e-01, ...,
       4.99023438e+02, 4.99511719e+02, 5.00000000e+02], shape=(1025,)), array([1.0093957e-02, 4.0604440e-03, 3.4508752e-03, ..., 1.3093908e-16,
       1.4089014e-16, 1.2448163e-16], shape=(1025,), dtype=float32))",CV
19,"(array([0.00000000e+00, 4.88281250e-01, 9.76562500e-01, ...,
       4.99023438e+02, 4.99511719e+02, 5.00000000e+02], shape=(1025,)), array([7.9814428e-03, 3.3926289e-03, 3.7584135e-03, ..., 1.2643376e-16,
       1.7305272e-16, 7.4151514e-17], shape=(1025,), dtype=float32))",CV
20,"(array([0.00000000e+00, 4.88281250e-01, 9.76562500e-01, ...,
       4.99023438e+02, 4.99511719e+02, 5.00000000e+02], shape=(1025,)), array([9.4723720e-03, 3.2809612e-03, 4.8656953e-03, ..., 3.1313199e-16,
       6.4756182e-16, 1.5713924e-16], shape=(1025,), dtype=float32))",CV
21,"(array([0.00000000e+00, 4.88281250e-01, 9.76562500e-01, ...,
       4.99023438e+02, 4.99511719e+02, 5.00000000e+02], shape=(1025,)), array([9.9393167e-03, 3.7535566e-03, 6.1353045e-03, ..., 4.6538912e-16,
       4.7051844e-16, 1.4069657e-16], shape=(1025,), dtype=float32))",CV
22,"(array([0.00000000e+00, 4.88281250e-01, 9.76562500e-01, ...,
       4.99023438e+02, 4.99511719e+02, 5.00000000e+02], shape=(1025,)), array([6.4244005e-03, 2.3974502e-03, 1.9555518e-03, ..., 2.1114166e-16,
       1.3682929e-16, 1.5395092e-17], shape=(1025,), dtype=float32))",CV
23,"(array([0.00000000e+00, 4.88281250e-01, 9.76562500e-01, ...,
       4.99023438e+02, 4.99511719e+02, 5.00000000e+02], shape=(1025,)), array([7.9762330e-03, 3.5983697e-03, 2.9791805e-03, ..., 1.9553945e-16,
       1.6521151e-16, 3.5344945e-17], shape=(1025,), dtype=float32))",CV
24,"(array([0.00000000e+00, 4.88281250e-01, 9.76562500e-01, ...,
       4.99023438e+02, 4.99511719e+02, 5.00000000e+02], shape=(1025,)), array([5.3537716e-03, 2.2134350e-03, 2.7515395e-03, ..., 1.1422675e-16,
       2.2535161e-16, 3.5982615e-17], shape=(1025,), dtype=float32))",CV
25,"(array([0.00000000e+00, 4.88281250e-01, 9.76562500e-01, ...,
       4.99023438e+02, 4.99511719e+02, 5.00000000e+02], shape=(1025,)), array([4.9035121e-03, 2.3258473e-03, 6.9411448e-03, ..., 1.2675045e-16,
       1.7077637e-16, 9.4107055e-17], shape=(1025,), dtype=float32))",CV
26,"(array([0.00000000e+00, 4.88281250e-01, 9.76562500e-01, ...,
       4.99023438e+02, 4.99511719e+02, 5.00000000e+02], shape=(1025,)), array([1.6245963e-02, 8.4478166e-03, 1.0089000e-02, ..., 1.7767572e-16,
       4.2370700e-16, 8.3853152e-17], shape=(1025,), dtype=float32))",CV
27,"(array([0.00000000e+00, 4.88281250e-01, 9.76562500e-01, ...,
       4.99023438e+02, 4.99511719e+02, 5.00000000e+02], shape=(1025,)), array([3.30269597e-02, 1.26184225e-02, 1.92458648e-02, ...,
       2.69687402e-16, 2.64292888e-16, 9.27349339e-17],
      shape=(1025,), dtype=float32))",CV
28,"(array([0.00000000e+00, 4.88281250e-01, 9.76562500e-01, ...,
       4.99023438e+02, 4.99511719e+02, 5.00000000e+02], shape=(1025,)), array([1.6597454e-02, 5.9951050e-03, 8.2250480e-03, ..., 1.1607881e-16,
       1.2326555e-16, 3.3614135e-17], shape=(1025,), dtype=float32))",CV
29,"(array([0.00000000e+00, 4.88281250e-01, 9.76562500e-01, ...,
       4.99023438e+02, 4.99511719e+02, 5.00000000e+02], shape=(1025,)), array([1.5641328e-02, 6.2306467e-03, 4.1099139e-03, ..., 1.2602454e-16,
       1.4816091e-16, 9.9612623e-17], shape=(1025,), dtype=float32))",CV
30,"(array([0.00000000e+00, 4.88281250e-01, 9.76562500e-01, ...,
       4.99023438e+02, 4.99511719e+02, 5.00000000e+02], shape=(1025,)), array([2.00581521e-01, 1.05234995e-01, 2.07992792e-01, ...,
       1.47912451e-15, 9.07398233e-16, 1.66485628e-15],
      shape=(1025,), dtype=float32))",CV
31,"(array([0.00000000e+00, 4.88281250e-01, 9.76562500e-01, ...,
       4.99023438e+02, 4.99511719e+02, 5.00000000e+02], shape=(1025,)), array([6.8325470e-03, 2.0871593e-03, 1.1024342e-02, ..., 2.2392629e-16,
       1.2122443e-16, 7.3627710e-17], shape=(1025,), dtype=float32))",CV
32,"(array([0.00000000e+00, 4.88281250e-01, 9.76562500e-01, ...,
       4.99023438e+02, 4.99511719e+02, 5.00000000e+02], shape=(1025,)), array([7.3001012e-02, 2.7126219e-02, 3.0188944e-02, ..., 3.9695757e-16,
       3.8658319e-16, 2.6900416e-16], shape=(1025,), dtype=float32))",CV
33,"(array([0.00000000e+00, 4.88281250e-01, 9.76562500e-01, ...,
       4.99023438e+02, 4.99511719e+02, 5.00000000e+02], shape=(1025,)), array([1.9475589e-02, 6.9039362e-03, 2.6250578e-02, ..., 2.0072831e-16,
       1.8830405e-16, 6.1580367e-17], shape=(1025,), dtype=float32))",CV
34,"(array([0.00000000e+00, 4.88281250e-01, 9.76562500e-01, ...,
       4.99023438e+02, 4.99511719e+02, 5.00000000e+02], shape=(1025,)), array([1.4196328e-02, 6.4141033e-03, 7.6830611e-03, ..., 1.9371557e-16,
       1.8185227e-16, 9.5649991e-17], shape=(1025,), dtype=float32))",CV
35,"(array([0.00000000e+00, 4.88281250e-01, 9.76562500e-01, ...,
       4.99023438e+02, 4.99511719e+02, 5.00000000e+02], shape=(1025,)), array([4.6542371e-03, 1.9664196e-03, 5.6097698e-03, ..., 1.6434717e-16,
       1.0102535e-16, 3.8607289e-17], shape=(1025,), dtype=float32))",CV
36,"(array([0.00000000e+00, 4.88281250e-01, 9.76562500e-01, ...,
       4.99023438e+02, 4.99511719e+02, 5.00000000e+02], shape=(1025,)), array([3.0724371e-03, 1.4129977e-03, 2.0389403e-03, ..., 1.8120618e-16,
       1.9801485e-16, 2.7539223e-17], shape=(1025,), dtype=float32))",CV
37,"(array([0.00000000e+00, 4.88281250e-01, 9.76562500e-01, ...,
       4.99023438e+02, 4.99511719e+02, 5.00000000e+02], shape=(1025,)), array([7.1031926e-03, 2.9520106e-03, 2.7934590e-03, ..., 1.2394358e-16,
       2.3618291e-16, 7.7476489e-17], shape=(1025,), dtype=float32))",CV
38,"(array([0.00000000e+00, 4.88281250e-01, 9.76562500e-01, ...,
       4.99023438e+02, 4.99511719e+02, 5.00000000e+02], shape=(1025,)), array([7.5721075e-03, 2.9215068e-03, 4.6439227e-03, ..., 1.3953583e-16,
       2.3196564e-16, 6.2400229e-17], shape=(1025,), dtype=float32))",CV
39,"(array([0.00000000e+00, 4.88281250e-01, 9.76562500e-01, ...,
       4.99023438e+02, 4.99511719e+02, 5.00000000e+02], shape=(1025,)), array([4.2777569e-03, 1.8357297e-03, 2.7335060e-03, ..., 1.7507198e-16,
       1.2371807e-16, 4.8121047e-17], shape=(1025,), dtype=float32))",CV
40,"(array([0.00000000e+00, 4.88281250e-01, 9.76562500e-01, ...,
       4.99023438e+02, 4.99511719e+02, 5.00000000e+02], shape=(1025,)), array([4.8562232e-03, 2.0195474e-03, 3.8524063e-03, ..., 1.3606810e-16,
       8.4995567e-17, 4.8217840e-17], shape=(1025,), dtype=float32))",CV
41,"(array([0.00000000e+00, 4.88281250e-01, 9.76562500e-01, ...,
       4.99023438e+02, 4.99511719e+02, 5.00000000e+02], shape=(1025,)), array([9.1333035e-03, 3.2421073e-03, 3.7143948e-03, ..., 2.8655567e-16,
       1.4684344e-16, 4.2564246e-17], shape=(1025,), dtype=float32))",CV
42,"(array([0.00000000e+00, 4.88281250e-01, 9.76562500e-01, ...,
       4.99023438e+02, 4.99511719e+02, 5.00000000e+02], shape=(1025,)), array([9.8518170e-03, 4.0805335e-03, 6.0991277e-03, ..., 2.1938290e-16,
       1.3004595e-16, 1.5293180e-16], shape=(1025,), dtype=float32))",CV
43,"(array([0.00000000e+00, 4.88281250e-01, 9.76562500e-01, ...,
       4.99023438e+02, 4.99511719e+02, 5.00000000e+02], shape=(1025,)), array([1.0045042e-02, 3.9930758e-03, 5.1555145e-03, ..., 9.0649704e-17,
       1.6243812e-16, 5.4383850e-17], shape=(1025,), dtype=float32))",CV
44,"(array([0.00000000e+00, 4.88281250e-01, 9.76562500e-01, ...,
       4.99023438e+02, 4.99511719e+02, 5.00000000e+02], shape=(1025,)), array([8.6916415e-03, 3.1673422e-03, 5.5985618e-03, ..., 2.4169990e-16,
       1.2733020e-16, 8.6289953e-17], shape=(1025,), dtype=float32))",CV
45,"(array([0.00000000e+00, 4.88281250e-01, 9.76562500e-01, ...,
       4.99023438e+02, 4.99511719e+02, 5.00000000e+02], shape=(1025,)), array([6.7373258e-03, 2.7749254e-03, 4.0265759e-03, ..., 1.6745366e-16,
       1.8067333e-16, 8.3904390e-17], shape=(1025,), dtype=float32))",CV
46,"(array([0.00000000e+00, 4.88281250e-01, 9.76562500e-01, ...,
       4.99023438e+02, 4.99511719e+02, 5.00000000e+02], shape=(1025,)), array([6.7872731e-03, 2.7713424e-03, 3.1637491e-03, ..., 2.0620044e-16,
       2.9562424e-16, 7.3081149e-17], shape=(1025,), dtype=float32))",CV
47,"(array([0.00000000e+00, 4.88281250e-01, 9.76562500e-01, ...,
       4.99023438e+02, 4.99511719e+02, 5.00000000e+02], shape=(1025,)), array([3.3337905e-03, 1.4785829e-03, 6.8849702e-03, ..., 2.5799718e-16,
       2.8800841e-16, 4.4682202e-17], shape=(1025,), dtype=float32))",CV
48,"(array([0.00000000e+00, 4.88281250e-01, 9.76562500e-01, ...,
       4.99023438e+02, 4.99511719e+02, 5.00000000e+02], shape=(1025,)), array([2.7292900e-02, 9.4544599e-03, 8.1570074e-02, ..., 3.1777452e-16,
       5.5178363e-16, 5.5497482e-16], shape=(1025,), dtype=float32))",CV
49,"(array([0.00000000e+00, 4.88281250e-01, 9.76562500e-01, ...,
       4.99023438e+02, 4.99511719e+02, 5.00000000e+02], shape=(1025,)), array([2.1496264e-02, 4.3055234e-03, 1.9265119e-02, ..., 4.2358794e-16,
       4.0832565e-16, 3.7462911e-17], shape=(1025,), dtype=float32))",CV
50,"(array([0.00000000e+00, 4.88281250e-01, 9.76562500e-01, ...,
       4.99023438e+02, 4.99511719e+02, 5.00000000e+02], shape=(1025,)), array([2.9139353e-02, 1.1118939e-02, 1.6399790e-02, ..., 3.2704392e-16,
       1.2527445e-16, 9.7221370e-17], shape=(1025,), dtype=float32))",CV
51,"(array([0.00000000e+00, 4.88281250e-01, 9.76562500e-01, ...,
       4.99023438e+02, 4.99511719e+02, 5.00000000e+02], shape=(1025,)), array([1.18978415e-02, 4.49830480e-03, 4.27227886e-03, ...,
       3.07210141e-16, 4.22459085e-16, 1.33181201e-16],
      shape=(1025,), dtype=float32))",CV
52,"(array([0.00000000e+00, 4.88281250e-01, 9.76562500e-01, ...,
       4.99023438e+02, 4.99511719e+02, 5.00000000e+02], shape=(1025,)), array([8.6002098e-03, 2.5427511e-03, 1.6344162e-02, ..., 2.2514914e-16,
       1.3142399e-16, 8.8817837e-17], shape=(1025,), dtype=float32))",CV
53,"(array([0.00000000e+00, 4.88281250e-01, 9.76562500e-01, ...,
       4.99023438e+02, 4.99511719e+02, 5.00000000e+02], shape=(1025,)), array([1.3282541e-02, 3.7919173e-03, 1.7285077e-02, ..., 2.8152977e-16,
       1.9837993e-16, 1.4367995e-16], shape=(1025,), dtype=float32))",CV
54,"(array([0.00000000e+00, 4.88281250e-01, 9.76562500e-01, ...,
       4.99023438e+02, 4.99511719e+02, 5.00000000e+02], shape=(1025,)), array([8.8957762e-03, 3.7789198e-03, 1.6971081e-02, ..., 4.0963601e-16,
       2.5593058e-16, 3.7733918e-16], shape=(1025,), dtype=float32))",CV
55,"(array([0.00000000e+00, 4.88281250e-01, 9.76562500e-01, ...,
       4.99023438e+02, 4.99511719e+02, 5.00000000e+02], shape=(1025,)), array([1.4796211e-02, 5.5346037e-03, 1.7016686e-02, ..., 9.1026885e-17,
       7.5631102e-17, 6.5087540e-17], shape=(1025,), dtype=float32))",CV
56,"(array([0.00000000e+00, 4.88281250e-01, 9.76562500e-01, ...,
       4.99023438e+02, 4.99511719e+02, 5.00000000e+02], shape=(1025,)), array([2.00319458e-02, 8.64809845e-03, 1.01956449e-01, ...,
       3.17248805e-16, 2.25554604e-16, 1.00637454e-16],
      shape=(1025,), dtype=float32))",CV
57,"(array([0.00000000e+00, 4.88281250e-01, 9.76562500e-01, ...,
       4.99023438e+02, 4.99511719e+02, 5.00000000e+02], shape=(1025,)), array([1.6994406e-01, 5.5166405e-02, 1.2710777e-01, ..., 3.3867654e-16,
       5.3547549e-16, 2.5224265e-16], shape=(1025,), dtype=float32))",CV
58,"(array([0.00000000e+00, 4.88281250e-01, 9.76562500e-01, ...,
       4.99023438e+02, 4.99511719e+02, 5.00000000e+02], shape=(1025,)), array([7.45647326e-02, 3.55911590e-02, 4.04857174e-02, ...,
       8.78386401e-16, 5.91199404e-16, 1.00660224e-16],
      shape=(1025,), dtype=float32))",CV
59,"(array([0.00000000e+00, 4.88281250e-01, 9.76562500e-01, ...,
       4.99023438e+02, 4.99511719e+02, 5.00000000e+02], shape=(1025,)), array([1.0747471e-02, 4.5930599e-03, 1.6846549e-02, ..., 3.5469348e-16,
       2.2352559e-16, 2.1480254e-16], shape=(1025,), dtype=float32))",CV
60,"(array([0.00000000e+00, 4.88281250e-01, 9.76562500e-01, ...,
       4.99023438e+02, 4.99511719e+02, 5.00000000e+02], shape=(1025,)), array([1.26680965e-02, 5.06225415e-03, 1.46157695e-02, ...,
       3.20043114e-16, 2.54100170e-16, 1.01707825e-16],
      shape=(1025,), dtype=float32))",CV
61,"(array([0.00000000e+00, 4.88281250e-01, 9.76562500e-01, ...,
       4.99023438e+02, 4.99511719e+02, 5.00000000e+02], shape=(1025,)), array([4.2591766e-03, 1.6299987e-03, 7.3798429e-03, ..., 2.2929237e-16,
       2.7803613e-16, 1.5415588e-16], shape=(1025,), dtype=float32))",CV
62,"(array([0.00000000e+00, 4.88281250e-01, 9.76562500e-01, ...,
       4.99023438e+02, 4.99511719e+02, 5.00000000e+02], shape=(1025,)), array([2.1952575e-03, 1.0286894e-03, 3.3029215e-03, ..., 1.7080925e-16,
       1.9556810e-16, 1.0915485e-16], shape=(1025,), dtype=float32))",CV
63,"(array([0.00000000e+00, 4.88281250e-01, 9.76562500e-01, ...,
       4.99023438e+02, 4.99511719e+02, 5.00000000e+02], shape=(1025,)), array([7.6376023e-03, 2.8352009e-03, 3.6883263e-03, ..., 1.7093233e-16,
       1.9888222e-16, 8.4468058e-17], shape=(1025,), dtype=float32))",CV
64,"(array([0.00000000e+00, 4.88281250e-01, 9.76562500e-01, ...,
       4.99023438e+02, 4.99511719e+02, 5.00000000e+02], shape=(1025,)), array([3.6288169e-03, 1.4536392e-03, 3.5266469e-03, ..., 2.4245082e-16,
       1.5813025e-16, 9.5763844e-17], shape=(1025,), dtype=float32))",CV
65,"(array([0.00000000e+00, 4.88281250e-01, 9.76562500e-01, ...,
       4.99023438e+02, 4.99511719e+02, 5.00000000e+02], shape=(1025,)), array([9.1731390e-03, 4.1081505e-03, 5.3351903e-03, ..., 2.1445522e-16,
       3.5571217e-16, 1.2272805e-16], shape=(1025,), dtype=float32))",CV
66,"(array([0.00000000e+00, 4.88281250e-01, 9.76562500e-01, ...,
       4.99023438e+02, 4.99511719e+02, 5.00000000e+02], shape=(1025,)), array([2.9251575e-03, 1.1435454e-03, 3.6613136e-03, ..., 9.7693928e-17,
       1.3950060e-16, 2.6986958e-17], shape=(1025,), dtype=float32))",CV
67,"(array([0.00000000e+00, 4.88281250e-01, 9.76562500e-01, ...,
       4.99023438e+02, 4.99511719e+02, 5.00000000e+02], shape=(1025,)), array([4.8236102e-03, 1.8179822e-03, 3.2985087e-03, ..., 1.8489198e-16,
       1.4424945e-16, 7.8797364e-17], shape=(1025,), dtype=float32))",CV
68,"(array([0.00000000e+00, 4.88281250e-01, 9.76562500e-01, ...,
       4.99023438e+02, 4.99511719e+02, 5.00000000e+02], shape=(1025,)), array([9.7970646e-03, 3.8170912e-03, 8.1054233e-03, ..., 1.7683417e-16,
       2.0070718e-16, 6.7865941e-17], shape=(1025,), dtype=float32))",CV
69,"(array([0.00000000e+00, 4.88281250e-01, 9.76562500e-01, ...,
       4.99023438e+02, 4.99511719e+02, 5.00000000e+02], shape=(1025,)), array([5.8727778e-02, 2.7224453e-02, 5.9687052e-02, ..., 3.6908362e-16,
       1.2482588e-15, 3.9444230e-17], shape=(1025,), dtype=float32))",CV
70,"(array([0.00000000e+00, 4.88281250e-01, 9.76562500e-01, ...,
       4.99023438e+02, 4.99511719e+02, 5.00000000e+02], shape=(1025,)), array([5.8958554e-03, 2.3116027e-03, 7.8410301e-03, ..., 8.0695437e-16,
       4.0896524e-16, 1.2580251e-16], shape=(1025,), dtype=float32))",CV
71,"(array([0.00000000e+00, 4.88281250e-01, 9.76562500e-01, ...,
       4.99023438e+02, 4.99511719e+02, 5.00000000e+02], shape=(1025,)), array([2.7807781e-02, 1.2910827e-02, 1.3983807e-02, ..., 5.0193754e-16,
       3.8219349e-16, 7.2990053e-17], shape=(1025,), dtype=float32))",CV
72,"(array([0.00000000e+00, 4.88281250e-01, 9.76562500e-01, ...,
       4.99023438e+02, 4.99511719e+02, 5.00000000e+02], shape=(1025,)), array([1.0494601e-02, 4.2525297e-03, 4.5235367e-03, ..., 1.5963767e-16,
       1.4584403e-16, 9.8064002e-17], shape=(1025,), dtype=float32))",CV
73,"(array([0.00000000e+00, 4.88281250e-01, 9.76562500e-01, ...,
       4.99023438e+02, 4.99511719e+02, 5.00000000e+02], shape=(1025,)), array([4.5062822e-01, 1.7233311e-01, 9.0979666e-02, ..., 4.5955915e-16,
       3.3973475e-16, 1.5504406e-15], shape=(1025,), dtype=float32))",CV
74,"(array([0.00000000e+00, 4.88281250e-01, 9.76562500e-01, ...,
       4.99023438e+02, 4.99511719e+02, 5.00000000e+02], shape=(1025,)), array([1.0431890e-02, 3.6459193e-03, 1.4245615e-02, ..., 1.2955311e-16,
       3.4096594e-16, 8.5811704e-17], shape=(1025,), dtype=float32))",CV
75,"(array([0.00000000e+00, 4.88281250e-01, 9.76562500e-01, ...,
       4.99023438e+02, 4.99511719e+02, 5.00000000e+02], shape=(1025,)), array([3.2920851e-03, 1.3678689e-03, 1.8388345e-03, ..., 1.5255601e-16,
       1.5603723e-16, 1.2047912e-16], shape=(1025,), dtype=float32))",CV
76,"(array([0.00000000e+00, 4.88281250e-01, 9.76562500e-01, ...,
       4.99023438e+02, 4.99511719e+02, 5.00000000e+02], shape=(1025,)), array([8.0769556e-03, 2.5511333e-03, 5.5808518e-03, ..., 1.5205215e-16,
       2.5808673e-16, 7.9457798e-17], shape=(1025,), dtype=float32))",CV
77,"(array([0.00000000e+00, 4.88281250e-01, 9.76562500e-01, ...,
       4.99023438e+02, 4.99511719e+02, 5.00000000e+02], shape=(1025,)), array([1.0467643e+00, 4.4534874e-01, 4.8292300e-01, ..., 3.2466002e-15,
       6.0041602e-16, 4.6299145e-17], shape=(1025,), dtype=float32))",CV
78,"(array([0.00000000e+00, 4.88281250e-01, 9.76562500e-01, ...,
       4.99023438e+02, 4.99511719e+02, 5.00000000e+02], shape=(1025,)), array([4.9800318e-02, 1.7332342e-02, 2.4598144e-02, ..., 3.8074382e-16,
       6.1488557e-16, 5.2470849e-17], shape=(1025,), dtype=float32))",CV
79,"(array([0.00000000e+00, 4.88281250e-01, 9.76562500e-01, ...,
       4.99023438e+02, 4.99511719e+02, 5.00000000e+02], shape=(1025,)), array([2.3188289e-02, 8.7096114e-03, 5.9857746e-03, ..., 2.1495777e-16,
       1.9611218e-16, 1.6333372e-16], shape=(1025,), dtype=float32))",CV
80,"(array([0.00000000e+00, 4.88281250e-01, 9.76562500e-01, ...,
       4.99023438e+02, 4.99511719e+02, 5.00000000e+02], shape=(1025,)), array([9.9713420e-03, 4.4385400e-03, 5.9034182e-03, ..., 2.9366820e-16,
       2.0264861e-16, 5.5021517e-17], shape=(1025,), dtype=float32))",CV
81,"(array([0.00000000e+00, 4.88281250e-01, 9.76562500e-01, ...,
       4.99023438e+02, 4.99511719e+02, 5.00000000e+02], shape=(1025,)), array([3.2841170e-03, 1.4187836e-03, 1.9567672e-03, ..., 3.3382485e-17,
       4.2654270e-17, 1.9135690e-17], shape=(1025,), dtype=float32))",CV
82,"(array([0.00000000e+00, 4.88281250e-01, 9.76562500e-01, ...,
       4.99023438e+02, 4.99511719e+02, 5.00000000e+02], shape=(1025,)), array([2.6387956e-03, 1.1650369e-03, 2.0750302e-03, ..., 3.0523441e-17,
       4.3343311e-17, 5.3803119e-18], shape=(1025,), dtype=float32))",CV
83,"(array([0.00000000e+00, 4.88281250e-01, 9.76562500e-01, ...,
       4.99023438e+02, 4.99511719e+02, 5.00000000e+02], shape=(1025,)), array([4.9917988e-04, 1.7988907e-04, 1.5991952e-03, ..., 3.9974079e-17,
       2.9331997e-17, 1.2889974e-17], shape=(1025,), dtype=float32))",CV
84,"(array([0.00000000e+00, 4.88281250e-01, 9.76562500e-01, ...,
       4.99023438e+02, 4.99511719e+02, 5.00000000e+02], shape=(1025,)), array([2.8540757e-03, 9.3797874e-04, 2.7216086e-03, ..., 4.9598368e-17,
       3.1489780e-17, 2.3111143e-17], shape=(1025,), dtype=float32))",CV
85,"(array([0.00000000e+00, 4.88281250e-01, 9.76562500e-01, ...,
       4.99023438e+02, 4.99511719e+02, 5.00000000e+02], shape=(1025,)), array([2.9503605e-03, 1.1210350e-03, 3.4841611e-03, ..., 5.1500827e-17,
       2.3199971e-17, 1.6306044e-17], shape=(1025,), dtype=float32))",CV
86,"(array([0.00000000e+00, 4.88281250e-01, 9.76562500e-01, ...,
       4.99023438e+02, 4.99511719e+02, 5.00000000e+02], shape=(1025,)), array([1.1729053e-03, 4.6303819e-04, 9.4908406e-04, ..., 2.4541668e-17,
       7.1935080e-17, 2.1054384e-17], shape=(1025,), dtype=float32))",CV
87,"(array([0.00000000e+00, 4.88281250e-01, 9.76562500e-01, ...,
       4.99023438e+02, 4.99511719e+02, 5.00000000e+02], shape=(1025,)), array([1.6017036e-03, 7.4000988e-04, 1.2989020e-03, ..., 4.1639766e-17,
       2.9277327e-17, 8.2725853e-18], shape=(1025,), dtype=float32))",CV
88,"(array([0.00000000e+00, 4.88281250e-01, 9.76562500e-01, ...,
       4.99023438e+02, 4.99511719e+02, 5.00000000e+02], shape=(1025,)), array([3.1281346e-03, 1.1544039e-03, 1.2005892e-03, ..., 3.8094394e-17,
       2.8527898e-17, 1.9551310e-17], shape=(1025,), dtype=float32))",CV
89,"(array([0.00000000e+00, 4.88281250e-01, 9.76562500e-01, ...,
       4.99023438e+02, 4.99511719e+02, 5.00000000e+02], shape=(1025,)), array([1.6360094e-03, 5.3719914e-04, 2.3491583e-03, ..., 3.4374923e-17,
       4.7804018e-17, 3.9854157e-18], shape=(1025,), dtype=float32))",CV
90,"(array([0.00000000e+00, 4.88281250e-01, 9.76562500e-01, ...,
       4.99023438e+02, 4.99511719e+02, 5.00000000e+02], shape=(1025,)), array([2.1196748e-03, 9.5869793e-04, 2.2339672e-03, ..., 5.7808635e-17,
       4.0192273e-17, 1.9648102e-17], shape=(1025,), dtype=float32))",CV
91,"(array([0.00000000e+00, 4.88281250e-01, 9.76562500e-01, ...,
       4.99023438e+02, 4.99511719e+02, 5.00000000e+02], shape=(1025,)), array([1.6944893e-03, 7.2779786e-04, 1.8753677e-03, ..., 3.3915891e-17,
       4.4474752e-17, 2.2785190e-17], shape=(1025,), dtype=float32))",CV
92,"(array([0.00000000e+00, 4.88281250e-01, 9.76562500e-01, ...,
       4.99023438e+02, 4.99511719e+02, 5.00000000e+02], shape=(1025,)), array([3.2309345e-03, 1.2645943e-03, 1.2741680e-03, ..., 1.1398281e-16,
       7.9512187e-17, 3.8009479e-17], shape=(1025,), dtype=float32))",CV
93,"(array([0.00000000e+00, 4.88281250e-01, 9.76562500e-01, ...,
       4.99023438e+02, 4.99511719e+02, 5.00000000e+02], shape=(1025,)), array([2.3965493e-03, 1.0842574e-03, 2.8327790e-03, ..., 4.2894457e-17,
       3.6588276e-17, 2.3462710e-17], shape=(1025,), dtype=float32))",CV
94,"(array([0.00000000e+00, 4.88281250e-01, 9.76562500e-01, ...,
       4.99023438e+02, 4.99511719e+02, 5.00000000e+02], shape=(1025,)), array([1.7923062e-03, 5.6810270e-04, 1.1733843e-03, ..., 3.7036787e-17,
       4.5609978e-17, 2.2210155e-17], shape=(1025,), dtype=float32))",CV
95,"(array([0.00000000e+00, 4.88281250e-01, 9.76562500e-01, ...,
       4.99023438e+02, 4.99511719e+02, 5.00000000e+02], shape=(1025,)), array([3.4086581e-02, 1.4179124e-02, 1.2605516e-02, ..., 1.1765873e-16,
       7.3448596e-17, 5.8848937e-17], shape=(1025,), dtype=float32))",CV
96,"(array([0.00000000e+00, 4.88281250e-01, 9.76562500e-01, ...,
       4.99023438e+02, 4.99511719e+02, 5.00000000e+02], shape=(1025,)), array([8.5839588e-04, 3.4621090e-04, 7.1024761e-04, ..., 3.3086523e-17,
       2.0571810e-17, 1.3032311e-17], shape=(1025,), dtype=float32))",CV
97,"(array([0.00000000e+00, 4.88281250e-01, 9.76562500e-01, ...,
       4.99023438e+02, 4.99511719e+02, 5.00000000e+02], shape=(1025,)), array([3.02865878e-02, 8.60139448e-03, 3.20317000e-02, ...,
       1.36036403e-16, 2.54602063e-16, 1.02299934e-16],
      shape=(1025,), dtype=float32))",CV
98,"(array([0.00000000e+00, 4.88281250e-01, 9.76562500e-01, ...,
       4.99023438e+02, 4.99511719e+02, 5.00000000e+02], shape=(1025,)), array([1.9323948e-03, 8.3640002e-04, 1.5996994e-03, ..., 4.1690293e-17,
       3.3409580e-17, 2.0645879e-17], shape=(1025,), dtype=float32))",CV
99,"(array([0.00000000e+00, 4.88281250e-01, 9.76562500e-01, ...,
       4.99023438e+02, 4.99511719e+02, 5.00000000e+02], shape=(1025,)), array([2.3864622e-03, 9.4406551e-04, 5.0706360e-03, ..., 6.3248546e-17,
       8.6718525e-17, 3.1165952e-17], shape=(1025,), dtype=float32))",CV
100,"(array([0.00000000e+00, 4.88281250e-01, 9.76562500e-01, ...,
       4.99023438e+02, 4.99511719e+02, 5.00000000e+02], shape=(1025,)), array([3.0078539e-03, 1.1167462e-03, 1.4896070e-03, ..., 5.7017242e-17,
       9.2164927e-17, 3.3819101e-17], shape=(1025,), dtype=float32))",CV
101,"(array([0.00000000e+00, 4.88281250e-01, 9.76562500e-01, ...,
       4.99023438e+02, 4.99511719e+02, 5.00000000e+02], shape=(1025,)), array([2.8818734e-03, 1.3877936e-03, 6.5367254e-03, ..., 1.0759239e-16,
       8.8200469e-17, 1.8731454e-17], shape=(1025,), dtype=float32))",CV
102,"(array([0.00000000e+00, 4.88281250e-01, 9.76562500e-01, ...,
       4.99023438e+02, 4.99511719e+02, 5.00000000e+02], shape=(1025,)), array([4.8630489e-03, 1.6460138e-03, 1.1633574e-03, ..., 6.2377094e-17,
       8.8050828e-17, 5.0956387e-17], shape=(1025,), dtype=float32))",CV
103,"(array([0.00000000e+00, 4.88281250e-01, 9.76562500e-01, ...,
       4.99023438e+02, 4.99511719e+02, 5.00000000e+02], shape=(1025,)), array([1.4413074e-02, 4.5578093e-03, 6.4128019e-02, ..., 3.0639950e-16,
       1.6374632e-16, 1.8613599e-16], shape=(1025,), dtype=float32))",CV
104,"(array([0.00000000e+00, 4.88281250e-01, 9.76562500e-01, ...,
       4.99023438e+02, 4.99511719e+02, 5.00000000e+02], shape=(1025,)), array([6.3465927e-03, 2.6784914e-03, 4.2553744e-03, ..., 1.0135197e-16,
       8.9370804e-17, 2.1088545e-17], shape=(1025,), dtype=float32))",CV
105,"(array([0.00000000e+00, 4.88281250e-01, 9.76562500e-01, ...,
       4.99023438e+02, 4.99511719e+02, 5.00000000e+02], shape=(1025,)), array([4.7390163e-03, 1.5618778e-03, 4.2310352e-03, ..., 5.2086537e-17,
       1.0310875e-16, 5.1582669e-17], shape=(1025,), dtype=float32))",CV
106,"(array([0.00000000e+00, 4.88281250e-01, 9.76562500e-01, ...,
       4.99023438e+02, 4.99511719e+02, 5.00000000e+02], shape=(1025,)), array([3.3767696e-03, 1.8318793e-03, 9.2597269e-03, ..., 6.6055428e-17,
       5.3744757e-17, 2.3206507e-17], shape=(1025,), dtype=float32))",CV
107,"(array([0.00000000e+00, 4.88281250e-01, 9.76562500e-01, ...,
       4.99023438e+02, 4.99511719e+02, 5.00000000e+02], shape=(1025,)), array([4.6951645e-03, 1.8167640e-03, 2.8781223e-03, ..., 5.6843064e-17,
       1.3153302e-16, 1.4353192e-17], shape=(1025,), dtype=float32))",CV
108,"(array([0.00000000e+00, 4.88281250e-01, 9.76562500e-01, ...,
       4.99023438e+02, 4.99511719e+02, 5.00000000e+02], shape=(1025,)), array([3.7121114e-03, 1.6887945e-03, 1.7848969e-03, ..., 4.7606236e-17,
       5.1912618e-17, 1.8897987e-17], shape=(1025,), dtype=float32))",CV
109,"(array([0.00000000e+00, 4.88281250e-01, 9.76562500e-01, ...,
       4.99023438e+02, 4.99511719e+02, 5.00000000e+02], shape=(1025,)), array([3.9231731e-03, 1.4670228e-03, 2.3783660e-03, ..., 3.1930475e-17,
       3.4023629e-17, 2.4373666e-17], shape=(1025,), dtype=float32))",CV
110,"(array([0.00000000e+00, 4.88281250e-01, 9.76562500e-01, ...,
       4.99023438e+02, 4.99511719e+02, 5.00000000e+02], shape=(1025,)), array([3.7337674e-03, 1.3653314e-03, 3.3728639e-03, ..., 5.2450924e-17,
       1.9803925e-17, 2.1407378e-17], shape=(1025,), dtype=float32))",CV
111,"(array([0.00000000e+00, 4.88281250e-01, 9.76562500e-01, ...,
       4.99023438e+02, 4.99511719e+02, 5.00000000e+02], shape=(1025,)), array([2.0068525e-03, 7.5495173e-04, 1.6413697e-03, ..., 3.5070413e-17,
       2.1530509e-17, 1.0430403e-17], shape=(1025,), dtype=float32))",CV
112,"(array([0.00000000e+00, 4.88281250e-01, 9.76562500e-01, ...,
       4.99023438e+02, 4.99511719e+02, 5.00000000e+02], shape=(1025,)), array([3.5750298e-03, 1.4271203e-03, 4.4976035e-03, ..., 5.9692993e-17,
       4.0160985e-17, 8.9785724e-18], shape=(1025,), dtype=float32))",CV
113,"(array([0.00000000e+00, 4.88281250e-01, 9.76562500e-01, ...,
       4.99023438e+02, 4.99511719e+02, 5.00000000e+02], shape=(1025,)), array([8.0168684e-04, 3.4997478e-04, 1.0559342e-03, ..., 4.3933852e-17,
       3.6722018e-17, 9.1436826e-18], shape=(1025,), dtype=float32))",CV
114,"(array([0.00000000e+00, 4.88281250e-01, 9.76562500e-01, ...,
       4.99023438e+02, 4.99511719e+02, 5.00000000e+02], shape=(1025,)), array([1.8383123e-03, 6.5142359e-04, 1.4623825e-03, ..., 1.9731368e-17,
       4.5560830e-17, 1.1888284e-17], shape=(1025,), dtype=float32))",CV
115,"(array([0.00000000e+00, 4.88281250e-01, 9.76562500e-01, ...,
       4.99023438e+02, 4.99511719e+02, 5.00000000e+02], shape=(1025,)), array([1.6072263e-03, 5.6746381e-04, 1.6239221e-03, ..., 4.1935116e-17,
       4.0823411e-17, 1.3392421e-17], shape=(1025,), dtype=float32))",CV
116,"(array([0.00000000e+00, 4.88281250e-01, 9.76562500e-01, ...,
       4.99023438e+02, 4.99511719e+02, 5.00000000e+02], shape=(1025,)), array([1.46966823e-03, 6.01156033e-04, 5.15862426e-04, ...,
       4.22806356e-17, 4.14887127e-17, 1.30721635e-17],
      shape=(1025,), dtype=float32))",CV
117,"(array([0.00000000e+00, 4.88281250e-01, 9.76562500e-01, ...,
       4.99023438e+02, 4.99511719e+02, 5.00000000e+02], shape=(1025,)), array([1.1237974e-03, 4.7039086e-04, 1.3819069e-03, ..., 3.5393338e-17,
       5.1785718e-17, 1.6631993e-17], shape=(1025,), dtype=float32))",CV
118,"(array([0.00000000e+00, 4.88281250e-01, 9.76562500e-01, ...,
       4.99023438e+02, 4.99511719e+02, 5.00000000e+02], shape=(1025,)), array([1.8444993e-03, 7.7270041e-04, 1.9990222e-03, ..., 2.3178751e-17,
       4.1381278e-17, 1.1796831e-17], shape=(1025,), dtype=float32))",CV
119,"(array([0.00000000e+00, 4.88281250e-01, 9.76562500e-01, ...,
       4.99023438e+02, 4.99511719e+02, 5.00000000e+02], shape=(1025,)), array([1.4718776e-03, 5.8500067e-04, 1.7456694e-03, ..., 2.6079569e-17,
       4.1755594e-17, 1.4142535e-17], shape=(1025,), dtype=float32))",CV
120,"(array([0.00000000e+00, 4.88281250e-01, 9.76562500e-01, ...,
       4.99023438e+02, 4.99511719e+02, 5.00000000e+02], shape=(1025,)), array([1.2316119e-03, 5.4281170e-04, 1.3595092e-03, ..., 4.4616911e-17,
       4.9469176e-17, 9.5593045e-18], shape=(1025,), dtype=float32))",CV
121,"(array([0.00000000e+00, 4.88281250e-01, 9.76562500e-01, ...,
       4.99023438e+02, 4.99511719e+02, 5.00000000e+02], shape=(1025,)), array([2.8075771e-03, 1.0298908e-03, 1.1491997e-03, ..., 3.6932397e-17,
       3.8494335e-17, 1.4672025e-17], shape=(1025,), dtype=float32))",CV
122,"(array([0.00000000e+00, 4.88281250e-01, 9.76562500e-01, ...,
       4.99023438e+02, 4.99511719e+02, 5.00000000e+02], shape=(1025,)), array([1.2950860e-03, 4.4057469e-04, 1.6016650e-03, ..., 3.4302508e-17,
       2.9762696e-17, 1.5713927e-17], shape=(1025,), dtype=float32))",CV
123,"(array([0.00000000e+00, 4.88281250e-01, 9.76562500e-01, ...,
       4.99023438e+02, 4.99511719e+02, 5.00000000e+02], shape=(1025,)), array([1.3550458e-03, 6.4825465e-04, 1.1485622e-03, ..., 4.9297460e-17,
       2.1663907e-17, 1.4057130e-17], shape=(1025,), dtype=float32))",CV
124,"(array([0.00000000e+00, 4.88281250e-01, 9.76562500e-01, ...,
       4.99023438e+02, 4.99511719e+02, 5.00000000e+02], shape=(1025,)), array([1.1973596e-02, 5.7462882e-03, 3.8919393e-02, ..., 7.9506192e-17,
       1.5342793e-16, 6.5908812e-17], shape=(1025,), dtype=float32))",CV
125,"(array([0.00000000e+00, 4.88281250e-01, 9.76562500e-01, ...,
       4.99023438e+02, 4.99511719e+02, 5.00000000e+02], shape=(1025,)), array([1.7550170e-02, 4.6588266e-03, 1.7384218e-02, ..., 4.4374918e-16,
       8.2916578e-17, 1.4548191e-17], shape=(1025,), dtype=float32))",CV
126,"(array([0.00000000e+00, 4.88281250e-01, 9.76562500e-01, ...,
       4.99023438e+02, 4.99511719e+02, 5.00000000e+02], shape=(1025,)), array([2.1166961e-01, 6.8295397e-02, 5.9023656e-02, ..., 1.8506280e-16,
       4.1114574e-16, 1.7426516e-16], shape=(1025,), dtype=float32))",CV
127,"(array([0.00000000e+00, 4.88281250e-01, 9.76562500e-01, ...,
       4.99023438e+02, 4.99511719e+02, 5.00000000e+02], shape=(1025,)), array([7.9577081e-02, 2.5907932e-02, 2.0014485e-02, ..., 5.1336205e-16,
       7.3442733e-16, 5.8622044e-16], shape=(1025,), dtype=float32))",CV
128,"(array([0.00000000e+00, 4.88281250e-01, 9.76562500e-01, ...,
       4.99023438e+02, 4.99511719e+02, 5.00000000e+02], shape=(1025,)), array([4.8102136e-03, 1.7396011e-03, 4.7583785e-03, ..., 8.3713656e-17,
       8.4972433e-17, 4.7830687e-17], shape=(1025,), dtype=float32))",CV
129,"(array([0.00000000e+00, 4.88281250e-01, 9.76562500e-01, ...,
       4.99023438e+02, 4.99511719e+02, 5.00000000e+02], shape=(1025,)), array([9.1073113e-03, 3.1909794e-03, 1.4366590e-02, ..., 2.3039439e-16,
       8.8758948e-17, 5.3951145e-17], shape=(1025,), dtype=float32))",CV
130,"(array([0.00000000e+00, 4.88281250e-01, 9.76562500e-01, ...,
       4.99023438e+02, 4.99511719e+02, 5.00000000e+02], shape=(1025,)), array([4.6820217e-03, 2.0167271e-03, 1.3581158e-03, ..., 8.2457208e-17,
       8.2205507e-17, 6.2623694e-17], shape=(1025,), dtype=float32))",CV
131,"(array([0.00000000e+00, 4.88281250e-01, 9.76562500e-01, ...,
       4.99023438e+02, 4.99511719e+02, 5.00000000e+02], shape=(1025,)), array([1.5060437e-03, 6.2425755e-04, 1.4877194e-03, ..., 6.8863944e-17,
       9.7289609e-17, 5.5027201e-17], shape=(1025,), dtype=float32))",CV
132,"(array([0.00000000e+00, 4.88281250e-01, 9.76562500e-01, ...,
       4.99023438e+02, 4.99511719e+02, 5.00000000e+02], shape=(1025,)), array([5.9818286e-03, 2.3976672e-03, 1.0539404e-02, ..., 8.6206672e-17,
       6.1333338e-17, 3.1388000e-17], shape=(1025,), dtype=float32))",CV
133,"(array([0.00000000e+00, 4.88281250e-01, 9.76562500e-01, ...,
       4.99023438e+02, 4.99511719e+02, 5.00000000e+02], shape=(1025,)), array([5.0263307e-03, 1.8995208e-03, 5.7518999e-03, ..., 8.7793019e-17,
       6.9808300e-17, 2.0268686e-17], shape=(1025,), dtype=float32))",CV
134,"(array([0.00000000e+00, 4.88281250e-01, 9.76562500e-01, ...,
       4.99023438e+02, 4.99511719e+02, 5.00000000e+02], shape=(1025,)), array([1.4265454e-03, 6.8960240e-04, 2.1946426e-03, ..., 7.9480768e-17,
       5.0147524e-17, 2.5381405e-17], shape=(1025,), dtype=float32))",CV
135,"(array([0.00000000e+00, 4.88281250e-01, 9.76562500e-01, ...,
       4.99023438e+02, 4.99511719e+02, 5.00000000e+02], shape=(1025,)), array([1.2477878e-03, 6.1076414e-04, 2.5314291e-03, ..., 6.9916296e-17,
       5.9987012e-17, 1.2525593e-17], shape=(1025,), dtype=float32))",CV
136,"(array([0.00000000e+00, 4.88281250e-01, 9.76562500e-01, ...,
       4.99023438e+02, 4.99511719e+02, 5.00000000e+02], shape=(1025,)), array([3.2229419e-03, 1.5713678e-03, 2.7079931e-03, ..., 7.7570424e-17,
       5.1727597e-17, 1.5947356e-17], shape=(1025,), dtype=float32))",CV
137,"(array([0.00000000e+00, 4.88281250e-01, 9.76562500e-01, ...,
       4.99023438e+02, 4.99511719e+02, 5.00000000e+02], shape=(1025,)), array([1.6911897e-03, 6.3540100e-04, 4.7687315e-03, ..., 1.9197072e-17,
       2.3614567e-17, 1.2316359e-17], shape=(1025,), dtype=float32))",CV
138,"(array([0.00000000e+00, 4.88281250e-01, 9.76562500e-01, ...,
       4.99023438e+02, 4.99511719e+02, 5.00000000e+02], shape=(1025,)), array([2.1059753e-03, 7.5798167e-04, 1.6065240e-03, ..., 2.8812418e-17,
       3.9911233e-17, 1.7564297e-17], shape=(1025,), dtype=float32))",CV
139,"(array([0.00000000e+00, 4.88281250e-01, 9.76562500e-01, ...,
       4.99023438e+02, 4.99511719e+02, 5.00000000e+02], shape=(1025,)), array([2.9359704e-03, 1.1730377e-03, 1.2319927e-03, ..., 4.0687807e-17,
       4.7112608e-17, 1.3083550e-17], shape=(1025,), dtype=float32))",CV
140,"(array([0.00000000e+00, 4.88281250e-01, 9.76562500e-01, ...,
       4.99023438e+02, 4.99511719e+02, 5.00000000e+02], shape=(1025,)), array([1.7822038e-03, 7.5066800e-04, 8.2185090e-04, ..., 6.3350415e-17,
       5.0403126e-17, 1.1063800e-17], shape=(1025,), dtype=float32))",CV
141,"(array([0.00000000e+00, 4.88281250e-01, 9.76562500e-01, ...,
       4.99023438e+02, 4.99511719e+02, 5.00000000e+02], shape=(1025,)), array([1.1374676e-03, 4.4697264e-04, 5.8279664e-04, ..., 4.8008471e-17,
       1.7271978e-17, 8.4718556e-18], shape=(1025,), dtype=float32))",CV
142,"(array([0.00000000e+00, 4.88281250e-01, 9.76562500e-01, ...,
       4.99023438e+02, 4.99511719e+02, 5.00000000e+02], shape=(1025,)), array([1.6091114e-03, 6.1545271e-04, 1.1094444e-03, ..., 2.5001653e-17,
       3.8635221e-17, 9.6788676e-18], shape=(1025,), dtype=float32))",CV
143,"(array([0.00000000e+00, 4.88281250e-01, 9.76562500e-01, ...,
       4.99023438e+02, 4.99511719e+02, 5.00000000e+02], shape=(1025,)), array([1.2489900e-03, 5.9669674e-04, 1.3833387e-03, ..., 4.5402117e-17,
       4.3491072e-17, 9.2091581e-18], shape=(1025,), dtype=float32))",CV
144,"(array([0.00000000e+00, 4.88281250e-01, 9.76562500e-01, ...,
       4.99023438e+02, 4.99511719e+02, 5.00000000e+02], shape=(1025,)), array([1.6677321e-03, 6.4883824e-04, 1.9896145e-03, ..., 2.1277138e-17,
       4.0791978e-17, 1.5419289e-17], shape=(1025,), dtype=float32))",CV
145,"(array([0.00000000e+00, 4.88281250e-01, 9.76562500e-01, ...,
       4.99023438e+02, 4.99511719e+02, 5.00000000e+02], shape=(1025,)), array([2.4578953e-03, 9.0204150e-04, 2.1452669e-03, ..., 9.4062926e-18,
       4.8166777e-17, 8.5188262e-18], shape=(1025,), dtype=float32))",CV
146,"(array([0.00000000e+00, 4.88281250e-01, 9.76562500e-01, ...,
       4.99023438e+02, 4.99511719e+02, 5.00000000e+02], shape=(1025,)), array([4.0168385e-03, 1.7497215e-03, 1.3626555e-03, ..., 2.9492076e-17,
       3.6368011e-17, 2.6076009e-17], shape=(1025,), dtype=float32))",CV
147,"(array([0.00000000e+00, 4.88281250e-01, 9.76562500e-01, ...,
       4.99023438e+02, 4.99511719e+02, 5.00000000e+02], shape=(1025,)), array([2.4147409e-03, 1.0349407e-03, 1.2636525e-03, ..., 4.8510523e-17,
       4.3700025e-17, 1.5787941e-17], shape=(1025,), dtype=float32))",CV
148,"(array([0.00000000e+00, 4.88281250e-01, 9.76562500e-01, ...,
       4.99023438e+02, 4.99511719e+02, 5.00000000e+02], shape=(1025,)), array([7.0367061e-04, 3.1399747e-04, 1.8108095e-03, ..., 2.8328660e-17,
       5.1180030e-17, 1.8207660e-17], shape=(1025,), dtype=float32))",CV
149,"(array([0.00000000e+00, 4.88281250e-01, 9.76562500e-01, ...,
       4.99023438e+02, 4.99511719e+02, 5.00000000e+02], shape=(1025,)), array([5.0888434e-03, 1.6832681e-03, 2.2262246e-03, ..., 3.8294866e-17,
       4.1261000e-17, 2.1339056e-17], shape=(1025,), dtype=float32))",CV
150,"(array([0.00000000e+00, 4.88281250e-01, 9.76562500e-01, ...,
       4.99023438e+02, 4.99511719e+02, 5.00000000e+02], shape=(1025,)), array([3.9979401e-03, 1.4594626e-03, 2.5135630e-03, ..., 3.8860829e-17,
       5.1974524e-17, 1.4242169e-17], shape=(1025,), dtype=float32))",CV
151,"(array([0.00000000e+00, 4.88281250e-01, 9.76562500e-01, ...,
       4.99023438e+02, 4.99511719e+02, 5.00000000e+02], shape=(1025,)), array([3.9149001e-03, 1.7060806e-03, 1.2134737e-02, ..., 9.5525841e-17,
       4.9297781e-17, 1.7148675e-17], shape=(1025,), dtype=float32))",CV
152,"(array([0.00000000e+00, 4.88281250e-01, 9.76562500e-01, ...,
       4.99023438e+02, 4.99511719e+02, 5.00000000e+02], shape=(1025,)), array([5.0115967e-03, 1.7711205e-03, 2.4213372e-03, ..., 2.4476147e-17,
       3.0602344e-17, 1.6351592e-17], shape=(1025,), dtype=float32))",CV
153,"(array([0.00000000e+00, 4.88281250e-01, 9.76562500e-01, ...,
       4.99023438e+02, 4.99511719e+02, 5.00000000e+02], shape=(1025,)), array([3.2389715e-02, 8.1134308e-03, 4.2571995e-02, ..., 1.0491465e-16,
       1.6524324e-16, 2.2872301e-16], shape=(1025,), dtype=float32))",CV
154,"(array([0.00000000e+00, 4.88281250e-01, 9.76562500e-01, ...,
       4.99023438e+02, 4.99511719e+02, 5.00000000e+02], shape=(1025,)), array([3.58669506e-03, 1.55432278e-03, 7.89299607e-03, ...,
       6.56641844e-17, 1.02018825e-16, 3.95353290e-17],
      shape=(1025,), dtype=float32))",CV
155,"(array([0.00000000e+00, 4.88281250e-01, 9.76562500e-01, ...,
       4.99023438e+02, 4.99511719e+02, 5.00000000e+02], shape=(1025,)), array([4.1388031e-03, 1.4693576e-03, 2.1023005e-03, ..., 4.2911007e-17,
       1.0282116e-16, 3.1843472e-17], shape=(1025,), dtype=float32))",CV
156,"(array([0.00000000e+00, 4.88281250e-01, 9.76562500e-01, ...,
       4.99023438e+02, 4.99511719e+02, 5.00000000e+02], shape=(1025,)), array([4.0989779e-02, 1.8676784e-02, 2.8978102e-02, ..., 2.5315364e-16,
       4.2947699e-16, 2.9196016e-16], shape=(1025,), dtype=float32))",CV
157,"(array([0.00000000e+00, 4.88281250e-01, 9.76562500e-01, ...,
       4.99023438e+02, 4.99511719e+02, 5.00000000e+02], shape=(1025,)), array([1.88626035e-03, 7.90055899e-04, 2.93104071e-03, ...,
       1.05386496e-16, 8.40115070e-17, 3.01809883e-17],
      shape=(1025,), dtype=float32))",CV
158,"(array([0.00000000e+00, 4.88281250e-01, 9.76562500e-01, ...,
       4.99023438e+02, 4.99511719e+02, 5.00000000e+02], shape=(1025,)), array([4.5301346e-03, 2.3774444e-03, 4.8180800e-03, ..., 1.2734542e-16,
       1.2346891e-16, 3.4798373e-17], shape=(1025,), dtype=float32))",CV
159,"(array([0.00000000e+00, 4.88281250e-01, 9.76562500e-01, ...,
       4.99023438e+02, 4.99511719e+02, 5.00000000e+02], shape=(1025,)), array([7.3196986e-03, 2.6540605e-03, 3.4208605e-03, ..., 7.2976534e-17,
       8.7419743e-17, 3.1046388e-17], shape=(1025,), dtype=float32))",CV
160,"(array([0.00000000e+00, 4.88281250e-01, 9.76562500e-01, ...,
       4.99023438e+02, 4.99511719e+02, 5.00000000e+02], shape=(1025,)), array([6.8335882e-03, 1.9190341e-03, 1.2724763e-02, ..., 1.1963648e-16,
       5.8657673e-17, 5.0290259e-17], shape=(1025,), dtype=float32))",CV
161,"(array([0.00000000e+00, 4.88281250e-01, 9.76562500e-01, ...,
       4.99023438e+02, 4.99511719e+02, 5.00000000e+02], shape=(1025,)), array([1.8889189e-03, 7.8068569e-04, 7.6955711e-03, ..., 7.9081504e-17,
       6.9555163e-17, 4.4733448e-17], shape=(1025,), dtype=float32))",CV
162,"(array([0.00000000e+00, 4.88281250e-01, 9.76562500e-01, ...,
       4.99023438e+02, 4.99511719e+02, 5.00000000e+02], shape=(1025,)), array([9.1162939e-03, 3.7279113e-03, 5.0706137e-03, ..., 8.0302740e-17,
       5.2226430e-17, 2.5165058e-17], shape=(1025,), dtype=float32))",CV
163,"(array([0.00000000e+00, 4.88281250e-01, 9.76562500e-01, ...,
       4.99023438e+02, 4.99511719e+02, 5.00000000e+02], shape=(1025,)), array([8.3892634e-03, 3.5817074e-03, 6.4015728e-03, ..., 2.7093783e-16,
       2.3440509e-16, 4.8246305e-17], shape=(1025,), dtype=float32))",CV
164,"(array([0.00000000e+00, 4.88281250e-01, 9.76562500e-01, ...,
       4.99023438e+02, 4.99511719e+02, 5.00000000e+02], shape=(1025,)), array([1.0631524e-01, 5.5265531e-02, 3.3990395e-01, ..., 7.2871907e-16,
       2.3542137e-16, 5.3782616e-16], shape=(1025,), dtype=float32))",CV
165,"(array([0.00000000e+00, 4.88281250e-01, 9.76562500e-01, ...,
       4.99023438e+02, 4.99511719e+02, 5.00000000e+02], shape=(1025,)), array([5.6280997e-02, 1.8655946e-02, 2.1089405e-02, ..., 8.4420055e-17,
       1.3917286e-16, 1.0348417e-16], shape=(1025,), dtype=float32))",CV
166,"(array([0.00000000e+00, 4.88281250e-01, 9.76562500e-01, ...,
       4.99023438e+02, 4.99511719e+02, 5.00000000e+02], shape=(1025,)), array([1.00244842e-02, 2.85759359e-03, 1.10967895e-02, ...,
       9.33387625e-17, 1.37836891e-16, 1.97676645e-17],
      shape=(1025,), dtype=float32))",CV
167,"(array([0.00000000e+00, 4.88281250e-01, 9.76562500e-01, ...,
       4.99023438e+02, 4.99511719e+02, 5.00000000e+02], shape=(1025,)), array([9.1470666e-03, 4.4360091e-03, 1.1328806e-02, ..., 6.4700380e-17,
       7.8576739e-17, 6.2656437e-17], shape=(1025,), dtype=float32))",CV
168,"(array([0.00000000e+00, 4.88281250e-01, 9.76562500e-01, ...,
       4.99023438e+02, 4.99511719e+02, 5.00000000e+02], shape=(1025,)), array([5.6597153e-03, 2.0989163e-03, 3.8095580e-03, ..., 9.9359969e-17,
       1.4430645e-16, 1.0840901e-16], shape=(1025,), dtype=float32))",CV
169,"(array([0.00000000e+00, 4.88281250e-01, 9.76562500e-01, ...,
       4.99023438e+02, 4.99511719e+02, 5.00000000e+02], shape=(1025,)), array([4.9524014e-03, 2.1747241e-03, 2.1456203e-03, ..., 5.0350034e-17,
       5.8012426e-17, 2.5256150e-17], shape=(1025,), dtype=float32))",CV
170,"(array([0.00000000e+00, 4.88281250e-01, 9.76562500e-01, ...,
       4.99023438e+02, 4.99511719e+02, 5.00000000e+02], shape=(1025,)), array([4.1218991e-03, 2.0238364e-03, 2.1028505e-03, ..., 7.3958649e-17,
       7.8826018e-17, 4.0081894e-17], shape=(1025,), dtype=float32))",CV
171,"(array([0.00000000e+00, 4.88281250e-01, 9.76562500e-01, ...,
       4.99023438e+02, 4.99511719e+02, 5.00000000e+02], shape=(1025,)), array([1.7715324e-02, 6.4337305e-03, 2.7907679e-02, ..., 5.1144273e-17,
       8.7503546e-17, 5.1498687e-17], shape=(1025,), dtype=float32))",CV
172,"(array([0.00000000e+00, 4.88281250e-01, 9.76562500e-01, ...,
       4.99023438e+02, 4.99511719e+02, 5.00000000e+02], shape=(1025,)), array([1.8277463e-02, 7.2674798e-03, 1.5040655e-02, ..., 1.8327221e-16,
       4.6755914e-17, 4.5661482e-17], shape=(1025,), dtype=float32))",CV
173,"(array([0.00000000e+00, 4.88281250e-01, 9.76562500e-01, ...,
       4.99023438e+02, 4.99511719e+02, 5.00000000e+02], shape=(1025,)), array([3.3437957e-03, 1.4244925e-03, 7.0276204e-03, ..., 1.0757206e-16,
       7.5157114e-17, 3.1666975e-17], shape=(1025,), dtype=float32))",CV
174,"(array([0.00000000e+00, 4.88281250e-01, 9.76562500e-01, ...,
       4.99023438e+02, 4.99511719e+02, 5.00000000e+02], shape=(1025,)), array([3.7668161e-03, 1.3377884e-03, 2.7245372e-03, ..., 9.7274753e-17,
       5.9702846e-17, 3.0864200e-17], shape=(1025,), dtype=float32))",CV
175,"(array([0.00000000e+00, 4.88281250e-01, 9.76562500e-01, ...,
       4.99023438e+02, 4.99511719e+02, 5.00000000e+02], shape=(1025,)), array([5.24315704e-03, 2.28594034e-03, 1.10748345e-02, ...,
       8.89103618e-17, 1.16758185e-16, 4.08618951e-17],
      shape=(1025,), dtype=float32))",CV
176,"(array([0.00000000e+00, 4.88281250e-01, 9.76562500e-01, ...,
       4.99023438e+02, 4.99511719e+02, 5.00000000e+02], shape=(1025,)), array([5.7299477e-03, 2.1988312e-03, 1.7292644e-03, ..., 5.7461332e-17,
       5.0588497e-17, 1.9317882e-17], shape=(1025,), dtype=float32))",CV
177,"(array([0.00000000e+00, 4.88281250e-01, 9.76562500e-01, ...,
       4.99023438e+02, 4.99511719e+02, 5.00000000e+02], shape=(1025,)), array([5.9901029e-03, 2.4432624e-03, 9.8421769e-03, ..., 8.7930378e-17,
       8.4405338e-17, 2.7926382e-17], shape=(1025,), dtype=float32))",CV
178,"(array([0.00000000e+00, 4.88281250e-01, 9.76562500e-01, ...,
       4.99023438e+02, 4.99511719e+02, 5.00000000e+02], shape=(1025,)), array([5.0670928e-03, 1.7266793e-03, 1.8600869e-03, ..., 7.8648802e-17,
       6.9323281e-17, 1.4831441e-17], shape=(1025,), dtype=float32))",CV
179,"(array([0.00000000e+00, 4.88281250e-01, 9.76562500e-01, ...,
       4.99023438e+02, 4.99511719e+02, 5.00000000e+02], shape=(1025,)), array([4.8445682e-03, 2.5704536e-03, 9.0895286e-03, ..., 9.1892308e-17,
       9.6205804e-17, 2.0132044e-17], shape=(1025,), dtype=float32))",CV
180,"(array([0.00000000e+00, 4.88281250e-01, 9.76562500e-01, ...,
       4.99023438e+02, 4.99511719e+02, 5.00000000e+02], shape=(1025,)), array([2.8368731e-03, 1.0750541e-03, 1.1310413e-03, ..., 4.9108919e-17,
       3.3637253e-17, 2.8911349e-17], shape=(1025,), dtype=float32))",CV
181,"(array([0.00000000e+00, 4.88281250e-01, 9.76562500e-01, ...,
       4.99023438e+02, 4.99511719e+02, 5.00000000e+02], shape=(1025,)), array([1.6167571e-03, 6.3838158e-04, 1.1199088e-03, ..., 4.0209994e-17,
       2.7317631e-17, 1.2986763e-17], shape=(1025,), dtype=float32))",CV
182,"(array([0.00000000e+00, 4.88281250e-01, 9.76562500e-01, ...,
       4.99023438e+02, 4.99511719e+02, 5.00000000e+02], shape=(1025,)), array([2.094118e-03, 8.670459e-04, 4.855455e-03, ..., 5.952379e-17,
       4.643301e-17, 2.560345e-17], shape=(1025,), dtype=float32))",CV
183,"(array([0.00000000e+00, 4.88281250e-01, 9.76562500e-01, ...,
       4.99023438e+02, 4.99511719e+02, 5.00000000e+02], shape=(1025,)), array([5.0401073e-03, 2.2093712e-03, 2.2077283e-03, ..., 3.5197627e-17,
       6.6580734e-17, 2.9748287e-17], shape=(1025,), dtype=float32))",CV
184,"(array([0.00000000e+00, 4.88281250e-01, 9.76562500e-01, ...,
       4.99023438e+02, 4.99511719e+02, 5.00000000e+02], shape=(1025,)), array([3.0147503e-03, 1.1184261e-03, 8.2909031e-04, ..., 4.3875880e-17,
       4.1210092e-17, 2.0496426e-17], shape=(1025,), dtype=float32))",CV
185,"(array([0.00000000e+00, 4.88281250e-01, 9.76562500e-01, ...,
       4.99023438e+02, 4.99511719e+02, 5.00000000e+02], shape=(1025,)), array([2.8346903e-03, 8.9372508e-04, 3.6600619e-03, ..., 8.7048279e-17,
       3.5472224e-17, 2.0792485e-17], shape=(1025,), dtype=float32))",CV
186,"(array([0.00000000e+00, 4.88281250e-01, 9.76562500e-01, ...,
       4.99023438e+02, 4.99511719e+02, 5.00000000e+02], shape=(1025,)), array([1.3123440e-03, 3.9328396e-04, 1.7121261e-03, ..., 3.9764051e-17,
       3.1847254e-17, 2.0228831e-17], shape=(1025,), dtype=float32))",CV
187,"(array([0.00000000e+00, 4.88281250e-01, 9.76562500e-01, ...,
       4.99023438e+02, 4.99511719e+02, 5.00000000e+02], shape=(1025,)), array([2.25616246e-03, 9.52578848e-04, 1.55436760e-03, ...,
       2.99835039e-17, 7.05637473e-17, 1.25170525e-17],
      shape=(1025,), dtype=float32))",CV
188,"(array([0.00000000e+00, 4.88281250e-01, 9.76562500e-01, ...,
       4.99023438e+02, 4.99511719e+02, 5.00000000e+02], shape=(1025,)), array([9.7183641e-03, 3.5394100e-03, 7.6822783e-03, ..., 1.7683859e-17,
       1.0027041e-16, 4.3253152e-17], shape=(1025,), dtype=float32))",CV
189,"(array([0.00000000e+00, 4.88281250e-01, 9.76562500e-01, ...,
       4.99023438e+02, 4.99511719e+02, 5.00000000e+02], shape=(1025,)), array([3.3618952e-03, 2.1195286e-03, 2.1032909e-02, ..., 1.0778843e-16,
       7.7132719e-17, 4.3981914e-17], shape=(1025,), dtype=float32))",CV
190,"(array([0.00000000e+00, 4.88281250e-01, 9.76562500e-01, ...,
       4.99023438e+02, 4.99511719e+02, 5.00000000e+02], shape=(1025,)), array([1.8776473e-02, 6.9916984e-03, 1.8221229e-02, ..., 2.5693405e-16,
       1.9234113e-16, 1.4603135e-16], shape=(1025,), dtype=float32))",CV
191,"(array([0.00000000e+00, 4.88281250e-01, 9.76562500e-01, ...,
       4.99023438e+02, 4.99511719e+02, 5.00000000e+02], shape=(1025,)), array([7.3326178e-02, 2.1370014e-02, 1.2401727e-01, ..., 4.0264802e-16,
       1.2450005e-16, 8.4080891e-17], shape=(1025,), dtype=float32))",CV
192,"(array([0.00000000e+00, 4.88281250e-01, 9.76562500e-01, ...,
       4.99023438e+02, 4.99511719e+02, 5.00000000e+02], shape=(1025,)), array([3.6971804e-03, 1.3194156e-03, 2.0422258e-03, ..., 7.5413315e-17,
       4.8979693e-17, 3.2099683e-17], shape=(1025,), dtype=float32))",CV
193,"(array([0.00000000e+00, 4.88281250e-01, 9.76562500e-01, ...,
       4.99023438e+02, 4.99511719e+02, 5.00000000e+02], shape=(1025,)), array([2.3323519e-02, 6.5398416e-03, 1.1807405e-01, ..., 2.4651097e-16,
       1.6646300e-16, 8.8527476e-17], shape=(1025,), dtype=float32))",CV
194,"(array([0.00000000e+00, 4.88281250e-01, 9.76562500e-01, ...,
       4.99023438e+02, 4.99511719e+02, 5.00000000e+02], shape=(1025,)), array([3.2810506e-03, 1.1642919e-03, 2.7102609e-03, ..., 9.9579900e-17,
       9.4986745e-17, 2.4836257e-17], shape=(1025,), dtype=float32))",CV
195,"(array([0.00000000e+00, 4.88281250e-01, 9.76562500e-01, ...,
       4.99023438e+02, 4.99511719e+02, 5.00000000e+02], shape=(1025,)), array([4.8768474e-03, 1.7818224e-03, 1.8181403e-03, ..., 4.8458388e-17,
       4.4253488e-17, 2.1948257e-17], shape=(1025,), dtype=float32))",CV
196,"(array([0.00000000e+00, 4.88281250e-01, 9.76562500e-01, ...,
       4.99023438e+02, 4.99511719e+02, 5.00000000e+02], shape=(1025,)), array([3.0057447e-03, 1.1387350e-03, 3.4408665e-03, ..., 4.1789929e-17,
       7.3340275e-17, 3.0795878e-17], shape=(1025,), dtype=float32))",CV
197,"(array([0.00000000e+00, 4.88281250e-01, 9.76562500e-01, ...,
       4.99023438e+02, 4.99511719e+02, 5.00000000e+02], shape=(1025,)), array([5.7329819e-02, 1.9445211e-02, 7.3975998e-01, ..., 8.3798489e-16,
       1.6403777e-15, 2.0153906e-15], shape=(1025,), dtype=float32))",CV
198,"(array([0.00000000e+00, 4.88281250e-01, 9.76562500e-01, ...,
       4.99023438e+02, 4.99511719e+02, 5.00000000e+02], shape=(1025,)), array([1.3591473e-02, 3.3663909e-03, 3.6536951e-02, ..., 1.5416456e-16,
       8.6141206e-17, 4.9037699e-17], shape=(1025,), dtype=float32))",CV
199,"(array([0.00000000e+00, 4.88281250e-01, 9.76562500e-01, ...,
       4.99023438e+02, 4.99511719e+02, 5.00000000e+02], shape=(1025,)), array([1.0815080e-02, 4.9809497e-03, 7.0870724e-03, ..., 8.9193602e-17,
       6.1761851e-17, 4.2951396e-17], shape=(1025,), dtype=float32))",CV
200,"(array([0.00000000e+00, 4.88281250e-01, 9.76562500e-01, ...,
       4.99023438e+02, 4.99511719e+02, 5.00000000e+02], shape=(1025,)), array([5.4797162e-03, 1.6941631e-03, 4.7482131e-03, ..., 5.2387764e-17,
       7.4847934e-17, 1.4586624e-17], shape=(1025,), dtype=float32))",CV
201,"(array([0.00000000e+00, 4.88281250e-01, 9.76562500e-01, ...,
       4.99023438e+02, 4.99511719e+02, 5.00000000e+02], shape=(1025,)), array([7.2042672e-03, 3.0542803e-03, 1.9973074e-03, ..., 1.1887090e-16,
       6.4131439e-17, 2.3138187e-17], shape=(1025,), dtype=float32))",CV
202,"(array([0.00000000e+00, 4.88281250e-01, 9.76562500e-01, ...,
       4.99023438e+02, 4.99511719e+02, 5.00000000e+02], shape=(1025,)), array([2.6467158e-03, 1.2528363e-03, 1.6087431e-03, ..., 6.3596564e-17,
       9.2779449e-17, 2.3143878e-17], shape=(1025,), dtype=float32))",CV
203,"(array([0.00000000e+00, 4.88281250e-01, 9.76562500e-01, ...,
       4.99023438e+02, 4.99511719e+02, 5.00000000e+02], shape=(1025,)), array([7.8554517e-03, 3.5988751e-03, 3.2031871e-03, ..., 7.6511454e-17,
       5.2850756e-17, 7.2716759e-17], shape=(1025,), dtype=float32))",CV
204,"(array([0.00000000e+00, 4.88281250e-01, 9.76562500e-01, ...,
       4.99023438e+02, 4.99511719e+02, 5.00000000e+02], shape=(1025,)), array([6.9939909e-03, 3.1622513e-03, 2.0694759e-02, ..., 1.5785752e-16,
       8.4970051e-17, 1.7877436e-17], shape=(1025,), dtype=float32))",CV
205,"(array([0.00000000e+00, 4.88281250e-01, 9.76562500e-01, ...,
       4.99023438e+02, 4.99511719e+02, 5.00000000e+02], shape=(1025,)), array([1.8951109e-02, 5.8159539e-03, 8.0818366e-03, ..., 7.5187713e-17,
       8.2328201e-17, 3.7986708e-17], shape=(1025,), dtype=float32))",CV
206,"(array([0.00000000e+00, 4.88281250e-01, 9.76562500e-01, ...,
       4.99023438e+02, 4.99511719e+02, 5.00000000e+02], shape=(1025,)), array([5.6311269e-03, 2.7042388e-03, 5.2184165e-03, ..., 1.5351821e-16,
       5.3702680e-17, 1.2121359e-17], shape=(1025,), dtype=float32))",CV
207,"(array([0.00000000e+00, 4.88281250e-01, 9.76562500e-01, ...,
       4.99023438e+02, 4.99511719e+02, 5.00000000e+02], shape=(1025,)), array([3.1180023e-03, 1.3235825e-03, 4.6326648e-03, ..., 5.7222039e-17,
       4.0138119e-17, 1.5349544e-17], shape=(1025,), dtype=float32))",CV
208,"(array([0.00000000e+00, 4.88281250e-01, 9.76562500e-01, ...,
       4.99023438e+02, 4.99511719e+02, 5.00000000e+02], shape=(1025,)), array([7.5885956e-03, 2.3459324e-03, 1.7418396e-02, ..., 2.4867751e-17,
       7.6495876e-17, 4.1928002e-17], shape=(1025,), dtype=float32))",CV
209,"(array([0.00000000e+00, 4.88281250e-01, 9.76562500e-01, ...,
       4.99023438e+02, 4.99511719e+02, 5.00000000e+02], shape=(1025,)), array([1.5692511e-03, 7.4165314e-04, 1.7854924e-03, ..., 5.2925606e-17,
       5.0529516e-17, 1.3413771e-17], shape=(1025,), dtype=float32))",CV
210,"(array([0.00000000e+00, 4.88281250e-01, 9.76562500e-01, ...,
       4.99023438e+02, 4.99511719e+02, 5.00000000e+02], shape=(1025,)), array([3.9095399e-03, 1.5549844e-03, 1.8411849e-03, ..., 3.3286099e-17,
       3.7003131e-17, 1.4552461e-17], shape=(1025,), dtype=float32))",CV
211,"(array([0.00000000e+00, 4.88281250e-01, 9.76562500e-01, ...,
       4.99023438e+02, 4.99511719e+02, 5.00000000e+02], shape=(1025,)), array([1.2704384e-03, 5.2493653e-04, 1.3020434e-03, ..., 4.9674356e-17,
       3.1284894e-17, 1.2347674e-17], shape=(1025,), dtype=float32))",CV
212,"(array([0.00000000e+00, 4.88281250e-01, 9.76562500e-01, ...,
       4.99023438e+02, 4.99511719e+02, 5.00000000e+02], shape=(1025,)), array([5.2921623e-03, 2.3716455e-03, 2.5541584e-03, ..., 3.7896754e-17,
       5.2879099e-17, 2.3866950e-17], shape=(1025,), dtype=float32))",CV
213,"(array([0.00000000e+00, 4.88281250e-01, 9.76562500e-01, ...,
       4.99023438e+02, 4.99511719e+02, 5.00000000e+02], shape=(1025,)), array([2.0516925e-03, 8.6211605e-04, 1.6972285e-03, ..., 3.4421361e-17,
       6.7361003e-17, 1.2280774e-17], shape=(1025,), dtype=float32))",CV
214,"(array([0.00000000e+00, 4.88281250e-01, 9.76562500e-01, ...,
       4.99023438e+02, 4.99511719e+02, 5.00000000e+02], shape=(1025,)), array([7.1962285e-03, 2.8551694e-03, 1.4370239e-02, ..., 1.6117307e-16,
       1.9954979e-16, 2.2318329e-17], shape=(1025,), dtype=float32))",CV
215,"(array([0.00000000e+00, 4.88281250e-01, 9.76562500e-01, ...,
       4.99023438e+02, 4.99511719e+02, 5.00000000e+02], shape=(1025,)), array([3.5180585e-03, 1.3507524e-03, 4.5649833e-03, ..., 5.9320781e-17,
       7.6494427e-17, 1.4085599e-17], shape=(1025,), dtype=float32))",CV
216,"(array([0.00000000e+00, 4.88281250e-01, 9.76562500e-01, ...,
       4.99023438e+02, 4.99511719e+02, 5.00000000e+02], shape=(1025,)), array([3.4059440e-03, 1.6683495e-03, 4.5782616e-03, ..., 5.2300757e-17,
       7.7261958e-17, 2.9429452e-17], shape=(1025,), dtype=float32))",CV
217,"(array([0.00000000e+00, 4.88281250e-01, 9.76562500e-01, ...,
       4.99023438e+02, 4.99511719e+02, 5.00000000e+02], shape=(1025,)), array([3.8690339e-03, 1.6507189e-03, 2.1006469e-02, ..., 1.1936713e-16,
       6.0399736e-17, 2.5620531e-17], shape=(1025,), dtype=float32))",CV
218,"(array([0.00000000e+00, 4.88281250e-01, 9.76562500e-01, ...,
       4.99023438e+02, 4.99511719e+02, 5.00000000e+02], shape=(1025,)), array([1.22224325e-02, 6.99119596e-03, 7.53697380e-02, ...,
       1.37491870e-16, 1.13398786e-16, 3.84649540e-17],
      shape=(1025,), dtype=float32))",CV
219,"(array([0.00000000e+00, 4.88281250e-01, 9.76562500e-01, ...,
       4.99023438e+02, 4.99511719e+02, 5.00000000e+02], shape=(1025,)), array([2.9261096e-03, 1.4704844e-03, 3.9947461e-03, ..., 4.8693416e-17,
       4.2097719e-17, 2.5688853e-17], shape=(1025,), dtype=float32))",CV
220,"(array([0.00000000e+00, 4.88281250e-01, 9.76562500e-01, ...,
       4.99023438e+02, 4.99511719e+02, 5.00000000e+02], shape=(1025,)), array([6.0446858e-03, 2.0528235e-03, 6.8340776e-03, ..., 8.7255981e-17,
       6.7142601e-17, 2.3138187e-17], shape=(1025,), dtype=float32))",CV
221,"(array([0.00000000e+00, 4.88281250e-01, 9.76562500e-01, ...,
       4.99023438e+02, 4.99511719e+02, 5.00000000e+02], shape=(1025,)), array([8.5224500e-03, 3.4887812e-03, 9.3026366e-03, ..., 5.3680710e-17,
       7.2481906e-17, 5.3114207e-17], shape=(1025,), dtype=float32))",CV
222,"(array([0.00000000e+00, 4.88281250e-01, 9.76562500e-01, ...,
       4.99023438e+02, 4.99511719e+02, 5.00000000e+02], shape=(1025,)), array([4.1643349e-03, 1.5198727e-03, 1.4837021e-02, ..., 1.6581006e-16,
       9.2745482e-17, 2.1703436e-17], shape=(1025,), dtype=float32))",CV
223,"(array([0.00000000e+00, 4.88281250e-01, 9.76562500e-01, ...,
       4.99023438e+02, 4.99511719e+02, 5.00000000e+02], shape=(1025,)), array([2.88389903e-02, 1.14632705e-02, 2.43650116e-02, ...,
       1.17811748e-16, 9.08134000e-17, 6.78716317e-17],
      shape=(1025,), dtype=float32))",CV
224,"(array([0.00000000e+00, 4.88281250e-01, 9.76562500e-01, ...,
       4.99023438e+02, 4.99511719e+02, 5.00000000e+02], shape=(1025,)), array([3.3736313e-03, 1.5833798e-03, 1.6435945e-02, ..., 7.5221879e-17,
       8.7131553e-17, 2.2148949e-17], shape=(1025,), dtype=float32))",CV
225,"(array([0.00000000e+00, 4.88281250e-01, 9.76562500e-01, ...,
       4.99023438e+02, 4.99511719e+02, 5.00000000e+02], shape=(1025,)), array([6.7969849e-03, 2.5496918e-03, 2.6717770e-03, ..., 1.3005622e-16,
       7.7782447e-17, 5.6256990e-17], shape=(1025,), dtype=float32))",CV
226,"(array([0.00000000e+00, 4.88281250e-01, 9.76562500e-01, ...,
       4.99023438e+02, 4.99511719e+02, 5.00000000e+02], shape=(1025,)), array([4.3841940e-03, 1.5311833e-03, 3.7822102e-03, ..., 9.5785384e-17,
       7.9488146e-17, 4.2199866e-17], shape=(1025,), dtype=float32))",CV
227,"(array([0.00000000e+00, 4.88281250e-01, 9.76562500e-01, ...,
       4.99023438e+02, 4.99511719e+02, 5.00000000e+02], shape=(1025,)), array([2.5215696e-03, 8.0081885e-04, 1.9057591e-03, ..., 9.9260496e-17,
       9.9599990e-17, 3.2748732e-17], shape=(1025,), dtype=float32))",CV
228,"(array([0.00000000e+00, 4.88281250e-01, 9.76562500e-01, ...,
       4.99023438e+02, 4.99511719e+02, 5.00000000e+02], shape=(1025,)), array([1.26338145e-02, 3.35521228e-03, 7.68823177e-03, ...,
       1.38687484e-16, 1.18044854e-16, 3.68537120e-17],
      shape=(1025,), dtype=float32))",CV
229,"(array([0.00000000e+00, 4.88281250e-01, 9.76562500e-01, ...,
       4.99023438e+02, 4.99511719e+02, 5.00000000e+02], shape=(1025,)), array([6.1188485e-03, 2.3504242e-03, 1.6377552e-03, ..., 8.9274023e-17,
       8.1038276e-17, 4.1653289e-17], shape=(1025,), dtype=float32))",CV
230,"(array([0.00000000e+00, 4.88281250e-01, 9.76562500e-01, ...,
       4.99023438e+02, 4.99511719e+02, 5.00000000e+02], shape=(1025,)), array([2.9278100e-03, 1.0704926e-03, 2.5560728e-03, ..., 6.8569792e-17,
       5.6369837e-17, 4.4477240e-17], shape=(1025,), dtype=float32))",CV
231,"(array([0.00000000e+00, 4.88281250e-01, 9.76562500e-01, ...,
       4.99023438e+02, 4.99511719e+02, 5.00000000e+02], shape=(1025,)), array([1.0203287e-02, 3.7660948e-03, 5.1616374e-03, ..., 9.5968595e-17,
       7.4710185e-17, 4.6094180e-17], shape=(1025,), dtype=float32))",CV
232,"(array([0.00000000e+00, 4.88281250e-01, 9.76562500e-01, ...,
       4.99023438e+02, 4.99511719e+02, 5.00000000e+02], shape=(1025,)), array([3.7468042e-02, 1.4095549e-02, 9.2304088e-03, ..., 1.5818757e-16,
       8.5203931e-17, 1.1632861e-16], shape=(1025,), dtype=float32))",CV
233,"(array([0.00000000e+00, 4.88281250e-01, 9.76562500e-01, ...,
       4.99023438e+02, 4.99511719e+02, 5.00000000e+02], shape=(1025,)), array([1.24258185e-02, 3.79724405e-03, 9.85107012e-03, ...,
       3.10065344e-17, 5.41632273e-17, 2.52561501e-17],
      shape=(1025,), dtype=float32))",CV
234,"(array([0.00000000e+00, 4.88281250e-01, 9.76562500e-01, ...,
       4.99023438e+02, 4.99511719e+02, 5.00000000e+02], shape=(1025,)), array([3.7049125e-03, 1.4397658e-03, 1.2720560e-02, ..., 9.9761363e-17,
       5.5802802e-17, 2.7522145e-17], shape=(1025,), dtype=float32))",CV
235,"(array([0.00000000e+00, 4.88281250e-01, 9.76562500e-01, ...,
       4.99023438e+02, 4.99511719e+02, 5.00000000e+02], shape=(1025,)), array([1.6282299e-03, 6.8240293e-04, 1.2140648e-03, ..., 2.2560301e-17,
       4.1550566e-17, 1.5582978e-17], shape=(1025,), dtype=float32))",CV
236,"(array([0.00000000e+00, 4.88281250e-01, 9.76562500e-01, ...,
       4.99023438e+02, 4.99511719e+02, 5.00000000e+02], shape=(1025,)), array([9.8044761e-03, 3.7676776e-03, 6.0543129e-03, ..., 5.9935165e-17,
       6.6672140e-17, 1.8812587e-17], shape=(1025,), dtype=float32))",CV
237,"(array([0.00000000e+00, 4.88281250e-01, 9.76562500e-01, ...,
       4.99023438e+02, 4.99511719e+02, 5.00000000e+02], shape=(1025,)), array([1.84927718e-03, 8.14425061e-04, 9.87733249e-04, ...,
       3.76166306e-17, 5.65178697e-17, 1.12075595e-17],
      shape=(1025,), dtype=float32))",CV
238,"(array([0.00000000e+00, 4.88281250e-01, 9.76562500e-01, ...,
       4.99023438e+02, 4.99511719e+02, 5.00000000e+02], shape=(1025,)), array([2.7851125e-03, 1.0452319e-03, 3.0850035e-03, ..., 4.3355812e-17,
       4.5147515e-17, 7.2705371e-18], shape=(1025,), dtype=float32))",CV
239,"(array([0.00000000e+00, 4.88281250e-01, 9.76562500e-01, ...,
       4.99023438e+02, 4.99511719e+02, 5.00000000e+02], shape=(1025,)), array([8.3966705e-04, 3.9619560e-04, 7.2991045e-04, ..., 3.6709611e-17,
       2.4036031e-17, 1.1415370e-17], shape=(1025,), dtype=float32))",CV
240,"(array([0.00000000e+00, 4.88281250e-01, 9.76562500e-01, ...,
       4.99023438e+02, 4.99511719e+02, 5.00000000e+02], shape=(1025,)), array([5.2947970e-03, 1.7044490e-03, 4.8861229e-03, ..., 4.7242167e-17,
       4.9090982e-17, 1.1848073e-17], shape=(1025,), dtype=float32))",CV
241,"(array([0.00000000e+00, 4.88281250e-01, 9.76562500e-01, ...,
       4.99023438e+02, 4.99511719e+02, 5.00000000e+02], shape=(1025,)), array([1.0915176e-03, 5.2635150e-04, 1.2181958e-03, ..., 5.2541477e-17,
       5.2417827e-17, 1.2798878e-17], shape=(1025,), dtype=float32))",CV
242,"(array([0.00000000e+00, 4.88281250e-01, 9.76562500e-01, ...,
       4.99023438e+02, 4.99511719e+02, 5.00000000e+02], shape=(1025,)), array([3.4866622e-03, 1.2960144e-03, 1.1574351e-03, ..., 3.7642961e-17,
       8.6358933e-17, 1.2891397e-17], shape=(1025,), dtype=float32))",CV
243,"(array([0.00000000e+00, 4.88281250e-01, 9.76562500e-01, ...,
       4.99023438e+02, 4.99511719e+02, 5.00000000e+02], shape=(1025,)), array([3.6103746e-01, 1.0714906e-01, 1.6270779e-01, ..., 1.2402188e-15,
       5.2334772e-16, 1.0039604e-15], shape=(1025,), dtype=float32))",CV
244,"(array([0.00000000e+00, 4.88281250e-01, 9.76562500e-01, ...,
       4.99023438e+02, 4.99511719e+02, 5.00000000e+02], shape=(1025,)), array([4.9272100e-03, 2.1454883e-03, 2.2920961e-03, ..., 1.4971944e-16,
       1.2892287e-16, 4.9510257e-17], shape=(1025,), dtype=float32))",CV
245,"(array([0.00000000e+00, 4.88281250e-01, 9.76562500e-01, ...,
       4.99023438e+02, 4.99511719e+02, 5.00000000e+02], shape=(1025,)), array([1.2270926e-02, 4.5712003e-03, 4.3526068e-03, ..., 1.6662524e-16,
       1.4345901e-16, 8.9364418e-17], shape=(1025,), dtype=float32))",CV
246,"(array([0.00000000e+00, 4.88281250e-01, 9.76562500e-01, ...,
       4.99023438e+02, 4.99511719e+02, 5.00000000e+02], shape=(1025,)), array([1.6408004e-03, 7.9766440e-04, 4.6604825e-03, ..., 1.0413109e-16,
       1.2903016e-16, 6.8577620e-17], shape=(1025,), dtype=float32))",CV
247,"(array([0.00000000e+00, 4.88281250e-01, 9.76562500e-01, ...,
       4.99023438e+02, 4.99511719e+02, 5.00000000e+02], shape=(1025,)), array([1.0963652e-02, 4.9902392e-03, 4.8044017e-03, ..., 1.5493237e-16,
       1.5093410e-16, 2.6690902e-17], shape=(1025,), dtype=float32))",CV
248,"(array([0.00000000e+00, 4.88281250e-01, 9.76562500e-01, ...,
       4.99023438e+02, 4.99511719e+02, 5.00000000e+02], shape=(1025,)), array([1.1036069e-02, 4.2746169e-03, 2.3125082e-02, ..., 1.5422280e-16,
       1.7204543e-16, 5.8414807e-17], shape=(1025,), dtype=float32))",CV
249,"(array([0.00000000e+00, 4.88281250e-01, 9.76562500e-01, ...,
       4.99023438e+02, 4.99511719e+02, 5.00000000e+02], shape=(1025,)), array([6.1579861e-02, 2.0082563e-02, 4.0765028e-02, ..., 5.1998929e-16,
       2.8574172e-16, 5.5163851e-17], shape=(1025,), dtype=float32))",CV
250,"(array([0.00000000e+00, 4.88281250e-01, 9.76562500e-01, ...,
       4.99023438e+02, 4.99511719e+02, 5.00000000e+02], shape=(1025,)), array([2.7312087e-02, 8.9326594e-03, 1.8496666e-02, ..., 8.5499261e-17,
       4.6285141e-16, 9.2051729e-17], shape=(1025,), dtype=float32))",CV
251,"(array([0.00000000e+00, 4.88281250e-01, 9.76562500e-01, ...,
       4.99023438e+02, 4.99511719e+02, 5.00000000e+02], shape=(1025,)), array([4.9121249e-03, 1.7049479e-03, 3.1795928e-03, ..., 1.5980248e-16,
       1.3450243e-16, 7.0234417e-17], shape=(1025,), dtype=float32))",CV
252,"(array([0.00000000e+00, 4.88281250e-01, 9.76562500e-01, ...,
       4.99023438e+02, 4.99511719e+02, 5.00000000e+02], shape=(1025,)), array([6.1190580e-03, 2.5953571e-03, 3.7347553e-03, ..., 1.5202723e-16,
       2.0026825e-16, 1.8966026e-16], shape=(1025,), dtype=float32))",CV
253,"(array([0.00000000e+00, 4.88281250e-01, 9.76562500e-01, ...,
       4.99023438e+02, 4.99511719e+02, 5.00000000e+02], shape=(1025,)), array([3.7103480e-01, 1.6218236e-01, 1.3958542e-01, ..., 1.2891141e-15,
       1.9250327e-15, 4.6977808e-16], shape=(1025,), dtype=float32))",CV
254,"(array([0.00000000e+00, 4.88281250e-01, 9.76562500e-01, ...,
       4.99023438e+02, 4.99511719e+02, 5.00000000e+02], shape=(1025,)), array([8.9295646e-03, 3.2137078e-03, 4.7624488e-03, ..., 8.3745161e-17,
       1.6614977e-16, 8.3010513e-17], shape=(1025,), dtype=float32))",CV
255,"(array([0.00000000e+00, 4.88281250e-01, 9.76562500e-01, ...,
       4.99023438e+02, 4.99511719e+02, 5.00000000e+02], shape=(1025,)), array([1.14987735e-02, 4.92929993e-03, 2.83576269e-03, ...,
       1.75915005e-16, 1.09407858e-16, 6.31289884e-17],
      shape=(1025,), dtype=float32))",CV
256,"(array([0.00000000e+00, 4.88281250e-01, 9.76562500e-01, ...,
       4.99023438e+02, 4.99511719e+02, 5.00000000e+02], shape=(1025,)), array([1.4811689e-02, 6.3036429e-03, 8.2695326e-03, ..., 2.4108707e-16,
       1.7864491e-16, 4.8827036e-17], shape=(1025,), dtype=float32))",CV
257,"(array([0.00000000e+00, 4.88281250e-01, 9.76562500e-01, ...,
       4.99023438e+02, 4.99511719e+02, 5.00000000e+02], shape=(1025,)), array([1.3650933e-02, 5.7330499e-03, 1.3480439e-02, ..., 1.4373972e-16,
       9.8653742e-17, 8.7889800e-17], shape=(1025,), dtype=float32))",CV
258,"(array([0.00000000e+00, 4.88281250e-01, 9.76562500e-01, ...,
       4.99023438e+02, 4.99511719e+02, 5.00000000e+02], shape=(1025,)), array([2.6749440e-02, 1.2486010e-02, 5.3778768e-02, ..., 2.8151339e-16,
       2.0540497e-16, 4.8189375e-17], shape=(1025,), dtype=float32))",CV
259,"(array([0.00000000e+00, 4.88281250e-01, 9.76562500e-01, ...,
       4.99023438e+02, 4.99511719e+02, 5.00000000e+02], shape=(1025,)), array([8.4067518e-03, 3.2058596e-03, 3.1524140e-03, ..., 1.7690122e-16,
       1.2275294e-16, 1.5235676e-17], shape=(1025,), dtype=float32))",CV
260,"(array([0.00000000e+00, 4.88281250e-01, 9.76562500e-01, ...,
       4.99023438e+02, 4.99511719e+02, 5.00000000e+02], shape=(1025,)), array([6.3762506e-03, 2.7851944e-03, 3.2961993e-03, ..., 2.2503723e-16,
       1.3102599e-16, 1.1216099e-16], shape=(1025,), dtype=float32))",CV
261,"(array([0.00000000e+00, 4.88281250e-01, 9.76562500e-01, ...,
       4.99023438e+02, 4.99511719e+02, 5.00000000e+02], shape=(1025,)), array([9.1022067e-03, 3.6322107e-03, 7.4301339e-03, ..., 1.6797264e-16,
       1.0541105e-16, 5.0273172e-17], shape=(1025,), dtype=float32))",CV
262,"(array([0.00000000e+00, 4.88281250e-01, 9.76562500e-01, ...,
       4.99023438e+02, 4.99511719e+02, 5.00000000e+02], shape=(1025,)), array([1.6776105e-02, 6.1506871e-03, 5.6157033e-03, ..., 1.3575180e-16,
       9.1637920e-17, 5.9422544e-17], shape=(1025,), dtype=float32))",CV
263,"(array([0.00000000e+00, 4.88281250e-01, 9.76562500e-01, ...,
       4.99023438e+02, 4.99511719e+02, 5.00000000e+02], shape=(1025,)), array([7.8453794e-03, 3.0796214e-03, 4.2440826e-03, ..., 1.7194221e-16,
       1.1323616e-16, 5.5773050e-17], shape=(1025,), dtype=float32))",CV
264,"(array([0.00000000e+00, 4.88281250e-01, 9.76562500e-01, ...,
       4.99023438e+02, 4.99511719e+02, 5.00000000e+02], shape=(1025,)), array([1.6429128e-01, 9.4021723e-02, 3.3741346e-01, ..., 1.6588439e-15,
       2.4647788e-15, 9.0587368e-16], shape=(1025,), dtype=float32))",CV
265,"(array([0.00000000e+00, 4.88281250e-01, 9.76562500e-01, ...,
       4.99023438e+02, 4.99511719e+02, 5.00000000e+02], shape=(1025,)), array([3.7962386e-01, 1.5615185e-01, 9.9577057e-01, ..., 4.2874906e-15,
       5.6763583e-15, 1.7320845e-15], shape=(1025,), dtype=float32))",CV
266,"(array([0.00000000e+00, 4.88281250e-01, 9.76562500e-01, ...,
       4.99023438e+02, 4.99511719e+02, 5.00000000e+02], shape=(1025,)), array([5.7939636e-03, 1.8088031e-03, 4.4003148e-03, ..., 7.7813390e-17,
       1.2857200e-16, 8.8146014e-17], shape=(1025,), dtype=float32))",CV
267,"(array([0.00000000e+00, 4.88281250e-01, 9.76562500e-01, ...,
       4.99023438e+02, 4.99511719e+02, 5.00000000e+02], shape=(1025,)), array([6.3036764e-03, 2.5476771e-03, 3.5549058e-03, ..., 9.0885272e-17,
       1.8964573e-16, 8.6745425e-17], shape=(1025,), dtype=float32))",CV
268,"(array([0.00000000e+00, 4.88281250e-01, 9.76562500e-01, ...,
       4.99023438e+02, 4.99511719e+02, 5.00000000e+02], shape=(1025,)), array([7.3197479e-03, 3.0594240e-03, 8.0286581e-03, ..., 2.0674061e-16,
       2.2867605e-16, 8.7684851e-17], shape=(1025,), dtype=float32))",CV
269,"(array([0.00000000e+00, 4.88281250e-01, 9.76562500e-01, ...,
       4.99023438e+02, 4.99511719e+02, 5.00000000e+02], shape=(1025,)), array([1.0767933e-02, 4.4680862e-03, 4.2630481e-03, ..., 1.4875605e-16,
       8.3391095e-17, 8.1621319e-17], shape=(1025,), dtype=float32))",CV
270,"(array([0.00000000e+00, 4.88281250e-01, 9.76562500e-01, ...,
       4.99023438e+02, 4.99511719e+02, 5.00000000e+02], shape=(1025,)), array([3.87399733e-01, 1.21265925e-01, 3.58033687e-01, ...,
       1.47329734e-15, 4.99638266e-16, 4.03005253e-16],
      shape=(1025,), dtype=float32))",CV
271,"(array([0.00000000e+00, 4.88281250e-01, 9.76562500e-01, ...,
       4.99023438e+02, 4.99511719e+02, 5.00000000e+02], shape=(1025,)), array([4.8121642e-03, 1.9856079e-03, 4.1641863e-03, ..., 1.7118856e-16,
       9.5550571e-17, 4.7671266e-17], shape=(1025,), dtype=float32))",CV
272,"(array([0.00000000e+00, 4.88281250e-01, 9.76562500e-01, ...,
       4.99023438e+02, 4.99511719e+02, 5.00000000e+02], shape=(1025,)), array([5.0690630e-03, 2.1828399e-03, 8.7394333e-03, ..., 2.9534207e-16,
       9.5800320e-17, 5.8232622e-17], shape=(1025,), dtype=float32))",CV
273,"(array([0.00000000e+00, 4.88281250e-01, 9.76562500e-01, ...,
       4.99023438e+02, 4.99511719e+02, 5.00000000e+02], shape=(1025,)), array([7.5421548e-03, 3.1667608e-03, 3.0176376e-03, ..., 1.5274463e-16,
       1.8137166e-16, 9.8251898e-17], shape=(1025,), dtype=float32))",CV
274,"(array([0.00000000e+00, 4.88281250e-01, 9.76562500e-01, ...,
       4.99023438e+02, 4.99511719e+02, 5.00000000e+02], shape=(1025,)), array([2.35783588e-02, 1.10742785e-02, 7.20814290e-03, ...,
       1.50150553e-16, 1.53206542e-16, 9.36060345e-17],
      shape=(1025,), dtype=float32))",CV
275,"(array([0.00000000e+00, 4.88281250e-01, 9.76562500e-01, ...,
       4.99023438e+02, 4.99511719e+02, 5.00000000e+02], shape=(1025,)), array([7.0753042e-03, 2.8215263e-03, 4.7207098e-03, ..., 8.7386106e-17,
       1.7197131e-16, 4.5741546e-17], shape=(1025,), dtype=float32))",CV
276,"(array([0.00000000e+00, 4.88281250e-01, 9.76562500e-01, ...,
       4.99023438e+02, 4.99511719e+02, 5.00000000e+02], shape=(1025,)), array([3.3450563e-02, 1.4938280e-02, 5.9635576e-02, ..., 4.9794928e-16,
       3.9087466e-16, 1.1070347e-16], shape=(1025,), dtype=float32))",CV
277,"(array([0.00000000e+00, 4.88281250e-01, 9.76562500e-01, ...,
       4.99023438e+02, 4.99511719e+02, 5.00000000e+02], shape=(1025,)), array([1.8892066e-03, 7.8964059e-04, 5.3797518e-03, ..., 1.1665028e-16,
       1.3294504e-16, 4.7261338e-17], shape=(1025,), dtype=float32))",CV
278,"(array([0.00000000e+00, 4.88281250e-01, 9.76562500e-01, ...,
       4.99023438e+02, 4.99511719e+02, 5.00000000e+02], shape=(1025,)), array([5.6044754e-02, 1.9578993e-02, 2.3839591e-02, ..., 1.7752179e-16,
       5.6970917e-16, 1.5042097e-16], shape=(1025,), dtype=float32))",CV
279,"(array([0.00000000e+00, 4.88281250e-01, 9.76562500e-01, ...,
       4.99023438e+02, 4.99511719e+02, 5.00000000e+02], shape=(1025,)), array([3.9973301e-03, 1.9292926e-03, 2.2865287e-03, ..., 1.2100735e-16,
       8.4575380e-17, 5.1423251e-17], shape=(1025,), dtype=float32))",CV
280,"(array([0.00000000e+00, 4.88281250e-01, 9.76562500e-01, ...,
       4.99023438e+02, 4.99511719e+02, 5.00000000e+02], shape=(1025,)), array([2.4565641e-02, 9.2906104e-03, 1.1096429e-02, ..., 1.4286292e-16,
       3.1411484e-16, 4.7369520e-17], shape=(1025,), dtype=float32))",CV
281,"(array([0.00000000e+00, 4.88281250e-01, 9.76562500e-01, ...,
       4.99023438e+02, 4.99511719e+02, 5.00000000e+02], shape=(1025,)), array([8.1082117e-03, 3.6659746e-03, 6.7022815e-03, ..., 3.4594832e-16,
       3.7853140e-16, 9.1277422e-17], shape=(1025,), dtype=float32))",CV
282,"(array([0.00000000e+00, 4.88281250e-01, 9.76562500e-01, ...,
       4.99023438e+02, 4.99511719e+02, 5.00000000e+02], shape=(1025,)), array([3.9856029e-03, 1.5956252e-03, 2.1384715e-03, ..., 1.3345735e-16,
       1.8256862e-16, 4.2199856e-17], shape=(1025,), dtype=float32))",CV
283,"(array([0.00000000e+00, 4.88281250e-01, 9.76562500e-01, ...,
       4.99023438e+02, 4.99511719e+02, 5.00000000e+02], shape=(1025,)), array([2.4306286e-02, 1.1260424e-02, 1.4589636e-01, ..., 3.0743572e-16,
       1.8862761e-16, 1.8729177e-16], shape=(1025,), dtype=float32))",CV
284,"(array([0.00000000e+00, 4.88281250e-01, 9.76562500e-01, ...,
       4.99023438e+02, 4.99511719e+02, 5.00000000e+02], shape=(1025,)), array([6.8668104e-03, 2.1533589e-03, 7.6962402e-03, ..., 1.1599838e-16,
       1.7690212e-16, 1.2245475e-16], shape=(1025,), dtype=float32))",CV
285,"(array([0.00000000e+00, 4.88281250e-01, 9.76562500e-01, ...,
       4.99023438e+02, 4.99511719e+02, 5.00000000e+02], shape=(1025,)), array([8.9864964e-03, 3.3324419e-03, 3.2516667e-03, ..., 1.2440476e-16,
       1.1363221e-16, 9.6925312e-17], shape=(1025,), dtype=float32))",CV
286,"(array([0.00000000e+00, 4.88281250e-01, 9.76562500e-01, ...,
       4.99023438e+02, 4.99511719e+02, 5.00000000e+02], shape=(1025,)), array([1.00290915e-02, 4.00411058e-03, 2.21016933e-03, ...,
       2.51579400e-16, 1.16129713e-16, 6.50419858e-17],
      shape=(1025,), dtype=float32))",CV
287,"(array([0.00000000e+00, 4.88281250e-01, 9.76562500e-01, ...,
       4.99023438e+02, 4.99511719e+02, 5.00000000e+02], shape=(1025,)), array([4.7750757e-03, 1.6333895e-03, 2.7514878e-03, ..., 1.0726462e-16,
       2.2128218e-16, 7.8501306e-17], shape=(1025,), dtype=float32))",CV
288,"(array([0.00000000e+00, 4.88281250e-01, 9.76562500e-01, ...,
       4.99023438e+02, 4.99511719e+02, 5.00000000e+02], shape=(1025,)), array([4.8629548e-02, 1.9115139e-02, 1.7095957e-02, ..., 2.0930264e-16,
       2.0010648e-16, 9.6583713e-17], shape=(1025,), dtype=float32))",CV
289,"(array([0.00000000e+00, 4.88281250e-01, 9.76562500e-01, ...,
       4.99023438e+02, 4.99511719e+02, 5.00000000e+02], shape=(1025,)), array([4.6977457e-03, 1.7065116e-03, 3.9435448e-03, ..., 8.8529343e-17,
       3.1036442e-17, 3.2452671e-17], shape=(1025,), dtype=float32))",CV
290,"(array([0.00000000e+00, 4.88281250e-01, 9.76562500e-01, ...,
       4.99023438e+02, 4.99511719e+02, 5.00000000e+02], shape=(1025,)), array([6.9836183e-03, 2.3180153e-03, 6.1240387e-03, ..., 1.5719518e-16,
       1.4900829e-16, 3.2543767e-17], shape=(1025,), dtype=float32))",CV
291,"(array([0.00000000e+00, 4.88281250e-01, 9.76562500e-01, ...,
       4.99023438e+02, 4.99511719e+02, 5.00000000e+02], shape=(1025,)), array([1.5404109e-02, 6.0298038e-03, 2.4944436e-02, ..., 2.1156366e-16,
       2.5675633e-16, 4.5752574e-17], shape=(1025,), dtype=float32))",CV
292,"(array([0.00000000e+00, 4.88281250e-01, 9.76562500e-01, ...,
       4.99023438e+02, 4.99511719e+02, 5.00000000e+02], shape=(1025,)), array([3.9605442e-03, 1.9188009e-03, 4.0651183e-03, ..., 1.5734992e-16,
       1.5505264e-16, 7.1652079e-17], shape=(1025,), dtype=float32))",CV
293,"(array([0.00000000e+00, 4.88281250e-01, 9.76562500e-01, ...,
       4.99023438e+02, 4.99511719e+02, 5.00000000e+02], shape=(1025,)), array([1.5508912e-02, 5.7016057e-03, 2.2261290e-02, ..., 3.1901900e-16,
       2.6248344e-16, 7.4840410e-17], shape=(1025,), dtype=float32))",CV
294,"(array([0.00000000e+00, 4.88281250e-01, 9.76562500e-01, ...,
       4.99023438e+02, 4.99511719e+02, 5.00000000e+02], shape=(1025,)), array([7.5149229e-03, 2.8016302e-03, 4.5087198e-03, ..., 1.0844761e-16,
       1.4922220e-16, 8.7730392e-17], shape=(1025,), dtype=float32))",CV
295,"(array([0.00000000e+00, 4.88281250e-01, 9.76562500e-01, ...,
       4.99023438e+02, 4.99511719e+02, 5.00000000e+02], shape=(1025,)), array([1.31153855e-02, 5.46517875e-03, 3.26895737e-03, ...,
       2.22932878e-16, 1.00119566e-16, 4.08106595e-17],
      shape=(1025,), dtype=float32))",CV
296,"(array([0.00000000e+00, 4.88281250e-01, 9.76562500e-01, ...,
       4.99023438e+02, 4.99511719e+02, 5.00000000e+02], shape=(1025,)), array([8.3574932e-03, 3.7033134e-03, 3.9739520e-03, ..., 5.3830919e-17,
       1.2410887e-16, 1.9243866e-17], shape=(1025,), dtype=float32))",CV
297,"(array([0.00000000e+00, 4.88281250e-01, 9.76562500e-01, ...,
       4.99023438e+02, 4.99511719e+02, 5.00000000e+02], shape=(1025,)), array([1.4373153e-01, 5.5617828e-02, 5.7308905e-02, ..., 5.7615181e-16,
       6.2636609e-16, 3.0610275e-16], shape=(1025,), dtype=float32))",CV
298,"(array([0.00000000e+00, 4.88281250e-01, 9.76562500e-01, ...,
       4.99023438e+02, 4.99511719e+02, 5.00000000e+02], shape=(1025,)), array([7.2934199e-03, 3.0869094e-03, 5.8348496e-03, ..., 1.5501007e-16,
       2.3445419e-16, 6.0760519e-17], shape=(1025,), dtype=float32))",CV
299,"(array([0.00000000e+00, 4.88281250e-01, 9.76562500e-01, ...,
       4.99023438e+02, 4.99511719e+02, 5.00000000e+02], shape=(1025,)), array([3.2195751e-02, 1.2885884e-02, 5.2900710e-03, ..., 2.6423592e-16,
       1.2072451e-16, 8.7178126e-17], shape=(1025,), dtype=float32))",CV
300,"(array([0.00000000e+00, 4.88281250e-01, 9.76562500e-01, ...,
       4.99023438e+02, 4.99511719e+02, 5.00000000e+02], shape=(1025,)), array([4.1981954e-03, 1.5331871e-03, 1.1040503e-02, ..., 1.4722591e-16,
       1.5067367e-16, 3.6102179e-17], shape=(1025,), dtype=float32))",CV
301,"(array([0.00000000e+00, 4.88281250e-01, 9.76562500e-01, ...,
       4.99023438e+02, 4.99511719e+02, 5.00000000e+02], shape=(1025,)), array([1.7813807e-02, 6.5809172e-03, 1.1731111e-02, ..., 3.0040714e-16,
       9.3718511e-17, 1.0858550e-16], shape=(1025,), dtype=float32))",CV
302,"(array([0.00000000e+00, 4.88281250e-01, 9.76562500e-01, ...,
       4.99023438e+02, 4.99511719e+02, 5.00000000e+02], shape=(1025,)), array([7.5657819e-03, 2.9155272e-03, 4.6500745e-03, ..., 1.2913958e-16,
       2.3857980e-16, 6.7159959e-17], shape=(1025,), dtype=float32))",CV
303,"(array([0.00000000e+00, 4.88281250e-01, 9.76562500e-01, ...,
       4.99023438e+02, 4.99511719e+02, 5.00000000e+02], shape=(1025,)), array([1.9348640e-02, 5.1922943e-03, 3.9910000e-02, ..., 2.6417613e-16,
       1.5332412e-16, 8.4399726e-17], shape=(1025,), dtype=float32))",CV
304,"(array([0.00000000e+00, 4.88281250e-01, 9.76562500e-01, ...,
       4.99023438e+02, 4.99511719e+02, 5.00000000e+02], shape=(1025,)), array([1.4035930e-02, 5.8539677e-03, 1.1276219e-02, ..., 1.6356148e-16,
       2.3401297e-16, 8.8817837e-17], shape=(1025,), dtype=float32))",CV
305,"(array([0.00000000e+00, 4.88281250e-01, 9.76562500e-01, ...,
       4.99023438e+02, 4.99511719e+02, 5.00000000e+02], shape=(1025,)), array([2.0642977e-03, 1.1060485e-03, 5.2580107e-03, ..., 1.3041704e-16,
       1.2092981e-16, 1.1721677e-16], shape=(1025,), dtype=float32))",CV
306,"(array([0.00000000e+00, 4.88281250e-01, 9.76562500e-01, ...,
       4.99023438e+02, 4.99511719e+02, 5.00000000e+02], shape=(1025,)), array([7.3898882e-03, 3.4090062e-03, 3.9913831e-03, ..., 1.1027406e-16,
       2.8683910e-16, 2.9839379e-17], shape=(1025,), dtype=float32))",CV
307,"(array([0.00000000e+00, 4.88281250e-01, 9.76562500e-01, ...,
       4.99023438e+02, 4.99511719e+02, 5.00000000e+02], shape=(1025,)), array([1.7496347e-02, 6.8854052e-03, 4.1978029e-03, ..., 1.2191103e-16,
       1.8477616e-16, 5.3404577e-17], shape=(1025,), dtype=float32))",CV
308,"(array([0.00000000e+00, 4.88281250e-01, 9.76562500e-01, ...,
       4.99023438e+02, 4.99511719e+02, 5.00000000e+02], shape=(1025,)), array([5.64509071e-03, 2.80175125e-03, 5.70606766e-03, ...,
       1.13767258e-16, 2.68392871e-16, 1.07856735e-16],
      shape=(1025,), dtype=float32))",CV
309,"(array([0.00000000e+00, 4.88281250e-01, 9.76562500e-01, ...,
       4.99023438e+02, 4.99511719e+02, 5.00000000e+02], shape=(1025,)), array([4.7491062e-03, 2.0257693e-03, 3.5413380e-03, ..., 2.0337080e-16,
       1.0433911e-16, 3.8789487e-17], shape=(1025,), dtype=float32))",CV
310,"(array([0.00000000e+00, 4.88281250e-01, 9.76562500e-01, ...,
       4.99023438e+02, 4.99511719e+02, 5.00000000e+02], shape=(1025,)), array([4.88347467e-03, 2.21420289e-03, 4.47108969e-03, ...,
       1.39901653e-16, 1.04978875e-16, 2.70780551e-17],
      shape=(1025,), dtype=float32))",CV
311,"(array([0.00000000e+00, 4.88281250e-01, 9.76562500e-01, ...,
       4.99023438e+02, 4.99511719e+02, 5.00000000e+02], shape=(1025,)), array([8.2306433e-03, 3.2172608e-03, 1.5631022e-02, ..., 2.3204232e-16,
       2.6433995e-16, 3.7986705e-17], shape=(1025,), dtype=float32))",CV
312,"(array([0.00000000e+00, 4.88281250e-01, 9.76562500e-01, ...,
       4.99023438e+02, 4.99511719e+02, 5.00000000e+02], shape=(1025,)), array([1.0913452e-02, 3.8840347e-03, 6.2617781e-03, ..., 2.3226220e-16,
       1.3931986e-16, 4.7785135e-17], shape=(1025,), dtype=float32))",CV
313,"(array([0.00000000e+00, 4.88281250e-01, 9.76562500e-01, ...,
       4.99023438e+02, 4.99511719e+02, 5.00000000e+02], shape=(1025,)), array([7.3558893e-03, 3.2776545e-03, 3.2489607e-03, ..., 1.8341707e-16,
       8.2236814e-17, 5.1742090e-17], shape=(1025,), dtype=float32))",CV
314,"(array([0.00000000e+00, 4.88281250e-01, 9.76562500e-01, ...,
       4.99023438e+02, 4.99511719e+02, 5.00000000e+02], shape=(1025,)), array([5.2887844e-03, 2.0518890e-03, 3.2327310e-03, ..., 8.8929751e-17,
       1.7766737e-16, 7.0217337e-17], shape=(1025,), dtype=float32))",CV
315,"(array([0.00000000e+00, 4.88281250e-01, 9.76562500e-01, ...,
       4.99023438e+02, 4.99511719e+02, 5.00000000e+02], shape=(1025,)), array([4.05502878e-03, 1.73237186e-03, 4.12750011e-03, ...,
       2.32497786e-16, 1.04692604e-16, 1.72466006e-16],
      shape=(1025,), dtype=float32))",CV
316,"(array([0.00000000e+00, 4.88281250e-01, 9.76562500e-01, ...,
       4.99023438e+02, 4.99511719e+02, 5.00000000e+02], shape=(1025,)), array([7.2100766e-02, 3.6546171e-02, 4.0032294e-02, ..., 3.0808470e-16,
       5.4692229e-16, 2.1945410e-16], shape=(1025,), dtype=float32))",CV
317,"(array([0.00000000e+00, 4.88281250e-01, 9.76562500e-01, ...,
       4.99023438e+02, 4.99511719e+02, 5.00000000e+02], shape=(1025,)), array([1.9672336e-02, 7.7667693e-03, 1.5582617e-02, ..., 1.6663289e-16,
       1.8775049e-16, 1.1186636e-16], shape=(1025,), dtype=float32))",CV
318,"(array([0.00000000e+00, 4.88281250e-01, 9.76562500e-01, ...,
       4.99023438e+02, 4.99511719e+02, 5.00000000e+02], shape=(1025,)), array([1.2662260e-02, 4.9555078e-03, 5.0711483e-03, ..., 1.6264480e-16,
       1.9350533e-16, 5.2089383e-17], shape=(1025,), dtype=float32))",CV
319,"(array([0.00000000e+00, 4.88281250e-01, 9.76562500e-01, ...,
       4.99023438e+02, 4.99511719e+02, 5.00000000e+02], shape=(1025,)), array([3.9001554e-03, 1.2940839e-03, 4.8613762e-03, ..., 1.1711428e-16,
       1.9929266e-16, 5.5408667e-17], shape=(1025,), dtype=float32))",CV
320,"(array([0.00000000e+00, 4.88281250e-01, 9.76562500e-01, ...,
       4.99023438e+02, 4.99511719e+02, 5.00000000e+02], shape=(1025,)), array([1.3004975e-02, 5.0632129e-03, 4.7606695e-03, ..., 1.2177243e-16,
       1.5055461e-16, 5.4679908e-17], shape=(1025,), dtype=float32))",CV
321,"(array([0.00000000e+00, 4.88281250e-01, 9.76562500e-01, ...,
       4.99023438e+02, 4.99511719e+02, 5.00000000e+02], shape=(1025,)), array([4.9110823e-03, 2.0084982e-03, 5.7085808e-03, ..., 1.1426187e-16,
       1.7262625e-16, 5.4930411e-17], shape=(1025,), dtype=float32))",CV
322,"(array([0.00000000e+00, 4.88281250e-01, 9.76562500e-01, ...,
       4.99023438e+02, 4.99511719e+02, 5.00000000e+02], shape=(1025,)), array([3.0894538e-03, 1.3914569e-03, 4.4719819e-03, ..., 8.4224112e-17,
       1.3633597e-16, 2.5620533e-17], shape=(1025,), dtype=float32))",CV
323,"(array([0.00000000e+00, 4.88281250e-01, 9.76562500e-01, ...,
       4.99023438e+02, 4.99511719e+02, 5.00000000e+02], shape=(1025,)), array([1.4976177e-02, 5.8039618e-03, 8.8529326e-03, ..., 1.6507022e-16,
       1.2896966e-16, 4.5023811e-17], shape=(1025,), dtype=float32))",CV
324,"(array([0.00000000e+00, 4.88281250e-01, 9.76562500e-01, ...,
       4.99023438e+02, 4.99511719e+02, 5.00000000e+02], shape=(1025,)), array([2.0814559e-03, 7.4148178e-04, 2.9666433e-03, ..., 1.4492555e-16,
       1.3361339e-16, 3.8766709e-17], shape=(1025,), dtype=float32))",CV
325,"(array([0.00000000e+00, 4.88281250e-01, 9.76562500e-01, ...,
       4.99023438e+02, 4.99511719e+02, 5.00000000e+02], shape=(1025,)), array([2.8555505e-03, 1.0586146e-03, 2.3210978e-03, ..., 1.1558672e-16,
       2.4655885e-16, 7.0576023e-17], shape=(1025,), dtype=float32))",CV
326,"(array([0.00000000e+00, 4.88281250e-01, 9.76562500e-01, ...,
       4.99023438e+02, 4.99511719e+02, 5.00000000e+02], shape=(1025,)), array([1.9800549e-03, 8.0252724e-04, 1.4718404e-03, ..., 9.6907663e-17,
       1.0618750e-16, 8.5117097e-17], shape=(1025,), dtype=float32))",CV
327,"(array([0.00000000e+00, 4.88281250e-01, 9.76562500e-01, ...,
       4.99023438e+02, 4.99511719e+02, 5.00000000e+02], shape=(1025,)), array([4.72949166e-03, 1.63040240e-03, 2.59870663e-03, ...,
       2.90852850e-16, 1.08537366e-16, 4.18127061e-17],
      shape=(1025,), dtype=float32))",CV
328,"(array([0.00000000e+00, 4.88281250e-01, 9.76562500e-01, ...,
       4.99023438e+02, 4.99511719e+02, 5.00000000e+02], shape=(1025,)), array([3.4687943e-03, 1.2886173e-03, 1.5147862e-03, ..., 4.7712542e-17,
       6.6250986e-17, 3.8675614e-17], shape=(1025,), dtype=float32))",CV
329,"(array([0.00000000e+00, 4.88281250e-01, 9.76562500e-01, ...,
       4.99023438e+02, 4.99511719e+02, 5.00000000e+02], shape=(1025,)), array([3.3765240e-03, 1.4242011e-03, 1.6938949e-03, ..., 1.0120964e-16,
       7.0049248e-17, 3.2976468e-17], shape=(1025,), dtype=float32))",CV
330,"(array([0.00000000e+00, 4.88281250e-01, 9.76562500e-01, ...,
       4.99023438e+02, 4.99511719e+02, 5.00000000e+02], shape=(1025,)), array([5.4793586e-03, 2.1845764e-03, 2.2245431e-03, ..., 9.5784676e-17,
       1.3697346e-16, 4.2279573e-17], shape=(1025,), dtype=float32))",CV
331,"(array([0.00000000e+00, 4.88281250e-01, 9.76562500e-01, ...,
       4.99023438e+02, 4.99511719e+02, 5.00000000e+02], shape=(1025,)), array([3.4151149e-03, 1.2976954e-03, 2.5402308e-03, ..., 1.1308403e-16,
       1.9301219e-16, 4.1129498e-17], shape=(1025,), dtype=float32))",CV
332,"(array([0.00000000e+00, 4.88281250e-01, 9.76562500e-01, ...,
       4.99023438e+02, 4.99511719e+02, 5.00000000e+02], shape=(1025,)), array([2.4102835e-03, 8.8772760e-04, 1.8142463e-03, ..., 1.4440177e-16,
       1.4950866e-16, 2.5381407e-17], shape=(1025,), dtype=float32))",CV
333,"(array([0.00000000e+00, 4.88281250e-01, 9.76562500e-01, ...,
       4.99023438e+02, 4.99511719e+02, 5.00000000e+02], shape=(1025,)), array([3.6314393e-03, 1.4952699e-03, 1.4887432e-03, ..., 8.3622560e-17,
       5.8828701e-17, 6.5155852e-17], shape=(1025,), dtype=float32))",CV
334,"(array([0.00000000e+00, 4.88281250e-01, 9.76562500e-01, ...,
       4.99023438e+02, 4.99511719e+02, 5.00000000e+02], shape=(1025,)), array([5.8816751e-03, 2.4038889e-03, 1.5179113e-03, ..., 7.3369365e-17,
       1.9331331e-16, 1.0029584e-16], shape=(1025,), dtype=float32))",CV
335,"(array([0.00000000e+00, 4.88281250e-01, 9.76562500e-01, ...,
       4.99023438e+02, 4.99511719e+02, 5.00000000e+02], shape=(1025,)), array([6.5535675e-03, 2.7483394e-03, 1.0878678e-03, ..., 1.4401958e-16,
       6.0670402e-17, 2.6003417e-17], shape=(1025,), dtype=float32))",CV
336,"(array([0.00000000e+00, 4.88281250e-01, 9.76562500e-01, ...,
       4.99023438e+02, 4.99511719e+02, 5.00000000e+02], shape=(1025,)), array([6.2982817e-03, 2.3738213e-03, 2.6197545e-03, ..., 1.0324335e-16,
       1.4000267e-16, 9.0480331e-17], shape=(1025,), dtype=float32))",CV
337,"(array([0.00000000e+00, 4.88281250e-01, 9.76562500e-01, ...,
       4.99023438e+02, 4.99511719e+02, 5.00000000e+02], shape=(1025,)), array([3.08637950e-03, 1.42540038e-03, 2.41055619e-03, ...,
       1.01755186e-16, 6.25251730e-17, 4.23820512e-17],
      shape=(1025,), dtype=float32))",CV
338,"(array([0.00000000e+00, 4.88281250e-01, 9.76562500e-01, ...,
       4.99023438e+02, 4.99511719e+02, 5.00000000e+02], shape=(1025,)), array([5.3256582e-03, 1.8311464e-03, 3.8945230e-03, ..., 1.6704586e-16,
       1.2901971e-16, 6.1967528e-17], shape=(1025,), dtype=float32))",CV
339,"(array([0.00000000e+00, 4.88281250e-01, 9.76562500e-01, ...,
       4.99023438e+02, 4.99511719e+02, 5.00000000e+02], shape=(1025,)), array([2.8566720e-03, 1.0877002e-03, 2.1991192e-03, ..., 1.3597617e-16,
       8.7935222e-17, 3.7121305e-17], shape=(1025,), dtype=float32))",CV
340,"(array([0.00000000e+00, 4.88281250e-01, 9.76562500e-01, ...,
       4.99023438e+02, 4.99511719e+02, 5.00000000e+02], shape=(1025,)), array([3.0701715e-03, 1.3692596e-03, 2.3867425e-03, ..., 1.7182266e-16,
       6.6546839e-17, 4.3201910e-17], shape=(1025,), dtype=float32))",CV
341,"(array([0.00000000e+00, 4.88281250e-01, 9.76562500e-01, ...,
       4.99023438e+02, 4.99511719e+02, 5.00000000e+02], shape=(1025,)), array([1.1761686e-02, 5.2150362e-03, 6.5738331e-03, ..., 4.1875498e-16,
       1.5810754e-16, 8.9022805e-17], shape=(1025,), dtype=float32))",CV
342,"(array([0.00000000e+00, 4.88281250e-01, 9.76562500e-01, ...,
       4.99023438e+02, 4.99511719e+02, 5.00000000e+02], shape=(1025,)), array([4.5450674e-03, 1.7428378e-03, 2.4642348e-03, ..., 8.0148170e-17,
       1.0552732e-16, 5.4019470e-17], shape=(1025,), dtype=float32))",CV
343,"(array([0.00000000e+00, 4.88281250e-01, 9.76562500e-01, ...,
       4.99023438e+02, 4.99511719e+02, 5.00000000e+02], shape=(1025,)), array([1.95874856e-03, 5.71491139e-04, 2.54798937e-03, ...,
       8.81848450e-17, 1.05764266e-16, 4.29969409e-17],
      shape=(1025,), dtype=float32))",CV
344,"(array([0.00000000e+00, 4.88281250e-01, 9.76562500e-01, ...,
       4.99023438e+02, 4.99511719e+02, 5.00000000e+02], shape=(1025,)), array([3.14945704e-03, 9.65171494e-04, 1.54336542e-03, ...,
       1.02475396e-16, 1.07998051e-16, 7.81369233e-17],
      shape=(1025,), dtype=float32))",CV
345,"(array([0.00000000e+00, 4.88281250e-01, 9.76562500e-01, ...,
       4.99023438e+02, 4.99511719e+02, 5.00000000e+02], shape=(1025,)), array([5.2431519e-03, 2.2278014e-03, 2.3177548e-03, ..., 2.1891222e-16,
       1.6196126e-16, 4.4704983e-17], shape=(1025,), dtype=float32))",CV
346,"(array([0.00000000e+00, 4.88281250e-01, 9.76562500e-01, ...,
       4.99023438e+02, 4.99511719e+02, 5.00000000e+02], shape=(1025,)), array([2.1421325e-03, 7.7764556e-04, 1.9946410e-03, ..., 8.0721393e-17,
       9.1894141e-17, 2.7670174e-17], shape=(1025,), dtype=float32))",CV
347,"(array([0.00000000e+00, 4.88281250e-01, 9.76562500e-01, ...,
       4.99023438e+02, 4.99511719e+02, 5.00000000e+02], shape=(1025,)), array([3.3582887e-03, 1.1363097e-03, 2.3562303e-03, ..., 4.9916664e-17,
       4.5831451e-17, 6.8025362e-17], shape=(1025,), dtype=float32))",CV
348,"(array([0.00000000e+00, 4.88281250e-01, 9.76562500e-01, ...,
       4.99023438e+02, 4.99511719e+02, 5.00000000e+02], shape=(1025,)), array([2.2818455e-03, 9.9136704e-04, 3.2300083e-03, ..., 1.1708441e-16,
       1.1049872e-16, 4.1038396e-17], shape=(1025,), dtype=float32))",CV
349,"(array([0.00000000e+00, 4.88281250e-01, 9.76562500e-01, ...,
       4.99023438e+02, 4.99511719e+02, 5.00000000e+02], shape=(1025,)), array([5.6514237e-03, 2.4461893e-03, 1.0887770e-03, ..., 5.6030243e-17,
       6.8135145e-17, 3.9671969e-17], shape=(1025,), dtype=float32))",CV
350,"(array([0.00000000e+00, 4.88281250e-01, 9.76562500e-01, ...,
       4.99023438e+02, 4.99511719e+02, 5.00000000e+02], shape=(1025,)), array([6.6895965e-03, 3.1624413e-03, 2.7064728e-03, ..., 1.9897261e-16,
       9.8027216e-17, 5.0752851e-17], shape=(1025,), dtype=float32))",CV
351,"(array([0.00000000e+00, 4.88281250e-01, 9.76562500e-01, ...,
       4.99023438e+02, 4.99511719e+02, 5.00000000e+02], shape=(1025,)), array([2.8231191e-03, 1.3007713e-03, 1.7655480e-03, ..., 9.6658430e-17,
       9.1663510e-17, 7.2807855e-17], shape=(1025,), dtype=float32))",CV
352,"(array([0.00000000e+00, 4.88281250e-01, 9.76562500e-01, ...,
       4.99023438e+02, 4.99511719e+02, 5.00000000e+02], shape=(1025,)), array([1.9142113e-03, 9.6758484e-04, 2.1911014e-03, ..., 1.8410346e-16,
       1.6516753e-16, 2.3821400e-17], shape=(1025,), dtype=float32))",CV
353,"(array([0.00000000e+00, 4.88281250e-01, 9.76562500e-01, ...,
       4.99023438e+02, 4.99511719e+02, 5.00000000e+02], shape=(1025,)), array([4.4391127e-03, 1.8831922e-03, 4.1296543e-03, ..., 1.9583357e-16,
       1.7545307e-16, 4.5638704e-17], shape=(1025,), dtype=float32))",CV
354,"(array([0.00000000e+00, 4.88281250e-01, 9.76562500e-01, ...,
       4.99023438e+02, 4.99511719e+02, 5.00000000e+02], shape=(1025,)), array([5.5727959e-03, 2.1988524e-03, 1.7023699e-03, ..., 1.8759353e-16,
       1.4849251e-16, 2.5603452e-17], shape=(1025,), dtype=float32))",CV
355,"(array([0.00000000e+00, 4.88281250e-01, 9.76562500e-01, ...,
       4.99023438e+02, 4.99511719e+02, 5.00000000e+02], shape=(1025,)), array([4.46625892e-03, 1.73487118e-03, 2.67351209e-03, ...,
       9.88077102e-17, 1.09082074e-16, 5.94168532e-17],
      shape=(1025,), dtype=float32))",CV
356,"(array([0.00000000e+00, 4.88281250e-01, 9.76562500e-01, ...,
       4.99023438e+02, 4.99511719e+02, 5.00000000e+02], shape=(1025,)), array([5.8414903e-03, 2.8396314e-03, 2.7565530e-02, ..., 1.8190026e-16,
       1.8401465e-16, 6.3220084e-17], shape=(1025,), dtype=float32))",CV
357,"(array([0.00000000e+00, 4.88281250e-01, 9.76562500e-01, ...,
       4.99023438e+02, 4.99511719e+02, 5.00000000e+02], shape=(1025,)), array([3.2965271e-03, 1.3449432e-03, 2.0188813e-03, ..., 7.5330055e-17,
       9.8729214e-17, 2.4523119e-17], shape=(1025,), dtype=float32))",CV
358,"(array([0.00000000e+00, 4.88281250e-01, 9.76562500e-01, ...,
       4.99023438e+02, 4.99511719e+02, 5.00000000e+02], shape=(1025,)), array([1.5981304e-03, 6.9992529e-04, 1.2134907e-03, ..., 6.5709547e-17,
       7.1016731e-17, 5.2248801e-17], shape=(1025,), dtype=float32))",CV
359,"(array([0.00000000e+00, 4.88281250e-01, 9.76562500e-01, ...,
       4.99023438e+02, 4.99511719e+02, 5.00000000e+02], shape=(1025,)), array([3.3718981e-03, 1.4914727e-03, 9.1563608e-04, ..., 1.1498390e-16,
       6.6329827e-17, 5.5135383e-17], shape=(1025,), dtype=float32))",CV
360,"(array([0.00000000e+00, 4.88281250e-01, 9.76562500e-01, ...,
       4.99023438e+02, 4.99511719e+02, 5.00000000e+02], shape=(1025,)), array([6.1892695e-03, 2.2585527e-03, 4.8180451e-03, ..., 1.1323491e-16,
       1.0213594e-16, 2.4231328e-17], shape=(1025,), dtype=float32))",CV
361,"(array([0.00000000e+00, 4.88281250e-01, 9.76562500e-01, ...,
       4.99023438e+02, 4.99511719e+02, 5.00000000e+02], shape=(1025,)), array([3.7405656e-03, 1.4461298e-03, 4.2459201e-03, ..., 1.0175283e-16,
       1.4150387e-16, 3.8852114e-17], shape=(1025,), dtype=float32))",CV
362,"(array([0.00000000e+00, 4.88281250e-01, 9.76562500e-01, ...,
       4.99023438e+02, 4.99511719e+02, 5.00000000e+02], shape=(1025,)), array([5.9221473e-02, 2.8918289e-02, 1.0605909e-01, ..., 3.5878569e-16,
       1.3912340e-16, 2.0778819e-16], shape=(1025,), dtype=float32))",CV
363,"(array([0.00000000e+00, 4.88281250e-01, 9.76562500e-01, ...,
       4.99023438e+02, 4.99511719e+02, 5.00000000e+02], shape=(1025,)), array([5.7584699e-03, 2.3442609e-03, 1.6687395e-03, ..., 1.9668047e-16,
       2.0888905e-16, 6.4706078e-17], shape=(1025,), dtype=float32))",CV
364,"(array([0.00000000e+00, 4.88281250e-01, 9.76562500e-01, ...,
       4.99023438e+02, 4.99511719e+02, 5.00000000e+02], shape=(1025,)), array([1.8908854e-03, 8.7572658e-04, 2.5096301e-03, ..., 7.4117348e-17,
       7.9361905e-17, 5.5689068e-17], shape=(1025,), dtype=float32))",CV
365,"(array([0.00000000e+00, 4.88281250e-01, 9.76562500e-01, ...,
       4.99023438e+02, 4.99511719e+02, 5.00000000e+02], shape=(1025,)), array([2.6519164e-03, 1.1905667e-03, 3.0051342e-03, ..., 1.3541874e-16,
       1.4804697e-16, 8.1484675e-17], shape=(1025,), dtype=float32))",CV
366,"(array([0.00000000e+00, 4.88281250e-01, 9.76562500e-01, ...,
       4.99023438e+02, 4.99511719e+02, 5.00000000e+02], shape=(1025,)), array([5.3848112e-03, 2.2467168e-03, 2.3931672e-03, ..., 4.8090673e-17,
       1.1656453e-16, 6.9460103e-17], shape=(1025,), dtype=float32))",CV
367,"(array([0.00000000e+00, 4.88281250e-01, 9.76562500e-01, ...,
       4.99023438e+02, 4.99511719e+02, 5.00000000e+02], shape=(1025,)), array([1.3095944e-02, 6.8933237e-03, 4.0574476e-02, ..., 3.4508011e-16,
       2.3852945e-16, 6.9596753e-17], shape=(1025,), dtype=float32))",CV
368,"(array([0.00000000e+00, 4.88281250e-01, 9.76562500e-01, ...,
       4.99023438e+02, 4.99511719e+02, 5.00000000e+02], shape=(1025,)), array([5.1225543e-02, 2.4583098e-02, 2.5809286e-02, ..., 2.8573156e-16,
       6.9390861e-16, 2.0013619e-16], shape=(1025,), dtype=float32))",CV
369,"(array([0.00000000e+00, 4.88281250e-01, 9.76562500e-01, ...,
       4.99023438e+02, 4.99511719e+02, 5.00000000e+02], shape=(1025,)), array([1.5447595e-03, 7.2844117e-04, 1.0036994e-03, ..., 9.3913203e-17,
       1.1659365e-16, 3.8358205e-17], shape=(1025,), dtype=float32))",CV
370,"(array([0.00000000e+00, 4.88281250e-01, 9.76562500e-01, ...,
       4.99023438e+02, 4.99511719e+02, 5.00000000e+02], shape=(1025,)), array([3.5820117e-03, 1.6020563e-03, 4.4306563e-03, ..., 4.6219610e-17,
       5.8908581e-17, 4.5023818e-17], shape=(1025,), dtype=float32))",CV
371,"(array([0.00000000e+00, 4.88281250e-01, 9.76562500e-01, ...,
       4.99023438e+02, 4.99511719e+02, 5.00000000e+02], shape=(1025,)), array([2.4679457e-03, 1.1502561e-03, 3.2424778e-03, ..., 1.6476918e-16,
       6.7305132e-17, 3.6460864e-17], shape=(1025,), dtype=float32))",CV
372,"(array([0.00000000e+00, 4.88281250e-01, 9.76562500e-01, ...,
       4.99023438e+02, 4.99511719e+02, 5.00000000e+02], shape=(1025,)), array([2.4835104e-03, 1.0392522e-03, 1.9793415e-03, ..., 8.4132884e-17,
       1.5136831e-16, 5.0967776e-17], shape=(1025,), dtype=float32))",CV
373,"(array([0.00000000e+00, 4.88281250e-01, 9.76562500e-01, ...,
       4.99023438e+02, 4.99511719e+02, 5.00000000e+02], shape=(1025,)), array([4.1032797e-03, 1.6321859e-03, 2.6302012e-03, ..., 8.9712429e-17,
       1.2299207e-16, 1.6693200e-17], shape=(1025,), dtype=float32))",CV
374,"(array([0.00000000e+00, 4.88281250e-01, 9.76562500e-01, ...,
       4.99023438e+02, 4.99511719e+02, 5.00000000e+02], shape=(1025,)), array([2.7637542e-03, 1.1746195e-03, 1.9070669e-03, ..., 6.4308237e-17,
       1.0023533e-16, 6.4313226e-17], shape=(1025,), dtype=float32))",CV
375,"(array([0.00000000e+00, 4.88281250e-01, 9.76562500e-01, ...,
       4.99023438e+02, 4.99511719e+02, 5.00000000e+02], shape=(1025,)), array([4.96971561e-03, 1.74072431e-03, 2.67594145e-03, ...,
       1.00009915e-16, 1.40396770e-16, 4.64642504e-17],
      shape=(1025,), dtype=float32))",CV
376,"(array([0.00000000e+00, 4.88281250e-01, 9.76562500e-01, ...,
       4.99023438e+02, 4.99511719e+02, 5.00000000e+02], shape=(1025,)), array([1.3963510e-03, 5.8698998e-04, 2.2115740e-03, ..., 9.5431490e-17,
       8.5685416e-17, 3.3676766e-17], shape=(1025,), dtype=float32))",CV
377,"(array([0.00000000e+00, 4.88281250e-01, 9.76562500e-01, ...,
       4.99023438e+02, 4.99511719e+02, 5.00000000e+02], shape=(1025,)), array([2.5234111e-03, 1.0425661e-03, 2.5721090e-03, ..., 1.3118584e-16,
       1.3791173e-16, 3.7104225e-17], shape=(1025,), dtype=float32))",CV
378,"(array([0.00000000e+00, 4.88281250e-01, 9.76562500e-01, ...,
       4.99023438e+02, 4.99511719e+02, 5.00000000e+02], shape=(1025,)), array([9.1092195e-03, 3.3828577e-03, 2.1953909e-03, ..., 1.5672934e-16,
       1.7635435e-16, 2.7692948e-17], shape=(1025,), dtype=float32))",CV
379,"(array([0.00000000e+00, 4.88281250e-01, 9.76562500e-01, ...,
       4.99023438e+02, 4.99511719e+02, 5.00000000e+02], shape=(1025,)), array([3.8520540e-03, 1.6514076e-03, 1.7883243e-03, ..., 1.5935758e-16,
       1.5474890e-16, 6.7006229e-17], shape=(1025,), dtype=float32))",CV
380,"(array([0.00000000e+00, 4.88281250e-01, 9.76562500e-01, ...,
       4.99023438e+02, 4.99511719e+02, 5.00000000e+02], shape=(1025,)), array([6.2222360e-03, 2.2043302e-03, 2.0268254e-03, ..., 1.2100648e-16,
       1.1636004e-16, 5.8784887e-17], shape=(1025,), dtype=float32))",CV
381,"(array([0.00000000e+00, 4.88281250e-01, 9.76562500e-01, ...,
       4.99023438e+02, 4.99511719e+02, 5.00000000e+02], shape=(1025,)), array([4.2789821e-03, 1.7237179e-03, 2.5391229e-03, ..., 1.0566049e-16,
       1.2586732e-16, 6.1921980e-17], shape=(1025,), dtype=float32))",CV
382,"(array([0.00000000e+00, 4.88281250e-01, 9.76562500e-01, ...,
       4.99023438e+02, 4.99511719e+02, 5.00000000e+02], shape=(1025,)), array([1.4141210e-02, 5.0652502e-03, 2.7177832e-03, ..., 1.4251705e-16,
       1.1158799e-16, 3.1701138e-17], shape=(1025,), dtype=float32))",CV
383,"(array([0.00000000e+00, 4.88281250e-01, 9.76562500e-01, ...,
       4.99023438e+02, 4.99511719e+02, 5.00000000e+02], shape=(1025,)), array([8.0302004e-03, 3.3579555e-03, 1.8711458e-03, ..., 3.8265971e-16,
       1.1935306e-16, 3.3938665e-17], shape=(1025,), dtype=float32))",CV
384,"(array([0.00000000e+00, 4.88281250e-01, 9.76562500e-01, ...,
       4.99023438e+02, 4.99511719e+02, 5.00000000e+02], shape=(1025,)), array([2.30712234e-03, 1.01471774e-03, 1.20010646e-03, ...,
       1.16047630e-16, 1.09678875e-16, 6.12672298e-17],
      shape=(1025,), dtype=float32))",CV
385,"(array([0.00000000e+00, 4.88281250e-01, 9.76562500e-01, ...,
       4.99023438e+02, 4.99511719e+02, 5.00000000e+02], shape=(1025,)), array([2.3697962e-03, 9.8882290e-04, 1.9817725e-03, ..., 8.7467785e-17,
       7.3344570e-17, 1.4848521e-17], shape=(1025,), dtype=float32))",CV
386,"(array([0.00000000e+00, 4.88281250e-01, 9.76562500e-01, ...,
       4.99023438e+02, 4.99511719e+02, 5.00000000e+02], shape=(1025,)), array([4.7421013e-03, 1.9702879e-03, 2.1489982e-03, ..., 1.9839472e-16,
       1.2858005e-16, 4.3144976e-17], shape=(1025,), dtype=float32))",CV
387,"(array([0.00000000e+00, 4.88281250e-01, 9.76562500e-01, ...,
       4.99023438e+02, 4.99511719e+02, 5.00000000e+02], shape=(1025,)), array([5.3129350e-03, 2.1562262e-03, 5.2999258e-03, ..., 1.5237899e-16,
       1.5952355e-16, 6.4427099e-17], shape=(1025,), dtype=float32))",CV
388,"(array([0.00000000e+00, 4.88281250e-01, 9.76562500e-01, ...,
       4.99023438e+02, 4.99511719e+02, 5.00000000e+02], shape=(1025,)), array([4.4056247e-03, 1.8524734e-03, 3.7769983e-03, ..., 1.1873479e-16,
       1.1926048e-16, 4.2131538e-17], shape=(1025,), dtype=float32))",CV
389,"(array([0.00000000e+00, 4.88281250e-01, 9.76562500e-01, ...,
       4.99023438e+02, 4.99511719e+02, 5.00000000e+02], shape=(1025,)), array([5.2433824e-03, 2.1026661e-03, 3.0881341e-03, ..., 8.3061771e-17,
       6.3100090e-17, 3.6359806e-17], shape=(1025,), dtype=float32))",CV
390,"(array([0.00000000e+00, 4.88281250e-01, 9.76562500e-01, ...,
       4.99023438e+02, 4.99511719e+02, 5.00000000e+02], shape=(1025,)), array([3.4654252e-03, 1.5710432e-03, 2.1580921e-03, ..., 1.7950829e-16,
       1.4983858e-16, 7.2602893e-17], shape=(1025,), dtype=float32))",CV
391,"(array([0.00000000e+00, 4.88281250e-01, 9.76562500e-01, ...,
       4.99023438e+02, 4.99511719e+02, 5.00000000e+02], shape=(1025,)), array([3.1205972e-03, 1.4850564e-03, 3.4814377e-03, ..., 6.4281913e-17,
       4.9123100e-17, 4.3475197e-17], shape=(1025,), dtype=float32))",CV
392,"(array([0.00000000e+00, 4.88281250e-01, 9.76562500e-01, ...,
       4.99023438e+02, 4.99511719e+02, 5.00000000e+02], shape=(1025,)), array([4.4174017e-03, 1.8701170e-03, 4.1298196e-03, ..., 1.8060344e-16,
       1.2322928e-16, 5.3313488e-17], shape=(1025,), dtype=float32))",CV
393,"(array([0.00000000e+00, 4.88281250e-01, 9.76562500e-01, ...,
       4.99023438e+02, 4.99511719e+02, 5.00000000e+02], shape=(1025,)), array([2.4168976e-03, 9.6016150e-04, 1.6477486e-03, ..., 1.0767331e-16,
       9.8936975e-17, 3.5669471e-17], shape=(1025,), dtype=float32))",CV
394,"(array([0.00000000e+00, 4.88281250e-01, 9.76562500e-01, ...,
       4.99023438e+02, 4.99511719e+02, 5.00000000e+02], shape=(1025,)), array([6.8521671e-02, 2.6590429e-02, 2.2578130e-02, ..., 3.0785918e-16,
       5.9922785e-16, 1.6256512e-16], shape=(1025,), dtype=float32))",CV
395,"(array([0.00000000e+00, 4.88281250e-01, 9.76562500e-01, ...,
       4.99023438e+02, 4.99511719e+02, 5.00000000e+02], shape=(1025,)), array([1.52248554e-02, 5.97444410e-03, 3.35413311e-03, ...,
       1.57583346e-16, 2.25292156e-16, 1.06655424e-16],
      shape=(1025,), dtype=float32))",CV
396,"(array([0.00000000e+00, 4.88281250e-01, 9.76562500e-01, ...,
       4.99023438e+02, 4.99511719e+02, 5.00000000e+02], shape=(1025,)), array([6.5391189e-03, 2.8362302e-03, 1.7025248e-03, ..., 2.7570255e-16,
       1.7665623e-16, 2.9332665e-17], shape=(1025,), dtype=float32))",CV
397,"(array([0.00000000e+00, 4.88281250e-01, 9.76562500e-01, ...,
       4.99023438e+02, 4.99511719e+02, 5.00000000e+02], shape=(1025,)), array([2.3399633e-03, 1.0832425e-03, 2.2849783e-03, ..., 1.3283676e-16,
       1.8030311e-16, 7.6178378e-17], shape=(1025,), dtype=float32))",CV
398,"(array([0.00000000e+00, 4.88281250e-01, 9.76562500e-01, ...,
       4.99023438e+02, 4.99511719e+02, 5.00000000e+02], shape=(1025,)), array([3.7567499e-03, 1.6941348e-03, 1.6422410e-03, ..., 1.2299567e-16,
       1.8175956e-16, 3.8123348e-17], shape=(1025,), dtype=float32))",CV
399,"(array([0.00000000e+00, 4.88281250e-01, 9.76562500e-01, ...,
       4.99023438e+02, 4.99511719e+02, 5.00000000e+02], shape=(1025,)), array([2.6788446e-03, 1.1084512e-03, 1.9141269e-03, ..., 6.3501378e-17,
       2.0124108e-16, 4.5792431e-17], shape=(1025,), dtype=float32))",CV
400,"(array([0.00000000e+00, 4.88281250e-01, 9.76562500e-01, ...,
       4.99023438e+02, 4.99511719e+02, 5.00000000e+02], shape=(1025,)), array([4.48763836e-03, 1.78047689e-03, 2.55715521e-03, ...,
       1.04534626e-16, 1.68548069e-16, 3.80094852e-17],
      shape=(1025,), dtype=float32))",CV
401,"(array([0.00000000e+00, 4.88281250e-01, 9.76562500e-01, ...,
       4.99023438e+02, 4.99511719e+02, 5.00000000e+02], shape=(1025,)), array([9.6172290e-03, 4.2196582e-03, 3.4851378e-03, ..., 8.6595659e-17,
       1.0571356e-16, 4.5297102e-17], shape=(1025,), dtype=float32))",CV
402,"(array([0.00000000e+00, 4.88281250e-01, 9.76562500e-01, ...,
       4.99023438e+02, 4.99511719e+02, 5.00000000e+02], shape=(1025,)), array([4.2196731e-03, 1.5859889e-03, 2.3168135e-03, ..., 1.4664693e-16,
       2.0874501e-16, 5.7942255e-17], shape=(1025,), dtype=float32))",CV
403,"(array([0.00000000e+00, 4.88281250e-01, 9.76562500e-01, ...,
       4.99023438e+02, 4.99511719e+02, 5.00000000e+02], shape=(1025,)), array([3.4680967e-03, 1.6288222e-03, 2.1178136e-03, ..., 1.6803442e-16,
       1.1950630e-16, 2.7858057e-17], shape=(1025,), dtype=float32))",CV
404,"(array([0.00000000e+00, 4.88281250e-01, 9.76562500e-01, ...,
       4.99023438e+02, 4.99511719e+02, 5.00000000e+02], shape=(1025,)), array([4.6061631e-03, 1.8766430e-03, 1.6657601e-03, ..., 1.3177208e-16,
       1.8675552e-16, 2.9104922e-17], shape=(1025,), dtype=float32))",CV
405,"(array([0.00000000e+00, 4.88281250e-01, 9.76562500e-01, ...,
       4.99023438e+02, 4.99511719e+02, 5.00000000e+02], shape=(1025,)), array([1.2202265e-03, 5.9857132e-04, 1.5524048e-03, ..., 5.5101217e-17,
       6.9476667e-17, 3.7018817e-17], shape=(1025,), dtype=float32))",CV
406,"(array([0.00000000e+00, 4.88281250e-01, 9.76562500e-01, ...,
       4.99023438e+02, 4.99511719e+02, 5.00000000e+02], shape=(1025,)), array([4.0591895e-03, 1.7088354e-03, 1.7871314e-03, ..., 2.2141476e-16,
       2.0127041e-16, 8.1535914e-17], shape=(1025,), dtype=float32))",CV
407,"(array([0.00000000e+00, 4.88281250e-01, 9.76562500e-01, ...,
       4.99023438e+02, 4.99511719e+02, 5.00000000e+02], shape=(1025,)), array([1.8769921e-03, 7.7994785e-04, 2.8534045e-03, ..., 6.3465611e-17,
       4.6297650e-17, 1.6203562e-17], shape=(1025,), dtype=float32))",CV
408,"(array([0.00000000e+00, 4.88281250e-01, 9.76562500e-01, ...,
       4.99023438e+02, 4.99511719e+02, 5.00000000e+02], shape=(1025,)), array([4.3592644e-03, 1.3241161e-03, 2.0462042e-03, ..., 5.9213360e-17,
       6.0877648e-17, 2.0644454e-17], shape=(1025,), dtype=float32))",CV
409,"(array([0.00000000e+00, 4.88281250e-01, 9.76562500e-01, ...,
       4.99023438e+02, 4.99511719e+02, 5.00000000e+02], shape=(1025,)), array([1.7937553e-03, 6.6148984e-04, 1.5971255e-03, ..., 6.5797996e-17,
       7.4435641e-17, 1.8446781e-17], shape=(1025,), dtype=float32))",CV
410,"(array([0.00000000e+00, 4.88281250e-01, 9.76562500e-01, ...,
       4.99023438e+02, 4.99511719e+02, 5.00000000e+02], shape=(1025,)), array([1.9681426e-03, 8.3744182e-04, 4.3510371e-03, ..., 1.0409978e-16,
       1.3124957e-16, 6.0111460e-17], shape=(1025,), dtype=float32))",CV
411,"(array([0.00000000e+00, 4.88281250e-01, 9.76562500e-01, ...,
       4.99023438e+02, 4.99511719e+02, 5.00000000e+02], shape=(1025,)), array([3.2610362e-03, 1.2089157e-03, 2.9812059e-03, ..., 1.1101373e-16,
       1.2581052e-16, 2.7647402e-17], shape=(1025,), dtype=float32))",CV
412,"(array([0.00000000e+00, 4.88281250e-01, 9.76562500e-01, ...,
       4.99023438e+02, 4.99511719e+02, 5.00000000e+02], shape=(1025,)), array([1.7927787e-03, 8.9625525e-04, 5.2408758e-03, ..., 1.5635789e-16,
       1.0185512e-16, 5.8671014e-17], shape=(1025,), dtype=float32))",CV
413,"(array([0.00000000e+00, 4.88281250e-01, 9.76562500e-01, ...,
       4.99023438e+02, 4.99511719e+02, 5.00000000e+02], shape=(1025,)), array([1.9021349e-03, 8.1827812e-04, 2.2558086e-03, ..., 9.4442023e-17,
       9.7501949e-17, 5.0751422e-17], shape=(1025,), dtype=float32))",CV
414,"(array([0.00000000e+00, 4.88281250e-01, 9.76562500e-01, ...,
       4.99023438e+02, 4.99511719e+02, 5.00000000e+02], shape=(1025,)), array([3.3931418e-03, 1.4555543e-03, 7.8241192e-03, ..., 4.1520920e-17,
       2.6986779e-17, 1.0214051e-17], shape=(1025,), dtype=float32))",CV
415,"(array([0.00000000e+00, 4.88281250e-01, 9.76562500e-01, ...,
       4.99023438e+02, 4.99511719e+02, 5.00000000e+02], shape=(1025,)), array([3.7820502e-03, 1.6224796e-03, 5.8228094e-03, ..., 6.3478687e-17,
       5.6618170e-17, 2.8353389e-17], shape=(1025,), dtype=float32))",CV
416,"(array([0.00000000e+00, 4.88281250e-01, 9.76562500e-01, ...,
       4.99023438e+02, 4.99511719e+02, 5.00000000e+02], shape=(1025,)), array([1.3033091e-02, 4.7189281e-03, 3.6570868e-03, ..., 3.7883515e-17,
       2.7831865e-17, 6.1023840e-17], shape=(1025,), dtype=float32))",CV
417,"(array([0.00000000e+00, 4.88281250e-01, 9.76562500e-01, ...,
       4.99023438e+02, 4.99511719e+02, 5.00000000e+02], shape=(1025,)), array([1.26315514e-03, 5.88710362e-04, 1.23769685e-03, ...,
       2.26355725e-17, 3.69408340e-17, 1.15349336e-17],
      shape=(1025,), dtype=float32))",CV
418,"(array([0.00000000e+00, 4.88281250e-01, 9.76562500e-01, ...,
       4.99023438e+02, 4.99511719e+02, 5.00000000e+02], shape=(1025,)), array([6.9535575e-03, 2.4302569e-03, 4.7133807e-03, ..., 3.8578466e-17,
       4.4021808e-17, 4.5490679e-17], shape=(1025,), dtype=float32))",CV
419,"(array([0.00000000e+00, 4.88281250e-01, 9.76562500e-01, ...,
       4.99023438e+02, 4.99511719e+02, 5.00000000e+02], shape=(1025,)), array([3.3752823e-03, 1.2791243e-03, 1.8660856e-03, ..., 3.5650432e-17,
       3.2205185e-17, 2.7647400e-17], shape=(1025,), dtype=float32))",CV
420,"(array([0.00000000e+00, 4.88281250e-01, 9.76562500e-01, ...,
       4.99023438e+02, 4.99511719e+02, 5.00000000e+02], shape=(1025,)), array([3.1967403e-03, 9.4960618e-04, 3.5200645e-03, ..., 8.5318148e-17,
       4.7164442e-17, 1.5897540e-17], shape=(1025,), dtype=float32))",CV
421,"(array([0.00000000e+00, 4.88281250e-01, 9.76562500e-01, ...,
       4.99023438e+02, 4.99511719e+02, 5.00000000e+02], shape=(1025,)), array([3.0504740e-03, 8.3040545e-04, 2.6793093e-03, ..., 4.3989922e-17,
       2.6737789e-17, 5.5055677e-18], shape=(1025,), dtype=float32))",CV
422,"(array([0.00000000e+00, 4.88281250e-01, 9.76562500e-01, ...,
       4.99023438e+02, 4.99511719e+02, 5.00000000e+02], shape=(1025,)), array([6.1284628e-04, 2.6187886e-04, 7.6678902e-04, ..., 5.2959428e-17,
       5.2446156e-17, 2.1988108e-17], shape=(1025,), dtype=float32))",CV
423,"(array([0.00000000e+00, 4.88281250e-01, 9.76562500e-01, ...,
       4.99023438e+02, 4.99511719e+02, 5.00000000e+02], shape=(1025,)), array([1.1443458e-03, 4.7061199e-04, 9.3066331e-04, ..., 4.9414142e-17,
       5.5563912e-17, 1.3897715e-17], shape=(1025,), dtype=float32))",CV
424,"(array([0.00000000e+00, 4.88281250e-01, 9.76562500e-01, ...,
       4.99023438e+02, 4.99511719e+02, 5.00000000e+02], shape=(1025,)), array([1.1880853e-03, 5.9100043e-04, 1.1346650e-03, ..., 7.4383164e-17,
       3.0281239e-17, 2.8763317e-17], shape=(1025,), dtype=float32))",CV
425,"(array([0.00000000e+00, 4.88281250e-01, 9.76562500e-01, ...,
       4.99023438e+02, 4.99511719e+02, 5.00000000e+02], shape=(1025,)), array([9.4547193e-04, 3.2936971e-04, 8.5662422e-04, ..., 1.8431880e-17,
       4.2894155e-17, 1.4771661e-17], shape=(1025,), dtype=float32))",CV
426,"(array([0.00000000e+00, 4.88281250e-01, 9.76562500e-01, ...,
       4.99023438e+02, 4.99511719e+02, 5.00000000e+02], shape=(1025,)), array([1.8282726e-03, 5.9245958e-04, 1.2947178e-03, ..., 3.5328497e-17,
       1.3993125e-17, 1.9500072e-17], shape=(1025,), dtype=float32))",CV
427,"(array([0.00000000e+00, 4.88281250e-01, 9.76562500e-01, ...,
       4.99023438e+02, 4.99511719e+02, 5.00000000e+02], shape=(1025,)), array([8.9177059e-04, 4.3106344e-04, 4.9838040e-04, ..., 3.4319694e-17,
       5.4846985e-17, 1.7012033e-17], shape=(1025,), dtype=float32))",CV
428,"(array([0.00000000e+00, 4.88281250e-01, 9.76562500e-01, ...,
       4.99023438e+02, 4.99511719e+02, 5.00000000e+02], shape=(1025,)), array([2.8534983e-03, 1.5137783e-03, 1.3848847e-02, ..., 7.1025982e-17,
       5.8947557e-17, 1.4229359e-17], shape=(1025,), dtype=float32))",CV
429,"(array([0.00000000e+00, 4.88281250e-01, 9.76562500e-01, ...,
       4.99023438e+02, 4.99511719e+02, 5.00000000e+02], shape=(1025,)), array([2.8648661e-03, 1.0052853e-03, 1.7694333e-03, ..., 5.1180566e-17,
       4.5423647e-17, 6.2172491e-18], shape=(1025,), dtype=float32))",CV
430,"(array([0.00000000e+00, 4.88281250e-01, 9.76562500e-01, ...,
       4.99023438e+02, 4.99511719e+02, 5.00000000e+02], shape=(1025,)), array([2.3163590e-03, 8.8423310e-04, 1.0975591e-03, ..., 6.1264384e-17,
       6.1343880e-17, 3.1291207e-17], shape=(1025,), dtype=float32))",CV
431,"(array([0.00000000e+00, 4.88281250e-01, 9.76562500e-01, ...,
       4.99023438e+02, 4.99511719e+02, 5.00000000e+02], shape=(1025,)), array([1.5458376e-03, 5.9421879e-04, 8.0189097e-04, ..., 2.5500433e-17,
       3.1990664e-17, 1.1796831e-17], shape=(1025,), dtype=float32))",CV
432,"(array([0.00000000e+00, 4.88281250e-01, 9.76562500e-01, ...,
       4.99023438e+02, 4.99511719e+02, 5.00000000e+02], shape=(1025,)), array([7.9634832e-03, 2.8511016e-03, 8.3447099e-03, ..., 9.3037034e-17,
       3.8235444e-17, 3.3574285e-17], shape=(1025,), dtype=float32))",CV
433,"(array([0.00000000e+00, 4.88281250e-01, 9.76562500e-01, ...,
       4.99023438e+02, 4.99511719e+02, 5.00000000e+02], shape=(1025,)), array([1.2329431e-03, 5.7085039e-04, 4.8932261e-03, ..., 1.2292166e-16,
       1.1531716e-16, 1.5617137e-17], shape=(1025,), dtype=float32))",CV
434,"(array([0.00000000e+00, 4.88281250e-01, 9.76562500e-01, ...,
       4.99023438e+02, 4.99511719e+02, 5.00000000e+02], shape=(1025,)), array([1.9631526e-03, 1.0057283e-03, 4.8024668e-03, ..., 9.2951285e-17,
       8.6227319e-17, 7.8045821e-17], shape=(1025,), dtype=float32))",CV
435,"(array([0.00000000e+00, 4.88281250e-01, 9.76562500e-01, ...,
       4.99023438e+02, 4.99511719e+02, 5.00000000e+02], shape=(1025,)), array([3.8290587e-03, 1.5115470e-03, 2.8743679e-03, ..., 4.7714861e-17,
       7.4627103e-17, 3.0499820e-17], shape=(1025,), dtype=float32))",CV
436,"(array([0.00000000e+00, 4.88281250e-01, 9.76562500e-01, ...,
       4.99023438e+02, 4.99511719e+02, 5.00000000e+02], shape=(1025,)), array([1.2263919e-02, 3.5635924e-03, 1.0163235e-02, ..., 9.7711014e-17,
       9.6039812e-17, 2.8564045e-17], shape=(1025,), dtype=float32))",CV
437,"(array([0.00000000e+00, 4.88281250e-01, 9.76562500e-01, ...,
       4.99023438e+02, 4.99511719e+02, 5.00000000e+02], shape=(1025,)), array([2.8382475e-03, 1.4266775e-03, 1.5529501e-03, ..., 5.2026759e-17,
       6.9901751e-17, 3.0659238e-17], shape=(1025,), dtype=float32))",CV
438,"(array([0.00000000e+00, 4.88281250e-01, 9.76562500e-01, ...,
       4.99023438e+02, 4.99511719e+02, 5.00000000e+02], shape=(1025,)), array([5.0561973e-03, 1.8814483e-03, 6.9614160e-03, ..., 3.6241678e-16,
       1.8863448e-16, 4.2837527e-17], shape=(1025,), dtype=float32))",CV
439,"(array([0.00000000e+00, 4.88281250e-01, 9.76562500e-01, ...,
       4.99023438e+02, 4.99511719e+02, 5.00000000e+02], shape=(1025,)), array([9.2618642e-03, 3.9615650e-03, 4.1186437e-03, ..., 8.7351239e-17,
       1.5227343e-16, 5.9530726e-17], shape=(1025,), dtype=float32))",CV
440,"(array([0.00000000e+00, 4.88281250e-01, 9.76562500e-01, ...,
       4.99023438e+02, 4.99511719e+02, 5.00000000e+02], shape=(1025,)), array([1.3043006e-03, 6.1274564e-04, 2.8276669e-03, ..., 6.7689440e-17,
       1.0159607e-16, 2.3599354e-17], shape=(1025,), dtype=float32))",CV
441,"(array([0.00000000e+00, 4.88281250e-01, 9.76562500e-01, ...,
       4.99023438e+02, 4.99511719e+02, 5.00000000e+02], shape=(1025,)), array([2.0694824e-02, 7.5875092e-03, 2.4556693e-02, ..., 8.1760854e-17,
       2.3563638e-17, 4.4619578e-17], shape=(1025,), dtype=float32))",CV
442,"(array([0.00000000e+00, 4.88281250e-01, 9.76562500e-01, ...,
       4.99023438e+02, 4.99511719e+02, 5.00000000e+02], shape=(1025,)), array([1.1969607e-02, 3.1378323e-03, 1.1724712e-02, ..., 1.4304121e-16,
       6.8911801e-17, 1.6744440e-17], shape=(1025,), dtype=float32))",CV
443,"(array([0.00000000e+00, 4.88281250e-01, 9.76562500e-01, ...,
       4.99023438e+02, 4.99511719e+02, 5.00000000e+02], shape=(1025,)), array([1.0348228e-03, 3.9856916e-04, 3.2487470e-03, ..., 3.3000155e-17,
       2.4015335e-17, 2.4595709e-17], shape=(1025,), dtype=float32))",CV
444,"(array([0.00000000e+00, 4.88281250e-01, 9.76562500e-01, ...,
       4.99023438e+02, 4.99511719e+02, 5.00000000e+02], shape=(1025,)), array([4.8629097e-03, 2.3081694e-03, 5.3207669e-03, ..., 4.8471196e-17,
       3.9003220e-17, 8.0619281e-18], shape=(1025,), dtype=float32))",CV
445,"(array([0.00000000e+00, 4.88281250e-01, 9.76562500e-01, ...,
       4.99023438e+02, 4.99511719e+02, 5.00000000e+02], shape=(1025,)), array([8.6380105e-04, 3.9674269e-04, 1.1141415e-03, ..., 3.8169700e-17,
       4.0059477e-17, 1.1819605e-17], shape=(1025,), dtype=float32))",CV
446,"(array([0.00000000e+00, 4.88281250e-01, 9.76562500e-01, ...,
       4.99023438e+02, 4.99511719e+02, 5.00000000e+02], shape=(1025,)), array([4.0459475e-03, 1.2645040e-03, 8.1796981e-03, ..., 4.2821251e-17,
       3.8622777e-17, 1.4666332e-17], shape=(1025,), dtype=float32))",CV
447,"(array([0.00000000e+00, 4.88281250e-01, 9.76562500e-01, ...,
       4.99023438e+02, 4.99511719e+02, 5.00000000e+02], shape=(1025,)), array([1.38222985e-02, 5.07192360e-03, 4.75839199e-03, ...,
       5.63400061e-17, 1.14702144e-16, 6.11889454e-17],
      shape=(1025,), dtype=float32))",CV
448,"(array([0.00000000e+00, 4.88281250e-01, 9.76562500e-01, ...,
       4.99023438e+02, 4.99511719e+02, 5.00000000e+02], shape=(1025,)), array([3.0351109e-03, 1.5423330e-03, 4.9442374e-03, ..., 6.4419979e-17,
       5.0172342e-17, 2.7043894e-17], shape=(1025,), dtype=float32))",CV
449,"(array([0.00000000e+00, 4.88281250e-01, 9.76562500e-01, ...,
       4.99023438e+02, 4.99511719e+02, 5.00000000e+02], shape=(1025,)), array([2.5007783e-03, 7.9480407e-04, 2.7597854e-03, ..., 8.1696930e-17,
       7.4663797e-17, 2.1521246e-17], shape=(1025,), dtype=float32))",CV
450,"(array([0.00000000e+00, 4.88281250e-01, 9.76562500e-01, ...,
       4.99023438e+02, 4.99511719e+02, 5.00000000e+02], shape=(1025,)), array([1.87981746e-03, 7.98020104e-04, 2.00783112e-03, ...,
       2.94515109e-17, 2.43580437e-17, 1.38749415e-17],
      shape=(1025,), dtype=float32))",CV
451,"(array([0.00000000e+00, 4.88281250e-01, 9.76562500e-01, ...,
       4.99023438e+02, 4.99511719e+02, 5.00000000e+02], shape=(1025,)), array([1.2394445e-03, 5.0705508e-04, 4.8371259e-04, ..., 2.5023797e-17,
       2.4600851e-17, 7.1282008e-18], shape=(1025,), dtype=float32))",CV
452,"(array([0.00000000e+00, 4.88281250e-01, 9.76562500e-01, ...,
       4.99023438e+02, 4.99511719e+02, 5.00000000e+02], shape=(1025,)), array([7.6550368e-04, 4.3231671e-04, 4.3545654e-03, ..., 4.2927206e-17,
       6.0158173e-17, 1.5497575e-17], shape=(1025,), dtype=float32))",CV
453,"(array([0.00000000e+00, 4.88281250e-01, 9.76562500e-01, ...,
       4.99023438e+02, 4.99511719e+02, 5.00000000e+02], shape=(1025,)), array([8.9801726e-04, 4.1557342e-04, 1.9617835e-03, ..., 3.7727635e-17,
       4.9652244e-17, 1.1126427e-17], shape=(1025,), dtype=float32))",CV
454,"(array([0.00000000e+00, 4.88281250e-01, 9.76562500e-01, ...,
       4.99023438e+02, 4.99511719e+02, 5.00000000e+02], shape=(1025,)), array([1.4960029e-03, 5.4149918e-04, 1.1798495e-03, ..., 4.9997447e-17,
       5.0112855e-17, 1.8651747e-17], shape=(1025,), dtype=float32))",CV
455,"(array([0.00000000e+00, 4.88281250e-01, 9.76562500e-01, ...,
       4.99023438e+02, 4.99511719e+02, 5.00000000e+02], shape=(1025,)), array([3.6847133e-03, 1.9272297e-03, 1.1083060e-03, ..., 7.1004290e-17,
       6.5438344e-17, 4.9829089e-17], shape=(1025,), dtype=float32))",CV
456,"(array([0.00000000e+00, 4.88281250e-01, 9.76562500e-01, ...,
       4.99023438e+02, 4.99511719e+02, 5.00000000e+02], shape=(1025,)), array([1.7906029e-03, 8.3834981e-04, 7.0262351e-04, ..., 5.4814463e-17,
       6.5816604e-17, 3.3118806e-17], shape=(1025,), dtype=float32))",CV
457,"(array([0.00000000e+00, 4.88281250e-01, 9.76562500e-01, ...,
       4.99023438e+02, 4.99511719e+02, 5.00000000e+02], shape=(1025,)), array([1.1327881e-03, 4.2406091e-04, 6.8547705e-04, ..., 5.4124452e-17,
       4.7321884e-17, 1.4047166e-17], shape=(1025,), dtype=float32))",CV
458,"(array([0.00000000e+00, 4.88281250e-01, 9.76562500e-01, ...,
       4.99023438e+02, 4.99511719e+02, 5.00000000e+02], shape=(1025,)), array([7.9569442e-04, 3.0143105e-04, 6.9781870e-04, ..., 3.0591624e-17,
       2.4321547e-17, 1.7389222e-17], shape=(1025,), dtype=float32))",CV
459,"(array([0.00000000e+00, 4.88281250e-01, 9.76562500e-01, ...,
       4.99023438e+02, 4.99511719e+02, 5.00000000e+02], shape=(1025,)), array([2.8915640e-03, 1.3691992e-03, 2.7883330e-03, ..., 6.2366288e-17,
       3.9729730e-17, 2.4305346e-17], shape=(1025,), dtype=float32))",CV
460,"(array([0.00000000e+00, 4.88281250e-01, 9.76562500e-01, ...,
       4.99023438e+02, 4.99511719e+02, 5.00000000e+02], shape=(1025,)), array([3.2478182e-03, 1.3465656e-03, 1.7497742e-03, ..., 7.6565525e-17,
       8.8781057e-17, 2.0547666e-17], shape=(1025,), dtype=float32))",CV
461,"(array([0.00000000e+00, 4.88281250e-01, 9.76562500e-01, ...,
       4.99023438e+02, 4.99511719e+02, 5.00000000e+02], shape=(1025,)), array([6.1717406e-03, 2.1761977e-03, 2.6163852e-03, ..., 8.1504607e-17,
       6.2107923e-17, 2.8626673e-17], shape=(1025,), dtype=float32))",CV
462,"(array([0.00000000e+00, 4.88281250e-01, 9.76562500e-01, ...,
       4.99023438e+02, 4.99511719e+02, 5.00000000e+02], shape=(1025,)), array([2.0039454e-03, 9.1288390e-04, 5.4284004e-03, ..., 7.2390142e-17,
       6.2502932e-17, 1.8788389e-17], shape=(1025,), dtype=float32))",CV
463,"(array([0.00000000e+00, 4.88281250e-01, 9.76562500e-01, ...,
       4.99023438e+02, 4.99511719e+02, 5.00000000e+02], shape=(1025,)), array([4.51580994e-03, 1.66594796e-03, 4.13185218e-03, ...,
       1.05344495e-16, 1.12143470e-16, 3.62914807e-17],
      shape=(1025,), dtype=float32))",CV
464,"(array([0.00000000e+00, 4.88281250e-01, 9.76562500e-01, ...,
       4.99023438e+02, 4.99511719e+02, 5.00000000e+02], shape=(1025,)), array([2.2767677e-03, 1.0361925e-03, 3.6256912e-03, ..., 8.4615547e-17,
       1.2206297e-16, 1.6146628e-17], shape=(1025,), dtype=float32))",CV
465,"(array([0.00000000e+00, 4.88281250e-01, 9.76562500e-01, ...,
       4.99023438e+02, 4.99511719e+02, 5.00000000e+02], shape=(1025,)), array([6.4649452e-03, 2.5821866e-03, 2.4721099e-03, ..., 7.6285309e-17,
       1.0949806e-16, 8.6494922e-17], shape=(1025,), dtype=float32))",CV
466,"(array([0.00000000e+00, 4.88281250e-01, 9.76562500e-01, ...,
       4.99023438e+02, 4.99511719e+02, 5.00000000e+02], shape=(1025,)), array([2.1833418e-02, 8.1120506e-03, 7.6033566e-03, ..., 1.3955004e-16,
       5.3507941e-17, 6.7719338e-17], shape=(1025,), dtype=float32))",CV
467,"(array([0.00000000e+00, 4.88281250e-01, 9.76562500e-01, ...,
       4.99023438e+02, 4.99511719e+02, 5.00000000e+02], shape=(1025,)), array([1.3398504e-03, 7.2785153e-04, 1.2518333e-03, ..., 6.3928607e-17,
       4.9477742e-17, 3.0323320e-17], shape=(1025,), dtype=float32))",CV
468,"(array([0.00000000e+00, 4.88281250e-01, 9.76562500e-01, ...,
       4.99023438e+02, 4.99511719e+02, 5.00000000e+02], shape=(1025,)), array([3.90662719e-03, 1.95883634e-03, 1.81390084e-02, ...,
       1.01374213e-16, 4.35767680e-17, 2.51878283e-17],
      shape=(1025,), dtype=float32))",CV
469,"(array([0.00000000e+00, 4.88281250e-01, 9.76562500e-01, ...,
       4.99023438e+02, 4.99511719e+02, 5.00000000e+02], shape=(1025,)), array([2.3160952e-03, 6.8275357e-04, 2.2588510e-02, ..., 5.9860943e-17,
       7.1755384e-17, 1.8520797e-17], shape=(1025,), dtype=float32))",CV
470,"(array([0.00000000e+00, 4.88281250e-01, 9.76562500e-01, ...,
       4.99023438e+02, 4.99511719e+02, 5.00000000e+02], shape=(1025,)), array([9.0094708e-04, 3.2028634e-04, 7.1488373e-04, ..., 1.5771750e-17,
       2.7511852e-17, 1.0656717e-17], shape=(1025,), dtype=float32))",CV
471,"(array([0.00000000e+00, 4.88281250e-01, 9.76562500e-01, ...,
       4.99023438e+02, 4.99511719e+02, 5.00000000e+02], shape=(1025,)), array([7.3024421e-04, 5.5616838e-04, 9.3410993e-03, ..., 5.6974361e-17,
       4.3114414e-17, 2.9879233e-17], shape=(1025,), dtype=float32))",CV
472,"(array([0.00000000e+00, 4.88281250e-01, 9.76562500e-01, ...,
       4.99023438e+02, 4.99511719e+02, 5.00000000e+02], shape=(1025,)), array([1.3817133e-03, 5.8502227e-04, 1.1155616e-03, ..., 4.4695725e-17,
       3.8629090e-17, 1.4102678e-17], shape=(1025,), dtype=float32))",CV
473,"(array([0.00000000e+00, 4.88281250e-01, 9.76562500e-01, ...,
       4.99023438e+02, 4.99511719e+02, 5.00000000e+02], shape=(1025,)), array([4.8371321e-03, 2.5394866e-03, 4.5035901e-03, ..., 3.3839026e-17,
       3.3777546e-17, 3.4765637e-17], shape=(1025,), dtype=float32))",CV
474,"(array([0.00000000e+00, 4.88281250e-01, 9.76562500e-01, ...,
       4.99023438e+02, 4.99511719e+02, 5.00000000e+02], shape=(1025,)), array([2.45946273e-03, 8.76579783e-04, 3.26682255e-03, ...,
       3.81420326e-17, 4.70155100e-17, 1.27547545e-17],
      shape=(1025,), dtype=float32))",CV
475,"(array([0.00000000e+00, 4.88281250e-01, 9.76562500e-01, ...,
       4.99023438e+02, 4.99511719e+02, 5.00000000e+02], shape=(1025,)), array([5.9089307e-03, 2.0573591e-03, 2.7248226e-03, ..., 4.5634793e-17,
       3.8186992e-17, 1.7901634e-17], shape=(1025,), dtype=float32))",CV
476,"(array([0.00000000e+00, 4.88281250e-01, 9.76562500e-01, ...,
       4.99023438e+02, 4.99511719e+02, 5.00000000e+02], shape=(1025,)), array([1.0188795e-03, 4.6999560e-04, 2.6610720e-03, ..., 7.5385754e-17,
       5.3411198e-17, 1.8372768e-17], shape=(1025,), dtype=float32))",CV
477,"(array([0.00000000e+00, 4.88281250e-01, 9.76562500e-01, ...,
       4.99023438e+02, 4.99511719e+02, 5.00000000e+02], shape=(1025,)), array([1.42500235e-03, 6.15400670e-04, 5.91649325e-04, ...,
       3.37665912e-17, 1.81820817e-17, 1.00944895e-17],
      shape=(1025,), dtype=float32))",CV
478,"(array([0.00000000e+00, 4.88281250e-01, 9.76562500e-01, ...,
       4.99023438e+02, 4.99511719e+02, 5.00000000e+02], shape=(1025,)), array([1.3412164e-03, 5.1312207e-04, 1.1156478e-03, ..., 3.5061205e-17,
       3.1547236e-17, 7.0086385e-18], shape=(1025,), dtype=float32))",CV
479,"(array([0.00000000e+00, 4.88281250e-01, 9.76562500e-01, ...,
       4.99023438e+02, 4.99511719e+02, 5.00000000e+02], shape=(1025,)), array([6.1748177e-04, 2.8966085e-04, 3.4134369e-04, ..., 2.8477218e-17,
       5.2289491e-17, 1.4495525e-17], shape=(1025,), dtype=float32))",CV
480,"(array([0.00000000e+00, 4.88281250e-01, 9.76562500e-01, ...,
       4.99023438e+02, 4.99511719e+02, 5.00000000e+02], shape=(1025,)), array([1.1022298e-03, 4.3014000e-04, 1.4539702e-03, ..., 2.6614928e-17,
       2.6121967e-17, 7.8854301e-18], shape=(1025,), dtype=float32))",CV
481,"(array([0.00000000e+00, 4.88281250e-01, 9.76562500e-01, ...,
       4.99023438e+02, 4.99511719e+02, 5.00000000e+02], shape=(1025,)), array([1.8693593e-03, 7.7250664e-04, 1.5666746e-03, ..., 7.8805735e-17,
       4.3774984e-17, 2.1094241e-17], shape=(1025,), dtype=float32))",CV
482,"(array([0.00000000e+00, 4.88281250e-01, 9.76562500e-01, ...,
       4.99023438e+02, 4.99511719e+02, 5.00000000e+02], shape=(1025,)), array([1.6329868e-03, 7.4071833e-04, 1.0659150e-03, ..., 4.6676558e-17,
       5.2322565e-17, 5.0557846e-18], shape=(1025,), dtype=float32))",CV
483,"(array([0.00000000e+00, 4.88281250e-01, 9.76562500e-01, ...,
       4.99023438e+02, 4.99511719e+02, 5.00000000e+02], shape=(1025,)), array([1.8097123e-03, 6.4479694e-04, 1.0150768e-03, ..., 5.2613184e-17,
       1.1644481e-16, 7.1054272e-17], shape=(1025,), dtype=float32))",CV
484,"(array([0.00000000e+00, 4.88281250e-01, 9.76562500e-01, ...,
       4.99023438e+02, 4.99511719e+02, 5.00000000e+02], shape=(1025,)), array([2.0961766e-03, 7.7047560e-04, 9.0032665e-04, ..., 2.6096261e-17,
       1.9711663e-17, 6.5417761e-18], shape=(1025,), dtype=float32))",CV
485,"(array([0.00000000e+00, 4.88281250e-01, 9.76562500e-01, ...,
       4.99023438e+02, 4.99511719e+02, 5.00000000e+02], shape=(1025,)), array([1.3565918e-03, 4.5470966e-04, 5.5230001e-04, ..., 5.4290610e-17,
       6.0619832e-17, 1.3510561e-17], shape=(1025,), dtype=float32))",CV
729,"(array([0.00000000e+00, 4.88281250e-01, 9.76562500e-01, ...,
       4.99023438e+02, 4.99511719e+02, 5.00000000e+02], shape=(1025,)), array([6.9036679e-03, 3.1175788e-03, 1.0138367e-02, ..., 2.8310406e-16,
       6.8570313e-16, 1.9093560e-16], shape=(1025,), dtype=float32))",SV
730,"(array([0.00000000e+00, 4.88281250e-01, 9.76562500e-01, ...,
       4.99023438e+02, 4.99511719e+02, 5.00000000e+02], shape=(1025,)), array([9.5102945e-03, 4.6640439e-03, 2.1103569e-03, ..., 5.6186496e-16,
       2.2636686e-16, 1.7362749e-16], shape=(1025,), dtype=float32))",SV
731,"(array([0.00000000e+00, 4.88281250e-01, 9.76562500e-01, ...,
       4.99023438e+02, 4.99511719e+02, 5.00000000e+02], shape=(1025,)), array([1.1857382e-01, 6.4113542e-02, 1.2524779e-01, ..., 8.5680570e-16,
       5.9778143e-16, 6.8448955e-16], shape=(1025,), dtype=float32))",SV
732,"(array([0.00000000e+00, 4.88281250e-01, 9.76562500e-01, ...,
       4.99023438e+02, 4.99511719e+02, 5.00000000e+02], shape=(1025,)), array([8.3785905e-03, 4.3387036e-03, 2.4785909e-03, ..., 2.2388645e-16,
       2.3239074e-16, 5.9302993e-17], shape=(1025,), dtype=float32))",SV
733,"(array([0.00000000e+00, 4.88281250e-01, 9.76562500e-01, ...,
       4.99023438e+02, 4.99511719e+02, 5.00000000e+02], shape=(1025,)), array([8.7489188e-03, 3.6179645e-03, 5.0966600e-03, ..., 3.5348363e-16,
       4.4860914e-16, 2.0086496e-16], shape=(1025,), dtype=float32))",SV
734,"(array([0.00000000e+00, 4.88281250e-01, 9.76562500e-01, ...,
       4.99023438e+02, 4.99511719e+02, 5.00000000e+02], shape=(1025,)), array([1.37678385e-02, 5.14185382e-03, 1.13481740e-02, ...,
       4.13503935e-16, 3.04378299e-16, 1.33909993e-16],
      shape=(1025,), dtype=float32))",SV
735,"(array([0.00000000e+00, 4.88281250e-01, 9.76562500e-01, ...,
       4.99023438e+02, 4.99511719e+02, 5.00000000e+02], shape=(1025,)), array([8.8957455e-03, 4.4745095e-03, 4.0902128e-03, ..., 2.6009465e-16,
       4.0976950e-16, 1.3390998e-16], shape=(1025,), dtype=float32))",SV
736,"(array([0.00000000e+00, 4.88281250e-01, 9.76562500e-01, ...,
       4.99023438e+02, 4.99511719e+02, 5.00000000e+02], shape=(1025,)), array([6.1510457e-03, 3.6661723e-03, 1.2642271e-02, ..., 2.0032978e-16,
       2.1738824e-16, 9.5974511e-17], shape=(1025,), dtype=float32))",SV
737,"(array([0.00000000e+00, 4.88281250e-01, 9.76562500e-01, ...,
       4.99023438e+02, 4.99511719e+02, 5.00000000e+02], shape=(1025,)), array([1.4136164e-02, 5.6887725e-03, 2.3776316e-03, ..., 2.8648663e-16,
       4.9917504e-16, 1.2744222e-16], shape=(1025,), dtype=float32))",SV
738,"(array([0.00000000e+00, 4.88281250e-01, 9.76562500e-01, ...,
       4.99023438e+02, 4.99511719e+02, 5.00000000e+02], shape=(1025,)), array([1.0422482e-02, 3.7103130e-03, 4.9675661e-03, ..., 3.2910713e-16,
       3.1836001e-16, 8.1849065e-17], shape=(1025,), dtype=float32))",SV
739,"(array([0.00000000e+00, 4.88281250e-01, 9.76562500e-01, ...,
       4.99023438e+02, 4.99511719e+02, 5.00000000e+02], shape=(1025,)), array([1.0060781e-02, 4.2569777e-03, 3.8007272e-03, ..., 3.0177566e-16,
       3.4894893e-16, 7.2511797e-17], shape=(1025,), dtype=float32))",SV
740,"(array([0.00000000e+00, 4.88281250e-01, 9.76562500e-01, ...,
       4.99023438e+02, 4.99511719e+02, 5.00000000e+02], shape=(1025,)), array([2.2900319e-03, 1.1683370e-03, 3.1189593e-03, ..., 1.9082248e-16,
       1.4207392e-16, 4.2774902e-17], shape=(1025,), dtype=float32))",SV
741,"(array([0.00000000e+00, 4.88281250e-01, 9.76562500e-01, ...,
       4.99023438e+02, 4.99511719e+02, 5.00000000e+02], shape=(1025,)), array([4.9116951e-03, 1.9507247e-03, 2.0223188e-03, ..., 1.8403228e-16,
       1.9635791e-16, 2.3075558e-17], shape=(1025,), dtype=float32))",SV
742,"(array([0.00000000e+00, 4.88281250e-01, 9.76562500e-01, ...,
       4.99023438e+02, 4.99511719e+02, 5.00000000e+02], shape=(1025,)), array([9.8129297e-03, 4.5819124e-03, 2.1080191e-03, ..., 5.1471233e-16,
       3.6920504e-16, 2.2368430e-16], shape=(1025,), dtype=float32))",SV
743,"(array([0.00000000e+00, 4.88281250e-01, 9.76562500e-01, ...,
       4.99023438e+02, 4.99511719e+02, 5.00000000e+02], shape=(1025,)), array([8.4130540e-03, 3.4446961e-03, 3.1556722e-03, ..., 5.4700546e-16,
       4.2638651e-16, 3.1336757e-16], shape=(1025,), dtype=float32))",SV
744,"(array([0.00000000e+00, 4.88281250e-01, 9.76562500e-01, ...,
       4.99023438e+02, 4.99511719e+02, 5.00000000e+02], shape=(1025,)), array([1.5111791e-02, 6.2626195e-03, 2.2436599e-03, ..., 5.5999778e-16,
       2.4698136e-16, 3.2885376e-17], shape=(1025,), dtype=float32))",SV
745,"(array([0.00000000e+00, 4.88281250e-01, 9.76562500e-01, ...,
       4.99023438e+02, 4.99511719e+02, 5.00000000e+02], shape=(1025,)), array([6.0972082e-03, 2.6383994e-03, 4.4669467e-03, ..., 6.2786884e-16,
       3.3671802e-16, 8.8595795e-17], shape=(1025,), dtype=float32))",SV
746,"(array([0.00000000e+00, 4.88281250e-01, 9.76562500e-01, ...,
       4.99023438e+02, 4.99511719e+02, 5.00000000e+02], shape=(1025,)), array([8.0673555e-03, 3.4102378e-03, 2.6561669e-03, ..., 3.5615459e-16,
       2.8713922e-16, 1.0658710e-16], shape=(1025,), dtype=float32))",SV
747,"(array([0.00000000e+00, 4.88281250e-01, 9.76562500e-01, ...,
       4.99023438e+02, 4.99511719e+02, 5.00000000e+02], shape=(1025,)), array([4.9711089e-03, 2.0557246e-03, 3.1830324e-03, ..., 3.4403683e-16,
       3.4689771e-16, 1.1805941e-16], shape=(1025,), dtype=float32))",SV
748,"(array([0.00000000e+00, 4.88281250e-01, 9.76562500e-01, ...,
       4.99023438e+02, 4.99511719e+02, 5.00000000e+02], shape=(1025,)), array([1.1336442e-02, 4.3267906e-03, 2.7546335e-03, ..., 2.3979680e-16,
       2.4745162e-16, 1.8583424e-16], shape=(1025,), dtype=float32))",SV
749,"(array([0.00000000e+00, 4.88281250e-01, 9.76562500e-01, ...,
       4.99023438e+02, 4.99511719e+02, 5.00000000e+02], shape=(1025,)), array([1.0920215e-02, 4.9137594e-03, 4.2249477e-03, ..., 1.8721061e-16,
       5.1394163e-16, 1.0539717e-16], shape=(1025,), dtype=float32))",SV
750,"(array([0.00000000e+00, 4.88281250e-01, 9.76562500e-01, ...,
       4.99023438e+02, 4.99511719e+02, 5.00000000e+02], shape=(1025,)), array([3.6520548e-03, 1.4963356e-03, 2.8138293e-03, ..., 1.8308146e-16,
       2.8191713e-16, 1.6176805e-16], shape=(1025,), dtype=float32))",SV
751,"(array([0.00000000e+00, 4.88281250e-01, 9.76562500e-01, ...,
       4.99023438e+02, 4.99511719e+02, 5.00000000e+02], shape=(1025,)), array([1.4744275e-02, 5.7584760e-03, 2.7867367e-03, ..., 2.4754413e-16,
       3.2037409e-16, 9.8565029e-17], shape=(1025,), dtype=float32))",SV
752,"(array([0.00000000e+00, 4.88281250e-01, 9.76562500e-01, ...,
       4.99023438e+02, 4.99511719e+02, 5.00000000e+02], shape=(1025,)), array([9.3835946e-03, 4.4905366e-03, 2.8513283e-03, ..., 3.3173622e-16,
       3.7878053e-16, 1.8282812e-16], shape=(1025,), dtype=float32))",SV
753,"(array([0.00000000e+00, 4.88281250e-01, 9.76562500e-01, ...,
       4.99023438e+02, 4.99511719e+02, 5.00000000e+02], shape=(1025,)), array([7.7045639e-03, 3.1290862e-03, 2.6965647e-03, ..., 4.2128126e-16,
       2.6629821e-16, 1.4517161e-16], shape=(1025,), dtype=float32))",SV
754,"(array([0.00000000e+00, 4.88281250e-01, 9.76562500e-01, ...,
       4.99023438e+02, 4.99511719e+02, 5.00000000e+02], shape=(1025,)), array([9.8553048e-03, 4.6310727e-03, 2.3503690e-03, ..., 8.5638054e-16,
       7.2763942e-16, 2.3987650e-16], shape=(1025,), dtype=float32))",SV
755,"(array([0.00000000e+00, 4.88281250e-01, 9.76562500e-01, ...,
       4.99023438e+02, 4.99511719e+02, 5.00000000e+02], shape=(1025,)), array([7.0141051e-03, 3.2651450e-03, 2.3328145e-03, ..., 1.0436487e-16,
       2.7536022e-16, 1.4570681e-16], shape=(1025,), dtype=float32))",SV
756,"(array([0.00000000e+00, 4.88281250e-01, 9.76562500e-01, ...,
       4.99023438e+02, 4.99511719e+02, 5.00000000e+02], shape=(1025,)), array([7.2814696e-03, 2.9486800e-03, 2.9788327e-03, ..., 2.9414646e-16,
       2.4990198e-16, 1.3053945e-16], shape=(1025,), dtype=float32))",SV
757,"(array([0.00000000e+00, 4.88281250e-01, 9.76562500e-01, ...,
       4.99023438e+02, 4.99511719e+02, 5.00000000e+02], shape=(1025,)), array([7.8819767e-03, 3.4576270e-03, 4.0899995e-03, ..., 2.2228514e-16,
       1.6259085e-16, 9.4488510e-17], shape=(1025,), dtype=float32))",SV
758,"(array([0.00000000e+00, 4.88281250e-01, 9.76562500e-01, ...,
       4.99023438e+02, 4.99511719e+02, 5.00000000e+02], shape=(1025,)), array([1.2326836e-02, 6.3819862e-03, 5.8906758e-03, ..., 6.5385872e-16,
       4.9983255e-16, 1.0696857e-16], shape=(1025,), dtype=float32))",SV
759,"(array([0.00000000e+00, 4.88281250e-01, 9.76562500e-01, ...,
       4.99023438e+02, 4.99511719e+02, 5.00000000e+02], shape=(1025,)), array([6.9566048e-03, 3.1432046e-03, 3.8930601e-03, ..., 2.6807550e-16,
       2.6919567e-16, 7.7203202e-17], shape=(1025,), dtype=float32))",SV
760,"(array([0.00000000e+00, 4.88281250e-01, 9.76562500e-01, ...,
       4.99023438e+02, 4.99511719e+02, 5.00000000e+02], shape=(1025,)), array([1.5050204e-02, 6.3232109e-03, 2.0841470e-03, ..., 4.9268423e-16,
       2.6762279e-16, 1.4074212e-16], shape=(1025,), dtype=float32))",SV
761,"(array([0.00000000e+00, 4.88281250e-01, 9.76562500e-01, ...,
       4.99023438e+02, 4.99511719e+02, 5.00000000e+02], shape=(1025,)), array([1.6318206e-02, 8.6059636e-03, 8.3980281e-03, ..., 5.3105101e-16,
       2.1847977e-16, 2.1143201e-16], shape=(1025,), dtype=float32))",SV
762,"(array([0.00000000e+00, 4.88281250e-01, 9.76562500e-01, ...,
       4.99023438e+02, 4.99511719e+02, 5.00000000e+02], shape=(1025,)), array([9.6816998e-03, 4.4963080e-03, 2.4545442e-02, ..., 5.0362874e-16,
       2.3919043e-16, 1.2571142e-16], shape=(1025,), dtype=float32))",SV
763,"(array([0.00000000e+00, 4.88281250e-01, 9.76562500e-01, ...,
       4.99023438e+02, 4.99511719e+02, 5.00000000e+02], shape=(1025,)), array([9.62206256e-03, 4.23215982e-03, 6.16626488e-03, ...,
       3.33126676e-16, 4.08665127e-16, 1.05442724e-16],
      shape=(1025,), dtype=float32))",SV
764,"(array([0.00000000e+00, 4.88281250e-01, 9.76562500e-01, ...,
       4.99023438e+02, 4.99511719e+02, 5.00000000e+02], shape=(1025,)), array([7.0078294e-03, 2.9667849e-03, 2.8605771e-03, ..., 2.1421113e-16,
       3.5574648e-16, 4.6936815e-17], shape=(1025,), dtype=float32))",SV
765,"(array([0.00000000e+00, 4.88281250e-01, 9.76562500e-01, ...,
       4.99023438e+02, 4.99511719e+02, 5.00000000e+02], shape=(1025,)), array([2.1697353e-03, 7.5624103e-04, 1.9888077e-03, ..., 4.3946965e-16,
       3.0368034e-16, 8.0738836e-17], shape=(1025,), dtype=float32))",SV
766,"(array([0.00000000e+00, 4.88281250e-01, 9.76562500e-01, ...,
       4.99023438e+02, 4.99511719e+02, 5.00000000e+02], shape=(1025,)), array([7.8036105e-03, 2.9855517e-03, 1.8317298e-03, ..., 4.0946504e-16,
       3.4206645e-16, 8.1666867e-17], shape=(1025,), dtype=float32))",SV
767,"(array([0.00000000e+00, 4.88281250e-01, 9.76562500e-01, ...,
       4.99023438e+02, 4.99511719e+02, 5.00000000e+02], shape=(1025,)), array([8.0042202e-03, 3.2924695e-03, 3.2553538e-03, ..., 1.4471402e-16,
       2.8927266e-16, 1.2186832e-16], shape=(1025,), dtype=float32))",SV
768,"(array([0.00000000e+00, 4.88281250e-01, 9.76562500e-01, ...,
       4.99023438e+02, 4.99511719e+02, 5.00000000e+02], shape=(1025,)), array([5.6487075e-03, 2.6284880e-03, 3.4256126e-03, ..., 3.9736589e-16,
       2.6271937e-16, 7.3382898e-17], shape=(1025,), dtype=float32))",SV
769,"(array([0.00000000e+00, 4.88281250e-01, 9.76562500e-01, ...,
       4.99023438e+02, 4.99511719e+02, 5.00000000e+02], shape=(1025,)), array([4.3136985e-03, 2.3537592e-03, 3.1899405e-03, ..., 1.7106545e-16,
       3.1099111e-16, 1.4843968e-16], shape=(1025,), dtype=float32))",SV
770,"(array([0.00000000e+00, 4.88281250e-01, 9.76562500e-01, ...,
       4.99023438e+02, 4.99511719e+02, 5.00000000e+02], shape=(1025,)), array([4.6289973e-03, 2.4151567e-03, 3.0001174e-03, ..., 2.8480887e-16,
       5.9536696e-16, 1.6317433e-16], shape=(1025,), dtype=float32))",SV
771,"(array([0.00000000e+00, 4.88281250e-01, 9.76562500e-01, ...,
       4.99023438e+02, 4.99511719e+02, 5.00000000e+02], shape=(1025,)), array([4.9945149e-03, 2.4168785e-03, 5.3766267e-03, ..., 3.7504800e-16,
       2.0866073e-16, 1.8701851e-16], shape=(1025,), dtype=float32))",SV
772,"(array([0.00000000e+00, 4.88281250e-01, 9.76562500e-01, ...,
       4.99023438e+02, 4.99511719e+02, 5.00000000e+02], shape=(1025,)), array([9.1675241e-03, 3.7000091e-03, 1.8027985e-03, ..., 2.5552779e-16,
       2.6150898e-16, 5.5021513e-17], shape=(1025,), dtype=float32))",SV
773,"(array([0.00000000e+00, 4.88281250e-01, 9.76562500e-01, ...,
       4.99023438e+02, 4.99511719e+02, 5.00000000e+02], shape=(1025,)), array([9.24510881e-03, 3.94148566e-03, 3.86212254e-03, ...,
       3.52460256e-16, 3.01504527e-16, 1.07241855e-16],
      shape=(1025,), dtype=float32))",SV
774,"(array([0.00000000e+00, 4.88281250e-01, 9.76562500e-01, ...,
       4.99023438e+02, 4.99511719e+02, 5.00000000e+02], shape=(1025,)), array([5.3357589e-03, 2.4537072e-03, 2.9255087e-03, ..., 2.3281661e-16,
       2.4291976e-16, 1.9888364e-16], shape=(1025,), dtype=float32))",SV
775,"(array([0.00000000e+00, 4.88281250e-01, 9.76562500e-01, ...,
       4.99023438e+02, 4.99511719e+02, 5.00000000e+02], shape=(1025,)), array([7.7467915e-03, 3.6284232e-03, 2.1888677e-03, ..., 1.7860517e-16,
       1.8897709e-16, 3.1168229e-16], shape=(1025,), dtype=float32))",SV
776,"(array([0.00000000e+00, 4.88281250e-01, 9.76562500e-01, ...,
       4.99023438e+02, 4.99511719e+02, 5.00000000e+02], shape=(1025,)), array([5.2895257e-03, 2.5233901e-03, 1.0289300e-03, ..., 2.4375898e-16,
       3.3612319e-16, 1.2589358e-16], shape=(1025,), dtype=float32))",SV
777,"(array([0.00000000e+00, 4.88281250e-01, 9.76562500e-01, ...,
       4.99023438e+02, 4.99511719e+02, 5.00000000e+02], shape=(1025,)), array([7.6941187e-03, 3.1683394e-03, 5.7034311e-03, ..., 3.1481658e-16,
       2.4320923e-16, 5.6843422e-17], shape=(1025,), dtype=float32))",SV
778,"(array([0.00000000e+00, 4.88281250e-01, 9.76562500e-01, ...,
       4.99023438e+02, 4.99511719e+02, 5.00000000e+02], shape=(1025,)), array([8.9414138e-03, 3.7004931e-03, 1.8172500e-03, ..., 2.7277394e-16,
       1.9969637e-16, 1.4960113e-16], shape=(1025,), dtype=float32))",SV
779,"(array([0.00000000e+00, 4.88281250e-01, 9.76562500e-01, ...,
       4.99023438e+02, 4.99511719e+02, 5.00000000e+02], shape=(1025,)), array([1.3414701e-02, 6.3486611e-03, 2.4594320e-03, ..., 4.0155135e-16,
       2.7878578e-16, 1.3375055e-16], shape=(1025,), dtype=float32))",SV
780,"(array([0.00000000e+00, 4.88281250e-01, 9.76562500e-01, ...,
       4.99023438e+02, 4.99511719e+02, 5.00000000e+02], shape=(1025,)), array([1.1314011e-02, 4.9685133e-03, 3.8023260e-03, ..., 2.8271972e-16,
       1.9438016e-16, 6.1661504e-17], shape=(1025,), dtype=float32))",SV
781,"(array([0.00000000e+00, 4.88281250e-01, 9.76562500e-01, ...,
       4.99023438e+02, 4.99511719e+02, 5.00000000e+02], shape=(1025,)), array([8.2434053e-03, 2.9490399e-03, 2.7931849e-03, ..., 4.7573913e-16,
       2.4773562e-16, 4.9669665e-17], shape=(1025,), dtype=float32))",SV
782,"(array([0.00000000e+00, 4.88281250e-01, 9.76562500e-01, ...,
       4.99023438e+02, 4.99511719e+02, 5.00000000e+02], shape=(1025,)), array([1.09844105e-02, 4.68257628e-03, 3.15539655e-03, ...,
       4.18029077e-16, 9.03384249e-16, 7.57229058e-17],
      shape=(1025,), dtype=float32))",SV
783,"(array([0.00000000e+00, 4.88281250e-01, 9.76562500e-01, ...,
       4.99023438e+02, 4.99511719e+02, 5.00000000e+02], shape=(1025,)), array([6.2653804e-03, 3.1076423e-03, 2.2415025e-03, ..., 4.1288584e-16,
       2.8786229e-16, 1.1976744e-16], shape=(1025,), dtype=float32))",SV
784,"(array([0.00000000e+00, 4.88281250e-01, 9.76562500e-01, ...,
       4.99023438e+02, 4.99511719e+02, 5.00000000e+02], shape=(1025,)), array([5.7943072e-03, 2.5716284e-03, 3.7222141e-03, ..., 2.6517367e-16,
       4.0473413e-16, 9.8838322e-17], shape=(1025,), dtype=float32))",SV
785,"(array([0.00000000e+00, 4.88281250e-01, 9.76562500e-01, ...,
       4.99023438e+02, 4.99511719e+02, 5.00000000e+02], shape=(1025,)), array([1.1977915e-02, 5.1989187e-03, 2.8748685e-03, ..., 2.7708105e-16,
       2.3015460e-16, 9.9208383e-17], shape=(1025,), dtype=float32))",SV
786,"(array([0.00000000e+00, 4.88281250e-01, 9.76562500e-01, ...,
       4.99023438e+02, 4.99511719e+02, 5.00000000e+02], shape=(1025,)), array([9.1308141e-03, 4.2572725e-03, 3.7002973e-03, ..., 1.8243598e-16,
       1.9027515e-16, 6.4336004e-17], shape=(1025,), dtype=float32))",SV
787,"(array([0.00000000e+00, 4.88281250e-01, 9.76562500e-01, ...,
       4.99023438e+02, 4.99511719e+02, 5.00000000e+02], shape=(1025,)), array([1.1229133e-02, 4.9652411e-03, 8.1217587e-03, ..., 4.8249596e-16,
       6.7242182e-16, 1.8046532e-16], shape=(1025,), dtype=float32))",SV
788,"(array([0.00000000e+00, 4.88281250e-01, 9.76562500e-01, ...,
       4.99023438e+02, 4.99511719e+02, 5.00000000e+02], shape=(1025,)), array([6.4443168e-03, 2.8475954e-03, 1.7187793e-03, ..., 3.7385620e-16,
       2.7513745e-16, 1.3906255e-16], shape=(1025,), dtype=float32))",SV
789,"(array([0.00000000e+00, 4.88281250e-01, 9.76562500e-01, ...,
       4.99023438e+02, 4.99511719e+02, 5.00000000e+02], shape=(1025,)), array([1.3844473e-02, 6.3479794e-03, 4.5345598e-03, ..., 3.6564393e-16,
       3.4323297e-16, 2.5727570e-16], shape=(1025,), dtype=float32))",SV
790,"(array([0.00000000e+00, 4.88281250e-01, 9.76562500e-01, ...,
       4.99023438e+02, 4.99511719e+02, 5.00000000e+02], shape=(1025,)), array([6.5964554e-03, 3.1084944e-03, 1.0650799e-03, ..., 3.7470313e-16,
       3.8700107e-16, 5.2768330e-17], shape=(1025,), dtype=float32))",SV
791,"(array([0.00000000e+00, 4.88281250e-01, 9.76562500e-01, ...,
       4.99023438e+02, 4.99511719e+02, 5.00000000e+02], shape=(1025,)), array([4.4398289e-03, 1.9375703e-03, 2.3634797e-03, ..., 3.3134841e-16,
       2.1112933e-16, 1.2082071e-16], shape=(1025,), dtype=float32))",SV
792,"(array([0.00000000e+00, 4.88281250e-01, 9.76562500e-01, ...,
       4.99023438e+02, 4.99511719e+02, 5.00000000e+02], shape=(1025,)), array([3.8891034e-03, 1.8973628e-03, 3.6508986e-03, ..., 4.2248002e-16,
       3.0505770e-16, 2.0853972e-16], shape=(1025,), dtype=float32))",SV
793,"(array([0.00000000e+00, 4.88281250e-01, 9.76562500e-01, ...,
       4.99023438e+02, 4.99511719e+02, 5.00000000e+02], shape=(1025,)), array([6.7415228e-03, 2.5695721e-03, 3.8762419e-03, ..., 2.2856250e-16,
       2.3379208e-16, 7.8114153e-17], shape=(1025,), dtype=float32))",SV
794,"(array([0.00000000e+00, 4.88281250e-01, 9.76562500e-01, ...,
       4.99023438e+02, 4.99511719e+02, 5.00000000e+02], shape=(1025,)), array([5.6883204e-03, 2.6998371e-03, 5.5373204e-03, ..., 4.2553069e-16,
       1.6598280e-16, 1.8717934e-16], shape=(1025,), dtype=float32))",SV
795,"(array([0.00000000e+00, 4.88281250e-01, 9.76562500e-01, ...,
       4.99023438e+02, 4.99511719e+02, 5.00000000e+02], shape=(1025,)), array([8.6845914e-03, 3.1827504e-03, 7.5063701e-03, ..., 4.7217211e-16,
       1.7753534e-16, 5.0387045e-17], shape=(1025,), dtype=float32))",SV
796,"(array([0.00000000e+00, 4.88281250e-01, 9.76562500e-01, ...,
       4.99023438e+02, 4.99511719e+02, 5.00000000e+02], shape=(1025,)), array([5.7323724e-03, 2.6311639e-03, 1.9994257e-03, ..., 3.4591079e-16,
       3.5354380e-16, 1.4488696e-16], shape=(1025,), dtype=float32))",SV
797,"(array([0.00000000e+00, 4.88281250e-01, 9.76562500e-01, ...,
       4.99023438e+02, 4.99511719e+02, 5.00000000e+02], shape=(1025,)), array([1.9110497e-02, 9.3636299e-03, 2.3542235e-03, ..., 2.1514483e-16,
       3.6324770e-16, 7.7732697e-17], shape=(1025,), dtype=float32))",SV
798,"(array([0.00000000e+00, 4.88281250e-01, 9.76562500e-01, ...,
       4.99023438e+02, 4.99511719e+02, 5.00000000e+02], shape=(1025,)), array([8.4709786e-03, 3.5187616e-03, 3.7562363e-03, ..., 3.6795728e-16,
       4.9377992e-16, 1.5349547e-16], shape=(1025,), dtype=float32))",SV
799,"(array([0.00000000e+00, 4.88281250e-01, 9.76562500e-01, ...,
       4.99023438e+02, 4.99511719e+02, 5.00000000e+02], shape=(1025,)), array([1.05969645e-02, 4.53571323e-03, 2.75339466e-03, ...,
       3.05986735e-16, 2.09004467e-16, 7.66395477e-17],
      shape=(1025,), dtype=float32))",SV
800,"(array([0.00000000e+00, 4.88281250e-01, 9.76562500e-01, ...,
       4.99023438e+02, 4.99511719e+02, 5.00000000e+02], shape=(1025,)), array([1.1041953e-02, 4.4786860e-03, 3.0260745e-03, ..., 2.6700578e-16,
       2.7643757e-16, 7.9435041e-17], shape=(1025,), dtype=float32))",SV
801,"(array([0.00000000e+00, 4.88281250e-01, 9.76562500e-01, ...,
       4.99023438e+02, 4.99511719e+02, 5.00000000e+02], shape=(1025,)), array([4.5072502e-03, 1.4676892e-03, 5.8458792e-03, ..., 2.2351423e-16,
       2.2777595e-16, 4.1653292e-17], shape=(1025,), dtype=float32))",SV
802,"(array([0.00000000e+00, 4.88281250e-01, 9.76562500e-01, ...,
       4.99023438e+02, 4.99511719e+02, 5.00000000e+02], shape=(1025,)), array([6.4780139e-03, 2.7887532e-03, 3.0817268e-03, ..., 2.8876685e-16,
       4.7142953e-16, 9.8621952e-17], shape=(1025,), dtype=float32))",SV
803,"(array([0.00000000e+00, 4.88281250e-01, 9.76562500e-01, ...,
       4.99023438e+02, 4.99511719e+02, 5.00000000e+02], shape=(1025,)), array([1.0254496e-02, 4.9195779e-03, 3.3746359e-03, ..., 3.4933897e-16,
       9.0947191e-17, 1.3372779e-16], shape=(1025,), dtype=float32))",SV
804,"(array([0.00000000e+00, 4.88281250e-01, 9.76562500e-01, ...,
       4.99023438e+02, 4.99511719e+02, 5.00000000e+02], shape=(1025,)), array([3.6656542e-03, 1.7112722e-03, 3.6633685e-03, ..., 3.4297227e-16,
       2.7475959e-16, 8.9734485e-17], shape=(1025,), dtype=float32))",SV
805,"(array([0.00000000e+00, 4.88281250e-01, 9.76562500e-01, ...,
       4.99023438e+02, 4.99511719e+02, 5.00000000e+02], shape=(1025,)), array([1.4546400e-02, 6.5352945e-03, 2.8230797e-03, ..., 5.1296871e-16,
       3.4855811e-16, 1.3345450e-16], shape=(1025,), dtype=float32))",SV
806,"(array([0.00000000e+00, 4.88281250e-01, 9.76562500e-01, ...,
       4.99023438e+02, 4.99511719e+02, 5.00000000e+02], shape=(1025,)), array([8.3752535e-03, 4.0163896e-03, 1.6333925e-03, ..., 3.7368685e-16,
       4.6116248e-16, 9.9202692e-17], shape=(1025,), dtype=float32))",SV
807,"(array([0.00000000e+00, 4.88281250e-01, 9.76562500e-01, ...,
       4.99023438e+02, 4.99511719e+02, 5.00000000e+02], shape=(1025,)), array([9.2471549e-03, 4.0937681e-03, 1.9010254e-03, ..., 5.0923081e-16,
       4.2313825e-16, 6.6636155e-17], shape=(1025,), dtype=float32))",SV
808,"(array([0.00000000e+00, 4.88281250e-01, 9.76562500e-01, ...,
       4.99023438e+02, 4.99511719e+02, 5.00000000e+02], shape=(1025,)), array([1.2855238e-02, 5.7149041e-03, 3.0330990e-03, ..., 2.9135453e-16,
       2.7243671e-16, 1.4753441e-16], shape=(1025,), dtype=float32))",SV
809,"(array([0.00000000e+00, 4.88281250e-01, 9.76562500e-01, ...,
       4.99023438e+02, 4.99511719e+02, 5.00000000e+02], shape=(1025,)), array([1.2447155e-02, 6.0334313e-03, 4.7833873e-03, ..., 2.4123154e-16,
       2.9336293e-16, 2.8767870e-16], shape=(1025,), dtype=float32))",SV
810,"(array([0.00000000e+00, 4.88281250e-01, 9.76562500e-01, ...,
       4.99023438e+02, 4.99511719e+02, 5.00000000e+02], shape=(1025,)), array([4.4808313e-03, 1.4986108e-03, 5.0960258e-03, ..., 1.0534380e-16,
       1.5075283e-16, 4.5046589e-17], shape=(1025,), dtype=float32))",SV
811,"(array([0.00000000e+00, 4.88281250e-01, 9.76562500e-01, ...,
       4.99023438e+02, 4.99511719e+02, 5.00000000e+02], shape=(1025,)), array([2.8561771e-02, 1.4976178e-02, 8.4416032e-02, ..., 1.5686596e-16,
       2.8792355e-16, 1.2595196e-16], shape=(1025,), dtype=float32))",SV
812,"(array([0.00000000e+00, 4.88281250e-01, 9.76562500e-01, ...,
       4.99023438e+02, 4.99511719e+02, 5.00000000e+02], shape=(1025,)), array([3.5249838e-03, 1.4671448e-03, 4.0494427e-03, ..., 9.4741873e-17,
       9.6281428e-17, 3.3773553e-17], shape=(1025,), dtype=float32))",SV
813,"(array([0.00000000e+00, 4.88281250e-01, 9.76562500e-01, ...,
       4.99023438e+02, 4.99511719e+02, 5.00000000e+02], shape=(1025,)), array([2.3191316e-02, 9.3146227e-03, 2.5505366e-02, ..., 1.5071722e-16,
       1.4532632e-16, 6.4501109e-17], shape=(1025,), dtype=float32))",SV
814,"(array([0.00000000e+00, 4.88281250e-01, 9.76562500e-01, ...,
       4.99023438e+02, 4.99511719e+02, 5.00000000e+02], shape=(1025,)), array([1.6105233e-02, 6.8126461e-03, 9.2003942e-03, ..., 1.1989554e-16,
       9.8855759e-17, 2.2796578e-17], shape=(1025,), dtype=float32))",SV
815,"(array([0.00000000e+00, 4.88281250e-01, 9.76562500e-01, ...,
       4.99023438e+02, 4.99511719e+02, 5.00000000e+02], shape=(1025,)), array([1.2802900e-03, 8.2337146e-04, 5.1616607e-03, ..., 7.4018424e-17,
       6.4657406e-17, 2.3764466e-17], shape=(1025,), dtype=float32))",SV
816,"(array([0.00000000e+00, 4.88281250e-01, 9.76562500e-01, ...,
       4.99023438e+02, 4.99511719e+02, 5.00000000e+02], shape=(1025,)), array([9.0968739e-03, 3.2228907e-03, 6.8214484e-03, ..., 8.2639916e-17,
       8.0834194e-17, 3.6802470e-17], shape=(1025,), dtype=float32))",SV
817,"(array([0.00000000e+00, 4.88281250e-01, 9.76562500e-01, ...,
       4.99023438e+02, 4.99511719e+02, 5.00000000e+02], shape=(1025,)), array([1.4241485e-02, 6.0239066e-03, 8.6104497e-03, ..., 8.4422497e-17,
       8.5971574e-17, 2.4413519e-17], shape=(1025,), dtype=float32))",SV
818,"(array([0.00000000e+00, 4.88281250e-01, 9.76562500e-01, ...,
       4.99023438e+02, 4.99511719e+02, 5.00000000e+02], shape=(1025,)), array([9.1624297e-03, 3.4475636e-03, 1.1069543e-02, ..., 1.3236135e-16,
       6.3104974e-17, 3.7673567e-17], shape=(1025,), dtype=float32))",SV
819,"(array([0.00000000e+00, 4.88281250e-01, 9.76562500e-01, ...,
       4.99023438e+02, 4.99511719e+02, 5.00000000e+02], shape=(1025,)), array([2.5642635e-03, 1.2952213e-03, 1.2339489e-02, ..., 8.5107316e-17,
       8.4217581e-17, 3.1570185e-17], shape=(1025,), dtype=float32))",SV
820,"(array([0.00000000e+00, 4.88281250e-01, 9.76562500e-01, ...,
       4.99023438e+02, 4.99511719e+02, 5.00000000e+02], shape=(1025,)), array([8.4845228e-03, 3.8677040e-03, 1.3740698e-02, ..., 7.1763106e-17,
       1.2169844e-16, 3.6529189e-17], shape=(1025,), dtype=float32))",SV
821,"(array([0.00000000e+00, 4.88281250e-01, 9.76562500e-01, ...,
       4.99023438e+02, 4.99511719e+02, 5.00000000e+02], shape=(1025,)), array([1.6075529e-03, 6.1487674e-04, 1.5596948e-03, ..., 7.3303171e-17,
       9.3391960e-17, 3.5965532e-17], shape=(1025,), dtype=float32))",SV
822,"(array([0.00000000e+00, 4.88281250e-01, 9.76562500e-01, ...,
       4.99023438e+02, 4.99511719e+02, 5.00000000e+02], shape=(1025,)), array([5.5812150e-03, 2.3067952e-03, 3.3460932e-03, ..., 5.5102686e-17,
       7.8925339e-17, 3.8077800e-17], shape=(1025,), dtype=float32))",SV
823,"(array([0.00000000e+00, 4.88281250e-01, 9.76562500e-01, ...,
       4.99023438e+02, 4.99511719e+02, 5.00000000e+02], shape=(1025,)), array([4.3744668e-03, 1.9118492e-03, 4.2011384e-03, ..., 9.7039297e-17,
       9.7476346e-17, 1.5326772e-17], shape=(1025,), dtype=float32))",SV
824,"(array([0.00000000e+00, 4.88281250e-01, 9.76562500e-01, ...,
       4.99023438e+02, 4.99511719e+02, 5.00000000e+02], shape=(1025,)), array([1.9681044e-02, 9.5185088e-03, 2.9810620e-02, ..., 2.1093542e-16,
       1.1683745e-16, 4.9646894e-17], shape=(1025,), dtype=float32))",SV
825,"(array([0.00000000e+00, 4.88281250e-01, 9.76562500e-01, ...,
       4.99023438e+02, 4.99511719e+02, 5.00000000e+02], shape=(1025,)), array([4.4430690e-03, 1.7932634e-03, 4.8730415e-03, ..., 7.3371509e-17,
       8.0771798e-17, 3.0403030e-17], shape=(1025,), dtype=float32))",SV
826,"(array([0.00000000e+00, 4.88281250e-01, 9.76562500e-01, ...,
       4.99023438e+02, 4.99511719e+02, 5.00000000e+02], shape=(1025,)), array([2.8194552e-03, 1.1818631e-03, 1.0793790e-02, ..., 8.5803154e-17,
       7.7943562e-17, 2.8296452e-17], shape=(1025,), dtype=float32))",SV
827,"(array([0.00000000e+00, 4.88281250e-01, 9.76562500e-01, ...,
       4.99023438e+02, 4.99511719e+02, 5.00000000e+02], shape=(1025,)), array([2.4368190e-03, 8.7139348e-04, 3.5763462e-03, ..., 8.4939359e-17,
       8.0890594e-17, 2.4453373e-17], shape=(1025,), dtype=float32))",SV
828,"(array([0.00000000e+00, 4.88281250e-01, 9.76562500e-01, ...,
       4.99023438e+02, 4.99511719e+02, 5.00000000e+02], shape=(1025,)), array([2.6977109e-03, 1.0956796e-03, 2.2863934e-03, ..., 7.9045035e-17,
       7.8105662e-17, 3.0653543e-17], shape=(1025,), dtype=float32))",SV
829,"(array([0.00000000e+00, 4.88281250e-01, 9.76562500e-01, ...,
       4.99023438e+02, 4.99511719e+02, 5.00000000e+02], shape=(1025,)), array([3.6860954e-03, 1.4467735e-03, 5.6419754e-03, ..., 8.9387592e-17,
       3.9770354e-17, 4.9851859e-17], shape=(1025,), dtype=float32))",SV
830,"(array([0.00000000e+00, 4.88281250e-01, 9.76562500e-01, ...,
       4.99023438e+02, 4.99511719e+02, 5.00000000e+02], shape=(1025,)), array([9.5420465e-04, 5.1636633e-04, 1.4829027e-03, ..., 5.7344845e-17,
       6.1341133e-17, 3.0596607e-17], shape=(1025,), dtype=float32))",SV
831,"(array([0.00000000e+00, 4.88281250e-01, 9.76562500e-01, ...,
       4.99023438e+02, 4.99511719e+02, 5.00000000e+02], shape=(1025,)), array([2.5199691e-03, 1.0918918e-03, 1.9878300e-03, ..., 5.6240619e-17,
       9.9771554e-17, 2.0980369e-17], shape=(1025,), dtype=float32))",SV
832,"(array([0.00000000e+00, 4.88281250e-01, 9.76562500e-01, ...,
       4.99023438e+02, 4.99511719e+02, 5.00000000e+02], shape=(1025,)), array([9.90544818e-03, 4.17267811e-03, 1.33736115e-02, ...,
       4.21424898e-17, 6.64947466e-17, 6.47003867e-17],
      shape=(1025,), dtype=float32))",SV
833,"(array([0.00000000e+00, 4.88281250e-01, 9.76562500e-01, ...,
       4.99023438e+02, 4.99511719e+02, 5.00000000e+02], shape=(1025,)), array([6.1908686e-03, 2.4266539e-03, 4.1516158e-03, ..., 7.8195296e-17,
       8.3479220e-17, 2.9423757e-17], shape=(1025,), dtype=float32))",SV
834,"(array([0.00000000e+00, 4.88281250e-01, 9.76562500e-01, ...,
       4.99023438e+02, 4.99511719e+02, 5.00000000e+02], shape=(1025,)), array([4.6550557e-03, 1.9469690e-03, 2.0230932e-03, ..., 7.8364305e-17,
       3.9604839e-17, 3.6483638e-17], shape=(1025,), dtype=float32))",SV
835,"(array([0.00000000e+00, 4.88281250e-01, 9.76562500e-01, ...,
       4.99023438e+02, 4.99511719e+02, 5.00000000e+02], shape=(1025,)), array([2.9259250e-03, 1.1205632e-03, 2.0708602e-03, ..., 9.9037587e-17,
       4.3214638e-17, 4.6192396e-17], shape=(1025,), dtype=float32))",SV
836,"(array([0.00000000e+00, 4.88281250e-01, 9.76562500e-01, ...,
       4.99023438e+02, 4.99511719e+02, 5.00000000e+02], shape=(1025,)), array([2.5814550e-03, 1.0333138e-03, 4.1592303e-03, ..., 4.4752350e-17,
       1.0596835e-16, 2.4276876e-17], shape=(1025,), dtype=float32))",SV
837,"(array([0.00000000e+00, 4.88281250e-01, 9.76562500e-01, ...,
       4.99023438e+02, 4.99511719e+02, 5.00000000e+02], shape=(1025,)), array([1.7503910e-02, 6.8423953e-03, 4.0074866e-02, ..., 1.9303363e-16,
       2.1045664e-16, 1.8036854e-17], shape=(1025,), dtype=float32))",SV
838,"(array([0.00000000e+00, 4.88281250e-01, 9.76562500e-01, ...,
       4.99023438e+02, 4.99511719e+02, 5.00000000e+02], shape=(1025,)), array([2.8681982e-02, 1.2603963e-02, 2.2657860e-02, ..., 3.7221505e-16,
       2.7714299e-16, 1.0275541e-16], shape=(1025,), dtype=float32))",SV
839,"(array([0.00000000e+00, 4.88281250e-01, 9.76562500e-01, ...,
       4.99023438e+02, 4.99511719e+02, 5.00000000e+02], shape=(1025,)), array([8.0182850e-03, 4.9803010e-03, 2.2629742e-02, ..., 1.0276680e-16,
       1.3729118e-16, 5.5408667e-17], shape=(1025,), dtype=float32))",SV
840,"(array([0.00000000e+00, 4.88281250e-01, 9.76562500e-01, ...,
       4.99023438e+02, 4.99511719e+02, 5.00000000e+02], shape=(1025,)), array([1.8669069e-03, 1.0192435e-03, 5.8515947e-03, ..., 7.8003833e-17,
       1.0274372e-16, 5.1520038e-17], shape=(1025,), dtype=float32))",SV
841,"(array([0.00000000e+00, 4.88281250e-01, 9.76562500e-01, ...,
       4.99023438e+02, 4.99511719e+02, 5.00000000e+02], shape=(1025,)), array([6.2251072e-03, 5.7165571e-03, 1.9988647e-02, ..., 5.3828732e-17,
       8.7272054e-17, 3.9677664e-17], shape=(1025,), dtype=float32))",SV
842,"(array([0.00000000e+00, 4.88281250e-01, 9.76562500e-01, ...,
       4.99023438e+02, 4.99511719e+02, 5.00000000e+02], shape=(1025,)), array([5.4386180e-02, 1.6638642e-02, 1.8801644e-02, ..., 1.2356159e-16,
       1.0421880e-16, 1.1997810e-16], shape=(1025,), dtype=float32))",SV
843,"(array([0.00000000e+00, 4.88281250e-01, 9.76562500e-01, ...,
       4.99023438e+02, 4.99511719e+02, 5.00000000e+02], shape=(1025,)), array([7.7883443e-03, 2.8915787e-03, 4.7010137e-03, ..., 6.3379584e-17,
       8.5624278e-17, 3.0112666e-17], shape=(1025,), dtype=float32))",SV
844,"(array([0.00000000e+00, 4.88281250e-01, 9.76562500e-01, ...,
       4.99023438e+02, 4.99511719e+02, 5.00000000e+02], shape=(1025,)), array([8.1697814e-03, 3.2302055e-03, 6.4503369e-03, ..., 8.0348837e-17,
       4.9004939e-17, 3.3615561e-17], shape=(1025,), dtype=float32))",SV
845,"(array([0.00000000e+00, 4.88281250e-01, 9.76562500e-01, ...,
       4.99023438e+02, 4.99511719e+02, 5.00000000e+02], shape=(1025,)), array([1.0784777e-02, 4.8310864e-03, 6.4308620e-03, ..., 1.4098409e-16,
       8.9489137e-17, 4.3845268e-17], shape=(1025,), dtype=float32))",SV
846,"(array([0.00000000e+00, 4.88281250e-01, 9.76562500e-01, ...,
       4.99023438e+02, 4.99511719e+02, 5.00000000e+02], shape=(1025,)), array([8.7634362e-03, 3.5220932e-03, 8.7417793e-03, ..., 7.9580929e-17,
       5.6631961e-17, 6.4791482e-17], shape=(1025,), dtype=float32))",SV
847,"(array([0.00000000e+00, 4.88281250e-01, 9.76562500e-01, ...,
       4.99023438e+02, 4.99511719e+02, 5.00000000e+02], shape=(1025,)), array([6.6023045e-03, 2.9762546e-03, 7.5213984e-03, ..., 1.2299420e-16,
       8.3130679e-17, 4.2404822e-17], shape=(1025,), dtype=float32))",SV
848,"(array([0.00000000e+00, 4.88281250e-01, 9.76562500e-01, ...,
       4.99023438e+02, 4.99511719e+02, 5.00000000e+02], shape=(1025,)), array([2.8421904e-03, 1.3741980e-03, 1.6268134e-02, ..., 1.4848306e-16,
       3.2207144e-17, 2.7112218e-17], shape=(1025,), dtype=float32))",SV
849,"(array([0.00000000e+00, 4.88281250e-01, 9.76562500e-01, ...,
       4.99023438e+02, 4.99511719e+02, 5.00000000e+02], shape=(1025,)), array([5.4477928e-03, 2.2497829e-03, 1.6499364e-03, ..., 8.0333127e-17,
       6.0180407e-17, 4.2205557e-17], shape=(1025,), dtype=float32))",SV
850,"(array([0.00000000e+00, 4.88281250e-01, 9.76562500e-01, ...,
       4.99023438e+02, 4.99511719e+02, 5.00000000e+02], shape=(1025,)), array([8.5004624e-03, 3.1739599e-03, 6.9198133e-03, ..., 4.0965094e-17,
       8.2396520e-17, 3.4690198e-17], shape=(1025,), dtype=float32))",SV
851,"(array([0.00000000e+00, 4.88281250e-01, 9.76562500e-01, ...,
       4.99023438e+02, 4.99511719e+02, 5.00000000e+02], shape=(1025,)), array([4.6969529e-02, 1.6439471e-02, 3.2197616e-01, ..., 1.1774343e-16,
       2.5938171e-16, 3.2432177e-16], shape=(1025,), dtype=float32))",SV
852,"(array([0.00000000e+00, 4.88281250e-01, 9.76562500e-01, ...,
       4.99023438e+02, 4.99511719e+02, 5.00000000e+02], shape=(1025,)), array([1.2807174e-02, 5.8869561e-03, 6.1466275e-03, ..., 6.8788009e-17,
       9.6956804e-17, 2.8786090e-17], shape=(1025,), dtype=float32))",SV
853,"(array([0.00000000e+00, 4.88281250e-01, 9.76562500e-01, ...,
       4.99023438e+02, 4.99511719e+02, 5.00000000e+02], shape=(1025,)), array([6.9878022e-03, 1.9160019e-03, 1.6548128e-03, ..., 7.1285036e-17,
       8.3920438e-17, 3.1644201e-17], shape=(1025,), dtype=float32))",SV
854,"(array([0.00000000e+00, 4.88281250e-01, 9.76562500e-01, ...,
       4.99023438e+02, 4.99511719e+02, 5.00000000e+02], shape=(1025,)), array([2.5283634e-03, 1.0835992e-03, 6.2806802e-03, ..., 7.8583859e-17,
       7.1940493e-17, 3.0710473e-17], shape=(1025,), dtype=float32))",SV
855,"(array([0.00000000e+00, 4.88281250e-01, 9.76562500e-01, ...,
       4.99023438e+02, 4.99511719e+02, 5.00000000e+02], shape=(1025,)), array([2.4826138e-03, 1.0809664e-03, 1.2075440e-03, ..., 9.0300985e-17,
       6.8452465e-17, 1.7769262e-17], shape=(1025,), dtype=float32))",SV
856,"(array([0.00000000e+00, 4.88281250e-01, 9.76562500e-01, ...,
       4.99023438e+02, 4.99511719e+02, 5.00000000e+02], shape=(1025,)), array([3.5710703e-03, 1.3615794e-03, 3.5032320e-03, ..., 4.2400018e-17,
       7.5866835e-17, 2.3138187e-17], shape=(1025,), dtype=float32))",SV
857,"(array([0.00000000e+00, 4.88281250e-01, 9.76562500e-01, ...,
       4.99023438e+02, 4.99511719e+02, 5.00000000e+02], shape=(1025,)), array([3.4392725e-03, 1.2277140e-03, 2.5491747e-03, ..., 1.0050792e-16,
       4.8521548e-17, 1.7063275e-17], shape=(1025,), dtype=float32))",SV
858,"(array([0.00000000e+00, 4.88281250e-01, 9.76562500e-01, ...,
       4.99023438e+02, 4.99511719e+02, 5.00000000e+02], shape=(1025,)), array([4.4729975e-03, 1.7139396e-03, 5.4254425e-03, ..., 6.8681038e-17,
       7.0429453e-17, 3.7121302e-17], shape=(1025,), dtype=float32))",SV
859,"(array([0.00000000e+00, 4.88281250e-01, 9.76562500e-01, ...,
       4.99023438e+02, 4.99511719e+02, 5.00000000e+02], shape=(1025,)), array([9.3540484e-03, 3.3880719e-03, 1.6266268e-03, ..., 9.5610531e-17,
       9.3474208e-17, 1.4689105e-17], shape=(1025,), dtype=float32))",SV
860,"(array([0.00000000e+00, 4.88281250e-01, 9.76562500e-01, ...,
       4.99023438e+02, 4.99511719e+02, 5.00000000e+02], shape=(1025,)), array([2.4122596e-03, 9.8175649e-04, 3.3850456e-03, ..., 4.9877482e-17,
       5.2944291e-17, 2.1521246e-17], shape=(1025,), dtype=float32))",SV
861,"(array([0.00000000e+00, 4.88281250e-01, 9.76562500e-01, ...,
       4.99023438e+02, 4.99511719e+02, 5.00000000e+02], shape=(1025,)), array([2.4436249e-03, 1.0649473e-03, 1.9952557e-03, ..., 6.3406061e-17,
       6.2496658e-17, 2.6440390e-17], shape=(1025,), dtype=float32))",SV
862,"(array([0.00000000e+00, 4.88281250e-01, 9.76562500e-01, ...,
       4.99023438e+02, 4.99511719e+02, 5.00000000e+02], shape=(1025,)), array([4.3241410e-03, 1.8900129e-03, 4.6452703e-03, ..., 8.9965242e-17,
       8.7793192e-17, 3.6096481e-17], shape=(1025,), dtype=float32))",SV
863,"(array([0.00000000e+00, 4.88281250e-01, 9.76562500e-01, ...,
       4.99023438e+02, 4.99511719e+02, 5.00000000e+02], shape=(1025,)), array([3.3867375e-03, 1.5681859e-03, 1.9634378e-03, ..., 5.1110822e-17,
       7.8786148e-17, 1.1369822e-17], shape=(1025,), dtype=float32))",SV
864,"(array([0.00000000e+00, 4.88281250e-01, 9.76562500e-01, ...,
       4.99023438e+02, 4.99511719e+02, 5.00000000e+02], shape=(1025,)), array([2.7581723e-02, 1.4265931e-02, 7.3233820e-02, ..., 2.1752686e-16,
       1.9797857e-16, 8.2076791e-17], shape=(1025,), dtype=float32))",SV
865,"(array([0.00000000e+00, 4.88281250e-01, 9.76562500e-01, ...,
       4.99023438e+02, 4.99511719e+02, 5.00000000e+02], shape=(1025,)), array([2.6696473e-02, 9.8646739e-03, 1.8293429e-02, ..., 2.2694096e-16,
       1.6682546e-16, 1.9705034e-17], shape=(1025,), dtype=float32))",SV
866,"(array([0.00000000e+00, 4.88281250e-01, 9.76562500e-01, ...,
       4.99023438e+02, 4.99511719e+02, 5.00000000e+02], shape=(1025,)), array([3.9440561e-03, 2.0472133e-03, 6.0231020e-03, ..., 1.1753560e-16,
       7.4297594e-17, 5.1924278e-17], shape=(1025,), dtype=float32))",SV
867,"(array([0.00000000e+00, 4.88281250e-01, 9.76562500e-01, ...,
       4.99023438e+02, 4.99511719e+02, 5.00000000e+02], shape=(1025,)), array([6.2487116e-03, 2.1912912e-03, 3.9180545e-03, ..., 1.5685743e-16,
       8.6682268e-17, 2.5439764e-17], shape=(1025,), dtype=float32))",SV
868,"(array([0.00000000e+00, 4.88281250e-01, 9.76562500e-01, ...,
       4.99023438e+02, 4.99511719e+02, 5.00000000e+02], shape=(1025,)), array([3.9658984e-03, 1.5726734e-03, 5.1039075e-03, ..., 7.1170990e-17,
       4.7313173e-17, 3.1723912e-17], shape=(1025,), dtype=float32))",SV
869,"(array([0.00000000e+00, 4.88281250e-01, 9.76562500e-01, ...,
       4.99023438e+02, 4.99511719e+02, 5.00000000e+02], shape=(1025,)), array([8.1471168e-03, 3.3900379e-03, 1.8405322e-02, ..., 8.2327486e-17,
       1.1650941e-16, 4.3480885e-17], shape=(1025,), dtype=float32))",SV
870,"(array([0.00000000e+00, 4.88281250e-01, 9.76562500e-01, ...,
       4.99023438e+02, 4.99511719e+02, 5.00000000e+02], shape=(1025,)), array([1.8480327e-02, 7.9999333e-03, 5.2137477e-03, ..., 1.2082427e-16,
       1.3281753e-16, 5.2675811e-17], shape=(1025,), dtype=float32))",SV
871,"(array([0.00000000e+00, 4.88281250e-01, 9.76562500e-01, ...,
       4.99023438e+02, 4.99511719e+02, 5.00000000e+02], shape=(1025,)), array([4.6082218e-03, 1.7837266e-03, 5.3827902e-03, ..., 7.0229434e-17,
       7.4233815e-17, 4.5758268e-17], shape=(1025,), dtype=float32))",SV
872,"(array([0.00000000e+00, 4.88281250e-01, 9.76562500e-01, ...,
       4.99023438e+02, 4.99511719e+02, 5.00000000e+02], shape=(1025,)), array([1.2446827e-03, 4.8011218e-04, 1.6486625e-03, ..., 5.2019327e-17,
       5.9496031e-17, 1.8275978e-17], shape=(1025,), dtype=float32))",SV
873,"(array([0.00000000e+00, 4.88281250e-01, 9.76562500e-01, ...,
       4.99023438e+02, 4.99511719e+02, 5.00000000e+02], shape=(1025,)), array([4.1070436e-03, 1.3498166e-03, 5.8496227e-03, ..., 8.4156323e-17,
       4.8581505e-17, 1.1369823e-17], shape=(1025,), dtype=float32))",SV
874,"(array([0.00000000e+00, 4.88281250e-01, 9.76562500e-01, ...,
       4.99023438e+02, 4.99511719e+02, 5.00000000e+02], shape=(1025,)), array([1.5700117e-02, 5.1633688e-03, 1.1163418e-02, ..., 4.8018569e-17,
       4.4521944e-17, 6.2400229e-17], shape=(1025,), dtype=float32))",SV
875,"(array([0.00000000e+00, 4.88281250e-01, 9.76562500e-01, ...,
       4.99023438e+02, 4.99511719e+02, 5.00000000e+02], shape=(1025,)), array([1.9434020e-03, 7.5878989e-04, 2.1070512e-03, ..., 5.3700638e-17,
       6.8644708e-17, 2.3462710e-17], shape=(1025,), dtype=float32))",SV
876,"(array([0.00000000e+00, 4.88281250e-01, 9.76562500e-01, ...,
       4.99023438e+02, 4.99511719e+02, 5.00000000e+02], shape=(1025,)), array([3.84380780e-02, 1.39228981e-02, 2.44846605e-02, ...,
       1.07300215e-16, 1.86633876e-16, 7.85468541e-17],
      shape=(1025,), dtype=float32))",SV
877,"(array([0.00000000e+00, 4.88281250e-01, 9.76562500e-01, ...,
       4.99023438e+02, 4.99511719e+02, 5.00000000e+02], shape=(1025,)), array([5.2850810e-03, 2.3043014e-03, 1.8376124e-03, ..., 5.9121318e-17,
       7.4415722e-17, 2.2301249e-17], shape=(1025,), dtype=float32))",SV
878,"(array([0.00000000e+00, 4.88281250e-01, 9.76562500e-01, ...,
       4.99023438e+02, 4.99511719e+02, 5.00000000e+02], shape=(1025,)), array([7.0127532e-02, 1.7766140e-02, 1.8836318e-01, ..., 3.9229571e-16,
       1.1217483e-15, 1.1635137e-16], shape=(1025,), dtype=float32))",SV
879,"(array([0.00000000e+00, 4.88281250e-01, 9.76562500e-01, ...,
       4.99023438e+02, 4.99511719e+02, 5.00000000e+02], shape=(1025,)), array([3.7348093e-03, 1.4379005e-03, 2.7897991e-03, ..., 5.0899457e-17,
       7.6144404e-17, 2.3008661e-17], shape=(1025,), dtype=float32))",SV
880,"(array([0.00000000e+00, 4.88281250e-01, 9.76562500e-01, ...,
       4.99023438e+02, 4.99511719e+02, 5.00000000e+02], shape=(1025,)), array([5.63011272e-03, 2.29201070e-03, 1.22044785e-02, ...,
       8.48951014e-17, 2.21979105e-16, 2.37075340e-17],
      shape=(1025,), dtype=float32))",SV
881,"(array([0.00000000e+00, 4.88281250e-01, 9.76562500e-01, ...,
       4.99023438e+02, 4.99511719e+02, 5.00000000e+02], shape=(1025,)), array([3.5770931e-03, 1.4038270e-03, 3.8023812e-03, ..., 7.0292948e-17,
       4.8638895e-17, 3.8948898e-17], shape=(1025,), dtype=float32))",SV
882,"(array([0.00000000e+00, 4.88281250e-01, 9.76562500e-01, ...,
       4.99023438e+02, 4.99511719e+02, 5.00000000e+02], shape=(1025,)), array([3.0022019e-03, 1.2015320e-03, 1.3170707e-03, ..., 1.1063408e-16,
       7.1663692e-17, 1.4506913e-17], shape=(1025,), dtype=float32))",SV
883,"(array([0.00000000e+00, 4.88281250e-01, 9.76562500e-01, ...,
       4.99023438e+02, 4.99511719e+02, 5.00000000e+02], shape=(1025,)), array([2.2725738e-03, 9.2964649e-04, 1.8247558e-03, ..., 3.0273679e-17,
       6.8304532e-17, 3.4547860e-17], shape=(1025,), dtype=float32))",SV
884,"(array([0.00000000e+00, 4.88281250e-01, 9.76562500e-01, ...,
       4.99023438e+02, 4.99511719e+02, 5.00000000e+02], shape=(1025,)), array([3.1093187e-03, 1.4982914e-03, 2.8161923e-03, ..., 7.0273916e-17,
       8.8125824e-17, 1.2411724e-17], shape=(1025,), dtype=float32))",SV
885,"(array([0.00000000e+00, 4.88281250e-01, 9.76562500e-01, ...,
       4.99023438e+02, 4.99511719e+02, 5.00000000e+02], shape=(1025,)), array([4.6413015e-03, 2.0993405e-03, 2.5878544e-03, ..., 4.2183948e-17,
       6.2100790e-17, 4.6509805e-17], shape=(1025,), dtype=float32))",SV
886,"(array([0.00000000e+00, 4.88281250e-01, 9.76562500e-01, ...,
       4.99023438e+02, 4.99511719e+02, 5.00000000e+02], shape=(1025,)), array([4.3299994e-03, 1.7766779e-03, 3.0878673e-03, ..., 8.8840621e-17,
       6.6999876e-17, 2.7379809e-17], shape=(1025,), dtype=float32))",SV
887,"(array([0.00000000e+00, 4.88281250e-01, 9.76562500e-01, ...,
       4.99023438e+02, 4.99511719e+02, 5.00000000e+02], shape=(1025,)), array([3.7106196e-03, 1.5727981e-03, 1.0982916e-03, ..., 7.5856697e-17,
       5.7955152e-17, 2.8075833e-17], shape=(1025,), dtype=float32))",SV
888,"(array([0.00000000e+00, 4.88281250e-01, 9.76562500e-01, ...,
       4.99023438e+02, 4.99511719e+02, 5.00000000e+02], shape=(1025,)), array([3.9664446e-03, 2.1764014e-03, 2.3543686e-02, ..., 2.1837947e-16,
       1.0712327e-16, 1.7359333e-17], shape=(1025,), dtype=float32))",SV
889,"(array([0.00000000e+00, 4.88281250e-01, 9.76562500e-01, ...,
       4.99023438e+02, 4.99511719e+02, 5.00000000e+02], shape=(1025,)), array([3.1518042e-03, 1.2094938e-03, 2.0426994e-03, ..., 9.0439230e-17,
       2.9927672e-17, 4.2319427e-17], shape=(1025,), dtype=float32))",SV
890,"(array([0.00000000e+00, 4.88281250e-01, 9.76562500e-01, ...,
       4.99023438e+02, 4.99511719e+02, 5.00000000e+02], shape=(1025,)), array([7.4087577e-03, 3.6011706e-03, 4.7546411e-03, ..., 7.9036492e-17,
       5.3332738e-17, 1.5155967e-17], shape=(1025,), dtype=float32))",SV
891,"(array([0.00000000e+00, 4.88281250e-01, 9.76562500e-01, ...,
       4.99023438e+02, 4.99511719e+02, 5.00000000e+02], shape=(1025,)), array([3.2001685e-03, 1.1026901e-03, 2.5257389e-03, ..., 6.7357086e-17,
       5.4285382e-17, 1.8970580e-17], shape=(1025,), dtype=float32))",SV
892,"(array([0.00000000e+00, 4.88281250e-01, 9.76562500e-01, ...,
       4.99023438e+02, 4.99511719e+02, 5.00000000e+02], shape=(1025,)), array([1.6748719e-03, 6.7183841e-04, 1.4694242e-03, ..., 6.4606128e-17,
       2.7698656e-17, 1.7934371e-17], shape=(1025,), dtype=float32))",SV
893,"(array([0.00000000e+00, 4.88281250e-01, 9.76562500e-01, ...,
       4.99023438e+02, 4.99511719e+02, 5.00000000e+02], shape=(1025,)), array([3.3918878e-03, 1.0908948e-03, 2.8408282e-03, ..., 7.2869318e-17,
       4.5727821e-17, 3.1429273e-17], shape=(1025,), dtype=float32))",SV
894,"(array([0.00000000e+00, 4.88281250e-01, 9.76562500e-01, ...,
       4.99023438e+02, 4.99511719e+02, 5.00000000e+02], shape=(1025,)), array([2.7789900e-03, 1.3263702e-03, 1.7666904e-03, ..., 5.3262964e-17,
       4.5734704e-17, 3.3414864e-17], shape=(1025,), dtype=float32))",SV
895,"(array([0.00000000e+00, 4.88281250e-01, 9.76562500e-01, ...,
       4.99023438e+02, 4.99511719e+02, 5.00000000e+02], shape=(1025,)), array([2.4457290e-03, 1.0387728e-03, 1.7361010e-03, ..., 4.9934415e-17,
       4.8187532e-17, 1.8442511e-17], shape=(1025,), dtype=float32))",SV
896,"(array([0.00000000e+00, 4.88281250e-01, 9.76562500e-01, ...,
       4.99023438e+02, 4.99511719e+02, 5.00000000e+02], shape=(1025,)), array([2.8450692e-03, 1.2249057e-03, 2.2814679e-03, ..., 4.1793489e-17,
       7.4144619e-17, 1.1477999e-17], shape=(1025,), dtype=float32))",SV
897,"(array([0.00000000e+00, 4.88281250e-01, 9.76562500e-01, ...,
       4.99023438e+02, 4.99511719e+02, 5.00000000e+02], shape=(1025,)), array([3.9136019e-03, 1.5779573e-03, 1.8474858e-03, ..., 3.6712085e-17,
       5.9176183e-17, 4.1871065e-17], shape=(1025,), dtype=float32))",SV
898,"(array([0.00000000e+00, 4.88281250e-01, 9.76562500e-01, ...,
       4.99023438e+02, 4.99511719e+02, 5.00000000e+02], shape=(1025,)), array([1.1307095e-03, 5.4927880e-04, 9.3925057e-04, ..., 3.7611876e-17,
       3.3124140e-17, 2.6329366e-17], shape=(1025,), dtype=float32))",SV
899,"(array([0.00000000e+00, 4.88281250e-01, 9.76562500e-01, ...,
       4.99023438e+02, 4.99511719e+02, 5.00000000e+02], shape=(1025,)), array([1.5915076e-03, 5.4501544e-04, 1.1937589e-03, ..., 4.7511855e-17,
       3.1478117e-17, 9.5379541e-18], shape=(1025,), dtype=float32))",SV
900,"(array([0.00000000e+00, 4.88281250e-01, 9.76562500e-01, ...,
       4.99023438e+02, 4.99511719e+02, 5.00000000e+02], shape=(1025,)), array([9.2306752e-03, 3.7520756e-03, 3.0028136e-03, ..., 7.4382628e-17,
       3.9729657e-17, 1.4393045e-17], shape=(1025,), dtype=float32))",SV
901,"(array([0.00000000e+00, 4.88281250e-01, 9.76562500e-01, ...,
       4.99023438e+02, 4.99511719e+02, 5.00000000e+02], shape=(1025,)), array([3.1074344e-03, 1.2998394e-03, 1.9750244e-03, ..., 5.5819762e-17,
       5.2907154e-17, 2.7584773e-17], shape=(1025,), dtype=float32))",SV
902,"(array([0.00000000e+00, 4.88281250e-01, 9.76562500e-01, ...,
       4.99023438e+02, 4.99511719e+02, 5.00000000e+02], shape=(1025,)), array([1.9215180e-03, 7.2103640e-04, 9.5500785e-04, ..., 5.2977027e-17,
       5.3466533e-17, 1.5674070e-17], shape=(1025,), dtype=float32))",SV
903,"(array([0.00000000e+00, 4.88281250e-01, 9.76562500e-01, ...,
       4.99023438e+02, 4.99511719e+02, 5.00000000e+02], shape=(1025,)), array([2.6832479e-03, 9.8411436e-04, 1.9890347e-03, ..., 4.2764225e-17,
       3.8291587e-17, 1.6585026e-17], shape=(1025,), dtype=float32))",SV
904,"(array([0.00000000e+00, 4.88281250e-01, 9.76562500e-01, ...,
       4.99023438e+02, 4.99511719e+02, 5.00000000e+02], shape=(1025,)), array([1.0170606e-03, 4.3673228e-04, 1.8857549e-03, ..., 2.5356684e-17,
       3.0380431e-17, 1.0955624e-17], shape=(1025,), dtype=float32))",SV
905,"(array([0.00000000e+00, 4.88281250e-01, 9.76562500e-01, ...,
       4.99023438e+02, 4.99511719e+02, 5.00000000e+02], shape=(1025,)), array([9.1246486e-04, 4.1233251e-04, 1.3715855e-03, ..., 4.9248530e-17,
       3.9603161e-17, 1.1705736e-17], shape=(1025,), dtype=float32))",SV
906,"(array([0.00000000e+00, 4.88281250e-01, 9.76562500e-01, ...,
       4.99023438e+02, 4.99511719e+02, 5.00000000e+02], shape=(1025,)), array([1.1455367e-03, 5.2946102e-04, 1.7724654e-03, ..., 2.8797522e-17,
       6.6148886e-17, 1.0982667e-17], shape=(1025,), dtype=float32))",SV
907,"(array([0.00000000e+00, 4.88281250e-01, 9.76562500e-01, ...,
       4.99023438e+02, 4.99511719e+02, 5.00000000e+02], shape=(1025,)), array([8.6244922e-03, 3.5507206e-03, 2.1715495e-03, ..., 5.9047487e-17,
       6.9749596e-17, 2.2409425e-17], shape=(1025,), dtype=float32))",SV
908,"(array([0.00000000e+00, 4.88281250e-01, 9.76562500e-01, ...,
       4.99023438e+02, 4.99511719e+02, 5.00000000e+02], shape=(1025,)), array([2.0224857e-03, 9.1633847e-04, 1.4844321e-03, ..., 4.7405139e-17,
       3.9797982e-17, 2.2500520e-17], shape=(1025,), dtype=float32))",SV
909,"(array([0.00000000e+00, 4.88281250e-01, 9.76562500e-01, ...,
       4.99023438e+02, 4.99511719e+02, 5.00000000e+02], shape=(1025,)), array([3.4061319e-03, 1.4201266e-03, 1.6050293e-03, ..., 7.2899666e-17,
       1.2539922e-16, 4.8781491e-17], shape=(1025,), dtype=float32))",SV
910,"(array([0.00000000e+00, 4.88281250e-01, 9.76562500e-01, ...,
       4.99023438e+02, 4.99511719e+02, 5.00000000e+02], shape=(1025,)), array([4.5406134e-03, 1.7193937e-03, 1.1850313e-03, ..., 6.9463663e-17,
       8.7982172e-17, 1.7450429e-17], shape=(1025,), dtype=float32))",SV
911,"(array([0.00000000e+00, 4.88281250e-01, 9.76562500e-01, ...,
       4.99023438e+02, 4.99511719e+02, 5.00000000e+02], shape=(1025,)), array([3.7545608e-03, 1.6659343e-03, 1.8226785e-03, ..., 1.2042218e-16,
       2.1497038e-16, 5.1195518e-17], shape=(1025,), dtype=float32))",SV
912,"(array([0.00000000e+00, 4.88281250e-01, 9.76562500e-01, ...,
       4.99023438e+02, 4.99511719e+02, 5.00000000e+02], shape=(1025,)), array([1.8124727e-03, 5.8543810e-04, 1.8291486e-03, ..., 7.8071450e-17,
       7.6989710e-17, 2.9765366e-17], shape=(1025,), dtype=float32))",SV
913,"(array([0.00000000e+00, 4.88281250e-01, 9.76562500e-01, ...,
       4.99023438e+02, 4.99511719e+02, 5.00000000e+02], shape=(1025,)), array([2.0552112e-03, 1.0130150e-03, 2.0526047e-03, ..., 9.3499745e-17,
       8.3951487e-17, 1.6488236e-17], shape=(1025,), dtype=float32))",SV
914,"(array([0.00000000e+00, 4.88281250e-01, 9.76562500e-01, ...,
       4.99023438e+02, 4.99511719e+02, 5.00000000e+02], shape=(1025,)), array([2.9060841e-03, 1.1416768e-03, 1.1744595e-03, ..., 1.0485415e-16,
       1.3159675e-16, 2.0086496e-17], shape=(1025,), dtype=float32))",SV
915,"(array([0.00000000e+00, 4.88281250e-01, 9.76562500e-01, ...,
       4.99023438e+02, 4.99511719e+02, 5.00000000e+02], shape=(1025,)), array([1.73888495e-03, 7.13277608e-04, 1.67406967e-03, ...,
       5.24309887e-17, 1.04602415e-16, 2.11924484e-17],
      shape=(1025,), dtype=float32))",SV
916,"(array([0.00000000e+00, 4.88281250e-01, 9.76562500e-01, ...,
       4.99023438e+02, 4.99511719e+02, 5.00000000e+02], shape=(1025,)), array([9.2232629e-04, 4.5477765e-04, 1.3446844e-03, ..., 1.3329579e-16,
       1.1949208e-16, 2.3160960e-17], shape=(1025,), dtype=float32))",SV
917,"(array([0.00000000e+00, 4.88281250e-01, 9.76562500e-01, ...,
       4.99023438e+02, 4.99511719e+02, 5.00000000e+02], shape=(1025,)), array([3.5072912e-03, 1.4292451e-03, 8.9887198e-04, ..., 8.1782871e-17,
       7.5117496e-17, 2.6349292e-17], shape=(1025,), dtype=float32))",SV
918,"(array([0.00000000e+00, 4.88281250e-01, 9.76562500e-01, ...,
       4.99023438e+02, 4.99511719e+02, 5.00000000e+02], shape=(1025,)), array([5.3109601e-03, 2.5825589e-03, 3.8416712e-03, ..., 7.7783942e-17,
       3.9278870e-17, 6.8146348e-17], shape=(1025,), dtype=float32))",SV
919,"(array([0.00000000e+00, 4.88281250e-01, 9.76562500e-01, ...,
       4.99023438e+02, 4.99511719e+02, 5.00000000e+02], shape=(1025,)), array([1.2694752e-03, 5.9681613e-04, 2.2235499e-03, ..., 3.7586032e-17,
       4.6456032e-17, 1.8725761e-17], shape=(1025,), dtype=float32))",SV
920,"(array([0.00000000e+00, 4.88281250e-01, 9.76562500e-01, ...,
       4.99023438e+02, 4.99511719e+02, 5.00000000e+02], shape=(1025,)), array([2.9092687e-03, 1.2419012e-03, 1.5990596e-03, ..., 4.9282868e-17,
       6.2746652e-17, 2.1908400e-17], shape=(1025,), dtype=float32))",SV
921,"(array([0.00000000e+00, 4.88281250e-01, 9.76562500e-01, ...,
       4.99023438e+02, 4.99511719e+02, 5.00000000e+02], shape=(1025,)), array([8.4630441e-04, 4.2538287e-04, 1.4511554e-03, ..., 4.6025329e-17,
       6.9052640e-17, 2.4767940e-17], shape=(1025,), dtype=float32))",SV
922,"(array([0.00000000e+00, 4.88281250e-01, 9.76562500e-01, ...,
       4.99023438e+02, 4.99511719e+02, 5.00000000e+02], shape=(1025,)), array([2.1925515e-03, 9.0033613e-04, 1.7319422e-03, ..., 5.7347287e-17,
       4.0684117e-17, 3.5191221e-17], shape=(1025,), dtype=float32))",SV
923,"(array([0.00000000e+00, 4.88281250e-01, 9.76562500e-01, ...,
       4.99023438e+02, 4.99511719e+02, 5.00000000e+02], shape=(1025,)), array([3.1123077e-03, 1.4710919e-03, 1.2873667e-03, ..., 4.6939658e-17,
       5.6427482e-17, 1.8628973e-17], shape=(1025,), dtype=float32))",SV
924,"(array([0.00000000e+00, 4.88281250e-01, 9.76562500e-01, ...,
       4.99023438e+02, 4.99511719e+02, 5.00000000e+02], shape=(1025,)), array([1.7489581e-03, 7.8931288e-04, 7.2633376e-04, ..., 4.0644840e-17,
       4.2164526e-17, 1.9182661e-17], shape=(1025,), dtype=float32))",SV
925,"(array([0.00000000e+00, 4.88281250e-01, 9.76562500e-01, ...,
       4.99023438e+02, 4.99511719e+02, 5.00000000e+02], shape=(1025,)), array([4.5518498e-03, 1.8442335e-03, 3.2696465e-03, ..., 2.7439591e-17,
       5.7475182e-17, 1.4882683e-17], shape=(1025,), dtype=float32))",SV
926,"(array([0.00000000e+00, 4.88281250e-01, 9.76562500e-01, ...,
       4.99023438e+02, 4.99511719e+02, 5.00000000e+02], shape=(1025,)), array([4.1899248e-03, 1.7084912e-03, 1.6944110e-03, ..., 6.8777249e-17,
       4.1004594e-17, 1.3869248e-17], shape=(1025,), dtype=float32))",SV
927,"(array([0.00000000e+00, 4.88281250e-01, 9.76562500e-01, ...,
       4.99023438e+02, 4.99511719e+02, 5.00000000e+02], shape=(1025,)), array([1.9714669e-03, 8.7249029e-04, 1.0136093e-03, ..., 6.7894416e-17,
       6.0323258e-17, 1.7342252e-17], shape=(1025,), dtype=float32))",SV
928,"(array([0.00000000e+00, 4.88281250e-01, 9.76562500e-01, ...,
       4.99023438e+02, 4.99511719e+02, 5.00000000e+02], shape=(1025,)), array([2.0778065e-03, 7.6240551e-04, 1.1637696e-03, ..., 4.7594096e-17,
       4.5317321e-17, 2.8468678e-17], shape=(1025,), dtype=float32))",SV
929,"(array([0.00000000e+00, 4.88281250e-01, 9.76562500e-01, ...,
       4.99023438e+02, 4.99511719e+02, 5.00000000e+02], shape=(1025,)), array([2.8690700e-03, 1.0646253e-03, 2.0300481e-03, ..., 3.2481318e-17,
       3.6576332e-17, 1.0214051e-17], shape=(1025,), dtype=float32))",SV
930,"(array([0.00000000e+00, 4.88281250e-01, 9.76562500e-01, ...,
       4.99023438e+02, 4.99511719e+02, 5.00000000e+02], shape=(1025,)), array([1.9716297e-03, 8.1299176e-04, 1.4005644e-03, ..., 3.5741531e-17,
       5.0862846e-17, 1.1853766e-17], shape=(1025,), dtype=float32))",SV
931,"(array([0.00000000e+00, 4.88281250e-01, 9.76562500e-01, ...,
       4.99023438e+02, 4.99511719e+02, 5.00000000e+02], shape=(1025,)), array([1.9390472e-03, 7.1762636e-04, 1.1694725e-03, ..., 7.5313511e-17,
       7.1210133e-17, 2.4618483e-17], shape=(1025,), dtype=float32))",SV
932,"(array([0.00000000e+00, 4.88281250e-01, 9.76562500e-01, ...,
       4.99023438e+02, 4.99511719e+02, 5.00000000e+02], shape=(1025,)), array([3.7104290e-03, 1.5589183e-03, 1.5524662e-03, ..., 3.2790899e-17,
       2.4132137e-17, 1.2713478e-17], shape=(1025,), dtype=float32))",SV
933,"(array([0.00000000e+00, 4.88281250e-01, 9.76562500e-01, ...,
       4.99023438e+02, 4.99511719e+02, 5.00000000e+02], shape=(1025,)), array([2.3865139e-03, 1.0581840e-03, 1.6169797e-03, ..., 5.1510175e-17,
       3.5535507e-17, 2.4032060e-17], shape=(1025,), dtype=float32))",SV
934,"(array([0.00000000e+00, 4.88281250e-01, 9.76562500e-01, ...,
       4.99023438e+02, 4.99511719e+02, 5.00000000e+02], shape=(1025,)), array([2.7230789e-03, 9.7408466e-04, 1.8547593e-03, ..., 4.3821961e-17,
       2.4353426e-17, 1.1113618e-17], shape=(1025,), dtype=float32))",SV
935,"(array([0.00000000e+00, 4.88281250e-01, 9.76562500e-01, ...,
       4.99023438e+02, 4.99511719e+02, 5.00000000e+02], shape=(1025,)), array([1.4311753e-03, 5.8460725e-04, 1.8046953e-03, ..., 2.6411920e-17,
       5.0233851e-17, 1.0162811e-17], shape=(1025,), dtype=float32))",SV
936,"(array([0.00000000e+00, 4.88281250e-01, 9.76562500e-01, ...,
       4.99023438e+02, 4.99511719e+02, 5.00000000e+02], shape=(1025,)), array([2.6557078e-03, 9.7409252e-04, 1.0230794e-03, ..., 2.3112636e-16,
       3.4324853e-16, 1.1784305e-16], shape=(1025,), dtype=float32))",SV
937,"(array([0.00000000e+00, 4.88281250e-01, 9.76562500e-01, ...,
       4.99023438e+02, 4.99511719e+02, 5.00000000e+02], shape=(1025,)), array([1.9531564e-03, 7.8559428e-04, 2.0381622e-03, ..., 8.2771391e-17,
       8.5687474e-17, 4.7027908e-17], shape=(1025,), dtype=float32))",SV
938,"(array([0.00000000e+00, 4.88281250e-01, 9.76562500e-01, ...,
       4.99023438e+02, 4.99511719e+02, 5.00000000e+02], shape=(1025,)), array([5.9504057e-03, 2.2030757e-03, 5.4112948e-03, ..., 4.5282011e-16,
       1.3263469e-16, 8.2424101e-17], shape=(1025,), dtype=float32))",SV
939,"(array([0.00000000e+00, 4.88281250e-01, 9.76562500e-01, ...,
       4.99023438e+02, 4.99511719e+02, 5.00000000e+02], shape=(1025,)), array([5.6596249e-03, 2.1721104e-03, 2.2744716e-03, ..., 2.0225700e-16,
       1.8221436e-16, 5.4771003e-17], shape=(1025,), dtype=float32))",SV
940,"(array([0.00000000e+00, 4.88281250e-01, 9.76562500e-01, ...,
       4.99023438e+02, 4.99511719e+02, 5.00000000e+02], shape=(1025,)), array([2.5346433e-03, 1.0199057e-03, 2.0234582e-03, ..., 1.1801212e-16,
       7.8050102e-17, 6.8873685e-17], shape=(1025,), dtype=float32))",SV
941,"(array([0.00000000e+00, 4.88281250e-01, 9.76562500e-01, ...,
       4.99023438e+02, 4.99511719e+02, 5.00000000e+02], shape=(1025,)), array([5.2877646e-03, 2.0436286e-03, 1.5193168e-03, ..., 2.2866385e-16,
       1.2304408e-16, 4.1471097e-17], shape=(1025,), dtype=float32))",SV
942,"(array([0.00000000e+00, 4.88281250e-01, 9.76562500e-01, ...,
       4.99023438e+02, 4.99511719e+02, 5.00000000e+02], shape=(1025,)), array([5.7788300e-03, 2.5778799e-03, 1.2753517e-03, ..., 3.2876499e-16,
       1.9870144e-16, 1.0875062e-16], shape=(1025,), dtype=float32))",SV
943,"(array([0.00000000e+00, 4.88281250e-01, 9.76562500e-01, ...,
       4.99023438e+02, 4.99511719e+02, 5.00000000e+02], shape=(1025,)), array([3.0409251e-03, 1.1431410e-03, 1.6851212e-03, ..., 6.1130580e-17,
       6.8062009e-17, 3.0084195e-17], shape=(1025,), dtype=float32))",SV
944,"(array([0.00000000e+00, 4.88281250e-01, 9.76562500e-01, ...,
       4.99023438e+02, 4.99511719e+02, 5.00000000e+02], shape=(1025,)), array([3.8182649e-03, 1.8228734e-03, 2.4902453e-03, ..., 1.3267809e-16,
       2.2926493e-16, 2.0161649e-16], shape=(1025,), dtype=float32))",SV
945,"(array([0.00000000e+00, 4.88281250e-01, 9.76562500e-01, ...,
       4.99023438e+02, 4.99511719e+02, 5.00000000e+02], shape=(1025,)), array([1.8505150e-03, 7.8713614e-04, 1.2509811e-03, ..., 2.7184804e-17,
       4.5497806e-17, 2.1511283e-17], shape=(1025,), dtype=float32))",SV
946,"(array([0.00000000e+00, 4.88281250e-01, 9.76562500e-01, ...,
       4.99023438e+02, 4.99511719e+02, 5.00000000e+02], shape=(1025,)), array([1.1427372e-03, 5.4593175e-04, 1.6023736e-03, ..., 5.4441494e-17,
       2.8152480e-17, 1.1210405e-17], shape=(1025,), dtype=float32))",SV
947,"(array([0.00000000e+00, 4.88281250e-01, 9.76562500e-01, ...,
       4.99023438e+02, 4.99511719e+02, 5.00000000e+02], shape=(1025,)), array([1.2294246e-03, 4.8243350e-04, 2.6666974e-03, ..., 3.4994796e-17,
       9.2191906e-17, 2.7920687e-17], shape=(1025,), dtype=float32))",SV
948,"(array([0.00000000e+00, 4.88281250e-01, 9.76562500e-01, ...,
       4.99023438e+02, 4.99511719e+02, 5.00000000e+02], shape=(1025,)), array([2.4042202e-03, 1.1020841e-03, 1.6700818e-03, ..., 5.3095876e-17,
       6.7974870e-17, 1.4542499e-17], shape=(1025,), dtype=float32))",SV
949,"(array([0.00000000e+00, 4.88281250e-01, 9.76562500e-01, ...,
       4.99023438e+02, 4.99511719e+02, 5.00000000e+02], shape=(1025,)), array([2.7399189e-03, 1.1866851e-03, 2.1185083e-03, ..., 3.1385860e-17,
       4.0021582e-17, 3.5117205e-17], shape=(1025,), dtype=float32))",SV
950,"(array([0.00000000e+00, 4.88281250e-01, 9.76562500e-01, ...,
       4.99023438e+02, 4.99511719e+02, 5.00000000e+02], shape=(1025,)), array([1.9628664e-03, 8.1251044e-04, 1.8152278e-03, ..., 3.7158114e-17,
       5.4999629e-17, 1.9386202e-17], shape=(1025,), dtype=float32))",SV
951,"(array([0.00000000e+00, 4.88281250e-01, 9.76562500e-01, ...,
       4.99023438e+02, 4.99511719e+02, 5.00000000e+02], shape=(1025,)), array([2.3778966e-03, 1.0983073e-03, 1.4734779e-03, ..., 3.6198294e-17,
       5.8240629e-17, 1.1614640e-17], shape=(1025,), dtype=float32))",SV
952,"(array([0.00000000e+00, 4.88281250e-01, 9.76562500e-01, ...,
       4.99023438e+02, 4.99511719e+02, 5.00000000e+02], shape=(1025,)), array([3.0310026e-03, 1.1177633e-03, 7.8202074e-04, ..., 4.7610819e-17,
       4.0602849e-17, 2.3593664e-17], shape=(1025,), dtype=float32))",SV
953,"(array([0.00000000e+00, 4.88281250e-01, 9.76562500e-01, ...,
       4.99023438e+02, 4.99511719e+02, 5.00000000e+02], shape=(1025,)), array([1.9958296e-03, 9.1862731e-04, 2.0335747e-03, ..., 2.5945059e-17,
       4.2405335e-17, 8.5743375e-18], shape=(1025,), dtype=float32))",SV
954,"(array([0.00000000e+00, 4.88281250e-01, 9.76562500e-01, ...,
       4.99023438e+02, 4.99511719e+02, 5.00000000e+02], shape=(1025,)), array([2.5051688e-03, 9.4417325e-04, 1.5499166e-03, ..., 2.5556124e-17,
       5.5536609e-17, 2.0245912e-17], shape=(1025,), dtype=float32))",SV
955,"(array([0.00000000e+00, 4.88281250e-01, 9.76562500e-01, ...,
       4.99023438e+02, 4.99511719e+02, 5.00000000e+02], shape=(1025,)), array([1.3077619e-03, 5.0728803e-04, 2.3046720e-03, ..., 6.2986654e-17,
       6.1539127e-17, 4.5923377e-17], shape=(1025,), dtype=float32))",SV
956,"(array([0.00000000e+00, 4.88281250e-01, 9.76562500e-01, ...,
       4.99023438e+02, 4.99511719e+02, 5.00000000e+02], shape=(1025,)), array([4.8778527e-03, 2.0064309e-03, 1.2259419e-03, ..., 5.7003544e-17,
       4.2548553e-17, 2.2938916e-17], shape=(1025,), dtype=float32))",SV
957,"(array([0.00000000e+00, 4.88281250e-01, 9.76562500e-01, ...,
       4.99023438e+02, 4.99511719e+02, 5.00000000e+02], shape=(1025,)), array([1.5259557e-03, 7.6784875e-04, 1.4721354e-03, ..., 7.3466159e-17,
       8.2450703e-17, 2.3075560e-17], shape=(1025,), dtype=float32))",SV
958,"(array([0.00000000e+00, 4.88281250e-01, 9.76562500e-01, ...,
       4.99023438e+02, 4.99511719e+02, 5.00000000e+02], shape=(1025,)), array([2.8391429e-03, 1.0985591e-03, 1.2015485e-03, ..., 3.9620724e-17,
       3.7830907e-17, 1.5607173e-17], shape=(1025,), dtype=float32))",SV
959,"(array([0.00000000e+00, 4.88281250e-01, 9.76562500e-01, ...,
       4.99023438e+02, 4.99511719e+02, 5.00000000e+02], shape=(1025,)), array([2.8923627e-03, 1.1104740e-03, 1.5846640e-03, ..., 4.8384411e-17,
       6.6412876e-17, 1.0954201e-17], shape=(1025,), dtype=float32))",SV
960,"(array([0.00000000e+00, 4.88281250e-01, 9.76562500e-01, ...,
       4.99023438e+02, 4.99511719e+02, 5.00000000e+02], shape=(1025,)), array([5.7375426e-03, 1.7322259e-03, 3.9400435e-03, ..., 6.1647263e-17,
       6.2296276e-17, 1.8885179e-17], shape=(1025,), dtype=float32))",SV
961,"(array([0.00000000e+00, 4.88281250e-01, 9.76562500e-01, ...,
       4.99023438e+02, 4.99511719e+02, 5.00000000e+02], shape=(1025,)), array([2.9556593e-03, 1.3023398e-03, 2.6673300e-03, ..., 2.1044704e-16,
       8.0044011e-17, 9.3964720e-17], shape=(1025,), dtype=float32))",SV
962,"(array([0.00000000e+00, 4.88281250e-01, 9.76562500e-01, ...,
       4.99023438e+02, 4.99511719e+02, 5.00000000e+02], shape=(1025,)), array([5.5126846e-02, 1.8629452e-02, 5.1038202e-02, ..., 5.4661995e-16,
       3.8816952e-16, 3.9740284e-17], shape=(1025,), dtype=float32))",SV
963,"(array([0.00000000e+00, 4.88281250e-01, 9.76562500e-01, ...,
       4.99023438e+02, 4.99511719e+02, 5.00000000e+02], shape=(1025,)), array([2.7410096e-01, 8.5099503e-02, 1.0570653e-01, ..., 5.2426120e-16,
       1.6088986e-16, 3.7149770e-17], shape=(1025,), dtype=float32))",SV
964,"(array([0.00000000e+00, 4.88281250e-01, 9.76562500e-01, ...,
       4.99023438e+02, 4.99511719e+02, 5.00000000e+02], shape=(1025,)), array([2.9460238e-03, 1.1702216e-03, 2.0790217e-03, ..., 1.9217788e-16,
       9.7029490e-17, 4.0163027e-17], shape=(1025,), dtype=float32))",SV
965,"(array([0.00000000e+00, 4.88281250e-01, 9.76562500e-01, ...,
       4.99023438e+02, 4.99511719e+02, 5.00000000e+02], shape=(1025,)), array([6.0707857e-03, 2.0101902e-03, 1.8964533e-03, ..., 3.2912487e-16,
       4.1777195e-16, 2.1780869e-16], shape=(1025,), dtype=float32))",SV
966,"(array([0.00000000e+00, 4.88281250e-01, 9.76562500e-01, ...,
       4.99023438e+02, 4.99511719e+02, 5.00000000e+02], shape=(1025,)), array([3.6362992e-03, 1.4519140e-03, 7.1459482e-03, ..., 1.9057545e-16,
       8.9218576e-17, 4.6805869e-17], shape=(1025,), dtype=float32))",SV
967,"(array([0.00000000e+00, 4.88281250e-01, 9.76562500e-01, ...,
       4.99023438e+02, 4.99511719e+02, 5.00000000e+02], shape=(1025,)), array([2.9404541e-03, 1.6798370e-03, 5.3864098e-03, ..., 1.2450226e-16,
       8.2661667e-17, 3.0721865e-17], shape=(1025,), dtype=float32))",SV
968,"(array([0.00000000e+00, 4.88281250e-01, 9.76562500e-01, ...,
       4.99023438e+02, 4.99511719e+02, 5.00000000e+02], shape=(1025,)), array([2.4442098e-03, 9.8185008e-04, 1.7142238e-03, ..., 7.6688656e-17,
       4.2882009e-17, 1.4985166e-17], shape=(1025,), dtype=float32))",SV
969,"(array([0.00000000e+00, 4.88281250e-01, 9.76562500e-01, ...,
       4.99023438e+02, 4.99511719e+02, 5.00000000e+02], shape=(1025,)), array([5.9502083e-03, 2.2319169e-03, 2.2507787e-03, ..., 6.3630022e-17,
       1.2171011e-16, 3.7218092e-17], shape=(1025,), dtype=float32))",SV
970,"(array([0.00000000e+00, 4.88281250e-01, 9.76562500e-01, ...,
       4.99023438e+02, 4.99511719e+02, 5.00000000e+02], shape=(1025,)), array([1.6421715e-03, 6.6122104e-04, 1.9872834e-03, ..., 1.3675671e-16,
       1.5103803e-16, 1.3849320e-16], shape=(1025,), dtype=float32))",SV
971,"(array([0.00000000e+00, 4.88281250e-01, 9.76562500e-01, ...,
       4.99023438e+02, 4.99511719e+02, 5.00000000e+02], shape=(1025,)), array([5.8311722e-03, 2.5972065e-03, 1.9408780e-03, ..., 2.9622071e-16,
       2.0597724e-16, 3.1336758e-17], shape=(1025,), dtype=float32))",SV
972,"(array([0.00000000e+00, 4.88281250e-01, 9.76562500e-01, ...,
       4.99023438e+02, 4.99511719e+02, 5.00000000e+02], shape=(1025,)), array([2.1775026e-02, 7.8404732e-03, 2.1384107e-02, ..., 2.5440089e-16,
       1.9617962e-16, 1.3650619e-16], shape=(1025,), dtype=float32))",SV
973,"(array([0.00000000e+00, 4.88281250e-01, 9.76562500e-01, ...,
       4.99023438e+02, 4.99511719e+02, 5.00000000e+02], shape=(1025,)), array([6.6648670e-03, 2.8858820e-03, 1.2971219e-02, ..., 2.2660222e-16,
       1.9407143e-16, 5.8073208e-17], shape=(1025,), dtype=float32))",SV
974,"(array([0.00000000e+00, 4.88281250e-01, 9.76562500e-01, ...,
       4.99023438e+02, 4.99511719e+02, 5.00000000e+02], shape=(1025,)), array([4.6394818e-02, 1.5140329e-02, 3.1478010e-02, ..., 7.2284304e-16,
       8.6873565e-17, 1.8583425e-16], shape=(1025,), dtype=float32))",SV
975,"(array([0.00000000e+00, 4.88281250e-01, 9.76562500e-01, ...,
       4.99023438e+02, 4.99511719e+02, 5.00000000e+02], shape=(1025,)), array([8.41063354e-03, 4.06643609e-03, 1.01786470e-02, ...,
       2.77592734e-16, 1.33021257e-16, 1.00045325e-16],
      shape=(1025,), dtype=float32))",SV
976,"(array([0.00000000e+00, 4.88281250e-01, 9.76562500e-01, ...,
       4.99023438e+02, 4.99511719e+02, 5.00000000e+02], shape=(1025,)), array([5.2791941e-03, 2.2492064e-03, 4.9289414e-03, ..., 2.0853473e-16,
       1.2661382e-16, 5.1857375e-17], shape=(1025,), dtype=float32))",SV
977,"(array([0.00000000e+00, 4.88281250e-01, 9.76562500e-01, ...,
       4.99023438e+02, 4.99511719e+02, 5.00000000e+02], shape=(1025,)), array([4.4693197e-03, 1.3636173e-03, 7.5477879e-03, ..., 1.8223101e-16,
       1.1197209e-16, 3.0615109e-17], shape=(1025,), dtype=float32))",SV
978,"(array([0.00000000e+00, 4.88281250e-01, 9.76562500e-01, ...,
       4.99023438e+02, 4.99511719e+02, 5.00000000e+02], shape=(1025,)), array([1.7367357e-02, 6.0509420e-03, 1.0203330e-02, ..., 9.9117711e-17,
       1.6278291e-16, 4.4141329e-17], shape=(1025,), dtype=float32))",SV
979,"(array([0.00000000e+00, 4.88281250e-01, 9.76562500e-01, ...,
       4.99023438e+02, 4.99511719e+02, 5.00000000e+02], shape=(1025,)), array([8.1254439e-03, 3.1452233e-03, 1.5690338e-02, ..., 1.0890718e-16,
       1.2928547e-16, 7.0285656e-17], shape=(1025,), dtype=float32))",SV
980,"(array([0.00000000e+00, 4.88281250e-01, 9.76562500e-01, ...,
       4.99023438e+02, 4.99511719e+02, 5.00000000e+02], shape=(1025,)), array([2.0407576e-02, 8.2567474e-03, 3.2470841e-02, ..., 9.0805426e-16,
       3.5068355e-16, 2.8330616e-16], shape=(1025,), dtype=float32))",SV
981,"(array([0.00000000e+00, 4.88281250e-01, 9.76562500e-01, ...,
       4.99023438e+02, 4.99511719e+02, 5.00000000e+02], shape=(1025,)), array([6.80108322e-03, 2.80498760e-03, 5.43982117e-03, ...,
       1.03881325e-16, 9.24973081e-17, 8.01694913e-17],
      shape=(1025,), dtype=float32))",SV
982,"(array([0.00000000e+00, 4.88281250e-01, 9.76562500e-01, ...,
       4.99023438e+02, 4.99511719e+02, 5.00000000e+02], shape=(1025,)), array([1.2009040e-02, 4.0663457e-03, 5.8818832e-03, ..., 8.8244415e-17,
       1.2983261e-16, 3.1997196e-17], shape=(1025,), dtype=float32))",SV
983,"(array([0.00000000e+00, 4.88281250e-01, 9.76562500e-01, ...,
       4.99023438e+02, 4.99511719e+02, 5.00000000e+02], shape=(1025,)), array([2.1844422e-03, 7.6313136e-04, 5.0923768e-03, ..., 5.0705877e-17,
       1.0031630e-16, 4.4733448e-17], shape=(1025,), dtype=float32))",SV
984,"(array([0.00000000e+00, 4.88281250e-01, 9.76562500e-01, ...,
       4.99023438e+02, 4.99511719e+02, 5.00000000e+02], shape=(1025,)), array([6.0078520e-03, 2.8838157e-03, 3.8911155e-03, ..., 1.0867380e-16,
       1.1518831e-16, 7.4265381e-17], shape=(1025,), dtype=float32))",SV
985,"(array([0.00000000e+00, 4.88281250e-01, 9.76562500e-01, ...,
       4.99023438e+02, 4.99511719e+02, 5.00000000e+02], shape=(1025,)), array([1.3973012e-02, 4.6469374e-03, 1.0636172e-02, ..., 1.3989950e-16,
       9.7610131e-17, 2.0428104e-17], shape=(1025,), dtype=float32))",SV
986,"(array([0.00000000e+00, 4.88281250e-01, 9.76562500e-01, ...,
       4.99023438e+02, 4.99511719e+02, 5.00000000e+02], shape=(1025,)), array([1.82450861e-02, 6.41691918e-03, 1.42365266e-02, ...,
       2.45911558e-16, 1.39641905e-16, 1.01388984e-16],
      shape=(1025,), dtype=float32))",SV
987,"(array([0.00000000e+00, 4.88281250e-01, 9.76562500e-01, ...,
       4.99023438e+02, 4.99511719e+02, 5.00000000e+02], shape=(1025,)), array([4.2753578e-03, 1.6879282e-03, 4.9867686e-03, ..., 1.6955667e-16,
       1.0522139e-16, 1.0663835e-17], shape=(1025,), dtype=float32))",SV
988,"(array([0.00000000e+00, 4.88281250e-01, 9.76562500e-01, ...,
       4.99023438e+02, 4.99511719e+02, 5.00000000e+02], shape=(1025,)), array([1.30611425e-02, 4.97183390e-03, 6.15191227e-03, ...,
       1.03977768e-16, 4.27948243e-17, 1.13242746e-16],
      shape=(1025,), dtype=float32))",SV
989,"(array([0.00000000e+00, 4.88281250e-01, 9.76562500e-01, ...,
       4.99023438e+02, 4.99511719e+02, 5.00000000e+02], shape=(1025,)), array([3.8091415e-03, 1.6240864e-03, 1.9886161e-03, ..., 6.6489731e-17,
       1.0272752e-16, 7.1805809e-17], shape=(1025,), dtype=float32))",SV
990,"(array([0.00000000e+00, 4.88281250e-01, 9.76562500e-01, ...,
       4.99023438e+02, 4.99511719e+02, 5.00000000e+02], shape=(1025,)), array([5.0398083e-03, 2.1899699e-03, 3.0239711e-03, ..., 7.9839268e-17,
       5.9073514e-17, 2.1982414e-17], shape=(1025,), dtype=float32))",SV
991,"(array([0.00000000e+00, 4.88281250e-01, 9.76562500e-01, ...,
       4.99023438e+02, 4.99511719e+02, 5.00000000e+02], shape=(1025,)), array([3.2275692e-03, 1.0577661e-03, 2.0552105e-03, ..., 9.6724188e-17,
       8.1033425e-17, 1.4962390e-17], shape=(1025,), dtype=float32))",SV
992,"(array([0.00000000e+00, 4.88281250e-01, 9.76562500e-01, ...,
       4.99023438e+02, 4.99511719e+02, 5.00000000e+02], shape=(1025,)), array([3.6732366e-03, 1.2810868e-03, 3.0776656e-03, ..., 7.2787937e-17,
       1.3389281e-16, 1.4922535e-17], shape=(1025,), dtype=float32))",SV
993,"(array([0.00000000e+00, 4.88281250e-01, 9.76562500e-01, ...,
       4.99023438e+02, 4.99511719e+02, 5.00000000e+02], shape=(1025,)), array([3.2879077e-03, 1.2424714e-03, 8.3997808e-03, ..., 7.2039947e-17,
       9.9474914e-17, 4.2199863e-17], shape=(1025,), dtype=float32))",SV
994,"(array([0.00000000e+00, 4.88281250e-01, 9.76562500e-01, ...,
       4.99023438e+02, 4.99511719e+02, 5.00000000e+02], shape=(1025,)), array([3.3247641e-03, 1.3587798e-03, 4.4821743e-03, ..., 1.3449801e-16,
       7.1557707e-17, 7.3422735e-17], shape=(1025,), dtype=float32))",SV
995,"(array([0.00000000e+00, 4.88281250e-01, 9.76562500e-01, ...,
       4.99023438e+02, 4.99511719e+02, 5.00000000e+02], shape=(1025,)), array([2.3288131e-02, 2.4059795e-02, 4.5547259e-01, ..., 1.2000686e-15,
       7.9905472e-16, 1.5048931e-16], shape=(1025,), dtype=float32))",SV
996,"(array([0.00000000e+00, 4.88281250e-01, 9.76562500e-01, ...,
       4.99023438e+02, 4.99511719e+02, 5.00000000e+02], shape=(1025,)), array([1.8319568e-02, 7.3495661e-03, 9.5744170e-02, ..., 5.7437892e-16,
       1.2511506e-16, 8.8231412e-17], shape=(1025,), dtype=float32))",SV
997,"(array([0.00000000e+00, 4.88281250e-01, 9.76562500e-01, ...,
       4.99023438e+02, 4.99511719e+02, 5.00000000e+02], shape=(1025,)), array([3.4669142e-03, 1.1611932e-03, 4.5381328e-03, ..., 1.0200671e-16,
       8.0505717e-17, 2.7357037e-17], shape=(1025,), dtype=float32))",SV
998,"(array([0.00000000e+00, 4.88281250e-01, 9.76562500e-01, ...,
       4.99023438e+02, 4.99511719e+02, 5.00000000e+02], shape=(1025,)), array([5.0240504e-03, 2.1038828e-03, 2.3716560e-03, ..., 9.9330799e-17,
       1.0630280e-16, 3.1706829e-17], shape=(1025,), dtype=float32))",SV
999,"(array([0.00000000e+00, 4.88281250e-01, 9.76562500e-01, ...,
       4.99023438e+02, 4.99511719e+02, 5.00000000e+02], shape=(1025,)), array([1.7829584e-02, 7.3478599e-03, 2.8661568e-02, ..., 2.0363196e-16,
       1.6576962e-16, 4.5638704e-17], shape=(1025,), dtype=float32))",SV
1000,"(array([0.00000000e+00, 4.88281250e-01, 9.76562500e-01, ...,
       4.99023438e+02, 4.99511719e+02, 5.00000000e+02], shape=(1025,)), array([5.1812655e-03, 2.3251886e-03, 4.2434935e-03, ..., 7.4203607e-16,
       4.5422915e-16, 1.3450779e-16], shape=(1025,), dtype=float32))",SV
1001,"(array([0.00000000e+00, 4.88281250e-01, 9.76562500e-01, ...,
       4.99023438e+02, 4.99511719e+02, 5.00000000e+02], shape=(1025,)), array([9.0927500e-03, 2.7787590e-03, 3.1756011e-03, ..., 1.1473657e-16,
       7.9276322e-17, 4.8303238e-17], shape=(1025,), dtype=float32))",SV
1002,"(array([0.00000000e+00, 4.88281250e-01, 9.76562500e-01, ...,
       4.99023438e+02, 4.99511719e+02, 5.00000000e+02], shape=(1025,)), array([5.2221916e-03, 1.7469322e-03, 5.0758156e-03, ..., 1.9519018e-16,
       1.6655058e-16, 9.4556842e-17], shape=(1025,), dtype=float32))",SV
1003,"(array([0.00000000e+00, 4.88281250e-01, 9.76562500e-01, ...,
       4.99023438e+02, 4.99511719e+02, 5.00000000e+02], shape=(1025,)), array([1.6203171e-01, 3.9512590e-02, 3.7622645e-01, ..., 1.0764218e-15,
       2.5399128e-15, 4.6190968e-15], shape=(1025,), dtype=float32))",SV
1004,"(array([0.00000000e+00, 4.88281250e-01, 9.76562500e-01, ...,
       4.99023438e+02, 4.99511719e+02, 5.00000000e+02], shape=(1025,)), array([1.1215190e-02, 3.5788377e-03, 2.3957273e-02, ..., 2.2837856e-16,
       1.6794473e-16, 8.3716508e-17], shape=(1025,), dtype=float32))",SV
1005,"(array([0.00000000e+00, 4.88281250e-01, 9.76562500e-01, ...,
       4.99023438e+02, 4.99511719e+02, 5.00000000e+02], shape=(1025,)), array([8.7593291e-03, 3.4052769e-03, 1.0353829e-02, ..., 1.3522232e-16,
       1.7191239e-16, 2.7556304e-17], shape=(1025,), dtype=float32))",SV
1006,"(array([0.00000000e+00, 4.88281250e-01, 9.76562500e-01, ...,
       4.99023438e+02, 4.99511719e+02, 5.00000000e+02], shape=(1025,)), array([2.1040369e-02, 8.6818729e-03, 1.3180846e-02, ..., 1.1306629e-16,
       1.6203882e-16, 6.9374705e-17], shape=(1025,), dtype=float32))",SV
1007,"(array([0.00000000e+00, 4.88281250e-01, 9.76562500e-01, ...,
       4.99023438e+02, 4.99511719e+02, 5.00000000e+02], shape=(1025,)), array([1.9829825e-01, 5.7973839e-02, 7.0340194e-02, ..., 8.2349247e-16,
       8.5184362e-16, 1.5631939e-16], shape=(1025,), dtype=float32))",SV
1008,"(array([0.00000000e+00, 4.88281250e-01, 9.76562500e-01, ...,
       4.99023438e+02, 4.99511719e+02, 5.00000000e+02], shape=(1025,)), array([6.6742385e-03, 3.1749629e-03, 7.4874237e-03, ..., 1.5880461e-16,
       9.9002898e-17, 4.9789229e-17], shape=(1025,), dtype=float32))",SV
1009,"(array([0.00000000e+00, 4.88281250e-01, 9.76562500e-01, ...,
       4.99023438e+02, 4.99511719e+02, 5.00000000e+02], shape=(1025,)), array([6.3165594e-03, 1.8767297e-03, 4.8704427e-03, ..., 8.3135688e-17,
       9.3315496e-17, 1.9608245e-17], shape=(1025,), dtype=float32))",SV
1010,"(array([0.00000000e+00, 4.88281250e-01, 9.76562500e-01, ...,
       4.99023438e+02, 4.99511719e+02, 5.00000000e+02], shape=(1025,)), array([3.2383972e-03, 1.4718109e-03, 2.8346544e-03, ..., 1.4404929e-16,
       2.1133762e-16, 1.4171000e-17], shape=(1025,), dtype=float32))",SV
1011,"(array([0.00000000e+00, 4.88281250e-01, 9.76562500e-01, ...,
       4.99023438e+02, 4.99511719e+02, 5.00000000e+02], shape=(1025,)), array([4.1902466e-03, 1.9267929e-03, 1.5749938e-03, ..., 5.4052382e-17,
       9.6128227e-17, 2.2158913e-17], shape=(1025,), dtype=float32))",SV
1012,"(array([0.00000000e+00, 4.88281250e-01, 9.76562500e-01, ...,
       4.99023438e+02, 4.99511719e+02, 5.00000000e+02], shape=(1025,)), array([3.4378606e-03, 1.8676738e-03, 7.3646526e-03, ..., 1.3817153e-16,
       1.0711622e-16, 7.2312520e-17], shape=(1025,), dtype=float32))",SV
1013,"(array([0.00000000e+00, 4.88281250e-01, 9.76562500e-01, ...,
       4.99023438e+02, 4.99511719e+02, 5.00000000e+02], shape=(1025,)), array([6.1493143e-03, 2.6772446e-03, 2.7893023e-03, ..., 1.2050979e-16,
       1.6191196e-16, 4.5934769e-17], shape=(1025,), dtype=float32))",SV
1014,"(array([0.00000000e+00, 4.88281250e-01, 9.76562500e-01, ...,
       4.99023438e+02, 4.99511719e+02, 5.00000000e+02], shape=(1025,)), array([9.8820718e-04, 5.5989670e-04, 3.0949959e-03, ..., 1.5193581e-16,
       1.5147877e-16, 3.9043196e-17], shape=(1025,), dtype=float32))",SV
1015,"(array([0.00000000e+00, 4.88281250e-01, 9.76562500e-01, ...,
       4.99023438e+02, 4.99511719e+02, 5.00000000e+02], shape=(1025,)), array([2.7941850e-03, 1.1821151e-03, 3.5823409e-03, ..., 1.3368508e-16,
       9.3739687e-17, 2.1327666e-17], shape=(1025,), dtype=float32))",SV
1016,"(array([0.00000000e+00, 4.88281250e-01, 9.76562500e-01, ...,
       4.99023438e+02, 4.99511719e+02, 5.00000000e+02], shape=(1025,)), array([3.5747064e-03, 1.7222816e-03, 1.3989472e-03, ..., 4.8560346e-17,
       9.5004413e-17, 2.9748287e-17], shape=(1025,), dtype=float32))",SV
1017,"(array([0.00000000e+00, 4.88281250e-01, 9.76562500e-01, ...,
       4.99023438e+02, 4.99511719e+02, 5.00000000e+02], shape=(1025,)), array([2.0769872e-03, 1.0405441e-03, 2.3700746e-03, ..., 5.2334377e-17,
       3.6054503e-17, 9.2917132e-18], shape=(1025,), dtype=float32))",SV
1018,"(array([0.00000000e+00, 4.88281250e-01, 9.76562500e-01, ...,
       4.99023438e+02, 4.99511719e+02, 5.00000000e+02], shape=(1025,)), array([2.6356827e-03, 1.0675531e-03, 2.2597206e-03, ..., 4.5652942e-17,
       9.3642378e-17, 2.8677915e-17], shape=(1025,), dtype=float32))",SV
1019,"(array([0.00000000e+00, 4.88281250e-01, 9.76562500e-01, ...,
       4.99023438e+02, 4.99511719e+02, 5.00000000e+02], shape=(1025,)), array([7.7836462e-03, 3.0911083e-03, 3.9166333e-03, ..., 8.2352924e-17,
       6.5565293e-17, 2.7334263e-17], shape=(1025,), dtype=float32))",SV
1020,"(array([0.00000000e+00, 4.88281250e-01, 9.76562500e-01, ...,
       4.99023438e+02, 4.99511719e+02, 5.00000000e+02], shape=(1025,)), array([8.6454190e-03, 3.5501695e-03, 4.9403980e-03, ..., 1.1458071e-16,
       1.6513966e-16, 3.9102624e-17], shape=(1025,), dtype=float32))",SV
1021,"(array([0.00000000e+00, 4.88281250e-01, 9.76562500e-01, ...,
       4.99023438e+02, 4.99511719e+02, 5.00000000e+02], shape=(1025,)), array([5.0039932e-02, 4.0021166e-02, 3.1607217e-01, ..., 1.5182016e-15,
       4.7741593e-15, 5.6071384e-16], shape=(1025,), dtype=float32))",SV
1022,"(array([0.00000000e+00, 4.88281250e-01, 9.76562500e-01, ...,
       4.99023438e+02, 4.99511719e+02, 5.00000000e+02], shape=(1025,)), array([4.8957812e-03, 1.8504127e-03, 2.0860987e-02, ..., 1.0931712e-16,
       6.0654699e-17, 7.4857496e-17], shape=(1025,), dtype=float32))",SV
1023,"(array([0.00000000e+00, 4.88281250e-01, 9.76562500e-01, ...,
       4.99023438e+02, 4.99511719e+02, 5.00000000e+02], shape=(1025,)), array([4.1806335e-03, 1.6823909e-03, 1.9527905e-03, ..., 7.2830090e-17,
       1.4704553e-16, 3.4371366e-17], shape=(1025,), dtype=float32))",SV
1024,"(array([0.00000000e+00, 4.88281250e-01, 9.76562500e-01, ...,
       4.99023438e+02, 4.99511719e+02, 5.00000000e+02], shape=(1025,)), array([5.0093876e-03, 1.9916403e-03, 1.9732758e-03, ..., 5.2101662e-17,
       7.7810809e-17, 2.7624626e-17], shape=(1025,), dtype=float32))",SV
1025,"(array([0.00000000e+00, 4.88281250e-01, 9.76562500e-01, ...,
       4.99023438e+02, 4.99511719e+02, 5.00000000e+02], shape=(1025,)), array([3.7821743e-03, 1.7647025e-03, 1.7064364e-03, ..., 1.1416294e-16,
       1.2250694e-16, 6.6707325e-17], shape=(1025,), dtype=float32))",SV
1026,"(array([0.00000000e+00, 4.88281250e-01, 9.76562500e-01, ...,
       4.99023438e+02, 4.99511719e+02, 5.00000000e+02], shape=(1025,)), array([1.2019218e-02, 4.1761599e-03, 1.4191021e-02, ..., 2.0476214e-16,
       1.2147264e-16, 3.4320127e-17], shape=(1025,), dtype=float32))",SV
1027,"(array([0.00000000e+00, 4.88281250e-01, 9.76562500e-01, ...,
       4.99023438e+02, 4.99511719e+02, 5.00000000e+02], shape=(1025,)), array([4.1415647e-02, 1.0925833e-02, 9.9931583e-02, ..., 2.4019819e-16,
       1.8942912e-16, 2.1170528e-16], shape=(1025,), dtype=float32))",SV
1028,"(array([0.00000000e+00, 4.88281250e-01, 9.76562500e-01, ...,
       4.99023438e+02, 4.99511719e+02, 5.00000000e+02], shape=(1025,)), array([6.4776759e-03, 2.8851093e-03, 6.7583118e-03, ..., 8.4721989e-17,
       1.0032752e-16, 5.6325315e-17], shape=(1025,), dtype=float32))",SV
1029,"(array([0.00000000e+00, 4.88281250e-01, 9.76562500e-01, ...,
       4.99023438e+02, 4.99511719e+02, 5.00000000e+02], shape=(1025,)), array([1.0554651e-02, 3.7670534e-03, 9.5114950e-03, ..., 2.0503256e-16,
       8.1985702e-17, 1.2981639e-16], shape=(1025,), dtype=float32))",SV
1030,"(array([0.00000000e+00, 4.88281250e-01, 9.76562500e-01, ...,
       4.99023438e+02, 4.99511719e+02, 5.00000000e+02], shape=(1025,)), array([4.4967951e-03, 1.7117785e-03, 2.5038742e-03, ..., 1.1308047e-16,
       9.4764643e-17, 3.1621431e-17], shape=(1025,), dtype=float32))",SV
1031,"(array([0.00000000e+00, 4.88281250e-01, 9.76562500e-01, ...,
       4.99023438e+02, 4.99511719e+02, 5.00000000e+02], shape=(1025,)), array([1.2917057e-02, 4.2528976e-03, 2.3658922e-02, ..., 2.3936407e-16,
       1.5269357e-16, 4.2564246e-17], shape=(1025,), dtype=float32))",SV
1032,"(array([0.00000000e+00, 4.88281250e-01, 9.76562500e-01, ...,
       4.99023438e+02, 4.99511719e+02, 5.00000000e+02], shape=(1025,)), array([2.8869624e-03, 1.2425781e-03, 2.6777226e-03, ..., 8.7116214e-17,
       8.8765757e-17, 3.3369320e-17], shape=(1025,), dtype=float32))",SV
1033,"(array([0.00000000e+00, 4.88281250e-01, 9.76562500e-01, ...,
       4.99023438e+02, 4.99511719e+02, 5.00000000e+02], shape=(1025,)), array([1.5630336e-03, 7.8167458e-04, 4.2778724e-03, ..., 1.0993769e-16,
       1.3477397e-16, 3.1769460e-17], shape=(1025,), dtype=float32))",SV
1034,"(array([0.00000000e+00, 4.88281250e-01, 9.76562500e-01, ...,
       4.99023438e+02, 4.99511719e+02, 5.00000000e+02], shape=(1025,)), array([6.1919782e-03, 2.3343603e-03, 5.0437679e-03, ..., 5.3371126e-17,
       9.2744357e-17, 2.5102429e-17], shape=(1025,), dtype=float32))",SV
1035,"(array([0.00000000e+00, 4.88281250e-01, 9.76562500e-01, ...,
       4.99023438e+02, 4.99511719e+02, 5.00000000e+02], shape=(1025,)), array([5.0408202e-03, 2.0123872e-03, 2.5149437e-03, ..., 9.1926467e-17,
       8.2435655e-17, 4.0264088e-17], shape=(1025,), dtype=float32))",SV
1036,"(array([0.00000000e+00, 4.88281250e-01, 9.76562500e-01, ...,
       4.99023438e+02, 4.99511719e+02, 5.00000000e+02], shape=(1025,)), array([7.24210823e-03, 3.06017557e-03, 2.79504783e-03, ...,
       1.06118094e-16, 1.03831125e-16, 2.93611299e-17],
      shape=(1025,), dtype=float32))",SV
1037,"(array([0.00000000e+00, 4.88281250e-01, 9.76562500e-01, ...,
       4.99023438e+02, 4.99511719e+02, 5.00000000e+02], shape=(1025,)), array([2.26780795e-03, 9.17057449e-04, 6.51657907e-03, ...,
       1.15907287e-16, 1.04165425e-16, 2.73798090e-17],
      shape=(1025,), dtype=float32))",SV
1038,"(array([0.00000000e+00, 4.88281250e-01, 9.76562500e-01, ...,
       4.99023438e+02, 4.99511719e+02, 5.00000000e+02], shape=(1025,)), array([5.1959921e-03, 2.1078254e-03, 1.7728842e-03, ..., 1.2160074e-16,
       1.1256157e-16, 6.3630015e-17], shape=(1025,), dtype=float32))",SV
1039,"(array([0.00000000e+00, 4.88281250e-01, 9.76562500e-01, ...,
       4.99023438e+02, 4.99511719e+02, 5.00000000e+02], shape=(1025,)), array([4.6363743e-03, 2.0213481e-03, 3.1315756e-03, ..., 1.1529083e-16,
       2.1463315e-16, 5.6342402e-17], shape=(1025,), dtype=float32))",SV
1040,"(array([0.00000000e+00, 4.88281250e-01, 9.76562500e-01, ...,
       4.99023438e+02, 4.99511719e+02, 5.00000000e+02], shape=(1025,)), array([5.0161253e-03, 1.9997847e-03, 2.0377310e-03, ..., 7.4643998e-17,
       1.0888068e-16, 3.8538970e-17], shape=(1025,), dtype=float32))",SV
1041,"(array([0.00000000e+00, 4.88281250e-01, 9.76562500e-01, ...,
       4.99023438e+02, 4.99511719e+02, 5.00000000e+02], shape=(1025,)), array([7.7318391e-03, 2.6924403e-03, 3.2838697e-03, ..., 9.3052525e-17,
       6.6419804e-17, 2.6076007e-17], shape=(1025,), dtype=float32))",SV
1042,"(array([0.00000000e+00, 4.88281250e-01, 9.76562500e-01, ...,
       4.99023438e+02, 4.99511719e+02, 5.00000000e+02], shape=(1025,)), array([5.0392905e-03, 2.1776669e-03, 6.9322395e-03, ..., 1.3202472e-16,
       9.5946797e-17, 2.2227236e-17], shape=(1025,), dtype=float32))",SV
1043,"(array([0.00000000e+00, 4.88281250e-01, 9.76562500e-01, ...,
       4.99023438e+02, 4.99511719e+02, 5.00000000e+02], shape=(1025,)), array([2.8514983e-03, 1.1857697e-03, 1.2677043e-03, ..., 9.3537709e-17,
       1.0967050e-16, 1.2457273e-17], shape=(1025,), dtype=float32))",SV
1044,"(array([0.00000000e+00, 4.88281250e-01, 9.76562500e-01, ...,
       4.99023438e+02, 4.99511719e+02, 5.00000000e+02], shape=(1025,)), array([6.2382584e-03, 2.3725068e-03, 3.4552016e-03, ..., 9.2188373e-17,
       9.4413654e-17, 2.8535580e-17], shape=(1025,), dtype=float32))",SV
1045,"(array([0.00000000e+00, 4.88281250e-01, 9.76562500e-01, ...,
       4.99023438e+02, 4.99511719e+02, 5.00000000e+02], shape=(1025,)), array([1.6675347e-03, 6.1778363e-04, 3.0742863e-03, ..., 5.0378502e-17,
       7.6127331e-17, 3.3460415e-17], shape=(1025,), dtype=float32))",SV
1046,"(array([0.00000000e+00, 4.88281250e-01, 9.76562500e-01, ...,
       4.99023438e+02, 4.99511719e+02, 5.00000000e+02], shape=(1025,)), array([6.6083241e-03, 2.4216098e-03, 4.2672642e-03, ..., 1.0745820e-16,
       9.4346348e-17, 2.5597756e-17], shape=(1025,), dtype=float32))",SV
1047,"(array([0.00000000e+00, 4.88281250e-01, 9.76562500e-01, ...,
       4.99023438e+02, 4.99511719e+02, 5.00000000e+02], shape=(1025,)), array([6.6238451e-03, 2.2177759e-03, 3.2411483e-03, ..., 7.2242077e-17,
       5.1338260e-17, 3.0881283e-17], shape=(1025,), dtype=float32))",SV
1048,"(array([0.00000000e+00, 4.88281250e-01, 9.76562500e-01, ...,
       4.99023438e+02, 4.99511719e+02, 5.00000000e+02], shape=(1025,)), array([5.26667340e-03, 2.25582859e-03, 4.12275689e-03, ...,
       5.28579992e-17, 1.08004437e-16, 4.22283280e-17],
      shape=(1025,), dtype=float32))",SV
1049,"(array([0.00000000e+00, 4.88281250e-01, 9.76562500e-01, ...,
       4.99023438e+02, 4.99511719e+02, 5.00000000e+02], shape=(1025,)), array([3.5040574e-03, 1.8389026e-03, 9.0015046e-03, ..., 2.4812718e-16,
       2.2582880e-16, 4.2638262e-17], shape=(1025,), dtype=float32))",SV
1050,"(array([0.00000000e+00, 4.88281250e-01, 9.76562500e-01, ...,
       4.99023438e+02, 4.99511719e+02, 5.00000000e+02], shape=(1025,)), array([1.5411998e-02, 6.0223909e-03, 4.4748234e-03, ..., 1.1593593e-16,
       1.1160136e-16, 2.4504614e-17], shape=(1025,), dtype=float32))",SV
1051,"(array([0.00000000e+00, 4.88281250e-01, 9.76562500e-01, ...,
       4.99023438e+02, 4.99511719e+02, 5.00000000e+02], shape=(1025,)), array([3.7015309e-03, 1.4750049e-03, 2.6797652e-03, ..., 8.8522242e-17,
       1.0526822e-16, 1.0739272e-17], shape=(1025,), dtype=float32))",SV
1052,"(array([0.00000000e+00, 4.88281250e-01, 9.76562500e-01, ...,
       4.99023438e+02, 4.99511719e+02, 5.00000000e+02], shape=(1025,)), array([4.4655278e-03, 2.3902056e-03, 1.8385819e-03, ..., 1.0810813e-16,
       9.9104324e-17, 3.9102621e-17], shape=(1025,), dtype=float32))",SV
1053,"(array([0.00000000e+00, 4.88281250e-01, 9.76562500e-01, ...,
       4.99023438e+02, 4.99511719e+02, 5.00000000e+02], shape=(1025,)), array([3.4852626e-03, 1.3928880e-03, 1.5062081e-03, ..., 3.0775306e-16,
       3.3329897e-16, 9.2643838e-17], shape=(1025,), dtype=float32))",SV
1054,"(array([0.00000000e+00, 4.88281250e-01, 9.76562500e-01, ...,
       4.99023438e+02, 4.99511719e+02, 5.00000000e+02], shape=(1025,)), array([7.1210521e-03, 2.6563799e-03, 2.6234281e-03, ..., 1.1562853e-16,
       9.3311757e-17, 4.5775351e-17], shape=(1025,), dtype=float32))",SV
1055,"(array([0.00000000e+00, 4.88281250e-01, 9.76562500e-01, ...,
       4.99023438e+02, 4.99511719e+02, 5.00000000e+02], shape=(1025,)), array([4.8652953e-03, 2.0588385e-03, 1.6289379e-03, ..., 3.6394152e-16,
       4.7002885e-16, 1.9262085e-16], shape=(1025,), dtype=float32))",SV
1056,"(array([0.00000000e+00, 4.88281250e-01, 9.76562500e-01, ...,
       4.99023438e+02, 4.99511719e+02, 5.00000000e+02], shape=(1025,)), array([8.2690129e-03, 3.5709527e-03, 1.6804517e-03, ..., 3.9328547e-16,
       2.9101442e-16, 1.2357638e-16], shape=(1025,), dtype=float32))",SV
1057,"(array([0.00000000e+00, 4.88281250e-01, 9.76562500e-01, ...,
       4.99023438e+02, 4.99511719e+02, 5.00000000e+02], shape=(1025,)), array([2.3009628e-03, 9.9572132e-04, 1.4575564e-03, ..., 2.4745109e-16,
       1.9825546e-16, 5.8306631e-17], shape=(1025,), dtype=float32))",SV
1058,"(array([0.00000000e+00, 4.88281250e-01, 9.76562500e-01, ...,
       4.99023438e+02, 4.99511719e+02, 5.00000000e+02], shape=(1025,)), array([3.3787945e-03, 1.5766256e-03, 9.7814552e-04, ..., 3.3309348e-16,
       6.8779388e-16, 1.1113618e-16], shape=(1025,), dtype=float32))",SV
1059,"(array([0.00000000e+00, 4.88281250e-01, 9.76562500e-01, ...,
       4.99023438e+02, 4.99511719e+02, 5.00000000e+02], shape=(1025,)), array([2.8420165e-03, 1.0829732e-03, 1.0737280e-03, ..., 2.2671340e-16,
       1.9744413e-16, 5.5642104e-17], shape=(1025,), dtype=float32))",SV
1060,"(array([0.00000000e+00, 4.88281250e-01, 9.76562500e-01, ...,
       4.99023438e+02, 4.99511719e+02, 5.00000000e+02], shape=(1025,)), array([2.2135654e-03, 8.7857165e-04, 2.1818813e-03, ..., 1.7646282e-16,
       2.0711564e-16, 3.1815007e-17], shape=(1025,), dtype=float32))",SV
1061,"(array([0.00000000e+00, 4.88281250e-01, 9.76562500e-01, ...,
       4.99023438e+02, 4.99511719e+02, 5.00000000e+02], shape=(1025,)), array([7.1310485e-03, 3.1507453e-03, 1.6153131e-03, ..., 3.5644491e-16,
       2.9194806e-16, 1.9554158e-16], shape=(1025,), dtype=float32))",SV
1062,"(array([0.00000000e+00, 4.88281250e-01, 9.76562500e-01, ...,
       4.99023438e+02, 4.99511719e+02, 5.00000000e+02], shape=(1025,)), array([5.5692941e-03, 2.4120877e-03, 1.0694426e-03, ..., 1.8239812e-16,
       1.5180061e-16, 9.3486484e-17], shape=(1025,), dtype=float32))",SV
1063,"(array([0.00000000e+00, 4.88281250e-01, 9.76562500e-01, ...,
       4.99023438e+02, 4.99511719e+02, 5.00000000e+02], shape=(1025,)), array([5.3826720e-03, 2.5343995e-03, 2.0833798e-03, ..., 2.6700863e-16,
       3.8946472e-16, 1.2079795e-16], shape=(1025,), dtype=float32))",SV
1064,"(array([0.00000000e+00, 4.88281250e-01, 9.76562500e-01, ...,
       4.99023438e+02, 4.99511719e+02, 5.00000000e+02], shape=(1025,)), array([1.3387985e-02, 5.2576321e-03, 2.0917079e-03, ..., 2.1810868e-16,
       1.8644249e-16, 3.6893566e-17], shape=(1025,), dtype=float32))",SV
1065,"(array([0.00000000e+00, 4.88281250e-01, 9.76562500e-01, ...,
       4.99023438e+02, 4.99511719e+02, 5.00000000e+02], shape=(1025,)), array([7.0463503e-03, 3.1813101e-03, 2.3261579e-03, ..., 3.7974184e-16,
       3.3781683e-16, 8.2668907e-17], shape=(1025,), dtype=float32))",SV
1066,"(array([0.00000000e+00, 4.88281250e-01, 9.76562500e-01, ...,
       4.99023438e+02, 4.99511719e+02, 5.00000000e+02], shape=(1025,)), array([6.5217828e-03, 2.4910248e-03, 3.3982382e-03, ..., 2.0237373e-16,
       2.4418049e-16, 1.2252308e-16], shape=(1025,), dtype=float32))",SV
1067,"(array([0.00000000e+00, 4.88281250e-01, 9.76562500e-01, ...,
       4.99023438e+02, 4.99511719e+02, 5.00000000e+02], shape=(1025,)), array([1.2183263e-02, 5.3920704e-03, 1.6138932e-02, ..., 4.8042359e-16,
       3.7675189e-16, 2.2457250e-16], shape=(1025,), dtype=float32))",SV
1068,"(array([0.00000000e+00, 4.88281250e-01, 9.76562500e-01, ...,
       4.99023438e+02, 4.99511719e+02, 5.00000000e+02], shape=(1025,)), array([3.1560289e-03, 1.2852268e-03, 1.9591639e-03, ..., 1.5419805e-16,
       2.0688659e-16, 6.6710164e-17], shape=(1025,), dtype=float32))",SV
1069,"(array([0.00000000e+00, 4.88281250e-01, 9.76562500e-01, ...,
       4.99023438e+02, 4.99511719e+02, 5.00000000e+02], shape=(1025,)), array([6.3783173e-03, 3.2202536e-03, 3.2433032e-03, ..., 1.7284464e-16,
       1.2511039e-16, 9.7067653e-17], shape=(1025,), dtype=float32))",SV
1070,"(array([0.00000000e+00, 4.88281250e-01, 9.76562500e-01, ...,
       4.99023438e+02, 4.99511719e+02, 5.00000000e+02], shape=(1025,)), array([5.2594664e-03, 2.4673131e-03, 1.9346668e-03, ..., 3.4670557e-16,
       1.9988589e-16, 1.1919810e-16], shape=(1025,), dtype=float32))",SV
1071,"(array([0.00000000e+00, 4.88281250e-01, 9.76562500e-01, ...,
       4.99023438e+02, 4.99511719e+02, 5.00000000e+02], shape=(1025,)), array([5.2525159e-03, 2.5487496e-03, 3.3474169e-03, ..., 2.4320431e-16,
       4.8196217e-16, 8.5720608e-17], shape=(1025,), dtype=float32))",SV
1072,"(array([0.00000000e+00, 4.88281250e-01, 9.76562500e-01, ...,
       4.99023438e+02, 4.99511719e+02, 5.00000000e+02], shape=(1025,)), array([7.4514123e-03, 3.1025473e-03, 2.6385451e-03, ..., 2.7090935e-16,
       2.8990211e-16, 1.9129997e-16], shape=(1025,), dtype=float32))",SV
1073,"(array([0.00000000e+00, 4.88281250e-01, 9.76562500e-01, ...,
       4.99023438e+02, 4.99511719e+02, 5.00000000e+02], shape=(1025,)), array([8.8215927e-03, 4.1130329e-03, 1.8509533e-03, ..., 4.3587892e-16,
       2.7861172e-16, 1.1061237e-16], shape=(1025,), dtype=float32))",SV
1074,"(array([0.00000000e+00, 4.88281250e-01, 9.76562500e-01, ...,
       4.99023438e+02, 4.99511719e+02, 5.00000000e+02], shape=(1025,)), array([4.0927227e-03, 1.5821123e-03, 2.5368785e-03, ..., 1.2348242e-16,
       1.0059781e-16, 5.6160197e-17], shape=(1025,), dtype=float32))",SV
1075,"(array([0.00000000e+00, 4.88281250e-01, 9.76562500e-01, ...,
       4.99023438e+02, 4.99511719e+02, 5.00000000e+02], shape=(1025,)), array([2.39068381e-02, 9.06445179e-03, 1.13094505e-02, ...,
       5.20760038e-16, 5.38194147e-16, 7.30128239e-17],
      shape=(1025,), dtype=float32))",SV
1076,"(array([0.00000000e+00, 4.88281250e-01, 9.76562500e-01, ...,
       4.99023438e+02, 4.99511719e+02, 5.00000000e+02], shape=(1025,)), array([2.5622984e-03, 9.4369549e-04, 3.2343396e-03, ..., 2.4704044e-16,
       2.4379721e-16, 4.6572426e-17], shape=(1025,), dtype=float32))",SV
1077,"(array([0.00000000e+00, 4.88281250e-01, 9.76562500e-01, ...,
       4.99023438e+02, 4.99511719e+02, 5.00000000e+02], shape=(1025,)), array([8.9919735e-03, 3.5379729e-03, 3.5332418e-03, ..., 1.1495931e-16,
       1.2686358e-16, 5.2698578e-17], shape=(1025,), dtype=float32))",SV
1078,"(array([0.00000000e+00, 4.88281250e-01, 9.76562500e-01, ...,
       4.99023438e+02, 4.99511719e+02, 5.00000000e+02], shape=(1025,)), array([1.6120816e-02, 6.0372301e-03, 1.0688803e-02, ..., 5.9645376e-16,
       8.7787421e-16, 1.6727360e-16], shape=(1025,), dtype=float32))",SV
1079,"(array([0.00000000e+00, 4.88281250e-01, 9.76562500e-01, ...,
       4.99023438e+02, 4.99511719e+02, 5.00000000e+02], shape=(1025,)), array([3.5209379e-03, 1.7649492e-03, 2.1155800e-03, ..., 2.3249371e-16,
       1.3710642e-16, 6.8321419e-17], shape=(1025,), dtype=float32))",SV
1080,"(array([0.00000000e+00, 4.88281250e-01, 9.76562500e-01, ...,
       4.99023438e+02, 4.99511719e+02, 5.00000000e+02], shape=(1025,)), array([3.4208200e-03, 1.1345336e-03, 2.1933392e-03, ..., 2.0218904e-16,
       1.4448634e-16, 5.9735695e-17], shape=(1025,), dtype=float32))",SV
1081,"(array([0.00000000e+00, 4.88281250e-01, 9.76562500e-01, ...,
       4.99023438e+02, 4.99511719e+02, 5.00000000e+02], shape=(1025,)), array([5.3292271e-03, 2.4686020e-03, 1.7957756e-03, ..., 2.8292171e-16,
       2.5362440e-16, 1.4040050e-16], shape=(1025,), dtype=float32))",SV
1082,"(array([0.00000000e+00, 4.88281250e-01, 9.76562500e-01, ...,
       4.99023438e+02, 4.99511719e+02, 5.00000000e+02], shape=(1025,)), array([5.8788424e-03, 2.2280971e-03, 1.2750668e-03, ..., 1.6424253e-16,
       1.6630262e-16, 4.9646897e-17], shape=(1025,), dtype=float32))",SV
1083,"(array([0.00000000e+00, 4.88281250e-01, 9.76562500e-01, ...,
       4.99023438e+02, 4.99511719e+02, 5.00000000e+02], shape=(1025,)), array([3.9537959e-03, 1.6347398e-03, 1.4831249e-03, ..., 3.6462466e-16,
       4.2696776e-16, 1.9353178e-16], shape=(1025,), dtype=float32))",SV
1084,"(array([0.00000000e+00, 4.88281250e-01, 9.76562500e-01, ...,
       4.99023438e+02, 4.99511719e+02, 5.00000000e+02], shape=(1025,)), array([5.9210202e-03, 2.7815884e-03, 1.8990884e-03, ..., 3.4096221e-16,
       3.0285067e-16, 5.9257446e-17], shape=(1025,), dtype=float32))",SV
1085,"(array([0.00000000e+00, 4.88281250e-01, 9.76562500e-01, ...,
       4.99023438e+02, 4.99511719e+02, 5.00000000e+02], shape=(1025,)), array([8.2513113e-03, 3.7285646e-03, 1.1683970e-03, ..., 2.3340019e-16,
       1.2670733e-16, 4.7938859e-17], shape=(1025,), dtype=float32))",SV
1086,"(array([0.00000000e+00, 4.88281250e-01, 9.76562500e-01, ...,
       4.99023438e+02, 4.99511719e+02, 5.00000000e+02], shape=(1025,)), array([2.2466970e-03, 1.0009940e-03, 6.1263400e-04, ..., 1.1389394e-16,
       1.5176483e-16, 6.7871632e-17], shape=(1025,), dtype=float32))",SV
1087,"(array([0.00000000e+00, 4.88281250e-01, 9.76562500e-01, ...,
       4.99023438e+02, 4.99511719e+02, 5.00000000e+02], shape=(1025,)), array([5.3296741e-03, 2.2966529e-03, 1.1126130e-03, ..., 3.1198068e-16,
       2.2536479e-16, 1.9084448e-16], shape=(1025,), dtype=float32))",SV
1088,"(array([0.00000000e+00, 4.88281250e-01, 9.76562500e-01, ...,
       4.99023438e+02, 4.99511719e+02, 5.00000000e+02], shape=(1025,)), array([5.07929455e-03, 2.09522457e-03, 1.32944516e-03, ...,
       1.89891009e-16, 1.83559187e-16, 1.04395117e-16],
      shape=(1025,), dtype=float32))",SV
1089,"(array([0.00000000e+00, 4.88281250e-01, 9.76562500e-01, ...,
       4.99023438e+02, 4.99511719e+02, 5.00000000e+02], shape=(1025,)), array([4.7236653e-03, 2.0587272e-03, 2.5126026e-03, ..., 2.2190218e-16,
       2.7681569e-16, 5.2243110e-17], shape=(1025,), dtype=float32))",SV
1090,"(array([0.00000000e+00, 4.88281250e-01, 9.76562500e-01, ...,
       4.99023438e+02, 4.99511719e+02, 5.00000000e+02], shape=(1025,)), array([3.1338334e-03, 1.1861705e-03, 3.1153248e-03, ..., 1.6993385e-16,
       1.7716621e-16, 5.1929969e-17], shape=(1025,), dtype=float32))",SV
1091,"(array([0.00000000e+00, 4.88281250e-01, 9.76562500e-01, ...,
       4.99023438e+02, 4.99511719e+02, 5.00000000e+02], shape=(1025,)), array([6.8750833e-03, 2.9946242e-03, 2.3393056e-03, ..., 2.3670828e-16,
       1.5114977e-16, 1.5467968e-16], shape=(1025,), dtype=float32))",SV
1092,"(array([0.00000000e+00, 4.88281250e-01, 9.76562500e-01, ...,
       4.99023438e+02, 4.99511719e+02, 5.00000000e+02], shape=(1025,)), array([3.9610984e-03, 1.7156482e-03, 3.4269451e-03, ..., 1.7286776e-16,
       2.1770589e-16, 7.9987300e-17], shape=(1025,), dtype=float32))",SV
1093,"(array([0.00000000e+00, 4.88281250e-01, 9.76562500e-01, ...,
       4.99023438e+02, 4.99511719e+02, 5.00000000e+02], shape=(1025,)), array([9.7140372e-03, 3.5469558e-03, 9.9387923e-03, ..., 3.3689806e-16,
       3.7920561e-16, 1.1569094e-16], shape=(1025,), dtype=float32))",SV
1094,"(array([0.00000000e+00, 4.88281250e-01, 9.76562500e-01, ...,
       4.99023438e+02, 4.99511719e+02, 5.00000000e+02], shape=(1025,)), array([6.5787877e-03, 2.7935568e-03, 2.2469501e-03, ..., 2.4631933e-16,
       1.6177223e-16, 1.2199927e-16], shape=(1025,), dtype=float32))",SV
1095,"(array([0.00000000e+00, 4.88281250e-01, 9.76562500e-01, ...,
       4.99023438e+02, 4.99511719e+02, 5.00000000e+02], shape=(1025,)), array([3.7040547e-03, 1.8002073e-03, 2.4706710e-03, ..., 3.4138448e-16,
       4.8842223e-16, 2.1975014e-16], shape=(1025,), dtype=float32))",SV
1096,"(array([0.00000000e+00, 4.88281250e-01, 9.76562500e-01, ...,
       4.99023438e+02, 4.99511719e+02, 5.00000000e+02], shape=(1025,)), array([8.1851669e-03, 3.3957609e-03, 1.9803413e-03, ..., 2.4532938e-16,
       3.5098909e-16, 5.7936564e-17], shape=(1025,), dtype=float32))",SV
1097,"(array([0.00000000e+00, 4.88281250e-01, 9.76562500e-01, ...,
       4.99023438e+02, 4.99511719e+02, 5.00000000e+02], shape=(1025,)), array([2.1950129e-02, 7.8376364e-03, 6.0066162e-03, ..., 2.4850848e-16,
       2.1141964e-16, 1.2575696e-16], shape=(1025,), dtype=float32))",SV
1098,"(array([0.00000000e+00, 4.88281250e-01, 9.76562500e-01, ...,
       4.99023438e+02, 4.99511719e+02, 5.00000000e+02], shape=(1025,)), array([5.7959938e-03, 2.3801620e-03, 2.0442533e-03, ..., 2.1665361e-16,
       2.1913358e-16, 6.8230324e-17], shape=(1025,), dtype=float32))",SV
1099,"(array([0.00000000e+00, 4.88281250e-01, 9.76562500e-01, ...,
       4.99023438e+02, 4.99511719e+02, 5.00000000e+02], shape=(1025,)), array([1.8800923e-03, 8.3417108e-04, 2.3777520e-03, ..., 3.2141991e-16,
       3.0488872e-16, 6.5275423e-17], shape=(1025,), dtype=float32))",SV
1100,"(array([0.00000000e+00, 4.88281250e-01, 9.76562500e-01, ...,
       4.99023438e+02, 4.99511719e+02, 5.00000000e+02], shape=(1025,)), array([6.5378966e-03, 2.3840331e-03, 3.0519154e-03, ..., 3.3765015e-16,
       3.0228584e-16, 1.9305355e-16], shape=(1025,), dtype=float32))",SV
1101,"(array([0.00000000e+00, 4.88281250e-01, 9.76562500e-01, ...,
       4.99023438e+02, 4.99511719e+02, 5.00000000e+02], shape=(1025,)), array([1.2272108e-02, 5.0150580e-03, 1.9815925e-03, ..., 1.3029250e-16,
       3.3507014e-16, 4.8872587e-17], shape=(1025,), dtype=float32))",SV
1102,"(array([0.00000000e+00, 4.88281250e-01, 9.76562500e-01, ...,
       4.99023438e+02, 4.99511719e+02, 5.00000000e+02], shape=(1025,)), array([7.1847183e-03, 3.3724196e-03, 2.4607864e-03, ..., 1.7628991e-16,
       2.8709973e-16, 9.8200652e-17], shape=(1025,), dtype=float32))",SV
1103,"(array([0.00000000e+00, 4.88281250e-01, 9.76562500e-01, ...,
       4.99023438e+02, 4.99511719e+02, 5.00000000e+02], shape=(1025,)), array([6.3641863e-03, 2.2814020e-03, 7.5349631e-03, ..., 3.7442694e-16,
       1.8789048e-16, 9.4306326e-17], shape=(1025,), dtype=float32))",SV
1104,"(array([0.00000000e+00, 4.88281250e-01, 9.76562500e-01, ...,
       4.99023438e+02, 4.99511719e+02, 5.00000000e+02], shape=(1025,)), array([8.6625386e-03, 3.4008545e-03, 2.1145835e-03, ..., 2.1785208e-16,
       2.1752625e-16, 1.0186722e-16], shape=(1025,), dtype=float32))",SV
1105,"(array([0.00000000e+00, 4.88281250e-01, 9.76562500e-01, ...,
       4.99023438e+02, 4.99511719e+02, 5.00000000e+02], shape=(1025,)), array([6.7753079e-03, 2.7612676e-03, 2.7638490e-03, ..., 2.4140759e-16,
       4.7301745e-16, 8.1285404e-17], shape=(1025,), dtype=float32))",SV
1106,"(array([0.00000000e+00, 4.88281250e-01, 9.76562500e-01, ...,
       4.99023438e+02, 4.99511719e+02, 5.00000000e+02], shape=(1025,)), array([5.5548921e-03, 2.3453226e-03, 3.1350164e-03, ..., 2.2017856e-16,
       2.2572327e-16, 7.0621571e-17], shape=(1025,), dtype=float32))",SV
1107,"(array([0.00000000e+00, 4.88281250e-01, 9.76562500e-01, ...,
       4.99023438e+02, 4.99511719e+02, 5.00000000e+02], shape=(1025,)), array([2.1952847e-03, 8.8831759e-04, 3.5186012e-03, ..., 4.9144735e-16,
       2.3960511e-16, 1.2031402e-16], shape=(1025,), dtype=float32))",SV
1108,"(array([0.00000000e+00, 4.88281250e-01, 9.76562500e-01, ...,
       4.99023438e+02, 4.99511719e+02, 5.00000000e+02], shape=(1025,)), array([5.2754153e-03, 2.1938696e-03, 1.3669349e-03, ..., 3.9396694e-16,
       1.2889206e-16, 5.6274070e-17], shape=(1025,), dtype=float32))",SV
1109,"(array([0.00000000e+00, 4.88281250e-01, 9.76562500e-01, ...,
       4.99023438e+02, 4.99511719e+02, 5.00000000e+02], shape=(1025,)), array([3.2608679e-03, 1.3750470e-03, 1.1801085e-03, ..., 2.4278458e-16,
       1.7225594e-16, 8.7508357e-17], shape=(1025,), dtype=float32))",SV
1110,"(array([0.00000000e+00, 4.88281250e-01, 9.76562500e-01, ...,
       4.99023438e+02, 4.99511719e+02, 5.00000000e+02], shape=(1025,)), array([2.3780696e-03, 1.1037798e-03, 9.0330106e-04, ..., 2.0802874e-16,
       1.8355590e-16, 1.2334862e-16], shape=(1025,), dtype=float32))",SV
1111,"(array([0.00000000e+00, 4.88281250e-01, 9.76562500e-01, ...,
       4.99023438e+02, 4.99511719e+02, 5.00000000e+02], shape=(1025,)), array([1.0548966e-02, 4.6474892e-03, 8.9000980e-04, ..., 3.3483046e-16,
       4.1882735e-16, 7.9252843e-17], shape=(1025,), dtype=float32))",SV
1112,"(array([0.00000000e+00, 4.88281250e-01, 9.76562500e-01, ...,
       4.99023438e+02, 4.99511719e+02, 5.00000000e+02], shape=(1025,)), array([1.0503382e-02, 4.8352825e-03, 3.1537784e-03, ..., 3.0954729e-16,
       1.8972244e-16, 1.0366636e-16], shape=(1025,), dtype=float32))",SV
1113,"(array([0.00000000e+00, 4.88281250e-01, 9.76562500e-01, ...,
       4.99023438e+02, 4.99511719e+02, 5.00000000e+02], shape=(1025,)), array([3.9388621e-03, 1.6131632e-03, 1.2080905e-03, ..., 1.7051387e-16,
       1.1808210e-16, 6.9055876e-17], shape=(1025,), dtype=float32))",SV
1114,"(array([0.00000000e+00, 4.88281250e-01, 9.76562500e-01, ...,
       4.99023438e+02, 4.99511719e+02, 5.00000000e+02], shape=(1025,)), array([3.2947792e-03, 1.3647266e-03, 1.4679283e-03, ..., 9.8189972e-17,
       1.5611205e-16, 9.7978617e-17], shape=(1025,), dtype=float32))",SV
1115,"(array([0.00000000e+00, 4.88281250e-01, 9.76562500e-01, ...,
       4.99023438e+02, 4.99511719e+02, 5.00000000e+02], shape=(1025,)), array([2.4324371e-03, 9.2625892e-04, 1.2829452e-03, ..., 1.7808848e-16,
       1.5299269e-16, 7.6907137e-17], shape=(1025,), dtype=float32))",SV
1116,"(array([0.00000000e+00, 4.88281250e-01, 9.76562500e-01, ...,
       4.99023438e+02, 4.99511719e+02, 5.00000000e+02], shape=(1025,)), array([5.0340267e-03, 2.2298200e-03, 3.1833814e-03, ..., 3.8722307e-16,
       1.2080731e-16, 7.7840859e-17], shape=(1025,), dtype=float32))",SV
1117,"(array([0.00000000e+00, 4.88281250e-01, 9.76562500e-01, ...,
       4.99023438e+02, 4.99511719e+02, 5.00000000e+02], shape=(1025,)), array([9.28658713e-03, 3.89219495e-03, 2.91474210e-03, ...,
       2.29450532e-16, 2.76776592e-16, 1.10953984e-16],
      shape=(1025,), dtype=float32))",SV
1118,"(array([0.00000000e+00, 4.88281250e-01, 9.76562500e-01, ...,
       4.99023438e+02, 4.99511719e+02, 5.00000000e+02], shape=(1025,)), array([4.4692168e-03, 1.7314760e-03, 1.8395515e-03, ..., 3.2773372e-16,
       2.7195851e-16, 2.5764005e-16], shape=(1025,), dtype=float32))",SV
1119,"(array([0.00000000e+00, 4.88281250e-01, 9.76562500e-01, ...,
       4.99023438e+02, 4.99511719e+02, 5.00000000e+02], shape=(1025,)), array([1.0093183e-02, 4.0902118e-03, 2.2996862e-03, ..., 9.3796941e-17,
       3.6722708e-16, 5.2954786e-17], shape=(1025,), dtype=float32))",SV
1120,"(array([0.00000000e+00, 4.88281250e-01, 9.76562500e-01, ...,
       4.99023438e+02, 4.99511719e+02, 5.00000000e+02], shape=(1025,)), array([1.9862903e-03, 9.7045361e-04, 2.0338367e-03, ..., 2.6987266e-16,
       1.4502021e-16, 8.3147176e-17], shape=(1025,), dtype=float32))",SV
1121,"(array([0.00000000e+00, 4.88281250e-01, 9.76562500e-01, ...,
       4.99023438e+02, 4.99511719e+02, 5.00000000e+02], shape=(1025,)), array([1.6727329e-03, 6.9742487e-04, 6.7521911e-03, ..., 1.4061031e-15,
       6.9726794e-16, 3.0352928e-16], shape=(1025,), dtype=float32))",SV
1122,"(array([0.00000000e+00, 4.88281250e-01, 9.76562500e-01, ...,
       4.99023438e+02, 4.99511719e+02, 5.00000000e+02], shape=(1025,)), array([1.4185418e-02, 5.2060913e-03, 2.2578357e-02, ..., 2.4802742e-16,
       3.1109958e-16, 7.5996186e-17], shape=(1025,), dtype=float32))",SV
1123,"(array([0.00000000e+00, 4.88281250e-01, 9.76562500e-01, ...,
       4.99023438e+02, 4.99511719e+02, 5.00000000e+02], shape=(1025,)), array([6.8605575e-03, 2.9437393e-03, 1.9142508e-03, ..., 2.4601196e-16,
       2.6873020e-16, 1.7510777e-16], shape=(1025,), dtype=float32))",SV
1124,"(array([0.00000000e+00, 4.88281250e-01, 9.76562500e-01, ...,
       4.99023438e+02, 4.99511719e+02, 5.00000000e+02], shape=(1025,)), array([2.1439248e-03, 1.0274907e-03, 1.4817244e-03, ..., 2.7361721e-16,
       2.1519085e-16, 1.1109062e-16], shape=(1025,), dtype=float32))",SV
1125,"(array([0.00000000e+00, 4.88281250e-01, 9.76562500e-01, ...,
       4.99023438e+02, 4.99511719e+02, 5.00000000e+02], shape=(1025,)), array([4.2848433e-03, 1.5690798e-03, 4.8346845e-03, ..., 1.6454073e-16,
       2.1926594e-16, 7.4141542e-17], shape=(1025,), dtype=float32))",SV
1126,"(array([0.00000000e+00, 4.88281250e-01, 9.76562500e-01, ...,
       4.99023438e+02, 4.99511719e+02, 5.00000000e+02], shape=(1025,)), array([2.9076720e-03, 1.4731381e-03, 3.9077173e-03, ..., 2.1834334e-16,
       2.2696764e-16, 1.1801384e-16], shape=(1025,), dtype=float32))",SV
1127,"(array([0.00000000e+00, 4.88281250e-01, 9.76562500e-01, ...,
       4.99023438e+02, 4.99511719e+02, 5.00000000e+02], shape=(1025,)), array([2.5695297e-03, 1.0495485e-03, 1.9082914e-03, ..., 1.5099033e-16,
       2.8791695e-16, 5.6615682e-17], shape=(1025,), dtype=float32))",SV
1128,"(array([0.00000000e+00, 4.88281250e-01, 9.76562500e-01, ...,
       4.99023438e+02, 4.99511719e+02, 5.00000000e+02], shape=(1025,)), array([6.5406612e-03, 2.8213225e-03, 2.7521560e-03, ..., 3.9166107e-16,
       2.9199023e-16, 5.7230569e-17], shape=(1025,), dtype=float32))",SV
1129,"(array([0.00000000e+00, 4.88281250e-01, 9.76562500e-01, ...,
       4.99023438e+02, 4.99511719e+02, 5.00000000e+02], shape=(1025,)), array([8.2907435e-03, 3.2326786e-03, 4.8084315e-03, ..., 4.7001715e-16,
       2.6262487e-16, 2.0787930e-16], shape=(1025,), dtype=float32))",SV
1130,"(array([0.00000000e+00, 4.88281250e-01, 9.76562500e-01, ...,
       4.99023438e+02, 4.99511719e+02, 5.00000000e+02], shape=(1025,)), array([1.1456571e-02, 4.5370255e-03, 6.3830470e-03, ..., 1.4667843e-16,
       3.0841428e-16, 5.5955248e-17], shape=(1025,), dtype=float32))",SV
1131,"(array([0.00000000e+00, 4.88281250e-01, 9.76562500e-01, ...,
       4.99023438e+02, 4.99511719e+02, 5.00000000e+02], shape=(1025,)), array([3.7587520e-03, 1.6074495e-03, 4.2338520e-03, ..., 1.6095456e-16,
       3.2321192e-16, 5.9809711e-17], shape=(1025,), dtype=float32))",SV
1132,"(array([0.00000000e+00, 4.88281250e-01, 9.76562500e-01, ...,
       4.99023438e+02, 4.99511719e+02, 5.00000000e+02], shape=(1025,)), array([8.1780488e-03, 4.0151216e-03, 3.7501601e-03, ..., 3.4203977e-16,
       3.0409875e-16, 1.3513975e-16], shape=(1025,), dtype=float32))",SV
1133,"(array([0.00000000e+00, 4.88281250e-01, 9.76562500e-01, ...,
       4.99023438e+02, 4.99511719e+02, 5.00000000e+02], shape=(1025,)), array([9.4918255e-03, 4.1393121e-03, 3.1255665e-03, ..., 1.9465058e-16,
       2.7950054e-16, 6.9255141e-17], shape=(1025,), dtype=float32))",SV
1134,"(array([0.00000000e+00, 4.88281250e-01, 9.76562500e-01, ...,
       4.99023438e+02, 4.99511719e+02, 5.00000000e+02], shape=(1025,)), array([9.8167397e-03, 3.6946300e-03, 6.8259565e-03, ..., 1.5999738e-16,
       1.8617497e-16, 1.1505327e-16], shape=(1025,), dtype=float32))",SV
1135,"(array([0.00000000e+00, 4.88281250e-01, 9.76562500e-01, ...,
       4.99023438e+02, 4.99511719e+02, 5.00000000e+02], shape=(1025,)), array([4.2306157e-03, 1.9562386e-03, 2.1785919e-03, ..., 1.5394122e-16,
       2.2622360e-16, 4.5479293e-17], shape=(1025,), dtype=float32))",SV
1136,"(array([0.00000000e+00, 4.88281250e-01, 9.76562500e-01, ...,
       4.99023438e+02, 4.99511719e+02, 5.00000000e+02], shape=(1025,)), array([7.1058520e-03, 2.8441895e-03, 3.9241840e-03, ..., 1.8348853e-16,
       1.7045421e-16, 5.6114656e-17], shape=(1025,), dtype=float32))",SV
1137,"(array([0.00000000e+00, 4.88281250e-01, 9.76562500e-01, ...,
       4.99023438e+02, 4.99511719e+02, 5.00000000e+02], shape=(1025,)), array([1.9813741e-03, 1.0347657e-03, 2.7550373e-03, ..., 1.3784982e-16,
       1.2459560e-16, 5.6422102e-17], shape=(1025,), dtype=float32))",SV
1138,"(array([0.00000000e+00, 4.88281250e-01, 9.76562500e-01, ...,
       4.99023438e+02, 4.99511719e+02, 5.00000000e+02], shape=(1025,)), array([1.42144505e-02, 6.02792669e-03, 3.40830162e-03, ...,
       2.31720633e-16, 2.54166265e-16, 1.66117825e-16],
      shape=(1025,), dtype=float32))",SV
1139,"(array([0.00000000e+00, 4.88281250e-01, 9.76562500e-01, ...,
       4.99023438e+02, 4.99511719e+02, 5.00000000e+02], shape=(1025,)), array([8.61754548e-03, 3.44827422e-03, 1.72697543e-03, ...,
       1.96856783e-16, 1.57897794e-16, 1.02755406e-16],
      shape=(1025,), dtype=float32))",SV
1140,"(array([0.00000000e+00, 4.88281250e-01, 9.76562500e-01, ...,
       4.99023438e+02, 4.99511719e+02, 5.00000000e+02], shape=(1025,)), array([4.3961960e-03, 1.7101092e-03, 2.6717298e-03, ..., 1.4057293e-16,
       1.0577775e-16, 8.5697824e-17], shape=(1025,), dtype=float32))",SV
1141,"(array([0.00000000e+00, 4.88281250e-01, 9.76562500e-01, ...,
       4.99023438e+02, 4.99511719e+02, 5.00000000e+02], shape=(1025,)), array([3.9241272e-03, 1.7761174e-03, 2.8991005e-03, ..., 1.6814148e-16,
       1.2847624e-16, 5.9530733e-17], shape=(1025,), dtype=float32))",SV
1142,"(array([0.00000000e+00, 4.88281250e-01, 9.76562500e-01, ...,
       4.99023438e+02, 4.99511719e+02, 5.00000000e+02], shape=(1025,)), array([2.83911289e-03, 1.16773380e-03, 2.79627345e-03, ...,
       9.93727870e-17, 8.64628072e-17, 1.05949435e-16],
      shape=(1025,), dtype=float32))",SV
1143,"(array([0.00000000e+00, 4.88281250e-01, 9.76562500e-01, ...,
       4.99023438e+02, 4.99511719e+02, 5.00000000e+02], shape=(1025,)), array([3.0924184e-03, 1.6863111e-03, 4.3670554e-03, ..., 8.8296898e-17,
       3.4478820e-16, 6.5884612e-17], shape=(1025,), dtype=float32))",SV
1144,"(array([0.00000000e+00, 4.88281250e-01, 9.76562500e-01, ...,
       4.99023438e+02, 4.99511719e+02, 5.00000000e+02], shape=(1025,)), array([9.7377906e-03, 4.1728239e-03, 3.7536738e-03, ..., 1.5453734e-16,
       2.8050512e-16, 1.5974116e-16], shape=(1025,), dtype=float32))",SV
1145,"(array([0.00000000e+00, 4.88281250e-01, 9.76562500e-01, ...,
       4.99023438e+02, 4.99511719e+02, 5.00000000e+02], shape=(1025,)), array([4.0360996e-03, 1.8510056e-03, 5.0068423e-03, ..., 1.1646880e-16,
       1.5199611e-16, 8.8202950e-17], shape=(1025,), dtype=float32))",SV
1146,"(array([0.00000000e+00, 4.88281250e-01, 9.76562500e-01, ...,
       4.99023438e+02, 4.99511719e+02, 5.00000000e+02], shape=(1025,)), array([3.2709562e-03, 1.3124776e-03, 2.5211545e-03, ..., 7.8308361e-17,
       1.6849150e-16, 4.3110817e-17], shape=(1025,), dtype=float32))",SV
1147,"(array([0.00000000e+00, 4.88281250e-01, 9.76562500e-01, ...,
       4.99023438e+02, 4.99511719e+02, 5.00000000e+02], shape=(1025,)), array([4.6891966e-03, 2.0885335e-03, 1.7150511e-03, ..., 2.0642069e-16,
       1.2416937e-16, 1.5750365e-16], shape=(1025,), dtype=float32))",SV
1148,"(array([0.00000000e+00, 4.88281250e-01, 9.76562500e-01, ...,
       4.99023438e+02, 4.99511719e+02, 5.00000000e+02], shape=(1025,)), array([2.4167825e-03, 1.0771297e-03, 2.5537433e-03, ..., 1.2047201e-16,
       1.7973155e-16, 9.2383356e-17], shape=(1025,), dtype=float32))",SV
1149,"(array([0.00000000e+00, 4.88281250e-01, 9.76562500e-01, ...,
       4.99023438e+02, 4.99511719e+02, 5.00000000e+02], shape=(1025,)), array([4.1782572e-03, 1.8778511e-03, 4.7242418e-03, ..., 1.3233430e-16,
       2.3202649e-16, 2.9150473e-17], shape=(1025,), dtype=float32))",SV
1150,"(array([0.00000000e+00, 4.88281250e-01, 9.76562500e-01, ...,
       4.99023438e+02, 4.99511719e+02, 5.00000000e+02], shape=(1025,)), array([6.5197614e-03, 2.7917414e-03, 1.6926751e-03, ..., 2.5502267e-16,
       1.2388613e-16, 8.3443221e-17], shape=(1025,), dtype=float32))",SV
1151,"(array([0.00000000e+00, 4.88281250e-01, 9.76562500e-01, ...,
       4.99023438e+02, 4.99511719e+02, 5.00000000e+02], shape=(1025,)), array([3.8892243e-03, 1.4896846e-03, 4.1203494e-03, ..., 2.8393529e-16,
       1.7209168e-16, 3.8191670e-17], shape=(1025,), dtype=float32))",SV
1152,"(array([0.00000000e+00, 4.88281250e-01, 9.76562500e-01, ...,
       4.99023438e+02, 4.99511719e+02, 5.00000000e+02], shape=(1025,)), array([3.8106963e-03, 1.8176407e-03, 2.5922160e-03, ..., 1.3933460e-16,
       1.4765992e-16, 5.7617722e-17], shape=(1025,), dtype=float32))",SV
1153,"(array([0.00000000e+00, 4.88281250e-01, 9.76562500e-01, ...,
       4.99023438e+02, 4.99511719e+02, 5.00000000e+02], shape=(1025,)), array([3.6513694e-03, 1.5389601e-03, 2.6917956e-03, ..., 1.3159882e-16,
       1.4697164e-16, 5.8466052e-17], shape=(1025,), dtype=float32))",SV
1154,"(array([0.00000000e+00, 4.88281250e-01, 9.76562500e-01, ...,
       4.99023438e+02, 4.99511719e+02, 5.00000000e+02], shape=(1025,)), array([1.7578196e-02, 7.4299234e-03, 2.8524441e-03, ..., 1.3755770e-16,
       2.7711562e-16, 1.1799108e-16], shape=(1025,), dtype=float32))",SV
1155,"(array([0.00000000e+00, 4.88281250e-01, 9.76562500e-01, ...,
       4.99023438e+02, 4.99511719e+02, 5.00000000e+02], shape=(1025,)), array([5.8530387e-03, 2.5995360e-03, 2.1631725e-03, ..., 2.3759057e-16,
       1.4735861e-16, 5.6570141e-17], shape=(1025,), dtype=float32))",SV
1156,"(array([0.00000000e+00, 4.88281250e-01, 9.76562500e-01, ...,
       4.99023438e+02, 4.99511719e+02, 5.00000000e+02], shape=(1025,)), array([9.6178139e-03, 3.8809089e-03, 3.9547947e-03, ..., 1.9073387e-16,
       2.4679620e-16, 5.7686054e-17], shape=(1025,), dtype=float32))",SV
1157,"(array([0.00000000e+00, 4.88281250e-01, 9.76562500e-01, ...,
       4.99023438e+02, 4.99511719e+02, 5.00000000e+02], shape=(1025,)), array([1.2621866e-02, 5.8069304e-03, 2.6901946e-03, ..., 1.9349194e-16,
       2.6840822e-16, 5.2493620e-17], shape=(1025,), dtype=float32))",SV
1158,"(array([0.00000000e+00, 4.88281250e-01, 9.76562500e-01, ...,
       4.99023438e+02, 4.99511719e+02, 5.00000000e+02], shape=(1025,)), array([9.33099445e-03, 4.56738099e-03, 2.65502697e-03, ...,
       8.30048746e-17, 1.04976744e-16, 3.56410090e-17],
      shape=(1025,), dtype=float32))",SV
1159,"(array([0.00000000e+00, 4.88281250e-01, 9.76562500e-01, ...,
       4.99023438e+02, 4.99511719e+02, 5.00000000e+02], shape=(1025,)), array([1.6938824e-02, 7.7511976e-03, 5.9521198e-03, ..., 3.5465717e-16,
       2.6753030e-16, 1.5199237e-16], shape=(1025,), dtype=float32))",SV
1160,"(array([0.00000000e+00, 4.88281250e-01, 9.76562500e-01, ...,
       4.99023438e+02, 4.99511719e+02, 5.00000000e+02], shape=(1025,)), array([4.4242833e-03, 1.5846727e-03, 3.3787074e-03, ..., 2.5381636e-16,
       1.6688165e-16, 3.7895612e-17], shape=(1025,), dtype=float32))",SV
1161,"(array([0.00000000e+00, 4.88281250e-01, 9.76562500e-01, ...,
       4.99023438e+02, 4.99511719e+02, 5.00000000e+02], shape=(1025,)), array([4.9273819e-03, 2.2162176e-03, 2.3626774e-03, ..., 1.2537620e-16,
       2.5651583e-16, 9.4374651e-17], shape=(1025,), dtype=float32))",SV
1162,"(array([0.00000000e+00, 4.88281250e-01, 9.76562500e-01, ...,
       4.99023438e+02, 4.99511719e+02, 5.00000000e+02], shape=(1025,)), array([3.6282365e-03, 1.3488581e-03, 4.4920533e-03, ..., 2.3871308e-16,
       2.3514773e-16, 1.8959193e-16], shape=(1025,), dtype=float32))",SV
1163,"(array([0.00000000e+00, 4.88281250e-01, 9.76562500e-01, ...,
       4.99023438e+02, 4.99511719e+02, 5.00000000e+02], shape=(1025,)), array([1.8483279e-02, 7.9464745e-03, 5.2676788e-03, ..., 1.4090154e-16,
       1.6704318e-16, 8.7087024e-17], shape=(1025,), dtype=float32))",SV
1164,"(array([0.00000000e+00, 4.88281250e-01, 9.76562500e-01, ...,
       4.99023438e+02, 4.99511719e+02, 5.00000000e+02], shape=(1025,)), array([2.5801633e-03, 1.0903041e-03, 2.9057376e-03, ..., 1.8641800e-16,
       1.3012999e-16, 3.7314878e-17], shape=(1025,), dtype=float32))",SV
1165,"(array([0.00000000e+00, 4.88281250e-01, 9.76562500e-01, ...,
       4.99023438e+02, 4.99511719e+02, 5.00000000e+02], shape=(1025,)), array([1.0789206e-02, 4.7161686e-03, 2.1266376e-03, ..., 1.4668324e-16,
       1.5611856e-16, 9.7745174e-17], shape=(1025,), dtype=float32))",SV
1166,"(array([0.00000000e+00, 4.88281250e-01, 9.76562500e-01, ...,
       4.99023438e+02, 4.99511719e+02, 5.00000000e+02], shape=(1025,)), array([4.1331244e-03, 1.5778368e-03, 3.1462486e-03, ..., 1.4570964e-16,
       1.6802520e-16, 4.1288909e-17], shape=(1025,), dtype=float32))",SV
1167,"(array([0.00000000e+00, 4.88281250e-01, 9.76562500e-01, ...,
       4.99023438e+02, 4.99511719e+02, 5.00000000e+02], shape=(1025,)), array([3.9776987e-03, 1.6742733e-03, 3.4364851e-03, ..., 1.3953225e-16,
       1.4950469e-16, 5.2197565e-17], shape=(1025,), dtype=float32))",SV
1168,"(array([0.00000000e+00, 4.88281250e-01, 9.76562500e-01, ...,
       4.99023438e+02, 4.99511719e+02, 5.00000000e+02], shape=(1025,)), array([1.2183721e-02, 5.6234840e-03, 3.5358614e-03, ..., 1.5173048e-16,
       2.6193382e-16, 1.3008396e-16], shape=(1025,), dtype=float32))",SV
1169,"(array([0.00000000e+00, 4.88281250e-01, 9.76562500e-01, ...,
       4.99023438e+02, 4.99511719e+02, 5.00000000e+02], shape=(1025,)), array([6.2889317e-03, 2.6928075e-03, 1.5836568e-03, ..., 2.2358753e-16,
       2.7880947e-16, 6.6545059e-17], shape=(1025,), dtype=float32))",SV
1170,"(array([0.00000000e+00, 4.88281250e-01, 9.76562500e-01, ...,
       4.99023438e+02, 4.99511719e+02, 5.00000000e+02], shape=(1025,)), array([2.7061566e-03, 1.2651467e-03, 2.2802833e-03, ..., 1.5779293e-16,
       1.6066423e-16, 5.2766903e-17], shape=(1025,), dtype=float32))",SV
1171,"(array([0.00000000e+00, 4.88281250e-01, 9.76562500e-01, ...,
       4.99023438e+02, 4.99511719e+02, 5.00000000e+02], shape=(1025,)), array([2.3069547e-03, 8.8731752e-04, 3.6783058e-03, ..., 2.5128402e-16,
       1.6698061e-16, 1.2920148e-16], shape=(1025,), dtype=float32))",SV
1172,"(array([0.00000000e+00, 4.88281250e-01, 9.76562500e-01, ...,
       4.99023438e+02, 4.99511719e+02, 5.00000000e+02], shape=(1025,)), array([7.3438329e-03, 2.5963886e-03, 5.3913807e-03, ..., 1.7159491e-16,
       2.1696963e-16, 8.3841763e-17], shape=(1025,), dtype=float32))",SV
1173,"(array([0.00000000e+00, 4.88281250e-01, 9.76562500e-01, ...,
       4.99023438e+02, 4.99511719e+02, 5.00000000e+02], shape=(1025,)), array([3.5324858e-03, 1.4035465e-03, 2.9032179e-03, ..., 1.7459678e-16,
       1.5841663e-16, 9.1869524e-17], shape=(1025,), dtype=float32))",SV
1174,"(array([0.00000000e+00, 4.88281250e-01, 9.76562500e-01, ...,
       4.99023438e+02, 4.99511719e+02, 5.00000000e+02], shape=(1025,)), array([8.0595883e-03, 3.6758087e-03, 3.0871297e-03, ..., 2.6052378e-16,
       1.5956861e-16, 5.7982112e-17], shape=(1025,), dtype=float32))",SV
1175,"(array([0.00000000e+00, 4.88281250e-01, 9.76562500e-01, ...,
       4.99023438e+02, 4.99511719e+02, 5.00000000e+02], shape=(1025,)), array([5.1475979e-02, 1.7943123e-02, 2.5171883e-02, ..., 2.6279279e-16,
       2.8422439e-16, 1.9569532e-16], shape=(1025,), dtype=float32))",SV
1176,"(array([0.00000000e+00, 4.88281250e-01, 9.76562500e-01, ...,
       4.99023438e+02, 4.99511719e+02, 5.00000000e+02], shape=(1025,)), array([1.2300364e-02, 5.1102107e-03, 3.8160337e-03, ..., 2.0101885e-16,
       2.4303879e-16, 6.8617471e-17], shape=(1025,), dtype=float32))",SV
1177,"(array([0.00000000e+00, 4.88281250e-01, 9.76562500e-01, ...,
       4.99023438e+02, 4.99511719e+02, 5.00000000e+02], shape=(1025,)), array([2.9991043e-03, 9.7383675e-04, 6.6350410e-03, ..., 2.5279071e-16,
       3.2521989e-16, 5.9149270e-17], shape=(1025,), dtype=float32))",SV
1178,"(array([0.00000000e+00, 4.88281250e-01, 9.76562500e-01, ...,
       4.99023438e+02, 4.99511719e+02, 5.00000000e+02], shape=(1025,)), array([4.5766761e-03, 2.2329628e-03, 1.9462953e-03, ..., 1.6477417e-16,
       1.8265581e-16, 7.9731099e-17], shape=(1025,), dtype=float32))",SV
1179,"(array([0.00000000e+00, 4.88281250e-01, 9.76562500e-01, ...,
       4.99023438e+02, 4.99511719e+02, 5.00000000e+02], shape=(1025,)), array([5.8679902e-03, 2.8946870e-03, 1.9734059e-03, ..., 2.3832503e-16,
       9.1206470e-17, 3.9723211e-17], shape=(1025,), dtype=float32))",SV
1180,"(array([0.00000000e+00, 4.88281250e-01, 9.76562500e-01, ...,
       4.99023438e+02, 4.99511719e+02, 5.00000000e+02], shape=(1025,)), array([4.9652751e-03, 2.0955091e-03, 3.0340685e-03, ..., 3.6347888e-16,
       8.3860001e-17, 1.6220073e-16], shape=(1025,), dtype=float32))",SV
1181,"(array([0.00000000e+00, 4.88281250e-01, 9.76562500e-01, ...,
       4.99023438e+02, 4.99511719e+02, 5.00000000e+02], shape=(1025,)), array([5.0050984e-03, 2.3364534e-03, 2.0820571e-03, ..., 2.9253233e-16,
       2.5612852e-16, 1.3910809e-16], shape=(1025,), dtype=float32))",SV
1182,"(array([0.00000000e+00, 4.88281250e-01, 9.76562500e-01, ...,
       4.99023438e+02, 4.99511719e+02, 5.00000000e+02], shape=(1025,)), array([4.0632556e-03, 2.0030437e-03, 3.7152111e-03, ..., 2.6602152e-16,
       1.7537509e-16, 9.7859033e-17], shape=(1025,), dtype=float32))",SV
1183,"(array([0.00000000e+00, 4.88281250e-01, 9.76562500e-01, ...,
       4.99023438e+02, 4.99511719e+02, 5.00000000e+02], shape=(1025,)), array([6.9134380e-03, 2.6058739e-03, 4.2378227e-03, ..., 1.4999113e-16,
       1.7171377e-16, 7.9822195e-17], shape=(1025,), dtype=float32))",SV
1184,"(array([0.00000000e+00, 4.88281250e-01, 9.76562500e-01, ...,
       4.99023438e+02, 4.99511719e+02, 5.00000000e+02], shape=(1025,)), array([4.4523878e-03, 2.2201908e-03, 7.7576195e-03, ..., 2.7978446e-16,
       2.6389891e-16, 9.6856993e-17], shape=(1025,), dtype=float32))",SV
1185,"(array([0.00000000e+00, 4.88281250e-01, 9.76562500e-01, ...,
       4.99023438e+02, 4.99511719e+02, 5.00000000e+02], shape=(1025,)), array([2.9911411e-03, 1.4035172e-03, 3.7680818e-03, ..., 1.7400325e-16,
       2.5587288e-16, 9.4215230e-17], shape=(1025,), dtype=float32))",SV
1186,"(array([0.00000000e+00, 4.88281250e-01, 9.76562500e-01, ...,
       4.99023438e+02, 4.99511719e+02, 5.00000000e+02], shape=(1025,)), array([7.5669731e-03, 3.2054842e-03, 2.9641269e-03, ..., 1.6593495e-16,
       2.4683710e-16, 8.3579871e-17], shape=(1025,), dtype=float32))",SV
1187,"(array([0.00000000e+00, 4.88281250e-01, 9.76562500e-01, ...,
       4.99023438e+02, 4.99511719e+02, 5.00000000e+02], shape=(1025,)), array([1.7220551e-02, 6.0925535e-03, 9.2354259e-03, ..., 3.4909968e-16,
       3.2588362e-16, 1.6980149e-16], shape=(1025,), dtype=float32))",SV
1188,"(array([0.00000000e+00, 4.88281250e-01, 9.76562500e-01, ...,
       4.99023438e+02, 4.99511719e+02, 5.00000000e+02], shape=(1025,)), array([2.9725246e-03, 1.1170644e-03, 2.4669026e-03, ..., 1.9482777e-16,
       1.7438119e-16, 3.6164796e-17], shape=(1025,), dtype=float32))",SV
1189,"(array([0.00000000e+00, 4.88281250e-01, 9.76562500e-01, ...,
       4.99023438e+02, 4.99511719e+02, 5.00000000e+02], shape=(1025,)), array([7.9623330e-03, 3.5293836e-03, 3.5275409e-03, ..., 1.4613454e-16,
       1.2415955e-16, 5.0102369e-17], shape=(1025,), dtype=float32))",SV
1190,"(array([0.00000000e+00, 4.88281250e-01, 9.76562500e-01, ...,
       4.99023438e+02, 4.99511719e+02, 5.00000000e+02], shape=(1025,)), array([1.5116591e-02, 6.0811965e-03, 3.9769323e-03, ..., 2.9276370e-16,
       2.6561976e-16, 8.8931716e-17], shape=(1025,), dtype=float32))",SV
1191,"(array([0.00000000e+00, 4.88281250e-01, 9.76562500e-01, ...,
       4.99023438e+02, 4.99511719e+02, 5.00000000e+02], shape=(1025,)), array([5.6447107e-03, 2.2898444e-03, 1.8881877e-03, ..., 1.5786836e-16,
       2.0503748e-16, 1.3156428e-16], shape=(1025,), dtype=float32))",SV
1192,"(array([0.00000000e+00, 4.88281250e-01, 9.76562500e-01, ...,
       4.99023438e+02, 4.99511719e+02, 5.00000000e+02], shape=(1025,)), array([7.6160906e-03, 3.3805708e-03, 2.9277119e-03, ..., 1.4643793e-16,
       1.9802429e-16, 1.3380749e-16], shape=(1025,), dtype=float32))",SV
1193,"(array([0.00000000e+00, 4.88281250e-01, 9.76562500e-01, ...,
       4.99023438e+02, 4.99511719e+02, 5.00000000e+02], shape=(1025,)), array([3.2258297e-03, 1.5134583e-03, 1.7027948e-03, ..., 2.2449920e-16,
       2.3443230e-16, 4.1454021e-17], shape=(1025,), dtype=float32))",SV
1194,"(array([0.00000000e+00, 4.88281250e-01, 9.76562500e-01, ...,
       4.99023438e+02, 4.99511719e+02, 5.00000000e+02], shape=(1025,)), array([5.3093340e-03, 2.3198959e-03, 2.3743529e-03, ..., 3.0526459e-16,
       1.6625395e-16, 5.9029700e-17], shape=(1025,), dtype=float32))",SV
1195,"(array([0.00000000e+00, 4.88281250e-01, 9.76562500e-01, ...,
       4.99023438e+02, 4.99511719e+02, 5.00000000e+02], shape=(1025,)), array([6.2831766e-03, 2.5523712e-03, 2.0481672e-03, ..., 1.4621157e-16,
       1.4045388e-16, 7.2534568e-17], shape=(1025,), dtype=float32))",SV
1196,"(array([0.00000000e+00, 4.88281250e-01, 9.76562500e-01, ...,
       4.99023438e+02, 4.99511719e+02, 5.00000000e+02], shape=(1025,)), array([6.4407955e-03, 2.4463618e-03, 2.5959457e-03, ..., 1.6625678e-16,
       1.3909288e-16, 1.7738515e-16], shape=(1025,), dtype=float32))",SV
1197,"(array([0.00000000e+00, 4.88281250e-01, 9.76562500e-01, ...,
       4.99023438e+02, 4.99511719e+02, 5.00000000e+02], shape=(1025,)), array([1.45537555e-02, 5.70933241e-03, 3.13796476e-03, ...,
       1.64944976e-16, 1.83135379e-16, 2.15349074e-16],
      shape=(1025,), dtype=float32))",SV
1198,"(array([0.00000000e+00, 4.88281250e-01, 9.76562500e-01, ...,
       4.99023438e+02, 4.99511719e+02, 5.00000000e+02], shape=(1025,)), array([3.5888257e-03, 1.6785889e-03, 1.6025894e-03, ..., 2.3484703e-16,
       1.9290442e-16, 3.8373862e-17], shape=(1025,), dtype=float32))",SV
1199,"(array([0.00000000e+00, 4.88281250e-01, 9.76562500e-01, ...,
       4.99023438e+02, 4.99511719e+02, 5.00000000e+02], shape=(1025,)), array([5.6663123e-03, 2.5730133e-03, 2.3920315e-03, ..., 1.2980928e-16,
       1.5752793e-16, 1.2553491e-16], shape=(1025,), dtype=float32))",SV
1200,"(array([0.00000000e+00, 4.88281250e-01, 9.76562500e-01, ...,
       4.99023438e+02, 4.99511719e+02, 5.00000000e+02], shape=(1025,)), array([5.9667304e-03, 2.7609640e-03, 5.3421627e-03, ..., 2.6305169e-16,
       2.3120775e-16, 2.8899957e-17], shape=(1025,), dtype=float32))",SV
1201,"(array([0.00000000e+00, 4.88281250e-01, 9.76562500e-01, ...,
       4.99023438e+02, 4.99511719e+02, 5.00000000e+02], shape=(1025,)), array([2.0848296e-03, 9.8075287e-04, 4.8932065e-03, ..., 2.1050753e-16,
       3.3327750e-16, 2.2140693e-16], shape=(1025,), dtype=float32))",SV
1202,"(array([0.00000000e+00, 4.88281250e-01, 9.76562500e-01, ...,
       4.99023438e+02, 4.99511719e+02, 5.00000000e+02], shape=(1025,)), array([3.7082424e-03, 1.7299273e-03, 2.6991046e-03, ..., 1.8793176e-16,
       1.3358300e-16, 5.5841368e-17], shape=(1025,), dtype=float32))",SV
1203,"(array([0.00000000e+00, 4.88281250e-01, 9.76562500e-01, ...,
       4.99023438e+02, 4.99511719e+02, 5.00000000e+02], shape=(1025,)), array([9.2516877e-03, 3.8218682e-03, 2.1802336e-03, ..., 2.1581882e-16,
       1.4466482e-16, 7.3155159e-17], shape=(1025,), dtype=float32))",SV
1204,"(array([0.00000000e+00, 4.88281250e-01, 9.76562500e-01, ...,
       4.99023438e+02, 4.99511719e+02, 5.00000000e+02], shape=(1025,)), array([9.4047468e-03, 4.2329933e-03, 3.5957040e-03, ..., 1.1195052e-16,
       1.2150279e-16, 8.5270820e-17], shape=(1025,), dtype=float32))",SV
1205,"(array([0.00000000e+00, 4.88281250e-01, 9.76562500e-01, ...,
       4.99023438e+02, 4.99511719e+02, 5.00000000e+02], shape=(1025,)), array([6.5730372e-03, 2.7266587e-03, 2.0061280e-03, ..., 1.8859343e-16,
       2.0147855e-16, 1.9613940e-17], shape=(1025,), dtype=float32))",SV
1206,"(array([0.00000000e+00, 4.88281250e-01, 9.76562500e-01, ...,
       4.99023438e+02, 4.99511719e+02, 5.00000000e+02], shape=(1025,)), array([4.1389470e-03, 1.8109942e-03, 4.7376156e-03, ..., 2.6126467e-16,
       1.8916991e-16, 6.4313226e-17], shape=(1025,), dtype=float32))",SV
1207,"(array([0.00000000e+00, 4.88281250e-01, 9.76562500e-01, ...,
       4.99023438e+02, 4.99511719e+02, 5.00000000e+02], shape=(1025,)), array([6.1996426e-03, 2.4568054e-03, 3.0174260e-03, ..., 3.3414010e-16,
       2.3747815e-16, 9.2006168e-17], shape=(1025,), dtype=float32))",SV
1208,"(array([0.00000000e+00, 4.88281250e-01, 9.76562500e-01, ...,
       4.99023438e+02, 4.99511719e+02, 5.00000000e+02], shape=(1025,)), array([8.1487875e-03, 3.9430396e-03, 3.3219107e-03, ..., 2.5460847e-16,
       1.8066477e-16, 1.9029790e-16], shape=(1025,), dtype=float32))",SV
1209,"(array([0.00000000e+00, 4.88281250e-01, 9.76562500e-01, ...,
       4.99023438e+02, 4.99511719e+02, 5.00000000e+02], shape=(1025,)), array([1.1323431e-02, 5.2811359e-03, 2.8358924e-03, ..., 3.9086253e-16,
       1.1845568e-16, 9.2006168e-17], shape=(1025,), dtype=float32))",SV
1210,"(array([0.00000000e+00, 4.88281250e-01, 9.76562500e-01, ...,
       4.99023438e+02, 4.99511719e+02, 5.00000000e+02], shape=(1025,)), array([9.3833962e-03, 4.0307655e-03, 1.6238125e-03, ..., 1.1356727e-16,
       1.9721090e-16, 3.1359529e-17], shape=(1025,), dtype=float32))",SV
1211,"(array([0.00000000e+00, 4.88281250e-01, 9.76562500e-01, ...,
       4.99023438e+02, 4.99511719e+02, 5.00000000e+02], shape=(1025,)), array([1.18758315e-02, 4.80355415e-03, 3.36359930e-03, ...,
       1.81059023e-16, 2.63629079e-16, 1.43252938e-16],
      shape=(1025,), dtype=float32))",SV
1212,"(array([0.00000000e+00, 4.88281250e-01, 9.76562500e-01, ...,
       4.99023438e+02, 4.99511719e+02, 5.00000000e+02], shape=(1025,)), array([7.5636604e-03, 2.8483991e-03, 2.7752374e-03, ..., 1.8075853e-16,
       2.1593819e-16, 6.1147672e-17], shape=(1025,), dtype=float32))",SV
1213,"(array([0.00000000e+00, 4.88281250e-01, 9.76562500e-01, ...,
       4.99023438e+02, 4.99511719e+02, 5.00000000e+02], shape=(1025,)), array([6.0891020e-03, 2.6915059e-03, 6.6173403e-03, ..., 3.1607050e-16,
       3.0704071e-16, 1.2448162e-16], shape=(1025,), dtype=float32))",SV
1214,"(array([0.00000000e+00, 4.88281250e-01, 9.76562500e-01, ...,
       4.99023438e+02, 4.99511719e+02, 5.00000000e+02], shape=(1025,)), array([4.7634030e-03, 1.9331027e-03, 2.1623564e-03, ..., 2.4067642e-16,
       1.9579926e-16, 9.4744725e-17], shape=(1025,), dtype=float32))",SV
1215,"(array([0.00000000e+00, 4.88281250e-01, 9.76562500e-01, ...,
       4.99023438e+02, 4.99511719e+02, 5.00000000e+02], shape=(1025,)), array([3.42110433e-02, 1.32257994e-02, 1.42132305e-02, ...,
       1.00295835e-16, 2.09093590e-16, 1.65998274e-16],
      shape=(1025,), dtype=float32))",SV
1216,"(array([0.00000000e+00, 4.88281250e-01, 9.76562500e-01, ...,
       4.99023438e+02, 4.99511719e+02, 5.00000000e+02], shape=(1025,)), array([2.2120981e-02, 7.1929256e-03, 1.4007294e-02, ..., 2.7632046e-16,
       2.3683136e-16, 1.0578433e-16], shape=(1025,), dtype=float32))",SV
1217,"(array([0.00000000e+00, 4.88281250e-01, 9.76562500e-01, ...,
       4.99023438e+02, 4.99511719e+02, 5.00000000e+02], shape=(1025,)), array([7.8091444e-03, 3.4709009e-03, 2.3539225e-03, ..., 1.3583720e-16,
       1.1225053e-16, 1.1678407e-16], shape=(1025,), dtype=float32))",SV
1218,"(array([0.00000000e+00, 4.88281250e-01, 9.76562500e-01, ...,
       4.99023438e+02, 4.99511719e+02, 5.00000000e+02], shape=(1025,)), array([1.1153706e-02, 3.6433586e-03, 1.2032002e-02, ..., 1.7504232e-16,
       1.5216051e-16, 2.5461114e-17], shape=(1025,), dtype=float32))",SV
1219,"(array([0.00000000e+00, 4.88281250e-01, 9.76562500e-01, ...,
       4.99023438e+02, 4.99511719e+02, 5.00000000e+02], shape=(1025,)), array([4.0386007e-03, 1.4923664e-03, 3.3713642e-03, ..., 7.4762132e-17,
       7.1492850e-17, 2.3047088e-17], shape=(1025,), dtype=float32))",SV
1220,"(array([0.00000000e+00, 4.88281250e-01, 9.76562500e-01, ...,
       4.99023438e+02, 4.99511719e+02, 5.00000000e+02], shape=(1025,)), array([9.5650097e-03, 4.1656019e-03, 3.0153703e-03, ..., 1.0234855e-16,
       1.8699144e-16, 4.2723657e-17], shape=(1025,), dtype=float32))",SV
1221,"(array([0.00000000e+00, 4.88281250e-01, 9.76562500e-01, ...,
       4.99023438e+02, 4.99511719e+02, 5.00000000e+02], shape=(1025,)), array([7.6652472e-03, 3.0502663e-03, 8.6308140e-03, ..., 1.6132109e-16,
       1.2643395e-16, 2.5688853e-17], shape=(1025,), dtype=float32))",SV
1222,"(array([0.00000000e+00, 4.88281250e-01, 9.76562500e-01, ...,
       4.99023438e+02, 4.99511719e+02, 5.00000000e+02], shape=(1025,)), array([5.286376e-03, 1.597591e-03, 2.498300e-03, ..., 4.663653e-17,
       1.012931e-16, 4.834310e-17], shape=(1025,), dtype=float32))",SV
1223,"(array([0.00000000e+00, 4.88281250e-01, 9.76562500e-01, ...,
       4.99023438e+02, 4.99511719e+02, 5.00000000e+02], shape=(1025,)), array([1.0872458e-02, 4.5104977e-03, 1.3539931e-02, ..., 1.4790163e-16,
       1.9670160e-16, 1.1086289e-16], shape=(1025,), dtype=float32))",SV
1224,"(array([0.00000000e+00, 4.88281250e-01, 9.76562500e-01, ...,
       4.99023438e+02, 4.99511719e+02, 5.00000000e+02], shape=(1025,)), array([1.3404577e-03, 7.6852791e-04, 2.5539824e-03, ..., 5.3102821e-17,
       3.3647031e-17, 3.5541367e-17], shape=(1025,), dtype=float32))",SV
1225,"(array([0.00000000e+00, 4.88281250e-01, 9.76562500e-01, ...,
       4.99023438e+02, 4.99511719e+02, 5.00000000e+02], shape=(1025,)), array([4.5512980e-03, 1.9063952e-03, 3.7563895e-03, ..., 7.9998861e-17,
       6.7929673e-17, 5.7425565e-17], shape=(1025,), dtype=float32))",SV
1226,"(array([0.00000000e+00, 4.88281250e-01, 9.76562500e-01, ...,
       4.99023438e+02, 4.99511719e+02, 5.00000000e+02], shape=(1025,)), array([1.2407249e-03, 5.6009280e-04, 2.2303944e-03, ..., 6.2805885e-17,
       7.4647419e-17, 3.0015876e-17], shape=(1025,), dtype=float32))",SV
1227,"(array([0.00000000e+00, 4.88281250e-01, 9.76562500e-01, ...,
       4.99023438e+02, 4.99511719e+02, 5.00000000e+02], shape=(1025,)), array([8.1122294e-03, 3.4592003e-03, 9.5290113e-03, ..., 1.0909294e-16,
       2.2155974e-16, 1.6654484e-16], shape=(1025,), dtype=float32))",SV
1228,"(array([0.00000000e+00, 4.88281250e-01, 9.76562500e-01, ...,
       4.99023438e+02, 4.99511719e+02, 5.00000000e+02], shape=(1025,)), array([2.9125756e-03, 1.3614533e-03, 5.6525073e-03, ..., 8.8100201e-17,
       4.1502967e-17, 5.0308761e-17], shape=(1025,), dtype=float32))",SV
1229,"(array([0.00000000e+00, 4.88281250e-01, 9.76562500e-01, ...,
       4.99023438e+02, 4.99511719e+02, 5.00000000e+02], shape=(1025,)), array([8.2291905e-03, 3.4971402e-03, 1.8835880e-03, ..., 5.6776519e-17,
       6.0557370e-17, 4.2678112e-17], shape=(1025,), dtype=float32))",SV
1230,"(array([0.00000000e+00, 4.88281250e-01, 9.76562500e-01, ...,
       4.99023438e+02, 4.99511719e+02, 5.00000000e+02], shape=(1025,)), array([9.2440415e-03, 3.3757403e-03, 3.9726873e-03, ..., 7.4498811e-17,
       2.8950021e-17, 2.1703438e-17], shape=(1025,), dtype=float32))",SV
1231,"(array([0.00000000e+00, 4.88281250e-01, 9.76562500e-01, ...,
       4.99023438e+02, 4.99511719e+02, 5.00000000e+02], shape=(1025,)), array([6.7023817e-03, 2.6070252e-03, 1.8581115e-03, ..., 5.4987701e-17,
       7.1711867e-17, 1.9887225e-17], shape=(1025,), dtype=float32))",SV
1232,"(array([0.00000000e+00, 4.88281250e-01, 9.76562500e-01, ...,
       4.99023438e+02, 4.99511719e+02, 5.00000000e+02], shape=(1025,)), array([6.3166767e-03, 2.6736958e-03, 7.6527577e-03, ..., 1.8172676e-16,
       1.3128987e-16, 3.0607995e-17], shape=(1025,), dtype=float32))",SV
1233,"(array([0.00000000e+00, 4.88281250e-01, 9.76562500e-01, ...,
       4.99023438e+02, 4.99511719e+02, 5.00000000e+02], shape=(1025,)), array([2.6224470e-03, 1.0980119e-03, 1.6843640e-03, ..., 8.9144143e-17,
       8.0348162e-17, 1.6920937e-17], shape=(1025,), dtype=float32))",SV
1234,"(array([0.00000000e+00, 4.88281250e-01, 9.76562500e-01, ...,
       4.99023438e+02, 4.99511719e+02, 5.00000000e+02], shape=(1025,)), array([2.6267816e-03, 1.0640672e-03, 2.1711276e-03, ..., 1.0720112e-16,
       9.4106935e-17, 7.6178380e-18], shape=(1025,), dtype=float32))",SV
1235,"(array([0.00000000e+00, 4.88281250e-01, 9.76562500e-01, ...,
       4.99023438e+02, 4.99511719e+02, 5.00000000e+02], shape=(1025,)), array([2.1676267e-03, 1.1132464e-03, 2.4327599e-03, ..., 3.5937775e-17,
       6.2329237e-17, 1.3277127e-17], shape=(1025,), dtype=float32))",SV
1236,"(array([0.00000000e+00, 4.88281250e-01, 9.76562500e-01, ...,
       4.99023438e+02, 4.99511719e+02, 5.00000000e+02], shape=(1025,)), array([5.6178528e-03, 2.2292654e-03, 1.5831442e-03, ..., 6.2804462e-17,
       1.1284596e-16, 3.7509881e-17], shape=(1025,), dtype=float32))",SV
1237,"(array([0.00000000e+00, 4.88281250e-01, 9.76562500e-01, ...,
       4.99023438e+02, 4.99511719e+02, 5.00000000e+02], shape=(1025,)), array([7.7252779e-03, 2.8278965e-03, 2.4502487e-03, ..., 5.1162884e-17,
       1.1110597e-16, 2.0183286e-17], shape=(1025,), dtype=float32))",SV
1238,"(array([0.00000000e+00, 4.88281250e-01, 9.76562500e-01, ...,
       4.99023438e+02, 4.99511719e+02, 5.00000000e+02], shape=(1025,)), array([4.5342008e-03, 1.5835488e-03, 3.6413048e-03, ..., 6.5720929e-17,
       9.7886337e-17, 3.3557202e-17], shape=(1025,), dtype=float32))",SV
1239,"(array([0.00000000e+00, 4.88281250e-01, 9.76562500e-01, ...,
       4.99023438e+02, 4.99511719e+02, 5.00000000e+02], shape=(1025,)), array([3.1588713e-03, 1.3233273e-03, 2.5283247e-03, ..., 9.6204957e-17,
       7.7339574e-17, 1.2504243e-17], shape=(1025,), dtype=float32))",SV
1240,"(array([0.00000000e+00, 4.88281250e-01, 9.76562500e-01, ...,
       4.99023438e+02, 4.99511719e+02, 5.00000000e+02], shape=(1025,)), array([3.5010404e-03, 1.5601992e-03, 2.4061981e-03, ..., 7.3392149e-17,
       1.0310431e-16, 4.1203511e-17], shape=(1025,), dtype=float32))",SV
1241,"(array([0.00000000e+00, 4.88281250e-01, 9.76562500e-01, ...,
       4.99023438e+02, 4.99511719e+02, 5.00000000e+02], shape=(1025,)), array([3.3457451e-03, 1.2530357e-03, 3.0165405e-03, ..., 4.7452069e-17,
       8.0777482e-17, 2.3439939e-17], shape=(1025,), dtype=float32))",SV
1242,"(array([0.00000000e+00, 4.88281250e-01, 9.76562500e-01, ...,
       4.99023438e+02, 4.99511719e+02, 5.00000000e+02], shape=(1025,)), array([5.5277846e-03, 2.1694195e-03, 4.4013816e-03, ..., 4.8687546e-17,
       6.7957923e-17, 4.5917686e-17], shape=(1025,), dtype=float32))",SV
1243,"(array([0.00000000e+00, 4.88281250e-01, 9.76562500e-01, ...,
       4.99023438e+02, 4.99511719e+02, 5.00000000e+02], shape=(1025,)), array([1.0837931e-02, 5.7237376e-03, 2.4291782e-02, ..., 1.8904820e-16,
       2.3918545e-16, 7.0262892e-17], shape=(1025,), dtype=float32))",SV
1244,"(array([0.00000000e+00, 4.88281250e-01, 9.76562500e-01, ...,
       4.99023438e+02, 4.99511719e+02, 5.00000000e+02], shape=(1025,)), array([1.5215965e-02, 6.7124832e-03, 5.1491363e-03, ..., 7.4808388e-17,
       5.9759974e-17, 4.7329660e-17], shape=(1025,), dtype=float32))",SV
1245,"(array([0.00000000e+00, 4.88281250e-01, 9.76562500e-01, ...,
       4.99023438e+02, 4.99511719e+02, 5.00000000e+02], shape=(1025,)), array([3.2711274e-03, 1.5587428e-03, 2.8494648e-03, ..., 5.2476537e-17,
       6.3222129e-17, 3.4599102e-17], shape=(1025,), dtype=float32))",SV
1246,"(array([0.00000000e+00, 4.88281250e-01, 9.76562500e-01, ...,
       4.99023438e+02, 4.99511719e+02, 5.00000000e+02], shape=(1025,)), array([1.5446829e-03, 8.4717013e-04, 3.5239072e-03, ..., 6.6930069e-17,
       7.7639106e-17, 2.6764916e-17], shape=(1025,), dtype=float32))",SV
1247,"(array([0.00000000e+00, 4.88281250e-01, 9.76562500e-01, ...,
       4.99023438e+02, 4.99511719e+02, 5.00000000e+02], shape=(1025,)), array([2.6949088e-03, 9.9588081e-04, 1.1060790e-03, ..., 9.8186405e-17,
       7.9691996e-17, 3.4001292e-17], shape=(1025,), dtype=float32))",SV
1248,"(array([0.00000000e+00, 4.88281250e-01, 9.76562500e-01, ...,
       4.99023438e+02, 4.99511719e+02, 5.00000000e+02], shape=(1025,)), array([3.3613702e-03, 1.4668007e-03, 3.5152482e-03, ..., 9.8299762e-17,
       9.3402674e-17, 2.8922734e-17], shape=(1025,), dtype=float32))",SV
1249,"(array([0.00000000e+00, 4.88281250e-01, 9.76562500e-01, ...,
       4.99023438e+02, 4.99511719e+02, 5.00000000e+02], shape=(1025,)), array([1.20683545e-02, 4.70216852e-03, 1.49698127e-02, ...,
       7.95403576e-17, 1.60833293e-16, 2.86665298e-17],
      shape=(1025,), dtype=float32))",SV
1250,"(array([0.00000000e+00, 4.88281250e-01, 9.76562500e-01, ...,
       4.99023438e+02, 4.99511719e+02, 5.00000000e+02], shape=(1025,)), array([2.2426073e-02, 7.8045777e-03, 1.5640443e-02, ..., 1.9243937e-16,
       2.6564094e-16, 2.5297142e-16], shape=(1025,), dtype=float32))",SV
1251,"(array([0.00000000e+00, 4.88281250e-01, 9.76562500e-01, ...,
       4.99023438e+02, 4.99511719e+02, 5.00000000e+02], shape=(1025,)), array([4.40117391e-03, 1.82010781e-03, 3.52788297e-03, ...,
       1.15929350e-16, 1.07642396e-16, 4.16532919e-17],
      shape=(1025,), dtype=float32))",SV
1252,"(array([0.00000000e+00, 4.88281250e-01, 9.76562500e-01, ...,
       4.99023438e+02, 4.99511719e+02, 5.00000000e+02], shape=(1025,)), array([3.5957929e-03, 1.2764564e-03, 1.7640324e-03, ..., 8.6206328e-17,
       9.1133651e-17, 2.1976721e-17], shape=(1025,), dtype=float32))",SV
1253,"(array([0.00000000e+00, 4.88281250e-01, 9.76562500e-01, ...,
       4.99023438e+02, 4.99511719e+02, 5.00000000e+02], shape=(1025,)), array([5.5153053e-03, 2.7195725e-03, 9.3089407e-03, ..., 6.9642301e-17,
       9.4394582e-17, 3.8920429e-17], shape=(1025,), dtype=float32))",SV
1254,"(array([0.00000000e+00, 4.88281250e-01, 9.76562500e-01, ...,
       4.99023438e+02, 4.99511719e+02, 5.00000000e+02], shape=(1025,)), array([3.8748046e-03, 1.6524291e-03, 9.0217020e-04, ..., 4.5104236e-17,
       7.9424705e-17, 1.5144580e-17], shape=(1025,), dtype=float32))",SV
1255,"(array([0.00000000e+00, 4.88281250e-01, 9.76562500e-01, ...,
       4.99023438e+02, 4.99511719e+02, 5.00000000e+02], shape=(1025,)), array([3.2773591e-03, 1.6453994e-03, 2.2371986e-03, ..., 1.0142972e-16,
       7.5710042e-17, 1.4848521e-17], shape=(1025,), dtype=float32))",SV
1256,"(array([0.00000000e+00, 4.88281250e-01, 9.76562500e-01, ...,
       4.99023438e+02, 4.99511719e+02, 5.00000000e+02], shape=(1025,)), array([2.9322628e-03, 1.1511488e-03, 2.3535003e-03, ..., 8.4318768e-17,
       4.2358549e-17, 4.3139282e-17], shape=(1025,), dtype=float32))",SV
1257,"(array([0.00000000e+00, 4.88281250e-01, 9.76562500e-01, ...,
       4.99023438e+02, 4.99511719e+02, 5.00000000e+02], shape=(1025,)), array([1.7083466e-02, 7.5068367e-03, 1.2377333e-02, ..., 1.8370562e-16,
       1.2736556e-16, 5.5710422e-17], shape=(1025,), dtype=float32))",SV
1258,"(array([0.00000000e+00, 4.88281250e-01, 9.76562500e-01, ...,
       4.99023438e+02, 4.99511719e+02, 5.00000000e+02], shape=(1025,)), array([8.3499560e-03, 3.3597755e-03, 4.9920315e-03, ..., 1.6490298e-16,
       1.9422107e-16, 3.3346546e-17], shape=(1025,), dtype=float32))",SV
1259,"(array([0.00000000e+00, 4.88281250e-01, 9.76562500e-01, ...,
       4.99023438e+02, 4.99511719e+02, 5.00000000e+02], shape=(1025,)), array([6.1719147e-03, 2.6153417e-03, 3.2299224e-03, ..., 3.3087681e-17,
       5.0576532e-17, 6.9255141e-17], shape=(1025,), dtype=float32))",SV
1260,"(array([0.00000000e+00, 4.88281250e-01, 9.76562500e-01, ...,
       4.99023438e+02, 4.99511719e+02, 5.00000000e+02], shape=(1025,)), array([4.2177746e-03, 1.5254541e-03, 2.4523044e-03, ..., 7.4996992e-17,
       8.8004248e-17, 1.0124379e-17], shape=(1025,), dtype=float32))",SV
1261,"(array([0.00000000e+00, 4.88281250e-01, 9.76562500e-01, ...,
       4.99023438e+02, 4.99511719e+02, 5.00000000e+02], shape=(1025,)), array([7.6300073e-03, 3.2624749e-03, 1.6699326e-03, ..., 5.5306189e-17,
       8.1299288e-17, 1.7718020e-17], shape=(1025,), dtype=float32))",SV
1262,"(array([0.00000000e+00, 4.88281250e-01, 9.76562500e-01, ...,
       4.99023438e+02, 4.99511719e+02, 5.00000000e+02], shape=(1025,)), array([4.5212181e-03, 1.7591226e-03, 2.4266148e-03, ..., 1.0161956e-16,
       8.4863093e-17, 4.4055924e-17], shape=(1025,), dtype=float32))",SV
1263,"(array([0.00000000e+00, 4.88281250e-01, 9.76562500e-01, ...,
       4.99023438e+02, 4.99511719e+02, 5.00000000e+02], shape=(1025,)), array([1.4896613e-02, 5.5441093e-03, 2.5480550e-03, ..., 2.9173998e-17,
       8.7594106e-17, 4.6367467e-17], shape=(1025,), dtype=float32))",SV
1264,"(array([0.00000000e+00, 4.88281250e-01, 9.76562500e-01, ...,
       4.99023438e+02, 4.99511719e+02, 5.00000000e+02], shape=(1025,)), array([4.3021115e-03, 2.0640309e-03, 3.5817835e-03, ..., 8.5493047e-17,
       5.4849466e-17, 4.5103518e-17], shape=(1025,), dtype=float32))",SV
1265,"(array([0.00000000e+00, 4.88281250e-01, 9.76562500e-01, ...,
       4.99023438e+02, 4.99511719e+02, 5.00000000e+02], shape=(1025,)), array([3.0691950e-03, 1.4893616e-03, 1.1533709e-02, ..., 7.1603692e-17,
       6.0254701e-17, 1.4700492e-17], shape=(1025,), dtype=float32))",SV
1266,"(array([0.00000000e+00, 4.88281250e-01, 9.76562500e-01, ...,
       4.99023438e+02, 4.99511719e+02, 5.00000000e+02], shape=(1025,)), array([3.2711441e-03, 1.5463001e-03, 4.9470183e-03, ..., 4.1564174e-16,
       4.4304747e-16, 6.5617022e-17], shape=(1025,), dtype=float32))",SV
1267,"(array([0.00000000e+00, 4.88281250e-01, 9.76562500e-01, ...,
       4.99023438e+02, 4.99511719e+02, 5.00000000e+02], shape=(1025,)), array([5.4969210e-03, 2.3134293e-03, 3.2601466e-03, ..., 8.5806721e-17,
       8.7360682e-17, 3.4485236e-17], shape=(1025,), dtype=float32))",SV
1268,"(array([0.00000000e+00, 4.88281250e-01, 9.76562500e-01, ...,
       4.99023438e+02, 4.99511719e+02, 5.00000000e+02], shape=(1025,)), array([2.5860458e-03, 1.0238410e-03, 3.9285184e-03, ..., 7.6950548e-17,
       4.4101694e-17, 3.0932525e-17], shape=(1025,), dtype=float32))",SV
1269,"(array([0.00000000e+00, 4.88281250e-01, 9.76562500e-01, ...,
       4.99023438e+02, 4.99511719e+02, 5.00000000e+02], shape=(1025,)), array([6.6197086e-03, 2.2131279e-03, 3.5113676e-03, ..., 5.2175499e-17,
       6.6417329e-17, 4.0651242e-17], shape=(1025,), dtype=float32))",SV
1270,"(array([0.00000000e+00, 4.88281250e-01, 9.76562500e-01, ...,
       4.99023438e+02, 4.99511719e+02, 5.00000000e+02], shape=(1025,)), array([4.2326739e-03, 1.5324614e-03, 1.9955516e-02, ..., 8.9663321e-17,
       1.1684425e-16, 8.2947892e-17], shape=(1025,), dtype=float32))",SV
1271,"(array([0.00000000e+00, 4.88281250e-01, 9.76562500e-01, ...,
       4.99023438e+02, 4.99511719e+02, 5.00000000e+02], shape=(1025,)), array([1.4029705e-02, 5.7158214e-03, 6.0091512e-03, ..., 1.6284568e-16,
       1.7214830e-16, 7.3149461e-17], shape=(1025,), dtype=float32))",SV
1272,"(array([0.00000000e+00, 4.88281250e-01, 9.76562500e-01, ...,
       4.99023438e+02, 4.99511719e+02, 5.00000000e+02], shape=(1025,)), array([5.67223411e-03, 3.09968600e-03, 7.04894634e-03, ...,
       1.04429276e-16, 5.67561441e-17, 8.31699401e-17],
      shape=(1025,), dtype=float32))",SV
1273,"(array([0.00000000e+00, 4.88281250e-01, 9.76562500e-01, ...,
       4.99023438e+02, 4.99511719e+02, 5.00000000e+02], shape=(1025,)), array([4.0870933e-03, 1.8003293e-03, 4.0719206e-03, ..., 1.2416563e-16,
       8.8976225e-17, 3.5367722e-17], shape=(1025,), dtype=float32))",SV
1274,"(array([0.00000000e+00, 4.88281250e-01, 9.76562500e-01, ...,
       4.99023438e+02, 4.99511719e+02, 5.00000000e+02], shape=(1025,)), array([4.0351725e-03, 1.3728298e-03, 2.1252423e-03, ..., 3.6712794e-17,
       6.3029932e-17, 2.8546966e-17], shape=(1025,), dtype=float32))",SV
1275,"(array([0.00000000e+00, 4.88281250e-01, 9.76562500e-01, ...,
       4.99023438e+02, 4.99511719e+02, 5.00000000e+02], shape=(1025,)), array([8.28491524e-03, 3.12691415e-03, 5.30590676e-03, ...,
       1.03811544e-16, 9.80070721e-17, 3.49464089e-17],
      shape=(1025,), dtype=float32))",SV
1276,"(array([0.00000000e+00, 4.88281250e-01, 9.76562500e-01, ...,
       4.99023438e+02, 4.99511719e+02, 5.00000000e+02], shape=(1025,)), array([1.23710241e-02, 4.83721541e-03, 4.08073328e-03, ...,
       1.94970110e-16, 1.03170353e-16, 7.46297569e-17],
      shape=(1025,), dtype=float32))",SV
1277,"(array([0.00000000e+00, 4.88281250e-01, 9.76562500e-01, ...,
       4.99023438e+02, 4.99511719e+02, 5.00000000e+02], shape=(1025,)), array([6.1978390e-03, 2.4998477e-03, 1.7328341e-03, ..., 4.4308221e-17,
       1.0876071e-16, 1.8947808e-17], shape=(1025,), dtype=float32))",SV
1278,"(array([0.00000000e+00, 4.88281250e-01, 9.76562500e-01, ...,
       4.99023438e+02, 4.99511719e+02, 5.00000000e+02], shape=(1025,)), array([1.2360130e-03, 5.2887382e-04, 1.9911295e-03, ..., 1.2628075e-16,
       6.4167484e-17, 3.5162756e-17], shape=(1025,), dtype=float32))",SV
1279,"(array([0.00000000e+00, 4.88281250e-01, 9.76562500e-01, ...,
       4.99023438e+02, 4.99511719e+02, 5.00000000e+02], shape=(1025,)), array([2.3995549e-03, 8.7513536e-04, 1.6754281e-03, ..., 5.7164560e-17,
       4.4839386e-17, 2.8535580e-17], shape=(1025,), dtype=float32))",SV
1280,"(array([0.00000000e+00, 4.88281250e-01, 9.76562500e-01, ...,
       4.99023438e+02, 4.99511719e+02, 5.00000000e+02], shape=(1025,)), array([2.0878778e-03, 1.0292046e-03, 2.9952417e-03, ..., 7.8388863e-17,
       5.2900169e-17, 2.4231330e-17], shape=(1025,), dtype=float32))",SV
1281,"(array([0.00000000e+00, 4.88281250e-01, 9.76562500e-01, ...,
       4.99023438e+02, 4.99511719e+02, 5.00000000e+02], shape=(1025,)), array([5.0398102e-03, 2.3233944e-03, 2.2317120e-03, ..., 7.8674472e-17,
       8.3575775e-17, 2.6895864e-17], shape=(1025,), dtype=float32))",SV
1282,"(array([0.00000000e+00, 4.88281250e-01, 9.76562500e-01, ...,
       4.99023438e+02, 4.99511719e+02, 5.00000000e+02], shape=(1025,)), array([4.6032155e-03, 1.5715382e-03, 5.5914083e-03, ..., 7.2164501e-17,
       3.9025673e-17, 1.5873343e-17], shape=(1025,), dtype=float32))",SV
1283,"(array([0.00000000e+00, 4.88281250e-01, 9.76562500e-01, ...,
       4.99023438e+02, 4.99511719e+02, 5.00000000e+02], shape=(1025,)), array([2.3952695e-03, 1.0229137e-03, 2.0154181e-03, ..., 6.9595324e-17,
       5.4913910e-17, 2.9594560e-17], shape=(1025,), dtype=float32))",SV
1284,"(array([0.00000000e+00, 4.88281250e-01, 9.76562500e-01, ...,
       4.99023438e+02, 4.99511719e+02, 5.00000000e+02], shape=(1025,)), array([3.5550069e-02, 1.4569577e-02, 6.0555679e-03, ..., 1.6536344e-16,
       1.7614846e-16, 7.1783038e-17], shape=(1025,), dtype=float32))",SV
1285,"(array([0.00000000e+00, 4.88281250e-01, 9.76562500e-01, ...,
       4.99023438e+02, 4.99511719e+02, 5.00000000e+02], shape=(1025,)), array([1.5428145e-03, 6.6578644e-04, 1.7994691e-03, ..., 6.8561256e-17,
       7.5045326e-17, 1.9063100e-17], shape=(1025,), dtype=float32))",SV
1286,"(array([0.00000000e+00, 4.88281250e-01, 9.76562500e-01, ...,
       4.99023438e+02, 4.99511719e+02, 5.00000000e+02], shape=(1025,)), array([2.9277566e-03, 1.1201244e-03, 2.2809815e-03, ..., 7.6882415e-17,
       4.9419155e-17, 3.4166401e-17], shape=(1025,), dtype=float32))",SV
1287,"(array([0.00000000e+00, 4.88281250e-01, 9.76562500e-01, ...,
       4.99023438e+02, 4.99511719e+02, 5.00000000e+02], shape=(1025,)), array([1.4553496e-03, 6.8798783e-04, 2.3307649e-03, ..., 7.8610474e-17,
       7.7895307e-17, 4.7967324e-17], shape=(1025,), dtype=float32))",SV
1288,"(array([0.00000000e+00, 4.88281250e-01, 9.76562500e-01, ...,
       4.99023438e+02, 4.99511719e+02, 5.00000000e+02], shape=(1025,)), array([3.4230505e-03, 1.2527624e-03, 2.0879651e-03, ..., 3.6656039e-17,
       6.4570996e-17, 1.9659487e-17], shape=(1025,), dtype=float32))",SV
1289,"(array([0.00000000e+00, 4.88281250e-01, 9.76562500e-01, ...,
       4.99023438e+02, 4.99511719e+02, 5.00000000e+02], shape=(1025,)), array([4.1450253e-03, 1.6332510e-03, 2.7915724e-03, ..., 3.7214978e-17,
       5.0335978e-17, 3.7155467e-17], shape=(1025,), dtype=float32))",SV
1290,"(array([0.00000000e+00, 4.88281250e-01, 9.76562500e-01, ...,
       4.99023438e+02, 4.99511719e+02, 5.00000000e+02], shape=(1025,)), array([4.6107029e-03, 2.2102406e-03, 2.2236570e-03, ..., 6.5161649e-17,
       5.3216910e-17, 8.8111855e-17], shape=(1025,), dtype=float32))",SV
1291,"(array([0.00000000e+00, 4.88281250e-01, 9.76562500e-01, ...,
       4.99023438e+02, 4.99511719e+02, 5.00000000e+02], shape=(1025,)), array([4.4655399e-03, 1.7848031e-03, 2.3213262e-03, ..., 8.2105974e-17,
       5.8201315e-17, 2.8973973e-17], shape=(1025,), dtype=float32))",SV
1292,"(array([0.00000000e+00, 4.88281250e-01, 9.76562500e-01, ...,
       4.99023438e+02, 4.99511719e+02, 5.00000000e+02], shape=(1025,)), array([3.0162088e-03, 1.1281893e-03, 2.9025988e-03, ..., 3.7467179e-17,
       4.1453663e-17, 2.9241566e-17], shape=(1025,), dtype=float32))",SV
1293,"(array([0.00000000e+00, 4.88281250e-01, 9.76562500e-01, ...,
       4.99023438e+02, 4.99511719e+02, 5.00000000e+02], shape=(1025,)), array([2.4901854e-03, 9.6182001e-04, 2.7409832e-03, ..., 1.4827260e-16,
       6.3262045e-17, 3.5555601e-17], shape=(1025,), dtype=float32))",SV
1294,"(array([0.00000000e+00, 4.88281250e-01, 9.76562500e-01, ...,
       4.99023438e+02, 4.99511719e+02, 5.00000000e+02], shape=(1025,)), array([2.8419967e-03, 1.2421882e-03, 2.9681660e-03, ..., 8.8047487e-17,
       3.5807008e-17, 4.2137236e-17], shape=(1025,), dtype=float32))",SV
1295,"(array([0.00000000e+00, 4.88281250e-01, 9.76562500e-01, ...,
       4.99023438e+02, 4.99511719e+02, 5.00000000e+02], shape=(1025,)), array([1.0052292e-02, 3.4918089e-03, 4.2517451e-03, ..., 4.9589650e-17,
       7.4844685e-17, 5.2197558e-17], shape=(1025,), dtype=float32))",SV
