,C3,grupo
0,"(array([0.00000000e+00, 4.88281250e-01, 9.76562500e-01, ...,
       4.99023438e+02, 4.99511719e+02, 5.00000000e+02], shape=(1025,)), array([3.1654562e-03, 1.2688594e-03, 1.6846705e-03, ..., 9.5551067e-17,
       9.6934027e-17, 5.4338295e-17], shape=(1025,), dtype=float32))",CV
1,"(array([0.00000000e+00, 4.88281250e-01, 9.76562500e-01, ...,
       4.99023438e+02, 4.99511719e+02, 5.00000000e+02], shape=(1025,)), array([7.6164324e-03, 2.9212600e-03, 4.9393368e-03, ..., 8.2550772e-17,
       9.5917045e-17, 3.1701138e-17], shape=(1025,), dtype=float32))",CV
2,"(array([0.00000000e+00, 4.88281250e-01, 9.76562500e-01, ...,
       4.99023438e+02, 4.99511719e+02, 5.00000000e+02], shape=(1025,)), array([2.3193689e-02, 7.6029645e-03, 2.0582218e-02, ..., 1.1265632e-16,
       9.0711802e-17, 1.0471964e-16], shape=(1025,), dtype=float32))",CV
3,"(array([0.00000000e+00, 4.88281250e-01, 9.76562500e-01, ...,
       4.99023438e+02, 4.99511719e+02, 5.00000000e+02], shape=(1025,)), array([2.6297636e-02, 7.9536950e-03, 3.5644390e-02, ..., 1.8720069e-16,
       3.6227165e-16, 2.3532174e-16], shape=(1025,), dtype=float32))",CV
4,"(array([0.00000000e+00, 4.88281250e-01, 9.76562500e-01, ...,
       4.99023438e+02, 4.99511719e+02, 5.00000000e+02], shape=(1025,)), array([2.1288903e-02, 5.3668912e-03, 1.0816315e-01, ..., 6.1056581e-16,
       5.9465969e-16, 2.7993563e-16], shape=(1025,), dtype=float32))",CV
5,"(array([0.00000000e+00, 4.88281250e-01, 9.76562500e-01, ...,
       4.99023438e+02, 4.99511719e+02, 5.00000000e+02], shape=(1025,)), array([2.1292450e-02, 8.3491718e-03, 1.5555140e-02, ..., 2.0012765e-16,
       1.8904963e-16, 9.1186313e-17], shape=(1025,), dtype=float32))",CV
6,"(array([0.00000000e+00, 4.88281250e-01, 9.76562500e-01, ...,
       4.99023438e+02, 4.99511719e+02, 5.00000000e+02], shape=(1025,)), array([2.5261641e-02, 1.1699984e-02, 2.7198026e-02, ..., 4.0801551e-16,
       1.1383723e-16, 4.5923377e-17], shape=(1025,), dtype=float32))",CV
7,"(array([0.00000000e+00, 4.88281250e-01, 9.76562500e-01, ...,
       4.99023438e+02, 4.99511719e+02, 5.00000000e+02], shape=(1025,)), array([9.21695773e-03, 2.74267467e-03, 8.12926795e-03, ...,
       1.43083717e-16, 1.08317395e-16, 3.65348769e-17],
      shape=(1025,), dtype=float32))",CV
8,"(array([0.00000000e+00, 4.88281250e-01, 9.76562500e-01, ...,
       4.99023438e+02, 4.99511719e+02, 5.00000000e+02], shape=(1025,)), array([1.3432702e-02, 5.4905736e-03, 5.1206322e-03, ..., 1.4414750e-16,
       1.5362573e-16, 1.1817327e-16], shape=(1025,), dtype=float32))",CV
9,"(array([0.00000000e+00, 4.88281250e-01, 9.76562500e-01, ...,
       4.99023438e+02, 4.99511719e+02, 5.00000000e+02], shape=(1025,)), array([5.8878395e-03, 2.3969992e-03, 3.0084897e-03, ..., 1.1225640e-16,
       5.9788237e-17, 5.6205751e-17], shape=(1025,), dtype=float32))",CV
10,"(array([0.00000000e+00, 4.88281250e-01, 9.76562500e-01, ...,
       4.99023438e+02, 4.99511719e+02, 5.00000000e+02], shape=(1025,)), array([2.1135830e-03, 1.0414079e-03, 5.0282944e-03, ..., 1.2821937e-16,
       1.2710915e-16, 7.3855450e-17], shape=(1025,), dtype=float32))",CV
11,"(array([0.00000000e+00, 4.88281250e-01, 9.76562500e-01, ...,
       4.99023438e+02, 4.99511719e+02, 5.00000000e+02], shape=(1025,)), array([7.0873322e-03, 2.6074757e-03, 3.8679205e-03, ..., 1.2801797e-16,
       1.1219294e-16, 5.0313032e-17], shape=(1025,), dtype=float32))",CV
12,"(array([0.00000000e+00, 4.88281250e-01, 9.76562500e-01, ...,
       4.99023438e+02, 4.99511719e+02, 5.00000000e+02], shape=(1025,)), array([2.2555939e-03, 1.0286932e-03, 5.3902161e-03, ..., 3.2392324e-16,
       1.7292371e-16, 4.2769205e-17], shape=(1025,), dtype=float32))",CV
13,"(array([0.00000000e+00, 4.88281250e-01, 9.76562500e-01, ...,
       4.99023438e+02, 4.99511719e+02, 5.00000000e+02], shape=(1025,)), array([6.2906039e-03, 2.4233770e-03, 4.2989971e-03, ..., 2.7508171e-16,
       2.2739603e-16, 6.0578321e-17], shape=(1025,), dtype=float32))",CV
14,"(array([0.00000000e+00, 4.88281250e-01, 9.76562500e-01, ...,
       4.99023438e+02, 4.99511719e+02, 5.00000000e+02], shape=(1025,)), array([7.60739064e-03, 2.95630354e-03, 5.55188535e-03, ...,
       1.01374796e-16, 1.90421212e-16, 3.31814371e-17],
      shape=(1025,), dtype=float32))",CV
15,"(array([0.00000000e+00, 4.88281250e-01, 9.76562500e-01, ...,
       4.99023438e+02, 4.99511719e+02, 5.00000000e+02], shape=(1025,)), array([7.3910435e-03, 2.8641915e-03, 3.0411768e-03, ..., 2.0055129e-16,
       1.3397229e-16, 7.6565532e-17], shape=(1025,), dtype=float32))",CV
16,"(array([0.00000000e+00, 4.88281250e-01, 9.76562500e-01, ...,
       4.99023438e+02, 4.99511719e+02, 5.00000000e+02], shape=(1025,)), array([3.7278186e-03, 1.3815897e-03, 3.2111888e-03, ..., 2.5417346e-16,
       1.3546820e-16, 5.6484723e-17], shape=(1025,), dtype=float32))",CV
17,"(array([0.00000000e+00, 4.88281250e-01, 9.76562500e-01, ...,
       4.99023438e+02, 4.99511719e+02, 5.00000000e+02], shape=(1025,)), array([6.7816055e-03, 2.4048013e-03, 3.5232950e-03, ..., 1.1014982e-16,
       1.7194033e-16, 5.0836823e-17], shape=(1025,), dtype=float32))",CV
18,"(array([0.00000000e+00, 4.88281250e-01, 9.76562500e-01, ...,
       4.99023438e+02, 4.99511719e+02, 5.00000000e+02], shape=(1025,)), array([3.47756757e-03, 1.76217407e-03, 3.91953718e-03, ...,
       1.38877497e-16, 1.02798744e-16, 4.05601429e-17],
      shape=(1025,), dtype=float32))",CV
19,"(array([0.00000000e+00, 4.88281250e-01, 9.76562500e-01, ...,
       4.99023438e+02, 4.99511719e+02, 5.00000000e+02], shape=(1025,)), array([3.4855765e-03, 1.4970450e-03, 2.1342444e-03, ..., 7.0978125e-17,
       7.0729580e-17, 4.5365424e-17], shape=(1025,), dtype=float32))",CV
20,"(array([0.00000000e+00, 4.88281250e-01, 9.76562500e-01, ...,
       4.99023438e+02, 4.99511719e+02, 5.00000000e+02], shape=(1025,)), array([4.9059340e-03, 2.4143478e-03, 3.1121145e-03, ..., 2.5333011e-16,
       1.7604705e-16, 5.7902966e-16], shape=(1025,), dtype=float32))",CV
21,"(array([0.00000000e+00, 4.88281250e-01, 9.76562500e-01, ...,
       4.99023438e+02, 4.99511719e+02, 5.00000000e+02], shape=(1025,)), array([9.1243554e-03, 3.6442855e-03, 3.2652235e-03, ..., 3.0728719e-16,
       2.3497035e-16, 4.2765222e-16], shape=(1025,), dtype=float32))",CV
22,"(array([0.00000000e+00, 4.88281250e-01, 9.76562500e-01, ...,
       4.99023438e+02, 4.99511719e+02, 5.00000000e+02], shape=(1025,)), array([4.9060290e-03, 1.8346123e-03, 2.0390430e-03, ..., 8.3747828e-17,
       9.1745004e-17, 7.2266978e-17], shape=(1025,), dtype=float32))",CV
23,"(array([0.00000000e+00, 4.88281250e-01, 9.76562500e-01, ...,
       4.99023438e+02, 4.99511719e+02, 5.00000000e+02], shape=(1025,)), array([2.0266043e-03, 9.3634485e-04, 1.7971135e-03, ..., 1.9524693e-16,
       1.4825845e-16, 4.4232418e-17], shape=(1025,), dtype=float32))",CV
24,"(array([0.00000000e+00, 4.88281250e-01, 9.76562500e-01, ...,
       4.99023438e+02, 4.99511719e+02, 5.00000000e+02], shape=(1025,)), array([4.8837191e-03, 2.0767050e-03, 2.5489996e-03, ..., 7.1453522e-17,
       8.3775483e-17, 2.7066667e-17], shape=(1025,), dtype=float32))",CV
25,"(array([0.00000000e+00, 4.88281250e-01, 9.76562500e-01, ...,
       4.99023438e+02, 4.99511719e+02, 5.00000000e+02], shape=(1025,)), array([4.6765967e-03, 1.9260281e-03, 7.4423859e-03, ..., 1.4739206e-16,
       1.9423921e-16, 5.4133333e-17], shape=(1025,), dtype=float32))",CV
26,"(array([0.00000000e+00, 4.88281250e-01, 9.76562500e-01, ...,
       4.99023438e+02, 4.99511719e+02, 5.00000000e+02], shape=(1025,)), array([8.8543808e-03, 4.3780748e-03, 6.4398949e-03, ..., 2.1645363e-16,
       2.3870932e-16, 1.0976975e-16], shape=(1025,), dtype=float32))",CV
27,"(array([0.00000000e+00, 4.88281250e-01, 9.76562500e-01, ...,
       4.99023438e+02, 4.99511719e+02, 5.00000000e+02], shape=(1025,)), array([4.2981230e-02, 1.5510062e-02, 1.3987282e-02, ..., 1.6985843e-16,
       1.9027555e-16, 1.8346577e-16], shape=(1025,), dtype=float32))",CV
28,"(array([0.00000000e+00, 4.88281250e-01, 9.76562500e-01, ...,
       4.99023438e+02, 4.99511719e+02, 5.00000000e+02], shape=(1025,)), array([1.1032141e-02, 3.9961752e-03, 5.8618458e-03, ..., 8.3164964e-17,
       1.4704620e-16, 3.1348147e-17], shape=(1025,), dtype=float32))",CV
29,"(array([0.00000000e+00, 4.88281250e-01, 9.76562500e-01, ...,
       4.99023438e+02, 4.99511719e+02, 5.00000000e+02], shape=(1025,)), array([1.51730292e-02, 6.19044108e-03, 5.63392695e-03, ...,
       1.09806744e-16, 1.23258302e-16, 4.46594283e-17],
      shape=(1025,), dtype=float32))",CV
30,"(array([0.00000000e+00, 4.88281250e-01, 9.76562500e-01, ...,
       4.99023438e+02, 4.99511719e+02, 5.00000000e+02], shape=(1025,)), array([1.6695046e-01, 8.8764355e-02, 2.2304346e-01, ..., 6.3693775e-16,
       1.0231275e-15, 1.1351375e-15], shape=(1025,), dtype=float32))",CV
31,"(array([0.00000000e+00, 4.88281250e-01, 9.76562500e-01, ...,
       4.99023438e+02, 4.99511719e+02, 5.00000000e+02], shape=(1025,)), array([9.1422489e-03, 2.8368325e-03, 1.4532227e-02, ..., 1.6810076e-16,
       1.2632415e-16, 7.6502911e-17], shape=(1025,), dtype=float32))",CV
32,"(array([0.00000000e+00, 4.88281250e-01, 9.76562500e-01, ...,
       4.99023438e+02, 4.99511719e+02, 5.00000000e+02], shape=(1025,)), array([6.4476192e-02, 2.2553680e-02, 3.1039448e-02, ..., 6.0447368e-16,
       3.6359096e-16, 2.9332661e-16], shape=(1025,), dtype=float32))",CV
33,"(array([0.00000000e+00, 4.88281250e-01, 9.76562500e-01, ...,
       4.99023438e+02, 4.99511719e+02, 5.00000000e+02], shape=(1025,)), array([2.6958210e-02, 1.0504653e-02, 2.8793178e-02, ..., 1.6210396e-16,
       1.1301274e-16, 5.8597005e-17], shape=(1025,), dtype=float32))",CV
34,"(array([0.00000000e+00, 4.88281250e-01, 9.76562500e-01, ...,
       4.99023438e+02, 4.99511719e+02, 5.00000000e+02], shape=(1025,)), array([8.1890458e-03, 3.7902009e-03, 1.1849613e-02, ..., 1.9950993e-16,
       1.2161105e-16, 6.2764605e-17], shape=(1025,), dtype=float32))",CV
35,"(array([0.00000000e+00, 4.88281250e-01, 9.76562500e-01, ...,
       4.99023438e+02, 4.99511719e+02, 5.00000000e+02], shape=(1025,)), array([1.4997842e-02, 5.7148230e-03, 6.0734665e-03, ..., 1.0034210e-16,
       1.1539302e-16, 2.3417167e-17], shape=(1025,), dtype=float32))",CV
36,"(array([0.00000000e+00, 4.88281250e-01, 9.76562500e-01, ...,
       4.99023438e+02, 4.99511719e+02, 5.00000000e+02], shape=(1025,)), array([2.8178119e-03, 1.2880737e-03, 3.2817947e-03, ..., 1.4631286e-16,
       1.3391987e-16, 2.6645352e-17], shape=(1025,), dtype=float32))",CV
37,"(array([0.00000000e+00, 4.88281250e-01, 9.76562500e-01, ...,
       4.99023438e+02, 4.99511719e+02, 5.00000000e+02], shape=(1025,)), array([5.5096047e-03, 2.0382195e-03, 2.7439205e-03, ..., 1.9158178e-16,
       1.1066834e-16, 7.6941303e-17], shape=(1025,), dtype=float32))",CV
38,"(array([0.00000000e+00, 4.88281250e-01, 9.76562500e-01, ...,
       4.99023438e+02, 4.99511719e+02, 5.00000000e+02], shape=(1025,)), array([4.1406476e-03, 1.3834591e-03, 7.4614235e-03, ..., 2.2601976e-16,
       1.1975676e-16, 9.7153058e-17], shape=(1025,), dtype=float32))",CV
39,"(array([0.00000000e+00, 4.88281250e-01, 9.76562500e-01, ...,
       4.99023438e+02, 4.99511719e+02, 5.00000000e+02], shape=(1025,)), array([2.8762582e-03, 1.1819287e-03, 2.3282254e-03, ..., 1.3115380e-16,
       1.2207283e-16, 4.5689946e-17], shape=(1025,), dtype=float32))",CV
40,"(array([0.00000000e+00, 4.88281250e-01, 9.76562500e-01, ...,
       4.99023438e+02, 4.99511719e+02, 5.00000000e+02], shape=(1025,)), array([3.1605463e-03, 1.4359008e-03, 5.1002237e-03, ..., 1.3199697e-16,
       2.3655523e-16, 2.7487983e-17], shape=(1025,), dtype=float32))",CV
41,"(array([0.00000000e+00, 4.88281250e-01, 9.76562500e-01, ...,
       4.99023438e+02, 4.99511719e+02, 5.00000000e+02], shape=(1025,)), array([5.4201526e-03, 2.3834961e-03, 4.0359767e-03, ..., 1.6831638e-16,
       1.1248517e-16, 5.4862096e-17], shape=(1025,), dtype=float32))",CV
42,"(array([0.00000000e+00, 4.88281250e-01, 9.76562500e-01, ...,
       4.99023438e+02, 4.99511719e+02, 5.00000000e+02], shape=(1025,)), array([9.1130175e-03, 4.0012184e-03, 1.6392600e-02, ..., 1.8464934e-16,
       3.4079444e-16, 6.3516142e-17], shape=(1025,), dtype=float32))",CV
43,"(array([0.00000000e+00, 4.88281250e-01, 9.76562500e-01, ...,
       4.99023438e+02, 4.99511719e+02, 5.00000000e+02], shape=(1025,)), array([7.7991416e-03, 3.5077962e-03, 3.6581964e-03, ..., 1.0312334e-16,
       8.8447227e-17, 8.3881613e-17], shape=(1025,), dtype=float32))",CV
44,"(array([0.00000000e+00, 4.88281250e-01, 9.76562500e-01, ...,
       4.99023438e+02, 4.99511719e+02, 5.00000000e+02], shape=(1025,)), array([2.1557286e-03, 9.5878472e-04, 2.1023185e-03, ..., 1.4079122e-16,
       1.2238379e-16, 8.2748627e-17], shape=(1025,), dtype=float32))",CV
45,"(array([0.00000000e+00, 4.88281250e-01, 9.76562500e-01, ...,
       4.99023438e+02, 4.99511719e+02, 5.00000000e+02], shape=(1025,)), array([9.0039782e-03, 2.9467766e-03, 5.4294909e-03, ..., 8.0869776e-17,
       1.8000546e-16, 5.9234668e-17], shape=(1025,), dtype=float32))",CV
46,"(array([0.00000000e+00, 4.88281250e-01, 9.76562500e-01, ...,
       4.99023438e+02, 4.99511719e+02, 5.00000000e+02], shape=(1025,)), array([8.2810204e-03, 3.3670464e-03, 4.8858351e-03, ..., 1.7757020e-16,
       1.2312516e-16, 7.2990053e-17], shape=(1025,), dtype=float32))",CV
47,"(array([0.00000000e+00, 4.88281250e-01, 9.76562500e-01, ...,
       4.99023438e+02, 4.99511719e+02, 5.00000000e+02], shape=(1025,)), array([4.9441233e-03, 1.5156229e-03, 9.8485947e-03, ..., 1.2736054e-16,
       1.3658012e-16, 4.0434898e-17], shape=(1025,), dtype=float32))",CV
48,"(array([0.00000000e+00, 4.88281250e-01, 9.76562500e-01, ...,
       4.99023438e+02, 4.99511719e+02, 5.00000000e+02], shape=(1025,)), array([2.5829613e-02, 9.3679707e-03, 6.2040839e-02, ..., 3.4856732e-16,
       2.9451193e-16, 1.8166664e-16], shape=(1025,), dtype=float32))",CV
49,"(array([0.00000000e+00, 4.88281250e-01, 9.76562500e-01, ...,
       4.99023438e+02, 4.99511719e+02, 5.00000000e+02], shape=(1025,)), array([7.3463777e-03, 2.6968368e-03, 4.7112978e-03, ..., 1.5579845e-16,
       2.1585122e-16, 3.5185530e-17], shape=(1025,), dtype=float32))",CV
50,"(array([0.00000000e+00, 4.88281250e-01, 9.76562500e-01, ...,
       4.99023438e+02, 4.99511719e+02, 5.00000000e+02], shape=(1025,)), array([2.8565746e-02, 1.1753220e-02, 1.1950079e-02, ..., 3.1231711e-16,
       2.8627485e-16, 1.3696168e-16], shape=(1025,), dtype=float32))",CV
51,"(array([0.00000000e+00, 4.88281250e-01, 9.76562500e-01, ...,
       4.99023438e+02, 4.99511719e+02, 5.00000000e+02], shape=(1025,)), array([1.0661548e-02, 4.4036843e-03, 4.0755291e-03, ..., 1.0406223e-16,
       1.7352163e-16, 9.4670709e-17], shape=(1025,), dtype=float32))",CV
52,"(array([0.00000000e+00, 4.88281250e-01, 9.76562500e-01, ...,
       4.99023438e+02, 4.99511719e+02, 5.00000000e+02], shape=(1025,)), array([4.9885553e-03, 1.8342896e-03, 1.1910648e-02, ..., 1.3219339e-16,
       1.1175395e-16, 5.8870285e-17], shape=(1025,), dtype=float32))",CV
53,"(array([0.00000000e+00, 4.88281250e-01, 9.76562500e-01, ...,
       4.99023438e+02, 4.99511719e+02, 5.00000000e+02], shape=(1025,)), array([4.4384743e-03, 1.3534552e-03, 1.0314168e-02, ..., 1.9586791e-16,
       1.1139046e-16, 1.0400796e-16], shape=(1025,), dtype=float32))",CV
54,"(array([0.00000000e+00, 4.88281250e-01, 9.76562500e-01, ...,
       4.99023438e+02, 4.99511719e+02, 5.00000000e+02], shape=(1025,)), array([1.6399225e-02, 6.1377836e-03, 8.0234930e-03, ..., 1.7002924e-16,
       1.7245126e-16, 5.6843422e-17], shape=(1025,), dtype=float32))",CV
55,"(array([0.00000000e+00, 4.88281250e-01, 9.76562500e-01, ...,
       4.99023438e+02, 4.99511719e+02, 5.00000000e+02], shape=(1025,)), array([1.3067048e-02, 4.4179028e-03, 1.3543069e-02, ..., 1.3066612e-16,
       1.1729813e-16, 5.2772604e-17], shape=(1025,), dtype=float32))",CV
56,"(array([0.00000000e+00, 4.88281250e-01, 9.76562500e-01, ...,
       4.99023438e+02, 4.99511719e+02, 5.00000000e+02], shape=(1025,)), array([2.92373430e-02, 1.30625255e-02, 1.00737564e-01, ...,
       3.73592908e-16, 1.82381890e-16, 1.24800445e-16],
      shape=(1025,), dtype=float32))",CV
57,"(array([0.00000000e+00, 4.88281250e-01, 9.76562500e-01, ...,
       4.99023438e+02, 4.99511719e+02, 5.00000000e+02], shape=(1025,)), array([2.0278399e-01, 6.7714594e-02, 1.1746420e-01, ..., 6.3344078e-16,
       4.4087387e-16, 3.6239961e-16], shape=(1025,), dtype=float32))",CV
58,"(array([0.00000000e+00, 4.88281250e-01, 9.76562500e-01, ...,
       4.99023438e+02, 4.99511719e+02, 5.00000000e+02], shape=(1025,)), array([5.4939214e-02, 2.5942156e-02, 3.6022376e-02, ..., 5.5502040e-16,
       3.3501688e-16, 2.8321505e-16], shape=(1025,), dtype=float32))",CV
59,"(array([0.00000000e+00, 4.88281250e-01, 9.76562500e-01, ...,
       4.99023438e+02, 4.99511719e+02, 5.00000000e+02], shape=(1025,)), array([8.4377285e-03, 3.6039627e-03, 1.9930573e-02, ..., 2.9283695e-16,
       2.0464900e-16, 2.8922737e-17], shape=(1025,), dtype=float32))",CV
60,"(array([0.00000000e+00, 4.88281250e-01, 9.76562500e-01, ...,
       4.99023438e+02, 4.99511719e+02, 5.00000000e+02], shape=(1025,)), array([9.2748459e-03, 3.2376575e-03, 1.4724653e-02, ..., 7.4211296e-17,
       1.1758685e-16, 5.7230575e-17], shape=(1025,), dtype=float32))",CV
61,"(array([0.00000000e+00, 4.88281250e-01, 9.76562500e-01, ...,
       4.99023438e+02, 4.99511719e+02, 5.00000000e+02], shape=(1025,)), array([8.19711946e-03, 3.10794031e-03, 1.39463060e-02, ...,
       9.43347939e-17, 1.06863066e-16, 1.16351371e-16],
      shape=(1025,), dtype=float32))",CV
62,"(array([0.00000000e+00, 4.88281250e-01, 9.76562500e-01, ...,
       4.99023438e+02, 4.99511719e+02, 5.00000000e+02], shape=(1025,)), array([3.7707021e-03, 1.4496365e-03, 2.5029178e-03, ..., 8.2181525e-17,
       1.2192409e-16, 2.9070760e-17], shape=(1025,), dtype=float32))",CV
63,"(array([0.00000000e+00, 4.88281250e-01, 9.76562500e-01, ...,
       4.99023438e+02, 4.99511719e+02, 5.00000000e+02], shape=(1025,)), array([4.5557860e-03, 1.8042539e-03, 3.2100466e-03, ..., 1.2397845e-16,
       1.6129051e-16, 6.9619531e-17], shape=(1025,), dtype=float32))",CV
64,"(array([0.00000000e+00, 4.88281250e-01, 9.76562500e-01, ...,
       4.99023438e+02, 4.99511719e+02, 5.00000000e+02], shape=(1025,)), array([4.2235092e-03, 1.5537527e-03, 4.2483984e-03, ..., 8.8464849e-17,
       1.2076657e-16, 6.3698333e-17], shape=(1025,), dtype=float32))",CV
65,"(array([0.00000000e+00, 4.88281250e-01, 9.76562500e-01, ...,
       4.99023438e+02, 4.99511719e+02, 5.00000000e+02], shape=(1025,)), array([6.7967540e-03, 2.4615356e-03, 6.2908954e-03, ..., 1.7122484e-16,
       1.2030867e-16, 5.0671715e-17], shape=(1025,), dtype=float32))",CV
66,"(array([0.00000000e+00, 4.88281250e-01, 9.76562500e-01, ...,
       4.99023438e+02, 4.99511719e+02, 5.00000000e+02], shape=(1025,)), array([6.9547272e-03, 2.9180732e-03, 3.4526165e-03, ..., 1.4506350e-16,
       1.6975665e-16, 3.6301447e-17], shape=(1025,), dtype=float32))",CV
67,"(array([0.00000000e+00, 4.88281250e-01, 9.76562500e-01, ...,
       4.99023438e+02, 4.99511719e+02, 5.00000000e+02], shape=(1025,)), array([1.0880972e-02, 4.3586716e-03, 5.7879323e-03, ..., 1.2804856e-16,
       2.1025970e-16, 8.5082931e-17], shape=(1025,), dtype=float32))",CV
68,"(array([0.00000000e+00, 4.88281250e-01, 9.76562500e-01, ...,
       4.99023438e+02, 4.99511719e+02, 5.00000000e+02], shape=(1025,)), array([1.19559225e-02, 4.38016839e-03, 5.88217471e-03, ...,
       1.39364329e-16, 1.27719466e-16, 5.13321587e-17],
      shape=(1025,), dtype=float32))",CV
69,"(array([0.00000000e+00, 4.88281250e-01, 9.76562500e-01, ...,
       4.99023438e+02, 4.99511719e+02, 5.00000000e+02], shape=(1025,)), array([3.5094831e-02, 1.5311692e-02, 4.7004040e-02, ..., 1.4643360e-16,
       4.0720386e-16, 1.7128179e-16], shape=(1025,), dtype=float32))",CV
70,"(array([0.00000000e+00, 4.88281250e-01, 9.76562500e-01, ...,
       4.99023438e+02, 4.99511719e+02, 5.00000000e+02], shape=(1025,)), array([4.10766108e-03, 1.33791822e-03, 4.36280482e-03, ...,
       5.30441942e-16, 5.03054350e-16, 1.00774084e-16],
      shape=(1025,), dtype=float32))",CV
71,"(array([0.00000000e+00, 4.88281250e-01, 9.76562500e-01, ...,
       4.99023438e+02, 4.99511719e+02, 5.00000000e+02], shape=(1025,)), array([1.3093348e-02, 5.4387674e-03, 1.1464324e-02, ..., 3.7294384e-16,
       2.6038785e-16, 9.5103417e-17], shape=(1025,), dtype=float32))",CV
72,"(array([0.00000000e+00, 4.88281250e-01, 9.76562500e-01, ...,
       4.99023438e+02, 4.99511719e+02, 5.00000000e+02], shape=(1025,)), array([1.4279664e-02, 5.7046684e-03, 3.7384045e-03, ..., 1.1147848e-16,
       1.2926707e-16, 4.3543515e-17], shape=(1025,), dtype=float32))",CV
73,"(array([0.00000000e+00, 4.88281250e-01, 9.76562500e-01, ...,
       4.99023438e+02, 4.99511719e+02, 5.00000000e+02], shape=(1025,)), array([2.1007884e-02, 1.1910879e-02, 1.2569675e-02, ..., 1.0477089e-16,
       8.0447047e-17, 3.5458814e-17], shape=(1025,), dtype=float32))",CV
74,"(array([0.00000000e+00, 4.88281250e-01, 9.76562500e-01, ...,
       4.99023438e+02, 4.99511719e+02, 5.00000000e+02], shape=(1025,)), array([1.25979278e-02, 3.66121880e-03, 8.19874648e-03, ...,
       1.53595528e-16, 8.97775449e-17, 1.06125936e-16],
      shape=(1025,), dtype=float32))",CV
75,"(array([0.00000000e+00, 4.88281250e-01, 9.76562500e-01, ...,
       4.99023438e+02, 4.99511719e+02, 5.00000000e+02], shape=(1025,)), array([4.5137014e-03, 1.8213603e-03, 3.6151996e-03, ..., 2.0020455e-16,
       2.5167935e-16, 3.9763065e-17], shape=(1025,), dtype=float32))",CV
76,"(array([0.00000000e+00, 4.88281250e-01, 9.76562500e-01, ...,
       4.99023438e+02, 4.99511719e+02, 5.00000000e+02], shape=(1025,)), array([6.1914329e-03, 2.1974505e-03, 5.5937502e-03, ..., 1.6700602e-16,
       8.9473030e-17, 6.1085038e-17], shape=(1025,), dtype=float32))",CV
77,"(array([0.00000000e+00, 4.88281250e-01, 9.76562500e-01, ...,
       4.99023438e+02, 4.99511719e+02, 5.00000000e+02], shape=(1025,)), array([2.8382060e-01, 1.2237243e-01, 9.2307672e-02, ..., 9.4117515e-16,
       3.4009815e-16, 1.5005661e-16], shape=(1025,), dtype=float32))",CV
78,"(array([0.00000000e+00, 4.88281250e-01, 9.76562500e-01, ...,
       4.99023438e+02, 4.99511719e+02, 5.00000000e+02], shape=(1025,)), array([5.4061875e-02, 1.9137196e-02, 1.9200120e-02, ..., 5.7927334e-16,
       3.0525048e-16, 3.4074163e-16], shape=(1025,), dtype=float32))",CV
79,"(array([0.00000000e+00, 4.88281250e-01, 9.76562500e-01, ...,
       4.99023438e+02, 4.99511719e+02, 5.00000000e+02], shape=(1025,)), array([3.6938423e-03, 1.1796521e-03, 6.7809126e-03, ..., 2.1137797e-16,
       1.2550041e-16, 4.5894909e-17], shape=(1025,), dtype=float32))",CV
80,"(array([0.00000000e+00, 4.88281250e-01, 9.76562500e-01, ...,
       4.99023438e+02, 4.99511719e+02, 5.00000000e+02], shape=(1025,)), array([5.6565800e-03, 2.3317880e-03, 4.8219347e-03, ..., 9.3013919e-17,
       1.2155947e-16, 7.6816048e-17], shape=(1025,), dtype=float32))",CV
81,"(array([0.00000000e+00, 4.88281250e-01, 9.76562500e-01, ...,
       4.99023438e+02, 4.99511719e+02, 5.00000000e+02], shape=(1025,)), array([1.5886332e-03, 6.4326549e-04, 1.7857496e-03, ..., 6.6915146e-17,
       7.4677535e-17, 1.4552461e-17], shape=(1025,), dtype=float32))",CV
82,"(array([0.00000000e+00, 4.88281250e-01, 9.76562500e-01, ...,
       4.99023438e+02, 4.99511719e+02, 5.00000000e+02], shape=(1025,)), array([3.7174390e-03, 1.4226718e-03, 5.9436583e-03, ..., 1.1192542e-16,
       9.0692162e-17, 5.8346495e-17], shape=(1025,), dtype=float32))",CV
83,"(array([0.00000000e+00, 4.88281250e-01, 9.76562500e-01, ...,
       4.99023438e+02, 4.99511719e+02, 5.00000000e+02], shape=(1025,)), array([1.8289702e-03, 1.1407264e-03, 5.9589688e-03, ..., 1.2097731e-16,
       4.5888682e-17, 5.4520487e-17], shape=(1025,), dtype=float32))",CV
84,"(array([0.00000000e+00, 4.88281250e-01, 9.76562500e-01, ...,
       4.99023438e+02, 4.99511719e+02, 5.00000000e+02], shape=(1025,)), array([6.1138999e-03, 2.4776259e-03, 1.3197968e-02, ..., 7.3081149e-17,
       7.1981065e-17, 3.1815011e-17], shape=(1025,), dtype=float32))",CV
85,"(array([0.00000000e+00, 4.88281250e-01, 9.76562500e-01, ...,
       4.99023438e+02, 4.99511719e+02, 5.00000000e+02], shape=(1025,)), array([9.6395509e-03, 3.0277334e-03, 6.8707317e-03, ..., 1.2691432e-16,
       8.2768638e-17, 9.6219328e-18], shape=(1025,), dtype=float32))",CV
86,"(array([0.00000000e+00, 4.88281250e-01, 9.76562500e-01, ...,
       4.99023438e+02, 4.99511719e+02, 5.00000000e+02], shape=(1025,)), array([8.49684421e-03, 5.08291367e-03, 1.53083438e-02, ...,
       1.99118652e-16, 1.09987155e-16, 2.57116289e-17],
      shape=(1025,), dtype=float32))",CV
87,"(array([0.00000000e+00, 4.88281250e-01, 9.76562500e-01, ...,
       4.99023438e+02, 4.99511719e+02, 5.00000000e+02], shape=(1025,)), array([4.4528481e-02, 1.9444661e-02, 3.7034310e-02, ..., 2.8597156e-16,
       1.5478012e-16, 1.3529063e-17], shape=(1025,), dtype=float32))",CV
88,"(array([0.00000000e+00, 4.88281250e-01, 9.76562500e-01, ...,
       4.99023438e+02, 4.99511719e+02, 5.00000000e+02], shape=(1025,)), array([5.5744305e-02, 1.8812425e-02, 2.2671649e-02, ..., 8.0622125e-17,
       1.1196884e-16, 6.5457608e-17], shape=(1025,), dtype=float32))",CV
89,"(array([0.00000000e+00, 4.88281250e-01, 9.76562500e-01, ...,
       4.99023438e+02, 4.99511719e+02, 5.00000000e+02], shape=(1025,)), array([6.5919450e-03, 2.7771036e-03, 6.0662474e-03, ..., 1.1775195e-16,
       9.6624443e-17, 4.6458559e-17], shape=(1025,), dtype=float32))",CV
90,"(array([0.00000000e+00, 4.88281250e-01, 9.76562500e-01, ...,
       4.99023438e+02, 4.99511719e+02, 5.00000000e+02], shape=(1025,)), array([2.8200846e-03, 1.2441593e-03, 4.7788378e-03, ..., 3.6406058e-17,
       1.2034160e-16, 4.0155910e-17], shape=(1025,), dtype=float32))",CV
91,"(array([0.00000000e+00, 4.88281250e-01, 9.76562500e-01, ...,
       4.99023438e+02, 4.99511719e+02, 5.00000000e+02], shape=(1025,)), array([7.1482593e-03, 2.5916477e-03, 1.8969597e-02, ..., 1.4375680e-16,
       1.7612441e-16, 4.8849813e-17], shape=(1025,), dtype=float32))",CV
92,"(array([0.00000000e+00, 4.88281250e-01, 9.76562500e-01, ...,
       4.99023438e+02, 4.99511719e+02, 5.00000000e+02], shape=(1025,)), array([3.3083849e-02, 1.0619521e-02, 1.9566545e-02, ..., 1.6833258e-16,
       3.0536904e-16, 1.4161323e-16], shape=(1025,), dtype=float32))",CV
93,"(array([0.00000000e+00, 4.88281250e-01, 9.76562500e-01, ...,
       4.99023438e+02, 4.99511719e+02, 5.00000000e+02], shape=(1025,)), array([2.9758310e-03, 1.5189991e-03, 5.0876341e-03, ..., 1.5385753e-16,
       1.1375840e-16, 2.0701389e-17], shape=(1025,), dtype=float32))",CV
94,"(array([0.00000000e+00, 4.88281250e-01, 9.76562500e-01, ...,
       4.99023438e+02, 4.99511719e+02, 5.00000000e+02], shape=(1025,)), array([1.0153272e-02, 8.3022537e-03, 1.4435948e-01, ..., 4.6251609e-16,
       6.8549365e-16, 3.6766029e-16], shape=(1025,), dtype=float32))",CV
95,"(array([0.00000000e+00, 4.88281250e-01, 9.76562500e-01, ...,
       4.99023438e+02, 4.99511719e+02, 5.00000000e+02], shape=(1025,)), array([1.22467265e-01, 3.92919779e-02, 7.68126771e-02, ...,
       1.05731946e-15, 4.72940793e-16, 2.75198649e-16],
      shape=(1025,), dtype=float32))",CV
96,"(array([0.00000000e+00, 4.88281250e-01, 9.76562500e-01, ...,
       4.99023438e+02, 4.99511719e+02, 5.00000000e+02], shape=(1025,)), array([4.2985114e-03, 1.7998914e-03, 1.3192322e-03, ..., 5.1942065e-17,
       6.2409659e-17, 2.1321978e-17], shape=(1025,), dtype=float32))",CV
97,"(array([0.00000000e+00, 4.88281250e-01, 9.76562500e-01, ...,
       4.99023438e+02, 4.99511719e+02, 5.00000000e+02], shape=(1025,)), array([1.0931469e-01, 3.4171168e-02, 2.3005699e-01, ..., 1.0931996e-15,
       3.1336362e-16, 7.2625664e-17], shape=(1025,), dtype=float32))",CV
98,"(array([0.00000000e+00, 4.88281250e-01, 9.76562500e-01, ...,
       4.99023438e+02, 4.99511719e+02, 5.00000000e+02], shape=(1025,)), array([4.2235465e-03, 1.7530143e-03, 2.5433206e-03, ..., 5.6730263e-17,
       1.0474741e-16, 3.4845347e-17], shape=(1025,), dtype=float32))",CV
99,"(array([0.00000000e+00, 4.88281250e-01, 9.76562500e-01, ...,
       4.99023438e+02, 4.99511719e+02, 5.00000000e+02], shape=(1025,)), array([2.5896500e-03, 1.0430615e-03, 2.1822080e-03, ..., 5.6616390e-17,
       6.0997721e-17, 1.3948955e-17], shape=(1025,), dtype=float32))",CV
100,"(array([0.00000000e+00, 4.88281250e-01, 9.76562500e-01, ...,
       4.99023438e+02, 4.99511719e+02, 5.00000000e+02], shape=(1025,)), array([1.0759218e-03, 3.9543721e-04, 8.8205811e-04, ..., 4.7014124e-17,
       4.4723568e-17, 3.8880582e-17], shape=(1025,), dtype=float32))",CV
101,"(array([0.00000000e+00, 4.88281250e-01, 9.76562500e-01, ...,
       4.99023438e+02, 4.99511719e+02, 5.00000000e+02], shape=(1025,)), array([6.0733529e-03, 2.7059165e-03, 2.7821286e-02, ..., 1.0815922e-16,
       1.2565440e-16, 4.3653113e-17], shape=(1025,), dtype=float32))",CV
102,"(array([0.00000000e+00, 4.88281250e-01, 9.76562500e-01, ...,
       4.99023438e+02, 4.99511719e+02, 5.00000000e+02], shape=(1025,)), array([1.6504022e-03, 6.9744035e-04, 6.3881517e-04, ..., 4.4258798e-17,
       4.1015086e-17, 1.7450429e-17], shape=(1025,), dtype=float32))",CV
103,"(array([0.00000000e+00, 4.88281250e-01, 9.76562500e-01, ...,
       4.99023438e+02, 4.99511719e+02, 5.00000000e+02], shape=(1025,)), array([4.9040505e-01, 1.5914427e-01, 2.2716102e-01, ..., 1.0203920e-15,
       2.3420804e-15, 4.7633692e-16], shape=(1025,), dtype=float32))",CV
104,"(array([0.00000000e+00, 4.88281250e-01, 9.76562500e-01, ...,
       4.99023438e+02, 4.99511719e+02, 5.00000000e+02], shape=(1025,)), array([1.4603093e-03, 5.5686763e-04, 1.3983547e-03, ..., 6.5914688e-17,
       5.2437269e-17, 2.4943009e-17], shape=(1025,), dtype=float32))",CV
105,"(array([0.00000000e+00, 4.88281250e-01, 9.76562500e-01, ...,
       4.99023438e+02, 4.99511719e+02, 5.00000000e+02], shape=(1025,)), array([1.6807223e-03, 6.4566598e-04, 1.1590918e-03, ..., 3.2945201e-17,
       2.5260043e-17, 1.4928229e-17], shape=(1025,), dtype=float32))",CV
106,"(array([0.00000000e+00, 4.88281250e-01, 9.76562500e-01, ...,
       4.99023438e+02, 4.99511719e+02, 5.00000000e+02], shape=(1025,)), array([6.7462260e-03, 5.9824786e-03, 6.2051747e-02, ..., 1.4088446e-16,
       2.0550085e-16, 9.3941949e-17], shape=(1025,), dtype=float32))",CV
107,"(array([0.00000000e+00, 4.88281250e-01, 9.76562500e-01, ...,
       4.99023438e+02, 4.99511719e+02, 5.00000000e+02], shape=(1025,)), array([3.2198564e-03, 1.4067329e-03, 4.3884548e-03, ..., 4.4974171e-17,
       3.2297214e-17, 2.9816605e-17], shape=(1025,), dtype=float32))",CV
108,"(array([0.00000000e+00, 4.88281250e-01, 9.76562500e-01, ...,
       4.99023438e+02, 4.99511719e+02, 5.00000000e+02], shape=(1025,)), array([3.0853993e-03, 1.1565911e-03, 3.1501809e-03, ..., 7.7535245e-17,
       7.6174017e-17, 1.8406928e-17], shape=(1025,), dtype=float32))",CV
109,"(array([0.00000000e+00, 4.88281250e-01, 9.76562500e-01, ...,
       4.99023438e+02, 4.99511719e+02, 5.00000000e+02], shape=(1025,)), array([3.1915931e-03, 1.2470639e-03, 8.2898010e-03, ..., 6.4896806e-17,
       9.6578015e-17, 1.7513058e-17], shape=(1025,), dtype=float32))",CV
110,"(array([0.00000000e+00, 4.88281250e-01, 9.76562500e-01, ...,
       4.99023438e+02, 4.99511719e+02, 5.00000000e+02], shape=(1025,)), array([2.2182909e-03, 8.9689653e-04, 6.0523022e-03, ..., 5.0708719e-17,
       7.4899709e-17, 6.7826084e-17], shape=(1025,), dtype=float32))",CV
111,"(array([0.00000000e+00, 4.88281250e-01, 9.76562500e-01, ...,
       4.99023438e+02, 4.99511719e+02, 5.00000000e+02], shape=(1025,)), array([1.3865009e-02, 3.6377891e-03, 1.5808176e-02, ..., 9.7848564e-17,
       8.0462174e-17, 2.5495276e-17], shape=(1025,), dtype=float32))",CV
112,"(array([0.00000000e+00, 4.88281250e-01, 9.76562500e-01, ...,
       4.99023438e+02, 4.99511719e+02, 5.00000000e+02], shape=(1025,)), array([6.0802298e-03, 2.7520207e-03, 9.2193447e-03, ..., 1.0264724e-16,
       8.8485178e-17, 4.5872135e-17], shape=(1025,), dtype=float32))",CV
113,"(array([0.00000000e+00, 4.88281250e-01, 9.76562500e-01, ...,
       4.99023438e+02, 4.99511719e+02, 5.00000000e+02], shape=(1025,)), array([1.8452499e-02, 6.4920271e-03, 1.8924672e-02, ..., 2.4045510e-16,
       3.0538105e-16, 1.4584346e-16], shape=(1025,), dtype=float32))",CV
114,"(array([0.00000000e+00, 4.88281250e-01, 9.76562500e-01, ...,
       4.99023438e+02, 4.99511719e+02, 5.00000000e+02], shape=(1025,)), array([8.5021695e-03, 3.0690408e-03, 1.9667237e-03, ..., 4.4978978e-17,
       6.7417761e-17, 4.1454021e-17], shape=(1025,), dtype=float32))",CV
115,"(array([0.00000000e+00, 4.88281250e-01, 9.76562500e-01, ...,
       4.99023438e+02, 4.99511719e+02, 5.00000000e+02], shape=(1025,)), array([2.9416590e-03, 1.0789911e-03, 1.7734197e-03, ..., 8.5507989e-17,
       5.6437898e-17, 2.5620531e-17], shape=(1025,), dtype=float32))",CV
116,"(array([0.00000000e+00, 4.88281250e-01, 9.76562500e-01, ...,
       4.99023438e+02, 4.99511719e+02, 5.00000000e+02], shape=(1025,)), array([2.5722808e-03, 1.2036486e-03, 1.7504861e-03, ..., 5.5559538e-17,
       8.2782800e-17, 3.3204208e-17], shape=(1025,), dtype=float32))",CV
117,"(array([0.00000000e+00, 4.88281250e-01, 9.76562500e-01, ...,
       4.99023438e+02, 4.99511719e+02, 5.00000000e+02], shape=(1025,)), array([3.3303415e-03, 1.4057178e-03, 3.0353437e-03, ..., 7.7789812e-17,
       3.3662896e-17, 1.5303999e-17], shape=(1025,), dtype=float32))",CV
118,"(array([0.00000000e+00, 4.88281250e-01, 9.76562500e-01, ...,
       4.99023438e+02, 4.99511719e+02, 5.00000000e+02], shape=(1025,)), array([1.6322194e-02, 5.5648144e-03, 2.0406980e-02, ..., 2.7008096e-16,
       1.0144894e-16, 3.1304022e-17], shape=(1025,), dtype=float32))",CV
119,"(array([0.00000000e+00, 4.88281250e-01, 9.76562500e-01, ...,
       4.99023438e+02, 4.99511719e+02, 5.00000000e+02], shape=(1025,)), array([4.7755712e-03, 1.6443764e-03, 4.3422016e-03, ..., 1.1758862e-16,
       9.4277546e-17, 3.1928877e-17], shape=(1025,), dtype=float32))",CV
120,"(array([0.00000000e+00, 4.88281250e-01, 9.76562500e-01, ...,
       4.99023438e+02, 4.99511719e+02, 5.00000000e+02], shape=(1025,)), array([2.1795926e-03, 8.7470410e-04, 1.3671110e-03, ..., 4.1853499e-17,
       6.6480585e-17, 2.2392345e-17], shape=(1025,), dtype=float32))",CV
121,"(array([0.00000000e+00, 4.88281250e-01, 9.76562500e-01, ...,
       4.99023438e+02, 4.99511719e+02, 5.00000000e+02], shape=(1025,)), array([1.36612505e-02, 4.90424782e-03, 6.72225747e-03, ...,
       1.52159437e-16, 1.01718850e-16, 3.21566132e-17],
      shape=(1025,), dtype=float32))",CV
122,"(array([0.00000000e+00, 4.88281250e-01, 9.76562500e-01, ...,
       4.99023438e+02, 4.99511719e+02, 5.00000000e+02], shape=(1025,)), array([2.7042702e-03, 1.0181381e-03, 3.8012587e-03, ..., 1.2299478e-16,
       8.2212290e-17, 3.8305536e-17], shape=(1025,), dtype=float32))",CV
123,"(array([0.00000000e+00, 4.88281250e-01, 9.76562500e-01, ...,
       4.99023438e+02, 4.99511719e+02, 5.00000000e+02], shape=(1025,)), array([3.8379957e-03, 1.6359998e-03, 2.2592044e-03, ..., 4.7170242e-17,
       5.6663546e-17, 1.5554509e-17], shape=(1025,), dtype=float32))",CV
124,"(array([0.00000000e+00, 4.88281250e-01, 9.76562500e-01, ...,
       4.99023438e+02, 4.99511719e+02, 5.00000000e+02], shape=(1025,)), array([3.4756273e-02, 1.2200883e-02, 1.0133692e-01, ..., 9.7124080e-16,
       4.4995862e-16, 2.1655612e-16], shape=(1025,), dtype=float32))",CV
125,"(array([0.00000000e+00, 4.88281250e-01, 9.76562500e-01, ...,
       4.99023438e+02, 4.99511719e+02, 5.00000000e+02], shape=(1025,)), array([4.4852771e-02, 1.8201988e-02, 5.3157471e-02, ..., 3.6847161e-16,
       1.6696490e-16, 2.0134321e-16], shape=(1025,), dtype=float32))",CV
126,"(array([0.00000000e+00, 4.88281250e-01, 9.76562500e-01, ...,
       4.99023438e+02, 4.99511719e+02, 5.00000000e+02], shape=(1025,)), array([2.9759815e-01, 1.0077468e-01, 3.2044870e-01, ..., 1.0955111e-15,
       8.8557443e-16, 4.5365422e-16], shape=(1025,), dtype=float32))",CV
127,"(array([0.00000000e+00, 4.88281250e-01, 9.76562500e-01, ...,
       4.99023438e+02, 4.99511719e+02, 5.00000000e+02], shape=(1025,)), array([6.7218900e-02, 1.6973270e-02, 4.9653448e-02, ..., 1.7351434e-16,
       3.1922117e-16, 1.1086289e-16], shape=(1025,), dtype=float32))",CV
128,"(array([0.00000000e+00, 4.88281250e-01, 9.76562500e-01, ...,
       4.99023438e+02, 4.99511719e+02, 5.00000000e+02], shape=(1025,)), array([1.7256712e-03, 9.9787209e-04, 1.2922965e-03, ..., 3.0288849e-17,
       4.4331253e-17, 1.7592765e-17], shape=(1025,), dtype=float32))",CV
129,"(array([0.00000000e+00, 4.88281250e-01, 9.76562500e-01, ...,
       4.99023438e+02, 4.99511719e+02, 5.00000000e+02], shape=(1025,)), array([2.0030416e-03, 1.1092293e-03, 3.7553874e-03, ..., 4.6370312e-17,
       3.2735610e-17, 2.6430426e-17], shape=(1025,), dtype=float32))",CV
130,"(array([0.00000000e+00, 4.88281250e-01, 9.76562500e-01, ...,
       4.99023438e+02, 4.99511719e+02, 5.00000000e+02], shape=(1025,)), array([1.0036459e-03, 4.5747499e-04, 1.1320647e-03, ..., 4.6525687e-17,
       3.4690519e-17, 1.2844427e-17], shape=(1025,), dtype=float32))",CV
131,"(array([0.00000000e+00, 4.88281250e-01, 9.76562500e-01, ...,
       4.99023438e+02, 4.99511719e+02, 5.00000000e+02], shape=(1025,)), array([1.2837120e-03, 5.2803807e-04, 8.8977045e-04, ..., 4.8509984e-17,
       4.2018919e-17, 1.7974224e-17], shape=(1025,), dtype=float32))",CV
132,"(array([0.00000000e+00, 4.88281250e-01, 9.76562500e-01, ...,
       4.99023438e+02, 4.99511719e+02, 5.00000000e+02], shape=(1025,)), array([1.3946914e-03, 5.5140257e-04, 1.9234576e-03, ..., 2.8529889e-17,
       3.3553692e-17, 2.1663582e-17], shape=(1025,), dtype=float32))",CV
133,"(array([0.00000000e+00, 4.88281250e-01, 9.76562500e-01, ...,
       4.99023438e+02, 4.99511719e+02, 5.00000000e+02], shape=(1025,)), array([1.5323899e-03, 6.9419888e-04, 1.5684704e-03, ..., 3.6905656e-17,
       4.4604348e-17, 1.8429702e-17], shape=(1025,), dtype=float32))",CV
134,"(array([0.00000000e+00, 4.88281250e-01, 9.76562500e-01, ...,
       4.99023438e+02, 4.99511719e+02, 5.00000000e+02], shape=(1025,)), array([1.2771417e-03, 5.3791743e-04, 8.1790052e-04, ..., 2.2566706e-17,
       5.0671546e-17, 9.3657277e-18], shape=(1025,), dtype=float32))",CV
135,"(array([0.00000000e+00, 4.88281250e-01, 9.76562500e-01, ...,
       4.99023438e+02, 4.99511719e+02, 5.00000000e+02], shape=(1025,)), array([4.6767681e-03, 1.9064010e-03, 3.4342962e-03, ..., 8.5511410e-17,
       9.7721020e-17, 2.8719191e-17], shape=(1025,), dtype=float32))",CV
136,"(array([0.00000000e+00, 4.88281250e-01, 9.76562500e-01, ...,
       4.99023438e+02, 4.99511719e+02, 5.00000000e+02], shape=(1025,)), array([1.7846309e-02, 9.5666740e-03, 1.5078871e-02, ..., 8.1450523e-17,
       9.6371815e-17, 5.3563995e-17], shape=(1025,), dtype=float32))",CV
137,"(array([0.00000000e+00, 4.88281250e-01, 9.76562500e-01, ...,
       4.99023438e+02, 4.99511719e+02, 5.00000000e+02], shape=(1025,)), array([3.5679862e-03, 1.8449291e-03, 7.9938611e-03, ..., 6.1936922e-17,
       7.9419563e-17, 3.3158660e-17], shape=(1025,), dtype=float32))",CV
138,"(array([0.00000000e+00, 4.88281250e-01, 9.76562500e-01, ...,
       4.99023438e+02, 4.99511719e+02, 5.00000000e+02], shape=(1025,)), array([1.1390462e-02, 3.8687002e-03, 1.6684217e-02, ..., 1.2961427e-16,
       1.1533314e-16, 2.5597759e-17], shape=(1025,), dtype=float32))",CV
139,"(array([0.00000000e+00, 4.88281250e-01, 9.76562500e-01, ...,
       4.99023438e+02, 4.99511719e+02, 5.00000000e+02], shape=(1025,)), array([1.5876394e-02, 6.7745307e-03, 3.9770387e-02, ..., 2.2327508e-16,
       1.6281634e-16, 2.7784041e-17], shape=(1025,), dtype=float32))",CV
140,"(array([0.00000000e+00, 4.88281250e-01, 9.76562500e-01, ...,
       4.99023438e+02, 4.99511719e+02, 5.00000000e+02], shape=(1025,)), array([8.9641891e-02, 2.1185361e-02, 1.3048966e-01, ..., 1.4173249e-15,
       5.1699551e-16, 3.1318538e-16], shape=(1025,), dtype=float32))",CV
141,"(array([0.00000000e+00, 4.88281250e-01, 9.76562500e-01, ...,
       4.99023438e+02, 4.99511719e+02, 5.00000000e+02], shape=(1025,)), array([5.33386646e-03, 1.69476948e-03, 1.36776622e-02, ...,
       8.04769312e-17, 1.02156256e-16, 5.91663432e-17],
      shape=(1025,), dtype=float32))",CV
142,"(array([0.00000000e+00, 4.88281250e-01, 9.76562500e-01, ...,
       4.99023438e+02, 4.99511719e+02, 5.00000000e+02], shape=(1025,)), array([2.8367797e-03, 1.1479646e-03, 1.2226721e-03, ..., 9.1991590e-17,
       6.0208399e-17, 2.7692948e-17], shape=(1025,), dtype=float32))",CV
143,"(array([0.00000000e+00, 4.88281250e-01, 9.76562500e-01, ...,
       4.99023438e+02, 4.99511719e+02, 5.00000000e+02], shape=(1025,)), array([2.6527405e-02, 1.3247075e-02, 3.1363420e-02, ..., 1.3821297e-16,
       1.3231582e-16, 2.9719815e-17], shape=(1025,), dtype=float32))",CV
144,"(array([0.00000000e+00, 4.88281250e-01, 9.76562500e-01, ...,
       4.99023438e+02, 4.99511719e+02, 5.00000000e+02], shape=(1025,)), array([4.0976699e-03, 1.2347779e-03, 1.1438570e-02, ..., 6.8107921e-17,
       7.1719338e-17, 1.5987211e-17], shape=(1025,), dtype=float32))",CV
145,"(array([0.00000000e+00, 4.88281250e-01, 9.76562500e-01, ...,
       4.99023438e+02, 4.99511719e+02, 5.00000000e+02], shape=(1025,)), array([5.0439588e-03, 2.5889012e-03, 5.4938095e-03, ..., 1.3569081e-16,
       6.5480133e-17, 6.0396123e-17], shape=(1025,), dtype=float32))",CV
146,"(array([0.00000000e+00, 4.88281250e-01, 9.76562500e-01, ...,
       4.99023438e+02, 4.99511719e+02, 5.00000000e+02], shape=(1025,)), array([1.47509445e-02, 6.10830914e-03, 7.43178185e-03, ...,
       7.90265262e-17, 1.03874754e-16, 6.72510477e-17],
      shape=(1025,), dtype=float32))",CV
147,"(array([0.00000000e+00, 4.88281250e-01, 9.76562500e-01, ...,
       4.99023438e+02, 4.99511719e+02, 5.00000000e+02], shape=(1025,)), array([8.4449882e-03, 3.1645077e-03, 1.7457512e-03, ..., 9.1643142e-17,
       1.5529423e-16, 3.9740291e-17], shape=(1025,), dtype=float32))",CV
148,"(array([0.00000000e+00, 4.88281250e-01, 9.76562500e-01, ...,
       4.99023438e+02, 4.99511719e+02, 5.00000000e+02], shape=(1025,)), array([6.5060528e-03, 2.4235561e-03, 2.8144829e-02, ..., 1.4690599e-16,
       9.8734515e-17, 3.0425807e-17], shape=(1025,), dtype=float32))",CV
149,"(array([0.00000000e+00, 4.88281250e-01, 9.76562500e-01, ...,
       4.99023438e+02, 4.99511719e+02, 5.00000000e+02], shape=(1025,)), array([2.9144298e-02, 1.2557183e-02, 4.2737886e-02, ..., 2.7772982e-16,
       6.0930250e-17, 8.8180180e-17], shape=(1025,), dtype=float32))",CV
150,"(array([0.00000000e+00, 4.88281250e-01, 9.76562500e-01, ...,
       4.99023438e+02, 4.99511719e+02, 5.00000000e+02], shape=(1025,)), array([2.9678745e-02, 1.0099439e-02, 3.2867223e-02, ..., 1.6028865e-16,
       1.3759853e-16, 1.2870615e-16], shape=(1025,), dtype=float32))",CV
151,"(array([0.00000000e+00, 4.88281250e-01, 9.76562500e-01, ...,
       4.99023438e+02, 4.99511719e+02, 5.00000000e+02], shape=(1025,)), array([3.3197608e-02, 1.4679334e-02, 2.1819939e-01, ..., 1.9485269e-15,
       4.0577984e-16, 2.6508711e-16], shape=(1025,), dtype=float32))",CV
152,"(array([0.00000000e+00, 4.88281250e-01, 9.76562500e-01, ...,
       4.99023438e+02, 4.99511719e+02, 5.00000000e+02], shape=(1025,)), array([6.2891277e-03, 2.5428033e-03, 1.6422236e-02, ..., 7.0497917e-17,
       5.6356636e-17, 2.0610297e-17], shape=(1025,), dtype=float32))",CV
153,"(array([0.00000000e+00, 4.88281250e-01, 9.76562500e-01, ...,
       4.99023438e+02, 4.99511719e+02, 5.00000000e+02], shape=(1025,)), array([1.5704080e-01, 3.0668341e-02, 1.3490254e-01, ..., 8.6872821e-16,
       3.3891747e-16, 4.2423042e-16], shape=(1025,), dtype=float32))",CV
154,"(array([0.00000000e+00, 4.88281250e-01, 9.76562500e-01, ...,
       4.99023438e+02, 4.99511719e+02, 5.00000000e+02], shape=(1025,)), array([1.0204034e-02, 6.7293369e-03, 5.3043153e-02, ..., 2.5529435e-16,
       1.3526003e-16, 5.7936564e-17], shape=(1025,), dtype=float32))",CV
155,"(array([0.00000000e+00, 4.88281250e-01, 9.76562500e-01, ...,
       4.99023438e+02, 4.99511719e+02, 5.00000000e+02], shape=(1025,)), array([9.4382267e-04, 3.8373869e-04, 5.7711080e-04, ..., 7.4496766e-17,
       3.9263448e-17, 1.9568393e-17], shape=(1025,), dtype=float32))",CV
156,"(array([0.00000000e+00, 4.88281250e-01, 9.76562500e-01, ...,
       4.99023438e+02, 4.99511719e+02, 5.00000000e+02], shape=(1025,)), array([2.6910856e-01, 1.6408116e-01, 8.3178562e-01, ..., 3.5012219e-15,
       4.9841727e-15, 1.7374592e-15], shape=(1025,), dtype=float32))",CV
157,"(array([0.00000000e+00, 4.88281250e-01, 9.76562500e-01, ...,
       4.99023438e+02, 4.99511719e+02, 5.00000000e+02], shape=(1025,)), array([2.1079925e-03, 8.3983567e-04, 1.1143383e-03, ..., 4.9511243e-17,
       3.6179550e-17, 2.1875661e-17], shape=(1025,), dtype=float32))",CV
158,"(array([0.00000000e+00, 4.88281250e-01, 9.76562500e-01, ...,
       4.99023438e+02, 4.99511719e+02, 5.00000000e+02], shape=(1025,)), array([3.4950161e-03, 1.3323220e-03, 2.6538479e-03, ..., 7.3719706e-17,
       4.0128156e-17, 1.4438593e-17], shape=(1025,), dtype=float32))",CV
159,"(array([0.00000000e+00, 4.88281250e-01, 9.76562500e-01, ...,
       4.99023438e+02, 4.99511719e+02, 5.00000000e+02], shape=(1025,)), array([2.7701245e-03, 1.5336693e-03, 4.8528295e-03, ..., 6.1451301e-17,
       4.1560770e-17, 1.8543571e-17], shape=(1025,), dtype=float32))",CV
160,"(array([0.00000000e+00, 4.88281250e-01, 9.76562500e-01, ...,
       4.99023438e+02, 4.99511719e+02, 5.00000000e+02], shape=(1025,)), array([3.5527013e-03, 1.3499684e-03, 6.6863154e-03, ..., 6.3410997e-17,
       4.3619398e-17, 2.7927801e-17], shape=(1025,), dtype=float32))",CV
161,"(array([0.00000000e+00, 4.88281250e-01, 9.76562500e-01, ...,
       4.99023438e+02, 4.99511719e+02, 5.00000000e+02], shape=(1025,)), array([7.4655563e-03, 2.9420080e-03, 6.8947477e-03, ..., 7.6859452e-17,
       4.6164818e-17, 2.0137735e-17], shape=(1025,), dtype=float32))",CV
162,"(array([0.00000000e+00, 4.88281250e-01, 9.76562500e-01, ...,
       4.99023438e+02, 4.99511719e+02, 5.00000000e+02], shape=(1025,)), array([3.7044021e-03, 1.5296605e-03, 3.3225128e-03, ..., 4.5534089e-17,
       9.6117560e-17, 1.4694797e-17], shape=(1025,), dtype=float32))",CV
163,"(array([0.00000000e+00, 4.88281250e-01, 9.76562500e-01, ...,
       4.99023438e+02, 4.99511719e+02, 5.00000000e+02], shape=(1025,)), array([4.5127538e-03, 1.6867316e-03, 2.2574498e-03, ..., 1.0084525e-16,
       1.5281239e-16, 5.3313475e-17], shape=(1025,), dtype=float32))",CV
164,"(array([0.00000000e+00, 4.88281250e-01, 9.76562500e-01, ...,
       4.99023438e+02, 4.99511719e+02, 5.00000000e+02], shape=(1025,)), array([5.0736368e-02, 3.6039844e-02, 8.8054901e-01, ..., 7.3461463e-16,
       1.0477573e-15, 3.3879452e-16], shape=(1025,), dtype=float32))",CV
165,"(array([0.00000000e+00, 4.88281250e-01, 9.76562500e-01, ...,
       4.99023438e+02, 4.99511719e+02, 5.00000000e+02], shape=(1025,)), array([4.5990534e-03, 1.4185371e-03, 5.5797771e-03, ..., 7.5255502e-17,
       6.9582565e-17, 4.7153163e-17], shape=(1025,), dtype=float32))",CV
166,"(array([0.00000000e+00, 4.88281250e-01, 9.76562500e-01, ...,
       4.99023438e+02, 4.99511719e+02, 5.00000000e+02], shape=(1025,)), array([4.3222075e-03, 1.7694904e-03, 4.9435720e-03, ..., 5.1819659e-17,
       8.2161660e-17, 4.1994894e-17], shape=(1025,), dtype=float32))",CV
167,"(array([0.00000000e+00, 4.88281250e-01, 9.76562500e-01, ...,
       4.99023438e+02, 4.99511719e+02, 5.00000000e+02], shape=(1025,)), array([2.5252099e-03, 1.2591262e-03, 3.0513094e-03, ..., 7.8649338e-17,
       1.0381138e-16, 2.7875136e-17], shape=(1025,), dtype=float32))",CV
168,"(array([0.00000000e+00, 4.88281250e-01, 9.76562500e-01, ...,
       4.99023438e+02, 4.99511719e+02, 5.00000000e+02], shape=(1025,)), array([2.9806534e-03, 1.3861285e-03, 4.1140513e-03, ..., 6.5147316e-17,
       9.3593442e-17, 1.8634665e-17], shape=(1025,), dtype=float32))",CV
169,"(array([0.00000000e+00, 4.88281250e-01, 9.76562500e-01, ...,
       4.99023438e+02, 4.99511719e+02, 5.00000000e+02], shape=(1025,)), array([7.6136398e-03, 2.9909746e-03, 1.4229959e-03, ..., 9.3576243e-17,
       1.0434718e-16, 4.5638704e-17], shape=(1025,), dtype=float32))",CV
170,"(array([0.00000000e+00, 4.88281250e-01, 9.76562500e-01, ...,
       4.99023438e+02, 4.99511719e+02, 5.00000000e+02], shape=(1025,)), array([3.9175139e-03, 1.8137542e-03, 1.4499865e-03, ..., 9.1575802e-17,
       1.3449498e-16, 5.1400480e-17], shape=(1025,), dtype=float32))",CV
171,"(array([0.00000000e+00, 4.88281250e-01, 9.76562500e-01, ...,
       4.99023438e+02, 4.99511719e+02, 5.00000000e+02], shape=(1025,)), array([3.0889423e-03, 1.1888697e-03, 2.8782997e-03, ..., 5.7641214e-17,
       6.0578996e-17, 1.7399188e-17], shape=(1025,), dtype=float32))",CV
172,"(array([0.00000000e+00, 4.88281250e-01, 9.76562500e-01, ...,
       4.99023438e+02, 4.99511719e+02, 5.00000000e+02], shape=(1025,)), array([5.2121435e-03, 2.2035618e-03, 2.0075734e-03, ..., 3.7144790e-17,
       3.7620416e-17, 2.3297603e-17], shape=(1025,), dtype=float32))",CV
173,"(array([0.00000000e+00, 4.88281250e-01, 9.76562500e-01, ...,
       4.99023438e+02, 4.99511719e+02, 5.00000000e+02], shape=(1025,)), array([1.1129984e-02, 3.9637713e-03, 2.6572457e-02, ..., 9.1519382e-17,
       9.4755849e-17, 2.1077156e-17], shape=(1025,), dtype=float32))",CV
174,"(array([0.00000000e+00, 4.88281250e-01, 9.76562500e-01, ...,
       4.99023438e+02, 4.99511719e+02, 5.00000000e+02], shape=(1025,)), array([6.1748521e-03, 2.5549266e-03, 2.8353678e-03, ..., 5.0629724e-17,
       5.1152809e-17, 1.7860355e-17], shape=(1025,), dtype=float32))",CV
175,"(array([0.00000000e+00, 4.88281250e-01, 9.76562500e-01, ...,
       4.99023438e+02, 4.99511719e+02, 5.00000000e+02], shape=(1025,)), array([3.4332196e-03, 1.1518867e-03, 1.6232522e-03, ..., 4.2906560e-17,
       5.4044924e-17, 1.6402833e-17], shape=(1025,), dtype=float32))",CV
176,"(array([0.00000000e+00, 4.88281250e-01, 9.76562500e-01, ...,
       4.99023438e+02, 4.99511719e+02, 5.00000000e+02], shape=(1025,)), array([3.6341092e-03, 1.3826976e-03, 1.3653395e-03, ..., 8.2683134e-17,
       4.6455939e-17, 1.7131595e-17], shape=(1025,), dtype=float32))",CV
177,"(array([0.00000000e+00, 4.88281250e-01, 9.76562500e-01, ...,
       4.99023438e+02, 4.99511719e+02, 5.00000000e+02], shape=(1025,)), array([6.4275349e-03, 2.6740055e-03, 3.1416714e-03, ..., 5.3026737e-17,
       1.1195211e-16, 1.8110870e-17], shape=(1025,), dtype=float32))",CV
178,"(array([0.00000000e+00, 4.88281250e-01, 9.76562500e-01, ...,
       4.99023438e+02, 4.99511719e+02, 5.00000000e+02], shape=(1025,)), array([4.3191733e-03, 1.9067588e-03, 2.5681821e-03, ..., 5.8202023e-17,
       5.0397918e-17, 3.0209450e-17], shape=(1025,), dtype=float32))",CV
179,"(array([0.00000000e+00, 4.88281250e-01, 9.76562500e-01, ...,
       4.99023438e+02, 4.99511719e+02, 5.00000000e+02], shape=(1025,)), array([3.8396742e-03, 1.5568403e-03, 2.0587598e-03, ..., 3.1752555e-17,
       5.0308936e-17, 1.8332915e-17], shape=(1025,), dtype=float32))",CV
180,"(array([0.00000000e+00, 4.88281250e-01, 9.76562500e-01, ...,
       4.99023438e+02, 4.99511719e+02, 5.00000000e+02], shape=(1025,)), array([3.97856440e-03, 1.43673376e-03, 2.44565564e-03, ...,
       7.72430520e-17, 1.03195076e-16, 3.83510876e-17],
      shape=(1025,), dtype=float32))",CV
181,"(array([0.00000000e+00, 4.88281250e-01, 9.76562500e-01, ...,
       4.99023438e+02, 4.99511719e+02, 5.00000000e+02], shape=(1025,)), array([2.7293076e-03, 9.4272540e-04, 2.2949548e-03, ..., 4.2374004e-17,
       3.9189627e-17, 2.1936871e-17], shape=(1025,), dtype=float32))",CV
182,"(array([0.00000000e+00, 4.88281250e-01, 9.76562500e-01, ...,
       4.99023438e+02, 4.99511719e+02, 5.00000000e+02], shape=(1025,)), array([3.5006395e-03, 1.5399271e-03, 2.2001271e-03, ..., 4.8181722e-17,
       3.4486834e-17, 4.1636209e-17], shape=(1025,), dtype=float32))",CV
183,"(array([0.00000000e+00, 4.88281250e-01, 9.76562500e-01, ...,
       4.99023438e+02, 4.99511719e+02, 5.00000000e+02], shape=(1025,)), array([2.3203753e-03, 9.7264734e-04, 1.8333098e-03, ..., 3.5795619e-17,
       7.6111178e-17, 2.9139085e-17], shape=(1025,), dtype=float32))",CV
184,"(array([0.00000000e+00, 4.88281250e-01, 9.76562500e-01, ...,
       4.99023438e+02, 4.99511719e+02, 5.00000000e+02], shape=(1025,)), array([2.5765498e-03, 1.0197225e-03, 1.6038223e-03, ..., 6.7893866e-17,
       6.4099232e-17, 2.7897914e-17], shape=(1025,), dtype=float32))",CV
185,"(array([0.00000000e+00, 4.88281250e-01, 9.76562500e-01, ...,
       4.99023438e+02, 4.99511719e+02, 5.00000000e+02], shape=(1025,)), array([6.0810167e-03, 2.3114919e-03, 2.3704788e-03, ..., 9.3936966e-17,
       8.2935358e-17, 2.3001542e-17], shape=(1025,), dtype=float32))",CV
186,"(array([0.00000000e+00, 4.88281250e-01, 9.76562500e-01, ...,
       4.99023438e+02, 4.99511719e+02, 5.00000000e+02], shape=(1025,)), array([2.89192330e-03, 1.05872029e-03, 2.66085332e-03, ...,
       6.69834581e-17, 6.35015770e-17, 1.20131804e-17],
      shape=(1025,), dtype=float32))",CV
187,"(array([0.00000000e+00, 4.88281250e-01, 9.76562500e-01, ...,
       4.99023438e+02, 4.99511719e+02, 5.00000000e+02], shape=(1025,)), array([3.1295973e-03, 1.3096289e-03, 2.4162058e-03, ..., 5.5494958e-17,
       6.9406945e-17, 3.9415765e-17], shape=(1025,), dtype=float32))",CV
188,"(array([0.00000000e+00, 4.88281250e-01, 9.76562500e-01, ...,
       4.99023438e+02, 4.99511719e+02, 5.00000000e+02], shape=(1025,)), array([1.6610424e-03, 7.0332695e-04, 2.2870163e-03, ..., 5.9181285e-17,
       7.5717698e-17, 1.9454522e-17], shape=(1025,), dtype=float32))",CV
189,"(array([0.00000000e+00, 4.88281250e-01, 9.76562500e-01, ...,
       4.99023438e+02, 4.99511719e+02, 5.00000000e+02], shape=(1025,)), array([8.6814528e-03, 3.7194612e-03, 3.6109413e-03, ..., 1.1047004e-16,
       1.6697996e-16, 6.9232370e-17], shape=(1025,), dtype=float32))",CV
190,"(array([0.00000000e+00, 4.88281250e-01, 9.76562500e-01, ...,
       4.99023438e+02, 4.99511719e+02, 5.00000000e+02], shape=(1025,)), array([8.4600858e-02, 2.5624024e-02, 1.6190696e-01, ..., 1.2090272e-15,
       3.4336781e-16, 5.3655084e-17], shape=(1025,), dtype=float32))",CV
191,"(array([0.00000000e+00, 4.88281250e-01, 9.76562500e-01, ...,
       4.99023438e+02, 4.99511719e+02, 5.00000000e+02], shape=(1025,)), array([3.56893331e-01, 1.23067185e-01, 5.40773213e-01, ...,
       6.19894498e-16, 8.68520532e-16, 1.55824072e-16],
      shape=(1025,), dtype=float32))",CV
192,"(array([0.00000000e+00, 4.88281250e-01, 9.76562500e-01, ...,
       4.99023438e+02, 4.99511719e+02, 5.00000000e+02], shape=(1025,)), array([5.3013619e-03, 2.2683102e-03, 3.2039245e-03, ..., 8.6160469e-17,
       9.8424514e-17, 3.6781119e-17], shape=(1025,), dtype=float32))",CV
193,"(array([0.00000000e+00, 4.88281250e-01, 9.76562500e-01, ...,
       4.99023438e+02, 4.99511719e+02, 5.00000000e+02], shape=(1025,)), array([4.6458498e-02, 1.2752756e-02, 4.3042564e-01, ..., 7.1660973e-16,
       2.7271012e-16, 1.0102460e-16], shape=(1025,), dtype=float32))",CV
194,"(array([0.00000000e+00, 4.88281250e-01, 9.76562500e-01, ...,
       4.99023438e+02, 4.99511719e+02, 5.00000000e+02], shape=(1025,)), array([9.08271968e-03, 3.11842095e-03, 5.48026757e-03, ...,
       1.10327696e-16, 1.14961456e-16, 5.56193332e-17],
      shape=(1025,), dtype=float32))",CV
195,"(array([0.00000000e+00, 4.88281250e-01, 9.76562500e-01, ...,
       4.99023438e+02, 4.99511719e+02, 5.00000000e+02], shape=(1025,)), array([1.2773056e-02, 5.3522820e-03, 2.5750638e-03, ..., 6.8228894e-17,
       1.3996803e-16, 1.8310141e-17], shape=(1025,), dtype=float32))",CV
196,"(array([0.00000000e+00, 4.88281250e-01, 9.76562500e-01, ...,
       4.99023438e+02, 4.99511719e+02, 5.00000000e+02], shape=(1025,)), array([2.6933514e-03, 1.0211969e-03, 2.2492642e-03, ..., 8.6917862e-17,
       8.1034544e-17, 2.8343423e-17], shape=(1025,), dtype=float32))",CV
197,"(array([0.00000000e+00, 4.88281250e-01, 9.76562500e-01, ...,
       4.99023438e+02, 4.99511719e+02, 5.00000000e+02], shape=(1025,)), array([2.5645416e-02, 1.1952285e-02, 2.4305917e-01, ..., 2.1553499e-15,
       4.6423165e-16, 7.7697390e-16], shape=(1025,), dtype=float32))",CV
198,"(array([0.00000000e+00, 4.88281250e-01, 9.76562500e-01, ...,
       4.99023438e+02, 4.99511719e+02, 5.00000000e+02], shape=(1025,)), array([2.0237262e-03, 1.1512368e-03, 8.5190265e-03, ..., 1.2642896e-16,
       7.6162986e-17, 2.8586819e-17], shape=(1025,), dtype=float32))",CV
199,"(array([0.00000000e+00, 4.88281250e-01, 9.76562500e-01, ...,
       4.99023438e+02, 4.99511719e+02, 5.00000000e+02], shape=(1025,)), array([5.7086865e-03, 1.8671539e-03, 1.9161694e-03, ..., 3.2128856e-17,
       8.2445853e-17, 2.3411471e-17], shape=(1025,), dtype=float32))",CV
200,"(array([0.00000000e+00, 4.88281250e-01, 9.76562500e-01, ...,
       4.99023438e+02, 4.99511719e+02, 5.00000000e+02], shape=(1025,)), array([3.4230556e-02, 1.2963774e-02, 1.1173692e-02, ..., 8.9330252e-17,
       1.2676131e-16, 8.5458703e-17], shape=(1025,), dtype=float32))",CV
201,"(array([0.00000000e+00, 4.88281250e-01, 9.76562500e-01, ...,
       4.99023438e+02, 4.99511719e+02, 5.00000000e+02], shape=(1025,)), array([4.9713673e-03, 1.8646757e-03, 2.9871995e-03, ..., 7.1863453e-17,
       4.4934853e-17, 4.2905848e-17], shape=(1025,), dtype=float32))",CV
202,"(array([0.00000000e+00, 4.88281250e-01, 9.76562500e-01, ...,
       4.99023438e+02, 4.99511719e+02, 5.00000000e+02], shape=(1025,)), array([5.0983648e-03, 2.0905437e-03, 1.2109929e-03, ..., 7.4913678e-17,
       6.1906541e-17, 2.3684758e-17], shape=(1025,), dtype=float32))",CV
203,"(array([0.00000000e+00, 4.88281250e-01, 9.76562500e-01, ...,
       4.99023438e+02, 4.99511719e+02, 5.00000000e+02], shape=(1025,)), array([1.7383175e-03, 7.6985365e-04, 1.7309296e-03, ..., 4.0509615e-17,
       6.7519273e-17, 2.2796580e-17], shape=(1025,), dtype=float32))",CV
204,"(array([0.00000000e+00, 4.88281250e-01, 9.76562500e-01, ...,
       4.99023438e+02, 4.99511719e+02, 5.00000000e+02], shape=(1025,)), array([3.5423907e-03, 1.3698937e-03, 2.2680601e-03, ..., 3.7549659e-17,
       5.0329794e-17, 3.9079847e-17], shape=(1025,), dtype=float32))",CV
205,"(array([0.00000000e+00, 4.88281250e-01, 9.76562500e-01, ...,
       4.99023438e+02, 4.99511719e+02, 5.00000000e+02], shape=(1025,)), array([2.1146750e-03, 1.0891245e-03, 2.5894945e-03, ..., 4.5625628e-17,
       5.0217301e-17, 1.9676567e-17], shape=(1025,), dtype=float32))",CV
206,"(array([0.00000000e+00, 4.88281250e-01, 9.76562500e-01, ...,
       4.99023438e+02, 4.99511719e+02, 5.00000000e+02], shape=(1025,)), array([1.3583691e-02, 4.7191647e-03, 7.9941014e-03, ..., 1.5092769e-16,
       1.0814302e-16, 4.8946600e-17], shape=(1025,), dtype=float32))",CV
207,"(array([0.00000000e+00, 4.88281250e-01, 9.76562500e-01, ...,
       4.99023438e+02, 4.99511719e+02, 5.00000000e+02], shape=(1025,)), array([5.3839730e-03, 2.2290775e-03, 4.4757626e-03, ..., 7.0439379e-17,
       6.8228504e-17, 4.4437393e-17], shape=(1025,), dtype=float32))",CV
208,"(array([0.00000000e+00, 4.88281250e-01, 9.76562500e-01, ...,
       4.99023438e+02, 4.99511719e+02, 5.00000000e+02], shape=(1025,)), array([2.4748114e-03, 1.0621026e-03, 2.0703110e-03, ..., 5.0016349e-17,
       4.4866448e-17, 2.3274828e-17], shape=(1025,), dtype=float32))",CV
209,"(array([0.00000000e+00, 4.88281250e-01, 9.76562500e-01, ...,
       4.99023438e+02, 4.99511719e+02, 5.00000000e+02], shape=(1025,)), array([4.1749789e-03, 1.3419003e-03, 4.0706908e-03, ..., 7.0405392e-17,
       6.7637493e-17, 4.4750527e-17], shape=(1025,), dtype=float32))",CV
210,"(array([0.00000000e+00, 4.88281250e-01, 9.76562500e-01, ...,
       4.99023438e+02, 4.99511719e+02, 5.00000000e+02], shape=(1025,)), array([1.7364906e-03, 8.2863361e-04, 2.2370531e-03, ..., 6.0572630e-17,
       5.5208023e-17, 4.2577047e-17], shape=(1025,), dtype=float32))",CV
211,"(array([0.00000000e+00, 4.88281250e-01, 9.76562500e-01, ...,
       4.99023438e+02, 4.99511719e+02, 5.00000000e+02], shape=(1025,)), array([4.2403843e-03, 1.8163263e-03, 2.9187563e-03, ..., 4.5781042e-17,
       7.2411622e-17, 2.1862853e-17], shape=(1025,), dtype=float32))",CV
212,"(array([0.00000000e+00, 4.88281250e-01, 9.76562500e-01, ...,
       4.99023438e+02, 4.99511719e+02, 5.00000000e+02], shape=(1025,)), array([1.2914593e-03, 6.2515866e-04, 2.1342013e-03, ..., 6.1792317e-17,
       6.7594612e-17, 3.9569492e-17], shape=(1025,), dtype=float32))",CV
213,"(array([0.00000000e+00, 4.88281250e-01, 9.76562500e-01, ...,
       4.99023438e+02, 4.99511719e+02, 5.00000000e+02], shape=(1025,)), array([6.8424228e-03, 2.5552339e-03, 1.8085171e-03, ..., 8.1818903e-17,
       5.2004432e-17, 1.9517151e-17], shape=(1025,), dtype=float32))",CV
214,"(array([0.00000000e+00, 4.88281250e-01, 9.76562500e-01, ...,
       4.99023438e+02, 4.99511719e+02, 5.00000000e+02], shape=(1025,)), array([5.1968643e-03, 2.2176704e-03, 3.3342997e-03, ..., 6.3780886e-17,
       5.1649224e-17, 2.3508261e-17], shape=(1025,), dtype=float32))",CV
215,"(array([0.00000000e+00, 4.88281250e-01, 9.76562500e-01, ...,
       4.99023438e+02, 4.99511719e+02, 5.00000000e+02], shape=(1025,)), array([4.6862722e-03, 2.1902551e-03, 2.8186736e-03, ..., 5.0221976e-17,
       4.1232330e-17, 1.9204012e-17], shape=(1025,), dtype=float32))",CV
216,"(array([0.00000000e+00, 4.88281250e-01, 9.76562500e-01, ...,
       4.99023438e+02, 4.99511719e+02, 5.00000000e+02], shape=(1025,)), array([7.9987878e-03, 3.2474697e-03, 6.1766799e-03, ..., 5.2690042e-17,
       9.2879750e-17, 4.7671272e-17], shape=(1025,), dtype=float32))",CV
217,"(array([0.00000000e+00, 4.88281250e-01, 9.76562500e-01, ...,
       4.99023438e+02, 4.99511719e+02, 5.00000000e+02], shape=(1025,)), array([4.1483631e-03, 1.6698365e-03, 3.9966959e-03, ..., 8.3268143e-17,
       1.1221508e-16, 2.5165054e-17], shape=(1025,), dtype=float32))",CV
218,"(array([0.00000000e+00, 4.88281250e-01, 9.76562500e-01, ...,
       4.99023438e+02, 4.99511719e+02, 5.00000000e+02], shape=(1025,)), array([1.7521502e-02, 9.1064237e-03, 2.2101644e-01, ..., 2.6340181e-16,
       5.1121320e-17, 1.1173398e-16], shape=(1025,), dtype=float32))",CV
219,"(array([0.00000000e+00, 4.88281250e-01, 9.76562500e-01, ...,
       4.99023438e+02, 4.99511719e+02, 5.00000000e+02], shape=(1025,)), array([2.7157711e-03, 9.5142232e-04, 2.6318713e-03, ..., 7.0431557e-17,
       8.7128535e-17, 2.5671772e-17], shape=(1025,), dtype=float32))",CV
220,"(array([0.00000000e+00, 4.88281250e-01, 9.76562500e-01, ...,
       4.99023438e+02, 4.99511719e+02, 5.00000000e+02], shape=(1025,)), array([9.9068098e-03, 4.1049244e-03, 4.3808892e-03, ..., 9.7122670e-17,
       9.1042072e-17, 3.6717065e-17], shape=(1025,), dtype=float32))",CV
221,"(array([0.00000000e+00, 4.88281250e-01, 9.76562500e-01, ...,
       4.99023438e+02, 4.99511719e+02, 5.00000000e+02], shape=(1025,)), array([7.82429054e-03, 3.25383246e-03, 4.39597946e-03, ...,
       4.51810947e-17, 1.08874445e-16, 2.07298592e-17],
      shape=(1025,), dtype=float32))",CV
222,"(array([0.00000000e+00, 4.88281250e-01, 9.76562500e-01, ...,
       4.99023438e+02, 4.99511719e+02, 5.00000000e+02], shape=(1025,)), array([5.1301229e-03, 2.2098834e-03, 4.1388129e-03, ..., 1.2029408e-16,
       3.9816127e-17, 2.1225188e-17], shape=(1025,), dtype=float32))",CV
223,"(array([0.00000000e+00, 4.88281250e-01, 9.76562500e-01, ...,
       4.99023438e+02, 4.99511719e+02, 5.00000000e+02], shape=(1025,)), array([3.4870743e-03, 1.4592733e-03, 3.6778485e-03, ..., 5.9475219e-17,
       5.9182735e-17, 3.9034302e-17], shape=(1025,), dtype=float32))",CV
224,"(array([0.00000000e+00, 4.88281250e-01, 9.76562500e-01, ...,
       4.99023438e+02, 4.99511719e+02, 5.00000000e+02], shape=(1025,)), array([5.9434781e-03, 2.3433906e-03, 2.9686289e-03, ..., 7.5411370e-17,
       6.7898101e-17, 2.3525343e-17], shape=(1025,), dtype=float32))",CV
225,"(array([0.00000000e+00, 4.88281250e-01, 9.76562500e-01, ...,
       4.99023438e+02, 4.99511719e+02, 5.00000000e+02], shape=(1025,)), array([9.0752365e-03, 3.6452769e-03, 2.1840939e-03, ..., 7.7087198e-17,
       6.8163110e-17, 1.8583426e-17], shape=(1025,), dtype=float32))",CV
226,"(array([0.00000000e+00, 4.88281250e-01, 9.76562500e-01, ...,
       4.99023438e+02, 4.99511719e+02, 5.00000000e+02], shape=(1025,)), array([7.0060636e-03, 2.9521422e-03, 2.8473111e-03, ..., 5.4421569e-17,
       5.8778832e-17, 1.9818905e-17], shape=(1025,), dtype=float32))",CV
227,"(array([0.00000000e+00, 4.88281250e-01, 9.76562500e-01, ...,
       4.99023438e+02, 4.99511719e+02, 5.00000000e+02], shape=(1025,)), array([1.9184991e-03, 8.1623677e-04, 3.4202340e-03, ..., 4.2279567e-17,
       7.1715639e-17, 2.2557452e-17], shape=(1025,), dtype=float32))",CV
228,"(array([0.00000000e+00, 4.88281250e-01, 9.76562500e-01, ...,
       4.99023438e+02, 4.99511719e+02, 5.00000000e+02], shape=(1025,)), array([1.1978686e-02, 4.0096850e-03, 5.8477041e-03, ..., 8.8775856e-17,
       1.3856942e-16, 4.3913589e-17], shape=(1025,), dtype=float32))",CV
229,"(array([0.00000000e+00, 4.88281250e-01, 9.76562500e-01, ...,
       4.99023438e+02, 4.99511719e+02, 5.00000000e+02], shape=(1025,)), array([3.1824240e-03, 1.2067737e-03, 1.7490779e-03, ..., 5.6173908e-17,
       8.6019690e-17, 2.7897914e-17], shape=(1025,), dtype=float32))",CV
230,"(array([0.00000000e+00, 4.88281250e-01, 9.76562500e-01, ...,
       4.99023438e+02, 4.99511719e+02, 5.00000000e+02], shape=(1025,)), array([1.9468830e-03, 9.9631981e-04, 9.9972531e-04, ..., 6.4626046e-17,
       5.6710067e-17, 9.1835370e-18], shape=(1025,), dtype=float32))",CV
231,"(array([0.00000000e+00, 4.88281250e-01, 9.76562500e-01, ...,
       4.99023438e+02, 4.99511719e+02, 5.00000000e+02], shape=(1025,)), array([2.4252923e-03, 8.5379364e-04, 2.1555263e-03, ..., 5.1942466e-17,
       3.6715646e-17, 3.3915887e-17], shape=(1025,), dtype=float32))",CV
232,"(array([0.00000000e+00, 4.88281250e-01, 9.76562500e-01, ...,
       4.99023438e+02, 4.99511719e+02, 5.00000000e+02], shape=(1025,)), array([2.5396352e-03, 1.2642781e-03, 1.9897106e-03, ..., 7.1744789e-17,
       4.6419950e-17, 1.1688656e-17], shape=(1025,), dtype=float32))",CV
233,"(array([0.00000000e+00, 4.88281250e-01, 9.76562500e-01, ...,
       4.99023438e+02, 4.99511719e+02, 5.00000000e+02], shape=(1025,)), array([4.8483578e-03, 1.7125383e-03, 1.9120576e-03, ..., 4.9258718e-17,
       2.8024436e-17, 4.4112860e-17], shape=(1025,), dtype=float32))",CV
234,"(array([0.00000000e+00, 4.88281250e-01, 9.76562500e-01, ...,
       4.99023438e+02, 4.99511719e+02, 5.00000000e+02], shape=(1025,)), array([2.7545122e-03, 7.5685151e-04, 4.3127430e-03, ..., 5.0321569e-17,
       9.7861111e-17, 4.7301192e-17], shape=(1025,), dtype=float32))",CV
235,"(array([0.00000000e+00, 4.88281250e-01, 9.76562500e-01, ...,
       4.99023438e+02, 4.99511719e+02, 5.00000000e+02], shape=(1025,)), array([4.0908316e-03, 1.6456381e-03, 1.4676367e-03, ..., 4.1730862e-17,
       5.3896922e-17, 9.0255447e-18], shape=(1025,), dtype=float32))",CV
236,"(array([0.00000000e+00, 4.88281250e-01, 9.76562500e-01, ...,
       4.99023438e+02, 4.99511719e+02, 5.00000000e+02], shape=(1025,)), array([3.8115063e-03, 1.4137940e-03, 2.2961055e-03, ..., 4.4007709e-17,
       7.6665415e-17, 3.5071661e-17], shape=(1025,), dtype=float32))",CV
237,"(array([0.00000000e+00, 4.88281250e-01, 9.76562500e-01, ...,
       4.99023438e+02, 4.99511719e+02, 5.00000000e+02], shape=(1025,)), array([6.5516434e-03, 2.3540223e-03, 1.3549359e-03, ..., 5.3147119e-17,
       6.8318753e-17, 4.5097821e-17], shape=(1025,), dtype=float32))",CV
238,"(array([0.00000000e+00, 4.88281250e-01, 9.76562500e-01, ...,
       4.99023438e+02, 4.99511719e+02, 5.00000000e+02], shape=(1025,)), array([1.8365068e-03, 7.1631407e-04, 4.6058316e-03, ..., 7.2147593e-17,
       4.0946238e-17, 2.4880383e-17], shape=(1025,), dtype=float32))",CV
239,"(array([0.00000000e+00, 4.88281250e-01, 9.76562500e-01, ...,
       4.99023438e+02, 4.99511719e+02, 5.00000000e+02], shape=(1025,)), array([5.7687098e-03, 2.2490567e-03, 1.3283559e-03, ..., 9.8799180e-17,
       1.4385817e-16, 3.3728008e-17], shape=(1025,), dtype=float32))",CV
240,"(array([0.00000000e+00, 4.88281250e-01, 9.76562500e-01, ...,
       4.99023438e+02, 4.99511719e+02, 5.00000000e+02], shape=(1025,)), array([5.8191516e-03, 2.2000778e-03, 3.7744057e-03, ..., 7.1319195e-17,
       6.3202310e-17, 2.8290761e-17], shape=(1025,), dtype=float32))",CV
241,"(array([0.00000000e+00, 4.88281250e-01, 9.76562500e-01, ...,
       4.99023438e+02, 4.99511719e+02, 5.00000000e+02], shape=(1025,)), array([1.9881977e-03, 7.9253077e-04, 1.5138001e-03, ..., 8.3361601e-17,
       7.9990549e-17, 3.0289160e-17], shape=(1025,), dtype=float32))",CV
242,"(array([0.00000000e+00, 4.88281250e-01, 9.76562500e-01, ...,
       4.99023438e+02, 4.99511719e+02, 5.00000000e+02], shape=(1025,)), array([5.6151552e-03, 2.6485589e-03, 1.3215673e-03, ..., 4.2963185e-17,
       3.5557384e-17, 4.4909945e-17], shape=(1025,), dtype=float32))",CV
243,"(array([0.00000000e+00, 4.88281250e-01, 9.76562500e-01, ...,
       4.99023438e+02, 4.99511719e+02, 5.00000000e+02], shape=(1025,)), array([4.4355333e-02, 1.4215236e-02, 2.9010044e-02, ..., 3.7321076e-16,
       2.2118424e-16, 1.2502819e-16], shape=(1025,), dtype=float32))",CV
244,"(array([0.00000000e+00, 4.88281250e-01, 9.76562500e-01, ...,
       4.99023438e+02, 4.99511719e+02, 5.00000000e+02], shape=(1025,)), array([2.8847570e-03, 1.1438353e-03, 1.3015911e-03, ..., 5.2348482e-17,
       4.3170884e-17, 3.9774457e-17], shape=(1025,), dtype=float32))",CV
245,"(array([0.00000000e+00, 4.88281250e-01, 9.76562500e-01, ...,
       4.99023438e+02, 4.99511719e+02, 5.00000000e+02], shape=(1025,)), array([3.6966358e-03, 1.7903614e-03, 1.4613930e-03, ..., 6.8201849e-17,
       6.9721644e-17, 4.3207604e-17], shape=(1025,), dtype=float32))",CV
246,"(array([0.00000000e+00, 4.88281250e-01, 9.76562500e-01, ...,
       4.99023438e+02, 4.99511719e+02, 5.00000000e+02], shape=(1025,)), array([3.0528568e-03, 1.2323615e-03, 8.8523387e-04, ..., 6.0624755e-17,
       7.8926636e-17, 4.0867593e-17], shape=(1025,), dtype=float32))",CV
247,"(array([0.00000000e+00, 4.88281250e-01, 9.76562500e-01, ...,
       4.99023438e+02, 4.99511719e+02, 5.00000000e+02], shape=(1025,)), array([2.3434921e-03, 9.6843194e-04, 3.1400861e-03, ..., 6.5981584e-17,
       1.2131617e-16, 2.7791158e-17], shape=(1025,), dtype=float32))",CV
248,"(array([0.00000000e+00, 4.88281250e-01, 9.76562500e-01, ...,
       4.99023438e+02, 4.99511719e+02, 5.00000000e+02], shape=(1025,)), array([6.5392670e-03, 2.4945412e-03, 2.6537660e-03, ..., 1.1320009e-16,
       6.5109689e-17, 8.4536363e-17], shape=(1025,), dtype=float32))",CV
249,"(array([0.00000000e+00, 4.88281250e-01, 9.76562500e-01, ...,
       4.99023438e+02, 4.99511719e+02, 5.00000000e+02], shape=(1025,)), array([4.0512767e-02, 1.1023534e-02, 1.4223605e-01, ..., 2.6852951e-16,
       1.1385212e-16, 6.2240815e-17], shape=(1025,), dtype=float32))",CV
250,"(array([0.00000000e+00, 4.88281250e-01, 9.76562500e-01, ...,
       4.99023438e+02, 4.99511719e+02, 5.00000000e+02], shape=(1025,)), array([4.6472964e-03, 1.9232146e-03, 2.5337229e-03, ..., 6.4227822e-17,
       1.2011216e-16, 1.3163259e-17], shape=(1025,), dtype=float32))",CV
251,"(array([0.00000000e+00, 4.88281250e-01, 9.76562500e-01, ...,
       4.99023438e+02, 4.99511719e+02, 5.00000000e+02], shape=(1025,)), array([1.6990437e-03, 5.7629659e-04, 1.1432802e-03, ..., 6.4506807e-17,
       9.2093406e-17, 3.0642155e-17], shape=(1025,), dtype=float32))",CV
252,"(array([0.00000000e+00, 4.88281250e-01, 9.76562500e-01, ...,
       4.99023438e+02, 4.99511719e+02, 5.00000000e+02], shape=(1025,)), array([5.1456289e-03, 2.0225074e-03, 1.4269373e-03, ..., 5.3901014e-17,
       5.9899748e-17, 2.2597307e-17], shape=(1025,), dtype=float32))",CV
253,"(array([0.00000000e+00, 4.88281250e-01, 9.76562500e-01, ...,
       4.99023438e+02, 4.99511719e+02, 5.00000000e+02], shape=(1025,)), array([1.05840325e-01, 2.93245539e-02, 1.84551552e-01, ...,
       1.18595730e-15, 1.41746424e-16, 3.92552046e-16],
      shape=(1025,), dtype=float32))",CV
254,"(array([0.00000000e+00, 4.88281250e-01, 9.76562500e-01, ...,
       4.99023438e+02, 4.99511719e+02, 5.00000000e+02], shape=(1025,)), array([4.6377638e-03, 1.6965009e-03, 3.4386073e-03, ..., 3.6853709e-17,
       4.5107694e-17, 8.6540463e-18], shape=(1025,), dtype=float32))",CV
255,"(array([0.00000000e+00, 4.88281250e-01, 9.76562500e-01, ...,
       4.99023438e+02, 4.99511719e+02, 5.00000000e+02], shape=(1025,)), array([3.1680549e-03, 1.3879332e-03, 3.2513200e-03, ..., 9.1690178e-17,
       6.5332353e-17, 2.4864725e-17], shape=(1025,), dtype=float32))",CV
256,"(array([0.00000000e+00, 4.88281250e-01, 9.76562500e-01, ...,
       4.99023438e+02, 4.99511719e+02, 5.00000000e+02], shape=(1025,)), array([1.9486541e-03, 9.7372424e-04, 1.1211057e-02, ..., 1.0837272e-16,
       8.9832033e-17, 3.6944804e-17], shape=(1025,), dtype=float32))",CV
257,"(array([0.00000000e+00, 4.88281250e-01, 9.76562500e-01, ...,
       4.99023438e+02, 4.99511719e+02, 5.00000000e+02], shape=(1025,)), array([3.6654570e-03, 1.4648451e-03, 1.0093235e-03, ..., 4.4895694e-17,
       7.0065401e-17, 4.5479293e-17], shape=(1025,), dtype=float32))",CV
258,"(array([0.00000000e+00, 4.88281250e-01, 9.76562500e-01, ...,
       4.99023438e+02, 4.99511719e+02, 5.00000000e+02], shape=(1025,)), array([9.1494014e-03, 4.0957895e-03, 2.9944130e-03, ..., 6.6094283e-16,
       1.7413497e-16, 1.6611783e-16], shape=(1025,), dtype=float32))",CV
259,"(array([0.00000000e+00, 4.88281250e-01, 9.76562500e-01, ...,
       4.99023438e+02, 4.99511719e+02, 5.00000000e+02], shape=(1025,)), array([2.3570359e-03, 8.0800394e-04, 8.2128553e-04, ..., 4.5956087e-17,
       4.8108596e-17, 1.6083999e-17], shape=(1025,), dtype=float32))",CV
260,"(array([0.00000000e+00, 4.88281250e-01, 9.76562500e-01, ...,
       4.99023438e+02, 4.99511719e+02, 5.00000000e+02], shape=(1025,)), array([1.9234119e-03, 7.5853762e-04, 1.3332841e-03, ..., 5.7864156e-17,
       4.7463015e-17, 1.8708680e-17], shape=(1025,), dtype=float32))",CV
261,"(array([0.00000000e+00, 4.88281250e-01, 9.76562500e-01, ...,
       4.99023438e+02, 4.99511719e+02, 5.00000000e+02], shape=(1025,)), array([4.5791175e-03, 1.9811930e-03, 1.0305325e-02, ..., 7.5632915e-17,
       1.1784847e-16, 4.8452687e-17], shape=(1025,), dtype=float32))",CV
262,"(array([0.00000000e+00, 4.88281250e-01, 9.76562500e-01, ...,
       4.99023438e+02, 4.99511719e+02, 5.00000000e+02], shape=(1025,)), array([1.2818154e-02, 3.8868040e-03, 8.5935527e-03, ..., 7.4391516e-17,
       9.7891816e-17, 3.7172547e-17], shape=(1025,), dtype=float32))",CV
263,"(array([0.00000000e+00, 4.88281250e-01, 9.76562500e-01, ...,
       4.99023438e+02, 4.99511719e+02, 5.00000000e+02], shape=(1025,)), array([3.3753302e-03, 1.3890285e-03, 4.6836939e-03, ..., 1.0135553e-16,
       6.8500554e-17, 1.7513058e-17], shape=(1025,), dtype=float32))",CV
264,"(array([0.00000000e+00, 4.88281250e-01, 9.76562500e-01, ...,
       4.99023438e+02, 4.99511719e+02, 5.00000000e+02], shape=(1025,)), array([5.39519042e-02, 2.38852818e-02, 1.07851615e-02, ...,
       2.09212281e-16, 2.13535735e-16, 3.36141386e-17],
      shape=(1025,), dtype=float32))",CV
265,"(array([0.00000000e+00, 4.88281250e-01, 9.76562500e-01, ...,
       4.99023438e+02, 4.99511719e+02, 5.00000000e+02], shape=(1025,)), array([1.5282947e-01, 7.7143617e-02, 5.8607811e-01, ..., 4.9943782e-15,
       3.2971867e-15, 3.6795776e-16], shape=(1025,), dtype=float32))",CV
266,"(array([0.00000000e+00, 4.88281250e-01, 9.76562500e-01, ...,
       4.99023438e+02, 4.99511719e+02, 5.00000000e+02], shape=(1025,)), array([3.5438905e-03, 1.2584181e-03, 3.7293546e-03, ..., 9.9957875e-17,
       1.4856972e-16, 4.8212146e-17], shape=(1025,), dtype=float32))",CV
267,"(array([0.00000000e+00, 4.88281250e-01, 9.76562500e-01, ...,
       4.99023438e+02, 4.99511719e+02, 5.00000000e+02], shape=(1025,)), array([8.1681237e-03, 2.7359435e-03, 5.4335371e-03, ..., 1.2572280e-16,
       5.1259688e-17, 6.4677609e-17], shape=(1025,), dtype=float32))",CV
268,"(array([0.00000000e+00, 4.88281250e-01, 9.76562500e-01, ...,
       4.99023438e+02, 4.99511719e+02, 5.00000000e+02], shape=(1025,)), array([3.2767903e-03, 1.4175543e-03, 8.7709520e-03, ..., 1.4068802e-16,
       2.4475313e-16, 1.5703678e-16], shape=(1025,), dtype=float32))",CV
269,"(array([0.00000000e+00, 4.88281250e-01, 9.76562500e-01, ...,
       4.99023438e+02, 4.99511719e+02, 5.00000000e+02], shape=(1025,)), array([1.1242205e-02, 4.3360800e-03, 2.9947034e-03, ..., 5.3316505e-17,
       7.1583932e-17, 4.9373607e-17], shape=(1025,), dtype=float32))",CV
270,"(array([0.00000000e+00, 4.88281250e-01, 9.76562500e-01, ...,
       4.99023438e+02, 4.99511719e+02, 5.00000000e+02], shape=(1025,)), array([1.1376969e-01, 3.3477768e-02, 8.0167651e-02, ..., 3.8018965e-16,
       6.4982790e-16, 1.2423680e-16], shape=(1025,), dtype=float32))",CV
271,"(array([0.00000000e+00, 4.88281250e-01, 9.76562500e-01, ...,
       4.99023438e+02, 4.99511719e+02, 5.00000000e+02], shape=(1025,)), array([5.1970328e-03, 1.9801406e-03, 1.4358903e-03, ..., 9.5231517e-17,
       4.4232646e-17, 3.5891519e-17], shape=(1025,), dtype=float32))",CV
272,"(array([0.00000000e+00, 4.88281250e-01, 9.76562500e-01, ...,
       4.99023438e+02, 4.99511719e+02, 5.00000000e+02], shape=(1025,)), array([4.9332534e-03, 2.1622477e-03, 1.4213350e-03, ..., 4.6587021e-17,
       8.0511262e-17, 4.7824986e-17], shape=(1025,), dtype=float32))",CV
273,"(array([0.00000000e+00, 4.88281250e-01, 9.76562500e-01, ...,
       4.99023438e+02, 4.99511719e+02, 5.00000000e+02], shape=(1025,)), array([2.1437544e-03, 9.6355728e-04, 2.2390983e-03, ..., 9.5220122e-17,
       1.7921478e-16, 1.5816406e-17], shape=(1025,), dtype=float32))",CV
274,"(array([0.00000000e+00, 4.88281250e-01, 9.76562500e-01, ...,
       4.99023438e+02, 4.99511719e+02, 5.00000000e+02], shape=(1025,)), array([2.1754836e-03, 9.6214528e-04, 1.8491360e-03, ..., 6.2208965e-17,
       7.2703624e-17, 3.8795181e-17], shape=(1025,), dtype=float32))",CV
275,"(array([0.00000000e+00, 4.88281250e-01, 9.76562500e-01, ...,
       4.99023438e+02, 4.99511719e+02, 5.00000000e+02], shape=(1025,)), array([2.9597639e-03, 1.2634844e-03, 1.1343302e-03, ..., 8.7551225e-17,
       7.0698300e-17, 2.0228831e-17], shape=(1025,), dtype=float32))",CV
276,"(array([0.00000000e+00, 4.88281250e-01, 9.76562500e-01, ...,
       4.99023438e+02, 4.99511719e+02, 5.00000000e+02], shape=(1025,)), array([1.3640404e-02, 4.8677120e-03, 1.8746553e-02, ..., 8.5109282e-17,
       1.0627415e-16, 3.8259989e-17], shape=(1025,), dtype=float32))",CV
277,"(array([0.00000000e+00, 4.88281250e-01, 9.76562500e-01, ...,
       4.99023438e+02, 4.99511719e+02, 5.00000000e+02], shape=(1025,)), array([2.1485863e-03, 1.0319555e-03, 1.4883740e-03, ..., 9.2463069e-17,
       5.3787151e-17, 2.8359083e-17], shape=(1025,), dtype=float32))",CV
278,"(array([0.00000000e+00, 4.88281250e-01, 9.76562500e-01, ...,
       4.99023438e+02, 4.99511719e+02, 5.00000000e+02], shape=(1025,)), array([4.1426872e-03, 1.3896649e-03, 3.0263560e-03, ..., 1.4730561e-16,
       1.1647735e-16, 4.8690395e-17], shape=(1025,), dtype=float32))",CV
279,"(array([0.00000000e+00, 4.88281250e-01, 9.76562500e-01, ...,
       4.99023438e+02, 4.99511719e+02, 5.00000000e+02], shape=(1025,)), array([4.3673376e-03, 1.7713694e-03, 1.4993525e-03, ..., 1.3864978e-16,
       5.9970191e-17, 2.1800226e-17], shape=(1025,), dtype=float32))",CV
280,"(array([0.00000000e+00, 4.88281250e-01, 9.76562500e-01, ...,
       4.99023438e+02, 4.99511719e+02, 5.00000000e+02], shape=(1025,)), array([1.7996609e-03, 8.4495690e-04, 2.8741062e-03, ..., 6.1222390e-17,
       3.8029930e-17, 3.4297350e-17], shape=(1025,), dtype=float32))",CV
281,"(array([0.00000000e+00, 4.88281250e-01, 9.76562500e-01, ...,
       4.99023438e+02, 4.99511719e+02, 5.00000000e+02], shape=(1025,)), array([3.8477394e-03, 1.3809726e-03, 2.0467562e-03, ..., 9.6710562e-17,
       5.9321853e-17, 3.6005382e-17], shape=(1025,), dtype=float32))",CV
282,"(array([0.00000000e+00, 4.88281250e-01, 9.76562500e-01, ...,
       4.99023438e+02, 4.99511719e+02, 5.00000000e+02], shape=(1025,)), array([1.8368387e-03, 7.0413895e-04, 1.1105145e-03, ..., 7.9221046e-17,
       7.5116265e-17, 1.4324723e-17], shape=(1025,), dtype=float32))",CV
283,"(array([0.00000000e+00, 4.88281250e-01, 9.76562500e-01, ...,
       4.99023438e+02, 4.99511719e+02, 5.00000000e+02], shape=(1025,)), array([1.1273963e-02, 4.1174437e-03, 8.0646770e-03, ..., 5.2163578e-17,
       1.3920826e-16, 4.5302793e-17], shape=(1025,), dtype=float32))",CV
284,"(array([0.00000000e+00, 4.88281250e-01, 9.76562500e-01, ...,
       4.99023438e+02, 4.99511719e+02, 5.00000000e+02], shape=(1025,)), array([1.3666706e-03, 5.9522025e-04, 8.3334564e-04, ..., 6.5532511e-17,
       4.7828238e-17, 1.5453451e-17], shape=(1025,), dtype=float32))",CV
285,"(array([0.00000000e+00, 4.88281250e-01, 9.76562500e-01, ...,
       4.99023438e+02, 4.99511719e+02, 5.00000000e+02], shape=(1025,)), array([5.1496769e-03, 2.2169633e-03, 3.7255969e-03, ..., 9.4398851e-17,
       1.3110271e-16, 1.6654769e-17], shape=(1025,), dtype=float32))",CV
286,"(array([0.00000000e+00, 4.88281250e-01, 9.76562500e-01, ...,
       4.99023438e+02, 4.99511719e+02, 5.00000000e+02], shape=(1025,)), array([3.1571304e-03, 1.3522612e-03, 1.2923959e-03, ..., 3.6473675e-17,
       5.1031227e-17, 1.8748535e-17], shape=(1025,), dtype=float32))",CV
287,"(array([0.00000000e+00, 4.88281250e-01, 9.76562500e-01, ...,
       4.99023438e+02, 4.99511719e+02, 5.00000000e+02], shape=(1025,)), array([2.7051480e-03, 1.2041583e-03, 6.8497995e-04, ..., 1.3284317e-16,
       6.9666872e-17, 1.1682963e-17], shape=(1025,), dtype=float32))",CV
288,"(array([0.00000000e+00, 4.88281250e-01, 9.76562500e-01, ...,
       4.99023438e+02, 4.99511719e+02, 5.00000000e+02], shape=(1025,)), array([1.1526594e-02, 3.3567550e-03, 1.1083250e-02, ..., 9.4505597e-17,
       1.8291473e-16, 3.7554006e-17], shape=(1025,), dtype=float32))",CV
289,"(array([0.00000000e+00, 4.88281250e-01, 9.76562500e-01, ...,
       4.99023438e+02, 4.99511719e+02, 5.00000000e+02], shape=(1025,)), array([5.9715309e-03, 1.8749022e-03, 2.2271427e-03, ..., 5.6141172e-17,
       6.5963399e-17, 7.6975462e-17], shape=(1025,), dtype=float32))",CV
290,"(array([0.00000000e+00, 4.88281250e-01, 9.76562500e-01, ...,
       4.99023438e+02, 4.99511719e+02, 5.00000000e+02], shape=(1025,)), array([4.15475620e-03, 1.65107707e-03, 6.51151640e-03, ...,
       6.86190787e-17, 1.05856024e-16, 4.43918387e-17],
      shape=(1025,), dtype=float32))",CV
291,"(array([0.00000000e+00, 4.88281250e-01, 9.76562500e-01, ...,
       4.99023438e+02, 4.99511719e+02, 5.00000000e+02], shape=(1025,)), array([1.4280828e-02, 6.8715271e-03, 4.9310257e-03, ..., 2.3086164e-16,
       1.7281136e-16, 9.5126181e-17], shape=(1025,), dtype=float32))",CV
292,"(array([0.00000000e+00, 4.88281250e-01, 9.76562500e-01, ...,
       4.99023438e+02, 4.99511719e+02, 5.00000000e+02], shape=(1025,)), array([1.0177477e-02, 4.1493890e-03, 3.5370474e-03, ..., 1.0329718e-16,
       8.0657349e-17, 6.9283616e-17], shape=(1025,), dtype=float32))",CV
293,"(array([0.00000000e+00, 4.88281250e-01, 9.76562500e-01, ...,
       4.99023438e+02, 4.99511719e+02, 5.00000000e+02], shape=(1025,)), array([1.9168154e-03, 1.7713148e-03, 6.0528159e-02, ..., 4.4357967e-16,
       2.7075511e-16, 9.2028958e-17], shape=(1025,), dtype=float32))",CV
294,"(array([0.00000000e+00, 4.88281250e-01, 9.76562500e-01, ...,
       4.99023438e+02, 4.99511719e+02, 5.00000000e+02], shape=(1025,)), array([1.3104904e-02, 4.5336862e-03, 5.4177996e-03, ..., 1.1816189e-16,
       6.6370868e-17, 3.1839204e-17], shape=(1025,), dtype=float32))",CV
295,"(array([0.00000000e+00, 4.88281250e-01, 9.76562500e-01, ...,
       4.99023438e+02, 4.99511719e+02, 5.00000000e+02], shape=(1025,)), array([9.2509035e-03, 3.1826037e-03, 2.6083188e-03, ..., 6.5889614e-17,
       9.7124762e-17, 2.8808864e-17], shape=(1025,), dtype=float32))",CV
296,"(array([0.00000000e+00, 4.88281250e-01, 9.76562500e-01, ...,
       4.99023438e+02, 4.99511719e+02, 5.00000000e+02], shape=(1025,)), array([5.0447532e-03, 2.7559982e-03, 6.7377784e-03, ..., 8.2261822e-17,
       7.6981954e-17, 2.0040950e-17], shape=(1025,), dtype=float32))",CV
297,"(array([0.00000000e+00, 4.88281250e-01, 9.76562500e-01, ...,
       4.99023438e+02, 4.99511719e+02, 5.00000000e+02], shape=(1025,)), array([6.3485047e-03, 2.5030309e-03, 1.4803949e-03, ..., 6.9692825e-17,
       6.4105161e-17, 1.7809114e-17], shape=(1025,), dtype=float32))",CV
298,"(array([0.00000000e+00, 4.88281250e-01, 9.76562500e-01, ...,
       4.99023438e+02, 4.99511719e+02, 5.00000000e+02], shape=(1025,)), array([1.5857725e-03, 6.6240045e-04, 1.5247950e-03, ..., 8.3164878e-17,
       5.7759640e-17, 1.1261647e-17], shape=(1025,), dtype=float32))",CV
299,"(array([0.00000000e+00, 4.88281250e-01, 9.76562500e-01, ...,
       4.99023438e+02, 4.99511719e+02, 5.00000000e+02], shape=(1025,)), array([2.5005988e-03, 9.3026547e-04, 2.6392427e-03, ..., 1.0505556e-16,
       7.4267908e-17, 2.4333811e-17], shape=(1025,), dtype=float32))",CV
300,"(array([0.00000000e+00, 4.88281250e-01, 9.76562500e-01, ...,
       4.99023438e+02, 4.99511719e+02, 5.00000000e+02], shape=(1025,)), array([1.9321900e-03, 7.7620184e-04, 1.1298980e-03, ..., 1.2638790e-16,
       1.0430261e-16, 3.4969176e-17], shape=(1025,), dtype=float32))",CV
301,"(array([0.00000000e+00, 4.88281250e-01, 9.76562500e-01, ...,
       4.99023438e+02, 4.99511719e+02, 5.00000000e+02], shape=(1025,)), array([1.2845935e-02, 5.3967182e-03, 3.4305577e-03, ..., 1.1736605e-16,
       3.9896238e-17, 5.5067058e-17], shape=(1025,), dtype=float32))",CV
302,"(array([0.00000000e+00, 4.88281250e-01, 9.76562500e-01, ...,
       4.99023438e+02, 4.99511719e+02, 5.00000000e+02], shape=(1025,)), array([4.2522475e-03, 1.9104867e-03, 3.5300718e-03, ..., 1.2096661e-16,
       7.9499892e-17, 4.7899005e-17], shape=(1025,), dtype=float32))",CV
303,"(array([0.00000000e+00, 4.88281250e-01, 9.76562500e-01, ...,
       4.99023438e+02, 4.99511719e+02, 5.00000000e+02], shape=(1025,)), array([1.16261905e-02, 4.91318293e-03, 9.01630428e-03, ...,
       8.41924677e-17, 1.96502419e-16, 1.07332951e-16],
      shape=(1025,), dtype=float32))",CV
304,"(array([0.00000000e+00, 4.88281250e-01, 9.76562500e-01, ...,
       4.99023438e+02, 4.99511719e+02, 5.00000000e+02], shape=(1025,)), array([4.2610341e-03, 1.4682573e-03, 3.6817205e-03, ..., 8.7438159e-17,
       9.9148820e-17, 7.8250796e-17], shape=(1025,), dtype=float32))",CV
305,"(array([0.00000000e+00, 4.88281250e-01, 9.76562500e-01, ...,
       4.99023438e+02, 4.99511719e+02, 5.00000000e+02], shape=(1025,)), array([2.0984353e-03, 8.5248321e-04, 1.5108091e-03, ..., 8.7965245e-17,
       5.2949565e-17, 3.9126818e-17], shape=(1025,), dtype=float32))",CV
306,"(array([0.00000000e+00, 4.88281250e-01, 9.76562500e-01, ...,
       4.99023438e+02, 4.99511719e+02, 5.00000000e+02], shape=(1025,)), array([2.21290719e-03, 9.27508459e-04, 1.37408893e-03, ...,
       4.06221120e-17, 1.02975675e-16, 2.85355772e-17],
      shape=(1025,), dtype=float32))",CV
307,"(array([0.00000000e+00, 4.88281250e-01, 9.76562500e-01, ...,
       4.99023438e+02, 4.99511719e+02, 5.00000000e+02], shape=(1025,)), array([5.3594233e-03, 2.3529264e-03, 1.9776707e-03, ..., 6.6146523e-17,
       8.4927831e-17, 3.4547863e-17], shape=(1025,), dtype=float32))",CV
308,"(array([0.00000000e+00, 4.88281250e-01, 9.76562500e-01, ...,
       4.99023438e+02, 4.99511719e+02, 5.00000000e+02], shape=(1025,)), array([9.7201513e-03, 3.8588231e-03, 4.6706153e-03, ..., 5.2591293e-17,
       7.6541332e-17, 1.8902257e-17], shape=(1025,), dtype=float32))",CV
309,"(array([0.00000000e+00, 4.88281250e-01, 9.76562500e-01, ...,
       4.99023438e+02, 4.99511719e+02, 5.00000000e+02], shape=(1025,)), array([2.1641548e-03, 9.8257314e-04, 1.1664468e-03, ..., 5.4180300e-17,
       4.5401002e-17, 1.5025018e-17], shape=(1025,), dtype=float32))",CV
310,"(array([0.00000000e+00, 4.88281250e-01, 9.76562500e-01, ...,
       4.99023438e+02, 4.99511719e+02, 5.00000000e+02], shape=(1025,)), array([3.3868018e-03, 1.3427028e-03, 1.1582170e-03, ..., 5.6591482e-17,
       3.4784675e-17, 2.5802723e-17], shape=(1025,), dtype=float32))",CV
311,"(array([0.00000000e+00, 4.88281250e-01, 9.76562500e-01, ...,
       4.99023438e+02, 4.99511719e+02, 5.00000000e+02], shape=(1025,)), array([1.0712603e-02, 3.8451133e-03, 6.5593352e-03, ..., 1.5848307e-16,
       1.2419495e-16, 2.5529437e-17], shape=(1025,), dtype=float32))",CV
312,"(array([0.00000000e+00, 4.88281250e-01, 9.76562500e-01, ...,
       4.99023438e+02, 4.99511719e+02, 5.00000000e+02], shape=(1025,)), array([1.3314939e-02, 4.6124989e-03, 5.6000771e-03, ..., 5.2943404e-17,
       1.0681737e-16, 4.5514872e-17], shape=(1025,), dtype=float32))",CV
313,"(array([0.00000000e+00, 4.88281250e-01, 9.76562500e-01, ...,
       4.99023438e+02, 4.99511719e+02, 5.00000000e+02], shape=(1025,)), array([2.7252485e-03, 1.1766132e-03, 2.2593846e-03, ..., 5.6650556e-17,
       3.6888722e-17, 2.1982414e-17], shape=(1025,), dtype=float32))",CV
314,"(array([0.00000000e+00, 4.88281250e-01, 9.76562500e-01, ...,
       4.99023438e+02, 4.99511719e+02, 5.00000000e+02], shape=(1025,)), array([1.9807774e-03, 9.2613604e-04, 1.5549341e-03, ..., 8.4160598e-17,
       4.8089604e-17, 2.4003592e-17], shape=(1025,), dtype=float32))",CV
315,"(array([0.00000000e+00, 4.88281250e-01, 9.76562500e-01, ...,
       4.99023438e+02, 4.99511719e+02, 5.00000000e+02], shape=(1025,)), array([3.4539553e-03, 1.3682829e-03, 2.9669085e-03, ..., 1.1987253e-16,
       1.3919406e-16, 2.7328565e-17], shape=(1025,), dtype=float32))",CV
316,"(array([0.00000000e+00, 4.88281250e-01, 9.76562500e-01, ...,
       4.99023438e+02, 4.99511719e+02, 5.00000000e+02], shape=(1025,)), array([8.2035534e-02, 4.3069627e-02, 5.0121292e-02, ..., 1.1304917e-16,
       7.0253564e-16, 1.5171909e-16], shape=(1025,), dtype=float32))",CV
317,"(array([0.00000000e+00, 4.88281250e-01, 9.76562500e-01, ...,
       4.99023438e+02, 4.99511719e+02, 5.00000000e+02], shape=(1025,)), array([8.6880354e-03, 3.8856415e-03, 9.8328255e-03, ..., 1.1247134e-16,
       8.7948880e-17, 7.4447565e-17], shape=(1025,), dtype=float32))",CV
318,"(array([0.00000000e+00, 4.88281250e-01, 9.76562500e-01, ...,
       4.99023438e+02, 4.99511719e+02, 5.00000000e+02], shape=(1025,)), array([7.1221967e-03, 2.8390209e-03, 6.5259370e-03, ..., 1.2082712e-16,
       1.5358513e-16, 3.5665202e-17], shape=(1025,), dtype=float32))",CV
319,"(array([0.00000000e+00, 4.88281250e-01, 9.76562500e-01, ...,
       4.99023438e+02, 4.99511719e+02, 5.00000000e+02], shape=(1025,)), array([3.6836141e-03, 1.7789946e-03, 4.7833296e-03, ..., 1.2196654e-16,
       1.4863912e-16, 3.4712975e-17], shape=(1025,), dtype=float32))",CV
320,"(array([0.00000000e+00, 4.88281250e-01, 9.76562500e-01, ...,
       4.99023438e+02, 4.99511719e+02, 5.00000000e+02], shape=(1025,)), array([7.9864627e-03, 2.8014246e-03, 4.8545175e-03, ..., 1.3057361e-16,
       1.0543112e-16, 3.5914290e-17], shape=(1025,), dtype=float32))",CV
321,"(array([0.00000000e+00, 4.88281250e-01, 9.76562500e-01, ...,
       4.99023438e+02, 4.99511719e+02, 5.00000000e+02], shape=(1025,)), array([5.3181443e-03, 2.4291968e-03, 4.3746275e-03, ..., 9.4050125e-17,
       7.6369867e-17, 2.1817309e-17], shape=(1025,), dtype=float32))",CV
322,"(array([0.00000000e+00, 4.88281250e-01, 9.76562500e-01, ...,
       4.99023438e+02, 4.99511719e+02, 5.00000000e+02], shape=(1025,)), array([4.0904488e-03, 1.4666398e-03, 1.8506921e-03, ..., 8.7343238e-17,
       8.1275260e-17, 4.9363651e-17], shape=(1025,), dtype=float32))",CV
323,"(array([0.00000000e+00, 4.88281250e-01, 9.76562500e-01, ...,
       4.99023438e+02, 4.99511719e+02, 5.00000000e+02], shape=(1025,)), array([1.7561572e-02, 7.1571441e-03, 6.3503785e-03, ..., 9.9078152e-17,
       7.1819685e-17, 6.7820399e-17], shape=(1025,), dtype=float32))",CV
324,"(array([0.00000000e+00, 4.88281250e-01, 9.76562500e-01, ...,
       4.99023438e+02, 4.99511719e+02, 5.00000000e+02], shape=(1025,)), array([2.34594732e-03, 9.78871249e-04, 3.23651382e-03, ...,
       1.15491659e-16, 1.04445925e-16, 4.48188492e-17],
      shape=(1025,), dtype=float32))",CV
325,"(array([0.00000000e+00, 4.88281250e-01, 9.76562500e-01, ...,
       4.99023438e+02, 4.99511719e+02, 5.00000000e+02], shape=(1025,)), array([4.2980532e-03, 1.6832220e-03, 3.5659096e-03, ..., 1.8232993e-16,
       2.0050260e-16, 2.1817307e-17], shape=(1025,), dtype=float32))",CV
326,"(array([0.00000000e+00, 4.88281250e-01, 9.76562500e-01, ...,
       4.99023438e+02, 4.99511719e+02, 5.00000000e+02], shape=(1025,)), array([1.73547573e-03, 6.75221905e-04, 1.70083600e-03, ...,
       1.00663076e-16, 6.83906181e-17, 5.03984306e-17],
      shape=(1025,), dtype=float32))",CV
327,"(array([0.00000000e+00, 4.88281250e-01, 9.76562500e-01, ...,
       4.99023438e+02, 4.99511719e+02, 5.00000000e+02], shape=(1025,)), array([1.1248424e-02, 4.8053269e-03, 9.9062617e-04, ..., 6.2436393e-17,
       9.4517859e-17, 3.3802021e-17], shape=(1025,), dtype=float32))",CV
328,"(array([0.00000000e+00, 4.88281250e-01, 9.76562500e-01, ...,
       4.99023438e+02, 4.99511719e+02, 5.00000000e+02], shape=(1025,)), array([3.7599665e-03, 1.5281449e-03, 2.0256084e-03, ..., 6.8184696e-17,
       5.4169808e-17, 3.3796327e-17], shape=(1025,), dtype=float32))",CV
329,"(array([0.00000000e+00, 4.88281250e-01, 9.76562500e-01, ...,
       4.99023438e+02, 4.99511719e+02, 5.00000000e+02], shape=(1025,)), array([3.4520940e-03, 1.5933121e-03, 1.2131402e-03, ..., 7.1997245e-17,
       6.7297006e-17, 3.0699088e-17], shape=(1025,), dtype=float32))",CV
330,"(array([0.00000000e+00, 4.88281250e-01, 9.76562500e-01, ...,
       4.99023438e+02, 4.99511719e+02, 5.00000000e+02], shape=(1025,)), array([2.9408606e-03, 1.0179500e-03, 1.7554351e-03, ..., 1.0406510e-16,
       3.0563884e-17, 3.3802021e-17], shape=(1025,), dtype=float32))",CV
331,"(array([0.00000000e+00, 4.88281250e-01, 9.76562500e-01, ...,
       4.99023438e+02, 4.99511719e+02, 5.00000000e+02], shape=(1025,)), array([2.5155321e-03, 1.0827302e-03, 1.1633518e-03, ..., 7.8367515e-17,
       4.5404215e-17, 3.4485236e-17], shape=(1025,), dtype=float32))",CV
332,"(array([0.00000000e+00, 4.88281250e-01, 9.76562500e-01, ...,
       4.99023438e+02, 4.99511719e+02, 5.00000000e+02], shape=(1025,)), array([3.5633591e-03, 1.5370311e-03, 9.4970939e-04, ..., 8.9516004e-17,
       1.1197844e-16, 3.2481143e-17], shape=(1025,), dtype=float32))",CV
333,"(array([0.00000000e+00, 4.88281250e-01, 9.76562500e-01, ...,
       4.99023438e+02, 4.99511719e+02, 5.00000000e+02], shape=(1025,)), array([3.1539907e-03, 1.1289478e-03, 2.6013739e-03, ..., 8.9128135e-17,
       1.8530020e-16, 4.6458563e-17], shape=(1025,), dtype=float32))",CV
334,"(array([0.00000000e+00, 4.88281250e-01, 9.76562500e-01, ...,
       4.99023438e+02, 4.99511719e+02, 5.00000000e+02], shape=(1025,)), array([3.2940893e-03, 1.3975109e-03, 3.3541620e-03, ..., 1.5233487e-16,
       2.0380440e-16, 9.3463700e-17], shape=(1025,), dtype=float32))",CV
335,"(array([0.00000000e+00, 4.88281250e-01, 9.76562500e-01, ...,
       4.99023438e+02, 4.99511719e+02, 5.00000000e+02], shape=(1025,)), array([5.4286025e-03, 2.2415335e-03, 1.8715962e-03, ..., 1.5065554e-16,
       1.5857726e-16, 5.0079599e-17], shape=(1025,), dtype=float32))",CV
336,"(array([0.00000000e+00, 4.88281250e-01, 9.76562500e-01, ...,
       4.99023438e+02, 4.99511719e+02, 5.00000000e+02], shape=(1025,)), array([3.2699876e-03, 1.2086550e-03, 2.2353893e-03, ..., 1.0209356e-16,
       7.3027462e-17, 1.6078307e-17], shape=(1025,), dtype=float32))",CV
337,"(array([0.00000000e+00, 4.88281250e-01, 9.76562500e-01, ...,
       4.99023438e+02, 4.99511719e+02, 5.00000000e+02], shape=(1025,)), array([2.6984364e-03, 1.1850797e-03, 1.1329752e-03, ..., 8.7412450e-17,
       9.9162227e-17, 4.0241311e-17], shape=(1025,), dtype=float32))",CV
338,"(array([0.00000000e+00, 4.88281250e-01, 9.76562500e-01, ...,
       4.99023438e+02, 4.99511719e+02, 5.00000000e+02], shape=(1025,)), array([2.3134013e-03, 1.0317228e-03, 2.2778830e-03, ..., 1.1089420e-16,
       1.2347962e-16, 4.5196040e-17], shape=(1025,), dtype=float32))",CV
339,"(array([0.00000000e+00, 4.88281250e-01, 9.76562500e-01, ...,
       4.99023438e+02, 4.99511719e+02, 5.00000000e+02], shape=(1025,)), array([1.6196365e-03, 6.5928727e-04, 1.3276275e-03, ..., 1.5549426e-16,
       6.9477441e-17, 4.8320325e-17], shape=(1025,), dtype=float32))",CV
340,"(array([0.00000000e+00, 4.88281250e-01, 9.76562500e-01, ...,
       4.99023438e+02, 4.99511719e+02, 5.00000000e+02], shape=(1025,)), array([3.9393054e-03, 1.8364361e-03, 3.5373620e-03, ..., 1.0828670e-16,
       1.4329901e-16, 3.9888320e-17], shape=(1025,), dtype=float32))",CV
341,"(array([0.00000000e+00, 4.88281250e-01, 9.76562500e-01, ...,
       4.99023438e+02, 4.99511719e+02, 5.00000000e+02], shape=(1025,)), array([2.426398e-02, 9.267560e-03, 6.255328e-03, ..., 1.741406e-16,
       3.149617e-16, 5.980971e-17], shape=(1025,), dtype=float32))",CV
342,"(array([0.00000000e+00, 4.88281250e-01, 9.76562500e-01, ...,
       4.99023438e+02, 4.99511719e+02, 5.00000000e+02], shape=(1025,)), array([7.79691897e-03, 3.00282659e-03, 3.47315311e-03, ...,
       9.90233462e-17, 1.10857945e-16, 5.40664373e-17],
      shape=(1025,), dtype=float32))",CV
343,"(array([0.00000000e+00, 4.88281250e-01, 9.76562500e-01, ...,
       4.99023438e+02, 4.99511719e+02, 5.00000000e+02], shape=(1025,)), array([2.4917114e-03, 9.4348483e-04, 2.2619045e-03, ..., 7.2277705e-17,
       5.0192231e-17, 3.1957342e-17], shape=(1025,), dtype=float32))",CV
344,"(array([0.00000000e+00, 4.88281250e-01, 9.76562500e-01, ...,
       4.99023438e+02, 4.99511719e+02, 5.00000000e+02], shape=(1025,)), array([5.9594237e-03, 2.4237537e-03, 1.5602086e-03, ..., 6.2007371e-17,
       6.0077115e-17, 2.2961688e-17], shape=(1025,), dtype=float32))",CV
345,"(array([0.00000000e+00, 4.88281250e-01, 9.76562500e-01, ...,
       4.99023438e+02, 4.99511719e+02, 5.00000000e+02], shape=(1025,)), array([5.8919243e-03, 2.2686205e-03, 1.9793469e-03, ..., 2.3700167e-16,
       3.5655841e-16, 1.0539717e-16], shape=(1025,), dtype=float32))",CV
346,"(array([0.00000000e+00, 4.88281250e-01, 9.76562500e-01, ...,
       4.99023438e+02, 4.99511719e+02, 5.00000000e+02], shape=(1025,)), array([2.3791944e-03, 1.0339050e-03, 6.8185281e-04, ..., 1.1657157e-16,
       5.9602737e-17, 5.6810678e-17], shape=(1025,), dtype=float32))",CV
347,"(array([0.00000000e+00, 4.88281250e-01, 9.76562500e-01, ...,
       4.99023438e+02, 4.99511719e+02, 5.00000000e+02], shape=(1025,)), array([3.8549739e-03, 1.6163755e-03, 1.9880605e-03, ..., 9.3062531e-17,
       6.9383870e-17, 1.6493928e-17], shape=(1025,), dtype=float32))",CV
348,"(array([0.00000000e+00, 4.88281250e-01, 9.76562500e-01, ...,
       4.99023438e+02, 4.99511719e+02, 5.00000000e+02], shape=(1025,)), array([3.2099369e-03, 1.3035031e-03, 1.4573014e-03, ..., 6.6109691e-17,
       9.0612150e-17, 2.3810015e-17], shape=(1025,), dtype=float32))",CV
349,"(array([0.00000000e+00, 4.88281250e-01, 9.76562500e-01, ...,
       4.99023438e+02, 4.99511719e+02, 5.00000000e+02], shape=(1025,)), array([1.9916659e-03, 8.3248387e-04, 1.8196936e-03, ..., 7.4269649e-17,
       1.1294202e-16, 6.1694227e-17], shape=(1025,), dtype=float32))",CV
350,"(array([0.00000000e+00, 4.88281250e-01, 9.76562500e-01, ...,
       4.99023438e+02, 4.99511719e+02, 5.00000000e+02], shape=(1025,)), array([2.46474729e-03, 1.03140040e-03, 1.08078762e-03, ...,
       1.05103296e-16, 1.39815626e-16, 2.81313439e-17],
      shape=(1025,), dtype=float32))",CV
351,"(array([0.00000000e+00, 4.88281250e-01, 9.76562500e-01, ...,
       4.99023438e+02, 4.99511719e+02, 5.00000000e+02], shape=(1025,)), array([3.7103943e-03, 1.6854792e-03, 1.9217993e-03, ..., 9.8357969e-17,
       1.4522770e-16, 2.5916589e-17], shape=(1025,), dtype=float32))",CV
352,"(array([0.00000000e+00, 4.88281250e-01, 9.76562500e-01, ...,
       4.99023438e+02, 4.99511719e+02, 5.00000000e+02], shape=(1025,)), array([3.6046179e-03, 1.3164271e-03, 1.8710158e-03, ..., 1.5664962e-16,
       1.3163775e-16, 3.1934568e-17], shape=(1025,), dtype=float32))",CV
353,"(array([0.00000000e+00, 4.88281250e-01, 9.76562500e-01, ...,
       4.99023438e+02, 4.99511719e+02, 5.00000000e+02], shape=(1025,)), array([1.0099000e-02, 5.4546157e-03, 2.5012670e-02, ..., 6.9075967e-17,
       8.7160709e-17, 3.9717517e-17], shape=(1025,), dtype=float32))",CV
354,"(array([0.00000000e+00, 4.88281250e-01, 9.76562500e-01, ...,
       4.99023438e+02, 4.99511719e+02, 5.00000000e+02], shape=(1025,)), array([3.9782533e-03, 1.7467228e-03, 1.5932911e-03, ..., 1.0020301e-16,
       8.5007849e-17, 4.9402072e-17], shape=(1025,), dtype=float32))",CV
355,"(array([0.00000000e+00, 4.88281250e-01, 9.76562500e-01, ...,
       4.99023438e+02, 4.99511719e+02, 5.00000000e+02], shape=(1025,)), array([3.5218233e-03, 1.2697077e-03, 2.0265507e-03, ..., 8.5712071e-17,
       1.8018743e-16, 3.6711377e-17], shape=(1025,), dtype=float32))",CV
356,"(array([0.00000000e+00, 4.88281250e-01, 9.76562500e-01, ...,
       4.99023438e+02, 4.99511719e+02, 5.00000000e+02], shape=(1025,)), array([5.5348007e-03, 2.5063888e-03, 3.0006720e-02, ..., 9.4117417e-17,
       3.0730509e-16, 8.1668283e-17], shape=(1025,), dtype=float32))",CV
357,"(array([0.00000000e+00, 4.88281250e-01, 9.76562500e-01, ...,
       4.99023438e+02, 4.99511719e+02, 5.00000000e+02], shape=(1025,)), array([2.9503892e-03, 1.1910376e-03, 1.2633161e-03, ..., 6.9216707e-17,
       1.0368647e-16, 2.8034554e-17], shape=(1025,), dtype=float32))",CV
358,"(array([0.00000000e+00, 4.88281250e-01, 9.76562500e-01, ...,
       4.99023438e+02, 4.99511719e+02, 5.00000000e+02], shape=(1025,)), array([3.0098082e-03, 1.2034735e-03, 1.6426699e-03, ..., 1.4694869e-16,
       3.4408523e-17, 2.5922285e-17], shape=(1025,), dtype=float32))",CV
359,"(array([0.00000000e+00, 4.88281250e-01, 9.76562500e-01, ...,
       4.99023438e+02, 4.99511719e+02, 5.00000000e+02], shape=(1025,)), array([2.52434774e-03, 9.84621001e-04, 1.65581750e-03, ...,
       1.01099325e-16, 7.82986536e-17, 3.18150075e-17],
      shape=(1025,), dtype=float32))",CV
360,"(array([0.00000000e+00, 4.88281250e-01, 9.76562500e-01, ...,
       4.99023438e+02, 4.99511719e+02, 5.00000000e+02], shape=(1025,)), array([5.9933234e-03, 2.0316225e-03, 4.5998017e-03, ..., 1.8756474e-16,
       1.3843989e-16, 7.5540714e-17], shape=(1025,), dtype=float32))",CV
361,"(array([0.00000000e+00, 4.88281250e-01, 9.76562500e-01, ...,
       4.99023438e+02, 4.99511719e+02, 5.00000000e+02], shape=(1025,)), array([8.98205861e-03, 3.19010182e-03, 4.12037130e-03, ...,
       7.18458375e-17, 1.02149414e-16, 4.07480353e-17],
      shape=(1025,), dtype=float32))",CV
362,"(array([0.00000000e+00, 4.88281250e-01, 9.76562500e-01, ...,
       4.99023438e+02, 4.99511719e+02, 5.00000000e+02], shape=(1025,)), array([7.3425710e-02, 3.4922492e-02, 1.1679722e-01, ..., 3.0868183e-16,
       3.0859615e-16, 3.3279361e-16], shape=(1025,), dtype=float32))",CV
363,"(array([0.00000000e+00, 4.88281250e-01, 9.76562500e-01, ...,
       4.99023438e+02, 4.99511719e+02, 5.00000000e+02], shape=(1025,)), array([3.0068750e-03, 1.2190067e-03, 1.2417102e-03, ..., 1.2636117e-16,
       1.2359419e-16, 3.5510053e-17], shape=(1025,), dtype=float32))",CV
364,"(array([0.00000000e+00, 4.88281250e-01, 9.76562500e-01, ...,
       4.99023438e+02, 4.99511719e+02, 5.00000000e+02], shape=(1025,)), array([4.8092478e-03, 1.9593386e-03, 1.5884385e-03, ..., 1.1750293e-16,
       8.7424011e-17, 5.9589085e-17], shape=(1025,), dtype=float32))",CV
365,"(array([0.00000000e+00, 4.88281250e-01, 9.76562500e-01, ...,
       4.99023438e+02, 4.99511719e+02, 5.00000000e+02], shape=(1025,)), array([8.5491771e-03, 3.4003160e-03, 2.7618038e-03, ..., 7.8634396e-17,
       2.1362833e-16, 3.8373862e-17], shape=(1025,), dtype=float32))",CV
366,"(array([0.00000000e+00, 4.88281250e-01, 9.76562500e-01, ...,
       4.99023438e+02, 4.99511719e+02, 5.00000000e+02], shape=(1025,)), array([4.4208844e-03, 1.7477323e-03, 1.1850236e-03, ..., 6.8224090e-17,
       8.2292970e-17, 5.0221937e-17], shape=(1025,), dtype=float32))",CV
367,"(array([0.00000000e+00, 4.88281250e-01, 9.76562500e-01, ...,
       4.99023438e+02, 4.99511719e+02, 5.00000000e+02], shape=(1025,)), array([5.57143288e-03, 3.21467104e-03, 4.62307744e-02, ...,
       3.45711442e-16, 1.03375216e-16, 7.93894931e-17],
      shape=(1025,), dtype=float32))",CV
368,"(array([0.00000000e+00, 4.88281250e-01, 9.76562500e-01, ...,
       4.99023438e+02, 4.99511719e+02, 5.00000000e+02], shape=(1025,)), array([5.0282117e-02, 2.3975799e-02, 1.8285397e-02, ..., 5.3616656e-16,
       3.6073381e-16, 4.7132672e-16], shape=(1025,), dtype=float32))",CV
369,"(array([0.00000000e+00, 4.88281250e-01, 9.76562500e-01, ...,
       4.99023438e+02, 4.99511719e+02, 5.00000000e+02], shape=(1025,)), array([3.2274215e-03, 1.3056641e-03, 1.9975358e-03, ..., 5.9374157e-17,
       1.0441968e-16, 2.5734403e-17], shape=(1025,), dtype=float32))",CV
370,"(array([0.00000000e+00, 4.88281250e-01, 9.76562500e-01, ...,
       4.99023438e+02, 4.99511719e+02, 5.00000000e+02], shape=(1025,)), array([7.4515389e-03, 2.5346195e-03, 1.6761235e-03, ..., 1.3566356e-16,
       1.3205334e-16, 5.5848489e-17], shape=(1025,), dtype=float32))",CV
371,"(array([0.00000000e+00, 4.88281250e-01, 9.76562500e-01, ...,
       4.99023438e+02, 4.99511719e+02, 5.00000000e+02], shape=(1025,)), array([3.0859397e-03, 1.3821586e-03, 1.7279322e-03, ..., 6.4140332e-17,
       5.9520641e-17, 1.6579330e-17], shape=(1025,), dtype=float32))",CV
372,"(array([0.00000000e+00, 4.88281250e-01, 9.76562500e-01, ...,
       4.99023438e+02, 4.99511719e+02, 5.00000000e+02], shape=(1025,)), array([7.25147873e-03, 3.07537895e-03, 1.99321657e-03, ...,
       1.03561206e-16, 1.21502694e-16, 5.75323240e-17],
      shape=(1025,), dtype=float32))",CV
373,"(array([0.00000000e+00, 4.88281250e-01, 9.76562500e-01, ...,
       4.99023438e+02, 4.99511719e+02, 5.00000000e+02], shape=(1025,)), array([2.5054591e-03, 8.6269842e-04, 1.7132065e-03, ..., 6.7429692e-17,
       8.3685796e-17, 3.0068541e-17], shape=(1025,), dtype=float32))",CV
374,"(array([0.00000000e+00, 4.88281250e-01, 9.76562500e-01, ...,
       4.99023438e+02, 4.99511719e+02, 5.00000000e+02], shape=(1025,)), array([2.7521078e-03, 1.0097361e-03, 1.7350508e-03, ..., 9.1284529e-17,
       1.0291574e-16, 7.4447565e-17], shape=(1025,), dtype=float32))",CV
375,"(array([0.00000000e+00, 4.88281250e-01, 9.76562500e-01, ...,
       4.99023438e+02, 4.99511719e+02, 5.00000000e+02], shape=(1025,)), array([2.7986669e-03, 1.1663544e-03, 2.6312585e-03, ..., 7.4402024e-17,
       7.4345730e-17, 4.3070960e-17], shape=(1025,), dtype=float32))",CV
376,"(array([0.00000000e+00, 4.88281250e-01, 9.76562500e-01, ...,
       4.99023438e+02, 4.99511719e+02, 5.00000000e+02], shape=(1025,)), array([2.9127246e-03, 1.0603962e-03, 2.0364921e-03, ..., 8.8030010e-17,
       1.0907480e-16, 2.0325623e-17], shape=(1025,), dtype=float32))",CV
377,"(array([0.00000000e+00, 4.88281250e-01, 9.76562500e-01, ...,
       4.99023438e+02, 4.99511719e+02, 5.00000000e+02], shape=(1025,)), array([8.7873302e-03, 3.7920128e-03, 2.2051213e-03, ..., 1.0636222e-16,
       5.1395054e-17, 5.8648237e-17], shape=(1025,), dtype=float32))",CV
378,"(array([0.00000000e+00, 4.88281250e-01, 9.76562500e-01, ...,
       4.99023438e+02, 4.99511719e+02, 5.00000000e+02], shape=(1025,)), array([9.5205370e-04, 4.9302209e-04, 3.0533841e-03, ..., 2.6820729e-16,
       1.0768097e-16, 8.2976360e-17], shape=(1025,), dtype=float32))",CV
379,"(array([0.00000000e+00, 4.88281250e-01, 9.76562500e-01, ...,
       4.99023438e+02, 4.99511719e+02, 5.00000000e+02], shape=(1025,)), array([5.9727328e-03, 2.2764208e-03, 2.5128738e-03, ..., 5.6712641e-17,
       1.0217872e-16, 2.7233201e-17], shape=(1025,), dtype=float32))",CV
380,"(array([0.00000000e+00, 4.88281250e-01, 9.76562500e-01, ...,
       4.99023438e+02, 4.99511719e+02, 5.00000000e+02], shape=(1025,)), array([5.8982437e-03, 2.5437349e-03, 1.4394306e-03, ..., 5.8315935e-17,
       5.4726699e-17, 3.6255902e-17], shape=(1025,), dtype=float32))",CV
381,"(array([0.00000000e+00, 4.88281250e-01, 9.76562500e-01, ...,
       4.99023438e+02, 4.99511719e+02, 5.00000000e+02], shape=(1025,)), array([5.1244679e-03, 2.0689950e-03, 1.7582185e-03, ..., 1.4533334e-16,
       9.1319972e-17, 2.2591614e-17], shape=(1025,), dtype=float32))",CV
382,"(array([0.00000000e+00, 4.88281250e-01, 9.76562500e-01, ...,
       4.99023438e+02, 4.99511719e+02, 5.00000000e+02], shape=(1025,)), array([2.0132257e-02, 5.4016169e-03, 8.5581252e-03, ..., 1.9190348e-16,
       1.5927217e-16, 2.9970325e-17], shape=(1025,), dtype=float32))",CV
383,"(array([0.00000000e+00, 4.88281250e-01, 9.76562500e-01, ...,
       4.99023438e+02, 4.99511719e+02, 5.00000000e+02], shape=(1025,)), array([5.46353403e-03, 2.19532824e-03, 1.93580310e-03, ...,
       1.09690753e-16, 1.49377450e-16, 6.05783273e-17],
      shape=(1025,), dtype=float32))",CV
384,"(array([0.00000000e+00, 4.88281250e-01, 9.76562500e-01, ...,
       4.99023438e+02, 4.99511719e+02, 5.00000000e+02], shape=(1025,)), array([4.5246031e-04, 2.0034256e-04, 1.5440264e-03, ..., 5.0638263e-17,
       8.5766731e-17, 2.6098781e-17], shape=(1025,), dtype=float32))",CV
385,"(array([0.00000000e+00, 4.88281250e-01, 9.76562500e-01, ...,
       4.99023438e+02, 4.99511719e+02, 5.00000000e+02], shape=(1025,)), array([6.6918009e-03, 2.6389933e-03, 3.7871641e-03, ..., 1.1224448e-16,
       7.3515194e-17, 3.1405077e-17], shape=(1025,), dtype=float32))",CV
386,"(array([0.00000000e+00, 4.88281250e-01, 9.76562500e-01, ...,
       4.99023438e+02, 4.99511719e+02, 5.00000000e+02], shape=(1025,)), array([5.0564846e-03, 2.0104891e-03, 1.0805600e-03, ..., 1.1201937e-16,
       8.0950926e-17, 6.9784623e-17], shape=(1025,), dtype=float32))",CV
387,"(array([0.00000000e+00, 4.88281250e-01, 9.76562500e-01, ...,
       4.99023438e+02, 4.99511719e+02, 5.00000000e+02], shape=(1025,)), array([5.0362665e-03, 2.4521330e-03, 6.0516065e-03, ..., 1.4967194e-16,
       2.0865745e-16, 3.3050488e-17], shape=(1025,), dtype=float32))",CV
388,"(array([0.00000000e+00, 4.88281250e-01, 9.76562500e-01, ...,
       4.99023438e+02, 4.99511719e+02, 5.00000000e+02], shape=(1025,)), array([3.6576481e-03, 1.5284300e-03, 3.6539563e-03, ..., 8.2326864e-17,
       9.3906718e-17, 6.0783283e-17], shape=(1025,), dtype=float32))",CV
389,"(array([0.00000000e+00, 4.88281250e-01, 9.76562500e-01, ...,
       4.99023438e+02, 4.99511719e+02, 5.00000000e+02], shape=(1025,)), array([3.2888127e-03, 1.4229113e-03, 3.3262919e-03, ..., 9.9179928e-17,
       8.1834573e-17, 3.8647149e-17], shape=(1025,), dtype=float32))",CV
390,"(array([0.00000000e+00, 4.88281250e-01, 9.76562500e-01, ...,
       4.99023438e+02, 4.99511719e+02, 5.00000000e+02], shape=(1025,)), array([1.0437613e-03, 5.1109743e-04, 1.3116958e-03, ..., 7.7626116e-17,
       9.1103403e-17, 7.9449262e-17], shape=(1025,), dtype=float32))",CV
391,"(array([0.00000000e+00, 4.88281250e-01, 9.76562500e-01, ...,
       4.99023438e+02, 4.99511719e+02, 5.00000000e+02], shape=(1025,)), array([2.8977355e-03, 1.0736242e-03, 1.5027525e-03, ..., 8.8937579e-17,
       1.0149825e-16, 3.9928174e-17], shape=(1025,), dtype=float32))",CV
392,"(array([0.00000000e+00, 4.88281250e-01, 9.76562500e-01, ...,
       4.99023438e+02, 4.99511719e+02, 5.00000000e+02], shape=(1025,)), array([1.6074815e-03, 5.7291897e-04, 1.4988761e-03, ..., 1.0252486e-16,
       8.5759836e-17, 4.5029506e-17], shape=(1025,), dtype=float32))",CV
393,"(array([0.00000000e+00, 4.88281250e-01, 9.76562500e-01, ...,
       4.99023438e+02, 4.99511719e+02, 5.00000000e+02], shape=(1025,)), array([3.1075741e-03, 1.3609888e-03, 1.0333770e-03, ..., 9.7086215e-17,
       9.0444769e-17, 2.5552208e-17], shape=(1025,), dtype=float32))",CV
394,"(array([0.00000000e+00, 4.88281250e-01, 9.76562500e-01, ...,
       4.99023438e+02, 4.99511719e+02, 5.00000000e+02], shape=(1025,)), array([9.2670791e-02, 3.5954937e-02, 2.2780230e-02, ..., 4.4279394e-16,
       4.2925610e-16, 3.5053439e-16], shape=(1025,), dtype=float32))",CV
395,"(array([0.00000000e+00, 4.88281250e-01, 9.76562500e-01, ...,
       4.99023438e+02, 4.99511719e+02, 5.00000000e+02], shape=(1025,)), array([1.8893721e-02, 7.5317281e-03, 5.1895562e-03, ..., 1.3332104e-16,
       1.5515971e-16, 4.9060469e-17], shape=(1025,), dtype=float32))",CV
396,"(array([0.00000000e+00, 4.88281250e-01, 9.76562500e-01, ...,
       4.99023438e+02, 4.99511719e+02, 5.00000000e+02], shape=(1025,)), array([2.5880788e-03, 9.6560520e-04, 1.0923452e-03, ..., 1.0421577e-16,
       6.2669202e-17, 2.5688852e-17], shape=(1025,), dtype=float32))",CV
397,"(array([0.00000000e+00, 4.88281250e-01, 9.76562500e-01, ...,
       4.99023438e+02, 4.99511719e+02, 5.00000000e+02], shape=(1025,)), array([1.2712057e-03, 5.4623804e-04, 1.2058496e-03, ..., 7.3449079e-17,
       7.4421155e-17, 2.3548115e-17], shape=(1025,), dtype=float32))",CV
398,"(array([0.00000000e+00, 4.88281250e-01, 9.76562500e-01, ...,
       4.99023438e+02, 4.99511719e+02, 5.00000000e+02], shape=(1025,)), array([3.9048439e-03, 1.7726270e-03, 1.5235496e-03, ..., 4.0833787e-17,
       1.1237647e-16, 2.1339055e-17], shape=(1025,), dtype=float32))",CV
399,"(array([0.00000000e+00, 4.88281250e-01, 9.76562500e-01, ...,
       4.99023438e+02, 4.99511719e+02, 5.00000000e+02], shape=(1025,)), array([4.0189861e-03, 1.5669639e-03, 1.7841273e-03, ..., 8.0819258e-17,
       8.4590811e-17, 1.8856710e-17], shape=(1025,), dtype=float32))",CV
400,"(array([0.00000000e+00, 4.88281250e-01, 9.76562500e-01, ...,
       4.99023438e+02, 4.99511719e+02, 5.00000000e+02], shape=(1025,)), array([1.9952632e-03, 6.4190786e-04, 1.6791028e-03, ..., 5.9150508e-17,
       1.2951024e-16, 3.4217643e-17], shape=(1025,), dtype=float32))",CV
401,"(array([0.00000000e+00, 4.88281250e-01, 9.76562500e-01, ...,
       4.99023438e+02, 4.99511719e+02, 5.00000000e+02], shape=(1025,)), array([4.9106497e-03, 1.7633202e-03, 1.7731381e-03, ..., 9.9960277e-17,
       8.3677902e-17, 3.0995152e-17], shape=(1025,), dtype=float32))",CV
402,"(array([0.00000000e+00, 4.88281250e-01, 9.76562500e-01, ...,
       4.99023438e+02, 4.99511719e+02, 5.00000000e+02], shape=(1025,)), array([3.6436627e-03, 1.6933096e-03, 1.9526931e-03, ..., 1.1055157e-16,
       1.1379017e-16, 3.3164354e-17], shape=(1025,), dtype=float32))",CV
403,"(array([0.00000000e+00, 4.88281250e-01, 9.76562500e-01, ...,
       4.99023438e+02, 4.99511719e+02, 5.00000000e+02], shape=(1025,)), array([2.2690727e-03, 9.3081093e-04, 2.2154299e-03, ..., 5.9721130e-17,
       9.1359432e-17, 2.1726210e-17], shape=(1025,), dtype=float32))",CV
404,"(array([0.00000000e+00, 4.88281250e-01, 9.76562500e-01, ...,
       4.99023438e+02, 4.99511719e+02, 5.00000000e+02], shape=(1025,)), array([1.1288984e-03, 3.9511645e-04, 1.2526272e-03, ..., 7.9313048e-17,
       5.8639456e-17, 4.8263385e-17], shape=(1025,), dtype=float32))",CV
405,"(array([0.00000000e+00, 4.88281250e-01, 9.76562500e-01, ...,
       4.99023438e+02, 4.99511719e+02, 5.00000000e+02], shape=(1025,)), array([2.5447709e-03, 9.5200317e-04, 1.5110138e-03, ..., 4.0987160e-17,
       5.1541614e-17, 1.0521498e-17], shape=(1025,), dtype=float32))",CV
406,"(array([0.00000000e+00, 4.88281250e-01, 9.76562500e-01, ...,
       4.99023438e+02, 4.99511719e+02, 5.00000000e+02], shape=(1025,)), array([2.3761422e-03, 8.3331694e-04, 9.1598630e-03, ..., 8.4767272e-17,
       7.4458425e-17, 3.8789480e-17], shape=(1025,), dtype=float32))",CV
407,"(array([0.00000000e+00, 4.88281250e-01, 9.76562500e-01, ...,
       4.99023438e+02, 4.99511719e+02, 5.00000000e+02], shape=(1025,)), array([5.8407420e-03, 2.1532611e-03, 7.3310463e-03, ..., 8.2418397e-17,
       4.8832296e-17, 5.2749827e-17], shape=(1025,), dtype=float32))",CV
408,"(array([0.00000000e+00, 4.88281250e-01, 9.76562500e-01, ...,
       4.99023438e+02, 4.99511719e+02, 5.00000000e+02], shape=(1025,)), array([3.9769216e-03, 1.6137531e-03, 4.4389153e-03, ..., 1.1261647e-16,
       5.2603082e-17, 2.8541271e-17], shape=(1025,), dtype=float32))",CV
409,"(array([0.00000000e+00, 4.88281250e-01, 9.76562500e-01, ...,
       4.99023438e+02, 4.99511719e+02, 5.00000000e+02], shape=(1025,)), array([2.2016112e-03, 9.7013224e-04, 2.0327857e-03, ..., 5.9043940e-17,
       7.8979827e-17, 1.8816857e-17], shape=(1025,), dtype=float32))",CV
410,"(array([0.00000000e+00, 4.88281250e-01, 9.76562500e-01, ...,
       4.99023438e+02, 4.99511719e+02, 5.00000000e+02], shape=(1025,)), array([2.7248466e-03, 1.0708495e-03, 1.5711106e-03, ..., 8.0750218e-17,
       5.5483140e-17, 1.6624878e-17], shape=(1025,), dtype=float32))",CV
411,"(array([0.00000000e+00, 4.88281250e-01, 9.76562500e-01, ...,
       4.99023438e+02, 4.99511719e+02, 5.00000000e+02], shape=(1025,)), array([2.7284482e-03, 9.5730246e-04, 3.3807133e-03, ..., 7.0829385e-17,
       7.7513500e-17, 2.1862855e-17], shape=(1025,), dtype=float32))",CV
412,"(array([0.00000000e+00, 4.88281250e-01, 9.76562500e-01, ...,
       4.99023438e+02, 4.99511719e+02, 5.00000000e+02], shape=(1025,)), array([5.96460141e-03, 2.97153112e-03, 1.23231895e-02, ...,
       1.06393698e-16, 4.78237482e-17, 5.98951092e-17],
      shape=(1025,), dtype=float32))",CV
413,"(array([0.00000000e+00, 4.88281250e-01, 9.76562500e-01, ...,
       4.99023438e+02, 4.99511719e+02, 5.00000000e+02], shape=(1025,)), array([4.0428801e-03, 1.6319418e-03, 6.8945074e-03, ..., 1.0567243e-16,
       8.6916407e-17, 3.0198065e-17], shape=(1025,), dtype=float32))",CV
414,"(array([0.00000000e+00, 4.88281250e-01, 9.76562500e-01, ...,
       4.99023438e+02, 4.99511719e+02, 5.00000000e+02], shape=(1025,)), array([1.1059827e-02, 3.6197568e-03, 9.7444365e-03, ..., 9.6352334e-17,
       6.7136864e-17, 5.5864146e-17], shape=(1025,), dtype=float32))",CV
415,"(array([0.00000000e+00, 4.88281250e-01, 9.76562500e-01, ...,
       4.99023438e+02, 4.99511719e+02, 5.00000000e+02], shape=(1025,)), array([6.2123239e-03, 1.7578283e-03, 1.3981404e-02, ..., 1.0419840e-16,
       9.0068130e-17, 5.4862096e-17], shape=(1025,), dtype=float32))",CV
416,"(array([0.00000000e+00, 4.88281250e-01, 9.76562500e-01, ...,
       4.99023438e+02, 4.99511719e+02, 5.00000000e+02], shape=(1025,)), array([1.1592268e-02, 4.0381551e-03, 3.3306589e-03, ..., 8.4835280e-17,
       9.4523398e-17, 2.5984913e-17], shape=(1025,), dtype=float32))",CV
417,"(array([0.00000000e+00, 4.88281250e-01, 9.76562500e-01, ...,
       4.99023438e+02, 4.99511719e+02, 5.00000000e+02], shape=(1025,)), array([1.0984430e-02, 3.4112909e-03, 5.0554071e-03, ..., 5.4734703e-17,
       8.1625058e-17, 9.1915079e-17], shape=(1025,), dtype=float32))",CV
418,"(array([0.00000000e+00, 4.88281250e-01, 9.76562500e-01, ...,
       4.99023438e+02, 4.99511719e+02, 5.00000000e+02], shape=(1025,)), array([5.2792514e-03, 1.5805756e-03, 3.3724590e-03, ..., 4.3823956e-17,
       7.4001391e-17, 3.2908150e-17], shape=(1025,), dtype=float32))",CV
419,"(array([0.00000000e+00, 4.88281250e-01, 9.76562500e-01, ...,
       4.99023438e+02, 4.99511719e+02, 5.00000000e+02], shape=(1025,)), array([1.7451651e-03, 5.9036037e-04, 2.2828253e-03, ..., 4.7349585e-17,
       6.3860282e-17, 2.4026366e-17], shape=(1025,), dtype=float32))",CV
420,"(array([0.00000000e+00, 4.88281250e-01, 9.76562500e-01, ...,
       4.99023438e+02, 4.99511719e+02, 5.00000000e+02], shape=(1025,)), array([1.7900902e-03, 8.5593975e-04, 5.8854343e-03, ..., 5.9310683e-17,
       8.4996289e-17, 3.5566986e-17], shape=(1025,), dtype=float32))",CV
421,"(array([0.00000000e+00, 4.88281250e-01, 9.76562500e-01, ...,
       4.99023438e+02, 4.99511719e+02, 5.00000000e+02], shape=(1025,)), array([3.5485169e-03, 1.5982593e-03, 2.4046947e-03, ..., 4.3284459e-17,
       7.4810526e-17, 1.8702989e-17], shape=(1025,), dtype=float32))",CV
422,"(array([0.00000000e+00, 4.88281250e-01, 9.76562500e-01, ...,
       4.99023438e+02, 4.99511719e+02, 5.00000000e+02], shape=(1025,)), array([4.0345909e-03, 1.5599390e-03, 1.7424761e-03, ..., 6.8940177e-17,
       3.0307759e-17, 1.6091118e-17], shape=(1025,), dtype=float32))",CV
423,"(array([0.00000000e+00, 4.88281250e-01, 9.76562500e-01, ...,
       4.99023438e+02, 4.99511719e+02, 5.00000000e+02], shape=(1025,)), array([3.6397891e-03, 1.8584387e-03, 3.0777862e-03, ..., 5.2747375e-17,
       1.1704815e-16, 3.2612089e-17], shape=(1025,), dtype=float32))",CV
424,"(array([0.00000000e+00, 4.88281250e-01, 9.76562500e-01, ...,
       4.99023438e+02, 4.99511719e+02, 5.00000000e+02], shape=(1025,)), array([4.1082678e-03, 1.7640357e-03, 1.2811709e-02, ..., 1.4754080e-16,
       5.2775427e-17, 2.9721238e-17], shape=(1025,), dtype=float32))",CV
425,"(array([0.00000000e+00, 4.88281250e-01, 9.76562500e-01, ...,
       4.99023438e+02, 4.99511719e+02, 5.00000000e+02], shape=(1025,)), array([5.0799432e-03, 2.3056401e-03, 6.5544248e-03, ..., 1.2285613e-16,
       5.4619325e-17, 4.6003084e-17], shape=(1025,), dtype=float32))",CV
426,"(array([0.00000000e+00, 4.88281250e-01, 9.76562500e-01, ...,
       4.99023438e+02, 4.99511719e+02, 5.00000000e+02], shape=(1025,)), array([1.14736566e-02, 3.64094740e-03, 1.47456145e-02, ...,
       1.71888131e-16, 9.20882309e-17, 1.62889647e-17],
      shape=(1025,), dtype=float32))",CV
427,"(array([0.00000000e+00, 4.88281250e-01, 9.76562500e-01, ...,
       4.99023438e+02, 4.99511719e+02, 5.00000000e+02], shape=(1025,)), array([6.3571502e-03, 2.6780046e-03, 3.4212391e-03, ..., 1.1415867e-16,
       1.1422344e-16, 3.9375911e-17], shape=(1025,), dtype=float32))",CV
428,"(array([0.00000000e+00, 4.88281250e-01, 9.76562500e-01, ...,
       4.99023438e+02, 4.99511719e+02, 5.00000000e+02], shape=(1025,)), array([5.0004870e-03, 2.3400949e-03, 5.4401364e-03, ..., 8.6369647e-17,
       1.3290295e-16, 8.6455065e-17], shape=(1025,), dtype=float32))",CV
429,"(array([0.00000000e+00, 4.88281250e-01, 9.76562500e-01, ...,
       4.99023438e+02, 4.99511719e+02, 5.00000000e+02], shape=(1025,)), array([6.8344595e-03, 2.3939046e-03, 4.6611484e-03, ..., 2.0615652e-16,
       9.0906640e-17, 2.9264340e-17], shape=(1025,), dtype=float32))",CV
430,"(array([0.00000000e+00, 4.88281250e-01, 9.76562500e-01, ...,
       4.99023438e+02, 4.99511719e+02, 5.00000000e+02], shape=(1025,)), array([4.47810488e-03, 2.51236721e-03, 1.21632554e-02, ...,
       2.72841568e-16, 1.03307487e-16, 1.73086603e-16],
      shape=(1025,), dtype=float32))",CV
431,"(array([0.00000000e+00, 4.88281250e-01, 9.76562500e-01, ...,
       4.99023438e+02, 4.99511719e+02, 5.00000000e+02], shape=(1025,)), array([4.89896443e-03, 1.73404010e-03, 5.44764381e-03, ...,
       1.01690825e-16, 6.47320512e-17, 3.11374903e-17],
      shape=(1025,), dtype=float32))",CV
432,"(array([0.00000000e+00, 4.88281250e-01, 9.76562500e-01, ...,
       4.99023438e+02, 4.99511719e+02, 5.00000000e+02], shape=(1025,)), array([2.6490153e-03, 1.4948557e-03, 1.1660085e-02, ..., 6.3398007e-17,
       6.8882486e-17, 1.6425608e-17], shape=(1025,), dtype=float32))",CV
433,"(array([0.00000000e+00, 4.88281250e-01, 9.76562500e-01, ...,
       4.99023438e+02, 4.99511719e+02, 5.00000000e+02], shape=(1025,)), array([1.6982510e-03, 8.0134126e-04, 6.9702095e-03, ..., 7.2610907e-17,
       5.9899880e-17, 3.7075750e-17], shape=(1025,), dtype=float32))",CV
434,"(array([0.00000000e+00, 4.88281250e-01, 9.76562500e-01, ...,
       4.99023438e+02, 4.99511719e+02, 5.00000000e+02], shape=(1025,)), array([3.5848962e-03, 1.1624064e-03, 8.0370679e-03, ..., 1.9862315e-17,
       7.6028169e-17, 4.2587013e-17], shape=(1025,), dtype=float32))",CV
435,"(array([0.00000000e+00, 4.88281250e-01, 9.76562500e-01, ...,
       4.99023438e+02, 4.99511719e+02, 5.00000000e+02], shape=(1025,)), array([5.2447990e-03, 2.6032575e-03, 3.3747444e-03, ..., 7.5210497e-17,
       4.4717043e-17, 2.7055283e-17], shape=(1025,), dtype=float32))",CV
436,"(array([0.00000000e+00, 4.88281250e-01, 9.76562500e-01, ...,
       4.99023438e+02, 4.99511719e+02, 5.00000000e+02], shape=(1025,)), array([6.75068703e-03, 1.78562128e-03, 1.44686792e-02, ...,
       6.35403420e-17, 1.03430796e-16, 2.97027389e-17],
      shape=(1025,), dtype=float32))",CV
437,"(array([0.00000000e+00, 4.88281250e-01, 9.76562500e-01, ...,
       4.99023438e+02, 4.99511719e+02, 5.00000000e+02], shape=(1025,)), array([9.6609043e-03, 4.0783468e-03, 7.0326421e-03, ..., 1.6368176e-16,
       1.1963083e-16, 9.9179923e-18], shape=(1025,), dtype=float32))",CV
438,"(array([0.00000000e+00, 4.88281250e-01, 9.76562500e-01, ...,
       4.99023438e+02, 4.99511719e+02, 5.00000000e+02], shape=(1025,)), array([1.20166605e-02, 8.40995461e-03, 5.89070693e-02, ...,
       9.64847819e-17, 2.18085771e-16, 6.44498767e-17],
      shape=(1025,), dtype=float32))",CV
439,"(array([0.00000000e+00, 4.88281250e-01, 9.76562500e-01, ...,
       4.99023438e+02, 4.99511719e+02, 5.00000000e+02], shape=(1025,)), array([4.9481560e-03, 2.0366942e-03, 4.0250807e-03, ..., 7.8843130e-17,
       7.4755912e-17, 5.8875983e-17], shape=(1025,), dtype=float32))",CV
440,"(array([0.00000000e+00, 4.88281250e-01, 9.76562500e-01, ...,
       4.99023438e+02, 4.99511719e+02, 5.00000000e+02], shape=(1025,)), array([5.5059562e-03, 2.3263914e-03, 7.7631678e-03, ..., 5.2636672e-17,
       5.9263004e-17, 1.8065322e-17], shape=(1025,), dtype=float32))",CV
441,"(array([0.00000000e+00, 4.88281250e-01, 9.76562500e-01, ...,
       4.99023438e+02, 4.99511719e+02, 5.00000000e+02], shape=(1025,)), array([1.3404950e-02, 6.0463599e-03, 1.4376316e-02, ..., 1.8552466e-16,
       8.2005819e-17, 6.8856605e-17], shape=(1025,), dtype=float32))",CV
442,"(array([0.00000000e+00, 4.88281250e-01, 9.76562500e-01, ...,
       4.99023438e+02, 4.99511719e+02, 5.00000000e+02], shape=(1025,)), array([8.7552834e-03, 2.3647440e-03, 1.0124202e-02, ..., 8.5012488e-17,
       7.7939240e-17, 2.4305346e-17], shape=(1025,), dtype=float32))",CV
443,"(array([0.00000000e+00, 4.88281250e-01, 9.76562500e-01, ...,
       4.99023438e+02, 4.99511719e+02, 5.00000000e+02], shape=(1025,)), array([1.6894066e-03, 9.0210885e-04, 3.7897294e-03, ..., 6.3462051e-17,
       1.0001207e-16, 1.6903856e-17], shape=(1025,), dtype=float32))",CV
444,"(array([0.00000000e+00, 4.88281250e-01, 9.76562500e-01, ...,
       4.99023438e+02, 4.99511719e+02, 5.00000000e+02], shape=(1025,)), array([1.376000e-02, 5.431263e-03, 3.405681e-03, ..., 6.651446e-17,
       6.328090e-17, 2.787514e-17], shape=(1025,), dtype=float32))",CV
445,"(array([0.00000000e+00, 4.88281250e-01, 9.76562500e-01, ...,
       4.99023438e+02, 4.99511719e+02, 5.00000000e+02], shape=(1025,)), array([3.4329565e-03, 1.6685822e-03, 1.7000902e-02, ..., 1.2788791e-16,
       8.1429420e-17, 4.1983509e-17], shape=(1025,), dtype=float32))",CV
446,"(array([0.00000000e+00, 4.88281250e-01, 9.76562500e-01, ...,
       4.99023438e+02, 4.99511719e+02, 5.00000000e+02], shape=(1025,)), array([3.3676946e-03, 1.5030408e-03, 1.1533975e-02, ..., 4.9844398e-17,
       4.6452339e-17, 3.6439513e-17], shape=(1025,), dtype=float32))",CV
447,"(array([0.00000000e+00, 4.88281250e-01, 9.76562500e-01, ...,
       4.99023438e+02, 4.99511719e+02, 5.00000000e+02], shape=(1025,)), array([1.0894058e-02, 4.6629347e-03, 9.0061733e-03, ..., 6.9056048e-17,
       8.2128037e-17, 2.1481391e-17], shape=(1025,), dtype=float32))",CV
448,"(array([0.00000000e+00, 4.88281250e-01, 9.76562500e-01, ...,
       4.99023438e+02, 4.99511719e+02, 5.00000000e+02], shape=(1025,)), array([1.2993956e-03, 4.9448392e-04, 3.3736911e-03, ..., 9.5951019e-17,
       4.9280556e-17, 2.4550163e-17], shape=(1025,), dtype=float32))",CV
449,"(array([0.00000000e+00, 4.88281250e-01, 9.76562500e-01, ...,
       4.99023438e+02, 4.99511719e+02, 5.00000000e+02], shape=(1025,)), array([1.9678650e-03, 8.9441793e-04, 6.0877507e-03, ..., 6.3169242e-17,
       4.4826942e-17, 2.5506662e-17], shape=(1025,), dtype=float32))",CV
450,"(array([0.00000000e+00, 4.88281250e-01, 9.76562500e-01, ...,
       4.99023438e+02, 4.99511719e+02, 5.00000000e+02], shape=(1025,)), array([6.8201846e-03, 2.4618478e-03, 4.1763480e-03, ..., 1.1442698e-16,
       1.5844204e-16, 2.8791785e-17], shape=(1025,), dtype=float32))",CV
451,"(array([0.00000000e+00, 4.88281250e-01, 9.76562500e-01, ...,
       4.99023438e+02, 4.99511719e+02, 5.00000000e+02], shape=(1025,)), array([3.0634468e-03, 1.3053417e-03, 2.8144615e-03, ..., 7.5853852e-17,
       5.8208117e-17, 2.4982865e-17], shape=(1025,), dtype=float32))",CV
452,"(array([0.00000000e+00, 4.88281250e-01, 9.76562500e-01, ...,
       4.99023438e+02, 4.99511719e+02, 5.00000000e+02], shape=(1025,)), array([1.8599959e-02, 4.9785976e-03, 1.6438195e-02, ..., 2.8347143e-16,
       1.8394077e-16, 4.1562196e-17], shape=(1025,), dtype=float32))",CV
453,"(array([0.00000000e+00, 4.88281250e-01, 9.76562500e-01, ...,
       4.99023438e+02, 4.99511719e+02, 5.00000000e+02], shape=(1025,)), array([1.3318503e-02, 4.3778541e-03, 1.9962924e-02, ..., 8.3743242e-17,
       7.5092230e-17, 1.5782247e-17], shape=(1025,), dtype=float32))",CV
454,"(array([0.00000000e+00, 4.88281250e-01, 9.76562500e-01, ...,
       4.99023438e+02, 4.99511719e+02, 5.00000000e+02], shape=(1025,)), array([1.55940012e-03, 9.52766917e-04, 3.06344731e-03, ...,
       1.19258599e-16, 1.04002345e-16, 3.77817458e-17],
      shape=(1025,), dtype=float32))",CV
455,"(array([0.00000000e+00, 4.88281250e-01, 9.76562500e-01, ...,
       4.99023438e+02, 4.99511719e+02, 5.00000000e+02], shape=(1025,)), array([2.1253182e-03, 1.4104808e-03, 3.3955774e-03, ..., 1.1100380e-16,
       9.1327092e-17, 5.6319618e-17], shape=(1025,), dtype=float32))",CV
456,"(array([0.00000000e+00, 4.88281250e-01, 9.76562500e-01, ...,
       4.99023438e+02, 4.99511719e+02, 5.00000000e+02], shape=(1025,)), array([5.2186702e-03, 2.5027888e-03, 2.6538672e-03, ..., 6.3486357e-17,
       3.5780849e-17, 4.7608638e-17], shape=(1025,), dtype=float32))",CV
457,"(array([0.00000000e+00, 4.88281250e-01, 9.76562500e-01, ...,
       4.99023438e+02, 4.99511719e+02, 5.00000000e+02], shape=(1025,)), array([1.76069525e-03, 7.80440634e-04, 4.26506205e-03, ...,
       1.10596000e-16, 1.00712985e-16, 6.01584372e-17],
      shape=(1025,), dtype=float32))",CV
458,"(array([0.00000000e+00, 4.88281250e-01, 9.76562500e-01, ...,
       4.99023438e+02, 4.99511719e+02, 5.00000000e+02], shape=(1025,)), array([7.7650882e-04, 3.3027350e-04, 2.0690975e-03, ..., 7.5568653e-17,
       9.0742276e-17, 3.1871937e-17], shape=(1025,), dtype=float32))",CV
459,"(array([0.00000000e+00, 4.88281250e-01, 9.76562500e-01, ...,
       4.99023438e+02, 4.99511719e+02, 5.00000000e+02], shape=(1025,)), array([3.5428368e-03, 1.1083318e-03, 3.3449668e-03, ..., 6.4213588e-17,
       9.3857133e-17, 3.4172095e-17], shape=(1025,), dtype=float32))",CV
460,"(array([0.00000000e+00, 4.88281250e-01, 9.76562500e-01, ...,
       4.99023438e+02, 4.99511719e+02, 5.00000000e+02], shape=(1025,)), array([4.9011419e-03, 1.6306196e-03, 2.8682738e-03, ..., 5.1375923e-17,
       1.8968623e-17, 1.6533782e-17], shape=(1025,), dtype=float32))",CV
461,"(array([0.00000000e+00, 4.88281250e-01, 9.76562500e-01, ...,
       4.99023438e+02, 4.99511719e+02, 5.00000000e+02], shape=(1025,)), array([4.7802785e-03, 1.6697032e-03, 1.9286107e-03, ..., 3.4747131e-17,
       4.0357408e-17, 1.8059626e-17], shape=(1025,), dtype=float32))",CV
462,"(array([0.00000000e+00, 4.88281250e-01, 9.76562500e-01, ...,
       4.99023438e+02, 4.99511719e+02, 5.00000000e+02], shape=(1025,)), array([5.2630487e-03, 1.7984654e-03, 5.1361131e-03, ..., 5.6564437e-17,
       5.0336607e-17, 2.9334084e-17], shape=(1025,), dtype=float32))",CV
463,"(array([0.00000000e+00, 4.88281250e-01, 9.76562500e-01, ...,
       4.99023438e+02, 4.99511719e+02, 5.00000000e+02], shape=(1025,)), array([6.6650952e-03, 2.3630548e-03, 3.2988028e-03, ..., 7.2677187e-17,
       4.8619456e-17, 9.3429537e-18], shape=(1025,), dtype=float32))",CV
464,"(array([0.00000000e+00, 4.88281250e-01, 9.76562500e-01, ...,
       4.99023438e+02, 4.99511719e+02, 5.00000000e+02], shape=(1025,)), array([7.4369563e-03, 2.2017646e-03, 1.6437788e-02, ..., 1.4696666e-16,
       3.9920749e-17, 2.9976020e-17], shape=(1025,), dtype=float32))",CV
465,"(array([0.00000000e+00, 4.88281250e-01, 9.76562500e-01, ...,
       4.99023438e+02, 4.99511719e+02, 5.00000000e+02], shape=(1025,)), array([6.5861288e-03, 3.3978734e-03, 4.7852318e-03, ..., 6.9277912e-17,
       4.6455582e-17, 4.6458559e-17], shape=(1025,), dtype=float32))",CV
466,"(array([0.00000000e+00, 4.88281250e-01, 9.76562500e-01, ...,
       4.99023438e+02, 4.99511719e+02, 5.00000000e+02], shape=(1025,)), array([9.9069074e-02, 3.8968131e-02, 5.2938648e-02, ..., 2.8124583e-16,
       3.9944798e-16, 1.0612593e-16], shape=(1025,), dtype=float32))",CV
467,"(array([0.00000000e+00, 4.88281250e-01, 9.76562500e-01, ...,
       4.99023438e+02, 4.99511719e+02, 5.00000000e+02], shape=(1025,)), array([2.2006817e-03, 7.9741806e-04, 6.3089230e-03, ..., 4.7221839e-17,
       7.9312492e-17, 3.3078953e-17], shape=(1025,), dtype=float32))",CV
468,"(array([0.00000000e+00, 4.88281250e-01, 9.76562500e-01, ...,
       4.99023438e+02, 4.99511719e+02, 5.00000000e+02], shape=(1025,)), array([2.9964171e-02, 1.4165251e-02, 4.8279200e-02, ..., 2.1111957e-16,
       1.3335531e-16, 4.7921786e-17], shape=(1025,), dtype=float32))",CV
469,"(array([0.00000000e+00, 4.88281250e-01, 9.76562500e-01, ...,
       4.99023438e+02, 4.99511719e+02, 5.00000000e+02], shape=(1025,)), array([5.8896421e-03, 1.6113056e-03, 2.4099767e-02, ..., 1.1743312e-16,
       1.5069938e-16, 7.6611073e-17], shape=(1025,), dtype=float32))",CV
470,"(array([0.00000000e+00, 4.88281250e-01, 9.76562500e-01, ...,
       4.99023438e+02, 4.99511719e+02, 5.00000000e+02], shape=(1025,)), array([7.3061732e-04, 3.1903078e-04, 1.3523364e-03, ..., 9.3063920e-17,
       4.8997005e-17, 4.0229932e-17], shape=(1025,), dtype=float32))",CV
471,"(array([0.00000000e+00, 4.88281250e-01, 9.76562500e-01, ...,
       4.99023438e+02, 4.99511719e+02, 5.00000000e+02], shape=(1025,)), array([2.8579256e-03, 9.9122850e-04, 4.3132310e-03, ..., 6.0140636e-17,
       6.0891246e-17, 2.8085796e-17], shape=(1025,), dtype=float32))",CV
472,"(array([0.00000000e+00, 4.88281250e-01, 9.76562500e-01, ...,
       4.99023438e+02, 4.99511719e+02, 5.00000000e+02], shape=(1025,)), array([1.3785948e-03, 5.5204600e-04, 1.6568752e-03, ..., 3.5764120e-17,
       6.2261984e-17, 2.7465210e-17], shape=(1025,), dtype=float32))",CV
473,"(array([0.00000000e+00, 4.88281250e-01, 9.76562500e-01, ...,
       4.99023438e+02, 4.99511719e+02, 5.00000000e+02], shape=(1025,)), array([9.5190341e-03, 4.6605365e-03, 4.7943699e-03, ..., 4.6927740e-17,
       8.6181897e-17, 1.1056683e-17], shape=(1025,), dtype=float32))",CV
474,"(array([0.00000000e+00, 4.88281250e-01, 9.76562500e-01, ...,
       4.99023438e+02, 4.99511719e+02, 5.00000000e+02], shape=(1025,)), array([2.1875810e-03, 7.5604802e-04, 3.4629847e-03, ..., 5.7017070e-17,
       4.8897541e-17, 4.4687893e-17], shape=(1025,), dtype=float32))",CV
475,"(array([0.00000000e+00, 4.88281250e-01, 9.76562500e-01, ...,
       4.99023438e+02, 4.99511719e+02, 5.00000000e+02], shape=(1025,)), array([3.1103953e-03, 1.0684199e-03, 3.0504528e-03, ..., 3.9359540e-17,
       6.3133998e-17, 2.3189429e-17], shape=(1025,), dtype=float32))",CV
476,"(array([0.00000000e+00, 4.88281250e-01, 9.76562500e-01, ...,
       4.99023438e+02, 4.99511719e+02, 5.00000000e+02], shape=(1025,)), array([2.16560485e-03, 9.70134861e-04, 4.16822778e-03, ...,
       1.01044995e-16, 5.10897815e-17, 3.14278506e-17],
      shape=(1025,), dtype=float32))",CV
477,"(array([0.00000000e+00, 4.88281250e-01, 9.76562500e-01, ...,
       4.99023438e+02, 4.99511719e+02, 5.00000000e+02], shape=(1025,)), array([4.3530543e-03, 1.5189027e-03, 3.9209253e-03, ..., 5.7499766e-17,
       6.5204378e-17, 3.3033405e-17], shape=(1025,), dtype=float32))",CV
478,"(array([0.00000000e+00, 4.88281250e-01, 9.76562500e-01, ...,
       4.99023438e+02, 4.99511719e+02, 5.00000000e+02], shape=(1025,)), array([3.39013501e-03, 1.60320662e-03, 2.31664605e-03, ...,
       6.95364353e-17, 7.01544782e-17, 1.11136166e-17],
      shape=(1025,), dtype=float32))",CV
479,"(array([0.00000000e+00, 4.88281250e-01, 9.76562500e-01, ...,
       4.99023438e+02, 4.99511719e+02, 5.00000000e+02], shape=(1025,)), array([3.9623324e-03, 1.7054968e-03, 4.2065950e-03, ..., 3.8854960e-17,
       1.0011530e-16, 5.0569230e-17], shape=(1025,), dtype=float32))",CV
480,"(array([0.00000000e+00, 4.88281250e-01, 9.76562500e-01, ...,
       4.99023438e+02, 4.99511719e+02, 5.00000000e+02], shape=(1025,)), array([1.26350485e-02, 5.03301388e-03, 6.54385425e-03, ...,
       1.00312921e-16, 1.13603238e-16, 6.54248778e-17],
      shape=(1025,), dtype=float32))",CV
481,"(array([0.00000000e+00, 4.88281250e-01, 9.76562500e-01, ...,
       4.99023438e+02, 4.99511719e+02, 5.00000000e+02], shape=(1025,)), array([4.3813833e-03, 1.5555639e-03, 4.4854633e-03, ..., 1.2793754e-16,
       1.2420708e-16, 6.4780087e-17], shape=(1025,), dtype=float32))",CV
482,"(array([0.00000000e+00, 4.88281250e-01, 9.76562500e-01, ...,
       4.99023438e+02, 4.99511719e+02, 5.00000000e+02], shape=(1025,)), array([2.9329928e-03, 1.2359443e-03, 8.1489971e-03, ..., 7.8046555e-17,
       7.8774640e-17, 2.8433099e-17], shape=(1025,), dtype=float32))",CV
483,"(array([0.00000000e+00, 4.88281250e-01, 9.76562500e-01, ...,
       4.99023438e+02, 4.99511719e+02, 5.00000000e+02], shape=(1025,)), array([3.2148601e-03, 1.1504134e-03, 2.0309326e-03, ..., 9.3337002e-17,
       7.3712347e-17, 7.3975014e-17], shape=(1025,), dtype=float32))",CV
484,"(array([0.00000000e+00, 4.88281250e-01, 9.76562500e-01, ...,
       4.99023438e+02, 4.99511719e+02, 5.00000000e+02], shape=(1025,)), array([3.7609956e-03, 1.1487835e-03, 5.1634517e-03, ..., 6.2061462e-17,
       3.9023850e-17, 3.7622328e-17], shape=(1025,), dtype=float32))",CV
485,"(array([0.00000000e+00, 4.88281250e-01, 9.76562500e-01, ...,
       4.99023438e+02, 4.99511719e+02, 5.00000000e+02], shape=(1025,)), array([2.5183330e-03, 1.1512951e-03, 3.4699237e-03, ..., 4.4515850e-17,
       6.1458692e-17, 2.8467255e-17], shape=(1025,), dtype=float32))",CV
729,"(array([0.00000000e+00, 4.88281250e-01, 9.76562500e-01, ...,
       4.99023438e+02, 4.99511719e+02, 5.00000000e+02], shape=(1025,)), array([1.3177931e-02, 6.1267870e-03, 6.9489498e-03, ..., 2.5756776e-16,
       2.2499318e-16, 4.9925872e-17], shape=(1025,), dtype=float32))",SV
730,"(array([0.00000000e+00, 4.88281250e-01, 9.76562500e-01, ...,
       4.99023438e+02, 4.99511719e+02, 5.00000000e+02], shape=(1025,)), array([1.3668288e-02, 5.6986590e-03, 2.2816656e-03, ..., 2.0116406e-16,
       2.6950045e-16, 1.3496327e-16], shape=(1025,), dtype=float32))",SV
731,"(array([0.00000000e+00, 4.88281250e-01, 9.76562500e-01, ...,
       4.99023438e+02, 4.99511719e+02, 5.00000000e+02], shape=(1025,)), array([1.3530564e-01, 7.4163869e-02, 1.0186582e-01, ..., 7.5647824e-16,
       3.7774498e-16, 1.6797956e-16], shape=(1025,), dtype=float32))",SV
732,"(array([0.00000000e+00, 4.88281250e-01, 9.76562500e-01, ...,
       4.99023438e+02, 4.99511719e+02, 5.00000000e+02], shape=(1025,)), array([4.8882226e-03, 2.0398302e-03, 3.2112685e-03, ..., 2.5758600e-16,
       1.2026740e-16, 6.6317320e-17], shape=(1025,), dtype=float32))",SV
733,"(array([0.00000000e+00, 4.88281250e-01, 9.76562500e-01, ...,
       4.99023438e+02, 4.99511719e+02, 5.00000000e+02], shape=(1025,)), array([1.1121546e-02, 5.0914953e-03, 2.5456292e-03, ..., 2.1442676e-16,
       2.0537472e-16, 1.5823240e-16], shape=(1025,), dtype=float32))",SV
734,"(array([0.00000000e+00, 4.88281250e-01, 9.76562500e-01, ...,
       4.99023438e+02, 4.99511719e+02, 5.00000000e+02], shape=(1025,)), array([8.3014928e-03, 3.2177882e-03, 9.8131793e-03, ..., 2.0990617e-16,
       2.6735060e-16, 9.2757705e-17], shape=(1025,), dtype=float32))",SV
735,"(array([0.00000000e+00, 4.88281250e-01, 9.76562500e-01, ...,
       4.99023438e+02, 4.99511719e+02, 5.00000000e+02], shape=(1025,)), array([5.1119751e-03, 2.3290319e-03, 4.1755522e-03, ..., 3.3540191e-16,
       1.8728902e-16, 8.3124386e-17], shape=(1025,), dtype=float32))",SV
736,"(array([0.00000000e+00, 4.88281250e-01, 9.76562500e-01, ...,
       4.99023438e+02, 4.99511719e+02, 5.00000000e+02], shape=(1025,)), array([1.1865845e-02, 5.6185964e-03, 1.4448340e-02, ..., 2.1047552e-16,
       1.4638100e-16, 5.3615230e-17], shape=(1025,), dtype=float32))",SV
737,"(array([0.00000000e+00, 4.88281250e-01, 9.76562500e-01, ...,
       4.99023438e+02, 4.99511719e+02, 5.00000000e+02], shape=(1025,)), array([1.3460567e-02, 6.1706970e-03, 1.4832412e-03, ..., 2.7988668e-16,
       4.4283346e-16, 1.3596532e-16], shape=(1025,), dtype=float32))",SV
738,"(array([0.00000000e+00, 4.88281250e-01, 9.76562500e-01, ...,
       4.99023438e+02, 4.99511719e+02, 5.00000000e+02], shape=(1025,)), array([1.1407158e-02, 5.2037966e-03, 2.5223738e-03, ..., 3.0760579e-16,
       1.7968075e-16, 1.3459888e-16], shape=(1025,), dtype=float32))",SV
739,"(array([0.00000000e+00, 4.88281250e-01, 9.76562500e-01, ...,
       4.99023438e+02, 4.99511719e+02, 5.00000000e+02], shape=(1025,)), array([1.14328200e-02, 4.90838522e-03, 1.84815691e-03, ...,
       1.72733801e-16, 1.70015593e-16, 1.05670464e-16],
      shape=(1025,), dtype=float32))",SV
740,"(array([0.00000000e+00, 4.88281250e-01, 9.76562500e-01, ...,
       4.99023438e+02, 4.99511719e+02, 5.00000000e+02], shape=(1025,)), array([1.2343348e-02, 5.0790091e-03, 3.6192732e-03, ..., 1.6841585e-16,
       1.8988655e-16, 3.3978518e-17], shape=(1025,), dtype=float32))",SV
741,"(array([0.00000000e+00, 4.88281250e-01, 9.76562500e-01, ...,
       4.99023438e+02, 4.99511719e+02, 5.00000000e+02], shape=(1025,)), array([9.4016753e-03, 3.3024638e-03, 6.2840069e-03, ..., 1.6355011e-16,
       2.3950944e-16, 7.5113704e-17], shape=(1025,), dtype=float32))",SV
742,"(array([0.00000000e+00, 4.88281250e-01, 9.76562500e-01, ...,
       4.99023438e+02, 4.99511719e+02, 5.00000000e+02], shape=(1025,)), array([1.1388310e-02, 4.8317206e-03, 3.3666389e-03, ..., 3.6616596e-16,
       3.2211877e-16, 1.4643556e-16], shape=(1025,), dtype=float32))",SV
743,"(array([0.00000000e+00, 4.88281250e-01, 9.76562500e-01, ...,
       4.99023438e+02, 4.99511719e+02, 5.00000000e+02], shape=(1025,)), array([1.0727802e-02, 4.3805656e-03, 1.7062604e-03, ..., 3.7545199e-16,
       1.9446069e-16, 1.3345450e-16], shape=(1025,), dtype=float32))",SV
744,"(array([0.00000000e+00, 4.88281250e-01, 9.76562500e-01, ...,
       4.99023438e+02, 4.99511719e+02, 5.00000000e+02], shape=(1025,)), array([4.5818156e-03, 2.1081527e-03, 3.1587020e-03, ..., 4.1126721e-16,
       2.1126676e-16, 1.3217916e-16], shape=(1025,), dtype=float32))",SV
745,"(array([0.00000000e+00, 4.88281250e-01, 9.76562500e-01, ...,
       4.99023438e+02, 4.99511719e+02, 5.00000000e+02], shape=(1025,)), array([5.5887667e-03, 2.2870353e-03, 3.9263275e-03, ..., 2.1640310e-16,
       1.3892661e-16, 1.3395552e-16], shape=(1025,), dtype=float32))",SV
746,"(array([0.00000000e+00, 4.88281250e-01, 9.76562500e-01, ...,
       4.99023438e+02, 4.99511719e+02, 5.00000000e+02], shape=(1025,)), array([5.7436652e-03, 2.7320310e-03, 3.0988259e-03, ..., 3.9350003e-16,
       2.8069372e-16, 9.7591444e-17], shape=(1025,), dtype=float32))",SV
747,"(array([0.00000000e+00, 4.88281250e-01, 9.76562500e-01, ...,
       4.99023438e+02, 4.99511719e+02, 5.00000000e+02], shape=(1025,)), array([6.7772362e-03, 3.3702576e-03, 2.3548929e-03, ..., 3.3880164e-16,
       5.0037910e-16, 2.0899520e-16], shape=(1025,), dtype=float32))",SV
748,"(array([0.00000000e+00, 4.88281250e-01, 9.76562500e-01, ...,
       4.99023438e+02, 4.99511719e+02, 5.00000000e+02], shape=(1025,)), array([1.3006596e-02, 5.2604098e-03, 3.0071859e-03, ..., 2.0645739e-16,
       2.6245501e-16, 1.7169170e-16], shape=(1025,), dtype=float32))",SV
749,"(array([0.00000000e+00, 4.88281250e-01, 9.76562500e-01, ...,
       4.99023438e+02, 4.99511719e+02, 5.00000000e+02], shape=(1025,)), array([8.6793806e-03, 4.6914360e-03, 5.7315929e-03, ..., 2.1393711e-16,
       2.0264260e-16, 1.8774726e-16], shape=(1025,), dtype=float32))",SV
750,"(array([0.00000000e+00, 4.88281250e-01, 9.76562500e-01, ...,
       4.99023438e+02, 4.99511719e+02, 5.00000000e+02], shape=(1025,)), array([6.0957288e-03, 2.5317958e-03, 2.2116725e-03, ..., 1.3353465e-16,
       2.3913670e-16, 9.3338445e-17], shape=(1025,), dtype=float32))",SV
751,"(array([0.00000000e+00, 4.88281250e-01, 9.76562500e-01, ...,
       4.99023438e+02, 4.99511719e+02, 5.00000000e+02], shape=(1025,)), array([8.4511470e-03, 3.5672081e-03, 2.8094323e-03, ..., 2.2161595e-16,
       2.2548451e-16, 1.0867661e-16], shape=(1025,), dtype=float32))",SV
752,"(array([0.00000000e+00, 4.88281250e-01, 9.76562500e-01, ...,
       4.99023438e+02, 4.99511719e+02, 5.00000000e+02], shape=(1025,)), array([5.9118355e-03, 2.9290107e-03, 3.8097922e-03, ..., 3.7093762e-16,
       2.6571672e-16, 7.7960423e-17], shape=(1025,), dtype=float32))",SV
753,"(array([0.00000000e+00, 4.88281250e-01, 9.76562500e-01, ...,
       4.99023438e+02, 4.99511719e+02, 5.00000000e+02], shape=(1025,)), array([1.2187720e-02, 4.6632839e-03, 5.4894779e-03, ..., 4.2230196e-16,
       4.5742130e-16, 5.9815402e-17], shape=(1025,), dtype=float32))",SV
754,"(array([0.00000000e+00, 4.88281250e-01, 9.76562500e-01, ...,
       4.99023438e+02, 4.99511719e+02, 5.00000000e+02], shape=(1025,)), array([1.0681118e-02, 4.5766295e-03, 3.5134268e-03, ..., 2.8134917e-16,
       1.6957082e-16, 8.2372856e-17], shape=(1025,), dtype=float32))",SV
755,"(array([0.00000000e+00, 4.88281250e-01, 9.76562500e-01, ...,
       4.99023438e+02, 4.99511719e+02, 5.00000000e+02], shape=(1025,)), array([5.9455154e-03, 2.4150226e-03, 3.0510789e-03, ..., 2.4340397e-16,
       2.6430869e-16, 8.3488769e-17], shape=(1025,), dtype=float32))",SV
756,"(array([0.00000000e+00, 4.88281250e-01, 9.76562500e-01, ...,
       4.99023438e+02, 4.99511719e+02, 5.00000000e+02], shape=(1025,)), array([5.0327810e-03, 2.1867619e-03, 2.8865275e-03, ..., 1.8963464e-16,
       1.4199954e-16, 1.1660188e-16], shape=(1025,), dtype=float32))",SV
757,"(array([0.00000000e+00, 4.88281250e-01, 9.76562500e-01, ...,
       4.99023438e+02, 4.99511719e+02, 5.00000000e+02], shape=(1025,)), array([2.1492355e-03, 7.6730514e-04, 2.4755260e-03, ..., 2.7892162e-16,
       2.8611399e-16, 8.1348032e-17], shape=(1025,), dtype=float32))",SV
758,"(array([0.00000000e+00, 4.88281250e-01, 9.76562500e-01, ...,
       4.99023438e+02, 4.99511719e+02, 5.00000000e+02], shape=(1025,)), array([9.9992584e-03, 4.2048250e-03, 8.4220590e-03, ..., 2.8181816e-16,
       2.1742646e-16, 5.9029700e-17], shape=(1025,), dtype=float32))",SV
759,"(array([0.00000000e+00, 4.88281250e-01, 9.76562500e-01, ...,
       4.99023438e+02, 4.99511719e+02, 5.00000000e+02], shape=(1025,)), array([1.6456725e-02, 6.9681536e-03, 3.1085978e-03, ..., 1.5729690e-16,
       2.9293316e-16, 9.8109556e-17], shape=(1025,), dtype=float32))",SV
760,"(array([0.00000000e+00, 4.88281250e-01, 9.76562500e-01, ...,
       4.99023438e+02, 4.99511719e+02, 5.00000000e+02], shape=(1025,)), array([4.4155312e-03, 1.8766491e-03, 2.2802367e-03, ..., 2.6488854e-16,
       1.5574188e-16, 8.0254889e-17], shape=(1025,), dtype=float32))",SV
761,"(array([0.00000000e+00, 4.88281250e-01, 9.76562500e-01, ...,
       4.99023438e+02, 4.99511719e+02, 5.00000000e+02], shape=(1025,)), array([1.0645714e-02, 5.1196148e-03, 1.0447735e-02, ..., 3.3243491e-16,
       3.6576945e-16, 6.2400222e-17], shape=(1025,), dtype=float32))",SV
762,"(array([0.00000000e+00, 4.88281250e-01, 9.76562500e-01, ...,
       4.99023438e+02, 4.99511719e+02, 5.00000000e+02], shape=(1025,)), array([8.6547779e-03, 3.0437026e-03, 1.3977190e-02, ..., 2.3169215e-16,
       2.2261450e-16, 5.0831132e-17], shape=(1025,), dtype=float32))",SV
763,"(array([0.00000000e+00, 4.88281250e-01, 9.76562500e-01, ...,
       4.99023438e+02, 4.99511719e+02, 5.00000000e+02], shape=(1025,)), array([3.6987769e-03, 1.2282080e-03, 1.1219034e-02, ..., 2.0064297e-16,
       1.8456819e-16, 5.6735240e-17], shape=(1025,), dtype=float32))",SV
764,"(array([0.00000000e+00, 4.88281250e-01, 9.76562500e-01, ...,
       4.99023438e+02, 4.99511719e+02, 5.00000000e+02], shape=(1025,)), array([1.8195018e-02, 7.3258760e-03, 5.6855264e-03, ..., 2.6579949e-16,
       1.5354888e-16, 1.3696165e-16], shape=(1025,), dtype=float32))",SV
765,"(array([0.00000000e+00, 4.88281250e-01, 9.76562500e-01, ...,
       4.99023438e+02, 4.99511719e+02, 5.00000000e+02], shape=(1025,)), array([4.8511471e-03, 2.2538011e-03, 1.8304687e-03, ..., 2.7556436e-16,
       2.8889451e-16, 9.3213190e-17], shape=(1025,), dtype=float32))",SV
766,"(array([0.00000000e+00, 4.88281250e-01, 9.76562500e-01, ...,
       4.99023438e+02, 4.99511719e+02, 5.00000000e+02], shape=(1025,)), array([9.2482902e-03, 3.6468341e-03, 2.3381149e-03, ..., 1.7464448e-16,
       2.0580332e-16, 1.3036295e-16], shape=(1025,), dtype=float32))",SV
767,"(array([0.00000000e+00, 4.88281250e-01, 9.76562500e-01, ...,
       4.99023438e+02, 4.99511719e+02, 5.00000000e+02], shape=(1025,)), array([9.9906735e-03, 4.0843794e-03, 3.1597302e-03, ..., 1.1137815e-16,
       2.3067944e-16, 4.9396381e-17], shape=(1025,), dtype=float32))",SV
768,"(array([0.00000000e+00, 4.88281250e-01, 9.76562500e-01, ...,
       4.99023438e+02, 4.99511719e+02, 5.00000000e+02], shape=(1025,)), array([5.1428047e-03, 2.3595104e-03, 1.7459100e-03, ..., 2.2914150e-16,
       1.5519658e-16, 1.0182311e-16], shape=(1025,), dtype=float32))",SV
769,"(array([0.00000000e+00, 4.88281250e-01, 9.76562500e-01, ...,
       4.99023438e+02, 4.99511719e+02, 5.00000000e+02], shape=(1025,)), array([3.75934318e-03, 1.53500470e-03, 2.28607049e-03, ...,
       2.51038516e-16, 1.76378782e-16, 1.08767686e-16],
      shape=(1025,), dtype=float32))",SV
770,"(array([0.00000000e+00, 4.88281250e-01, 9.76562500e-01, ...,
       4.99023438e+02, 4.99511719e+02, 5.00000000e+02], shape=(1025,)), array([3.0006254e-03, 1.1510479e-03, 3.8631586e-03, ..., 1.9732649e-16,
       1.3050663e-16, 6.8099371e-17], shape=(1025,), dtype=float32))",SV
771,"(array([0.00000000e+00, 4.88281250e-01, 9.76562500e-01, ...,
       4.99023438e+02, 4.99511719e+02, 5.00000000e+02], shape=(1025,)), array([7.5032245e-03, 3.6477232e-03, 2.0305628e-03, ..., 3.2505339e-16,
       1.1972153e-16, 6.8873672e-17], shape=(1025,), dtype=float32))",SV
772,"(array([0.00000000e+00, 4.88281250e-01, 9.76562500e-01, ...,
       4.99023438e+02, 4.99511719e+02, 5.00000000e+02], shape=(1025,)), array([7.6171211e-03, 3.0479967e-03, 2.2818458e-03, ..., 1.2781584e-16,
       1.3586639e-16, 8.6039443e-17], shape=(1025,), dtype=float32))",SV
773,"(array([0.00000000e+00, 4.88281250e-01, 9.76562500e-01, ...,
       4.99023438e+02, 4.99511719e+02, 5.00000000e+02], shape=(1025,)), array([4.9650264e-03, 1.9309658e-03, 2.6159657e-03, ..., 3.0614894e-16,
       1.8279945e-16, 5.9849561e-17], shape=(1025,), dtype=float32))",SV
774,"(array([0.00000000e+00, 4.88281250e-01, 9.76562500e-01, ...,
       4.99023438e+02, 4.99511719e+02, 5.00000000e+02], shape=(1025,)), array([7.3093185e-03, 3.0236281e-03, 1.4205272e-03, ..., 2.5306128e-16,
       3.2797656e-16, 1.1022522e-16], shape=(1025,), dtype=float32))",SV
775,"(array([0.00000000e+00, 4.88281250e-01, 9.76562500e-01, ...,
       4.99023438e+02, 4.99511719e+02, 5.00000000e+02], shape=(1025,)), array([3.1420398e-03, 1.1889039e-03, 3.8004613e-03, ..., 2.5391369e-16,
       2.1942661e-16, 9.5479182e-17], shape=(1025,), dtype=float32))",SV
776,"(array([0.00000000e+00, 4.88281250e-01, 9.76562500e-01, ...,
       4.99023438e+02, 4.99511719e+02, 5.00000000e+02], shape=(1025,)), array([1.0121263e-02, 3.8948064e-03, 3.2832010e-03, ..., 1.9716173e-16,
       1.5602143e-16, 7.9486273e-17], shape=(1025,), dtype=float32))",SV
777,"(array([0.00000000e+00, 4.88281250e-01, 9.76562500e-01, ...,
       4.99023438e+02, 4.99511719e+02, 5.00000000e+02], shape=(1025,)), array([8.2361810e-03, 3.1210056e-03, 3.4564086e-03, ..., 1.9166505e-16,
       2.7544209e-16, 1.2628075e-16], shape=(1025,), dtype=float32))",SV
778,"(array([0.00000000e+00, 4.88281250e-01, 9.76562500e-01, ...,
       4.99023438e+02, 4.99511719e+02, 5.00000000e+02], shape=(1025,)), array([3.2608886e-03, 1.2179419e-03, 3.8125638e-03, ..., 2.6572848e-16,
       1.5275228e-16, 7.7613126e-17], shape=(1025,), dtype=float32))",SV
779,"(array([0.00000000e+00, 4.88281250e-01, 9.76562500e-01, ...,
       4.99023438e+02, 4.99511719e+02, 5.00000000e+02], shape=(1025,)), array([6.6629681e-03, 2.9975888e-03, 2.8155746e-03, ..., 2.9492575e-16,
       2.2526868e-16, 4.8724561e-17], shape=(1025,), dtype=float32))",SV
780,"(array([0.00000000e+00, 4.88281250e-01, 9.76562500e-01, ...,
       4.99023438e+02, 4.99511719e+02, 5.00000000e+02], shape=(1025,)), array([1.1549399e-02, 4.6154889e-03, 3.5550981e-03, ..., 3.5681287e-16,
       1.7711704e-16, 8.7178126e-17], shape=(1025,), dtype=float32))",SV
781,"(array([0.00000000e+00, 4.88281250e-01, 9.76562500e-01, ...,
       4.99023438e+02, 4.99511719e+02, 5.00000000e+02], shape=(1025,)), array([3.0617118e-03, 1.1952798e-03, 2.8777546e-03, ..., 1.8951507e-16,
       2.7453484e-16, 9.6862691e-17], shape=(1025,), dtype=float32))",SV
782,"(array([0.00000000e+00, 4.88281250e-01, 9.76562500e-01, ...,
       4.99023438e+02, 4.99511719e+02, 5.00000000e+02], shape=(1025,)), array([1.4188437e-02, 5.3597270e-03, 4.8481855e-03, ..., 4.3752624e-16,
       3.8627042e-16, 2.1039580e-16], shape=(1025,), dtype=float32))",SV
783,"(array([0.00000000e+00, 4.88281250e-01, 9.76562500e-01, ...,
       4.99023438e+02, 4.99511719e+02, 5.00000000e+02], shape=(1025,)), array([3.9696679e-03, 1.9854913e-03, 2.0474510e-03, ..., 1.2518761e-16,
       2.1119791e-16, 1.1701182e-16], shape=(1025,), dtype=float32))",SV
784,"(array([0.00000000e+00, 4.88281250e-01, 9.76562500e-01, ...,
       4.99023438e+02, 4.99511719e+02, 5.00000000e+02], shape=(1025,)), array([8.8734813e-03, 3.3160527e-03, 3.5651731e-03, ..., 3.1112788e-16,
       3.4161035e-16, 1.2035957e-16], shape=(1025,), dtype=float32))",SV
785,"(array([0.00000000e+00, 4.88281250e-01, 9.76562500e-01, ...,
       4.99023438e+02, 4.99511719e+02, 5.00000000e+02], shape=(1025,)), array([9.2316056e-03, 3.3682303e-03, 4.4815373e-03, ..., 1.6960220e-16,
       1.5890358e-16, 6.2929724e-17], shape=(1025,), dtype=float32))",SV
786,"(array([0.00000000e+00, 4.88281250e-01, 9.76562500e-01, ...,
       4.99023438e+02, 4.99511719e+02, 5.00000000e+02], shape=(1025,)), array([4.9073575e-03, 2.0484293e-03, 2.1954824e-03, ..., 2.3383147e-16,
       1.6430860e-16, 7.5609026e-17], shape=(1025,), dtype=float32))",SV
787,"(array([0.00000000e+00, 4.88281250e-01, 9.76562500e-01, ...,
       4.99023438e+02, 4.99511719e+02, 5.00000000e+02], shape=(1025,)), array([6.3474500e-03, 2.9392964e-03, 7.1605714e-03, ..., 2.6445975e-16,
       2.6733149e-16, 9.2734934e-17], shape=(1025,), dtype=float32))",SV
788,"(array([0.00000000e+00, 4.88281250e-01, 9.76562500e-01, ...,
       4.99023438e+02, 4.99511719e+02, 5.00000000e+02], shape=(1025,)), array([7.0555783e-03, 2.7996777e-03, 2.6254766e-03, ..., 1.7173228e-16,
       1.1197897e-16, 1.1206990e-16], shape=(1025,), dtype=float32))",SV
789,"(array([0.00000000e+00, 4.88281250e-01, 9.76562500e-01, ...,
       4.99023438e+02, 4.99511719e+02, 5.00000000e+02], shape=(1025,)), array([7.5522792e-03, 3.0007919e-03, 4.2947177e-03, ..., 3.2242087e-16,
       3.0794012e-16, 6.2855708e-17], shape=(1025,), dtype=float32))",SV
790,"(array([0.00000000e+00, 4.88281250e-01, 9.76562500e-01, ...,
       4.99023438e+02, 4.99511719e+02, 5.00000000e+02], shape=(1025,)), array([3.6851082e-03, 1.5229470e-03, 2.9539259e-03, ..., 7.2147454e-17,
       1.5826719e-16, 6.1221682e-17], shape=(1025,), dtype=float32))",SV
791,"(array([0.00000000e+00, 4.88281250e-01, 9.76562500e-01, ...,
       4.99023438e+02, 4.99511719e+02, 5.00000000e+02], shape=(1025,)), array([6.5004481e-03, 2.3530242e-03, 3.9541530e-03, ..., 1.1928421e-16,
       1.8756220e-16, 8.3625412e-17], shape=(1025,), dtype=float32))",SV
792,"(array([0.00000000e+00, 4.88281250e-01, 9.76562500e-01, ...,
       4.99023438e+02, 4.99511719e+02, 5.00000000e+02], shape=(1025,)), array([3.5263973e-03, 1.2884977e-03, 5.1825987e-03, ..., 1.4690955e-16,
       2.6651733e-16, 1.0761193e-16], shape=(1025,), dtype=float32))",SV
793,"(array([0.00000000e+00, 4.88281250e-01, 9.76562500e-01, ...,
       4.99023438e+02, 4.99511719e+02, 5.00000000e+02], shape=(1025,)), array([4.6051927e-03, 1.8731591e-03, 3.7567767e-03, ..., 1.5358032e-16,
       1.8324094e-16, 9.5035092e-17], shape=(1025,), dtype=float32))",SV
794,"(array([0.00000000e+00, 4.88281250e-01, 9.76562500e-01, ...,
       4.99023438e+02, 4.99511719e+02, 5.00000000e+02], shape=(1025,)), array([8.4394468e-03, 3.5342092e-03, 2.4142100e-03, ..., 1.4332569e-16,
       1.6463343e-16, 7.7795311e-17], shape=(1025,), dtype=float32))",SV
795,"(array([0.00000000e+00, 4.88281250e-01, 9.76562500e-01, ...,
       4.99023438e+02, 4.99511719e+02, 5.00000000e+02], shape=(1025,)), array([6.0210596e-03, 2.6873597e-03, 4.7078123e-03, ..., 3.6367561e-16,
       1.8953999e-16, 7.1646394e-17], shape=(1025,), dtype=float32))",SV
796,"(array([0.00000000e+00, 4.88281250e-01, 9.76562500e-01, ...,
       4.99023438e+02, 4.99511719e+02, 5.00000000e+02], shape=(1025,)), array([1.1422620e-02, 5.8584171e-03, 3.7855161e-03, ..., 3.1905105e-16,
       2.4099686e-16, 2.2318331e-17], shape=(1025,), dtype=float32))",SV
797,"(array([0.00000000e+00, 4.88281250e-01, 9.76562500e-01, ...,
       4.99023438e+02, 4.99511719e+02, 5.00000000e+02], shape=(1025,)), array([7.50373118e-03, 3.24242306e-03, 5.54823689e-03, ...,
       2.06843063e-16, 2.00828335e-16, 1.06513096e-16],
      shape=(1025,), dtype=float32))",SV
798,"(array([0.00000000e+00, 4.88281250e-01, 9.76562500e-01, ...,
       4.99023438e+02, 4.99511719e+02, 5.00000000e+02], shape=(1025,)), array([6.6977991e-03, 3.1044511e-03, 2.4374886e-03, ..., 4.0665374e-16,
       5.7166386e-16, 9.7585759e-17], shape=(1025,), dtype=float32))",SV
799,"(array([0.00000000e+00, 4.88281250e-01, 9.76562500e-01, ...,
       4.99023438e+02, 4.99511719e+02, 5.00000000e+02], shape=(1025,)), array([8.1842095e-03, 3.2047043e-03, 5.2507697e-03, ..., 2.3166653e-16,
       1.5341074e-16, 4.8371563e-17], shape=(1025,), dtype=float32))",SV
800,"(array([0.00000000e+00, 4.88281250e-01, 9.76562500e-01, ...,
       4.99023438e+02, 4.99511719e+02, 5.00000000e+02], shape=(1025,)), array([5.3858138e-03, 2.7260568e-03, 3.7887176e-03, ..., 3.1136987e-16,
       1.8175511e-16, 1.0166227e-16], shape=(1025,), dtype=float32))",SV
801,"(array([0.00000000e+00, 4.88281250e-01, 9.76562500e-01, ...,
       4.99023438e+02, 4.99511719e+02, 5.00000000e+02], shape=(1025,)), array([5.7423892e-03, 2.2980624e-03, 5.0832522e-03, ..., 2.6957792e-16,
       1.9047468e-16, 1.1115894e-16], shape=(1025,), dtype=float32))",SV
802,"(array([0.00000000e+00, 4.88281250e-01, 9.76562500e-01, ...,
       4.99023438e+02, 4.99511719e+02, 5.00000000e+02], shape=(1025,)), array([4.1907695e-03, 1.6097946e-03, 3.7675111e-03, ..., 2.4980248e-16,
       1.3946241e-16, 7.8683491e-17], shape=(1025,), dtype=float32))",SV
803,"(array([0.00000000e+00, 4.88281250e-01, 9.76562500e-01, ...,
       4.99023438e+02, 4.99511719e+02, 5.00000000e+02], shape=(1025,)), array([9.0808636e-03, 4.1101454e-03, 2.0728542e-03, ..., 1.9456384e-16,
       2.5552231e-16, 5.7213489e-17], shape=(1025,), dtype=float32))",SV
804,"(array([0.00000000e+00, 4.88281250e-01, 9.76562500e-01, ...,
       4.99023438e+02, 4.99511719e+02, 5.00000000e+02], shape=(1025,)), array([5.4779937e-03, 2.2871019e-03, 6.7459051e-03, ..., 1.4562708e-16,
       1.8172233e-16, 4.3543512e-17], shape=(1025,), dtype=float32))",SV
805,"(array([0.00000000e+00, 4.88281250e-01, 9.76562500e-01, ...,
       4.99023438e+02, 4.99511719e+02, 5.00000000e+02], shape=(1025,)), array([3.8114996e-03, 1.8143629e-03, 3.5746926e-03, ..., 2.0845736e-16,
       2.9056388e-16, 7.4749327e-17], shape=(1025,), dtype=float32))",SV
806,"(array([0.00000000e+00, 4.88281250e-01, 9.76562500e-01, ...,
       4.99023438e+02, 4.99511719e+02, 5.00000000e+02], shape=(1025,)), array([1.0053603e-02, 3.8027172e-03, 3.8358537e-03, ..., 1.6635429e-16,
       1.6916456e-16, 1.3199697e-16], shape=(1025,), dtype=float32))",SV
807,"(array([0.00000000e+00, 4.88281250e-01, 9.76562500e-01, ...,
       4.99023438e+02, 4.99511719e+02, 5.00000000e+02], shape=(1025,)), array([5.7184431e-03, 2.7110092e-03, 3.9724563e-03, ..., 2.3328418e-16,
       2.1870188e-16, 1.0220883e-16], shape=(1025,), dtype=float32))",SV
808,"(array([0.00000000e+00, 4.88281250e-01, 9.76562500e-01, ...,
       4.99023438e+02, 4.99511719e+02, 5.00000000e+02], shape=(1025,)), array([8.5254386e-03, 3.8881553e-03, 3.3614633e-03, ..., 3.0143973e-16,
       2.1199286e-16, 9.3919179e-17], shape=(1025,), dtype=float32))",SV
809,"(array([0.00000000e+00, 4.88281250e-01, 9.76562500e-01, ...,
       4.99023438e+02, 4.99511719e+02, 5.00000000e+02], shape=(1025,)), array([4.7462448e-03, 2.7707738e-03, 3.3720178e-03, ..., 4.0801405e-16,
       2.8924084e-16, 1.0970711e-16], shape=(1025,), dtype=float32))",SV
810,"(array([0.00000000e+00, 4.88281250e-01, 9.76562500e-01, ...,
       4.99023438e+02, 4.99511719e+02, 5.00000000e+02], shape=(1025,)), array([1.2420983e-03, 4.8468093e-04, 1.1035798e-03, ..., 4.2698752e-17,
       4.0836732e-17, 1.1712853e-17], shape=(1025,), dtype=float32))",SV
811,"(array([0.00000000e+00, 4.88281250e-01, 9.76562500e-01, ...,
       4.99023438e+02, 4.99511719e+02, 5.00000000e+02], shape=(1025,)), array([6.1365347e-03, 2.8400945e-03, 1.4699247e-02, ..., 8.2763258e-17,
       7.3580812e-17, 3.8607292e-17], shape=(1025,), dtype=float32))",SV
812,"(array([0.00000000e+00, 4.88281250e-01, 9.76562500e-01, ...,
       4.99023438e+02, 4.99511719e+02, 5.00000000e+02], shape=(1025,)), array([3.1326478e-03, 1.2089071e-03, 2.2996194e-03, ..., 7.8449187e-17,
       4.8722123e-17, 2.5096731e-17], shape=(1025,), dtype=float32))",SV
813,"(array([0.00000000e+00, 4.88281250e-01, 9.76562500e-01, ...,
       4.99023438e+02, 4.99511719e+02, 5.00000000e+02], shape=(1025,)), array([1.0478215e-02, 2.8509146e-03, 1.5734775e-02, ..., 6.3131834e-17,
       4.6669934e-17, 3.6768311e-17], shape=(1025,), dtype=float32))",SV
814,"(array([0.00000000e+00, 4.88281250e-01, 9.76562500e-01, ...,
       4.99023438e+02, 4.99511719e+02, 5.00000000e+02], shape=(1025,)), array([2.9818928e-03, 1.2788589e-03, 4.3625413e-03, ..., 2.4713136e-17,
       7.6423773e-17, 9.3443765e-18], shape=(1025,), dtype=float32))",SV
815,"(array([0.00000000e+00, 4.88281250e-01, 9.76562500e-01, ...,
       4.99023438e+02, 4.99511719e+02, 5.00000000e+02], shape=(1025,)), array([1.6788199e-03, 7.2123751e-04, 2.7017919e-03, ..., 2.8205357e-17,
       4.8764276e-17, 1.7513056e-17], shape=(1025,), dtype=float32))",SV
816,"(array([0.00000000e+00, 4.88281250e-01, 9.76562500e-01, ...,
       4.99023438e+02, 4.99511719e+02, 5.00000000e+02], shape=(1025,)), array([1.6564229e-03, 7.4198807e-04, 3.5866750e-03, ..., 5.2979747e-17,
       4.8599879e-17, 2.3002968e-17], shape=(1025,), dtype=float32))",SV
817,"(array([0.00000000e+00, 4.88281250e-01, 9.76562500e-01, ...,
       4.99023438e+02, 4.99511719e+02, 5.00000000e+02], shape=(1025,)), array([1.0071521e-02, 3.7666806e-03, 6.6802776e-03, ..., 6.9109954e-17,
       1.2315225e-16, 1.3573188e-17], shape=(1025,), dtype=float32))",SV
818,"(array([0.00000000e+00, 4.88281250e-01, 9.76562500e-01, ...,
       4.99023438e+02, 4.99511719e+02, 5.00000000e+02], shape=(1025,)), array([2.2486364e-03, 8.9702778e-04, 3.5539034e-03, ..., 4.1436941e-17,
       9.5824520e-17, 2.6332213e-17], shape=(1025,), dtype=float32))",SV
819,"(array([0.00000000e+00, 4.88281250e-01, 9.76562500e-01, ...,
       4.99023438e+02, 4.99511719e+02, 5.00000000e+02], shape=(1025,)), array([9.9205719e-03, 4.9833031e-03, 9.7432630e-03, ..., 1.7037671e-16,
       9.4219498e-17, 3.7087142e-17], shape=(1025,), dtype=float32))",SV
820,"(array([0.00000000e+00, 4.88281250e-01, 9.76562500e-01, ...,
       4.99023438e+02, 4.99511719e+02, 5.00000000e+02], shape=(1025,)), array([2.3801641e-03, 1.1801275e-03, 7.2620446e-03, ..., 6.1045890e-17,
       9.8865295e-17, 7.1014422e-17], shape=(1025,), dtype=float32))",SV
821,"(array([0.00000000e+00, 4.88281250e-01, 9.76562500e-01, ...,
       4.99023438e+02, 4.99511719e+02, 5.00000000e+02], shape=(1025,)), array([2.41900980e-03, 1.11381139e-03, 1.42774917e-03, ...,
       3.66608433e-17, 1.09161126e-16, 2.61272491e-17],
      shape=(1025,), dtype=float32))",SV
822,"(array([0.00000000e+00, 4.88281250e-01, 9.76562500e-01, ...,
       4.99023438e+02, 4.99511719e+02, 5.00000000e+02], shape=(1025,)), array([1.6410899e-03, 7.9255149e-04, 1.0820354e-03, ..., 9.5111953e-17,
       5.5428235e-17, 1.5491882e-17], shape=(1025,), dtype=float32))",SV
823,"(array([0.00000000e+00, 4.88281250e-01, 9.76562500e-01, ...,
       4.99023438e+02, 4.99511719e+02, 5.00000000e+02], shape=(1025,)), array([1.6714019e-03, 6.3589483e-04, 1.2112720e-03, ..., 5.7736214e-17,
       6.6081176e-17, 1.6129547e-17], shape=(1025,), dtype=float32))",SV
824,"(array([0.00000000e+00, 4.88281250e-01, 9.76562500e-01, ...,
       4.99023438e+02, 4.99511719e+02, 5.00000000e+02], shape=(1025,)), array([4.7138128e-03, 2.0688749e-03, 5.4432312e-03, ..., 9.0814108e-17,
       7.6475958e-17, 3.7349038e-17], shape=(1025,), dtype=float32))",SV
825,"(array([0.00000000e+00, 4.88281250e-01, 9.76562500e-01, ...,
       4.99023438e+02, 4.99511719e+02, 5.00000000e+02], shape=(1025,)), array([2.4968418e-03, 1.2112613e-03, 2.2630903e-03, ..., 5.8451818e-17,
       1.1135590e-16, 1.8976274e-17], shape=(1025,), dtype=float32))",SV
826,"(array([0.00000000e+00, 4.88281250e-01, 9.76562500e-01, ...,
       4.99023438e+02, 4.99511719e+02, 5.00000000e+02], shape=(1025,)), array([2.0275600e-03, 1.0161233e-03, 9.3562901e-03, ..., 7.7305686e-17,
       7.0418786e-17, 3.5892938e-17], shape=(1025,), dtype=float32))",SV
827,"(array([0.00000000e+00, 4.88281250e-01, 9.76562500e-01, ...,
       4.99023438e+02, 4.99511719e+02, 5.00000000e+02], shape=(1025,)), array([3.1713820e-03, 1.4614856e-03, 1.1670588e-03, ..., 6.2621027e-17,
       6.8240303e-17, 3.8077800e-17], shape=(1025,), dtype=float32))",SV
828,"(array([0.00000000e+00, 4.88281250e-01, 9.76562500e-01, ...,
       4.99023438e+02, 4.99511719e+02, 5.00000000e+02], shape=(1025,)), array([1.82049465e-03, 8.65917944e-04, 2.11628922e-03, ...,
       5.47233213e-17, 1.09773696e-16, 2.09988716e-17],
      shape=(1025,), dtype=float32))",SV
829,"(array([0.00000000e+00, 4.88281250e-01, 9.76562500e-01, ...,
       4.99023438e+02, 4.99511719e+02, 5.00000000e+02], shape=(1025,)), array([1.7924632e-03, 7.7992643e-04, 8.9943619e-04, ..., 4.2232163e-17,
       5.7143754e-17, 1.7518751e-17], shape=(1025,), dtype=float32))",SV
830,"(array([0.00000000e+00, 4.88281250e-01, 9.76562500e-01, ...,
       4.99023438e+02, 4.99511719e+02, 5.00000000e+02], shape=(1025,)), array([1.6274322e-03, 7.3813036e-04, 2.3355992e-03, ..., 2.8118989e-17,
       6.9338865e-17, 2.6246810e-17], shape=(1025,), dtype=float32))",SV
831,"(array([0.00000000e+00, 4.88281250e-01, 9.76562500e-01, ...,
       4.99023438e+02, 4.99511719e+02, 5.00000000e+02], shape=(1025,)), array([1.7031642e-03, 6.1153923e-04, 2.1750273e-03, ..., 3.5188551e-17,
       5.2027705e-17, 1.6516702e-17], shape=(1025,), dtype=float32))",SV
832,"(array([0.00000000e+00, 4.88281250e-01, 9.76562500e-01, ...,
       4.99023438e+02, 4.99511719e+02, 5.00000000e+02], shape=(1025,)), array([5.4561025e-03, 2.1810536e-03, 4.1124742e-03, ..., 5.4387403e-17,
       6.7002894e-17, 4.8874010e-17], shape=(1025,), dtype=float32))",SV
833,"(array([0.00000000e+00, 4.88281250e-01, 9.76562500e-01, ...,
       4.99023438e+02, 4.99511719e+02, 5.00000000e+02], shape=(1025,)), array([3.0024904e-03, 1.4682335e-03, 1.8892804e-03, ..., 4.1952195e-17,
       7.3243581e-17, 5.0973470e-17], shape=(1025,), dtype=float32))",SV
834,"(array([0.00000000e+00, 4.88281250e-01, 9.76562500e-01, ...,
       4.99023438e+02, 4.99511719e+02, 5.00000000e+02], shape=(1025,)), array([4.3469165e-03, 1.5264235e-03, 1.5179224e-03, ..., 8.1823621e-17,
       1.0903841e-16, 2.9816605e-17], shape=(1025,), dtype=float32))",SV
835,"(array([0.00000000e+00, 4.88281250e-01, 9.76562500e-01, ...,
       4.99023438e+02, 4.99511719e+02, 5.00000000e+02], shape=(1025,)), array([7.6862653e-03, 2.9926787e-03, 1.4508790e-03, ..., 7.6842061e-17,
       5.3317935e-17, 1.7854662e-17], shape=(1025,), dtype=float32))",SV
836,"(array([0.00000000e+00, 4.88281250e-01, 9.76562500e-01, ...,
       4.99023438e+02, 4.99511719e+02, 5.00000000e+02], shape=(1025,)), array([4.7229077e-03, 1.8124756e-03, 2.5453023e-03, ..., 6.7391960e-17,
       7.1109958e-17, 3.1326792e-17], shape=(1025,), dtype=float32))",SV
837,"(array([0.00000000e+00, 4.88281250e-01, 9.76562500e-01, ...,
       4.99023438e+02, 4.99511719e+02, 5.00000000e+02], shape=(1025,)), array([3.5603803e-03, 1.6309614e-03, 2.9259669e-03, ..., 5.5090543e-17,
       3.5456147e-17, 3.9512552e-17], shape=(1025,), dtype=float32))",SV
838,"(array([0.00000000e+00, 4.88281250e-01, 9.76562500e-01, ...,
       4.99023438e+02, 4.99511719e+02, 5.00000000e+02], shape=(1025,)), array([2.1254548e-03, 1.5028708e-03, 9.9894051e-03, ..., 8.6458625e-17,
       5.7707395e-17, 1.6835536e-17], shape=(1025,), dtype=float32))",SV
839,"(array([0.00000000e+00, 4.88281250e-01, 9.76562500e-01, ...,
       4.99023438e+02, 4.99511719e+02, 5.00000000e+02], shape=(1025,)), array([3.2612074e-03, 1.9511615e-03, 1.3469519e-02, ..., 6.1553328e-17,
       7.4056011e-17, 1.6220643e-17], shape=(1025,), dtype=float32))",SV
840,"(array([0.00000000e+00, 4.88281250e-01, 9.76562500e-01, ...,
       4.99023438e+02, 4.99511719e+02, 5.00000000e+02], shape=(1025,)), array([1.0820037e-03, 4.2926648e-04, 2.5845554e-03, ..., 6.5278262e-17,
       6.5832890e-17, 9.5934654e-18], shape=(1025,), dtype=float32))",SV
841,"(array([0.00000000e+00, 4.88281250e-01, 9.76562500e-01, ...,
       4.99023438e+02, 4.99511719e+02, 5.00000000e+02], shape=(1025,)), array([4.2660940e-03, 2.7011915e-03, 1.6643303e-02, ..., 1.3401031e-16,
       5.8493720e-17, 3.5961264e-17], shape=(1025,), dtype=float32))",SV
842,"(array([0.00000000e+00, 4.88281250e-01, 9.76562500e-01, ...,
       4.99023438e+02, 4.99511719e+02, 5.00000000e+02], shape=(1025,)), array([4.7501624e-03, 1.8455584e-03, 3.8754281e-03, ..., 8.2403627e-17,
       7.6072916e-17, 2.9628719e-17], shape=(1025,), dtype=float32))",SV
843,"(array([0.00000000e+00, 4.88281250e-01, 9.76562500e-01, ...,
       4.99023438e+02, 4.99511719e+02, 5.00000000e+02], shape=(1025,)), array([3.8958043e-03, 1.5477184e-03, 4.3745944e-03, ..., 4.8180835e-17,
       7.8290997e-17, 1.5053486e-17], shape=(1025,), dtype=float32))",SV
844,"(array([0.00000000e+00, 4.88281250e-01, 9.76562500e-01, ...,
       4.99023438e+02, 4.99511719e+02, 5.00000000e+02], shape=(1025,)), array([4.5951847e-03, 1.5995514e-03, 1.8449439e-03, ..., 5.0341497e-17,
       6.8129361e-17, 1.8332915e-17], shape=(1025,), dtype=float32))",SV
845,"(array([0.00000000e+00, 4.88281250e-01, 9.76562500e-01, ...,
       4.99023438e+02, 4.99511719e+02, 5.00000000e+02], shape=(1025,)), array([3.6399487e-02, 9.9250777e-03, 1.2068481e-02, ..., 1.3360609e-16,
       1.1237947e-16, 1.9872423e-16], shape=(1025,), dtype=float32))",SV
846,"(array([0.00000000e+00, 4.88281250e-01, 9.76562500e-01, ...,
       4.99023438e+02, 4.99511719e+02, 5.00000000e+02], shape=(1025,)), array([3.47233517e-03, 1.40865997e-03, 5.64861856e-03, ...,
       9.65200462e-17, 1.02645186e-16, 2.37758525e-17],
      shape=(1025,), dtype=float32))",SV
847,"(array([0.00000000e+00, 4.88281250e-01, 9.76562500e-01, ...,
       4.99023438e+02, 4.99511719e+02, 5.00000000e+02], shape=(1025,)), array([1.9963302e-03, 8.4024202e-04, 2.3346508e-03, ..., 5.7227194e-17,
       5.2673009e-17, 2.4049136e-17], shape=(1025,), dtype=float32))",SV
848,"(array([0.00000000e+00, 4.88281250e-01, 9.76562500e-01, ...,
       4.99023438e+02, 4.99511719e+02, 5.00000000e+02], shape=(1025,)), array([1.5102805e-03, 8.2613062e-04, 6.0199671e-03, ..., 5.2436690e-17,
       5.8525649e-17, 3.0129743e-17], shape=(1025,), dtype=float32))",SV
849,"(array([0.00000000e+00, 4.88281250e-01, 9.76562500e-01, ...,
       4.99023438e+02, 4.99511719e+02, 5.00000000e+02], shape=(1025,)), array([1.1368314e-03, 5.1033963e-04, 1.7001240e-03, ..., 6.7422320e-17,
       4.5609419e-17, 1.4768812e-17], shape=(1025,), dtype=float32))",SV
850,"(array([0.00000000e+00, 4.88281250e-01, 9.76562500e-01, ...,
       4.99023438e+02, 4.99511719e+02, 5.00000000e+02], shape=(1025,)), array([3.5922416e-03, 1.3318051e-03, 3.0849939e-03, ..., 5.8477613e-17,
       6.0549700e-17, 5.0193462e-17], shape=(1025,), dtype=float32))",SV
851,"(array([0.00000000e+00, 4.88281250e-01, 9.76562500e-01, ...,
       4.99023438e+02, 4.99511719e+02, 5.00000000e+02], shape=(1025,)), array([6.1205322e-01, 1.3018671e-01, 7.2484237e-01, ..., 1.6930417e-15,
       7.6764394e-16, 3.9699865e-16], shape=(1025,), dtype=float32))",SV
852,"(array([0.00000000e+00, 4.88281250e-01, 9.76562500e-01, ...,
       4.99023438e+02, 4.99511719e+02, 5.00000000e+02], shape=(1025,)), array([2.0191788e-03, 6.8499602e-04, 3.4255981e-03, ..., 4.7363270e-17,
       6.6581283e-17, 3.3101727e-17], shape=(1025,), dtype=float32))",SV
853,"(array([0.00000000e+00, 4.88281250e-01, 9.76562500e-01, ...,
       4.99023438e+02, 4.99511719e+02, 5.00000000e+02], shape=(1025,)), array([3.2162876e-03, 1.4207290e-03, 2.4269733e-03, ..., 6.5957966e-17,
       7.2789531e-17, 7.1282008e-18], shape=(1025,), dtype=float32))",SV
854,"(array([0.00000000e+00, 4.88281250e-01, 9.76562500e-01, ...,
       4.99023438e+02, 4.99511719e+02, 5.00000000e+02], shape=(1025,)), array([4.4309818e-03, 1.5977775e-03, 1.5839151e-03, ..., 5.3037703e-17,
       7.0472221e-17, 2.3781547e-17], shape=(1025,), dtype=float32))",SV
855,"(array([0.00000000e+00, 4.88281250e-01, 9.76562500e-01, ...,
       4.99023438e+02, 4.99511719e+02, 5.00000000e+02], shape=(1025,)), array([1.1484982e-03, 5.4819341e-04, 1.3424281e-03, ..., 4.5921524e-17,
       5.1606157e-17, 2.6195571e-17], shape=(1025,), dtype=float32))",SV
856,"(array([0.00000000e+00, 4.88281250e-01, 9.76562500e-01, ...,
       4.99023438e+02, 4.99511719e+02, 5.00000000e+02], shape=(1025,)), array([3.0066457e-03, 1.2133197e-03, 1.8911441e-03, ..., 4.8985077e-17,
       6.3600164e-17, 3.8470648e-17], shape=(1025,), dtype=float32))",SV
857,"(array([0.00000000e+00, 4.88281250e-01, 9.76562500e-01, ...,
       4.99023438e+02, 4.99511719e+02, 5.00000000e+02], shape=(1025,)), array([3.0665246e-03, 1.1698549e-03, 1.7139771e-03, ..., 6.8148658e-17,
       5.6908359e-17, 1.5964439e-17], shape=(1025,), dtype=float32))",SV
858,"(array([0.00000000e+00, 4.88281250e-01, 9.76562500e-01, ...,
       4.99023438e+02, 4.99511719e+02, 5.00000000e+02], shape=(1025,)), array([4.4124280e-03, 1.8706915e-03, 9.9653949e-04, ..., 4.1852484e-17,
       6.1977533e-17, 2.7905027e-17], shape=(1025,), dtype=float32))",SV
859,"(array([0.00000000e+00, 4.88281250e-01, 9.76562500e-01, ...,
       4.99023438e+02, 4.99511719e+02, 5.00000000e+02], shape=(1025,)), array([3.0221590e-03, 1.1558323e-03, 1.7682303e-03, ..., 7.1461146e-17,
       9.8135927e-17, 2.6582726e-17], shape=(1025,), dtype=float32))",SV
860,"(array([0.00000000e+00, 4.88281250e-01, 9.76562500e-01, ...,
       4.99023438e+02, 4.99511719e+02, 5.00000000e+02], shape=(1025,)), array([6.2227095e-03, 2.6818542e-03, 3.1295340e-03, ..., 6.5644881e-17,
       6.3140020e-17, 2.8894269e-17], shape=(1025,), dtype=float32))",SV
861,"(array([0.00000000e+00, 4.88281250e-01, 9.76562500e-01, ...,
       4.99023438e+02, 4.99511719e+02, 5.00000000e+02], shape=(1025,)), array([2.4788878e-03, 1.0624588e-03, 1.2386340e-03, ..., 5.4085122e-17,
       6.0323231e-17, 1.0157118e-17], shape=(1025,), dtype=float32))",SV
862,"(array([0.00000000e+00, 4.88281250e-01, 9.76562500e-01, ...,
       4.99023438e+02, 4.99511719e+02, 5.00000000e+02], shape=(1025,)), array([1.6491402e-02, 7.7351872e-03, 2.8812285e-03, ..., 8.8363073e-17,
       6.9053395e-17, 5.1982630e-17], shape=(1025,), dtype=float32))",SV
863,"(array([0.00000000e+00, 4.88281250e-01, 9.76562500e-01, ...,
       4.99023438e+02, 4.99511719e+02, 5.00000000e+02], shape=(1025,)), array([2.7727617e-03, 1.0828482e-03, 2.1283801e-03, ..., 6.3839080e-17,
       5.0720469e-17, 2.7055283e-17], shape=(1025,), dtype=float32))",SV
864,"(array([0.00000000e+00, 4.88281250e-01, 9.76562500e-01, ...,
       4.99023438e+02, 4.99511719e+02, 5.00000000e+02], shape=(1025,)), array([4.6634343e-03, 2.2128478e-03, 7.7987323e-03, ..., 7.5415466e-17,
       5.6668926e-17, 2.3185160e-17], shape=(1025,), dtype=float32))",SV
865,"(array([0.00000000e+00, 4.88281250e-01, 9.76562500e-01, ...,
       4.99023438e+02, 4.99511719e+02, 5.00000000e+02], shape=(1025,)), array([1.8361364e-03, 1.3838996e-03, 9.4204880e-03, ..., 9.9004142e-17,
       4.5167572e-17, 2.2062126e-17], shape=(1025,), dtype=float32))",SV
866,"(array([0.00000000e+00, 4.88281250e-01, 9.76562500e-01, ...,
       4.99023438e+02, 4.99511719e+02, 5.00000000e+02], shape=(1025,)), array([1.1462687e-02, 3.9083618e-03, 6.9476715e-03, ..., 8.3574187e-17,
       5.7068309e-17, 2.0496426e-17], shape=(1025,), dtype=float32))",SV
867,"(array([0.00000000e+00, 4.88281250e-01, 9.76562500e-01, ...,
       4.99023438e+02, 4.99511719e+02, 5.00000000e+02], shape=(1025,)), array([4.3899068e-03, 1.7374877e-03, 1.9154635e-03, ..., 5.6188665e-17,
       6.3750512e-17, 1.5281224e-17], shape=(1025,), dtype=float32))",SV
868,"(array([0.00000000e+00, 4.88281250e-01, 9.76562500e-01, ...,
       4.99023438e+02, 4.99511719e+02, 5.00000000e+02], shape=(1025,)), array([4.7149900e-03, 2.2220095e-03, 1.5240179e-03, ..., 5.1399941e-17,
       5.1944243e-17, 1.8674520e-17], shape=(1025,), dtype=float32))",SV
869,"(array([0.00000000e+00, 4.88281250e-01, 9.76562500e-01, ...,
       4.99023438e+02, 4.99511719e+02, 5.00000000e+02], shape=(1025,)), array([1.0433910e-02, 3.9961087e-03, 7.3730741e-03, ..., 5.5142192e-17,
       6.8611965e-17, 3.4189175e-17], shape=(1025,), dtype=float32))",SV
870,"(array([0.00000000e+00, 4.88281250e-01, 9.76562500e-01, ...,
       4.99023438e+02, 4.99511719e+02, 5.00000000e+02], shape=(1025,)), array([3.5787623e-03, 1.5382387e-03, 3.2910048e-03, ..., 6.5764697e-17,
       4.0442465e-17, 3.6808158e-17], shape=(1025,), dtype=float32))",SV
871,"(array([0.00000000e+00, 4.88281250e-01, 9.76562500e-01, ...,
       4.99023438e+02, 4.99511719e+02, 5.00000000e+02], shape=(1025,)), array([1.3167063e-03, 5.3388509e-04, 2.2241920e-03, ..., 4.1656141e-17,
       7.4311292e-17, 2.1938294e-17], shape=(1025,), dtype=float32))",SV
872,"(array([0.00000000e+00, 4.88281250e-01, 9.76562500e-01, ...,
       4.99023438e+02, 4.99511719e+02, 5.00000000e+02], shape=(1025,)), array([4.3987986e-03, 1.9784193e-03, 1.5930415e-03, ..., 9.6020231e-17,
       6.3217464e-17, 3.0676317e-17], shape=(1025,), dtype=float32))",SV
873,"(array([0.00000000e+00, 4.88281250e-01, 9.76562500e-01, ...,
       4.99023438e+02, 4.99511719e+02, 5.00000000e+02], shape=(1025,)), array([4.3732966e-03, 1.6387471e-03, 1.2755346e-03, ..., 4.7418668e-17,
       5.6793288e-17, 2.9520547e-17], shape=(1025,), dtype=float32))",SV
874,"(array([0.00000000e+00, 4.88281250e-01, 9.76562500e-01, ...,
       4.99023438e+02, 4.99511719e+02, 5.00000000e+02], shape=(1025,)), array([5.2382178e-03, 2.0991380e-03, 1.4144118e-03, ..., 8.5799640e-17,
       1.1271051e-16, 3.1200111e-17], shape=(1025,), dtype=float32))",SV
875,"(array([0.00000000e+00, 4.88281250e-01, 9.76562500e-01, ...,
       4.99023438e+02, 4.99511719e+02, 5.00000000e+02], shape=(1025,)), array([3.1638355e-03, 1.3060211e-03, 9.8519353e-04, ..., 5.4081783e-17,
       5.5430683e-17, 3.0995149e-17], shape=(1025,), dtype=float32))",SV
876,"(array([0.00000000e+00, 4.88281250e-01, 9.76562500e-01, ...,
       4.99023438e+02, 4.99511719e+02, 5.00000000e+02], shape=(1025,)), array([5.8363872e-03, 2.9028764e-03, 6.9013862e-03, ..., 7.9790868e-17,
       3.7575225e-17, 2.8149846e-17], shape=(1025,), dtype=float32))",SV
877,"(array([0.00000000e+00, 4.88281250e-01, 9.76562500e-01, ...,
       4.99023438e+02, 4.99511719e+02, 5.00000000e+02], shape=(1025,)), array([1.4910880e-03, 7.1370549e-04, 2.3962350e-03, ..., 5.1152280e-17,
       6.6438128e-17, 2.6058926e-17], shape=(1025,), dtype=float32))",SV
878,"(array([0.00000000e+00, 4.88281250e-01, 9.76562500e-01, ...,
       4.99023438e+02, 4.99511719e+02, 5.00000000e+02], shape=(1025,)), array([4.9331326e-02, 2.2386430e-02, 5.6265599e-01, ..., 3.2885836e-15,
       4.1098373e-15, 5.1833179e-17], shape=(1025,), dtype=float32))",SV
879,"(array([0.00000000e+00, 4.88281250e-01, 9.76562500e-01, ...,
       4.99023438e+02, 4.99511719e+02, 5.00000000e+02], shape=(1025,)), array([2.1604470e-03, 8.6444028e-04, 3.2567829e-03, ..., 1.0396526e-16,
       7.9342562e-17, 2.1618036e-17], shape=(1025,), dtype=float32))",SV
880,"(array([0.00000000e+00, 4.88281250e-01, 9.76562500e-01, ...,
       4.99023438e+02, 4.99511719e+02, 5.00000000e+02], shape=(1025,)), array([2.5093157e-03, 9.4801001e-04, 1.4173574e-03, ..., 5.0414266e-17,
       4.9461930e-17, 2.9344050e-17], shape=(1025,), dtype=float32))",SV
881,"(array([0.00000000e+00, 4.88281250e-01, 9.76562500e-01, ...,
       4.99023438e+02, 4.99511719e+02, 5.00000000e+02], shape=(1025,)), array([4.7430308e-03, 2.0678607e-03, 1.6603643e-03, ..., 1.0878158e-16,
       7.9654284e-17, 3.7007435e-17], shape=(1025,), dtype=float32))",SV
882,"(array([0.00000000e+00, 4.88281250e-01, 9.76562500e-01, ...,
       4.99023438e+02, 4.99511719e+02, 5.00000000e+02], shape=(1025,)), array([3.2567692e-03, 1.3173802e-03, 1.5987027e-03, ..., 4.7010828e-17,
       4.4193067e-17, 2.1999495e-17], shape=(1025,), dtype=float32))",SV
883,"(array([0.00000000e+00, 4.88281250e-01, 9.76562500e-01, ...,
       4.99023438e+02, 4.99511719e+02, 5.00000000e+02], shape=(1025,)), array([4.7803968e-03, 2.1429255e-03, 1.7000047e-03, ..., 4.7323966e-17,
       5.5173337e-17, 1.3943262e-17], shape=(1025,), dtype=float32))",SV
884,"(array([0.00000000e+00, 4.88281250e-01, 9.76562500e-01, ...,
       4.99023438e+02, 4.99511719e+02, 5.00000000e+02], shape=(1025,)), array([1.5757631e-03, 5.7314878e-04, 1.4365998e-03, ..., 6.2831197e-17,
       6.0327162e-17, 1.7769262e-17], shape=(1025,), dtype=float32))",SV
885,"(array([0.00000000e+00, 4.88281250e-01, 9.76562500e-01, ...,
       4.99023438e+02, 4.99511719e+02, 5.00000000e+02], shape=(1025,)), array([8.2207676e-03, 2.7956048e-03, 6.5461975e-03, ..., 5.5601711e-17,
       4.8127145e-17, 4.1243358e-17], shape=(1025,), dtype=float32))",SV
886,"(array([0.00000000e+00, 4.88281250e-01, 9.76562500e-01, ...,
       4.99023438e+02, 4.99511719e+02, 5.00000000e+02], shape=(1025,)), array([2.9986782e-03, 1.2741413e-03, 1.4278223e-03, ..., 4.8347324e-17,
       6.3584818e-17, 2.4533082e-17], shape=(1025,), dtype=float32))",SV
887,"(array([0.00000000e+00, 4.88281250e-01, 9.76562500e-01, ...,
       4.99023438e+02, 4.99511719e+02, 5.00000000e+02], shape=(1025,)), array([3.3036098e-03, 1.3695924e-03, 9.5495832e-04, ..., 5.8923940e-17,
       4.0127091e-17, 3.2799971e-17], shape=(1025,), dtype=float32))",SV
888,"(array([0.00000000e+00, 4.88281250e-01, 9.76562500e-01, ...,
       4.99023438e+02, 4.99511719e+02, 5.00000000e+02], shape=(1025,)), array([2.61235260e-03, 1.10930519e-03, 1.01648159e-02, ...,
       9.49503949e-17, 1.10135294e-16, 2.97425892e-17],
      shape=(1025,), dtype=float32))",SV
889,"(array([0.00000000e+00, 4.88281250e-01, 9.76562500e-01, ...,
       4.99023438e+02, 4.99511719e+02, 5.00000000e+02], shape=(1025,)), array([1.9695652e-03, 7.5472833e-04, 1.1611839e-03, ..., 4.1435204e-17,
       7.2184598e-17, 3.0216570e-17], shape=(1025,), dtype=float32))",SV
890,"(array([0.00000000e+00, 4.88281250e-01, 9.76562500e-01, ...,
       4.99023438e+02, 4.99511719e+02, 5.00000000e+02], shape=(1025,)), array([8.0590881e-03, 3.4987538e-03, 5.0317463e-03, ..., 8.8413610e-17,
       1.1877714e-16, 3.5232498e-17], shape=(1025,), dtype=float32))",SV
891,"(array([0.00000000e+00, 4.88281250e-01, 9.76562500e-01, ...,
       4.99023438e+02, 4.99511719e+02, 5.00000000e+02], shape=(1025,)), array([1.4105334e-03, 4.8109150e-04, 2.2312591e-03, ..., 5.8466787e-17,
       8.0211380e-17, 3.3762169e-18], shape=(1025,), dtype=float32))",SV
892,"(array([0.00000000e+00, 4.88281250e-01, 9.76562500e-01, ...,
       4.99023438e+02, 4.99511719e+02, 5.00000000e+02], shape=(1025,)), array([1.2650129e-03, 6.2465772e-04, 7.9792051e-04, ..., 3.0474197e-17,
       3.1069711e-17, 4.9646896e-18], shape=(1025,), dtype=float32))",SV
893,"(array([0.00000000e+00, 4.88281250e-01, 9.76562500e-01, ...,
       4.99023438e+02, 4.99511719e+02, 5.00000000e+02], shape=(1025,)), array([2.3989149e-03, 8.0537942e-04, 2.9374887e-03, ..., 1.8026894e-16,
       3.3888988e-17, 6.9129879e-17], shape=(1025,), dtype=float32))",SV
894,"(array([0.00000000e+00, 4.88281250e-01, 9.76562500e-01, ...,
       4.99023438e+02, 4.99511719e+02, 5.00000000e+02], shape=(1025,)), array([3.0883485e-03, 1.3253352e-03, 5.0097401e-04, ..., 5.1734301e-17,
       2.3681911e-17, 2.0729854e-17], shape=(1025,), dtype=float32))",SV
895,"(array([0.00000000e+00, 4.88281250e-01, 9.76562500e-01, ...,
       4.99023438e+02, 4.99511719e+02, 5.00000000e+02], shape=(1025,)), array([7.9380500e-04, 3.1205625e-04, 5.1548431e-04, ..., 2.4773629e-17,
       5.5618446e-17, 9.2362011e-18], shape=(1025,), dtype=float32))",SV
896,"(array([0.00000000e+00, 4.88281250e-01, 9.76562500e-01, ...,
       4.99023438e+02, 4.99511719e+02, 5.00000000e+02], shape=(1025,)), array([1.0906558e-03, 4.1762853e-04, 1.2313873e-03, ..., 2.7542783e-17,
       8.0360484e-17, 1.0384855e-17], shape=(1025,), dtype=float32))",SV
897,"(array([0.00000000e+00, 4.88281250e-01, 9.76562500e-01, ...,
       4.99023438e+02, 4.99511719e+02, 5.00000000e+02], shape=(1025,)), array([1.3170564e-03, 4.7041231e-04, 1.0841548e-03, ..., 3.3810561e-17,
       6.5819430e-17, 2.4874688e-17], shape=(1025,), dtype=float32))",SV
898,"(array([0.00000000e+00, 4.88281250e-01, 9.76562500e-01, ...,
       4.99023438e+02, 4.99511719e+02, 5.00000000e+02], shape=(1025,)), array([1.3000935e-03, 4.9620454e-04, 7.8942464e-04, ..., 5.7048377e-17,
       4.8171134e-17, 2.5421260e-17], shape=(1025,), dtype=float32))",SV
899,"(array([0.00000000e+00, 4.88281250e-01, 9.76562500e-01, ...,
       4.99023438e+02, 4.99511719e+02, 5.00000000e+02], shape=(1025,)), array([4.0114997e-03, 1.4637226e-03, 1.3933149e-03, ..., 3.7047286e-17,
       3.1802431e-17, 1.8856710e-17], shape=(1025,), dtype=float32))",SV
900,"(array([0.00000000e+00, 4.88281250e-01, 9.76562500e-01, ...,
       4.99023438e+02, 4.99511719e+02, 5.00000000e+02], shape=(1025,)), array([1.7942520e-03, 7.6753559e-04, 2.2660056e-03, ..., 5.4429573e-17,
       4.4949130e-17, 2.9926203e-17], shape=(1025,), dtype=float32))",SV
901,"(array([0.00000000e+00, 4.88281250e-01, 9.76562500e-01, ...,
       4.99023438e+02, 4.99511719e+02, 5.00000000e+02], shape=(1025,)), array([2.0872955e-03, 9.8271004e-04, 1.4050241e-03, ..., 1.0345963e-16,
       1.0175372e-16, 3.0478469e-17], shape=(1025,), dtype=float32))",SV
902,"(array([0.00000000e+00, 4.88281250e-01, 9.76562500e-01, ...,
       4.99023438e+02, 4.99511719e+02, 5.00000000e+02], shape=(1025,)), array([2.1259962e-03, 9.2978904e-04, 3.0916184e-03, ..., 2.0419028e-17,
       5.4487439e-17, 1.8911155e-17], shape=(1025,), dtype=float32))",SV
903,"(array([0.00000000e+00, 4.88281250e-01, 9.76562500e-01, ...,
       4.99023438e+02, 4.99511719e+02, 5.00000000e+02], shape=(1025,)), array([2.6694725e-03, 1.0628591e-03, 1.0470826e-03, ..., 4.4327074e-17,
       2.3119961e-17, 2.0587521e-17], shape=(1025,), dtype=float32))",SV
904,"(array([0.00000000e+00, 4.88281250e-01, 9.76562500e-01, ...,
       4.99023438e+02, 4.99511719e+02, 5.00000000e+02], shape=(1025,)), array([1.8098756e-03, 7.3640014e-04, 1.7031967e-03, ..., 4.1451572e-17,
       3.5532483e-17, 1.7308093e-17], shape=(1025,), dtype=float32))",SV
905,"(array([0.00000000e+00, 4.88281250e-01, 9.76562500e-01, ...,
       4.99023438e+02, 4.99511719e+02, 5.00000000e+02], shape=(1025,)), array([1.8168584e-03, 7.6401950e-04, 1.1094267e-03, ..., 3.9644616e-17,
       4.9465821e-17, 4.1277527e-17], shape=(1025,), dtype=float32))",SV
906,"(array([0.00000000e+00, 4.88281250e-01, 9.76562500e-01, ...,
       4.99023438e+02, 4.99511719e+02, 5.00000000e+02], shape=(1025,)), array([1.6095727e-03, 6.8601721e-04, 2.7425890e-03, ..., 4.5947756e-17,
       5.4663000e-17, 2.8353389e-17], shape=(1025,), dtype=float32))",SV
907,"(array([0.00000000e+00, 4.88281250e-01, 9.76562500e-01, ...,
       4.99023438e+02, 4.99511719e+02, 5.00000000e+02], shape=(1025,)), array([1.2590430e-03, 5.3672993e-04, 1.0787020e-03, ..., 7.2168061e-17,
       3.4446468e-17, 1.3699868e-17], shape=(1025,), dtype=float32))",SV
908,"(array([0.00000000e+00, 4.88281250e-01, 9.76562500e-01, ...,
       4.99023438e+02, 4.99511719e+02, 5.00000000e+02], shape=(1025,)), array([1.4820750e-03, 6.3976250e-04, 1.2206334e-03, ..., 6.8932038e-17,
       5.8565976e-17, 2.6965610e-17], shape=(1025,), dtype=float32))",SV
909,"(array([0.00000000e+00, 4.88281250e-01, 9.76562500e-01, ...,
       4.99023438e+02, 4.99511719e+02, 5.00000000e+02], shape=(1025,)), array([7.5860447e-03, 2.6654531e-03, 1.3736623e-03, ..., 7.3349136e-17,
       1.2095690e-16, 1.8310141e-17], shape=(1025,), dtype=float32))",SV
910,"(array([0.00000000e+00, 4.88281250e-01, 9.76562500e-01, ...,
       4.99023438e+02, 4.99511719e+02, 5.00000000e+02], shape=(1025,)), array([7.5912359e-03, 2.8806492e-03, 1.3936763e-03, ..., 7.0685488e-17,
       6.4408127e-17, 5.9120809e-17], shape=(1025,), dtype=float32))",SV
911,"(array([0.00000000e+00, 4.88281250e-01, 9.76562500e-01, ...,
       4.99023438e+02, 4.99511719e+02, 5.00000000e+02], shape=(1025,)), array([1.2449338e-02, 4.8671770e-03, 1.5664474e-03, ..., 8.5902085e-17,
       1.0994949e-16, 2.5826918e-17], shape=(1025,), dtype=float32))",SV
912,"(array([0.00000000e+00, 4.88281250e-01, 9.76562500e-01, ...,
       4.99023438e+02, 4.99511719e+02, 5.00000000e+02], shape=(1025,)), array([1.1923333e-03, 4.9671199e-04, 1.2420637e-03, ..., 6.7697977e-17,
       5.9513428e-17, 2.6736446e-17], shape=(1025,), dtype=float32))",SV
913,"(array([0.00000000e+00, 4.88281250e-01, 9.76562500e-01, ...,
       4.99023438e+02, 4.99511719e+02, 5.00000000e+02], shape=(1025,)), array([4.0203831e-03, 1.7920908e-03, 1.4498893e-03, ..., 3.5317902e-17,
       6.2638550e-17, 3.1319675e-17], shape=(1025,), dtype=float32))",SV
914,"(array([0.00000000e+00, 4.88281250e-01, 9.76562500e-01, ...,
       4.99023438e+02, 4.99511719e+02, 5.00000000e+02], shape=(1025,)), array([2.9665020e-03, 1.2599824e-03, 3.2425283e-03, ..., 6.5123698e-17,
       1.1809656e-16, 3.1883329e-17], shape=(1025,), dtype=float32))",SV
915,"(array([0.00000000e+00, 4.88281250e-01, 9.76562500e-01, ...,
       4.99023438e+02, 4.99511719e+02, 5.00000000e+02], shape=(1025,)), array([2.7403669e-03, 1.0100809e-03, 1.8402899e-03, ..., 8.1160335e-17,
       3.5061205e-17, 2.2348220e-17], shape=(1025,), dtype=float32))",SV
916,"(array([0.00000000e+00, 4.88281250e-01, 9.76562500e-01, ...,
       4.99023438e+02, 4.99511719e+02, 5.00000000e+02], shape=(1025,)), array([1.3436606e-03, 5.6157866e-04, 7.4124668e-04, ..., 4.6049347e-17,
       9.2126453e-17, 1.3067894e-17], shape=(1025,), dtype=float32))",SV
917,"(array([0.00000000e+00, 4.88281250e-01, 9.76562500e-01, ...,
       4.99023438e+02, 4.99511719e+02, 5.00000000e+02], shape=(1025,)), array([1.5964183e-03, 6.3406338e-04, 1.5921135e-03, ..., 1.0746247e-16,
       6.4312876e-17, 3.7468602e-17], shape=(1025,), dtype=float32))",SV
918,"(array([0.00000000e+00, 4.88281250e-01, 9.76562500e-01, ...,
       4.99023438e+02, 4.99511719e+02, 5.00000000e+02], shape=(1025,)), array([2.7550047e-03, 1.2230598e-03, 1.3698222e-03, ..., 6.3339105e-17,
       4.9558693e-17, 1.3390997e-17], shape=(1025,), dtype=float32))",SV
919,"(array([0.00000000e+00, 4.88281250e-01, 9.76562500e-01, ...,
       4.99023438e+02, 4.99511719e+02, 5.00000000e+02], shape=(1025,)), array([3.9828494e-03, 1.5431901e-03, 2.3579723e-03, ..., 2.2515466e-17,
       6.8426180e-17, 2.0040950e-17], shape=(1025,), dtype=float32))",SV
920,"(array([0.00000000e+00, 4.88281250e-01, 9.76562500e-01, ...,
       4.99023438e+02, 4.99511719e+02, 5.00000000e+02], shape=(1025,)), array([1.4292143e-03, 5.5765541e-04, 1.6269668e-03, ..., 8.3368040e-17,
       3.6995200e-17, 2.4533083e-17], shape=(1025,), dtype=float32))",SV
921,"(array([0.00000000e+00, 4.88281250e-01, 9.76562500e-01, ...,
       4.99023438e+02, 4.99511719e+02, 5.00000000e+02], shape=(1025,)), array([6.9016346e-04, 2.4527678e-04, 1.6734602e-03, ..., 3.9927016e-17,
       4.3575481e-17, 1.7121631e-17], shape=(1025,), dtype=float32))",SV
922,"(array([0.00000000e+00, 4.88281250e-01, 9.76562500e-01, ...,
       4.99023438e+02, 4.99511719e+02, 5.00000000e+02], shape=(1025,)), array([3.8339226e-03, 1.4130183e-03, 8.2121597e-04, ..., 4.4105035e-17,
       4.1214539e-17, 3.3113115e-17], shape=(1025,), dtype=float32))",SV
923,"(array([0.00000000e+00, 4.88281250e-01, 9.76562500e-01, ...,
       4.99023438e+02, 4.99511719e+02, 5.00000000e+02], shape=(1025,)), array([2.7173371e-03, 1.0706297e-03, 6.9311180e-04, ..., 4.4691606e-17,
       6.3308566e-17, 1.3100632e-17], shape=(1025,), dtype=float32))",SV
924,"(array([0.00000000e+00, 4.88281250e-01, 9.76562500e-01, ...,
       4.99023438e+02, 4.99511719e+02, 5.00000000e+02], shape=(1025,)), array([1.9120066e-03, 7.5805403e-04, 4.5155888e-04, ..., 3.6140603e-17,
       2.8860150e-17, 3.1507561e-17], shape=(1025,), dtype=float32))",SV
925,"(array([0.00000000e+00, 4.88281250e-01, 9.76562500e-01, ...,
       4.99023438e+02, 4.99511719e+02, 5.00000000e+02], shape=(1025,)), array([4.4208849e-03, 1.5953091e-03, 1.1795197e-03, ..., 4.1200851e-17,
       2.2705838e-17, 2.3622131e-17], shape=(1025,), dtype=float32))",SV
926,"(array([0.00000000e+00, 4.88281250e-01, 9.76562500e-01, ...,
       4.99023438e+02, 4.99511719e+02, 5.00000000e+02], shape=(1025,)), array([2.8169123e-03, 1.2532412e-03, 7.7833509e-04, ..., 6.8332801e-17,
       6.7749811e-17, 1.7947182e-17], shape=(1025,), dtype=float32))",SV
927,"(array([0.00000000e+00, 4.88281250e-01, 9.76562500e-01, ...,
       4.99023438e+02, 4.99511719e+02, 5.00000000e+02], shape=(1025,)), array([5.4183137e-03, 2.3037943e-03, 2.2297800e-03, ..., 8.0397403e-17,
       6.1638561e-17, 2.9514853e-17], shape=(1025,), dtype=float32))",SV
928,"(array([0.00000000e+00, 4.88281250e-01, 9.76562500e-01, ...,
       4.99023438e+02, 4.99511719e+02, 5.00000000e+02], shape=(1025,)), array([3.3318314e-03, 1.1302846e-03, 6.6359867e-03, ..., 1.1831780e-16,
       6.6959443e-17, 4.4209651e-17], shape=(1025,), dtype=float32))",SV
929,"(array([0.00000000e+00, 4.88281250e-01, 9.76562500e-01, ...,
       4.99023438e+02, 4.99511719e+02, 5.00000000e+02], shape=(1025,)), array([1.2286910e-03, 5.6363805e-04, 1.7004611e-03, ..., 3.9507572e-17,
       6.0152912e-17, 2.7465210e-17], shape=(1025,), dtype=float32))",SV
930,"(array([0.00000000e+00, 4.88281250e-01, 9.76562500e-01, ...,
       4.99023438e+02, 4.99511719e+02, 5.00000000e+02], shape=(1025,)), array([1.6366139e-03, 8.0513483e-04, 1.9583299e-03, ..., 3.3182009e-17,
       5.4740623e-17, 2.5893815e-17], shape=(1025,), dtype=float32))",SV
931,"(array([0.00000000e+00, 4.88281250e-01, 9.76562500e-01, ...,
       4.99023438e+02, 4.99511719e+02, 5.00000000e+02], shape=(1025,)), array([2.3155208e-03, 8.8974059e-04, 2.3063987e-03, ..., 9.6845605e-17,
       5.9427693e-17, 2.6372065e-17], shape=(1025,), dtype=float32))",SV
932,"(array([0.00000000e+00, 4.88281250e-01, 9.76562500e-01, ...,
       4.99023438e+02, 4.99511719e+02, 5.00000000e+02], shape=(1025,)), array([1.5346841e-03, 6.0178118e-04, 1.7268664e-03, ..., 4.1566643e-17,
       3.7559042e-17, 2.3274828e-17], shape=(1025,), dtype=float32))",SV
933,"(array([0.00000000e+00, 4.88281250e-01, 9.76562500e-01, ...,
       4.99023438e+02, 4.99511719e+02, 5.00000000e+02], shape=(1025,)), array([9.7137247e-04, 2.7566883e-04, 1.0952643e-03, ..., 4.1000325e-17,
       3.9412430e-17, 1.7440463e-17], shape=(1025,), dtype=float32))",SV
934,"(array([0.00000000e+00, 4.88281250e-01, 9.76562500e-01, ...,
       4.99023438e+02, 4.99511719e+02, 5.00000000e+02], shape=(1025,)), array([2.9935795e-03, 1.0903191e-03, 3.2038689e-03, ..., 4.4750527e-17,
       2.9326474e-17, 4.2643950e-17], shape=(1025,), dtype=float32))",SV
935,"(array([0.00000000e+00, 4.88281250e-01, 9.76562500e-01, ...,
       4.99023438e+02, 4.99511719e+02, 5.00000000e+02], shape=(1025,)), array([2.7223974e-03, 1.0445488e-03, 2.3378753e-03, ..., 5.2702142e-17,
       6.4291164e-17, 2.2614388e-17], shape=(1025,), dtype=float32))",SV
936,"(array([0.00000000e+00, 4.88281250e-01, 9.76562500e-01, ...,
       4.99023438e+02, 4.99511719e+02, 5.00000000e+02], shape=(1025,)), array([3.2569182e-03, 1.1084358e-03, 2.9121579e-03, ..., 9.1209811e-17,
       7.5010816e-17, 1.4326148e-17], shape=(1025,), dtype=float32))",SV
937,"(array([0.00000000e+00, 4.88281250e-01, 9.76562500e-01, ...,
       4.99023438e+02, 4.99511719e+02, 5.00000000e+02], shape=(1025,)), array([1.8726378e-03, 6.2199472e-04, 2.0547903e-03, ..., 5.7130943e-17,
       6.2808565e-17, 3.5276626e-17], shape=(1025,), dtype=float32))",SV
938,"(array([0.00000000e+00, 4.88281250e-01, 9.76562500e-01, ...,
       4.99023438e+02, 4.99511719e+02, 5.00000000e+02], shape=(1025,)), array([4.2910641e-03, 1.5656817e-03, 6.4503476e-03, ..., 1.3106895e-16,
       8.1309062e-17, 4.4955493e-17], shape=(1025,), dtype=float32))",SV
939,"(array([0.00000000e+00, 4.88281250e-01, 9.76562500e-01, ...,
       4.99023438e+02, 4.99511719e+02, 5.00000000e+02], shape=(1025,)), array([4.5031430e-03, 1.8882697e-03, 4.5868037e-03, ..., 5.6270688e-17,
       8.6274296e-17, 4.1630511e-17], shape=(1025,), dtype=float32))",SV
940,"(array([0.00000000e+00, 4.88281250e-01, 9.76562500e-01, ...,
       4.99023438e+02, 4.99511719e+02, 5.00000000e+02], shape=(1025,)), array([4.6107718e-03, 1.7573378e-03, 2.3604040e-03, ..., 7.1312127e-17,
       8.4079812e-17, 3.1189080e-17], shape=(1025,), dtype=float32))",SV
941,"(array([0.00000000e+00, 4.88281250e-01, 9.76562500e-01, ...,
       4.99023438e+02, 4.99511719e+02, 5.00000000e+02], shape=(1025,)), array([3.7162337e-03, 1.5058230e-03, 1.4327561e-03, ..., 8.1983359e-17,
       5.6779100e-17, 1.5104727e-17], shape=(1025,), dtype=float32))",SV
942,"(array([0.00000000e+00, 4.88281250e-01, 9.76562500e-01, ...,
       4.99023438e+02, 4.99511719e+02, 5.00000000e+02], shape=(1025,)), array([3.6265638e-03, 1.7960654e-03, 3.3238751e-03, ..., 1.8619809e-16,
       6.5742422e-17, 6.0100071e-17], shape=(1025,), dtype=float32))",SV
943,"(array([0.00000000e+00, 4.88281250e-01, 9.76562500e-01, ...,
       4.99023438e+02, 4.99511719e+02, 5.00000000e+02], shape=(1025,)), array([3.8461178e-03, 1.4339481e-03, 1.3400111e-03, ..., 4.8654102e-17,
       6.6394909e-17, 2.8080102e-17], shape=(1025,), dtype=float32))",SV
944,"(array([0.00000000e+00, 4.88281250e-01, 9.76562500e-01, ...,
       4.99023438e+02, 4.99511719e+02, 5.00000000e+02], shape=(1025,)), array([8.2356501e-03, 3.5143360e-03, 2.4102172e-03, ..., 9.4865758e-17,
       7.2034435e-17, 4.3816799e-17], shape=(1025,), dtype=float32))",SV
945,"(array([0.00000000e+00, 4.88281250e-01, 9.76562500e-01, ...,
       4.99023438e+02, 4.99511719e+02, 5.00000000e+02], shape=(1025,)), array([9.6115348e-04, 3.2620991e-04, 1.1816659e-03, ..., 2.3622841e-17,
       3.2145102e-17, 1.3920490e-17], shape=(1025,), dtype=float32))",SV
946,"(array([0.00000000e+00, 4.88281250e-01, 9.76562500e-01, ...,
       4.99023438e+02, 4.99511719e+02, 5.00000000e+02], shape=(1025,)), array([3.5113092e-03, 1.2143427e-03, 1.3223634e-03, ..., 2.4162293e-17,
       4.6079635e-17, 1.6113890e-17], shape=(1025,), dtype=float32))",SV
947,"(array([0.00000000e+00, 4.88281250e-01, 9.76562500e-01, ...,
       4.99023438e+02, 4.99511719e+02, 5.00000000e+02], shape=(1025,)), array([9.8000525e-04, 4.6961525e-04, 1.3475120e-03, ..., 5.6387222e-17,
       6.5882659e-17, 1.5476225e-17], shape=(1025,), dtype=float32))",SV
948,"(array([0.00000000e+00, 4.88281250e-01, 9.76562500e-01, ...,
       4.99023438e+02, 4.99511719e+02, 5.00000000e+02], shape=(1025,)), array([1.6936774e-03, 7.2573230e-04, 5.9121381e-04, ..., 6.0932023e-17,
       5.0309926e-17, 2.2386651e-17], shape=(1025,), dtype=float32))",SV
949,"(array([0.00000000e+00, 4.88281250e-01, 9.76562500e-01, ...,
       4.99023438e+02, 4.99511719e+02, 5.00000000e+02], shape=(1025,)), array([7.2223938e-04, 3.6737329e-04, 2.6138613e-04, ..., 4.8896618e-17,
       3.3851298e-17, 1.9300800e-17], shape=(1025,), dtype=float32))",SV
950,"(array([0.00000000e+00, 4.88281250e-01, 9.76562500e-01, ...,
       4.99023438e+02, 4.99511719e+02, 5.00000000e+02], shape=(1025,)), array([2.0184526e-03, 9.2450954e-04, 1.3599816e-03, ..., 3.7416820e-17,
       4.6169662e-17, 1.8156416e-17], shape=(1025,), dtype=float32))",SV
951,"(array([0.00000000e+00, 4.88281250e-01, 9.76562500e-01, ...,
       4.99023438e+02, 4.99511719e+02, 5.00000000e+02], shape=(1025,)), array([1.6502894e-03, 7.1657263e-04, 9.0464589e-04, ..., 5.6106112e-17,
       4.2324453e-17, 1.4109794e-17], shape=(1025,), dtype=float32))",SV
952,"(array([0.00000000e+00, 4.88281250e-01, 9.76562500e-01, ...,
       4.99023438e+02, 4.99511719e+02, 5.00000000e+02], shape=(1025,)), array([2.6112113e-03, 9.4064913e-04, 1.6732907e-03, ..., 4.6943936e-17,
       3.3333655e-17, 2.2933222e-17], shape=(1025,), dtype=float32))",SV
953,"(array([0.00000000e+00, 4.88281250e-01, 9.76562500e-01, ...,
       4.99023438e+02, 4.99511719e+02, 5.00000000e+02], shape=(1025,)), array([3.1706465e-03, 1.1253742e-03, 2.8938879e-03, ..., 2.4903157e-17,
       4.2053704e-17, 1.9064521e-17], shape=(1025,), dtype=float32))",SV
954,"(array([0.00000000e+00, 4.88281250e-01, 9.76562500e-01, ...,
       4.99023438e+02, 4.99511719e+02, 5.00000000e+02], shape=(1025,)), array([5.3511034e-03, 1.9466754e-03, 1.6394861e-03, ..., 4.9785715e-17,
       4.3537295e-17, 2.5096736e-17], shape=(1025,), dtype=float32))",SV
955,"(array([0.00000000e+00, 4.88281250e-01, 9.76562500e-01, ...,
       4.99023438e+02, 4.99511719e+02, 5.00000000e+02], shape=(1025,)), array([2.0943182e-03, 7.3855865e-04, 2.4558338e-03, ..., 7.3970739e-17,
       6.4407194e-17, 4.6783092e-17], shape=(1025,), dtype=float32))",SV
956,"(array([0.00000000e+00, 4.88281250e-01, 9.76562500e-01, ...,
       4.99023438e+02, 4.99511719e+02, 5.00000000e+02], shape=(1025,)), array([3.0958562e-03, 1.4316397e-03, 2.6596333e-03, ..., 6.2679207e-17,
       6.8451935e-17, 3.3910196e-17], shape=(1025,), dtype=float32))",SV
957,"(array([0.00000000e+00, 4.88281250e-01, 9.76562500e-01, ...,
       4.99023438e+02, 4.99511719e+02, 5.00000000e+02], shape=(1025,)), array([2.3881360e-03, 9.1090356e-04, 2.2309492e-03, ..., 5.6538821e-17,
       7.7806256e-17, 1.6693200e-17], shape=(1025,), dtype=float32))",SV
958,"(array([0.00000000e+00, 4.88281250e-01, 9.76562500e-01, ...,
       4.99023438e+02, 4.99511719e+02, 5.00000000e+02], shape=(1025,)), array([4.7457833e-03, 1.7278991e-03, 3.2215794e-03, ..., 4.0857183e-17,
       6.1423660e-17, 2.2158911e-17], shape=(1025,), dtype=float32))",SV
959,"(array([0.00000000e+00, 4.88281250e-01, 9.76562500e-01, ...,
       4.99023438e+02, 4.99511719e+02, 5.00000000e+02], shape=(1025,)), array([5.2311206e-03, 2.1266514e-03, 1.8685888e-03, ..., 3.2986831e-17,
       3.0673826e-17, 1.3846475e-17], shape=(1025,), dtype=float32))",SV
960,"(array([0.00000000e+00, 4.88281250e-01, 9.76562500e-01, ...,
       4.99023438e+02, 4.99511719e+02, 5.00000000e+02], shape=(1025,)), array([6.1897103e-02, 1.8316008e-02, 1.7411899e-02, ..., 1.7619597e-16,
       8.7050423e-17, 1.8806608e-16], shape=(1025,), dtype=float32))",SV
961,"(array([0.00000000e+00, 4.88281250e-01, 9.76562500e-01, ...,
       4.99023438e+02, 4.99511719e+02, 5.00000000e+02], shape=(1025,)), array([3.6637525e-03, 1.5724048e-03, 9.8351366e-04, ..., 4.2618775e-16,
       2.0252359e-16, 4.6805869e-17], shape=(1025,), dtype=float32))",SV
962,"(array([0.00000000e+00, 4.88281250e-01, 9.76562500e-01, ...,
       4.99023438e+02, 4.99511719e+02, 5.00000000e+02], shape=(1025,)), array([5.6882285e-02, 2.4846066e-02, 1.1622893e-01, ..., 2.7204845e-16,
       2.5201541e-16, 1.7595968e-17], shape=(1025,), dtype=float32))",SV
963,"(array([0.00000000e+00, 4.88281250e-01, 9.76562500e-01, ...,
       4.99023438e+02, 4.99511719e+02, 5.00000000e+02], shape=(1025,)), array([5.1703574e-03, 1.8579421e-03, 2.6397347e-03, ..., 4.1667523e-17,
       5.1445625e-17, 3.7988134e-17], shape=(1025,), dtype=float32))",SV
964,"(array([0.00000000e+00, 4.88281250e-01, 9.76562500e-01, ...,
       4.99023438e+02, 4.99511719e+02, 5.00000000e+02], shape=(1025,)), array([3.1961149e-03, 1.0511151e-03, 8.3578075e-04, ..., 7.1131134e-17,
       6.2389019e-17, 2.9019524e-17], shape=(1025,), dtype=float32))",SV
965,"(array([0.00000000e+00, 4.88281250e-01, 9.76562500e-01, ...,
       4.99023438e+02, 4.99511719e+02, 5.00000000e+02], shape=(1025,)), array([3.4065573e-03, 1.3956247e-03, 1.2938586e-03, ..., 1.5735277e-16,
       1.4281412e-16, 7.1600846e-17], shape=(1025,), dtype=float32))",SV
966,"(array([0.00000000e+00, 4.88281250e-01, 9.76562500e-01, ...,
       4.99023438e+02, 4.99511719e+02, 5.00000000e+02], shape=(1025,)), array([3.7942408e-03, 1.7028938e-03, 8.2165170e-03, ..., 8.6829407e-17,
       5.5571648e-17, 3.7303493e-17], shape=(1025,), dtype=float32))",SV
967,"(array([0.00000000e+00, 4.88281250e-01, 9.76562500e-01, ...,
       4.99023438e+02, 4.99511719e+02, 5.00000000e+02], shape=(1025,)), array([4.5577697e-03, 1.9689100e-03, 5.6659277e-03, ..., 4.7270771e-17,
       5.6532289e-17, 3.3762171e-17], shape=(1025,), dtype=float32))",SV
968,"(array([0.00000000e+00, 4.88281250e-01, 9.76562500e-01, ...,
       4.99023438e+02, 4.99511719e+02, 5.00000000e+02], shape=(1025,)), array([2.7606550e-03, 1.1684294e-03, 2.6398895e-03, ..., 9.7272099e-17,
       8.9297919e-17, 1.5600056e-17], shape=(1025,), dtype=float32))",SV
969,"(array([0.00000000e+00, 4.88281250e-01, 9.76562500e-01, ...,
       4.99023438e+02, 4.99511719e+02, 5.00000000e+02], shape=(1025,)), array([4.4874917e-03, 1.3397766e-03, 1.8788668e-03, ..., 8.3574524e-17,
       4.9767037e-17, 4.2188474e-17], shape=(1025,), dtype=float32))",SV
970,"(array([0.00000000e+00, 4.88281250e-01, 9.76562500e-01, ...,
       4.99023438e+02, 4.99511719e+02, 5.00000000e+02], shape=(1025,)), array([1.9403228e-03, 9.0772274e-04, 1.6826967e-03, ..., 1.5517875e-16,
       1.1714043e-16, 2.9537624e-17], shape=(1025,), dtype=float32))",SV
971,"(array([0.00000000e+00, 4.88281250e-01, 9.76562500e-01, ...,
       4.99023438e+02, 4.99511719e+02, 5.00000000e+02], shape=(1025,)), array([3.3223457e-03, 1.3381909e-03, 1.1023206e-03, ..., 7.9654224e-17,
       8.0604893e-17, 6.7074541e-17], shape=(1025,), dtype=float32))",SV
972,"(array([0.00000000e+00, 4.88281250e-01, 9.76562500e-01, ...,
       4.99023438e+02, 4.99511719e+02, 5.00000000e+02], shape=(1025,)), array([6.5929823e-02, 2.1480368e-02, 4.6485521e-02, ..., 4.7390011e-16,
       3.5963547e-16, 3.0771968e-16], shape=(1025,), dtype=float32))",SV
973,"(array([0.00000000e+00, 4.88281250e-01, 9.76562500e-01, ...,
       4.99023438e+02, 4.99511719e+02, 5.00000000e+02], shape=(1025,)), array([2.7280331e-02, 1.1172964e-02, 1.9003995e-02, ..., 2.3454742e-16,
       3.0414290e-16, 1.7185114e-16], shape=(1025,), dtype=float32))",SV
974,"(array([0.00000000e+00, 4.88281250e-01, 9.76562500e-01, ...,
       4.99023438e+02, 4.99511719e+02, 5.00000000e+02], shape=(1025,)), array([3.3791069e-02, 1.5093411e-02, 4.2785797e-02, ..., 3.4615402e-16,
       1.6910976e-16, 8.7565280e-17], shape=(1025,), dtype=float32))",SV
975,"(array([0.00000000e+00, 4.88281250e-01, 9.76562500e-01, ...,
       4.99023438e+02, 4.99511719e+02, 5.00000000e+02], shape=(1025,)), array([3.5247039e-02, 1.6000481e-02, 7.8160875e-02, ..., 4.3810040e-16,
       5.5886884e-16, 5.9405470e-16], shape=(1025,), dtype=float32))",SV
976,"(array([0.00000000e+00, 4.88281250e-01, 9.76562500e-01, ...,
       4.99023438e+02, 4.99511719e+02, 5.00000000e+02], shape=(1025,)), array([9.8955249e-03, 4.0076319e-03, 3.2295650e-03, ..., 1.3369879e-16,
       1.0547532e-16, 1.1155180e-16], shape=(1025,), dtype=float32))",SV
977,"(array([0.00000000e+00, 4.88281250e-01, 9.76562500e-01, ...,
       4.99023438e+02, 4.99511719e+02, 5.00000000e+02], shape=(1025,)), array([1.0462720e-02, 4.2276559e-03, 1.8144628e-02, ..., 1.7557643e-16,
       2.1462051e-16, 1.0378024e-16], shape=(1025,), dtype=float32))",SV
978,"(array([0.00000000e+00, 4.88281250e-01, 9.76562500e-01, ...,
       4.99023438e+02, 4.99511719e+02, 5.00000000e+02], shape=(1025,)), array([1.7563481e-02, 6.3571041e-03, 2.3326464e-02, ..., 1.3662079e-16,
       2.1628853e-16, 6.1033799e-17], shape=(1025,), dtype=float32))",SV
979,"(array([0.00000000e+00, 4.88281250e-01, 9.76562500e-01, ...,
       4.99023438e+02, 4.99511719e+02, 5.00000000e+02], shape=(1025,)), array([3.6547136e-02, 3.0258052e-02, 2.7086046e-01, ..., 7.5964943e-16,
       3.7088322e-16, 8.8271275e-17], shape=(1025,), dtype=float32))",SV
980,"(array([0.00000000e+00, 4.88281250e-01, 9.76562500e-01, ...,
       4.99023438e+02, 4.99511719e+02, 5.00000000e+02], shape=(1025,)), array([2.4153532e-02, 1.0623134e-02, 1.0653338e-01, ..., 7.5509964e-16,
       5.7899054e-16, 3.7103082e-16], shape=(1025,), dtype=float32))",SV
981,"(array([0.00000000e+00, 4.88281250e-01, 9.76562500e-01, ...,
       4.99023438e+02, 4.99511719e+02, 5.00000000e+02], shape=(1025,)), array([6.8121823e-03, 3.3370624e-03, 9.2411423e-03, ..., 1.3054301e-16,
       1.1824899e-16, 3.6534877e-17], shape=(1025,), dtype=float32))",SV
982,"(array([0.00000000e+00, 4.88281250e-01, 9.76562500e-01, ...,
       4.99023438e+02, 4.99511719e+02, 5.00000000e+02], shape=(1025,)), array([6.2892679e-03, 2.1275007e-03, 5.0952663e-03, ..., 1.1736765e-16,
       1.1170570e-16, 7.0075003e-17], shape=(1025,), dtype=float32))",SV
983,"(array([0.00000000e+00, 4.88281250e-01, 9.76562500e-01, ...,
       4.99023438e+02, 4.99511719e+02, 5.00000000e+02], shape=(1025,)), array([3.0851094e-03, 1.2517702e-03, 2.2762315e-03, ..., 8.7898263e-17,
       1.0069741e-16, 2.5836884e-17], shape=(1025,), dtype=float32))",SV
984,"(array([0.00000000e+00, 4.88281250e-01, 9.76562500e-01, ...,
       4.99023438e+02, 4.99511719e+02, 5.00000000e+02], shape=(1025,)), array([4.8650675e-03, 1.7339707e-03, 1.8976437e-03, ..., 1.0992916e-16,
       9.9220943e-17, 5.0240436e-17], shape=(1025,), dtype=float32))",SV
985,"(array([0.00000000e+00, 4.88281250e-01, 9.76562500e-01, ...,
       4.99023438e+02, 4.99511719e+02, 5.00000000e+02], shape=(1025,)), array([4.85290680e-03, 1.81020983e-03, 5.27067063e-03, ...,
       1.11711377e-16, 1.01182466e-16, 9.23307139e-17],
      shape=(1025,), dtype=float32))",SV
986,"(array([0.00000000e+00, 4.88281250e-01, 9.76562500e-01, ...,
       4.99023438e+02, 4.99511719e+02, 5.00000000e+02], shape=(1025,)), array([1.4028177e-02, 5.7035876e-03, 9.4084395e-03, ..., 1.0232738e-16,
       9.8766755e-17, 1.1070347e-16], shape=(1025,), dtype=float32))",SV
987,"(array([0.00000000e+00, 4.88281250e-01, 9.76562500e-01, ...,
       4.99023438e+02, 4.99511719e+02, 5.00000000e+02], shape=(1025,)), array([3.6784438e-03, 1.4261042e-03, 3.3932650e-03, ..., 1.2523309e-16,
       1.2618472e-16, 5.0375657e-17], shape=(1025,), dtype=float32))",SV
988,"(array([0.00000000e+00, 4.88281250e-01, 9.76562500e-01, ...,
       4.99023438e+02, 4.99511719e+02, 5.00000000e+02], shape=(1025,)), array([5.5046426e-03, 2.4775593e-03, 3.1445625e-03, ..., 1.5704815e-16,
       1.1646879e-16, 2.5096733e-17], shape=(1025,), dtype=float32))",SV
989,"(array([0.00000000e+00, 4.88281250e-01, 9.76562500e-01, ...,
       4.99023438e+02, 4.99511719e+02, 5.00000000e+02], shape=(1025,)), array([4.1670892e-03, 1.5055871e-03, 2.3417401e-03, ..., 6.8860344e-17,
       8.1919693e-17, 2.0638762e-17], shape=(1025,), dtype=float32))",SV
990,"(array([0.00000000e+00, 4.88281250e-01, 9.76562500e-01, ...,
       4.99023438e+02, 4.99511719e+02, 5.00000000e+02], shape=(1025,)), array([7.1675638e-03, 2.5045979e-03, 3.6138375e-03, ..., 9.2608256e-17,
       1.0309244e-16, 3.6005389e-17], shape=(1025,), dtype=float32))",SV
991,"(array([0.00000000e+00, 4.88281250e-01, 9.76562500e-01, ...,
       4.99023438e+02, 4.99511719e+02, 5.00000000e+02], shape=(1025,)), array([5.6902757e-03, 2.3908468e-03, 2.7462489e-03, ..., 1.7796162e-16,
       1.7124607e-16, 3.8009485e-17], shape=(1025,), dtype=float32))",SV
992,"(array([0.00000000e+00, 4.88281250e-01, 9.76562500e-01, ...,
       4.99023438e+02, 4.99511719e+02, 5.00000000e+02], shape=(1025,)), array([6.7946813e-03, 3.5837519e-03, 5.8481428e-03, ..., 7.3394988e-17,
       1.1947318e-16, 6.9437332e-17], shape=(1025,), dtype=float32))",SV
993,"(array([0.00000000e+00, 4.88281250e-01, 9.76562500e-01, ...,
       4.99023438e+02, 4.99511719e+02, 5.00000000e+02], shape=(1025,)), array([1.8503293e-02, 7.0684412e-03, 1.1537605e-02, ..., 1.4228224e-16,
       1.1002499e-16, 2.5324470e-17], shape=(1025,), dtype=float32))",SV
994,"(array([0.00000000e+00, 4.88281250e-01, 9.76562500e-01, ...,
       4.99023438e+02, 4.99511719e+02, 5.00000000e+02], shape=(1025,)), array([8.7497048e-03, 3.1392088e-03, 4.1990592e-03, ..., 8.6880818e-17,
       1.0722406e-16, 5.5163851e-17], shape=(1025,), dtype=float32))",SV
995,"(array([0.00000000e+00, 4.88281250e-01, 9.76562500e-01, ...,
       4.99023438e+02, 4.99511719e+02, 5.00000000e+02], shape=(1025,)), array([6.0922641e-02, 3.6374290e-02, 3.0241296e-01, ..., 4.6712364e-16,
       2.7554839e-16, 1.3122837e-16], shape=(1025,), dtype=float32))",SV
996,"(array([0.00000000e+00, 4.88281250e-01, 9.76562500e-01, ...,
       4.99023438e+02, 4.99511719e+02, 5.00000000e+02], shape=(1025,)), array([3.3923138e-02, 1.1421366e-02, 1.2227123e-01, ..., 2.7627475e-16,
       5.7556815e-16, 1.2215869e-16], shape=(1025,), dtype=float32))",SV
997,"(array([0.00000000e+00, 4.88281250e-01, 9.76562500e-01, ...,
       4.99023438e+02, 4.99511719e+02, 5.00000000e+02], shape=(1025,)), array([2.7011080e-02, 8.3741974e-03, 5.4014423e-03, ..., 1.1271041e-16,
       2.4230674e-16, 4.0537376e-17], shape=(1025,), dtype=float32))",SV
998,"(array([0.00000000e+00, 4.88281250e-01, 9.76562500e-01, ...,
       4.99023438e+02, 4.99511719e+02, 5.00000000e+02], shape=(1025,)), array([4.0231002e-03, 1.6389239e-03, 2.6406732e-03, ..., 8.4376942e-17,
       9.5057598e-17, 5.6752319e-17], shape=(1025,), dtype=float32))",SV
999,"(array([0.00000000e+00, 4.88281250e-01, 9.76562500e-01, ...,
       4.99023438e+02, 4.99511719e+02, 5.00000000e+02], shape=(1025,)), array([1.55381365e-02, 8.44505429e-03, 4.78734188e-02, ...,
       1.77926762e-16, 1.32932160e-16, 9.43746507e-17],
      shape=(1025,), dtype=float32))",SV
1000,"(array([0.00000000e+00, 4.88281250e-01, 9.76562500e-01, ...,
       4.99023438e+02, 4.99511719e+02, 5.00000000e+02], shape=(1025,)), array([1.5532613e-02, 6.7452169e-03, 5.6026359e-03, ..., 1.1153558e-15,
       6.6815854e-16, 3.4798371e-16], shape=(1025,), dtype=float32))",SV
1001,"(array([0.00000000e+00, 4.88281250e-01, 9.76562500e-01, ...,
       4.99023438e+02, 4.99511719e+02, 5.00000000e+02], shape=(1025,)), array([9.5865829e-03, 4.6343356e-03, 9.6027702e-03, ..., 1.1160588e-16,
       1.3003034e-16, 1.8947806e-17], shape=(1025,), dtype=float32))",SV
1002,"(array([0.00000000e+00, 4.88281250e-01, 9.76562500e-01, ...,
       4.99023438e+02, 4.99511719e+02, 5.00000000e+02], shape=(1025,)), array([3.6273960e-02, 1.4121125e-02, 6.4583402e-03, ..., 1.9363427e-16,
       2.2608998e-16, 6.8139228e-17], shape=(1025,), dtype=float32))",SV
1003,"(array([0.00000000e+00, 4.88281250e-01, 9.76562500e-01, ...,
       4.99023438e+02, 4.99511719e+02, 5.00000000e+02], shape=(1025,)), array([1.5432343e-01, 2.7335230e-02, 5.4928696e-01, ..., 8.7827245e-15,
       6.5855905e-15, 6.6238070e-15], shape=(1025,), dtype=float32))",SV
1004,"(array([0.00000000e+00, 4.88281250e-01, 9.76562500e-01, ...,
       4.99023438e+02, 4.99511719e+02, 5.00000000e+02], shape=(1025,)), array([1.7917365e-02, 7.4104667e-03, 4.6706341e-02, ..., 2.0399421e-16,
       2.0476781e-16, 5.8602696e-17], shape=(1025,), dtype=float32))",SV
1005,"(array([0.00000000e+00, 4.88281250e-01, 9.76562500e-01, ...,
       4.99023438e+02, 4.99511719e+02, 5.00000000e+02], shape=(1025,)), array([6.1058879e-02, 2.0300739e-02, 9.3775019e-02, ..., 6.9847263e-16,
       1.5592372e-16, 8.6084991e-17], shape=(1025,), dtype=float32))",SV
1006,"(array([0.00000000e+00, 4.88281250e-01, 9.76562500e-01, ...,
       4.99023438e+02, 4.99511719e+02, 5.00000000e+02], shape=(1025,)), array([3.3629339e-02, 1.9171240e-02, 7.6304048e-02, ..., 1.7991307e-16,
       2.8641217e-16, 1.0585265e-16], shape=(1025,), dtype=float32))",SV
1007,"(array([0.00000000e+00, 4.88281250e-01, 9.76562500e-01, ...,
       4.99023438e+02, 4.99511719e+02, 5.00000000e+02], shape=(1025,)), array([3.4687647e-01, 8.6716130e-02, 1.6658871e-01, ..., 3.0173034e-16,
       7.0308425e-16, 1.5470247e-16], shape=(1025,), dtype=float32))",SV
1008,"(array([0.00000000e+00, 4.88281250e-01, 9.76562500e-01, ...,
       4.99023438e+02, 4.99511719e+02, 5.00000000e+02], shape=(1025,)), array([1.5641758e-02, 6.0910117e-03, 1.6017489e-02, ..., 2.2869453e-16,
       1.4618030e-16, 2.7653095e-17], shape=(1025,), dtype=float32))",SV
1009,"(array([0.00000000e+00, 4.88281250e-01, 9.76562500e-01, ...,
       4.99023438e+02, 4.99511719e+02, 5.00000000e+02], shape=(1025,)), array([1.7550205e-03, 6.3931046e-04, 3.0022911e-03, ..., 9.3632365e-17,
       7.7329582e-17, 2.9799526e-17], shape=(1025,), dtype=float32))",SV
1010,"(array([0.00000000e+00, 4.88281250e-01, 9.76562500e-01, ...,
       4.99023438e+02, 4.99511719e+02, 5.00000000e+02], shape=(1025,)), array([9.2683025e-03, 4.2521576e-03, 4.7698272e-03, ..., 1.4873629e-16,
       4.4247367e-17, 5.4588808e-17], shape=(1025,), dtype=float32))",SV
1011,"(array([0.00000000e+00, 4.88281250e-01, 9.76562500e-01, ...,
       4.99023438e+02, 4.99511719e+02, 5.00000000e+02], shape=(1025,)), array([8.7959953e-03, 3.5480508e-03, 3.2042242e-03, ..., 7.8637162e-17,
       7.4927237e-17, 4.3885124e-17], shape=(1025,), dtype=float32))",SV
1012,"(array([0.00000000e+00, 4.88281250e-01, 9.76562500e-01, ...,
       4.99023438e+02, 4.99511719e+02, 5.00000000e+02], shape=(1025,)), array([7.2269365e-03, 2.9083015e-03, 9.3444744e-03, ..., 1.4655409e-16,
       9.4745922e-17, 3.0522591e-17], shape=(1025,), dtype=float32))",SV
1013,"(array([0.00000000e+00, 4.88281250e-01, 9.76562500e-01, ...,
       4.99023438e+02, 4.99511719e+02, 5.00000000e+02], shape=(1025,)), array([1.6995218e-02, 7.1012685e-03, 2.4641710e-03, ..., 2.3664777e-16,
       7.5235782e-17, 7.5153561e-17], shape=(1025,), dtype=float32))",SV
1014,"(array([0.00000000e+00, 4.88281250e-01, 9.76562500e-01, ...,
       4.99023438e+02, 4.99511719e+02, 5.00000000e+02], shape=(1025,)), array([5.54455863e-03, 2.16080667e-03, 1.77296484e-03, ...,
       7.04792359e-17, 1.10741544e-16, 2.66581634e-17],
      shape=(1025,), dtype=float32))",SV
1015,"(array([0.00000000e+00, 4.88281250e-01, 9.76562500e-01, ...,
       4.99023438e+02, 4.99511719e+02, 5.00000000e+02], shape=(1025,)), array([2.1929007e-03, 1.0466834e-03, 6.2196250e-03, ..., 1.0734788e-16,
       1.2705002e-16, 2.6554260e-17], shape=(1025,), dtype=float32))",SV
1016,"(array([0.00000000e+00, 4.88281250e-01, 9.76562500e-01, ...,
       4.99023438e+02, 4.99511719e+02, 5.00000000e+02], shape=(1025,)), array([2.3811790e-03, 1.3013468e-03, 3.4238140e-03, ..., 5.7231641e-17,
       6.3221732e-17, 3.8840729e-17], shape=(1025,), dtype=float32))",SV
1017,"(array([0.00000000e+00, 4.88281250e-01, 9.76562500e-01, ...,
       4.99023438e+02, 4.99511719e+02, 5.00000000e+02], shape=(1025,)), array([1.3906418e-02, 5.3073904e-03, 8.1392862e-03, ..., 7.3616335e-17,
       9.8374519e-17, 2.1999499e-17], shape=(1025,), dtype=float32))",SV
1018,"(array([0.00000000e+00, 4.88281250e-01, 9.76562500e-01, ...,
       4.99023438e+02, 4.99511719e+02, 5.00000000e+02], shape=(1025,)), array([1.30763585e-02, 6.02270197e-03, 2.66477745e-02, ...,
       2.62650491e-16, 1.04182333e-16, 1.02687088e-16],
      shape=(1025,), dtype=float32))",SV
1019,"(array([0.00000000e+00, 4.88281250e-01, 9.76562500e-01, ...,
       4.99023438e+02, 4.99511719e+02, 5.00000000e+02], shape=(1025,)), array([4.9011288e-03, 1.8173017e-03, 3.6047168e-02, ..., 1.2793509e-16,
       1.1437860e-16, 5.9211898e-17], shape=(1025,), dtype=float32))",SV
1020,"(array([0.00000000e+00, 4.88281250e-01, 9.76562500e-01, ...,
       4.99023438e+02, 4.99511719e+02, 5.00000000e+02], shape=(1025,)), array([1.3463512e-02, 4.7708894e-03, 2.2098823e-02, ..., 1.6952271e-16,
       3.7100935e-16, 1.7380968e-16], shape=(1025,), dtype=float32))",SV
1021,"(array([0.00000000e+00, 4.88281250e-01, 9.76562500e-01, ...,
       4.99023438e+02, 4.99511719e+02, 5.00000000e+02], shape=(1025,)), array([8.5355371e-02, 4.9442049e-02, 8.9727497e-01, ..., 6.1616073e-15,
       1.2505353e-15, 1.8161655e-15], shape=(1025,), dtype=float32))",SV
1022,"(array([0.00000000e+00, 4.88281250e-01, 9.76562500e-01, ...,
       4.99023438e+02, 4.99511719e+02, 5.00000000e+02], shape=(1025,)), array([1.2543310e-02, 4.4358517e-03, 3.2597233e-02, ..., 3.5302811e-16,
       2.8763391e-16, 2.6907249e-17], shape=(1025,), dtype=float32))",SV
1023,"(array([0.00000000e+00, 4.88281250e-01, 9.76562500e-01, ...,
       4.99023438e+02, 4.99511719e+02, 5.00000000e+02], shape=(1025,)), array([4.4819494e-03, 1.7545007e-03, 1.9067202e-03, ..., 7.0295794e-17,
       8.1274777e-17, 2.7470903e-17], shape=(1025,), dtype=float32))",SV
1024,"(array([0.00000000e+00, 4.88281250e-01, 9.76562500e-01, ...,
       4.99023438e+02, 4.99511719e+02, 5.00000000e+02], shape=(1025,)), array([4.2256755e-03, 1.7123242e-03, 1.8766932e-03, ..., 6.3761669e-17,
       6.4225023e-17, 2.9383901e-17], shape=(1025,), dtype=float32))",SV
1025,"(array([0.00000000e+00, 4.88281250e-01, 9.76562500e-01, ...,
       4.99023438e+02, 4.99511719e+02, 5.00000000e+02], shape=(1025,)), array([5.0666207e-03, 2.4366940e-03, 4.4549396e-03, ..., 5.8921928e-17,
       8.5589384e-17, 6.8731350e-17], shape=(1025,), dtype=float32))",SV
1026,"(array([0.00000000e+00, 4.88281250e-01, 9.76562500e-01, ...,
       4.99023438e+02, 4.99511719e+02, 5.00000000e+02], shape=(1025,)), array([1.0842763e-01, 4.1749969e-02, 5.7632491e-02, ..., 5.7663578e-16,
       2.8583545e-16, 2.5105845e-16], shape=(1025,), dtype=float32))",SV
1027,"(array([0.00000000e+00, 4.88281250e-01, 9.76562500e-01, ...,
       4.99023438e+02, 4.99511719e+02, 5.00000000e+02], shape=(1025,)), array([1.62494749e-01, 7.00408593e-02, 1.05030365e-01, ...,
       7.52628690e-16, 9.75743627e-16, 2.71099380e-16],
      shape=(1025,), dtype=float32))",SV
1028,"(array([0.00000000e+00, 4.88281250e-01, 9.76562500e-01, ...,
       4.99023438e+02, 4.99511719e+02, 5.00000000e+02], shape=(1025,)), array([3.1501342e-02, 1.3448547e-02, 2.7324887e-02, ..., 1.5537148e-16,
       1.5860317e-16, 3.2885379e-17], shape=(1025,), dtype=float32))",SV
1029,"(array([0.00000000e+00, 4.88281250e-01, 9.76562500e-01, ...,
       4.99023438e+02, 4.99511719e+02, 5.00000000e+02], shape=(1025,)), array([1.8075569e-02, 6.4494228e-03, 1.4168341e-02, ..., 1.3456188e-16,
       1.4917196e-16, 4.9386415e-17], shape=(1025,), dtype=float32))",SV
1030,"(array([0.00000000e+00, 4.88281250e-01, 9.76562500e-01, ...,
       4.99023438e+02, 4.99511719e+02, 5.00000000e+02], shape=(1025,)), array([8.8685909e-03, 3.5392528e-03, 3.6899981e-03, ..., 2.3682237e-16,
       2.1309561e-16, 6.4677609e-17], shape=(1025,), dtype=float32))",SV
1031,"(array([0.00000000e+00, 4.88281250e-01, 9.76562500e-01, ...,
       4.99023438e+02, 4.99511719e+02, 5.00000000e+02], shape=(1025,)), array([1.8652195e-02, 7.8194579e-03, 2.4714440e-02, ..., 1.7335420e-16,
       2.3236112e-16, 4.5638704e-17], shape=(1025,), dtype=float32))",SV
1032,"(array([0.00000000e+00, 4.88281250e-01, 9.76562500e-01, ...,
       4.99023438e+02, 4.99511719e+02, 5.00000000e+02], shape=(1025,)), array([6.9066044e-03, 2.9378016e-03, 4.8656613e-03, ..., 7.2876882e-17,
       2.1518028e-16, 6.0675114e-17], shape=(1025,), dtype=float32))",SV
1033,"(array([0.00000000e+00, 4.88281250e-01, 9.76562500e-01, ...,
       4.99023438e+02, 4.99511719e+02, 5.00000000e+02], shape=(1025,)), array([2.1685522e-02, 9.4446503e-03, 1.3324021e-02, ..., 1.0687249e-16,
       1.3294510e-16, 7.3240563e-17], shape=(1025,), dtype=float32))",SV
1034,"(array([0.00000000e+00, 4.88281250e-01, 9.76562500e-01, ...,
       4.99023438e+02, 4.99511719e+02, 5.00000000e+02], shape=(1025,)), array([5.7700602e-03, 1.9545502e-03, 4.0639276e-03, ..., 1.0044671e-16,
       8.8075730e-17, 1.5486188e-17], shape=(1025,), dtype=float32))",SV
1035,"(array([0.00000000e+00, 4.88281250e-01, 9.76562500e-01, ...,
       4.99023438e+02, 4.99511719e+02, 5.00000000e+02], shape=(1025,)), array([9.4383378e-03, 3.5866452e-03, 5.8161640e-03, ..., 6.3405829e-17,
       9.0386595e-17, 7.6924224e-17], shape=(1025,), dtype=float32))",SV
1036,"(array([0.00000000e+00, 4.88281250e-01, 9.76562500e-01, ...,
       4.99023438e+02, 4.99511719e+02, 5.00000000e+02], shape=(1025,)), array([4.4049770e-03, 1.8665190e-03, 4.6914155e-03, ..., 1.4512055e-16,
       1.5442884e-16, 3.9559522e-17], shape=(1025,), dtype=float32))",SV
1037,"(array([0.00000000e+00, 4.88281250e-01, 9.76562500e-01, ...,
       4.99023438e+02, 4.99511719e+02, 5.00000000e+02], shape=(1025,)), array([3.8641756e-03, 1.1104903e-03, 6.1212596e-03, ..., 6.2621027e-17,
       1.3471849e-16, 3.4251802e-17], shape=(1025,), dtype=float32))",SV
1038,"(array([0.00000000e+00, 4.88281250e-01, 9.76562500e-01, ...,
       4.99023438e+02, 4.99511719e+02, 5.00000000e+02], shape=(1025,)), array([2.8183768e-03, 1.2073640e-03, 2.2766830e-03, ..., 8.6426643e-17,
       1.0569363e-16, 6.0077301e-17], shape=(1025,), dtype=float32))",SV
1039,"(array([0.00000000e+00, 4.88281250e-01, 9.76562500e-01, ...,
       4.99023438e+02, 4.99511719e+02, 5.00000000e+02], shape=(1025,)), array([4.3763057e-03, 1.9252630e-03, 7.1626352e-03, ..., 1.5092273e-16,
       1.0341784e-16, 5.0375657e-17], shape=(1025,), dtype=float32))",SV
1040,"(array([0.00000000e+00, 4.88281250e-01, 9.76562500e-01, ...,
       4.99023438e+02, 4.99511719e+02, 5.00000000e+02], shape=(1025,)), array([2.5933834e-03, 1.0264416e-03, 2.1565889e-03, ..., 5.0473089e-16,
       3.5353930e-16, 1.4140256e-16], shape=(1025,), dtype=float32))",SV
1041,"(array([0.00000000e+00, 4.88281250e-01, 9.76562500e-01, ...,
       4.99023438e+02, 4.99511719e+02, 5.00000000e+02], shape=(1025,)), array([1.3036282e-02, 5.1787887e-03, 3.5098637e-03, ..., 6.8124630e-17,
       1.0432965e-16, 2.5506662e-17], shape=(1025,), dtype=float32))",SV
1042,"(array([0.00000000e+00, 4.88281250e-01, 9.76562500e-01, ...,
       4.99023438e+02, 4.99511719e+02, 5.00000000e+02], shape=(1025,)), array([6.3876840e-03, 2.4304700e-03, 7.9376334e-03, ..., 1.9295748e-16,
       1.2309839e-16, 7.2079089e-17], shape=(1025,), dtype=float32))",SV
1043,"(array([0.00000000e+00, 4.88281250e-01, 9.76562500e-01, ...,
       4.99023438e+02, 4.99511719e+02, 5.00000000e+02], shape=(1025,)), array([3.6207070e-03, 1.6121676e-03, 1.3734251e-03, ..., 6.4190817e-17,
       7.2777706e-17, 4.2319424e-17], shape=(1025,), dtype=float32))",SV
1044,"(array([0.00000000e+00, 4.88281250e-01, 9.76562500e-01, ...,
       4.99023438e+02, 4.99511719e+02, 5.00000000e+02], shape=(1025,)), array([7.9907794e-03, 2.8955755e-03, 3.8542117e-03, ..., 8.5245912e-17,
       8.6682797e-17, 9.0821936e-17], shape=(1025,), dtype=float32))",SV
1045,"(array([0.00000000e+00, 4.88281250e-01, 9.76562500e-01, ...,
       4.99023438e+02, 4.99511719e+02, 5.00000000e+02], shape=(1025,)), array([6.9988244e-03, 2.2951311e-03, 4.1877623e-03, ..., 6.2380297e-17,
       7.6944036e-17, 1.8651745e-17], shape=(1025,), dtype=float32))",SV
1046,"(array([0.00000000e+00, 4.88281250e-01, 9.76562500e-01, ...,
       4.99023438e+02, 4.99511719e+02, 5.00000000e+02], shape=(1025,)), array([8.8219084e-03, 3.6069362e-03, 1.3685354e-02, ..., 1.2077661e-16,
       1.8623510e-16, 1.0380869e-16], shape=(1025,), dtype=float32))",SV
1047,"(array([0.00000000e+00, 4.88281250e-01, 9.76562500e-01, ...,
       4.99023438e+02, 4.99511719e+02, 5.00000000e+02], shape=(1025,)), array([6.09449716e-03, 2.22568912e-03, 3.56963510e-03, ...,
       5.16054459e-17, 1.07739315e-16, 3.27259583e-17],
      shape=(1025,), dtype=float32))",SV
1048,"(array([0.00000000e+00, 4.88281250e-01, 9.76562500e-01, ...,
       4.99023438e+02, 4.99511719e+02, 5.00000000e+02], shape=(1025,)), array([1.5087528e-02, 5.3914436e-03, 3.5468305e-03, ..., 2.5706868e-16,
       1.1929597e-16, 2.6167104e-17], shape=(1025,), dtype=float32))",SV
1049,"(array([0.00000000e+00, 4.88281250e-01, 9.76562500e-01, ...,
       4.99023438e+02, 4.99511719e+02, 5.00000000e+02], shape=(1025,)), array([9.7469296e-03, 5.0831023e-03, 2.9077066e-02, ..., 1.3955575e-16,
       2.5684747e-16, 1.3406938e-16], shape=(1025,), dtype=float32))",SV
1050,"(array([0.00000000e+00, 4.88281250e-01, 9.76562500e-01, ...,
       4.99023438e+02, 4.99511719e+02, 5.00000000e+02], shape=(1025,)), array([1.3409489e-02, 4.3601599e-03, 1.1562360e-02, ..., 8.7030809e-17,
       1.1033041e-16, 2.5945059e-17], shape=(1025,), dtype=float32))",SV
1051,"(array([0.00000000e+00, 4.88281250e-01, 9.76562500e-01, ...,
       4.99023438e+02, 4.99511719e+02, 5.00000000e+02], shape=(1025,)), array([7.2702393e-02, 3.2211792e-02, 2.3493730e-02, ..., 4.6736276e-16,
       3.0700847e-16, 5.5226475e-17], shape=(1025,), dtype=float32))",SV
1052,"(array([0.00000000e+00, 4.88281250e-01, 9.76562500e-01, ...,
       4.99023438e+02, 4.99511719e+02, 5.00000000e+02], shape=(1025,)), array([1.6931099e-03, 8.0479844e-04, 1.1251214e-03, ..., 7.9826463e-17,
       8.8584757e-17, 3.2395738e-17], shape=(1025,), dtype=float32))",SV
1053,"(array([0.00000000e+00, 4.88281250e-01, 9.76562500e-01, ...,
       4.99023438e+02, 4.99511719e+02, 5.00000000e+02], shape=(1025,)), array([1.5637790e-03, 5.3326163e-04, 2.2809873e-03, ..., 2.1139855e-16,
       2.2515557e-16, 2.7152068e-17], shape=(1025,), dtype=float32))",SV
1054,"(array([0.00000000e+00, 4.88281250e-01, 9.76562500e-01, ...,
       4.99023438e+02, 4.99511719e+02, 5.00000000e+02], shape=(1025,)), array([2.8242394e-03, 1.2392931e-03, 1.9157963e-03, ..., 2.3530769e-16,
       2.8777505e-16, 7.6434586e-17], shape=(1025,), dtype=float32))",SV
1055,"(array([0.00000000e+00, 4.88281250e-01, 9.76562500e-01, ...,
       4.99023438e+02, 4.99511719e+02, 5.00000000e+02], shape=(1025,)), array([1.9586086e-03, 9.1337191e-04, 2.7726854e-03, ..., 1.4490473e-16,
       1.1132156e-16, 6.3994391e-17], shape=(1025,), dtype=float32))",SV
1056,"(array([0.00000000e+00, 4.88281250e-01, 9.76562500e-01, ...,
       4.99023438e+02, 4.99511719e+02, 5.00000000e+02], shape=(1025,)), array([3.8361885e-03, 1.7396490e-03, 2.4080595e-03, ..., 2.1805992e-16,
       2.6629017e-16, 5.4714070e-17], shape=(1025,), dtype=float32))",SV
1057,"(array([0.00000000e+00, 4.88281250e-01, 9.76562500e-01, ...,
       4.99023438e+02, 4.99511719e+02, 5.00000000e+02], shape=(1025,)), array([3.1035880e-03, 1.2736387e-03, 3.4560731e-03, ..., 2.1150032e-16,
       2.2584297e-16, 2.3862680e-17], shape=(1025,), dtype=float32))",SV
1058,"(array([0.00000000e+00, 4.88281250e-01, 9.76562500e-01, ...,
       4.99023438e+02, 4.99511719e+02, 5.00000000e+02], shape=(1025,)), array([5.6170076e-03, 1.9344174e-03, 2.2879976e-03, ..., 2.8193489e-16,
       2.0047675e-16, 5.0193472e-17], shape=(1025,), dtype=float32))",SV
1059,"(array([0.00000000e+00, 4.88281250e-01, 9.76562500e-01, ...,
       4.99023438e+02, 4.99511719e+02, 5.00000000e+02], shape=(1025,)), array([1.8637539e-03, 8.7463920e-04, 2.5582262e-03, ..., 1.6711988e-16,
       1.5910566e-16, 3.0175294e-17], shape=(1025,), dtype=float32))",SV
1060,"(array([0.00000000e+00, 4.88281250e-01, 9.76562500e-01, ...,
       4.99023438e+02, 4.99511719e+02, 5.00000000e+02], shape=(1025,)), array([5.7134684e-03, 2.4818049e-03, 2.0703396e-03, ..., 2.4429833e-16,
       1.2737216e-16, 5.1816106e-17], shape=(1025,), dtype=float32))",SV
1061,"(array([0.00000000e+00, 4.88281250e-01, 9.76562500e-01, ...,
       4.99023438e+02, 4.99511719e+02, 5.00000000e+02], shape=(1025,)), array([5.2533797e-03, 2.5327599e-03, 2.1610581e-03, ..., 9.6891159e-17,
       2.6183067e-16, 7.9480582e-17], shape=(1025,), dtype=float32))",SV
1062,"(array([0.00000000e+00, 4.88281250e-01, 9.76562500e-01, ...,
       4.99023438e+02, 4.99511719e+02, 5.00000000e+02], shape=(1025,)), array([7.7449251e-03, 3.4464446e-03, 2.1003492e-03, ..., 3.2045308e-16,
       1.1392512e-16, 5.4292751e-17], shape=(1025,), dtype=float32))",SV
1063,"(array([0.00000000e+00, 4.88281250e-01, 9.76562500e-01, ...,
       4.99023438e+02, 4.99511719e+02, 5.00000000e+02], shape=(1025,)), array([3.2920477e-03, 1.1560048e-03, 1.5127982e-03, ..., 1.1158666e-16,
       9.2756414e-17, 1.5167354e-17], shape=(1025,), dtype=float32))",SV
1064,"(array([0.00000000e+00, 4.88281250e-01, 9.76562500e-01, ...,
       4.99023438e+02, 4.99511719e+02, 5.00000000e+02], shape=(1025,)), array([1.8896962e-03, 9.6088450e-04, 2.8120051e-03, ..., 1.6051903e-16,
       2.4019197e-16, 6.1916282e-17], shape=(1025,), dtype=float32))",SV
1065,"(array([0.00000000e+00, 4.88281250e-01, 9.76562500e-01, ...,
       4.99023438e+02, 4.99511719e+02, 5.00000000e+02], shape=(1025,)), array([5.8399038e-03, 2.2315257e-03, 2.2606563e-03, ..., 1.8605629e-16,
       1.2158001e-16, 4.9373607e-17], shape=(1025,), dtype=float32))",SV
1066,"(array([0.00000000e+00, 4.88281250e-01, 9.76562500e-01, ...,
       4.99023438e+02, 4.99511719e+02, 5.00000000e+02], shape=(1025,)), array([2.2651837e-03, 9.7855250e-04, 1.8158591e-03, ..., 2.6578811e-16,
       1.4646691e-16, 3.5601149e-17], shape=(1025,), dtype=float32))",SV
1067,"(array([0.00000000e+00, 4.88281250e-01, 9.76562500e-01, ...,
       4.99023438e+02, 4.99511719e+02, 5.00000000e+02], shape=(1025,)), array([1.0502731e-01, 4.9700372e-02, 2.9382702e-02, ..., 5.3020213e-16,
       1.6337358e-16, 1.4812084e-16], shape=(1025,), dtype=float32))",SV
1068,"(array([0.00000000e+00, 4.88281250e-01, 9.76562500e-01, ...,
       4.99023438e+02, 4.99511719e+02, 5.00000000e+02], shape=(1025,)), array([1.35150645e-02, 4.57119662e-03, 1.78703037e-03, ...,
       4.16342899e-16, 1.85916678e-16, 7.04166084e-17],
      shape=(1025,), dtype=float32))",SV
1069,"(array([0.00000000e+00, 4.88281250e-01, 9.76562500e-01, ...,
       4.99023438e+02, 4.99511719e+02, 5.00000000e+02], shape=(1025,)), array([2.9057073e-03, 1.3108908e-03, 3.5252587e-03, ..., 1.5527251e-16,
       7.2598969e-17, 4.7642801e-17], shape=(1025,), dtype=float32))",SV
1070,"(array([0.00000000e+00, 4.88281250e-01, 9.76562500e-01, ...,
       4.99023438e+02, 4.99511719e+02, 5.00000000e+02], shape=(1025,)), array([2.3212102e-03, 8.0232986e-04, 4.0989751e-03, ..., 1.5404485e-16,
       1.3818665e-16, 5.8364997e-17], shape=(1025,), dtype=float32))",SV
1071,"(array([0.00000000e+00, 4.88281250e-01, 9.76562500e-01, ...,
       4.99023438e+02, 4.99511719e+02, 5.00000000e+02], shape=(1025,)), array([5.8368766e-03, 2.5091767e-03, 2.2069996e-03, ..., 1.5136184e-16,
       2.0716413e-16, 4.5872135e-17], shape=(1025,), dtype=float32))",SV
1072,"(array([0.00000000e+00, 4.88281250e-01, 9.76562500e-01, ...,
       4.99023438e+02, 4.99511719e+02, 5.00000000e+02], shape=(1025,)), array([7.6034283e-03, 3.0147170e-03, 3.2745611e-03, ..., 1.1878643e-16,
       2.0459170e-16, 1.5445194e-16], shape=(1025,), dtype=float32))",SV
1073,"(array([0.00000000e+00, 4.88281250e-01, 9.76562500e-01, ...,
       4.99023438e+02, 4.99511719e+02, 5.00000000e+02], shape=(1025,)), array([3.39509663e-03, 1.37026526e-03, 2.65196338e-03, ...,
       1.76253845e-16, 1.29151124e-16, 1.04053524e-16],
      shape=(1025,), dtype=float32))",SV
1074,"(array([0.00000000e+00, 4.88281250e-01, 9.76562500e-01, ...,
       4.99023438e+02, 4.99511719e+02, 5.00000000e+02], shape=(1025,)), array([5.7250829e-03, 2.4238315e-03, 1.6585740e-03, ..., 1.2016544e-16,
       1.3458304e-16, 1.7359333e-17], shape=(1025,), dtype=float32))",SV
1075,"(array([0.00000000e+00, 4.88281250e-01, 9.76562500e-01, ...,
       4.99023438e+02, 4.99511719e+02, 5.00000000e+02], shape=(1025,)), array([7.7641912e-02, 2.4618538e-02, 7.1172357e-02, ..., 3.5316922e-16,
       7.5022984e-16, 2.4828571e-16], shape=(1025,), dtype=float32))",SV
1076,"(array([0.00000000e+00, 4.88281250e-01, 9.76562500e-01, ...,
       4.99023438e+02, 4.99511719e+02, 5.00000000e+02], shape=(1025,)), array([1.4289032e-03, 6.0526974e-04, 2.6705877e-03, ..., 1.7742237e-16,
       1.3543332e-16, 5.2362670e-17], shape=(1025,), dtype=float32))",SV
1077,"(array([0.00000000e+00, 4.88281250e-01, 9.76562500e-01, ...,
       4.99023438e+02, 4.99511719e+02, 5.00000000e+02], shape=(1025,)), array([4.0599201e-03, 1.6328320e-03, 4.8610736e-03, ..., 1.6030481e-16,
       1.1836761e-16, 5.3114204e-17], shape=(1025,), dtype=float32))",SV
1078,"(array([0.00000000e+00, 4.88281250e-01, 9.76562500e-01, ...,
       4.99023438e+02, 4.99511719e+02, 5.00000000e+02], shape=(1025,)), array([1.27979275e-02, 4.50985692e-03, 1.60827301e-02, ...,
       2.83602910e-16, 1.63194873e-16, 1.03290592e-16],
      shape=(1025,), dtype=float32))",SV
1079,"(array([0.00000000e+00, 4.88281250e-01, 9.76562500e-01, ...,
       4.99023438e+02, 4.99511719e+02, 5.00000000e+02], shape=(1025,)), array([3.7855036e-03, 1.4618114e-03, 1.5748539e-03, ..., 9.9952813e-17,
       1.2393365e-16, 5.2635954e-17], shape=(1025,), dtype=float32))",SV
1080,"(array([0.00000000e+00, 4.88281250e-01, 9.76562500e-01, ...,
       4.99023438e+02, 4.99511719e+02, 5.00000000e+02], shape=(1025,)), array([3.3456681e-03, 1.3477920e-03, 1.8849543e-03, ..., 1.8801556e-16,
       1.4353815e-16, 4.0424929e-17], shape=(1025,), dtype=float32))",SV
1081,"(array([0.00000000e+00, 4.88281250e-01, 9.76562500e-01, ...,
       4.99023438e+02, 4.99511719e+02, 5.00000000e+02], shape=(1025,)), array([6.2430603e-03, 2.6673924e-03, 2.6327895e-03, ..., 2.4166157e-16,
       1.8436556e-16, 3.1974422e-17], shape=(1025,), dtype=float32))",SV
1082,"(array([0.00000000e+00, 4.88281250e-01, 9.76562500e-01, ...,
       4.99023438e+02, 4.99511719e+02, 5.00000000e+02], shape=(1025,)), array([3.1994979e-03, 1.2444908e-03, 2.1917459e-03, ..., 1.1813199e-16,
       1.0599711e-16, 3.7986705e-17], shape=(1025,), dtype=float32))",SV
1083,"(array([0.00000000e+00, 4.88281250e-01, 9.76562500e-01, ...,
       4.99023438e+02, 4.99511719e+02, 5.00000000e+02], shape=(1025,)), array([2.0112621e-03, 8.1809273e-04, 2.2147952e-03, ..., 1.4089072e-16,
       8.7465469e-17, 9.1670253e-17], shape=(1025,), dtype=float32))",SV
1084,"(array([0.00000000e+00, 4.88281250e-01, 9.76562500e-01, ...,
       4.99023438e+02, 4.99511719e+02, 5.00000000e+02], shape=(1025,)), array([4.3875696e-03, 1.7933937e-03, 2.8217973e-03, ..., 7.4739362e-17,
       2.9952467e-16, 7.8546848e-17], shape=(1025,), dtype=float32))",SV
1085,"(array([0.00000000e+00, 4.88281250e-01, 9.76562500e-01, ...,
       4.99023438e+02, 4.99511719e+02, 5.00000000e+02], shape=(1025,)), array([2.8922758e-03, 1.2505229e-03, 2.4762666e-03, ..., 2.3903286e-16,
       1.6413156e-16, 5.3182529e-17], shape=(1025,), dtype=float32))",SV
1086,"(array([0.00000000e+00, 4.88281250e-01, 9.76562500e-01, ...,
       4.99023438e+02, 4.99511719e+02, 5.00000000e+02], shape=(1025,)), array([3.0333386e-03, 1.4192581e-03, 1.5147168e-03, ..., 1.1447821e-16,
       1.2745577e-16, 4.8303238e-17], shape=(1025,), dtype=float32))",SV
1087,"(array([0.00000000e+00, 4.88281250e-01, 9.76562500e-01, ...,
       4.99023438e+02, 4.99511719e+02, 5.00000000e+02], shape=(1025,)), array([5.02719730e-03, 2.03129789e-03, 2.58401944e-03, ...,
       9.27498893e-17, 1.06563084e-16, 3.17822677e-17],
      shape=(1025,), dtype=float32))",SV
1088,"(array([0.00000000e+00, 4.88281250e-01, 9.76562500e-01, ...,
       4.99023438e+02, 4.99511719e+02, 5.00000000e+02], shape=(1025,)), array([4.96652490e-03, 2.17503216e-03, 2.45984481e-03, ...,
       1.05366564e-16, 2.31431848e-16, 7.25630428e-17],
      shape=(1025,), dtype=float32))",SV
1089,"(array([0.00000000e+00, 4.88281250e-01, 9.76562500e-01, ...,
       4.99023438e+02, 4.99511719e+02, 5.00000000e+02], shape=(1025,)), array([3.4027947e-03, 1.3832699e-03, 3.4839921e-03, ..., 9.1398395e-17,
       1.3715607e-16, 7.5244650e-17], shape=(1025,), dtype=float32))",SV
1090,"(array([0.00000000e+00, 4.88281250e-01, 9.76562500e-01, ...,
       4.99023438e+02, 4.99511719e+02, 5.00000000e+02], shape=(1025,)), array([4.8512584e-03, 2.1237461e-03, 2.9750431e-03, ..., 2.0052618e-16,
       3.1960496e-16, 1.6736467e-16], shape=(1025,), dtype=float32))",SV
1091,"(array([0.00000000e+00, 4.88281250e-01, 9.76562500e-01, ...,
       4.99023438e+02, 4.99511719e+02, 5.00000000e+02], shape=(1025,)), array([3.3178108e-03, 1.2766694e-03, 4.8968028e-03, ..., 1.7482569e-16,
       1.2024165e-16, 5.0170691e-17], shape=(1025,), dtype=float32))",SV
1092,"(array([0.00000000e+00, 4.88281250e-01, 9.76562500e-01, ...,
       4.99023438e+02, 4.99511719e+02, 5.00000000e+02], shape=(1025,)), array([7.0760148e-03, 2.7561975e-03, 3.3495671e-03, ..., 2.5431603e-16,
       1.3925411e-16, 6.2309133e-17], shape=(1025,), dtype=float32))",SV
1093,"(array([0.00000000e+00, 4.88281250e-01, 9.76562500e-01, ...,
       4.99023438e+02, 4.99511719e+02, 5.00000000e+02], shape=(1025,)), array([5.2390373e-03, 2.1941173e-03, 6.6099325e-03, ..., 1.0857696e-16,
       1.6906222e-16, 9.9293801e-17], shape=(1025,), dtype=float32))",SV
1094,"(array([0.00000000e+00, 4.88281250e-01, 9.76562500e-01, ...,
       4.99023438e+02, 4.99511719e+02, 5.00000000e+02], shape=(1025,)), array([1.4998580e-03, 6.5093342e-04, 2.0903167e-03, ..., 1.3127248e-16,
       1.3796704e-16, 2.7038200e-17], shape=(1025,), dtype=float32))",SV
1095,"(array([0.00000000e+00, 4.88281250e-01, 9.76562500e-01, ...,
       4.99023438e+02, 4.99511719e+02, 5.00000000e+02], shape=(1025,)), array([4.2983270e-03, 1.9852680e-03, 2.0291763e-03, ..., 1.1310086e-16,
       2.6968163e-16, 4.3201910e-17], shape=(1025,), dtype=float32))",SV
1096,"(array([0.00000000e+00, 4.88281250e-01, 9.76562500e-01, ...,
       4.99023438e+02, 4.99511719e+02, 5.00000000e+02], shape=(1025,)), array([3.3308587e-03, 1.2787622e-03, 1.7850815e-03, ..., 1.6933684e-16,
       1.7188237e-16, 2.8945508e-17], shape=(1025,), dtype=float32))",SV
1097,"(array([0.00000000e+00, 4.88281250e-01, 9.76562500e-01, ...,
       4.99023438e+02, 4.99511719e+02, 5.00000000e+02], shape=(1025,)), array([1.6099136e-02, 4.9706032e-03, 5.9000552e-03, ..., 2.6705776e-16,
       1.6487421e-16, 8.0129634e-17], shape=(1025,), dtype=float32))",SV
1098,"(array([0.00000000e+00, 4.88281250e-01, 9.76562500e-01, ...,
       4.99023438e+02, 4.99511719e+02, 5.00000000e+02], shape=(1025,)), array([6.8275565e-03, 2.9049304e-03, 2.3725587e-03, ..., 1.2824860e-16,
       1.2052579e-16, 3.0266390e-17], shape=(1025,), dtype=float32))",SV
1099,"(array([0.00000000e+00, 4.88281250e-01, 9.76562500e-01, ...,
       4.99023438e+02, 4.99511719e+02, 5.00000000e+02], shape=(1025,)), array([4.3594656e-03, 1.4632110e-03, 4.9885097e-03, ..., 2.3329844e-16,
       1.5294888e-16, 6.1221682e-17], shape=(1025,), dtype=float32))",SV
1100,"(array([0.00000000e+00, 4.88281250e-01, 9.76562500e-01, ...,
       4.99023438e+02, 4.99511719e+02, 5.00000000e+02], shape=(1025,)), array([2.9549163e-03, 1.3444697e-03, 3.9268117e-03, ..., 6.1119912e-17,
       1.4292987e-16, 2.9981717e-17], shape=(1025,), dtype=float32))",SV
1101,"(array([0.00000000e+00, 4.88281250e-01, 9.76562500e-01, ...,
       4.99023438e+02, 4.99511719e+02, 5.00000000e+02], shape=(1025,)), array([6.1561288e-03, 2.7461166e-03, 2.5442899e-03, ..., 1.2119081e-16,
       2.4781672e-16, 3.1120407e-17], shape=(1025,), dtype=float32))",SV
1102,"(array([0.00000000e+00, 4.88281250e-01, 9.76562500e-01, ...,
       4.99023438e+02, 4.99511719e+02, 5.00000000e+02], shape=(1025,)), array([2.6893322e-03, 1.2653254e-03, 4.3337671e-03, ..., 1.1115040e-16,
       2.6942784e-16, 7.7590362e-17], shape=(1025,), dtype=float32))",SV
1103,"(array([0.00000000e+00, 4.88281250e-01, 9.76562500e-01, ...,
       4.99023438e+02, 4.99511719e+02, 5.00000000e+02], shape=(1025,)), array([5.4362570e-03, 2.1684011e-03, 3.7420874e-03, ..., 1.7477755e-16,
       6.5845469e-17, 1.2671346e-16], shape=(1025,), dtype=float32))",SV
1104,"(array([0.00000000e+00, 4.88281250e-01, 9.76562500e-01, ...,
       4.99023438e+02, 4.99511719e+02, 5.00000000e+02], shape=(1025,)), array([7.0059597e-03, 2.4647345e-03, 2.9355700e-03, ..., 1.3952656e-16,
       2.0139246e-16, 7.6890058e-17], shape=(1025,), dtype=float32))",SV
1105,"(array([0.00000000e+00, 4.88281250e-01, 9.76562500e-01, ...,
       4.99023438e+02, 4.99511719e+02, 5.00000000e+02], shape=(1025,)), array([3.5447290e-03, 1.3186549e-03, 7.8192139e-03, ..., 8.7519196e-17,
       1.2010157e-16, 2.5626226e-17], shape=(1025,), dtype=float32))",SV
1106,"(array([0.00000000e+00, 4.88281250e-01, 9.76562500e-01, ...,
       4.99023438e+02, 4.99511719e+02, 5.00000000e+02], shape=(1025,)), array([4.1505569e-03, 1.9081746e-03, 2.4400649e-03, ..., 1.1834804e-16,
       2.5312786e-16, 1.0487337e-16], shape=(1025,), dtype=float32))",SV
1107,"(array([0.00000000e+00, 4.88281250e-01, 9.76562500e-01, ...,
       4.99023438e+02, 4.99511719e+02, 5.00000000e+02], shape=(1025,)), array([1.0762511e-02, 4.7327597e-03, 3.2004069e-03, ..., 2.1278137e-16,
       2.7705937e-16, 1.0539717e-16], shape=(1025,), dtype=float32))",SV
1108,"(array([0.00000000e+00, 4.88281250e-01, 9.76562500e-01, ...,
       4.99023438e+02, 4.99511719e+02, 5.00000000e+02], shape=(1025,)), array([7.5141508e-03, 3.2967937e-03, 2.1645825e-03, ..., 1.5913482e-16,
       1.4213304e-16, 3.5145673e-17], shape=(1025,), dtype=float32))",SV
1109,"(array([0.00000000e+00, 4.88281250e-01, 9.76562500e-01, ...,
       4.99023438e+02, 4.99511719e+02, 5.00000000e+02], shape=(1025,)), array([3.9766273e-03, 1.8890341e-03, 1.2166705e-03, ..., 3.2421306e-16,
       1.9892143e-16, 7.0171783e-17], shape=(1025,), dtype=float32))",SV
1110,"(array([0.00000000e+00, 4.88281250e-01, 9.76562500e-01, ...,
       4.99023438e+02, 4.99511719e+02, 5.00000000e+02], shape=(1025,)), array([2.3682071e-03, 1.0400342e-03, 1.4688822e-03, ..., 3.0856799e-16,
       1.6029360e-16, 5.3404577e-17], shape=(1025,), dtype=float32))",SV
1111,"(array([0.00000000e+00, 4.88281250e-01, 9.76562500e-01, ...,
       4.99023438e+02, 4.99511719e+02, 5.00000000e+02], shape=(1025,)), array([4.1348189e-03, 1.6757963e-03, 3.9550401e-03, ..., 2.5335290e-16,
       1.9982362e-16, 6.6573521e-17], shape=(1025,), dtype=float32))",SV
1112,"(array([0.00000000e+00, 4.88281250e-01, 9.76562500e-01, ...,
       4.99023438e+02, 4.99511719e+02, 5.00000000e+02], shape=(1025,)), array([2.3715510e-03, 7.7818002e-04, 1.7612518e-03, ..., 1.5407904e-16,
       6.6551074e-17, 4.2564246e-17], shape=(1025,), dtype=float32))",SV
1113,"(array([0.00000000e+00, 4.88281250e-01, 9.76562500e-01, ...,
       4.99023438e+02, 4.99511719e+02, 5.00000000e+02], shape=(1025,)), array([3.1871689e-03, 1.4724253e-03, 2.2939316e-03, ..., 1.3004145e-16,
       1.8791950e-16, 2.7539223e-17], shape=(1025,), dtype=float32))",SV
1114,"(array([0.00000000e+00, 4.88281250e-01, 9.76562500e-01, ...,
       4.99023438e+02, 4.99511719e+02, 5.00000000e+02], shape=(1025,)), array([2.9215002e-03, 1.1739224e-03, 1.3990247e-03, ..., 1.5298179e-16,
       1.4458754e-16, 1.4620785e-17], shape=(1025,), dtype=float32))",SV
1115,"(array([0.00000000e+00, 4.88281250e-01, 9.76562500e-01, ...,
       4.99023438e+02, 4.99511719e+02, 5.00000000e+02], shape=(1025,)), array([2.2158644e-03, 8.1022462e-04, 3.3664028e-03, ..., 1.3609698e-16,
       8.5316030e-17, 5.5357428e-17], shape=(1025,), dtype=float32))",SV
1116,"(array([0.00000000e+00, 4.88281250e-01, 9.76562500e-01, ...,
       4.99023438e+02, 4.99511719e+02, 5.00000000e+02], shape=(1025,)), array([5.0437972e-03, 2.0566597e-03, 2.1067227e-03, ..., 1.5278235e-16,
       1.7451520e-16, 3.8630066e-17], shape=(1025,), dtype=float32))",SV
1117,"(array([0.00000000e+00, 4.88281250e-01, 9.76562500e-01, ...,
       4.99023438e+02, 4.99511719e+02, 5.00000000e+02], shape=(1025,)), array([3.0937414e-03, 1.2031477e-03, 3.4161815e-03, ..., 1.4542215e-16,
       1.5609490e-16, 3.2612089e-17], shape=(1025,), dtype=float32))",SV
1118,"(array([0.00000000e+00, 4.88281250e-01, 9.76562500e-01, ...,
       4.99023438e+02, 4.99511719e+02, 5.00000000e+02], shape=(1025,)), array([4.2470861e-03, 1.9481842e-03, 2.5982743e-03, ..., 8.5857238e-17,
       1.1670168e-16, 6.5178629e-17], shape=(1025,), dtype=float32))",SV
1119,"(array([0.00000000e+00, 4.88281250e-01, 9.76562500e-01, ...,
       4.99023438e+02, 4.99511719e+02, 5.00000000e+02], shape=(1025,)), array([5.5629262e-03, 2.3973954e-03, 8.4454037e-04, ..., 1.3342133e-16,
       1.6054873e-16, 1.2889973e-16], shape=(1025,), dtype=float32))",SV
1120,"(array([0.00000000e+00, 4.88281250e-01, 9.76562500e-01, ...,
       4.99023438e+02, 4.99511719e+02, 5.00000000e+02], shape=(1025,)), array([4.8914109e-03, 1.7953175e-03, 2.3772214e-03, ..., 2.0637907e-16,
       1.6711507e-16, 8.9910986e-17], shape=(1025,), dtype=float32))",SV
1121,"(array([0.00000000e+00, 4.88281250e-01, 9.76562500e-01, ...,
       4.99023438e+02, 4.99511719e+02, 5.00000000e+02], shape=(1025,)), array([1.6863348e-03, 8.4903941e-04, 4.1199606e-03, ..., 3.3597628e-16,
       1.8446379e-16, 1.2942923e-16], shape=(1025,), dtype=float32))",SV
1122,"(array([0.00000000e+00, 4.88281250e-01, 9.76562500e-01, ...,
       4.99023438e+02, 4.99511719e+02, 5.00000000e+02], shape=(1025,)), array([2.6408175e-02, 7.2458531e-03, 2.4082204e-02, ..., 4.3163192e-16,
       1.2541940e-16, 7.8250796e-17], shape=(1025,), dtype=float32))",SV
1123,"(array([0.00000000e+00, 4.88281250e-01, 9.76562500e-01, ...,
       4.99023438e+02, 4.99511719e+02, 5.00000000e+02], shape=(1025,)), array([2.8975231e-03, 1.0989887e-03, 2.6732760e-03, ..., 1.4350848e-16,
       1.4912698e-16, 3.3255447e-17], shape=(1025,), dtype=float32))",SV
1124,"(array([0.00000000e+00, 4.88281250e-01, 9.76562500e-01, ...,
       4.99023438e+02, 4.99511719e+02, 5.00000000e+02], shape=(1025,)), array([1.7368232e-03, 7.2803028e-04, 2.6512530e-03, ..., 1.5672222e-16,
       1.3138974e-16, 9.0486022e-17], shape=(1025,), dtype=float32))",SV
1125,"(array([0.00000000e+00, 4.88281250e-01, 9.76562500e-01, ...,
       4.99023438e+02, 4.99511719e+02, 5.00000000e+02], shape=(1025,)), array([2.8451143e-03, 1.0133192e-03, 3.0893162e-03, ..., 1.1756478e-16,
       1.0505454e-16, 7.3587853e-17], shape=(1025,), dtype=float32))",SV
1126,"(array([0.00000000e+00, 4.88281250e-01, 9.76562500e-01, ...,
       4.99023438e+02, 4.99511719e+02, 5.00000000e+02], shape=(1025,)), array([4.8524174e-03, 1.9535627e-03, 4.4824001e-03, ..., 1.7709460e-16,
       1.6189474e-16, 3.7280722e-17], shape=(1025,), dtype=float32))",SV
1127,"(array([0.00000000e+00, 4.88281250e-01, 9.76562500e-01, ...,
       4.99023438e+02, 4.99511719e+02, 5.00000000e+02], shape=(1025,)), array([3.6505547e-03, 1.3486424e-03, 2.1981061e-03, ..., 1.4544367e-16,
       2.4823664e-16, 4.8326002e-17], shape=(1025,), dtype=float32))",SV
1128,"(array([0.00000000e+00, 4.88281250e-01, 9.76562500e-01, ...,
       4.99023438e+02, 4.99511719e+02, 5.00000000e+02], shape=(1025,)), array([4.4054524e-03, 1.9145212e-03, 3.8412968e-03, ..., 1.9695942e-16,
       1.4755156e-16, 9.1550702e-17], shape=(1025,), dtype=float32))",SV
1129,"(array([0.00000000e+00, 4.88281250e-01, 9.76562500e-01, ...,
       4.99023438e+02, 4.99511719e+02, 5.00000000e+02], shape=(1025,)), array([4.4537988e-03, 1.8388573e-03, 4.4916198e-03, ..., 1.2094029e-16,
       2.1414700e-16, 2.5529434e-17], shape=(1025,), dtype=float32))",SV
1130,"(array([0.00000000e+00, 4.88281250e-01, 9.76562500e-01, ...,
       4.99023438e+02, 4.99511719e+02, 5.00000000e+02], shape=(1025,)), array([1.7737808e-02, 6.1322162e-03, 8.1683323e-03, ..., 2.3129574e-16,
       1.3285370e-16, 6.9619517e-17], shape=(1025,), dtype=float32))",SV
1131,"(array([0.00000000e+00, 4.88281250e-01, 9.76562500e-01, ...,
       4.99023438e+02, 4.99511719e+02, 5.00000000e+02], shape=(1025,)), array([2.1184420e-03, 9.3271339e-04, 2.0247370e-03, ..., 1.0565568e-16,
       2.1972294e-16, 4.8758714e-17], shape=(1025,), dtype=float32))",SV
1132,"(array([0.00000000e+00, 4.88281250e-01, 9.76562500e-01, ...,
       4.99023438e+02, 4.99511719e+02, 5.00000000e+02], shape=(1025,)), array([1.6519446e-03, 3.9324208e-04, 3.4670425e-03, ..., 1.1874261e-16,
       1.5399291e-16, 6.7427542e-17], shape=(1025,), dtype=float32))",SV
1133,"(array([0.00000000e+00, 4.88281250e-01, 9.76562500e-01, ...,
       4.99023438e+02, 4.99511719e+02, 5.00000000e+02], shape=(1025,)), array([6.0767191e-03, 2.7542217e-03, 2.9143880e-03, ..., 1.5742107e-16,
       1.7885335e-16, 9.5285595e-17], shape=(1025,), dtype=float32))",SV
1134,"(array([0.00000000e+00, 4.88281250e-01, 9.76562500e-01, ...,
       4.99023438e+02, 4.99511719e+02, 5.00000000e+02], shape=(1025,)), array([8.6384993e-03, 2.7929442e-03, 6.4875311e-03, ..., 2.4037199e-16,
       2.3291558e-16, 1.1049849e-16], shape=(1025,), dtype=float32))",SV
1135,"(array([0.00000000e+00, 4.88281250e-01, 9.76562500e-01, ...,
       4.99023438e+02, 4.99511719e+02, 5.00000000e+02], shape=(1025,)), array([1.1097107e-02, 4.2175706e-03, 2.3712029e-03, ..., 1.9502773e-16,
       2.0964320e-16, 6.9602438e-17], shape=(1025,), dtype=float32))",SV
1136,"(array([0.00000000e+00, 4.88281250e-01, 9.76562500e-01, ...,
       4.99023438e+02, 4.99511719e+02, 5.00000000e+02], shape=(1025,)), array([7.0505738e-03, 3.3716212e-03, 3.9418675e-03, ..., 2.3825782e-16,
       3.7275543e-16, 9.7061962e-17], shape=(1025,), dtype=float32))",SV
1137,"(array([0.00000000e+00, 4.88281250e-01, 9.76562500e-01, ...,
       4.99023438e+02, 4.99511719e+02, 5.00000000e+02], shape=(1025,)), array([1.0847337e-02, 4.4887578e-03, 6.0038781e-03, ..., 1.8250073e-16,
       1.0033152e-16, 1.0547118e-16], shape=(1025,), dtype=float32))",SV
1138,"(array([0.00000000e+00, 4.88281250e-01, 9.76562500e-01, ...,
       4.99023438e+02, 4.99511719e+02, 5.00000000e+02], shape=(1025,)), array([9.6922945e-03, 3.9303685e-03, 4.8191999e-03, ..., 1.9703201e-16,
       2.0037550e-16, 8.2076798e-17], shape=(1025,), dtype=float32))",SV
1139,"(array([0.00000000e+00, 4.88281250e-01, 9.76562500e-01, ...,
       4.99023438e+02, 4.99511719e+02, 5.00000000e+02], shape=(1025,)), array([6.7439177e-03, 2.2963295e-03, 4.2555747e-03, ..., 1.4001336e-16,
       1.1796191e-16, 5.9485178e-17], shape=(1025,), dtype=float32))",SV
1140,"(array([0.00000000e+00, 4.88281250e-01, 9.76562500e-01, ...,
       4.99023438e+02, 4.99511719e+02, 5.00000000e+02], shape=(1025,)), array([2.9200925e-03, 1.2903690e-03, 3.5428905e-03, ..., 1.4755788e-16,
       1.0793360e-16, 5.4571726e-17], shape=(1025,), dtype=float32))",SV
1141,"(array([0.00000000e+00, 4.88281250e-01, 9.76562500e-01, ...,
       4.99023438e+02, 4.99511719e+02, 5.00000000e+02], shape=(1025,)), array([7.4698455e-03, 2.9777051e-03, 3.2144675e-03, ..., 1.1187704e-16,
       1.3284908e-16, 1.1787722e-16], shape=(1025,), dtype=float32))",SV
1142,"(array([0.00000000e+00, 4.88281250e-01, 9.76562500e-01, ...,
       4.99023438e+02, 4.99511719e+02, 5.00000000e+02], shape=(1025,)), array([7.2710728e-03, 2.3783464e-03, 4.7817398e-03, ..., 1.6478270e-16,
       2.3530610e-16, 2.3040257e-16], shape=(1025,), dtype=float32))",SV
1143,"(array([0.00000000e+00, 4.88281250e-01, 9.76562500e-01, ...,
       4.99023438e+02, 4.99511719e+02, 5.00000000e+02], shape=(1025,)), array([1.1718373e-02, 4.4118413e-03, 6.8174978e-03, ..., 3.4744855e-16,
       1.3314802e-16, 1.3659728e-16], shape=(1025,), dtype=float32))",SV
1144,"(array([0.00000000e+00, 4.88281250e-01, 9.76562500e-01, ...,
       4.99023438e+02, 4.99511719e+02, 5.00000000e+02], shape=(1025,)), array([1.47495875e-02, 5.79380710e-03, 6.53124880e-03, ...,
       1.25107944e-16, 2.08537606e-16, 5.25619446e-17],
      shape=(1025,), dtype=float32))",SV
1145,"(array([0.00000000e+00, 4.88281250e-01, 9.76562500e-01, ...,
       4.99023438e+02, 4.99511719e+02, 5.00000000e+02], shape=(1025,)), array([5.11283707e-03, 2.12399079e-03, 4.62627504e-03, ...,
       1.07503754e-16, 1.72411942e-16, 9.81095565e-17],
      shape=(1025,), dtype=float32))",SV
1146,"(array([0.00000000e+00, 4.88281250e-01, 9.76562500e-01, ...,
       4.99023438e+02, 4.99511719e+02, 5.00000000e+02], shape=(1025,)), array([8.0816057e-03, 3.4262070e-03, 3.8378832e-03, ..., 2.1628069e-16,
       1.7911338e-16, 9.8291748e-17], shape=(1025,), dtype=float32))",SV
1147,"(array([0.00000000e+00, 4.88281250e-01, 9.76562500e-01, ...,
       4.99023438e+02, 4.99511719e+02, 5.00000000e+02], shape=(1025,)), array([7.9391934e-03, 2.8855349e-03, 3.5635887e-03, ..., 2.0621773e-16,
       2.9052685e-16, 9.4192459e-17], shape=(1025,), dtype=float32))",SV
1148,"(array([0.00000000e+00, 4.88281250e-01, 9.76562500e-01, ...,
       4.99023438e+02, 4.99511719e+02, 5.00000000e+02], shape=(1025,)), array([7.1980800e-03, 3.0977488e-03, 5.9145666e-03, ..., 3.1919269e-16,
       2.1726923e-16, 1.1842380e-16], shape=(1025,), dtype=float32))",SV
1149,"(array([0.00000000e+00, 4.88281250e-01, 9.76562500e-01, ...,
       4.99023438e+02, 4.99511719e+02, 5.00000000e+02], shape=(1025,)), array([5.38155716e-03, 1.94509502e-03, 2.72253575e-03, ...,
       1.87189993e-16, 1.91109215e-16, 1.06040525e-16],
      shape=(1025,), dtype=float32))",SV
1150,"(array([0.00000000e+00, 4.88281250e-01, 9.76562500e-01, ...,
       4.99023438e+02, 4.99511719e+02, 5.00000000e+02], shape=(1025,)), array([8.0014765e-03, 3.8635319e-03, 7.6194936e-03, ..., 1.5146079e-16,
       1.1195429e-16, 8.5265129e-17], shape=(1025,), dtype=float32))",SV
1151,"(array([0.00000000e+00, 4.88281250e-01, 9.76562500e-01, ...,
       4.99023438e+02, 4.99511719e+02, 5.00000000e+02], shape=(1025,)), array([5.0625796e-03, 2.1111353e-03, 4.7501815e-03, ..., 4.2735046e-16,
       2.5487851e-16, 9.0389228e-17], shape=(1025,), dtype=float32))",SV
1152,"(array([0.00000000e+00, 4.88281250e-01, 9.76562500e-01, ...,
       4.99023438e+02, 4.99511719e+02, 5.00000000e+02], shape=(1025,)), array([1.1666456e-02, 5.1772073e-03, 4.2233164e-03, ..., 1.7161199e-16,
       1.7543106e-16, 7.4977060e-17], shape=(1025,), dtype=float32))",SV
1153,"(array([0.00000000e+00, 4.88281250e-01, 9.76562500e-01, ...,
       4.99023438e+02, 4.99511719e+02, 5.00000000e+02], shape=(1025,)), array([1.0781473e-02, 4.1768658e-03, 4.6071829e-03, ..., 1.1580907e-16,
       1.6915687e-16, 1.0464564e-16], shape=(1025,), dtype=float32))",SV
1154,"(array([0.00000000e+00, 4.88281250e-01, 9.76562500e-01, ...,
       4.99023438e+02, 4.99511719e+02, 5.00000000e+02], shape=(1025,)), array([1.3571219e-02, 5.7816510e-03, 4.4820653e-03, ..., 2.6281897e-16,
       2.3958470e-16, 1.9275747e-16], shape=(1025,), dtype=float32))",SV
1155,"(array([0.00000000e+00, 4.88281250e-01, 9.76562500e-01, ...,
       4.99023438e+02, 4.99511719e+02, 5.00000000e+02], shape=(1025,)), array([1.7971225e-02, 6.9725490e-03, 7.3393933e-03, ..., 2.3887446e-16,
       2.0528753e-16, 6.7774845e-17], shape=(1025,), dtype=float32))",SV
1156,"(array([0.00000000e+00, 4.88281250e-01, 9.76562500e-01, ...,
       4.99023438e+02, 4.99511719e+02, 5.00000000e+02], shape=(1025,)), array([6.1761755e-03, 2.2988371e-03, 4.9322476e-03, ..., 2.4525397e-16,
       1.9819492e-16, 3.8447878e-17], shape=(1025,), dtype=float32))",SV
1157,"(array([0.00000000e+00, 4.88281250e-01, 9.76562500e-01, ...,
       4.99023438e+02, 4.99511719e+02, 5.00000000e+02], shape=(1025,)), array([7.5599072e-03, 3.4740546e-03, 3.4844698e-03, ..., 2.3272498e-16,
       1.8885856e-16, 8.8658422e-17], shape=(1025,), dtype=float32))",SV
1158,"(array([0.00000000e+00, 4.88281250e-01, 9.76562500e-01, ...,
       4.99023438e+02, 4.99511719e+02, 5.00000000e+02], shape=(1025,)), array([6.4564180e-03, 3.0690082e-03, 3.8208091e-03, ..., 2.8567748e-16,
       1.5173742e-16, 6.4859794e-17], shape=(1025,), dtype=float32))",SV
1159,"(array([0.00000000e+00, 4.88281250e-01, 9.76562500e-01, ...,
       4.99023438e+02, 4.99511719e+02, 5.00000000e+02], shape=(1025,)), array([1.2499983e-02, 5.1900963e-03, 9.6725309e-03, ..., 1.3871239e-16,
       3.8551995e-16, 9.1505155e-17], shape=(1025,), dtype=float32))",SV
1160,"(array([0.00000000e+00, 4.88281250e-01, 9.76562500e-01, ...,
       4.99023438e+02, 4.99511719e+02, 5.00000000e+02], shape=(1025,)), array([7.4983891e-03, 2.9414971e-03, 4.1232118e-03, ..., 3.2756702e-16,
       2.3927659e-16, 7.3473980e-17], shape=(1025,), dtype=float32))",SV
1161,"(array([0.00000000e+00, 4.88281250e-01, 9.76562500e-01, ...,
       4.99023438e+02, 4.99511719e+02, 5.00000000e+02], shape=(1025,)), array([9.2702964e-03, 3.7297492e-03, 4.0158210e-03, ..., 1.4600930e-16,
       1.2503842e-16, 1.4520579e-16], shape=(1025,), dtype=float32))",SV
1162,"(array([0.00000000e+00, 4.88281250e-01, 9.76562500e-01, ...,
       4.99023438e+02, 4.99511719e+02, 5.00000000e+02], shape=(1025,)), array([1.4177377e-02, 5.2211755e-03, 4.1846256e-03, ..., 2.6663001e-16,
       2.7043893e-16, 1.9767662e-16], shape=(1025,), dtype=float32))",SV
1163,"(array([0.00000000e+00, 4.88281250e-01, 9.76562500e-01, ...,
       4.99023438e+02, 4.99511719e+02, 5.00000000e+02], shape=(1025,)), array([1.9529967e-02, 8.6000366e-03, 1.2141745e-02, ..., 1.7144122e-16,
       1.3871471e-16, 1.2901361e-16], shape=(1025,), dtype=float32))",SV
1164,"(array([0.00000000e+00, 4.88281250e-01, 9.76562500e-01, ...,
       4.99023438e+02, 4.99511719e+02, 5.00000000e+02], shape=(1025,)), array([3.5983557e-03, 1.5207815e-03, 4.3273102e-03, ..., 3.0330741e-16,
       1.6177674e-16, 1.5661689e-16], shape=(1025,), dtype=float32))",SV
1165,"(array([0.00000000e+00, 4.88281250e-01, 9.76562500e-01, ...,
       4.99023438e+02, 4.99511719e+02, 5.00000000e+02], shape=(1025,)), array([1.7344940e-02, 7.1650660e-03, 4.9411436e-03, ..., 2.4701392e-16,
       2.8994671e-16, 1.1641969e-16], shape=(1025,), dtype=float32))",SV
1166,"(array([0.00000000e+00, 4.88281250e-01, 9.76562500e-01, ...,
       4.99023438e+02, 4.99511719e+02, 5.00000000e+02], shape=(1025,)), array([5.3935195e-03, 2.7513120e-03, 7.0865499e-03, ..., 1.4348796e-16,
       1.6992675e-16, 4.7483383e-17], shape=(1025,), dtype=float32))",SV
1167,"(array([0.00000000e+00, 4.88281250e-01, 9.76562500e-01, ...,
       4.99023438e+02, 4.99511719e+02, 5.00000000e+02], shape=(1025,)), array([1.2961766e-02, 4.8365723e-03, 4.6990137e-03, ..., 1.5437526e-16,
       2.5503503e-16, 9.2786179e-17], shape=(1025,), dtype=float32))",SV
1168,"(array([0.00000000e+00, 4.88281250e-01, 9.76562500e-01, ...,
       4.99023438e+02, 4.99511719e+02, 5.00000000e+02], shape=(1025,)), array([9.6717868e-03, 3.6209633e-03, 4.1973712e-03, ..., 1.8831696e-16,
       2.6085470e-16, 6.1420946e-17], shape=(1025,), dtype=float32))",SV
1169,"(array([0.00000000e+00, 4.88281250e-01, 9.76562500e-01, ...,
       4.99023438e+02, 4.99511719e+02, 5.00000000e+02], shape=(1025,)), array([7.6400074e-03, 4.0906137e-03, 5.3064777e-03, ..., 1.1898184e-16,
       1.3493179e-16, 1.8401235e-17], shape=(1025,), dtype=float32))",SV
1170,"(array([0.00000000e+00, 4.88281250e-01, 9.76562500e-01, ...,
       4.99023438e+02, 4.99511719e+02, 5.00000000e+02], shape=(1025,)), array([1.4371853e-02, 5.6223366e-03, 6.8197334e-03, ..., 2.6317282e-16,
       1.8170334e-16, 3.6665830e-17], shape=(1025,), dtype=float32))",SV
1171,"(array([0.00000000e+00, 4.88281250e-01, 9.76562500e-01, ...,
       4.99023438e+02, 4.99511719e+02, 5.00000000e+02], shape=(1025,)), array([3.4415706e-03, 1.3850513e-03, 5.8056763e-03, ..., 1.7813668e-16,
       1.1943670e-16, 7.1492658e-17], shape=(1025,), dtype=float32))",SV
1172,"(array([0.00000000e+00, 4.88281250e-01, 9.76562500e-01, ...,
       4.99023438e+02, 4.99511719e+02, 5.00000000e+02], shape=(1025,)), array([2.1732958e-02, 8.8948654e-03, 7.1106628e-03, ..., 1.1933474e-16,
       1.1999589e-16, 1.8521934e-16], shape=(1025,), dtype=float32))",SV
1173,"(array([0.00000000e+00, 4.88281250e-01, 9.76562500e-01, ...,
       4.99023438e+02, 4.99511719e+02, 5.00000000e+02], shape=(1025,)), array([1.2069686e-02, 4.8342152e-03, 3.7034233e-03, ..., 1.6142518e-16,
       2.5034638e-16, 7.4789184e-17], shape=(1025,), dtype=float32))",SV
1174,"(array([0.00000000e+00, 4.88281250e-01, 9.76562500e-01, ...,
       4.99023438e+02, 4.99511719e+02, 5.00000000e+02], shape=(1025,)), array([8.5642813e-03, 4.1565495e-03, 4.0236125e-03, ..., 1.2639463e-16,
       2.7503594e-16, 5.7760063e-17], shape=(1025,), dtype=float32))",SV
1175,"(array([0.00000000e+00, 4.88281250e-01, 9.76562500e-01, ...,
       4.99023438e+02, 4.99511719e+02, 5.00000000e+02], shape=(1025,)), array([6.3024394e-02, 2.0174107e-02, 5.4117355e-02, ..., 3.5731889e-16,
       3.6109862e-16, 3.8426243e-16], shape=(1025,), dtype=float32))",SV
1176,"(array([0.00000000e+00, 4.88281250e-01, 9.76562500e-01, ...,
       4.99023438e+02, 4.99511719e+02, 5.00000000e+02], shape=(1025,)), array([6.9265766e-03, 2.5701076e-03, 5.7173921e-03, ..., 2.4432946e-16,
       1.7702168e-16, 5.5158157e-17], shape=(1025,), dtype=float32))",SV
1177,"(array([0.00000000e+00, 4.88281250e-01, 9.76562500e-01, ...,
       4.99023438e+02, 4.99511719e+02, 5.00000000e+02], shape=(1025,)), array([1.3377557e-02, 4.4057835e-03, 1.0722405e-02, ..., 1.8976272e-16,
       1.8726740e-16, 5.7936564e-17], shape=(1025,), dtype=float32))",SV
1178,"(array([0.00000000e+00, 4.88281250e-01, 9.76562500e-01, ...,
       4.99023438e+02, 4.99511719e+02, 5.00000000e+02], shape=(1025,)), array([1.1059777e-02, 5.1605627e-03, 4.0614139e-03, ..., 2.8657224e-16,
       1.7523199e-16, 1.1298085e-16], shape=(1025,), dtype=float32))",SV
1179,"(array([0.00000000e+00, 4.88281250e-01, 9.76562500e-01, ...,
       4.99023438e+02, 4.99511719e+02, 5.00000000e+02], shape=(1025,)), array([5.3560766e-03, 2.7107995e-03, 3.9918204e-03, ..., 1.6234875e-16,
       1.7341562e-16, 7.8552552e-17], shape=(1025,), dtype=float32))",SV
1180,"(array([0.00000000e+00, 4.88281250e-01, 9.76562500e-01, ...,
       4.99023438e+02, 4.99511719e+02, 5.00000000e+02], shape=(1025,)), array([9.3310885e-03, 3.6158075e-03, 3.5822915e-03, ..., 2.0969701e-16,
       1.5751947e-16, 9.7403561e-17], shape=(1025,), dtype=float32))",SV
1181,"(array([0.00000000e+00, 4.88281250e-01, 9.76562500e-01, ...,
       4.99023438e+02, 4.99511719e+02, 5.00000000e+02], shape=(1025,)), array([1.0703868e-02, 4.0596491e-03, 3.8171923e-03, ..., 1.5917466e-16,
       1.6764152e-16, 1.5187851e-16], shape=(1025,), dtype=float32))",SV
1182,"(array([0.00000000e+00, 4.88281250e-01, 9.76562500e-01, ...,
       4.99023438e+02, 4.99511719e+02, 5.00000000e+02], shape=(1025,)), array([8.5325763e-03, 3.7556915e-03, 3.4771299e-03, ..., 2.4656962e-16,
       3.2746998e-16, 3.5823194e-17], shape=(1025,), dtype=float32))",SV
1183,"(array([0.00000000e+00, 4.88281250e-01, 9.76562500e-01, ...,
       4.99023438e+02, 4.99511719e+02, 5.00000000e+02], shape=(1025,)), array([2.9983360e-03, 1.3431143e-03, 3.9765504e-03, ..., 1.8646995e-16,
       2.9347683e-16, 1.3202545e-16], shape=(1025,), dtype=float32))",SV
1184,"(array([0.00000000e+00, 4.88281250e-01, 9.76562500e-01, ...,
       4.99023438e+02, 4.99511719e+02, 5.00000000e+02], shape=(1025,)), array([1.2409760e-02, 4.4766054e-03, 1.1512196e-02, ..., 4.1198756e-16,
       3.6173307e-16, 1.3017507e-16], shape=(1025,), dtype=float32))",SV
1185,"(array([0.00000000e+00, 4.88281250e-01, 9.76562500e-01, ...,
       4.99023438e+02, 4.99511719e+02, 5.00000000e+02], shape=(1025,)), array([7.5564822e-03, 3.2480238e-03, 1.2253599e-03, ..., 2.1466414e-16,
       1.8606766e-16, 7.3240563e-17], shape=(1025,), dtype=float32))",SV
1186,"(array([0.00000000e+00, 4.88281250e-01, 9.76562500e-01, ...,
       4.99023438e+02, 4.99511719e+02, 5.00000000e+02], shape=(1025,)), array([7.7072424e-03, 2.7368006e-03, 2.3386865e-03, ..., 1.9008618e-16,
       1.5252757e-16, 7.8302042e-17], shape=(1025,), dtype=float32))",SV
1187,"(array([0.00000000e+00, 4.88281250e-01, 9.76562500e-01, ...,
       4.99023438e+02, 4.99511719e+02, 5.00000000e+02], shape=(1025,)), array([1.2298233e-02, 4.9081151e-03, 4.1220626e-03, ..., 3.6673242e-16,
       5.4872795e-16, 1.5167353e-16], shape=(1025,), dtype=float32))",SV
1188,"(array([0.00000000e+00, 4.88281250e-01, 9.76562500e-01, ...,
       4.99023438e+02, 4.99511719e+02, 5.00000000e+02], shape=(1025,)), array([1.3560415e-02, 5.1011848e-03, 4.5209397e-03, ..., 1.7872029e-16,
       3.1746988e-16, 7.7066558e-17], shape=(1025,), dtype=float32))",SV
1189,"(array([0.00000000e+00, 4.88281250e-01, 9.76562500e-01, ...,
       4.99023438e+02, 4.99511719e+02, 5.00000000e+02], shape=(1025,)), array([1.1412770e-02, 4.4994066e-03, 3.1145476e-03, ..., 1.4191357e-16,
       1.8702383e-16, 6.6323011e-17], shape=(1025,), dtype=float32))",SV
1190,"(array([0.00000000e+00, 4.88281250e-01, 9.76562500e-01, ...,
       4.99023438e+02, 4.99511719e+02, 5.00000000e+02], shape=(1025,)), array([1.6746210e-02, 6.3547860e-03, 8.1044436e-03, ..., 8.5510120e-17,
       7.9957760e-17, 5.3996693e-17], shape=(1025,), dtype=float32))",SV
1191,"(array([0.00000000e+00, 4.88281250e-01, 9.76562500e-01, ...,
       4.99023438e+02, 4.99511719e+02, 5.00000000e+02], shape=(1025,)), array([1.3123512e-02, 6.0701049e-03, 1.1811159e-02, ..., 2.0897155e-16,
       1.7936952e-16, 9.1687339e-17], shape=(1025,), dtype=float32))",SV
1192,"(array([0.00000000e+00, 4.88281250e-01, 9.76562500e-01, ...,
       4.99023438e+02, 4.99511719e+02, 5.00000000e+02], shape=(1025,)), array([4.2393189e-03, 1.8575788e-03, 5.9691551e-03, ..., 3.0135439e-16,
       1.8359616e-16, 7.5153561e-17], shape=(1025,), dtype=float32))",SV
1193,"(array([0.00000000e+00, 4.88281250e-01, 9.76562500e-01, ...,
       4.99023438e+02, 4.99511719e+02, 5.00000000e+02], shape=(1025,)), array([8.8351956e-03, 3.8666257e-03, 5.7103909e-03, ..., 2.8656279e-16,
       3.0472918e-16, 9.6743127e-17], shape=(1025,), dtype=float32))",SV
1194,"(array([0.00000000e+00, 4.88281250e-01, 9.76562500e-01, ...,
       4.99023438e+02, 4.99511719e+02, 5.00000000e+02], shape=(1025,)), array([6.57055480e-03, 2.74874247e-03, 4.29021893e-03, ...,
       1.08266845e-16, 1.45285407e-16, 3.03574822e-17],
      shape=(1025,), dtype=float32))",SV
1195,"(array([0.00000000e+00, 4.88281250e-01, 9.76562500e-01, ...,
       4.99023438e+02, 4.99511719e+02, 5.00000000e+02], shape=(1025,)), array([9.6137067e-03, 4.3212706e-03, 4.6622632e-03, ..., 1.2815532e-16,
       7.0624595e-17, 2.4527389e-17], shape=(1025,), dtype=float32))",SV
1196,"(array([0.00000000e+00, 4.88281250e-01, 9.76562500e-01, ...,
       4.99023438e+02, 4.99511719e+02, 5.00000000e+02], shape=(1025,)), array([7.4478919e-03, 3.0810011e-03, 4.7668745e-03, ..., 2.4206725e-16,
       2.6781602e-16, 8.4923517e-17], shape=(1025,), dtype=float32))",SV
1197,"(array([0.00000000e+00, 4.88281250e-01, 9.76562500e-01, ...,
       4.99023438e+02, 4.99511719e+02, 5.00000000e+02], shape=(1025,)), array([9.1373194e-03, 3.2664177e-03, 6.8170791e-03, ..., 2.2234067e-16,
       2.0355262e-16, 7.2967276e-17], shape=(1025,), dtype=float32))",SV
1198,"(array([0.00000000e+00, 4.88281250e-01, 9.76562500e-01, ...,
       4.99023438e+02, 4.99511719e+02, 5.00000000e+02], shape=(1025,)), array([1.0512846e-02, 4.2399759e-03, 6.4886212e-03, ..., 2.1712831e-16,
       2.3087871e-16, 1.3411495e-16], shape=(1025,), dtype=float32))",SV
1199,"(array([0.00000000e+00, 4.88281250e-01, 9.76562500e-01, ...,
       4.99023438e+02, 4.99511719e+02, 5.00000000e+02], shape=(1025,)), array([2.3258911e-02, 9.2509743e-03, 3.6310318e-03, ..., 1.7737379e-16,
       1.8390443e-16, 1.1259369e-16], shape=(1025,), dtype=float32))",SV
1200,"(array([0.00000000e+00, 4.88281250e-01, 9.76562500e-01, ...,
       4.99023438e+02, 4.99511719e+02, 5.00000000e+02], shape=(1025,)), array([1.4710445e-02, 6.5186094e-03, 9.9273752e-03, ..., 2.0702528e-16,
       1.9146578e-16, 1.0851719e-16], shape=(1025,), dtype=float32))",SV
1201,"(array([0.00000000e+00, 4.88281250e-01, 9.76562500e-01, ...,
       4.99023438e+02, 4.99511719e+02, 5.00000000e+02], shape=(1025,)), array([1.2797058e-02, 4.5433352e-03, 1.0329797e-02, ..., 2.7933495e-16,
       4.6772630e-16, 2.2982328e-16], shape=(1025,), dtype=float32))",SV
1202,"(array([0.00000000e+00, 4.88281250e-01, 9.76562500e-01, ...,
       4.99023438e+02, 4.99511719e+02, 5.00000000e+02], shape=(1025,)), array([6.4880177e-03, 3.1239104e-03, 4.6291249e-03, ..., 1.3788399e-16,
       1.7693469e-16, 7.4242603e-17], shape=(1025,), dtype=float32))",SV
1203,"(array([0.00000000e+00, 4.88281250e-01, 9.76562500e-01, ...,
       4.99023438e+02, 4.99511719e+02, 5.00000000e+02], shape=(1025,)), array([9.8577058e-03, 4.1294890e-03, 4.4418545e-03, ..., 2.9659465e-16,
       1.3879068e-16, 3.3090341e-17], shape=(1025,), dtype=float32))",SV
1204,"(array([0.00000000e+00, 4.88281250e-01, 9.76562500e-01, ...,
       4.99023438e+02, 4.99511719e+02, 5.00000000e+02], shape=(1025,)), array([1.2190251e-02, 5.8750072e-03, 8.5671414e-03, ..., 3.0225394e-16,
       1.7432227e-16, 5.7412767e-17], shape=(1025,), dtype=float32))",SV
1205,"(array([0.00000000e+00, 4.88281250e-01, 9.76562500e-01, ...,
       4.99023438e+02, 4.99511719e+02, 5.00000000e+02], shape=(1025,)), array([7.6074069e-03, 2.8445397e-03, 4.8300228e-03, ..., 2.3478086e-16,
       1.5250080e-16, 4.8234920e-17], shape=(1025,), dtype=float32))",SV
1206,"(array([0.00000000e+00, 4.88281250e-01, 9.76562500e-01, ...,
       4.99023438e+02, 4.99511719e+02, 5.00000000e+02], shape=(1025,)), array([9.4035054e-03, 3.4494018e-03, 3.0895637e-03, ..., 1.7405883e-16,
       1.8963411e-16, 7.5905091e-17], shape=(1025,), dtype=float32))",SV
1207,"(array([0.00000000e+00, 4.88281250e-01, 9.76562500e-01, ...,
       4.99023438e+02, 4.99511719e+02, 5.00000000e+02], shape=(1025,)), array([6.0763988e-03, 2.2101675e-03, 3.5120982e-03, ..., 2.3631666e-16,
       2.7697006e-16, 9.7796412e-17], shape=(1025,), dtype=float32))",SV
1208,"(array([0.00000000e+00, 4.88281250e-01, 9.76562500e-01, ...,
       4.99023438e+02, 4.99511719e+02, 5.00000000e+02], shape=(1025,)), array([4.8437091e-03, 2.0023438e-03, 4.8819231e-03, ..., 1.5412457e-16,
       1.6526445e-16, 6.3015122e-17], shape=(1025,), dtype=float32))",SV
1209,"(array([0.00000000e+00, 4.88281250e-01, 9.76562500e-01, ...,
       4.99023438e+02, 4.99511719e+02, 5.00000000e+02], shape=(1025,)), array([1.34876715e-02, 5.46059664e-03, 2.12686439e-03, ...,
       2.62849544e-16, 3.45188981e-16, 9.14596067e-17],
      shape=(1025,), dtype=float32))",SV
1210,"(array([0.00000000e+00, 4.88281250e-01, 9.76562500e-01, ...,
       4.99023438e+02, 4.99511719e+02, 5.00000000e+02], shape=(1025,)), array([1.1696639e-02, 4.9163443e-03, 2.8511009e-03, ..., 3.4122648e-16,
       1.7045091e-16, 1.7428792e-16], shape=(1025,), dtype=float32))",SV
1211,"(array([0.00000000e+00, 4.88281250e-01, 9.76562500e-01, ...,
       4.99023438e+02, 4.99511719e+02, 5.00000000e+02], shape=(1025,)), array([9.0712439e-03, 4.2128609e-03, 5.0721127e-03, ..., 1.9387412e-16,
       1.7074448e-16, 9.2097264e-17], shape=(1025,), dtype=float32))",SV
1212,"(array([0.00000000e+00, 4.88281250e-01, 9.76562500e-01, ...,
       4.99023438e+02, 4.99511719e+02, 5.00000000e+02], shape=(1025,)), array([6.0887760e-03, 2.8377576e-03, 2.7295002e-03, ..., 1.1355660e-16,
       1.8460182e-16, 6.1261539e-17], shape=(1025,), dtype=float32))",SV
1213,"(array([0.00000000e+00, 4.88281250e-01, 9.76562500e-01, ...,
       4.99023438e+02, 4.99511719e+02, 5.00000000e+02], shape=(1025,)), array([1.2632645e-02, 4.9486007e-03, 6.5008453e-03, ..., 2.0096676e-16,
       3.4769940e-16, 2.6189877e-17], shape=(1025,), dtype=float32))",SV
1214,"(array([0.00000000e+00, 4.88281250e-01, 9.76562500e-01, ...,
       4.99023438e+02, 4.99511719e+02, 5.00000000e+02], shape=(1025,)), array([9.7916564e-03, 3.5785574e-03, 3.9671897e-03, ..., 1.8426290e-16,
       1.7937237e-16, 1.0585265e-16], shape=(1025,), dtype=float32))",SV
1215,"(array([0.00000000e+00, 4.88281250e-01, 9.76562500e-01, ...,
       4.99023438e+02, 4.99511719e+02, 5.00000000e+02], shape=(1025,)), array([3.5597399e-02, 1.3579505e-02, 1.1914565e-02, ..., 1.9009296e-16,
       1.8605992e-16, 4.9977111e-17], shape=(1025,), dtype=float32))",SV
1216,"(array([0.00000000e+00, 4.88281250e-01, 9.76562500e-01, ...,
       4.99023438e+02, 4.99511719e+02, 5.00000000e+02], shape=(1025,)), array([1.7128464e-02, 5.8183437e-03, 1.9735811e-02, ..., 3.3174834e-16,
       1.7923126e-16, 5.4275671e-17], shape=(1025,), dtype=float32))",SV
1217,"(array([0.00000000e+00, 4.88281250e-01, 9.76562500e-01, ...,
       4.99023438e+02, 4.99511719e+02, 5.00000000e+02], shape=(1025,)), array([7.4694050e-03, 3.0269413e-03, 2.1154848e-03, ..., 1.1567443e-16,
       8.1447664e-17, 4.1909493e-17], shape=(1025,), dtype=float32))",SV
1218,"(array([0.00000000e+00, 4.88281250e-01, 9.76562500e-01, ...,
       4.99023438e+02, 4.99511719e+02, 5.00000000e+02], shape=(1025,)), array([8.4446259e-03, 2.7908606e-03, 8.0543421e-03, ..., 7.8061491e-17,
       9.9976212e-17, 7.8740434e-17], shape=(1025,), dtype=float32))",SV
1219,"(array([0.00000000e+00, 4.88281250e-01, 9.76562500e-01, ...,
       4.99023438e+02, 4.99511719e+02, 5.00000000e+02], shape=(1025,)), array([2.5751980e-03, 1.0500213e-03, 1.4122794e-03, ..., 5.2375475e-17,
       6.2599136e-17, 3.5760566e-17], shape=(1025,), dtype=float32))",SV
1220,"(array([0.00000000e+00, 4.88281250e-01, 9.76562500e-01, ...,
       4.99023438e+02, 4.99511719e+02, 5.00000000e+02], shape=(1025,)), array([5.26597258e-03, 2.70658405e-03, 2.76809465e-03, ...,
       1.15302519e-16, 7.16674444e-17, 1.29810694e-17],
      shape=(1025,), dtype=float32))",SV
1221,"(array([0.00000000e+00, 4.88281250e-01, 9.76562500e-01, ...,
       4.99023438e+02, 4.99511719e+02, 5.00000000e+02], shape=(1025,)), array([4.9708914e-03, 2.3513059e-03, 8.6027607e-03, ..., 1.2189929e-16,
       6.5770619e-17, 9.1322963e-17], shape=(1025,), dtype=float32))",SV
1222,"(array([0.00000000e+00, 4.88281250e-01, 9.76562500e-01, ...,
       4.99023438e+02, 4.99511719e+02, 5.00000000e+02], shape=(1025,)), array([5.99155668e-03, 2.29298091e-03, 1.87049131e-03, ...,
       4.91892844e-17, 1.07098965e-16, 5.52037014e-17],
      shape=(1025,), dtype=float32))",SV
1223,"(array([0.00000000e+00, 4.88281250e-01, 9.76562500e-01, ...,
       4.99023438e+02, 4.99511719e+02, 5.00000000e+02], shape=(1025,)), array([8.64860322e-03, 3.28452373e-03, 1.27105871e-02, ...,
       8.71162070e-17, 1.02192646e-16, 6.82360213e-17],
      shape=(1025,), dtype=float32))",SV
1224,"(array([0.00000000e+00, 4.88281250e-01, 9.76562500e-01, ...,
       4.99023438e+02, 4.99511719e+02, 5.00000000e+02], shape=(1025,)), array([3.5559104e-03, 1.5047591e-03, 3.5887067e-03, ..., 7.4672459e-17,
       6.2159367e-17, 6.1933368e-17], shape=(1025,), dtype=float32))",SV
1225,"(array([0.00000000e+00, 4.88281250e-01, 9.76562500e-01, ...,
       4.99023438e+02, 4.99511719e+02, 5.00000000e+02], shape=(1025,)), array([2.7725142e-03, 1.1488301e-03, 3.0610934e-03, ..., 1.1973115e-16,
       6.4541767e-17, 2.0951899e-17], shape=(1025,), dtype=float32))",SV
1226,"(array([0.00000000e+00, 4.88281250e-01, 9.76562500e-01, ...,
       4.99023438e+02, 4.99511719e+02, 5.00000000e+02], shape=(1025,)), array([5.3887451e-03, 1.8236411e-03, 4.1152057e-03, ..., 6.2534027e-17,
       4.2716275e-17, 3.5253852e-17], shape=(1025,), dtype=float32))",SV
1227,"(array([0.00000000e+00, 4.88281250e-01, 9.76562500e-01, ...,
       4.99023438e+02, 4.99511719e+02, 5.00000000e+02], shape=(1025,)), array([9.8266508e-03, 3.9346656e-03, 1.4211101e-02, ..., 4.6132898e-16,
       1.5723433e-16, 4.5456516e-17], shape=(1025,), dtype=float32))",SV
1228,"(array([0.00000000e+00, 4.88281250e-01, 9.76562500e-01, ...,
       4.99023438e+02, 4.99511719e+02, 5.00000000e+02], shape=(1025,)), array([2.1835268e-03, 1.0539078e-03, 3.5248399e-03, ..., 1.3940575e-16,
       6.2418136e-17, 2.4664029e-17], shape=(1025,), dtype=float32))",SV
1229,"(array([0.00000000e+00, 4.88281250e-01, 9.76562500e-01, ...,
       4.99023438e+02, 4.99511719e+02, 5.00000000e+02], shape=(1025,)), array([3.2023275e-03, 1.4693671e-03, 1.4924395e-03, ..., 8.6680832e-17,
       6.0084203e-17, 2.1065769e-17], shape=(1025,), dtype=float32))",SV
1230,"(array([0.00000000e+00, 4.88281250e-01, 9.76562500e-01, ...,
       4.99023438e+02, 4.99511719e+02, 5.00000000e+02], shape=(1025,)), array([4.6681515e-03, 1.5698009e-03, 3.1407790e-03, ..., 7.7038805e-17,
       8.8732485e-17, 1.3140486e-17], shape=(1025,), dtype=float32))",SV
1231,"(array([0.00000000e+00, 4.88281250e-01, 9.76562500e-01, ...,
       4.99023438e+02, 4.99511719e+02, 5.00000000e+02], shape=(1025,)), array([1.2251883e-02, 4.4173002e-03, 2.8412247e-03, ..., 4.0325985e-17,
       7.0790415e-17, 2.9605949e-17], shape=(1025,), dtype=float32))",SV
1232,"(array([0.00000000e+00, 4.88281250e-01, 9.76562500e-01, ...,
       4.99023438e+02, 4.99511719e+02, 5.00000000e+02], shape=(1025,)), array([5.2434895e-03, 2.4100044e-03, 7.6308446e-03, ..., 1.5215056e-16,
       8.5608343e-17, 6.3675556e-17], shape=(1025,), dtype=float32))",SV
1233,"(array([0.00000000e+00, 4.88281250e-01, 9.76562500e-01, ...,
       4.99023438e+02, 4.99511719e+02, 5.00000000e+02], shape=(1025,)), array([4.3026358e-03, 1.6447803e-03, 1.6788401e-03, ..., 8.3400525e-17,
       1.0870450e-16, 1.6237724e-17], shape=(1025,), dtype=float32))",SV
1234,"(array([0.00000000e+00, 4.88281250e-01, 9.76562500e-01, ...,
       4.99023438e+02, 4.99511719e+02, 5.00000000e+02], shape=(1025,)), array([3.4652031e-03, 1.4175278e-03, 2.3901670e-03, ..., 6.3789429e-17,
       6.2781407e-17, 1.4028666e-17], shape=(1025,), dtype=float32))",SV
1235,"(array([0.00000000e+00, 4.88281250e-01, 9.76562500e-01, ...,
       4.99023438e+02, 4.99511719e+02, 5.00000000e+02], shape=(1025,)), array([6.0130707e-03, 2.0569344e-03, 1.1990184e-03, ..., 5.3578225e-17,
       6.5374519e-17, 1.5669802e-17], shape=(1025,), dtype=float32))",SV
1236,"(array([0.00000000e+00, 4.88281250e-01, 9.76562500e-01, ...,
       4.99023438e+02, 4.99511719e+02, 5.00000000e+02], shape=(1025,)), array([5.0961776e-03, 2.1462445e-03, 9.2741876e-04, ..., 5.0209304e-17,
       1.0579296e-16, 3.8191663e-17], shape=(1025,), dtype=float32))",SV
1237,"(array([0.00000000e+00, 4.88281250e-01, 9.76562500e-01, ...,
       4.99023438e+02, 4.99511719e+02, 5.00000000e+02], shape=(1025,)), array([3.8282536e-03, 1.5627816e-03, 2.6013656e-03, ..., 1.1912123e-16,
       6.1577171e-17, 4.2837527e-17], shape=(1025,), dtype=float32))",SV
1238,"(array([0.00000000e+00, 4.88281250e-01, 9.76562500e-01, ...,
       4.99023438e+02, 4.99511719e+02, 5.00000000e+02], shape=(1025,)), array([2.2828106e-03, 8.9845894e-04, 1.1533423e-03, ..., 5.6433861e-17,
       6.5772876e-17, 5.3768947e-17], shape=(1025,), dtype=float32))",SV
1239,"(array([0.00000000e+00, 4.88281250e-01, 9.76562500e-01, ...,
       4.99023438e+02, 4.99511719e+02, 5.00000000e+02], shape=(1025,)), array([1.8801498e-03, 6.2299735e-04, 2.0465476e-03, ..., 4.6137640e-17,
       8.7610113e-17, 2.0411024e-17], shape=(1025,), dtype=float32))",SV
1240,"(array([0.00000000e+00, 4.88281250e-01, 9.76562500e-01, ...,
       4.99023438e+02, 4.99511719e+02, 5.00000000e+02], shape=(1025,)), array([1.0428532e-02, 4.2140242e-03, 2.9485687e-03, ..., 1.9228107e-16,
       2.3442521e-16, 7.1737483e-17], shape=(1025,), dtype=float32))",SV
1241,"(array([0.00000000e+00, 4.88281250e-01, 9.76562500e-01, ...,
       4.99023438e+02, 4.99511719e+02, 5.00000000e+02], shape=(1025,)), array([2.3765375e-03, 9.5557078e-04, 2.2519114e-03, ..., 8.1855471e-17,
       1.2668807e-16, 2.4436293e-17], shape=(1025,), dtype=float32))",SV
1242,"(array([0.00000000e+00, 4.88281250e-01, 9.76562500e-01, ...,
       4.99023438e+02, 4.99511719e+02, 5.00000000e+02], shape=(1025,)), array([1.0867234e-03, 5.8444712e-04, 1.5085108e-03, ..., 7.9832505e-17,
       3.3296193e-17, 1.2707784e-17], shape=(1025,), dtype=float32))",SV
1243,"(array([0.00000000e+00, 4.88281250e-01, 9.76562500e-01, ...,
       4.99023438e+02, 4.99511719e+02, 5.00000000e+02], shape=(1025,)), array([2.4710536e-02, 1.1867683e-02, 2.3247547e-02, ..., 1.6571930e-16,
       3.6766887e-16, 9.9589859e-17], shape=(1025,), dtype=float32))",SV
1244,"(array([0.00000000e+00, 4.88281250e-01, 9.76562500e-01, ...,
       4.99023438e+02, 4.99511719e+02, 5.00000000e+02], shape=(1025,)), array([8.7949764e-03, 3.9927852e-03, 3.4789150e-03, ..., 4.9774994e-17,
       5.4405303e-17, 6.1722702e-17], shape=(1025,), dtype=float32))",SV
1245,"(array([0.00000000e+00, 4.88281250e-01, 9.76562500e-01, ...,
       4.99023438e+02, 4.99511719e+02, 5.00000000e+02], shape=(1025,)), array([3.5277416e-03, 1.1022505e-03, 1.8117329e-03, ..., 6.8641863e-17,
       4.9307780e-17, 3.6916340e-17], shape=(1025,), dtype=float32))",SV
1246,"(array([0.00000000e+00, 4.88281250e-01, 9.76562500e-01, ...,
       4.99023438e+02, 4.99511719e+02, 5.00000000e+02], shape=(1025,)), array([4.4724336e-03, 1.9008826e-03, 2.8852145e-03, ..., 9.6131079e-17,
       7.7508696e-17, 1.7564297e-17], shape=(1025,), dtype=float32))",SV
1247,"(array([0.00000000e+00, 4.88281250e-01, 9.76562500e-01, ...,
       4.99023438e+02, 4.99511719e+02, 5.00000000e+02], shape=(1025,)), array([2.2988329e-03, 8.4373454e-04, 1.6145625e-03, ..., 6.4705052e-17,
       8.4638536e-17, 1.1842379e-17], shape=(1025,), dtype=float32))",SV
1248,"(array([0.00000000e+00, 4.88281250e-01, 9.76562500e-01, ...,
       4.99023438e+02, 4.99511719e+02, 5.00000000e+02], shape=(1025,)), array([2.9935411e-03, 1.3815871e-03, 2.2342079e-03, ..., 5.5296399e-17,
       5.1796617e-17, 2.3730305e-17], shape=(1025,), dtype=float32))",SV
1249,"(array([0.00000000e+00, 4.88281250e-01, 9.76562500e-01, ...,
       4.99023438e+02, 4.99511719e+02, 5.00000000e+02], shape=(1025,)), array([1.74829997e-02, 6.81206025e-03, 1.64653528e-02, ...,
       1.00182676e-16, 6.45965656e-17, 4.05373756e-17],
      shape=(1025,), dtype=float32))",SV
1250,"(array([0.00000000e+00, 4.88281250e-01, 9.76562500e-01, ...,
       4.99023438e+02, 4.99511719e+02, 5.00000000e+02], shape=(1025,)), array([4.6168515e-03, 1.3964634e-03, 6.4684697e-03, ..., 1.8396255e-16,
       1.4117414e-15, 2.3759912e-16], shape=(1025,), dtype=float32))",SV
1251,"(array([0.00000000e+00, 4.88281250e-01, 9.76562500e-01, ...,
       4.99023438e+02, 4.99511719e+02, 5.00000000e+02], shape=(1025,)), array([6.3882614e-03, 2.6324773e-03, 2.6639136e-03, ..., 7.2844516e-17,
       1.4365664e-16, 7.0816573e-17], shape=(1025,), dtype=float32))",SV
1252,"(array([0.00000000e+00, 4.88281250e-01, 9.76562500e-01, ...,
       4.99023438e+02, 4.99511719e+02, 5.00000000e+02], shape=(1025,)), array([1.9346749e-03, 7.1423472e-04, 2.8738838e-03, ..., 5.3078625e-17,
       1.1723218e-16, 3.7605245e-17], shape=(1025,), dtype=float32))",SV
1253,"(array([0.00000000e+00, 4.88281250e-01, 9.76562500e-01, ...,
       4.99023438e+02, 4.99511719e+02, 5.00000000e+02], shape=(1025,)), array([6.0651270e-03, 2.7365456e-03, 7.0800763e-03, ..., 6.6106131e-17,
       6.6019839e-17, 3.7468605e-17], shape=(1025,), dtype=float32))",SV
1254,"(array([0.00000000e+00, 4.88281250e-01, 9.76562500e-01, ...,
       4.99023438e+02, 4.99511719e+02, 5.00000000e+02], shape=(1025,)), array([4.6574930e-03, 1.8682053e-03, 1.4251409e-03, ..., 6.3978304e-17,
       8.2733460e-17, 2.3189429e-17], shape=(1025,), dtype=float32))",SV
1255,"(array([0.00000000e+00, 4.88281250e-01, 9.76562500e-01, ...,
       4.99023438e+02, 4.99511719e+02, 5.00000000e+02], shape=(1025,)), array([2.8367920e-03, 9.9412096e-04, 4.1428721e-03, ..., 8.7394484e-17,
       6.9431119e-17, 2.7875136e-17], shape=(1025,), dtype=float32))",SV
1256,"(array([0.00000000e+00, 4.88281250e-01, 9.76562500e-01, ...,
       4.99023438e+02, 4.99511719e+02, 5.00000000e+02], shape=(1025,)), array([3.1810747e-03, 1.2991463e-03, 1.8535884e-03, ..., 8.7544217e-17,
       1.4784951e-16, 1.6602104e-17], shape=(1025,), dtype=float32))",SV
1257,"(array([0.00000000e+00, 4.88281250e-01, 9.76562500e-01, ...,
       4.99023438e+02, 4.99511719e+02, 5.00000000e+02], shape=(1025,)), array([1.8095357e-02, 7.6719788e-03, 1.4540552e-02, ..., 2.7109938e-16,
       2.0717421e-16, 7.8479958e-17], shape=(1025,), dtype=float32))",SV
1258,"(array([0.00000000e+00, 4.88281250e-01, 9.76562500e-01, ...,
       4.99023438e+02, 4.99511719e+02, 5.00000000e+02], shape=(1025,)), array([1.7014701e-02, 7.2200331e-03, 5.6805159e-03, ..., 1.5515224e-16,
       1.3412972e-16, 1.7363319e-16], shape=(1025,), dtype=float32))",SV
1259,"(array([0.00000000e+00, 4.88281250e-01, 9.76562500e-01, ...,
       4.99023438e+02, 4.99511719e+02, 5.00000000e+02], shape=(1025,)), array([1.07051665e-02, 4.83533926e-03, 4.21683025e-03, ...,
       1.34180805e-16, 1.66861242e-16, 4.02299225e-17],
      shape=(1025,), dtype=float32))",SV
1260,"(array([0.00000000e+00, 4.88281250e-01, 9.76562500e-01, ...,
       4.99023438e+02, 4.99511719e+02, 5.00000000e+02], shape=(1025,)), array([2.9084536e-03, 1.3163446e-03, 2.1278248e-03, ..., 7.2136740e-17,
       9.5022638e-17, 4.4955493e-17], shape=(1025,), dtype=float32))",SV
1261,"(array([0.00000000e+00, 4.88281250e-01, 9.76562500e-01, ...,
       4.99023438e+02, 4.99511719e+02, 5.00000000e+02], shape=(1025,)), array([5.9242402e-03, 2.4168999e-03, 2.2801920e-03, ..., 7.2943791e-17,
       1.4271474e-16, 7.2830632e-17], shape=(1025,), dtype=float32))",SV
1262,"(array([0.00000000e+00, 4.88281250e-01, 9.76562500e-01, ...,
       4.99023438e+02, 4.99511719e+02, 5.00000000e+02], shape=(1025,)), array([2.8828410e-03, 1.4066416e-03, 3.9476287e-03, ..., 5.1672520e-17,
       8.5935450e-17, 1.7131595e-17], shape=(1025,), dtype=float32))",SV
1263,"(array([0.00000000e+00, 4.88281250e-01, 9.76562500e-01, ...,
       4.99023438e+02, 4.99511719e+02, 5.00000000e+02], shape=(1025,)), array([2.3147115e-03, 1.1344011e-03, 2.8180075e-03, ..., 8.4440291e-17,
       9.1364997e-17, 5.3660775e-17], shape=(1025,), dtype=float32))",SV
1264,"(array([0.00000000e+00, 4.88281250e-01, 9.76562500e-01, ...,
       4.99023438e+02, 4.99511719e+02, 5.00000000e+02], shape=(1025,)), array([7.1306224e-03, 3.3143361e-03, 3.7495478e-03, ..., 1.2942354e-16,
       5.7145349e-17, 5.6205751e-17], shape=(1025,), dtype=float32))",SV
1265,"(array([0.00000000e+00, 4.88281250e-01, 9.76562500e-01, ...,
       4.99023438e+02, 4.99511719e+02, 5.00000000e+02], shape=(1025,)), array([4.0084175e-03, 2.3883427e-03, 6.8555707e-03, ..., 3.5744195e-17,
       6.1894398e-17, 2.1589566e-17], shape=(1025,), dtype=float32))",SV
1266,"(array([0.00000000e+00, 4.88281250e-01, 9.76562500e-01, ...,
       4.99023438e+02, 4.99511719e+02, 5.00000000e+02], shape=(1025,)), array([6.1721550e-03, 2.7457785e-03, 3.6436596e-03, ..., 1.5797646e-16,
       1.6336493e-16, 2.0453151e-16], shape=(1025,), dtype=float32))",SV
1267,"(array([0.00000000e+00, 4.88281250e-01, 9.76562500e-01, ...,
       4.99023438e+02, 4.99511719e+02, 5.00000000e+02], shape=(1025,)), array([8.7850029e-03, 3.7158369e-03, 2.3835564e-03, ..., 4.4468700e-17,
       1.3026649e-16, 2.7784044e-17], shape=(1025,), dtype=float32))",SV
1268,"(array([0.00000000e+00, 4.88281250e-01, 9.76562500e-01, ...,
       4.99023438e+02, 4.99511719e+02, 5.00000000e+02], shape=(1025,)), array([3.6571561e-03, 1.7346155e-03, 2.2287192e-03, ..., 9.5201428e-17,
       9.3377759e-17, 5.6917438e-17], shape=(1025,), dtype=float32))",SV
1269,"(array([0.00000000e+00, 4.88281250e-01, 9.76562500e-01, ...,
       4.99023438e+02, 4.99511719e+02, 5.00000000e+02], shape=(1025,)), array([3.2302807e-03, 1.1092792e-03, 1.7053864e-03, ..., 7.8586883e-17,
       8.5771933e-17, 3.4627574e-17], shape=(1025,), dtype=float32))",SV
1270,"(array([0.00000000e+00, 4.88281250e-01, 9.76562500e-01, ...,
       4.99023438e+02, 4.99511719e+02, 5.00000000e+02], shape=(1025,)), array([3.3932622e-03, 1.2819159e-03, 1.2774928e-02, ..., 6.9748789e-17,
       5.2866258e-17, 1.1571940e-16], shape=(1025,), dtype=float32))",SV
1271,"(array([0.00000000e+00, 4.88281250e-01, 9.76562500e-01, ...,
       4.99023438e+02, 4.99511719e+02, 5.00000000e+02], shape=(1025,)), array([6.82222610e-03, 2.53230659e-03, 6.00527134e-03, ...,
       1.01126026e-16, 2.26211689e-16, 7.26157111e-17],
      shape=(1025,), dtype=float32))",SV
1272,"(array([0.00000000e+00, 4.88281250e-01, 9.76562500e-01, ...,
       4.99023438e+02, 4.99511719e+02, 5.00000000e+02], shape=(1025,)), array([7.0055281e-03, 3.4572172e-03, 5.3446884e-03, ..., 6.3706135e-17,
       7.4221613e-17, 2.8525615e-17], shape=(1025,), dtype=float32))",SV
1273,"(array([0.00000000e+00, 4.88281250e-01, 9.76562500e-01, ...,
       4.99023438e+02, 4.99511719e+02, 5.00000000e+02], shape=(1025,)), array([4.10789484e-03, 1.63370545e-03, 1.24204822e-03, ...,
       1.06302814e-16, 1.12360694e-16, 2.61557157e-17],
      shape=(1025,), dtype=float32))",SV
1274,"(array([0.00000000e+00, 4.88281250e-01, 9.76562500e-01, ...,
       4.99023438e+02, 4.99511719e+02, 5.00000000e+02], shape=(1025,)), array([2.3597442e-03, 6.1946467e-04, 1.8067993e-03, ..., 6.1143675e-17,
       6.8865334e-17, 1.7495977e-17], shape=(1025,), dtype=float32))",SV
1275,"(array([0.00000000e+00, 4.88281250e-01, 9.76562500e-01, ...,
       4.99023438e+02, 4.99511719e+02, 5.00000000e+02], shape=(1025,)), array([7.0306412e-03, 3.3151309e-03, 6.5913526e-03, ..., 8.5470812e-17,
       7.6144933e-17, 2.8968282e-17], shape=(1025,), dtype=float32))",SV
1276,"(array([0.00000000e+00, 4.88281250e-01, 9.76562500e-01, ...,
       4.99023438e+02, 4.99511719e+02, 5.00000000e+02], shape=(1025,)), array([1.7726324e-02, 6.8569607e-03, 3.2569256e-03, ..., 7.0968867e-17,
       1.1893122e-16, 7.8432988e-17], shape=(1025,), dtype=float32))",SV
1277,"(array([0.00000000e+00, 4.88281250e-01, 9.76562500e-01, ...,
       4.99023438e+02, 4.99511719e+02, 5.00000000e+02], shape=(1025,)), array([2.98602413e-03, 1.15575991e-03, 1.68369908e-03, ...,
       6.69495172e-17, 1.08442134e-16, 2.56945492e-17],
      shape=(1025,), dtype=float32))",SV
1278,"(array([0.00000000e+00, 4.88281250e-01, 9.76562500e-01, ...,
       4.99023438e+02, 4.99511719e+02, 5.00000000e+02], shape=(1025,)), array([5.0915834e-03, 2.0649349e-03, 1.7307664e-03, ..., 9.1300192e-17,
       6.5541987e-17, 2.6218343e-17], shape=(1025,), dtype=float32))",SV
1279,"(array([0.00000000e+00, 4.88281250e-01, 9.76562500e-01, ...,
       4.99023438e+02, 4.99511719e+02, 5.00000000e+02], shape=(1025,)), array([2.9808485e-03, 9.6071645e-04, 1.4173433e-03, ..., 1.5099907e-16,
       8.5269384e-17, 4.5661485e-17], shape=(1025,), dtype=float32))",SV
1280,"(array([0.00000000e+00, 4.88281250e-01, 9.76562500e-01, ...,
       4.99023438e+02, 4.99511719e+02, 5.00000000e+02], shape=(1025,)), array([7.3321187e-03, 3.1589875e-03, 2.3900438e-03, ..., 9.5177426e-17,
       6.4962993e-17, 2.4595711e-17], shape=(1025,), dtype=float32))",SV
1281,"(array([0.00000000e+00, 4.88281250e-01, 9.76562500e-01, ...,
       4.99023438e+02, 4.99511719e+02, 5.00000000e+02], shape=(1025,)), array([3.9523398e-03, 1.6366056e-03, 2.2232872e-03, ..., 5.8648422e-17,
       6.4230058e-17, 6.6818346e-17], shape=(1025,), dtype=float32))",SV
1282,"(array([0.00000000e+00, 4.88281250e-01, 9.76562500e-01, ...,
       4.99023438e+02, 4.99511719e+02, 5.00000000e+02], shape=(1025,)), array([2.5818821e-03, 1.1622843e-03, 1.8022718e-03, ..., 8.6805922e-17,
       9.7843952e-17, 2.8928428e-17], shape=(1025,), dtype=float32))",SV
1283,"(array([0.00000000e+00, 4.88281250e-01, 9.76562500e-01, ...,
       4.99023438e+02, 4.99511719e+02, 5.00000000e+02], shape=(1025,)), array([2.0989331e-03, 1.0970406e-03, 2.2753337e-03, ..., 5.3610962e-17,
       6.8202411e-17, 1.6471155e-17], shape=(1025,), dtype=float32))",SV
1284,"(array([0.00000000e+00, 4.88281250e-01, 9.76562500e-01, ...,
       4.99023438e+02, 4.99511719e+02, 5.00000000e+02], shape=(1025,)), array([3.8191378e-02, 1.5063185e-02, 8.1560407e-03, ..., 2.8168367e-16,
       1.5397154e-16, 2.6848041e-16], shape=(1025,), dtype=float32))",SV
1285,"(array([0.00000000e+00, 4.88281250e-01, 9.76562500e-01, ...,
       4.99023438e+02, 4.99511719e+02, 5.00000000e+02], shape=(1025,)), array([4.8264563e-03, 2.0006844e-03, 1.7510862e-03, ..., 5.1970163e-17,
       7.4408106e-17, 2.4436293e-17], shape=(1025,), dtype=float32))",SV
1286,"(array([0.00000000e+00, 4.88281250e-01, 9.76562500e-01, ...,
       4.99023438e+02, 4.99511719e+02, 5.00000000e+02], shape=(1025,)), array([2.9863254e-03, 1.5755256e-03, 1.6417216e-03, ..., 7.5510115e-17,
       4.0314732e-17, 2.4652646e-17], shape=(1025,), dtype=float32))",SV
1287,"(array([0.00000000e+00, 4.88281250e-01, 9.76562500e-01, ...,
       4.99023438e+02, 4.99511719e+02, 5.00000000e+02], shape=(1025,)), array([7.9142237e-03, 3.4338897e-03, 1.6432344e-03, ..., 6.4689713e-17,
       5.1373888e-17, 1.8839629e-17], shape=(1025,), dtype=float32))",SV
1288,"(array([0.00000000e+00, 4.88281250e-01, 9.76562500e-01, ...,
       4.99023438e+02, 4.99511719e+02, 5.00000000e+02], shape=(1025,)), array([4.3159095e-03, 1.6431025e-03, 1.5920340e-03, ..., 1.1163292e-16,
       5.6496277e-17, 5.5465600e-17], shape=(1025,), dtype=float32))",SV
1289,"(array([0.00000000e+00, 4.88281250e-01, 9.76562500e-01, ...,
       4.99023438e+02, 4.99511719e+02, 5.00000000e+02], shape=(1025,)), array([4.1607590e-03, 1.4798518e-03, 2.0299708e-03, ..., 9.7941639e-17,
       1.3882638e-16, 6.4950890e-17], shape=(1025,), dtype=float32))",SV
1290,"(array([0.00000000e+00, 4.88281250e-01, 9.76562500e-01, ...,
       4.99023438e+02, 4.99511719e+02, 5.00000000e+02], shape=(1025,)), array([1.9230084e-03, 7.0092885e-04, 2.7637566e-03, ..., 1.2847344e-16,
       1.6569749e-16, 5.2840920e-17], shape=(1025,), dtype=float32))",SV
1291,"(array([0.00000000e+00, 4.88281250e-01, 9.76562500e-01, ...,
       4.99023438e+02, 4.99511719e+02, 5.00000000e+02], shape=(1025,)), array([2.6936147e-03, 1.0963475e-03, 2.3393657e-03, ..., 7.6246696e-17,
       1.0424247e-16, 4.3771255e-17], shape=(1025,), dtype=float32))",SV
1292,"(array([0.00000000e+00, 4.88281250e-01, 9.76562500e-01, ...,
       4.99023438e+02, 4.99511719e+02, 5.00000000e+02], shape=(1025,)), array([3.3582011e-03, 1.3349734e-03, 2.4254953e-03, ..., 8.6201696e-17,
       1.3741258e-16, 5.3973915e-17], shape=(1025,), dtype=float32))",SV
1293,"(array([0.00000000e+00, 4.88281250e-01, 9.76562500e-01, ...,
       4.99023438e+02, 4.99511719e+02, 5.00000000e+02], shape=(1025,)), array([5.5942261e-03, 2.0310369e-03, 2.1042011e-03, ..., 1.4502382e-16,
       9.2684390e-17, 5.3273628e-17], shape=(1025,), dtype=float32))",SV
1294,"(array([0.00000000e+00, 4.88281250e-01, 9.76562500e-01, ...,
       4.99023438e+02, 4.99511719e+02, 5.00000000e+02], shape=(1025,)), array([7.9405522e-03, 3.0799385e-03, 1.9074189e-03, ..., 1.5452668e-16,
       1.3709265e-16, 5.0946431e-17], shape=(1025,), dtype=float32))",SV
1295,"(array([0.00000000e+00, 4.88281250e-01, 9.76562500e-01, ...,
       4.99023438e+02, 4.99511719e+02, 5.00000000e+02], shape=(1025,)), array([2.0501576e-03, 9.1779442e-04, 1.8757936e-03, ..., 8.3774159e-17,
       1.4371984e-16, 2.6964185e-17], shape=(1025,), dtype=float32))",SV
